hoy,battery_soc_r2_gwh_target,battery_soc_r5_gwh_target,battery_soc_r6_gwh_target,h2_inventory_gwh_target,climatology_eue_gwh
0,45.96349030470913,58.61324099722991,35.72132963988911,495.0389263157892,0.0
1,45.96349030470913,58.61324099722991,35.72132963988911,490.0389263157892,0.0
2,45.96349030470913,58.61324099722991,35.72132963988911,487.38214736842076,0.0
3,45.96349030470913,58.61324099722991,35.72132963988911,503.7681178947366,0.0
4,45.96349030470913,58.61324099722991,35.72132963988911,500.71427789473654,0.0
5,45.96349030470913,58.61324099722991,35.72132963988911,495.71427789473654,0.0
6,45.96349030470913,58.61324099722991,35.72132963988911,490.71427789473654,0.0
7,45.96349030470913,58.61324099722991,35.72132963988911,485.71427789473654,0.0
8,45.96349030470913,58.61324099722991,35.72132963988911,490.1466947368418,0.0
9,45.96349030470913,58.61324099722991,35.72132963988911,485.1466947368418,0.0
10,45.96349030470913,58.61324099722991,35.72132963988911,480.1466947368418,0.0
11,45.96349030470913,58.61324099722991,35.72132963988911,492.2147873684208,0.0
12,45.96349030470913,58.61324099722991,35.72132963988911,487.2147873684208,0.0
13,45.96349030470913,58.61324099722991,35.72132963988911,482.2147873684208,0.0
14,45.96349030470913,58.61324099722991,35.72132963988911,494.94728842105235,0.0
15,45.96349030470913,58.61324099722991,35.72132963988911,489.94728842105235,0.0
16,45.96349030470913,58.61324099722991,35.72132963988911,484.94728842105235,0.0
17,45.96349030470913,58.61324099722991,35.72132963988911,479.94728842105235,0.0
18,45.96349030470913,58.04831024930747,35.72132963988911,474.94728842105235,0.0
19,45.96349030470913,58.04831024930747,35.72132963988911,469.94728842105235,0.0
20,45.96349030470913,58.04831024930747,35.72132963988911,464.94728842105235,0.0
21,45.96349030470913,58.04831024930747,35.72132963988911,462.99573052631547,0.0
22,45.96349030470913,58.04831024930747,35.72132963988911,457.99573052631547,0.0
23,45.96349030470913,58.04831024930747,35.72132963988911,463.80990315789444,0.0
24,45.96349030470913,58.04831024930747,35.72132963988911,459.70929684210495,0.0
25,45.96349030470913,58.04831024930747,35.72132963988911,476.30929684210497,0.0
26,45.96349030470913,58.04831024930747,35.72132963988911,478.6384799999997,0.0
27,45.96349030470913,58.04831024930747,35.72132963988911,481.73571368421017,0.0
28,45.96349030470913,58.04831024930747,35.72132963988911,482.79826526315753,0.0
29,45.96349030470913,58.04831024930747,35.72132963988911,477.79826526315753,0.0
30,45.96349030470913,58.04831024930747,35.72132963988911,479.58858526315754,0.0
31,45.96349030470913,58.04831024930747,35.72132963988911,474.58858526315754,0.0
32,45.96349030470913,58.04831024930747,35.72132963988911,469.58858526315754,0.0
33,45.96349030470913,58.04831024930747,35.72132963988911,464.58858526315754,0.0
34,45.96349030470913,58.04831024930747,35.72132963988911,475.481031578947,0.0
35,45.96349030470913,58.04831024930747,35.72132963988911,470.481031578947,0.0
36,45.96349030470913,58.04831024930747,35.72132963988911,465.481031578947,0.0
37,45.96349030470913,58.04831024930747,35.72132963988911,460.481031578947,0.0
38,45.96349030470913,58.04831024930747,35.72132963988911,455.481031578947,0.0
39,45.96349030470913,58.04831024930747,35.72132963988911,463.7210357894733,0.0
40,45.96349030470913,58.04831024930747,35.72132963988911,458.7210357894733,0.0
41,45.96349030470913,58.04831024930747,35.72132963988911,453.7210357894733,0.0
42,45.96349030470913,58.04831024930747,35.72132963988911,448.7210357894733,0.0
43,45.96349030470913,58.04831024930747,35.72132963988911,450.1467326315786,0.0
44,45.96349030470913,58.04831024930747,35.72132963988911,454.4883157894733,0.0
45,45.96349030470913,58.04831024930747,35.72132963988911,465.71419789473646,0.0
46,45.96349030470913,58.04831024930747,35.72132963988911,460.71419789473646,0.0
47,45.96349030470913,58.04831024930747,35.72132963988911,455.71419789473646,0.0
48,45.96349030470913,58.04831024930747,35.72132963988911,464.6233852631575,0.0
49,45.96349030470913,58.04831024930747,35.72132963988911,462.027578947368,0.0
50,45.96349030470913,58.04831024930747,35.72132963988911,477.1571494736838,0.0
51,45.96349030470913,58.04831024930747,35.72132963988911,493.3985515789469,0.0
52,45.96349030470913,58.04831024930747,35.72132963988911,507.8524968421048,0.0
53,45.96349030470913,58.04831024930747,35.72132963988911,502.8524968421048,0.0
54,45.96349030470913,58.04831024930747,35.72132963988911,504.2837642105259,0.0
55,45.96349030470913,58.04831024930747,35.72132963988911,499.2837642105259,0.0
56,45.96349030470913,58.04831024930747,35.72132963988911,494.2837642105259,0.0
57,45.96349030470913,58.04831024930747,35.72132963988911,489.2837642105259,0.0
58,45.96349030470913,58.04831024930747,35.72132963988911,484.2837642105259,0.0
59,45.96349030470913,58.04831024930747,35.72132963988911,482.68701473684166,0.0
60,45.96349030470913,58.04831024930747,35.72132963988911,477.68701473684166,0.0
61,45.96349030470913,58.04831024930747,35.72132963988911,479.09637894736795,0.0
62,45.96349030470913,58.04831024930747,35.72132963988911,481.76384842105216,0.0
63,45.96349030470913,58.04831024930747,35.72132963988911,479.95557052631534,0.0
64,45.96349030470913,58.04831024930747,35.72132963988911,474.95557052631534,0.0
65,45.96349030470913,58.04831024930747,35.72132963988911,469.95557052631534,0.0
66,45.96349030470913,58.04831024930747,35.72132963988911,464.95557052631534,0.0
67,45.96349030470913,58.04831024930747,35.72132963988911,459.95557052631534,0.0
68,45.96349030470913,58.04831024930747,35.72132963988911,455.86508210526273,0.0
69,45.96349030470913,58.04831024930747,35.72132963988911,459.25077052631536,0.0
70,45.96349030470913,58.04831024930747,35.72132963988911,454.25077052631536,0.0
71,45.96349030470913,58.04831024930747,35.72132963988911,451.16900210526273,0.0
72,45.96349030470913,58.04831024930747,35.72132963988911,451.82270736842065,0.0
73,45.96349030470913,58.04831024930747,35.72132963988911,455.35713263157857,0.0
74,45.96349030470913,58.04831024930747,35.72132963988911,461.9640252631575,0.0
75,45.96349030470913,58.04831024930747,35.72132963988911,478.56402526315753,0.0
76,45.96349030470913,58.04831024930747,35.72132963988911,495.16402526315755,0.0
77,45.96349030470913,58.04831024930747,35.72132963988911,507.73471578947334,0.0
78,45.96349030470913,58.04831024930747,35.72132963988911,509.9166399999997,0.0
79,45.96349030470913,58.04831024930747,35.72132963988911,504.9166399999997,0.0
80,45.96349030470913,58.04831024930747,35.72132963988911,499.9166399999997,0.0
81,45.96349030470913,58.04831024930747,35.72132963988911,494.9166399999997,0.0
82,45.96349030470913,58.04831024930747,35.72132963988911,496.8509978947365,0.0
83,45.96349030470913,58.04831024930747,35.72132963988911,491.8509978947365,0.0
84,45.96349030470913,58.04831024930747,35.72132963988911,508.45099789473653,0.0
85,45.96349030470913,58.04831024930747,35.72132963988911,503.45099789473653,0.0
86,45.96349030470913,58.04831024930747,35.72132963988911,505.0450989473681,0.0
87,45.96349030470913,58.04831024930747,35.72132963988911,500.8958357894734,0.0
88,45.96349030470913,58.04831024930747,35.72132963988911,495.8958357894734,0.0
89,45.96349030470913,58.04831024930747,35.72132963988911,494.1639157894734,0.0
90,45.96349030470913,58.04831024930747,35.72132963988911,489.1639157894734,0.0
91,45.96349030470913,58.04831024930747,35.72132963988911,494.9506147368418,0.0
92,45.96349030470913,58.04831024930747,35.72132963988911,489.9506147368418,0.0
93,45.96349030470913,58.04831024930747,35.72132963988911,488.1376757894734,0.0
94,45.96349030470913,58.04831024930747,35.72132963988911,504.7376757894734,0.0
95,45.96349030470913,58.04831024930747,35.72132963988911,514.1376757894734,0.0
96,45.96349030470913,58.04831024930747,35.72132963988911,530.7376757894734,0.0
97,45.96349030470913,58.04831024930747,35.72132963988911,532.7003410526313,0.0
98,45.96349030470913,58.04831024930747,35.72132963988911,537.3276505263156,0.0
99,45.96349030470913,58.04831024930747,35.72132963988911,553.9276505263156,0.0
100,45.96349030470913,58.04831024930747,35.72132963988911,570.5276505263156,0.0
101,45.96349030470913,58.04831024930747,35.72132963988911,587.1276505263156,0.0
102,45.96349030470913,58.04831024930747,35.72132963988911,589.5605515789472,0.0
103,45.96349030470913,58.04831024930747,35.72132963988911,584.5605515789472,0.0
104,45.96349030470913,58.04831024930747,35.72132963988911,579.5605515789472,0.0
105,45.96349030470913,58.04831024930747,35.72132963988911,574.5605515789472,0.0
106,45.96349030470913,58.04831024930747,35.72132963988911,571.6848926315788,0.0
107,45.96349030470913,58.04831024930747,35.72132963988911,566.6848926315788,0.0
108,45.96349030470913,58.04831024930747,35.72132963988911,561.6848926315788,0.0
109,45.96349030470913,58.04831024930747,35.72132963988911,562.6655915789472,0.0
110,45.96349030470913,58.04831024930747,35.72132963988911,557.6655915789472,0.0
111,45.96349030470913,58.04831024930747,35.72132963988911,552.6655915789472,0.0
112,45.96349030470913,58.04831024930747,35.72132963988911,557.5928757894735,0.0
113,45.96349030470913,58.04831024930747,35.72132963988911,570.9937263157893,0.0
114,45.96349030470913,58.04831024930747,35.72132963988911,565.9937263157893,0.0
115,45.96349030470913,58.04831024930747,35.72132963988911,560.9937263157893,0.0
116,45.96349030470913,58.04831024930747,35.72132963988911,560.5390863157893,0.0
117,45.96349030470913,58.04831024930747,35.72132963988911,563.679482105263,0.0
118,45.96349030470913,58.04831024930747,35.72132963988911,558.679482105263,0.0
119,45.96349030470913,58.04831024930747,35.72132963988911,572.1561599999999,0.0
120,45.96349030470913,58.04831024930747,35.72132963988911,570.2904715789473,0.0
121,45.96349030470913,58.04831024930747,35.72132963988911,570.9162484210525,0.0
122,45.96349030470913,58.04831024930747,35.72132963988911,574.164454736842,0.0
123,45.96349030470913,58.04831024930747,35.72132963988911,590.764454736842,0.0
124,45.96349030470913,58.04831024930747,35.72132963988911,592.6393557894736,0.0
125,45.96349030470913,58.04831024930747,35.72132963988911,587.6393557894736,0.0
126,45.96349030470913,58.04831024930747,35.72132963988911,586.1193052631578,0.0
127,45.96349030470913,58.04831024930747,35.72132963988911,581.1193052631578,0.0
128,45.96349030470913,58.04831024930747,35.72132963988911,576.1193052631578,0.0
129,45.96349030470913,58.04831024930747,35.72132963988911,571.1193052631578,0.0
130,45.96349030470913,58.04831024930747,35.72132963988911,568.5617726315788,0.0
131,45.96349030470913,58.04831024930747,35.72132963988911,563.5617726315788,0.0
132,45.96349030470913,58.04831024930747,35.72132963988911,565.5933305263156,0.0
133,45.96349030470913,58.04831024930747,35.72132963988911,564.6770568421051,0.0
134,45.96349030470913,58.04831024930747,35.72132963988911,561.764602105263,0.0
135,45.96349030470913,58.04831024930747,35.72132963988911,556.764602105263,0.0
136,45.96349030470913,58.04831024930747,35.72132963988911,557.1402357894734,0.0
137,45.96349030470913,58.04831024930747,35.72132963988911,552.1402357894734,0.0
138,45.96349030470913,58.04831024930747,35.72132963988911,547.1402357894734,0.0
139,45.96349030470913,58.04831024930747,35.72132963988911,542.1402357894734,0.0
140,36.66781163434901,58.04831024930747,35.72132963988911,537.1402357894734,0.0
141,36.66781163434901,58.04831024930747,35.72132963988911,532.1402357894734,0.0
142,36.66781163434901,58.04831024930747,35.72132963988911,546.4096715789472,0.0
143,36.66781163434901,58.04831024930747,35.72132963988911,549.3430863157893,0.0
144,36.66781163434901,58.04831024930747,35.72132963988911,565.9430863157893,0.0
145,36.66781163434901,58.04831024930747,35.72132963988911,573.8336631578945,0.0
146,36.66781163434901,58.04831024930747,35.72132963988911,590.4336631578946,0.0
147,36.66781163434901,58.04831024930747,35.72132963988911,588.3971831578946,0.0
148,36.66781163434901,58.04831024930747,35.72132963988911,598.917162105263,0.0
149,36.66781163434901,58.04831024930747,35.72132963988911,593.917162105263,0.0
150,36.66781163434901,58.04831024930747,35.72132963988911,588.917162105263,0.0
151,36.66781163434901,58.04831024930747,35.72132963988911,583.917162105263,0.0
152,36.66781163434901,58.04831024930747,35.72132963988911,582.615309473684,0.0
153,36.66781163434901,58.04831024930747,35.72132963988911,577.615309473684,0.0
154,36.66781163434901,58.04831024930747,35.72132963988911,572.615309473684,0.0
155,36.66781163434901,58.04831024930747,35.72132963988911,584.122256842105,0.0
156,36.66781163434901,58.04831024930747,35.72132963988911,579.122256842105,0.0
157,36.66781163434901,58.04831024930747,35.72132963988911,574.122256842105,0.0
158,36.66781163434901,58.04831024930747,35.72132963988911,569.122256842105,0.0
159,36.66781163434901,58.04831024930747,35.72132963988911,564.122256842105,0.0
160,36.66781163434901,58.04831024930747,35.72132963988911,559.122256842105,0.0
161,27.2883656509695,58.04831024930747,35.72132963988911,554.122256842105,0.0
162,27.2883656509695,44.828587257617734,35.72132963988911,549.122256842105,0.0
163,27.2883656509695,44.828587257617734,35.72132963988911,544.122256842105,0.0
164,27.2883656509695,44.828587257617734,35.72132963988911,546.4152126315787,0.0
165,27.2883656509695,44.828587257617734,35.72132963988911,541.4152126315787,0.0
166,27.2883656509695,44.828587257617734,35.72132963988911,536.4152126315787,0.0
167,27.2883656509695,44.828587257617734,35.72132963988911,531.4152126315787,0.0
168,27.2883656509695,44.828587257617734,35.72132963988911,534.3897810526313,0.0
169,27.2883656509695,44.828587257617734,35.72132963988911,550.9897810526313,0.0
170,27.2883656509695,44.828587257617734,35.72132963988911,564.1224505263156,0.0
171,27.2883656509695,44.828587257617734,35.72132963988911,574.7081010526314,0.0
172,27.2883656509695,44.828587257617734,35.72132963988911,569.7081010526314,0.0
173,27.2883656509695,44.828587257617734,35.72132963988911,564.7081010526314,0.0
174,27.2883656509695,44.828587257617734,35.72132963988911,574.8969557894735,0.0
175,27.2883656509695,44.828587257617734,35.72132963988911,569.8969557894735,0.0
176,27.2883656509695,44.828587257617734,35.72132963988911,564.8969557894735,0.0
177,27.2883656509695,44.828587257617734,35.72132963988911,559.8969557894735,0.0
178,27.2883656509695,44.828587257617734,35.72132963988911,554.8969557894735,0.0
179,27.2883656509695,44.828587257617734,35.72132963988911,567.6698526315788,0.0
180,27.2883656509695,44.828587257617734,35.72132963988911,562.6698526315788,0.0
181,27.2883656509695,44.828587257617734,35.72132963988911,564.4998863157894,0.0
182,27.2883656509695,44.828587257617734,35.72132963988911,559.4998863157894,0.0
183,27.2883656509695,44.828587257617734,35.72132963988911,554.4998863157894,0.0
184,27.2883656509695,44.828587257617734,35.72132963988911,549.4998863157894,0.0
185,27.2883656509695,44.828587257617734,26.42664819944591,544.4998863157894,0.0
186,25.091301939058145,44.828587257617734,26.42664819944591,539.4998863157894,0.0
187,25.091301939058145,44.828587257617734,26.42664819944591,534.4998863157894,0.0
188,25.091301939058145,44.828587257617734,26.42664819944591,529.4998863157894,0.0
189,25.091301939058145,44.828587257617734,26.42664819944591,541.0972126315788,0.0
190,25.091301939058145,44.828587257617734,26.42664819944591,542.9075410526315,0.0
191,25.091301939058145,44.828587257617734,26.42664819944591,547.8183031578947,0.0
192,25.091301939058145,44.828587257617734,26.42664819944591,558.7712673684209,0.0
193,25.091301939058145,44.828587257617734,26.42664819944591,572.8834778947368,0.0
194,25.091301939058145,44.828587257617734,26.42664819944591,589.4834778947368,0.0
195,25.091301939058145,44.828587257617734,26.42664819944591,593.516787368421,0.0
196,25.091301939058145,44.828587257617734,26.42664819944591,595.4596336842104,0.0
197,25.091301939058145,44.828587257617734,26.42664819944591,604.827574736842,0.0
198,25.091301939058145,44.828587257617734,26.42664819944591,607.8192715789473,0.0
199,25.091301939058145,44.828587257617734,26.42664819944591,602.8192715789473,0.0
200,25.091301939058145,44.828587257617734,26.42664819944591,597.8192715789473,0.0
201,25.091301939058145,44.828587257617734,26.42664819944591,592.8192715789473,0.0
202,25.091301939058145,44.828587257617734,26.42664819944591,606.4978147368421,0.0
203,25.091301939058145,44.828587257617734,26.42664819944591,601.4978147368421,0.0
204,25.091301939058145,44.828587257617734,26.42664819944591,596.4978147368421,0.0
205,25.091301939058145,44.828587257617734,26.42664819944591,597.1246905263158,0.0
206,25.091301939058145,44.828587257617734,26.42664819944591,594.91272,0.0
207,25.091301939058145,44.828587257617734,26.42664819944591,590.4942905263158,0.0
208,25.091301939058145,44.828587257617734,26.42664819944591,590.9732252631579,0.0
209,25.091301939058145,44.828587257617734,26.42664819944591,585.9732252631579,0.0
210,25.091301939058145,42.87551246537397,26.42664819944591,580.9732252631579,0.0
211,25.091301939058145,42.87551246537397,26.42664819944591,575.9732252631579,0.0
212,25.091301939058145,42.87551246537397,26.42664819944591,570.9732252631579,0.0
213,25.091301939058145,42.87551246537397,26.42664819944591,565.9732252631579,0.0
214,25.091301939058145,42.87551246537397,26.42664819944591,561.0940336842106,0.0
215,25.091301939058145,42.87551246537397,26.42664819944591,562.6608884210526,0.0
216,25.091301939058145,42.87551246537397,26.42664819944591,557.6608884210526,0.0
217,25.091301939058145,42.87551246537397,26.42664819944591,570.0879957894737,0.0
218,25.091301939058145,42.87551246537397,26.42664819944591,582.1219452631578,0.0
219,25.091301939058145,42.87551246537397,26.42664819944591,580.8562442105263,0.0
220,25.091301939058145,42.87551246537397,26.42664819944591,592.2805431578946,0.0
221,25.091301939058145,42.87551246537397,26.42664819944591,587.2805431578946,0.0
222,25.091301939058145,42.87551246537397,26.42664819944591,582.2805431578946,0.0
223,25.091301939058145,42.87551246537397,26.42664819944591,577.2805431578946,0.0
224,25.091301939058145,42.87551246537397,26.42664819944591,572.2805431578946,0.0
225,25.091301939058145,42.87551246537397,26.42664819944591,567.2805431578946,0.0
226,25.091301939058145,42.87551246537397,26.42664819944591,562.2805431578946,0.0
227,25.091301939058145,42.87551246537397,26.42664819944591,557.7701810526314,0.0
228,25.091301939058145,42.87551246537397,26.42664819944591,552.7701810526314,0.0
229,25.091301939058145,42.87551246537397,26.42664819944591,552.3128884210524,0.0
230,25.091301939058145,42.87551246537397,26.42664819944591,549.8542231578945,0.0
231,25.091301939058145,42.87551246537397,26.42664819944591,544.8542231578945,0.0
232,25.091301939058145,42.87551246537397,26.42664819944591,539.8542231578945,0.0
233,25.091301939058145,42.87551246537397,26.42664819944591,534.8542231578945,0.0
234,25.091301939058145,42.87551246537397,26.42664819944591,529.8542231578945,0.0
235,25.091301939058145,42.87551246537397,26.42664819944591,524.8542231578945,0.0
236,25.091301939058145,42.87551246537397,26.42664819944591,534.4441136842103,0.0
237,25.091301939058145,42.87551246537397,26.42664819944591,544.082736842105,0.0
238,25.091301939058145,42.87551246537397,26.42664819944591,539.082736842105,0.0
239,25.091301939058145,42.87551246537397,26.42664819944591,544.7890610526313,0.0
240,25.091301939058145,42.87551246537397,26.42664819944591,539.7890610526313,0.0
241,25.091301939058145,42.87551246537397,26.42664819944591,556.3890610526313,0.0
242,25.091301939058145,42.87551246537397,26.42664819944591,572.9890610526313,0.0
243,25.091301939058145,42.87551246537397,26.42664819944591,587.5387663157892,0.0
244,25.091301939058145,42.87551246537397,26.42664819944591,585.5658357894733,0.0
245,25.091301939058145,42.87551246537397,26.42664819944591,602.1658357894734,0.0
246,25.091301939058145,42.87551246537397,26.42664819944591,597.9006905263154,0.0
247,25.091301939058145,42.87551246537397,26.42664819944591,592.9006905263154,0.0
248,25.091301939058145,42.87551246537397,26.42664819944591,587.9006905263154,0.0
249,25.091301939058145,42.87551246537397,26.42664819944591,582.9006905263154,0.0
250,25.091301939058145,42.87551246537397,26.42664819944591,577.9006905263154,0.0
251,25.091301939058145,42.87551246537397,26.42664819944591,572.9006905263154,0.0
252,25.091301939058145,42.87551246537397,26.42664819944591,571.6482147368417,0.0
253,25.091301939058145,42.87551246537397,26.42664819944591,570.7228084210523,0.0
254,25.091301939058145,42.87551246537397,26.42664819944591,570.7748589473681,0.0
255,25.091301939058145,42.87551246537397,26.42664819944591,565.7748589473681,0.0
256,25.091301939058145,42.87551246537397,26.42664819944591,560.7748589473681,0.0
257,25.091301939058145,42.87551246537397,26.42664819944591,555.7748589473681,0.0
258,25.091301939058145,42.87551246537397,26.42664819944591,550.7748589473681,0.0
259,25.091301939058145,42.87551246537397,26.42664819944591,545.7748589473681,0.0
260,25.091301939058145,42.87551246537397,26.42664819944591,540.7748589473681,0.0
261,25.091301939058145,42.87551246537397,26.42664819944591,535.7748589473681,0.0
262,25.091301939058145,42.87551246537397,26.42664819944591,534.657364210526,0.0
263,25.091301939058145,42.87551246537397,26.42664819944591,529.657364210526,0.0
264,25.091301939058145,42.87551246537397,26.42664819944591,524.657364210526,0.0
265,25.091301939058145,42.87551246537397,26.42664819944591,521.0604926315787,0.0
266,25.091301939058145,42.87551246537397,26.42664819944591,520.6252926315786,0.0
267,25.091301939058145,42.87551246537397,26.42664819944591,521.3911284210524,0.0
268,25.091301939058145,42.87551246537397,26.42664819944591,537.9911284210524,0.0
269,25.091301939058145,42.87551246537397,26.42664819944591,548.7809178947366,0.0
270,25.091301939058145,42.87551246537397,26.42664819944591,543.7809178947366,0.0
271,25.091301939058145,42.87551246537397,26.42664819944591,538.7809178947366,0.0
272,25.091301939058145,42.87551246537397,26.42664819944591,533.7809178947366,0.0
273,25.091301939058145,42.87551246537397,26.42664819944591,529.2144336842102,0.0
274,25.091301939058145,42.87551246537397,26.42664819944591,524.2144336842102,0.0
275,25.091301939058145,42.87551246537397,26.42664819944591,519.2144336842102,0.0
276,25.091301939058145,42.87551246537397,26.42664819944591,514.2144336842102,0.0
277,25.091301939058145,42.87551246537397,26.42664819944591,518.0142357894733,0.0
278,25.091301939058145,42.87551246537397,26.42664819944591,513.0142357894733,0.0
279,25.091301939058145,42.87551246537397,26.42664819944591,508.0142357894734,0.0
280,25.091301939058145,42.87551246537397,26.42664819944591,503.0142357894734,0.0
281,25.091301939058145,42.87551246537397,26.42664819944591,498.26775157894707,0.0
282,21.452243767313004,42.87551246537397,26.42664819944591,493.26775157894707,0.0
283,21.452243767313004,42.87551246537397,26.42664819944591,488.26775157894707,0.0
284,21.452243767313004,42.87551246537397,26.42664819944591,483.26775157894707,0.0
285,21.452243767313004,42.87551246537397,26.42664819944591,478.26775157894707,0.0
286,21.452243767313004,42.87551246537397,26.42664819944591,473.26775157894707,0.0
287,21.452243767313004,42.87551246537397,26.42664819944591,480.6379957894734,0.0
288,21.452243767313004,42.87551246537397,26.42664819944591,497.2379957894734,0.0
289,21.452243767313004,42.87551246537397,26.42664819944591,509.94760842105234,0.0
290,21.452243767313004,42.87551246537397,26.42664819944591,526.5476084210524,0.0
291,21.452243767313004,42.87551246537397,26.42664819944591,524.698176842105,0.0
292,21.452243767313004,42.87551246537397,26.42664819944591,520.705949473684,0.0
293,21.452243767313004,42.87551246537397,26.42664819944591,524.0952378947366,0.0
294,21.452243767313004,42.87551246537397,26.42664819944591,519.0952378947366,0.0
295,21.452243767313004,42.87551246537397,26.42664819944591,514.0952378947366,0.0
296,21.452243767313004,42.87551246537397,26.42664819944591,517.4702778947366,0.0
297,21.452243767313004,42.87551246537397,26.42664819944591,512.4702778947366,0.0
298,21.452243767313004,42.87551246537397,26.42664819944591,507.47027789473657,0.0
299,21.452243767313004,42.87551246537397,26.42664819944591,502.47027789473657,0.0
300,21.452243767313004,42.87551246537397,26.42664819944591,517.8349473684208,0.0
301,21.452243767313004,42.87551246537397,26.42664819944591,518.3294947368419,0.0
302,21.452243767313004,42.87551246537397,26.42664819944591,513.3294947368419,0.0
303,21.452243767313004,42.87551246537397,26.42664819944591,519.8094778947366,0.0
304,21.452243767313004,42.87551246537397,26.42664819944591,514.8094778947366,0.0
305,21.452243767313004,42.87551246537397,26.42664819944591,509.8094778947366,0.0
306,21.452243767313004,42.87551246537397,26.42664819944591,504.8094778947366,0.0
307,21.452243767313004,42.87551246537397,26.42664819944591,499.8094778947366,0.0
308,21.452243767313004,42.87551246537397,26.42664819944591,494.8094778947366,0.0
309,21.452243767313004,42.87551246537397,26.42664819944591,489.8094778947366,0.0
310,21.452243767313004,42.87551246537397,26.42664819944591,491.89128421052607,0.0
311,21.452243767313004,42.87551246537397,26.42664819944591,497.2002821052629,0.0
312,21.452243767313004,42.87551246537397,26.42664819944591,513.8002821052629,0.0
313,21.452243767313004,42.87551246537397,26.42664819944591,525.8919452631576,0.0
314,21.452243767313004,42.87551246537397,26.42664819944591,527.2400715789471,0.0
315,21.452243767313004,42.87551246537397,26.42664819944591,543.8400715789471,0.0
316,21.452243767313004,42.87551246537397,26.42664819944591,558.5126315789471,0.0
317,21.452243767313004,42.87551246537397,26.42664819944591,553.5126315789471,0.0
318,21.452243767313004,42.87551246537397,26.42664819944591,555.1363663157892,0.0
319,21.452243767313004,42.87551246537397,26.42664819944591,550.2782063157892,0.0
320,21.452243767313004,42.87551246537397,26.42664819944591,559.114029473684,0.0
321,21.452243767313004,42.87551246537397,26.42664819944591,554.114029473684,0.0
322,21.452243767313004,42.87551246537397,26.42664819944591,549.114029473684,0.0
323,21.452243767313004,42.87551246537397,26.42664819944591,548.6072842105261,0.0
324,21.452243767313004,42.87551246537397,26.42664819944591,543.6072842105261,0.0
325,21.452243767313004,42.87551246537397,26.42664819944591,538.6072842105261,0.0
326,21.452243767313004,42.87551246537397,26.42664819944591,555.2072842105262,0.0
327,21.452243767313004,42.87551246537397,26.42664819944591,553.3718357894735,0.0
328,21.452243767313004,42.87551246537397,26.42664819944591,548.3718357894735,0.0
329,21.452243767313004,42.87551246537397,26.42664819944591,543.3718357894735,0.0
330,21.452243767313004,42.87551246537397,26.42664819944591,538.3718357894735,0.0
331,21.452243767313004,42.87551246537397,26.42664819944591,533.3718357894735,0.0
332,21.452243767313004,42.87551246537397,26.42664819944591,528.3718357894735,0.0
333,21.452243767313004,42.87551246537397,26.42664819944591,523.3718357894735,0.0
334,21.452243767313004,42.87551246537397,26.42664819944591,523.350029473684,0.0
335,21.452243767313004,42.87551246537397,26.42664819944591,533.0030526315787,0.0
336,21.452243767313004,42.87551246537397,26.42664819944591,543.2250273684208,0.0
337,21.452243767313004,42.87551246537397,26.42664819944591,559.7886105263156,0.0
338,21.452243767313004,42.87551246537397,26.42664819944591,561.3464463157892,0.0
339,21.452243767313004,42.87551246537397,26.42664819944591,563.578391578947,0.0
340,21.452243767313004,42.87551246537397,26.42664819944591,578.0943705263155,0.0
341,21.452243767313004,42.87551246537397,26.42664819944591,573.0943705263155,0.0
342,21.452243767313004,42.87551246537397,26.42664819944591,568.0943705263155,0.0
343,21.452243767313004,42.87551246537397,26.42664819944591,563.0943705263155,0.0
344,21.452243767313004,42.87551246537397,26.42664819944591,567.6695747368418,0.0
345,21.452243767313004,42.87551246537397,26.42664819944591,562.6695747368418,0.0
346,21.452243767313004,42.87551246537397,26.42664819944591,558.6718905263155,0.0
347,21.452243767313004,42.87551246537397,26.42664819944591,557.7903284210523,0.0
348,21.452243767313004,42.87551246537397,26.42664819944591,563.0293347368419,0.0
349,21.452243767313004,42.87551246537397,26.42664819944591,558.0293347368419,0.0
350,21.452243767313004,42.87551246537397,26.42664819944591,557.4977305263155,0.0
351,21.452243767313004,42.87551246537397,26.42664819944591,569.1764547368418,0.0
352,21.452243767313004,42.87551246537397,26.42664819944591,564.1764547368418,0.0
353,21.452243767313004,42.87551246537397,26.42664819944591,559.1764547368418,0.0
354,21.452243767313004,42.87551246537397,26.42664819944591,554.1764547368418,0.0
355,21.452243767313004,42.87551246537397,26.42664819944591,549.1764547368418,0.0
356,21.452243767313004,42.87551246537397,26.42664819944591,544.1764547368418,0.0
357,21.452243767313004,42.87551246537397,26.42664819944591,539.1764547368418,0.0
358,21.452243767313004,42.87551246537397,26.42664819944591,534.1764547368418,0.0
359,21.452243767313004,42.87551246537397,26.42664819944591,529.1764547368418,0.0
360,21.452243767313004,42.87551246537397,26.42664819944591,536.4717431578945,0.0
361,21.452243767313004,42.87551246537397,26.42664819944591,531.8320463157893,0.0
362,21.452243767313004,42.87551246537397,26.42664819944591,544.2809052631577,0.0
363,21.452243767313004,42.87551246537397,26.42664819944591,557.0070399999998,0.0
364,21.452243767313004,42.87551246537397,26.42664819944591,570.7639873684209,0.0
365,21.452243767313004,42.87551246537397,26.42664819944591,573.2054905263157,0.0
366,21.452243767313004,42.87551246537397,26.42664819944591,568.2054905263157,0.0
367,21.452243767313004,42.87551246537397,26.42664819944591,563.2054905263157,0.0
368,21.452243767313004,42.87551246537397,26.42664819944591,558.2054905263157,0.0
369,21.452243767313004,42.87551246537397,26.42664819944591,553.2054905263157,0.0
370,21.452243767313004,42.87551246537397,26.42664819944591,548.2054905263157,0.0
371,21.452243767313004,42.87551246537397,26.42664819944591,560.5856463157893,0.0
372,21.452243767313004,42.87551246537397,26.42664819944591,555.5856463157893,0.0
373,21.452243767313004,42.87551246537397,26.42664819944591,550.5856463157893,0.0
374,21.452243767313004,42.87551246537397,26.42664819944591,545.7071747368419,0.0
375,21.452243767313004,42.87551246537397,26.42664819944591,540.7071747368419,0.0
376,21.452243767313004,42.87551246537397,26.42664819944591,537.8398905263156,0.0
377,21.452243767313004,42.87551246537397,26.42664819944591,532.8398905263156,0.0
378,21.452243767313004,42.87551246537397,26.42664819944591,527.8398905263156,0.0
379,21.452243767313004,42.87551246537397,26.42664819944591,522.8398905263156,0.0
380,21.452243767313004,42.87551246537397,26.42664819944591,517.8398905263156,0.0
381,21.452243767313004,42.87551246537397,26.42664819944591,512.8398905263156,0.0
382,21.452243767313004,42.87551246537397,26.42664819944591,507.83989052631557,0.0
383,21.452243767313004,42.87551246537397,26.42664819944591,508.518189473684,0.0
384,21.452243767313004,42.87551246537397,26.42664819944591,517.1718905263156,0.0
385,21.452243767313004,42.87551246537397,26.42664819944591,512.1718905263156,0.0
386,21.452243767313004,42.87551246537397,26.42664819944591,527.1406736842104,0.0
387,21.452243767313004,42.87551246537397,26.42664819944591,543.7406736842104,0.0
388,21.452243767313004,42.87551246537397,26.42664819944591,560.3406736842104,0.0
389,21.452243767313004,42.87551246537397,26.42664819944591,555.3406736842104,0.0
390,21.452243767313004,42.87551246537397,26.42664819944591,550.3406736842104,0.0
391,21.452243767313004,42.87551246537397,26.42664819944591,545.3406736842104,0.0
392,21.452243767313004,42.87551246537397,26.42664819944591,548.1122399999999,0.0
393,21.452243767313004,42.87551246537397,26.42664819944591,543.1122399999999,0.0
394,21.452243767313004,42.87551246537397,26.42664819944591,538.1122399999999,0.0
395,21.452243767313004,42.87551246537397,26.42664819944591,533.1122399999999,0.0
396,21.452243767313004,42.87551246537397,26.42664819944591,528.1122399999999,0.0
397,21.452243767313004,42.87551246537397,26.42664819944591,523.1122399999999,0.0
398,21.452243767313004,42.87551246537397,26.42664819944591,519.5238568421051,0.0
399,21.452243767313004,42.87551246537397,26.42664819944591,514.5238568421051,0.0
400,21.452243767313004,42.87551246537397,26.42664819944591,509.52385684210515,0.0
401,21.452243767313004,42.87551246537397,26.42664819944591,504.52385684210515,0.0
402,21.452243767313004,42.87551246537397,26.42664819944591,499.52385684210515,0.0
403,21.452243767313004,42.87551246537397,26.42664819944591,494.52385684210515,0.0
404,21.452243767313004,42.87551246537397,26.42664819944591,493.31022315789465,0.0
405,21.452243767313004,42.87551246537397,26.42664819944591,488.31022315789465,0.0
406,21.452243767313004,42.87551246537397,26.42664819944591,483.31022315789465,0.0
407,21.452243767313004,42.87551246537397,26.42664819944591,478.31022315789465,0.0
408,21.452243767313004,42.87551246537397,26.42664819944591,473.31022315789465,0.0
409,21.452243767313004,42.87551246537397,26.42664819944591,468.31022315789465,0.0
410,21.452243767313004,42.87551246537397,26.42664819944591,463.64187789473675,0.0
411,21.452243767313004,42.87551246537397,26.42664819944591,480.2418778947368,0.0
412,21.452243767313004,42.87551246537397,26.42664819944591,475.71127999999993,0.0
413,21.452243767313004,42.87551246537397,26.42664819944591,478.93693894736833,0.0
414,21.452243767313004,42.87551246537397,26.42664819944591,473.93693894736833,0.0
415,21.452243767313004,42.87551246537397,26.42664819944591,468.93693894736833,0.0
416,21.452243767313004,42.87551246537397,26.42664819944591,463.93693894736833,0.0
417,21.452243767313004,42.87551246537397,26.42664819944591,458.93693894736833,0.0
418,21.452243767313004,42.87551246537397,26.42664819944591,455.19114105263145,0.0
419,21.452243767313004,42.87551246537397,26.42664819944591,454.4239831578946,0.0
420,21.452243767313004,42.87551246537397,26.42664819944591,449.4239831578946,0.0
421,21.452243767313004,42.87551246537397,26.42664819944591,444.4239831578946,0.0
422,21.452243767313004,42.87551246537397,26.42664819944591,440.3818105263157,0.0
423,21.452243767313004,42.87551246537397,26.42664819944591,435.3818105263157,0.0
424,21.452243767313004,42.87551246537397,26.42664819944591,430.3818105263157,0.0
425,21.452243767313004,42.87551246537397,26.42664819944591,425.3818105263157,0.0
426,21.452243767313004,42.87551246537397,26.42664819944591,420.3818105263157,0.0
427,21.452243767313004,42.87551246537397,26.42664819944591,415.3818105263157,0.0
428,21.452243767313004,42.87551246537397,26.42664819944591,410.3818105263157,0.0
429,21.452243767313004,42.87551246537397,26.42664819944591,407.05615157894727,0.0
430,21.452243767313004,42.87551246537397,26.42664819944591,402.05615157894727,0.0
431,21.452243767313004,42.87551246537397,26.42664819944591,405.47829473684203,0.0
432,21.452243767313004,42.87551246537397,26.42664819944591,412.7376968421052,0.0
433,21.452243767313004,42.87551246537397,26.42664819944591,407.99632842105257,0.0
434,21.452243767313004,42.87551246537397,26.42664819944591,424.5963284210526,0.0
435,21.452243767313004,42.87551246537397,26.42664819944591,423.3076252631579,0.0
436,21.452243767313004,42.87551246537397,26.42664819944591,437.9400926315789,0.0
437,21.452243767313004,42.87551246537397,26.42664819944591,441.6003284210526,0.0
438,21.452243767313004,42.87551246537397,26.42664819944591,438.80951578947366,0.0
439,21.452243767313004,42.87551246537397,26.42664819944591,433.80951578947366,0.0
440,21.452243767313004,42.87551246537397,26.42664819944591,428.80951578947366,0.0
441,21.452243767313004,42.87551246537397,26.42664819944591,423.80951578947366,0.0
442,21.452243767313004,42.87551246537397,26.42664819944591,418.80951578947366,0.0
443,21.452243767313004,42.87551246537397,26.42664819944591,413.80951578947366,0.0
444,21.452243767313004,42.87551246537397,26.42664819944591,410.77647999999994,0.0
445,21.452243767313004,42.87551246537397,26.42664819944591,426.2327410526315,0.0
446,21.452243767313004,42.87551246537397,26.42664819944591,424.605827368421,0.0
447,21.452243767313004,42.87551246537397,26.42664819944591,419.605827368421,0.0
448,21.452243767313004,42.87551246537397,26.42664819944591,414.605827368421,0.0
449,21.452243767313004,42.87551246537397,26.42664819944591,409.605827368421,0.0
450,21.452243767313004,42.87551246537397,26.42664819944591,404.605827368421,0.0
451,21.452243767313004,42.87551246537397,26.42664819944591,399.605827368421,0.0
452,21.452243767313004,42.87551246537397,26.42664819944591,394.605827368421,0.0
453,21.452243767313004,42.87551246537397,26.42664819944591,390.3376126315789,0.0
454,21.452243767313004,42.87551246537397,26.42664819944591,386.4469052631579,0.0
455,21.452243767313004,42.87551246537397,26.42664819944591,381.4469052631579,0.0
456,21.452243767313004,42.87551246537397,26.42664819944591,389.8792631578947,0.0
457,21.452243767313004,42.87551246537397,26.42664819944591,384.8792631578947,0.0
458,21.452243767313004,42.87551246537397,26.42664819944591,381.3913010526315,0.0
459,21.452243767313004,42.87551246537397,26.42664819944591,378.64577263157884,0.0
460,21.452243767313004,42.87551246537397,26.42664819944591,374.16356631578935,0.0
461,21.452243767313004,42.87551246537397,26.42664819944591,369.16356631578935,0.0
462,21.452243767313004,42.87551246537397,26.42664819944591,364.16356631578935,0.0
463,21.452243767313004,42.87551246537397,26.42664819944591,359.16356631578935,0.0
464,21.452243767313004,42.87551246537397,26.42664819944591,354.16356631578935,0.0
465,21.452243767313004,42.87551246537397,26.42664819944591,349.16356631578935,0.0
466,21.452243767313004,42.87551246537397,26.42664819944591,344.16356631578935,0.0
467,21.452243767313004,42.87551246537397,26.42664819944591,339.16356631578935,0.0
468,21.452243767313004,42.87551246537397,26.42664819944591,351.2426484210525,0.0
469,21.452243767313004,42.87551246537397,26.42664819944591,346.2426484210525,0.0
470,21.452243767313004,42.87551246537397,26.42664819944591,341.46440842105244,0.0
471,21.452243767313004,42.87551246537397,26.42664819944591,336.46440842105244,0.0
472,21.452243767313004,42.87551246537397,26.42664819944591,334.3318652631577,0.0
473,21.452243767313004,42.87551246537397,26.42664819944591,329.3318652631577,0.0
474,18.14127423822712,42.87551246537397,26.42664819944591,324.3318652631577,0.0
475,18.14127423822712,42.87551246537397,26.42664819944591,320.65124631578925,0.0
476,18.14127423822712,42.87551246537397,26.42664819944591,315.65124631578925,0.0
477,18.14127423822712,42.87551246537397,26.42664819944591,310.65124631578925,0.0
478,18.14127423822712,42.87551246537397,26.42664819944591,305.65124631578925,0.0
479,18.14127423822712,42.87551246537397,26.42664819944591,300.65124631578925,0.0
480,18.14127423822712,42.87551246537397,26.42664819944591,317.2512463157893,0.0
481,18.14127423822712,42.87551246537397,26.42664819944591,327.57644631578927,0.0
482,18.14127423822712,42.87551246537397,26.42664819944591,326.4900631578945,0.0
483,18.14127423822712,42.87551246537397,26.42664819944591,340.30112421052604,0.0
484,18.14127423822712,42.87551246537397,26.42664819944591,355.7796673684208,0.0
485,18.14127423822712,42.87551246537397,26.42664819944591,360.79543578947346,0.0
486,18.14127423822712,42.87551246537397,26.42664819944591,359.66509473684187,0.0
487,18.14127423822712,42.87551246537397,26.42664819944591,354.66509473684187,0.0
488,18.14127423822712,42.87551246537397,26.42664819944591,349.66509473684187,0.0
489,18.14127423822712,42.87551246537397,26.42664819944591,344.66509473684187,0.0
490,18.14127423822712,42.87551246537397,26.42664819944591,339.66509473684187,0.0
491,18.14127423822712,42.87551246537397,26.42664819944591,343.7585431578945,0.0
492,18.14127423822712,42.87551246537397,26.42664819944591,338.7585431578945,0.0
493,18.14127423822712,42.87551246537397,26.42664819944591,333.7585431578945,0.0
494,18.14127423822712,42.87551246537397,26.42664819944591,328.7585431578945,0.0
495,18.14127423822712,42.87551246537397,26.42664819944591,323.7585431578945,0.0
496,18.14127423822712,42.87551246537397,26.42664819944591,318.7585431578945,0.0
497,18.14127423822712,42.87551246537397,26.42664819944591,313.7585431578945,0.0
498,18.14127423822712,42.87551246537397,26.42664819944591,308.7585431578945,0.0
499,18.14127423822712,42.87551246537397,26.42664819944591,303.7585431578945,0.0
500,18.14127423822712,42.87551246537397,26.42664819944591,298.7585431578945,0.0
501,18.14127423822712,42.87551246537397,26.42664819944591,293.7585431578945,0.0
502,18.14127423822712,42.87551246537397,26.42664819944591,288.7585431578945,0.0
503,18.14127423822712,42.87551246537397,26.42664819944591,293.2613305263156,0.0
504,18.14127423822712,42.87551246537397,26.42664819944591,302.4714778947366,0.0
505,18.14127423822712,42.87551246537397,26.42664819944591,319.07147789473663,0.0
506,18.14127423822712,42.87551246537397,26.42664819944591,335.67147789473665,0.0
507,18.14127423822712,42.87551246537397,26.42664819944591,337.38202947368404,0.0
508,18.14127423822712,42.87551246537397,26.42664819944591,353.98202947368407,0.0
509,18.14127423822712,42.87551246537397,26.42664819944591,348.98202947368407,0.0
510,18.14127423822712,42.87551246537397,26.42664819944591,346.56114526315775,0.0
511,18.14127423822712,42.87551246537397,26.42664819944591,341.56114526315775,0.0
512,18.14127423822712,42.87551246537397,26.42664819944591,336.56114526315775,0.0
513,18.14127423822712,42.87551246537397,26.42664819944591,331.56114526315775,0.0
514,18.14127423822712,42.87551246537397,26.42664819944591,326.56114526315775,0.0
515,18.14127423822712,42.87551246537397,26.42664819944591,340.2170652631578,0.0
516,18.14127423822712,42.87551246537397,26.42664819944591,345.96151157894724,0.0
517,18.14127423822712,42.87551246537397,26.42664819944591,340.96151157894724,0.0
518,18.14127423822712,42.87551246537397,26.42664819944591,357.56151157894726,0.0
519,18.14127423822712,42.87551246537397,26.42664819944591,352.56151157894726,0.0
520,18.14127423822712,42.87551246537397,26.42664819944591,347.56151157894726,0.0
521,18.14127423822712,42.87551246537397,26.42664819944591,342.56151157894726,0.0
522,18.14127423822712,42.87551246537397,26.42664819944591,337.56151157894726,0.0
523,18.14127423822712,42.87551246537397,26.42664819944591,332.56151157894726,0.0
524,18.14127423822712,42.87551246537397,26.42664819944591,340.60253052631566,0.0
525,18.14127423822712,42.87551246537397,26.42664819944591,335.60253052631566,0.0
526,18.14127423822712,42.87551246537397,26.42664819944591,347.57084631578937,0.0
527,18.14127423822712,42.87551246537397,26.42664819944591,342.57084631578937,0.0
528,18.14127423822712,42.87551246537397,26.42664819944591,349.38335578947357,0.0
529,18.14127423822712,42.87551246537397,26.42664819944591,344.65767578947356,0.0
530,18.14127423822712,42.87551246537397,26.42664819944591,361.2576757894736,0.0
531,18.14127423822712,42.87551246537397,26.42664819944591,360.64884210526304,0.0
532,18.14127423822712,42.87551246537397,26.42664819944591,377.24884210526307,0.0
533,18.14127423822712,42.87551246537397,26.42664819944591,372.24884210526307,0.0
534,18.14127423822712,42.87551246537397,26.42664819944591,367.24884210526307,0.0
535,18.14127423822712,42.87551246537397,26.42664819944591,362.24884210526307,0.0
536,18.14127423822712,42.87551246537397,26.42664819944591,357.24884210526307,0.0
537,18.14127423822712,42.87551246537397,26.42664819944591,352.24884210526307,0.0
538,18.14127423822712,42.87551246537397,26.42664819944591,347.24884210526307,0.0
539,18.14127423822712,42.87551246537397,26.42664819944591,344.40391578947356,0.0
540,18.14127423822712,42.87551246537397,26.42664819944591,339.40391578947356,0.0
541,18.14127423822712,42.87551246537397,26.42664819944591,334.40391578947356,0.0
542,18.14127423822712,42.87551246537397,26.42664819944591,332.76608842105253,0.0
543,18.14127423822712,42.87551246537397,26.42664819944591,328.98004631578937,0.0
544,18.14127423822712,42.87551246537397,26.42664819944591,323.98004631578937,0.0
545,18.14127423822712,42.87551246537397,26.42664819944591,318.98004631578937,0.0
546,18.14127423822712,42.6267590027701,26.42664819944591,313.98004631578937,0.0
547,18.14127423822712,42.6267590027701,26.42664819944591,308.98004631578937,0.0
548,18.14127423822712,42.6267590027701,26.42664819944591,313.15913684210517,0.0
549,18.14127423822712,42.6267590027701,26.42664819944591,310.10942736842094,0.0
550,18.14127423822712,42.6267590027701,26.42664819944591,307.90124631578936,0.0
551,18.14127423822712,42.6267590027701,26.42664819944591,302.90124631578936,0.0
552,18.14127423822712,42.6267590027701,26.42664819944591,297.90124631578936,0.0
553,18.14127423822712,42.6267590027701,26.42664819944591,294.267882105263,0.0
554,18.14127423822712,42.6267590027701,26.42664819944591,293.69933052631563,0.0
555,18.14127423822712,42.6267590027701,26.42664819944591,293.7772631578946,0.0
556,18.14127423822712,42.6267590027701,26.42664819944591,306.0484336842104,0.0
557,18.14127423822712,42.6267590027701,26.42664819944591,301.0484336842104,0.0
558,18.14127423822712,42.6267590027701,26.42664819944591,296.0484336842104,0.0
559,18.14127423822712,42.6267590027701,26.42664819944591,291.0484336842104,0.0
560,18.14127423822712,42.6267590027701,26.42664819944591,286.0484336842104,0.0
561,18.14127423822712,42.6267590027701,26.42664819944591,281.0484336842104,0.0
562,18.14127423822712,42.6267590027701,26.42664819944591,276.0484336842104,0.0
563,18.14127423822712,42.6267590027701,26.42664819944591,271.0484336842104,0.0
564,18.14127423822712,42.6267590027701,26.42664819944591,266.0484336842104,0.0
565,18.14127423822712,42.6267590027701,26.42664819944591,263.8074357894736,0.0
566,18.14127423822712,42.6267590027701,26.42664819944591,258.8074357894736,0.0
567,18.14127423822712,42.6267590027701,26.42664819944591,263.5782905263157,0.0
568,18.14127423822712,42.6267590027701,26.42664819944591,258.5782905263157,0.0
569,18.14127423822712,42.6267590027701,26.42664819944591,253.5782905263157,0.0
570,18.14127423822712,42.6267590027701,26.42664819944591,248.5782905263157,0.0
571,18.14127423822712,42.6267590027701,26.42664819944591,243.5782905263157,0.0
572,18.14127423822712,42.6267590027701,26.42664819944591,238.5782905263157,0.0
573,18.14127423822712,42.6267590027701,26.42664819944591,233.5782905263157,0.0
574,18.14127423822712,42.6267590027701,26.42664819944591,228.5782905263157,0.0
575,18.14127423822712,42.6267590027701,26.42664819944591,245.1782905263157,0.0
576,18.14127423822712,42.6267590027701,26.42664819944591,249.65292210526306,0.0
577,18.14127423822712,42.6267590027701,26.42664819944591,257.2717936842104,0.0
578,18.14127423822712,42.6267590027701,26.42664819944591,253.93688842105254,0.0
579,18.14127423822712,42.6267590027701,26.42664819944591,251.610134736842,0.0
580,18.14127423822712,42.6267590027701,26.42664819944591,265.15676631578935,0.0
581,18.14127423822712,42.6267590027701,26.42664819944591,260.15676631578935,0.0
582,18.14127423822712,42.6267590027701,26.42664819944591,255.15676631578938,0.0
583,18.14127423822712,42.6267590027701,26.42664819944591,271.7567663157894,0.0
584,18.14127423822712,42.6267590027701,26.42664819944591,266.7567663157894,0.0
585,18.14127423822712,42.6267590027701,26.42664819944591,261.7567663157894,0.0
586,18.14127423822712,42.6267590027701,26.42664819944591,256.7567663157894,0.0
587,18.14127423822712,42.6267590027701,26.42664819944591,253.18945263157883,0.0
588,18.14127423822712,42.6267590027701,26.42664819944591,255.8081894736841,0.0
589,18.14127423822712,42.6267590027701,26.42664819944591,250.8081894736841,0.0
590,18.14127423822712,42.6267590027701,26.42664819944591,251.65629473684203,0.0
591,18.14127423822712,42.6267590027701,26.42664819944591,246.65629473684203,0.0
592,18.14127423822712,42.6267590027701,26.42664819944591,244.74407157894728,0.0
593,18.14127423822712,42.6267590027701,26.42664819944591,239.74407157894728,0.0
594,18.14127423822712,42.6267590027701,26.42664819944591,234.74407157894728,0.0
595,18.14127423822712,42.6267590027701,26.42664819944591,229.74407157894728,0.0
596,18.14127423822712,42.6267590027701,26.42664819944591,224.74407157894728,0.0
597,18.14127423822712,42.6267590027701,26.42664819944591,233.73537684210518,0.0
598,18.14127423822712,42.6267590027701,26.42664819944591,232.91709894736834,0.0
599,18.14127423822712,42.6267590027701,26.42664819944591,227.91709894736834,0.0
600,18.14127423822712,42.6267590027701,26.42664819944591,244.51709894736834,0.0
601,18.14127423822712,42.6267590027701,26.42664819944591,261.11709894736833,0.0
602,18.14127423822712,42.6267590027701,26.42664819944591,259.3750610526315,0.0
603,18.14127423822712,42.6267590027701,26.42664819944591,275.97506105263153,0.0
604,18.14127423822712,42.6267590027701,26.42664819944591,292.57506105263155,0.0
605,18.14127423822712,42.6267590027701,26.42664819944591,287.57506105263155,0.0
606,18.14127423822712,42.6267590027701,26.42664819944591,282.57506105263155,0.0
607,18.14127423822712,42.6267590027701,26.42664819944591,277.57506105263155,0.0
608,18.14127423822712,42.6267590027701,26.42664819944591,272.57506105263155,0.0
609,18.14127423822712,42.6267590027701,26.42664819944591,280.9099536842105,0.0
610,18.14127423822712,42.6267590027701,26.42664819944591,275.9099536842105,0.0
611,18.14127423822712,42.6267590027701,26.42664819944591,270.9099536842105,0.0
612,18.14127423822712,42.6267590027701,26.42664819944591,285.09151157894735,0.0
613,18.14127423822712,42.6267590027701,26.42664819944591,285.39590315789474,0.0
614,18.14127423822712,42.6267590027701,26.42664819944591,280.39590315789474,0.0
615,18.14127423822712,42.6267590027701,26.42664819944591,275.39590315789474,0.0
616,18.14127423822712,42.6267590027701,26.42664819944591,270.39590315789474,0.0
617,18.14127423822712,42.6267590027701,26.42664819944591,265.39590315789474,0.0
618,18.14127423822712,42.6267590027701,26.42664819944591,260.39590315789474,0.0
619,18.14127423822712,42.6267590027701,26.42664819944591,255.39590315789474,0.0
620,18.14127423822712,42.6267590027701,26.42664819944591,250.39590315789474,0.0
621,18.14127423822712,42.6267590027701,26.42664819944591,245.39590315789474,0.0
622,18.14127423822712,42.6267590027701,26.42664819944591,240.39590315789474,0.0
623,18.14127423822712,42.6267590027701,26.42664819944591,235.39590315789474,0.0
624,18.14127423822712,42.6267590027701,26.42664819944591,230.39590315789474,0.0
625,18.14127423822712,42.6267590027701,26.42664819944591,235.8480294736842,0.0
626,18.14127423822712,42.6267590027701,26.42664819944591,247.60743157894734,0.0
627,18.14127423822712,42.6267590027701,26.42664819944591,242.60743157894734,0.0
628,18.14127423822712,42.6267590027701,26.42664819944591,237.60743157894734,0.0
629,18.14127423822712,42.6267590027701,26.42664819944591,232.60743157894734,0.0
630,18.14127423822712,42.6267590027701,26.42664819944591,227.60743157894734,0.0
631,18.14127423822712,42.6267590027701,26.42664819944591,222.60743157894734,0.0
632,18.14127423822712,42.6267590027701,26.42664819944591,217.60743157894734,0.0
633,18.14127423822712,42.6267590027701,26.42664819944591,212.60743157894734,0.0
634,18.14127423822712,42.6267590027701,26.42664819944591,207.60743157894734,0.0
635,18.14127423822712,42.6267590027701,26.42664819944591,202.60743157894734,0.0
636,18.14127423822712,42.6267590027701,26.42664819944591,199.31061052631574,0.0
637,18.14127423822712,42.6267590027701,26.42664819944591,194.31061052631574,0.0
638,18.14127423822712,42.6267590027701,26.42664819944591,189.31061052631574,0.0
639,18.14127423822712,42.6267590027701,26.42664819944591,184.31061052631574,0.0
640,18.14127423822712,42.6267590027701,26.42664819944591,179.31061052631574,0.0
641,18.14127423822712,42.6267590027701,26.42664819944591,174.31061052631574,0.0
642,18.14127423822712,42.6267590027701,26.42664819944591,169.31061052631574,0.0
643,18.14127423822712,42.6267590027701,26.42664819944591,164.31061052631574,0.0
644,18.14127423822712,42.6267590027701,26.184432132963924,159.31061052631574,0.0
645,18.14127423822712,42.6267590027701,26.184432132963924,154.31061052631574,0.0
646,18.14127423822712,42.6267590027701,26.184432132963924,158.1979115789473,0.0
647,18.14127423822712,42.6267590027701,26.184432132963924,153.1979115789473,0.0
648,18.14127423822712,42.6267590027701,26.184432132963924,148.1979115789473,0.0
649,18.14127423822712,42.6267590027701,26.184432132963924,143.1979115789473,0.0
650,18.14127423822712,42.6267590027701,26.184432132963924,138.1979115789473,0.0
651,18.14127423822712,42.6267590027701,26.184432132963924,147.0145221052631,0.0
652,18.14127423822712,42.6267590027701,26.184432132963924,153.85113263157888,0.0
653,18.14127423822712,42.6267590027701,26.184432132963924,153.46637052631573,0.0
654,18.14127423822712,42.6267590027701,26.184432132963924,148.46637052631573,0.0
655,18.14127423822712,42.6267590027701,26.184432132963924,143.46637052631573,0.0
656,18.14127423822712,42.6267590027701,26.184432132963924,141.31707789473677,0.0
657,18.14127423822712,42.6267590027701,26.184432132963924,136.31707789473677,0.0
658,18.14127423822712,42.6267590027701,26.184432132963924,131.31707789473677,0.0
659,18.14127423822712,42.6267590027701,26.184432132963924,126.31707789473677,0.0
660,18.14127423822712,42.6267590027701,26.184432132963924,122.5032210526315,0.0
661,18.14127423822712,42.6267590027701,26.184432132963924,117.5032210526315,0.0
662,18.14127423822712,42.6267590027701,26.184432132963924,112.5032210526315,0.0
663,8.242603878116332,42.6267590027701,26.184432132963924,107.5032210526315,0.0
664,8.242603878116332,42.6267590027701,21.090415512465313,102.5032210526315,0.0
665,8.242603878116332,42.6267590027701,21.090415512465313,97.5032210526315,0.0
666,8.242603878116332,42.6267590027701,21.090415512465313,92.5032210526315,0.0
667,7.523988919667577,42.6267590027701,21.090415512465313,87.5032210526315,0.0
668,7.523988919667577,42.6267590027701,21.090415512465313,84.61013052631571,0.0
669,7.523988919667577,42.6267590027701,21.090415512465313,84.89565052631573,0.0
670,7.523988919667577,42.6267590027701,21.090415512465313,79.89565052631573,0.0
671,7.523988919667577,42.6267590027701,21.090415512465313,76.78193684210521,0.0
672,7.523988919667577,42.6267590027701,21.090415512465313,81.75655157894732,0.0
673,7.523988919667577,42.6267590027701,21.090415512465313,76.75655157894732,0.0
674,7.523988919667577,42.6267590027701,21.090415512465313,71.75655157894732,0.0
675,7.523988919667577,42.6267590027701,21.090415512465313,80.45580210526312,0.0
676,7.523988919667577,42.6267590027701,21.090415512465313,87.3467536842105,0.0
677,7.523988919667577,42.6267590027701,21.090415512465313,87.13005473684207,0.0
678,7.523988919667577,42.6267590027701,21.090415512465313,82.13005473684207,0.0
679,7.523988919667577,42.6267590027701,21.090415512465313,77.13005473684207,0.0
680,7.523988919667577,42.6267590027701,21.090415512465313,72.13005473684207,0.0
681,7.523988919667577,42.6267590027701,21.090415512465313,67.13005473684207,0.0
682,7.523988919667577,42.6267590027701,21.090415512465313,62.13005473684207,0.0
683,7.523988919667577,42.6267590027701,21.090415512465313,57.13005473684207,0.0
684,7.523988919667577,42.6267590027701,21.090415512465313,52.13005473684207,0.0
685,7.523988919667577,42.6267590027701,21.090415512465313,47.13005473684207,0.0
686,7.523988919667577,42.6267590027701,21.090415512465313,42.13005473684207,0.0
687,7.523988919667577,42.6267590027701,21.090415512465313,37.13005473684207,0.0
688,7.523988919667577,42.6267590027701,21.090415512465313,32.13005473684207,0.0
689,7.523988919667577,42.6267590027701,21.090415512465313,27.130054736842066,0.0
690,7.523988919667577,42.6267590027701,21.090415512465313,22.130054736842066,0.0
691,7.523988919667577,37.53889196675902,21.090415512465313,17.130054736842066,0.0
692,7.523988919667577,37.53889196675902,21.090415512465313,33.730054736842064,0.0
693,7.523988919667577,37.53889196675902,21.090415512465313,28.730054736842064,0.0
694,7.523988919667577,37.53889196675902,21.090415512465313,23.730054736842064,0.0
695,7.523988919667577,37.53889196675902,21.090415512465313,18.730054736842064,0.0
696,7.523988919667577,37.53889196675902,21.090415512465313,27.346656842105233,0.0
697,7.523988919667577,37.53889196675902,21.090415512465313,35.35410105263155,0.0
698,7.523988919667577,37.53889196675902,21.090415512465313,51.95410105263154,0.0
699,7.523988919667577,37.53889196675902,21.090415512465313,67.82125473684206,0.0
700,7.523988919667577,37.53889196675902,21.090415512465313,78.34555368421047,0.0
701,7.523988919667577,37.53889196675902,21.090415512465313,73.34555368421047,0.0
702,7.523988919667577,37.53889196675902,21.090415512465313,68.34555368421047,0.0
703,7.523988919667577,37.53889196675902,21.090415512465313,63.34555368421048,0.0
704,7.523988919667577,37.53889196675902,21.090415512465313,58.34555368421048,0.0
705,7.523988919667577,37.53889196675902,21.090415512465313,53.34555368421048,0.0
706,7.523988919667577,37.53889196675902,21.090415512465313,49.398117894736785,0.0
707,7.523988919667577,37.53889196675902,21.090415512465313,44.398117894736785,0.0
708,7.523988919667577,37.53889196675902,21.090415512465313,39.398117894736785,0.0
709,7.523988919667577,37.53889196675902,21.090415512465313,43.538707368421,0.0
710,7.523988919667577,37.53889196675902,21.090415512465313,45.13546105263151,0.0
711,7.523988919667577,37.53889196675902,21.090415512465313,40.13546105263151,0.0
712,7.523988919667577,37.53889196675902,21.090415512465313,56.73546105263151,0.0
713,7.523988919667577,32.184930747922486,21.090415512465313,51.73546105263151,0.0
714,7.523988919667577,32.184930747922486,21.090415512465313,46.73546105263151,0.0
715,7.523988919667577,32.184930747922486,21.090415512465313,41.73546105263151,0.0
716,7.523988919667577,32.184930747922486,21.090415512465313,36.73546105263151,0.0
717,7.523988919667577,32.184930747922486,21.090415512465313,31.735461052631504,0.0
718,7.523988919667577,32.184930747922486,21.090415512465313,28.723949473684137,0.0
719,7.523988919667577,32.184930747922486,21.090415512465313,23.723949473684137,0.0
720,7.523988919667577,32.184930747922486,21.090415512465313,30.574543157894656,0.0
721,7.523988919667577,32.184930747922486,21.090415512465313,40.215553684210434,0.0
722,7.523988919667577,32.184930747922486,21.090415512465313,56.33368421052623,0.0
723,7.523988919667577,32.184930747922486,21.090415512465313,69.14864421052624,0.0
724,7.523988919667577,32.184930747922486,21.090415512465313,65.3551368421052,0.0
725,7.523988919667577,32.184930747922486,21.090415512465313,72.03702315789468,0.0
726,7.523988919667577,32.184930747922486,21.090415512465313,79.70989473684205,0.0
727,7.523988919667577,32.184930747922486,21.090415512465313,74.70989473684205,0.0
728,7.523988919667577,32.184930747922486,21.090415512465313,80.46366315789469,0.0
729,7.523988919667577,32.184930747922486,21.090415512465313,90.13949894736838,0.0
730,7.523988919667577,32.184930747922486,21.090415512465313,89.9415578947368,0.0
731,7.523988919667577,32.184930747922486,21.090415512465313,84.9415578947368,0.0
732,7.523988919667577,32.184930747922486,21.090415512465313,79.9415578947368,0.0
733,7.523988919667577,32.184930747922486,21.090415512465313,82.26706526315786,0.0
734,7.523988919667577,32.184930747922486,21.090415512465313,81.09647999999997,0.0
735,7.523988919667577,32.184930747922486,21.090415512465313,76.09647999999997,0.0
736,7.523988919667577,32.184930747922486,21.090415512465313,71.09647999999997,0.0
737,7.523988919667577,32.184930747922486,21.090415512465313,66.09647999999997,0.0
738,7.523988919667577,20.179390581717513,0.03778393351794662,61.09647999999997,0.0
739,7.523988919667577,20.179390581717513,0.03778393351794662,56.09647999999997,0.0
740,7.523988919667577,20.179390581717513,0.03778393351794662,51.09647999999997,0.0
741,7.523988919667577,20.179390581717513,0.03778393351794662,46.09647999999997,0.0
742,7.523988919667577,20.179390581717513,0.03778393351794662,41.09647999999997,0.0
743,7.523988919667577,20.179390581717513,0.03778393351794662,36.09647999999997,0.0
744,7.523988919667577,20.179390581717513,0.03778393351794662,39.99416421052629,0.0
745,7.523988919667577,20.179390581717513,0.03778393351794662,50.48174315789472,0.0
746,7.523988919667577,20.179390581717513,0.03778393351794662,46.10598315789471,0.0
747,7.523988919667577,20.179390581717513,0.03778393351794662,56.95394105263155,0.0
748,7.523988919667577,20.179390581717513,0.03778393351794662,65.73686315789472,0.0
749,7.523988919667577,20.179390581717513,0.03778393351794662,60.73686315789472,0.0
750,7.523988919667577,20.179390581717513,0.03778393351794662,70.43475368421052,0.0
751,7.523988919667577,20.179390581717513,0.03778393351794662,65.43475368421052,0.0
752,7.523988919667577,20.179390581717513,0.03778393351794662,60.43475368421052,0.0
753,7.523988919667577,20.179390581717513,0.03778393351794662,55.43475368421052,0.0
754,7.523988919667577,20.179390581717513,0.03778393351794662,50.43475368421052,0.0
755,7.523988919667577,20.179390581717513,0.03778393351794662,65.13706105263157,0.0
756,7.523988919667577,20.179390581717513,0.03778393351794662,68.3558989473684,0.0
757,7.523988919667577,20.179390581717513,0.03778393351794662,82.87820631578947,0.0
758,7.523988919667577,20.179390581717513,0.03778393351794662,77.87820631578947,0.0
759,7.523988919667577,20.179390581717513,0.03778393351794662,72.87820631578947,0.0
760,7.523988919667577,20.179390581717513,0.03778393351794662,67.87820631578947,0.0
761,7.523988919667577,20.179390581717513,0.03778393351794662,62.87820631578948,0.0
762,7.523988919667577,20.179390581717513,0.03778393351794662,57.87820631578948,0.0
763,7.523988919667577,20.179390581717513,0.03778393351794662,52.87820631578948,0.0
764,7.523988919667577,20.179390581717513,0.03778393351794662,47.87820631578948,0.0
765,7.523988919667577,20.179390581717513,0.03778393351794662,42.87820631578948,0.0
766,7.523988919667577,20.179390581717513,0.03778393351794662,37.87820631578948,0.0
767,7.523988919667577,20.179390581717513,0.03778393351794662,32.87820631578948,0.0
768,7.523988919667577,20.179390581717513,0.03778393351794662,27.878206315789477,0.0
769,7.523988919667577,20.179390581717513,0.03778393351794662,37.48018526315787,0.0
770,7.523988919667577,20.179390581717513,0.03778393351794662,36.35450526315789,0.0
771,7.523988919667577,20.179390581717513,0.03778393351794662,36.35524631578947,0.0
772,7.523988919667577,20.179390581717513,0.03778393351794662,52.691764210526316,0.0
773,7.523988919667577,20.179390581717513,0.03778393351794662,58.19986105263158,0.0
774,7.523988919667577,20.179390581717513,0.03778393351794662,53.35735157894737,0.0
775,7.523988919667577,20.179390581717513,0.03778393351794662,48.35735157894737,0.0
776,7.523988919667577,20.179390581717513,0.03778393351794662,43.35735157894737,0.0
777,7.523988919667577,20.179390581717513,0.03778393351794662,38.35735157894737,0.0
778,7.523988919667577,20.179390581717513,0.03778393351794662,34.26470315789476,0.0
779,7.523988919667577,20.179390581717513,0.03778393351794662,33.9656968421053,0.0
780,7.523988919667577,20.179390581717513,0.03778393351794662,28.965696842105302,0.0
781,7.523988919667577,20.179390581717513,0.03778393351794662,23.965696842105302,0.0
782,7.523988919667577,20.179390581717513,0.03778393351794662,18.965696842105302,0.0
783,7.523988919667577,20.179390581717513,0.03778393351794662,16.587368421052656,0.0
784,7.523988919667577,20.179390581717513,0.03778393351794662,17.535667368421088,0.0
785,7.523988919667577,20.179390581717513,0.03778393351794662,12.53566736842109,0.0
786,7.523988919667577,19.2900277008311,0.03778393351794662,7.535667368421089,0.0
787,7.523988919667577,19.2900277008311,0.03778393351794662,2.5356673684210893,0.0
788,7.523988919667577,19.2900277008311,0.03778393351794662,10.704202105263178,0.0
789,7.523988919667577,19.2900277008311,0.03778393351794662,8.250425263157894,0.0
790,7.523988919667577,19.2900277008311,0.03778393351794662,3.2504252631578936,0.0
791,7.523988919667577,19.2900277008311,0.03778393351794662,19.85042526315789,0.0
792,7.523988919667577,19.2900277008311,0.03778393351794662,29.247431578947367,0.0
793,7.523988919667577,19.2900277008311,0.03778393351794662,27.500467368421035,0.0
794,7.523988919667577,19.2900277008311,0.03778393351794662,28.939010526315766,0.0
795,7.523988919667577,19.2900277008311,0.03778393351794662,31.564075789473648,0.0
796,7.523988919667577,19.2900277008311,0.03778393351794662,32.33741473684208,0.0
797,7.523988919667577,19.2900277008311,0.03778393351794662,40.22029894736839,0.0
798,7.523988919667577,19.2900277008311,0.03778393351794662,41.26882947368416,0.0
799,7.523988919667577,19.2900277008311,0.03778393351794662,36.26882947368416,0.0
800,7.523988919667577,19.2900277008311,0.03778393351794662,31.268829473684157,0.0
801,7.523988919667577,19.2900277008311,0.03778393351794662,43.20341894736838,0.0
802,7.523988919667577,19.2900277008311,0.03778393351794662,38.20341894736838,0.0
803,7.523988919667577,19.2900277008311,0.03778393351794662,33.20341894736838,0.0
804,7.523988919667577,19.2900277008311,0.03778393351794662,28.203418947368377,0.0
805,7.523988919667577,19.2900277008311,0.03778393351794662,23.203418947368377,0.0
806,7.523988919667577,19.2900277008311,0.03778393351794662,18.203418947368377,0.0
807,7.523988919667577,19.2900277008311,0.03778393351794662,30.498046315789455,0.0
808,7.523988919667577,19.2900277008311,0.03778393351794662,25.498046315789455,0.0
809,7.523988919667577,19.2900277008311,0.03778393351794662,20.498046315789455,0.0
810,7.523988919667577,19.2900277008311,0.03778393351794662,15.498046315789455,0.0
811,7.523988919667577,19.2900277008311,0.03778393351794662,17.200261052631575,0.0
812,7.523988919667577,19.2900277008311,0.03778393351794662,12.200261052631577,0.0
813,7.523988919667577,19.2900277008311,0.03778393351794662,10.0,0.0
814,7.523988919667577,19.2900277008311,0.03778393351794662,5.0,0.0
815,7.523988919667577,19.2900277008311,0.03778393351794662,0.0,0.0
816,7.523988919667577,19.2900277008311,0.03778393351794662,8.104341052631575,0.0
817,7.523988919667577,19.2900277008311,0.03778393351794662,4.575566315789464,0.0
818,7.523988919667577,19.2900277008311,0.03778393351794662,21.17556631578946,0.0
819,7.523988919667577,19.2900277008311,0.03778393351794662,37.77556631578946,0.0
820,7.523988919667577,19.2900277008311,0.03778393351794662,36.454993684210514,0.0
821,7.523988919667577,19.2900277008311,0.03778393351794662,45.91721684210526,0.0
822,7.523988919667577,19.2900277008311,0.03778393351794662,59.7445347368421,0.0
823,7.523988919667577,19.2900277008311,0.03778393351794662,54.7445347368421,0.0
824,7.523988919667577,19.2900277008311,0.03778393351794662,49.7445347368421,0.0
825,7.523988919667577,19.2900277008311,0.03778393351794662,47.46329263157895,0.0
826,7.523988919667577,19.2900277008311,0.03778393351794662,46.42154947368423,0.0
827,7.523988919667577,19.2900277008311,0.03778393351794662,41.42154947368423,0.0
828,7.523988919667577,19.2900277008311,0.03778393351794662,58.02154947368423,0.0
829,7.523988919667577,19.2900277008311,0.03778393351794662,67.28285473684211,0.0
830,7.523988919667577,19.2900277008311,0.03778393351794662,62.28285473684211,0.0
831,7.523988919667577,19.2900277008311,0.03778393351794662,57.28285473684211,0.0
832,7.523988919667577,19.2900277008311,0.03778393351794662,52.28285473684211,0.0
833,7.523988919667577,19.2900277008311,0.03778393351794662,47.28285473684211,0.0
834,7.523988919667577,19.2900277008311,0.03778393351794662,42.28285473684211,0.0
835,7.523988919667577,19.2900277008311,0.03778393351794662,37.28285473684211,0.0
836,7.523988919667577,19.2900277008311,0.03778393351794662,32.28285473684211,0.0
837,7.523988919667577,19.2900277008311,0.03778393351794662,27.28285473684211,0.0
838,7.523988919667577,19.2900277008311,0.03778393351794662,43.882854736842106,0.0
839,7.523988919667577,19.2900277008311,0.03778393351794662,38.882854736842106,0.0
840,7.523988919667577,19.2900277008311,0.03778393351794662,35.587473684210536,0.0
841,7.523988919667577,19.2900277008311,0.03778393351794662,52.18747368421053,0.0
842,7.523988919667577,19.2900277008311,0.03778393351794662,55.36148210526315,0.0
843,7.523988919667577,19.2900277008311,0.03778393351794662,71.96148210526314,0.0
844,7.523988919667577,19.2900277008311,0.03778393351794662,88.56148210526314,0.0
845,7.523988919667577,19.2900277008311,0.03778393351794662,101.45325473684208,0.0
846,7.523988919667577,19.2900277008311,0.03778393351794662,96.45325473684208,0.0
847,7.523988919667577,19.2900277008311,0.03778393351794662,91.45325473684208,0.0
848,7.523988919667577,19.2900277008311,0.03778393351794662,86.45325473684208,0.0
849,7.523988919667577,19.2900277008311,0.03778393351794662,103.05325473684208,0.0
850,7.523988919667577,19.2900277008311,0.03778393351794662,119.65325473684207,0.0
851,7.523988919667577,19.2900277008311,0.03778393351794662,125.90079157894733,0.0
852,7.523988919667577,19.2900277008311,0.03778393351794662,138.61506526315785,0.0
853,7.523988919667577,19.2900277008311,0.03778393351794662,133.95240421052628,0.0
854,7.523988919667577,19.2900277008311,0.03778393351794662,150.55240421052628,0.0
855,7.523988919667577,19.2900277008311,0.03778393351794662,166.61153263157894,0.0
856,7.523988919667577,19.2900277008311,0.03778393351794662,161.61153263157894,0.0
857,7.523988919667577,19.2900277008311,0.03778393351794662,156.61153263157894,0.0
858,7.523988919667577,19.2900277008311,0.03778393351794662,151.61153263157894,0.0
859,7.523988919667577,19.2900277008311,0.03778393351794662,146.61153263157894,0.0
860,7.523988919667577,19.2900277008311,0.03778393351794662,141.61153263157894,0.0
861,7.523988919667577,19.2900277008311,0.03778393351794662,136.61153263157894,0.0
862,7.523988919667577,19.2900277008311,0.03778393351794662,141.24907368421054,0.0
863,7.523988919667577,19.2900277008311,0.03778393351794662,136.24907368421054,0.0
864,7.523988919667577,19.2900277008311,0.03778393351794662,133.21425684210527,0.0
865,7.523988919667577,19.2900277008311,0.03778393351794662,133.33819368421052,0.0
866,7.523988919667577,19.2900277008311,0.03778393351794662,136.89054315789474,0.0
867,7.523988919667577,19.2900277008311,0.03778393351794662,153.49054315789473,0.0
868,7.523988919667577,19.2900277008311,0.03778393351794662,156.1457347368421,0.0
869,7.523988919667577,19.2900277008311,0.03778393351794662,166.41049263157893,0.0
870,7.523988919667577,19.2900277008311,0.03778393351794662,181.74412631578946,0.0
871,7.523988919667577,19.2900277008311,0.03778393351794662,177.26521684210527,0.0
872,7.523988919667577,19.2900277008311,0.03778393351794662,178.09088842105265,0.0
873,7.523988919667577,19.2900277008311,0.03778393351794662,178.74715368421096,0.0
874,7.523988919667577,19.2900277008311,0.03778393351794662,182.8083157894741,0.0
875,7.523988919667577,19.2900277008311,0.03778393351794662,177.8083157894741,0.0
876,7.523988919667577,19.2900277008311,0.03778393351794662,173.53350736842145,0.0
877,7.523988919667577,19.2900277008311,0.03778393351794662,169.7723242105267,0.0
878,7.523988919667577,19.2900277008311,0.03778393351794662,178.19554947368462,0.0
879,7.523988919667577,19.2900277008311,0.03778393351794662,184.29548631578987,0.0
880,7.523988919667577,19.2900277008311,0.03778393351794662,179.29548631578987,0.0
881,7.523988919667577,19.2900277008311,0.03778393351794662,174.29548631578987,0.0
882,7.523988919667577,19.2900277008311,0.03778393351794662,169.29548631578987,0.0
883,7.523988919667577,19.2900277008311,0.03778393351794662,164.29548631578987,0.0
884,7.523988919667577,19.2900277008311,0.03778393351794662,159.29548631578987,0.0
885,7.523988919667577,19.2900277008311,0.03778393351794662,158.42358736842144,0.0
886,7.523988919667577,19.2900277008311,0.03778393351794662,175.02358736842143,0.0
887,7.523988919667577,19.2900277008311,0.03778393351794662,184.70745684210564,0.0
888,7.523988919667577,19.2900277008311,0.03778393351794662,183.5831789473688,0.0
889,7.523988919667577,19.2900277008311,0.03778393351794662,199.2575621052635,0.0
890,7.523988919667577,19.2900277008311,0.03778393351794662,203.1996968421056,0.0
891,7.523988919667577,19.2900277008311,0.03778393351794662,207.24050947368454,0.0
892,7.523988919667577,19.2900277008311,0.03778393351794662,223.84050947368453,0.0
893,7.523988919667577,19.2900277008311,0.03778393351794662,218.84050947368453,0.0
894,7.523988919667577,19.2900277008311,0.03778393351794662,213.84050947368453,0.0
895,7.523988919667577,19.2900277008311,0.03778393351794662,208.84050947368453,0.0
896,7.523988919667577,19.2900277008311,0.03778393351794662,203.84050947368453,0.0
897,7.523988919667577,19.2900277008311,0.03778393351794662,202.1022610526319,0.0
898,7.523988919667577,19.2900277008311,0.03778393351794662,197.1022610526319,0.0
899,7.523988919667577,19.2900277008311,0.03778393351794662,213.70226105263188,0.0
900,7.523988919667577,19.2900277008311,0.03778393351794662,224.44422736842137,0.0
901,7.523988919667577,19.2900277008311,0.03778393351794662,221.19625263157926,0.0
902,7.523988919667577,19.2900277008311,0.03778393351794662,216.19625263157926,0.0
903,7.523988919667577,19.2900277008311,0.03778393351794662,232.79625263157925,0.0
904,7.523988919667577,19.2900277008311,0.03778393351794662,227.79625263157925,0.0
905,7.523988919667577,19.2900277008311,0.03778393351794662,239.79435368421082,0.0
906,7.523988919667577,19.2900277008311,0.03778393351794662,234.79435368421082,0.0
907,7.523988919667577,19.2900277008311,0.03778393351794662,229.79435368421082,0.0
908,7.523988919667577,19.2900277008311,0.03778393351794662,224.79435368421082,0.0
909,7.523988919667577,19.2900277008311,0.03778393351794662,241.3943536842108,0.0
910,7.523988919667577,19.2900277008311,0.03778393351794662,241.55167578947396,0.0
911,7.523988919667577,19.2900277008311,0.03778393351794662,236.55167578947396,0.0
912,7.523988919667577,19.2900277008311,0.03778393351794662,232.81614736842133,0.0
913,7.523988919667577,19.2900277008311,0.03778393351794662,232.29216000000025,0.0
914,7.523988919667577,19.2900277008311,0.03778393351794662,248.89216000000025,0.0
915,7.523988919667577,19.2900277008311,0.03778393351794662,265.49216000000024,0.0
916,7.523988919667577,19.2900277008311,0.03778393351794662,266.66881263157916,0.0
917,7.523988919667577,19.2900277008311,0.03778393351794662,261.66881263157916,0.0
918,7.523988919667577,19.2900277008311,0.03778393351794662,256.66881263157916,0.0
919,7.523988919667577,19.2900277008311,0.03778393351794662,266.3443452631581,0.0
920,7.523988919667577,19.2900277008311,0.03778393351794662,261.3443452631581,0.0
921,7.523988919667577,19.2900277008311,0.03778393351794662,276.1326357894739,0.0
922,7.523988919667577,19.2900277008311,0.03778393351794662,271.1326357894739,0.0
923,7.523988919667577,19.2900277008311,0.03778393351794662,287.73263578947393,0.0
924,7.523988919667577,19.2900277008311,0.03778393351794662,298.374143157895,0.0
925,7.523988919667577,19.2900277008311,0.03778393351794662,306.01370526315816,0.0
926,7.523988919667577,19.2900277008311,0.03778393351794662,315.0039873684213,0.0
927,7.523988919667577,19.2900277008311,0.03778393351794662,313.3878357894739,0.0
928,7.523988919667577,19.2900277008311,0.03778393351794662,308.3878357894739,0.0
929,7.523988919667577,19.2900277008311,0.03778393351794662,303.3878357894739,0.0
930,7.523988919667577,19.2900277008311,0.03778393351794662,299.6437810526318,0.0
931,7.523988919667577,19.2900277008311,0.03778393351794662,294.6437810526318,0.0
932,7.523988919667577,19.2900277008311,0.03778393351794662,289.6437810526318,0.0
933,7.523988919667577,19.2900277008311,0.03778393351794662,301.09934315789496,0.0
934,7.523988919667577,19.2900277008311,0.03778393351794662,299.21512421052654,0.0
935,7.523988919667577,19.2900277008311,0.03778393351794662,303.7806652631581,0.0
936,7.523988919667577,19.2900277008311,0.03778393351794662,298.7806652631581,0.0
937,7.523988919667577,19.2900277008311,0.03778393351794662,308.9135115789476,0.0
938,7.523988919667577,19.2900277008311,0.03778393351794662,325.4423452631581,0.0
939,7.523988919667577,19.2900277008311,0.03778393351794662,324.13439157894754,0.0
940,7.523988919667577,19.2900277008311,0.03778393351794662,334.1880757894738,0.0
941,7.523988919667577,19.2900277008311,0.03778393351794662,329.1880757894738,0.0
942,7.523988919667577,19.2900277008311,0.03778393351794662,324.1880757894738,0.0
943,7.523988919667577,19.2900277008311,0.03778393351794662,319.1880757894738,0.0
944,7.523988919667577,19.2900277008311,0.03778393351794662,314.1880757894738,0.0
945,7.523988919667577,19.2900277008311,0.03778393351794662,309.1880757894738,0.0
946,7.523988919667577,19.2900277008311,0.03778393351794662,321.96821052631594,0.0
947,7.523988919667577,19.2900277008311,0.03778393351794662,316.96821052631594,0.0
948,7.523988919667577,19.2900277008311,0.03778393351794662,311.96821052631594,0.0
949,7.523988919667577,19.2900277008311,0.03778393351794662,317.51981052631595,0.0
950,7.523988919667577,19.2900277008311,0.03778393351794662,320.3060042105265,0.0
951,7.523988919667577,19.2900277008311,0.03778393351794662,315.3060042105265,0.0
952,7.523988919667577,19.2900277008311,0.03778393351794662,310.3060042105265,0.0
953,7.523988919667577,19.2900277008311,0.03778393351794662,305.3060042105265,0.0
954,7.523988919667577,19.2900277008311,0.03778393351794662,300.3060042105265,0.0
955,7.523988919667577,19.2900277008311,0.03778393351794662,295.3060042105265,0.0
956,7.523988919667577,19.2900277008311,0.03778393351794662,299.17985263157914,0.0
957,7.523988919667577,19.2900277008311,0.03778393351794662,294.17985263157914,0.0
958,7.523988919667577,19.2900277008311,0.03778393351794662,291.24780631578966,0.0
959,7.523988919667577,19.2900277008311,0.03778393351794662,298.42653052631596,0.0
960,7.523988919667577,19.2900277008311,0.03778393351794662,315.026530526316,0.0
961,7.523988919667577,19.2900277008311,0.03778393351794662,310.026530526316,0.0
962,7.523988919667577,19.2900277008311,0.03778393351794662,321.8091242105265,0.0
963,7.523988919667577,19.2900277008311,0.03778393351794662,319.65134315789487,0.0
964,7.523988919667577,19.2900277008311,0.03778393351794662,336.2513431578949,0.0
965,7.523988919667577,19.2900277008311,0.03778393351794662,331.2513431578949,0.0
966,7.523988919667577,19.2900277008311,0.03778393351794662,326.2513431578949,0.0
967,7.523988919667577,19.2900277008311,0.03778393351794662,321.2513431578949,0.0
968,7.523988919667577,19.2900277008311,0.03778393351794662,316.2513431578949,0.0
969,7.523988919667577,19.2900277008311,0.03778393351794662,311.2513431578949,0.0
970,7.523988919667577,19.2900277008311,0.03778393351794662,309.6214357894738,0.0
971,7.523988919667577,19.2900277008311,0.03778393351794662,311.60172210526326,0.0
972,7.523988919667577,19.2900277008311,0.03778393351794662,306.60172210526326,0.0
973,7.523988919667577,19.2900277008311,0.03778393351794662,301.60172210526326,0.0
974,7.523988919667577,19.2900277008311,0.03778393351794662,304.73491789473695,0.0
975,7.523988919667577,19.2900277008311,0.03778393351794662,300.93985684210537,0.0
976,7.523988919667577,19.2900277008311,0.03778393351794662,295.93985684210537,0.0
977,7.523988919667577,19.2900277008311,0.03778393351794662,290.93985684210537,0.0
978,7.523988919667577,19.2900277008311,0.03778393351794662,285.93985684210537,0.0
979,7.523988919667577,19.2900277008311,0.03778393351794662,280.93985684210537,0.0
980,7.523988919667577,19.2900277008311,0.03778393351794662,275.93985684210537,0.0
981,7.523988919667577,19.2900277008311,0.03778393351794662,270.93985684210537,0.0
982,7.523988919667577,19.2900277008311,0.03778393351794662,270.6192505263159,0.0
983,7.523988919667577,19.2900277008311,0.03778393351794662,265.6192505263159,0.0
984,7.523988919667577,19.2900277008311,0.03778393351794662,260.6192505263159,0.0
985,7.523988919667577,19.2900277008311,0.03778393351794662,255.61925052631588,0.0
986,7.523988919667577,19.2900277008311,0.03778393351794662,272.2192505263159,0.0
987,7.523988919667577,19.2900277008311,0.03778393351794662,269.0954189473685,0.0
988,7.523988919667577,19.2900277008311,0.03778393351794662,264.0954189473685,0.0
989,7.523988919667577,19.2900277008311,0.03778393351794662,279.85404210526326,0.0
990,7.523988919667577,19.2900277008311,0.03778393351794662,289.2410442105264,0.0
991,7.523988919667577,19.2900277008311,0.03778393351794662,284.2410442105264,0.0
992,7.523988919667577,19.2900277008311,0.03778393351794662,279.2410442105264,0.0
993,7.523988919667577,19.2900277008311,0.03778393351794662,274.2410442105264,0.0
994,7.523988919667577,19.2900277008311,0.03778393351794662,269.2410442105264,0.0
995,7.523988919667577,19.2900277008311,0.03778393351794662,285.71095157894746,0.0
996,7.523988919667577,19.2900277008311,0.03778393351794662,280.71095157894746,0.0
997,7.523988919667577,19.2900277008311,0.03778393351794662,285.460092631579,0.0
998,7.523988919667577,19.2900277008311,0.03778393351794662,287.1870147368422,0.0
999,7.523988919667577,19.2900277008311,0.03778393351794662,298.4396884210527,0.0
1000,7.523988919667577,19.2900277008311,0.03778393351794662,293.4396884210527,0.0
1001,7.523988919667577,19.2900277008311,0.03778393351794662,288.4396884210527,0.0
1002,7.523988919667577,19.2900277008311,0.03778393351794662,283.4396884210527,0.0
1003,7.523988919667577,19.2900277008311,0.03778393351794662,278.4396884210527,0.0
1004,7.523988919667577,19.2900277008311,0.03778393351794662,273.4396884210527,0.0
1005,7.523988919667577,19.2900277008311,0.03778393351794662,268.4396884210527,0.0
1006,7.523988919667577,19.2900277008311,0.03778393351794662,263.4396884210527,0.0
1007,7.523988919667577,19.2900277008311,0.03778393351794662,264.81028631578954,0.0
1008,7.523988919667577,19.2900277008311,0.03778393351794662,273.935852631579,0.0
1009,7.523988919667577,19.2900277008311,0.03778393351794662,290.535852631579,0.0
1010,7.523988919667577,19.2900277008311,0.03778393351794662,302.3054105263159,0.0
1011,7.523988919667577,19.2900277008311,0.03778393351794662,318.9054105263159,0.0
1012,7.523988919667577,19.2900277008311,0.03778393351794662,314.73219789473694,0.0
1013,7.523988919667577,19.2900277008311,0.03778393351794662,309.73219789473694,0.0
1014,7.523988919667577,19.2900277008311,0.03778393351794662,317.7508210526317,0.0
1015,7.523988919667577,19.2900277008311,0.03778393351794662,312.7508210526317,0.0
1016,7.523988919667577,19.2900277008311,0.03778393351794662,307.7508210526317,0.0
1017,7.523988919667577,19.2900277008311,0.03778393351794662,302.7508210526317,0.0
1018,7.523988919667577,19.2900277008311,0.03778393351794662,297.7508210526317,0.0
1019,7.523988919667577,19.2900277008311,0.03778393351794662,305.5254400000001,0.0
1020,7.523988919667577,19.2900277008311,0.03778393351794662,300.5254400000001,0.0
1021,7.523988919667577,19.2900277008311,0.03778393351794662,295.5254400000001,0.0
1022,7.523988919667577,19.2900277008311,0.03778393351794662,301.0026147368422,0.0
1023,7.523988919667577,19.2900277008311,0.03778393351794662,296.0026147368422,0.0
1024,7.523988919667577,19.2900277008311,0.03778393351794662,291.0026147368422,0.0
1025,7.523988919667577,19.2900277008311,0.03778393351794662,286.0026147368422,0.0
1026,7.523988919667577,19.2900277008311,0.03778393351794662,281.0026147368422,0.0
1027,7.523988919667577,19.2900277008311,0.03778393351794662,276.0026147368422,0.0
1028,7.523988919667577,19.2900277008311,0.03778393351794662,271.0026147368422,0.0
1029,7.523988919667577,19.2900277008311,0.03778393351794662,266.0026147368422,0.0
1030,7.523988919667577,19.2900277008311,0.03778393351794662,267.09650526315795,0.0
1031,7.523988919667577,19.2900277008311,0.03778393351794662,274.0982989473685,0.0
1032,7.523988919667577,19.2900277008311,0.03778393351794662,290.6982989473685,0.0
1033,7.523988919667577,19.2900277008311,0.03778393351794662,285.6982989473685,0.0
1034,7.523988919667577,19.2900277008311,0.03778393351794662,281.48616842105275,0.0
1035,7.523988919667577,19.2900277008311,0.03778393351794662,277.6064505263159,0.0
1036,7.523988919667577,19.2900277008311,0.03778393351794662,289.0460968421053,0.0
1037,7.523988919667577,19.2900277008311,0.03778393351794662,289.3298736842106,0.0
1038,7.523988919667577,19.2900277008311,0.03778393351794662,284.3298736842106,0.0
1039,7.523988919667577,19.2900277008311,0.03778393351794662,279.3298736842106,0.0
1040,7.523988919667577,19.2900277008311,0.03778393351794662,274.3298736842106,0.0
1041,7.523988919667577,19.2900277008311,0.03778393351794662,269.3298736842106,0.0
1042,7.523988919667577,19.2900277008311,0.03778393351794662,267.7720421052632,0.0
1043,7.523988919667577,19.2900277008311,0.03778393351794662,284.37204210526323,0.0
1044,7.523988919667577,19.2900277008311,0.03778393351794662,279.37204210526323,0.0
1045,7.523988919667577,19.2900277008311,0.03778393351794662,284.5262400000001,0.0
1046,7.523988919667577,19.2900277008311,0.03778393351794662,301.1262400000001,0.0
1047,7.523988919667577,19.2900277008311,0.03778393351794662,296.1262400000001,0.0
1048,7.523988919667577,19.2900277008311,0.03778393351794662,291.1262400000001,0.0
1049,7.523988919667577,19.2900277008311,0.03778393351794662,286.1262400000001,0.0
1050,7.523988919667577,19.2900277008311,0.03778393351794662,281.1262400000001,0.0
1051,7.523988919667577,19.2900277008311,0.03778393351794662,276.1262400000001,0.0
1052,7.523988919667577,19.2900277008311,0.03778393351794662,278.19152421052644,0.0
1053,7.523988919667577,19.2900277008311,0.03778393351794662,284.1869094736843,0.0
1054,7.523988919667577,19.2900277008311,0.03778393351794662,279.1869094736843,0.0
1055,7.523988919667577,19.2900277008311,0.03778393351794662,281.7228463157896,0.0
1056,7.523988919667577,19.2900277008311,0.03778393351794662,285.26985263157906,0.0
1057,7.523988919667577,19.2900277008311,0.03778393351794662,295.01571789473695,0.0
1058,7.523988919667577,19.2900277008311,0.03778393351794662,304.0568547368422,0.0
1059,7.523988919667577,19.2900277008311,0.03778393351794662,320.6568547368422,0.0
1060,7.523988919667577,19.2900277008311,0.03778393351794662,331.3567200000001,0.0
1061,7.523988919667577,19.2900277008311,0.03778393351794662,326.3567200000001,0.0
1062,7.523988919667577,19.2900277008311,0.03778393351794662,321.3567200000001,0.0
1063,7.523988919667577,19.2900277008311,0.03778393351794662,316.3567200000001,0.0
1064,7.523988919667577,19.2900277008311,0.03778393351794662,311.3567200000001,0.0
1065,7.523988919667577,19.2900277008311,0.03778393351794662,306.3567200000001,0.0
1066,7.523988919667577,19.2900277008311,0.03778393351794662,301.3567200000001,0.0
1067,7.523988919667577,19.2900277008311,0.03778393351794662,304.9416968421054,0.0
1068,7.523988919667577,19.2900277008311,0.03778393351794662,299.9416968421054,0.0
1069,7.523988919667577,19.2900277008311,0.03778393351794662,306.88414736842117,0.0
1070,7.523988919667577,19.2900277008311,0.03778393351794662,314.8809431578949,0.0
1071,7.523988919667577,19.2900277008311,0.03778393351794662,329.5557768421054,0.0
1072,7.523988919667577,19.2900277008311,0.03778393351794662,324.5557768421054,0.0
1073,7.523988919667577,19.2900277008311,0.03778393351794662,319.5557768421054,0.0
1074,7.523988919667577,19.2900277008311,0.03778393351794662,314.5557768421054,0.0
1075,7.523988919667577,19.2900277008311,0.03778393351794662,309.5557768421054,0.0
1076,7.523988919667577,19.2900277008311,0.03778393351794662,304.5557768421054,0.0
1077,7.523988919667577,19.2900277008311,0.03778393351794662,299.5557768421054,0.0
1078,7.523988919667577,19.2900277008311,0.03778393351794662,294.5557768421054,0.0
1079,7.523988919667577,19.2900277008311,0.03778393351794662,289.5557768421054,0.0
1080,7.523988919667577,19.2900277008311,0.03778393351794662,294.67173894736857,0.0
1081,7.523988919667577,19.2900277008311,0.03778393351794662,289.67173894736857,0.0
1082,7.523988919667577,19.2900277008311,0.03778393351794662,306.2717389473686,0.0
1083,7.523988919667577,19.2900277008311,0.03778393351794662,304.1027031578949,0.0
1084,7.523988919667577,19.2900277008311,0.03778393351794662,299.60143578947384,0.0
1085,7.523988919667577,19.2900277008311,0.03778393351794662,294.60143578947384,0.0
1086,7.523988919667577,19.2900277008311,0.03778393351794662,291.19930526315807,0.0
1087,7.523988919667577,19.2900277008311,0.03778393351794662,286.19930526315807,0.0
1088,7.523988919667577,19.2900277008311,0.03778393351794662,281.19930526315807,0.0
1089,7.523988919667577,19.2900277008311,0.03778393351794662,276.19930526315807,0.0
1090,7.523988919667577,19.2900277008311,0.03778393351794662,292.7993052631581,0.0
1091,7.523988919667577,19.2900277008311,0.03778393351794662,287.7993052631581,0.0
1092,7.523988919667577,19.2900277008311,0.03778393351794662,294.9720042105265,0.0
1093,7.523988919667577,19.2900277008311,0.03778393351794662,289.9720042105265,0.0
1094,7.523988919667577,19.2900277008311,0.03778393351794662,284.9720042105265,0.0
1095,7.523988919667577,19.2900277008311,0.03778393351794662,279.9720042105265,0.0
1096,7.523988919667577,19.2900277008311,0.03778393351794662,274.9720042105265,0.0
1097,7.523988919667577,19.2900277008311,0.03778393351794662,269.9720042105265,0.0
1098,7.523988919667577,19.2900277008311,0.03778393351794662,264.9720042105265,0.0
1099,7.523988919667577,19.2900277008311,0.03778393351794662,259.9720042105265,0.0
1100,7.523988919667577,19.2900277008311,0.03778393351794662,254.9720042105265,0.0
1101,7.523988919667577,19.2900277008311,0.03778393351794662,249.9720042105265,0.0
1102,7.523988919667577,19.2900277008311,0.03778393351794662,262.35314526315807,0.0
1103,7.523988919667577,19.2900277008311,0.03778393351794662,257.35314526315807,0.0
1104,7.523988919667577,19.2900277008311,0.03778393351794662,264.0332884210528,0.0
1105,7.523988919667577,19.2900277008311,0.03778393351794662,273.13714105263176,0.0
1106,7.523988919667577,19.2900277008311,0.03778393351794662,289.7371410526318,0.0
1107,7.523988919667577,19.2900277008311,0.03778393351794662,297.58891368421075,0.0
1108,7.523988919667577,19.2900277008311,0.03778393351794662,292.58891368421075,0.0
1109,7.523988919667577,19.2900277008311,0.03778393351794662,287.58891368421075,0.0
1110,7.523988919667577,19.2900277008311,0.03778393351794662,282.58891368421075,0.0
1111,7.523988919667577,19.2900277008311,0.03778393351794662,277.58891368421075,0.0
1112,7.523988919667577,19.2900277008311,0.03778393351794662,272.58891368421075,0.0
1113,7.523988919667577,19.2900277008311,0.03778393351794662,267.58891368421075,0.0
1114,7.523988919667577,19.2900277008311,0.03778393351794662,283.8339157894739,0.0
1115,7.523988919667577,19.2900277008311,0.03778393351794662,285.7638021052634,0.0
1116,7.523988919667577,19.2900277008311,0.03778393351794662,290.2327115789476,0.0
1117,7.523988919667577,19.2900277008311,0.03778393351794662,285.2327115789476,0.0
1118,7.523988919667577,19.2900277008311,0.03778393351794662,280.2327115789476,0.0
1119,7.523988919667577,19.2900277008311,0.03778393351794662,275.2327115789476,0.0
1120,7.523988919667577,19.2900277008311,0.03778393351794662,270.2327115789476,0.0
1121,7.523988919667577,19.2900277008311,0.03778393351794662,265.2327115789476,0.0
1122,7.523988919667577,19.2900277008311,0.03778393351794662,260.2327115789476,0.0
1123,2.6762880886426528,19.2900277008311,0.03778393351794662,255.2327115789476,0.0
1124,2.6762880886426528,19.2900277008311,0.03778393351794662,256.5872421052634,0.0
1125,2.6762880886426528,19.2900277008311,0.03778393351794662,251.58724210526339,0.0
1126,2.6762880886426528,19.2900277008311,0.03778393351794662,246.58724210526339,0.0
1127,2.6762880886426528,19.2900277008311,0.03778393351794662,246.25083368421073,0.0
1128,2.6762880886426528,19.2900277008311,0.03778393351794662,252.84806315789496,0.0
1129,2.6762880886426528,19.2900277008311,0.03778393351794662,247.84806315789496,0.0
1130,2.6762880886426528,19.2900277008311,0.03778393351794662,242.84806315789496,0.0
1131,2.6762880886426528,19.2900277008311,0.03778393351794662,252.21115368421073,0.0
1132,2.6762880886426528,19.2900277008311,0.03778393351794662,262.8065052631581,0.0
1133,2.6762880886426528,19.2900277008311,0.03778393351794662,257.8065052631581,0.0
1134,2.6762880886426528,19.2900277008311,0.03778393351794662,252.8065052631581,0.0
1135,2.6762880886426528,19.2900277008311,0.03778393351794662,247.8065052631581,0.0
1136,2.6762880886426528,19.2900277008311,0.03778393351794662,242.8065052631581,0.0
1137,2.6762880886426528,19.2900277008311,0.03778393351794662,237.8065052631581,0.0
1138,2.6762880886426528,19.2900277008311,0.03778393351794662,239.9685347368423,0.0
1139,2.6762880886426528,19.2900277008311,0.03778393351794662,245.83348631578966,0.0
1140,2.6762880886426528,19.2900277008311,0.03778393351794662,240.83348631578966,0.0
1141,2.6762880886426528,19.2900277008311,0.03778393351794662,257.43348631578965,0.0
1142,2.6762880886426528,19.2900277008311,0.03778393351794662,259.40346526315807,0.0
1143,2.6762880886426528,19.2900277008311,0.03778393351794662,254.4034652631581,0.0
1144,2.6762880886426528,19.2900277008311,0.03778393351794662,249.4034652631581,0.0
1145,2.6762880886426528,19.2900277008311,0.03778393351794662,244.4034652631581,0.0
1146,2.6762880886426528,19.2900277008311,0.03778393351794662,239.4034652631581,0.0
1147,2.6762880886426528,19.2900277008311,0.03778393351794662,234.4034652631581,0.0
1148,2.6762880886426528,19.2900277008311,0.03778393351794662,235.8940000000002,0.0
1149,2.6762880886426528,19.2900277008311,0.03778393351794662,230.8940000000002,0.0
1150,2.6762880886426528,19.2900277008311,0.03778393351794662,225.8940000000002,0.0
1151,2.6762880886426528,19.2900277008311,0.03778393351794662,220.8940000000002,0.0
1152,2.6762880886426528,19.2900277008311,0.03778393351794662,215.8940000000002,0.0
1153,2.6762880886426528,19.2900277008311,0.03778393351794662,210.8940000000002,0.0
1154,2.6762880886426528,19.2900277008311,0.03778393351794662,205.8940000000002,0.0
1155,2.6762880886426528,19.2900277008311,0.03778393351794662,200.8940000000002,0.0
1156,2.6762880886426528,19.2900277008311,0.03778393351794662,195.8940000000002,0.0
1157,2.6762880886426528,19.2900277008311,0.03778393351794662,205.05613473684232,0.0
1158,2.6762880886426528,19.2900277008311,0.03778393351794662,200.05613473684232,0.0
1159,2.6762880886426528,19.2900277008311,0.03778393351794662,195.05613473684232,0.0
1160,2.6762880886426528,19.2900277008311,0.03778393351794662,190.05613473684232,0.0
1161,2.6762880886426528,19.2900277008311,0.03778393351794662,185.05613473684232,0.0
1162,2.6762880886426528,19.2900277008311,0.03778393351794662,187.29596210526336,0.0
1163,2.6762880886426528,19.2900277008311,0.03778393351794662,194.28559157894756,0.0
1164,2.6762880886426528,19.2900277008311,0.03778393351794662,200.61661052631598,0.0
1165,2.6762880886426528,19.2900277008311,0.03778393351794662,195.61661052631598,0.0
1166,2.6762880886426528,19.2900277008311,0.03778393351794662,190.61661052631598,0.0
1167,2.6762880886426528,19.2900277008311,0.03778393351794662,185.61661052631598,0.0
1168,2.6762880886426528,19.2900277008311,0.03778393351794662,180.61661052631598,0.0
1169,2.6762880886426528,19.2900277008311,0.03778393351794662,175.61661052631598,0.0
1170,2.6762880886426528,19.2900277008311,0.03778393351794662,170.61661052631598,0.0
1171,2.6762880886426528,19.2900277008311,0.03778393351794662,165.61661052631598,0.0
1172,2.6762880886426528,19.2900277008311,0.03778393351794662,160.61661052631598,0.0
1173,2.6762880886426528,19.2900277008311,0.03778393351794662,155.61661052631598,0.0
1174,2.6762880886426528,19.2900277008311,0.03778393351794662,150.61661052631598,0.0
1175,2.6762880886426528,19.2900277008311,0.03778393351794662,152.14560842105283,0.0
1176,2.6762880886426528,19.2900277008311,0.03778393351794662,157.397877894737,0.0
1177,2.6762880886426528,19.2900277008311,0.03778393351794662,168.92282526315807,0.0
1178,2.6762880886426528,19.2900277008311,0.03778393351794662,179.4187789473686,0.0
1179,2.6762880886426528,19.2900277008311,0.03778393351794662,175.9055031578949,0.0
1180,2.6762880886426528,19.2900277008311,0.03778393351794662,183.8204084210528,0.0
1181,2.6762880886426528,19.2900277008311,0.03778393351794662,187.8957431578949,0.0
1182,2.6762880886426528,19.2900277008311,0.03778393351794662,182.8957431578949,0.0
1183,2.6762880886426528,19.2900277008311,0.03778393351794662,177.8957431578949,0.0
1184,2.6762880886426528,19.2900277008311,0.03778393351794662,184.55167157894755,0.0
1185,2.6762880886426528,19.2900277008311,0.03778393351794662,197.09685894736862,0.0
1186,2.6762880886426528,19.2900277008311,0.03778393351794662,192.09685894736862,0.0
1187,2.6762880886426528,19.2900277008311,0.03778393351794662,187.09685894736862,0.0
1188,2.6762880886426528,19.2900277008311,0.03778393351794662,203.6968589473686,0.0
1189,2.6762880886426528,19.2900277008311,0.03778393351794662,220.2968589473686,0.0
1190,2.6762880886426528,19.2900277008311,0.03778393351794662,236.8968589473686,0.0
1191,2.6762880886426528,19.2900277008311,0.03778393351794662,231.8968589473686,0.0
1192,2.6762880886426528,19.2900277008311,0.03778393351794662,226.8968589473686,0.0
1193,2.6762880886426528,19.2900277008311,0.03778393351794662,221.8968589473686,0.0
1194,2.6762880886426528,19.2900277008311,0.03778393351794662,216.8968589473686,0.0
1195,2.6762880886426528,19.2900277008311,0.03778393351794662,211.8968589473686,0.0
1196,2.6762880886426528,19.2900277008311,0.03778393351794662,206.8968589473686,0.0
1197,2.6762880886426528,19.2900277008311,0.03778393351794662,212.9495031578949,0.0
1198,2.6762880886426528,19.2900277008311,0.03778393351794662,207.9495031578949,0.0
1199,2.6762880886426528,19.2900277008311,0.03778393351794662,202.9495031578949,0.0
1200,2.6762880886426528,19.2900277008311,0.03778393351794662,197.9495031578949,0.0
1201,2.6762880886426528,19.2900277008311,0.03778393351794662,214.5495031578949,0.0
1202,2.6762880886426528,19.2900277008311,0.03778393351794662,209.5495031578949,0.0
1203,2.6762880886426528,19.2900277008311,0.03778393351794662,226.14950315789488,0.0
1204,2.6762880886426528,19.2900277008311,0.03778393351794662,233.2912421052633,0.0
1205,2.6762880886426528,19.2900277008311,0.03778393351794662,228.2912421052633,0.0
1206,2.6762880886426528,19.2900277008311,0.03778393351794662,237.31506105263173,0.0
1207,2.6762880886426528,19.2900277008311,0.03778393351794662,232.31506105263173,0.0
1208,2.6762880886426528,19.2900277008311,0.03778393351794662,227.31506105263173,0.0
1209,2.6762880886426528,19.2900277008311,0.03778393351794662,222.31506105263173,0.0
1210,2.6762880886426528,19.2900277008311,0.03778393351794662,228.7505936842107,0.0
1211,2.6762880886426528,19.2900277008311,0.03778393351794662,235.49390736842122,0.0
1212,2.6762880886426528,19.2900277008311,0.03778393351794662,230.58250526315805,0.0
1213,2.6762880886426528,19.2900277008311,0.03778393351794662,244.21860631578963,0.0
1214,2.6762880886426528,19.2900277008311,0.03778393351794662,260.8186063157896,0.0
1215,2.6762880886426528,19.2900277008311,0.03778393351794662,258.58075368421066,0.0
1216,2.6762880886426528,19.2900277008311,0.03778393351794662,253.58075368421063,0.0
1217,2.6762880886426528,19.2900277008311,0.03778393351794662,248.58075368421063,0.0
1218,2.6762880886426528,19.2900277008311,0.03778393351794662,243.58075368421063,0.0
1219,2.6762880886426528,19.2900277008311,0.03778393351794662,238.58075368421063,0.0
1220,2.6762880886426528,19.2900277008311,0.03778393351794662,233.58075368421063,0.0
1221,2.6762880886426528,19.2900277008311,0.03778393351794662,228.58075368421063,0.0
1222,2.6762880886426528,19.2900277008311,0.03778393351794662,223.58075368421063,0.0
1223,2.6762880886426528,19.2900277008311,0.03778393351794662,218.58075368421063,0.0
1224,2.6762880886426528,19.2900277008311,0.03778393351794662,213.58075368421063,0.0
1225,2.6762880886426528,19.2900277008311,0.03778393351794662,208.58075368421063,0.0
1226,2.6762880886426528,19.2900277008311,0.03778393351794662,225.18075368421063,0.0
1227,2.6762880886426528,19.2900277008311,0.03778393351794662,232.8619242105264,0.0
1228,2.6762880886426528,19.2900277008311,0.03778393351794662,237.4855200000001,0.0
1229,2.6762880886426528,19.2900277008311,0.03778393351794662,232.4855200000001,0.0
1230,2.6762880886426528,19.2900277008311,0.03778393351794662,227.4855200000001,0.0
1231,2.6762880886426528,19.2900277008311,0.03778393351794662,244.05247578947376,0.0
1232,2.6762880886426528,19.2900277008311,0.03778393351794662,239.05247578947376,0.0
1233,2.6762880886426528,19.2900277008311,0.03778393351794662,234.05247578947376,0.0
1234,2.6762880886426528,19.2900277008311,0.03778393351794662,232.7364884210527,0.0
1235,2.6762880886426528,19.2900277008311,0.03778393351794662,227.7364884210527,0.0
1236,2.6762880886426528,19.2900277008311,0.03778393351794662,222.7364884210527,0.0
1237,2.6762880886426528,19.2900277008311,0.03778393351794662,229.20279157894745,0.0
1238,2.6762880886426528,19.2900277008311,0.03778393351794662,224.20279157894745,0.0
1239,2.6762880886426528,19.2900277008311,0.03778393351794662,234.96374315789484,0.0
1240,2.6762880886426528,19.2900277008311,0.03778393351794662,229.96374315789484,0.0
1241,2.6762880886426528,19.2900277008311,0.03778393351794662,224.96374315789484,0.0
1242,2.6762880886426528,19.2900277008311,0.03778393351794662,219.96374315789484,0.0
1243,2.6762880886426528,19.2900277008311,0.03778393351794662,214.96374315789484,0.0
1244,2.6762880886426528,19.2900277008311,0.03778393351794662,209.96374315789484,0.0
1245,2.6762880886426528,19.2900277008311,0.03778393351794662,204.96374315789484,0.0
1246,2.6762880886426528,19.2900277008311,0.03778393351794662,199.96374315789484,0.0
1247,2.6762880886426528,19.2900277008311,0.03778393351794662,194.96374315789484,0.0
1248,2.6762880886426528,19.2900277008311,0.03778393351794662,189.96374315789484,0.0
1249,2.6762880886426528,19.2900277008311,0.03778393351794662,184.96374315789484,0.0
1250,2.6762880886426528,19.2900277008311,0.03778393351794662,179.96374315789484,0.0
1251,2.6762880886426528,19.2900277008311,0.03778393351794662,174.96374315789484,0.0
1252,2.6762880886426528,19.2900277008311,0.03778393351794662,191.56374315789483,0.0
1253,2.6762880886426528,19.2900277008311,0.03778393351794662,186.6356294736843,0.0
1254,2.6762880886426528,19.2900277008311,0.03778393351794662,181.6356294736843,0.0
1255,2.6762880886426528,19.2900277008311,0.03778393351794662,176.6356294736843,0.0
1256,2.6762880886426528,19.2900277008311,0.03778393351794662,171.6356294736843,0.0
1257,2.6762880886426528,19.2900277008311,0.03778393351794662,166.6356294736843,0.0
1258,2.6762880886426528,19.2900277008311,0.03778393351794662,161.6356294736843,0.0
1259,2.6762880886426528,19.2900277008311,0.03778393351794662,164.80251368421062,0.0
1260,2.6762880886426528,19.2900277008311,0.03778393351794662,170.63229894736853,0.0
1261,2.6762880886426528,19.2900277008311,0.03778393351794662,187.23229894736852,0.0
1262,2.6762880886426528,19.2900277008311,0.03778393351794662,190.8425894736843,0.0
1263,2.6762880886426528,19.2900277008311,0.03778393351794662,200.87785684210536,0.0
1264,2.6762880886426528,19.2900277008311,0.03778393351794662,195.87785684210536,0.0
1265,2.6762880886426528,19.2900277008311,0.03778393351794662,190.87785684210536,0.0
1266,2.6762880886426528,19.2900277008311,0.03778393351794662,196.38178526315798,0.0
1267,2.6762880886426528,19.2900277008311,0.03778393351794662,191.38178526315798,0.0
1268,2.6762880886426528,19.2900277008311,0.03778393351794662,186.38178526315798,0.0
1269,2.6762880886426528,19.2900277008311,0.03778393351794662,181.38178526315798,0.0
1270,2.6762880886426528,19.2900277008311,0.03778393351794662,179.78912842105274,0.0
1271,2.6762880886426528,19.2900277008311,0.03778393351794662,181.16692631578957,0.0
1272,2.6762880886426528,19.2900277008311,0.03778393351794662,176.16692631578957,0.0
1273,2.6762880886426528,19.2900277008311,0.03778393351794662,171.16692631578957,0.0
1274,2.6762880886426528,19.2900277008311,0.03778393351794662,168.24943157894745,0.0
1275,2.6762880886426528,19.2900277008311,0.03778393351794662,165.4146989473685,0.0
1276,2.6762880886426528,19.2900277008311,0.03778393351794662,173.72477052631587,0.0
1277,2.6762880886426528,19.2900277008311,0.03778393351794662,189.00406315789482,0.0
1278,2.6762880886426528,19.2900277008311,0.03778393351794662,198.76754947368428,0.0
1279,2.6762880886426528,19.2900277008311,0.03778393351794662,193.76754947368428,0.0
1280,2.6762880886426528,19.2900277008311,0.03778393351794662,189.991852631579,0.0
1281,2.6762880886426528,19.2900277008311,0.03778393351794662,188.29369684210533,0.0
1282,2.6762880886426528,19.2900277008311,0.03778393351794662,183.29369684210533,0.0
1283,2.6762880886426528,19.2900277008311,0.03778393351794662,178.29369684210533,0.0
1284,2.6762880886426528,19.2900277008311,0.03778393351794662,194.89369684210533,0.0
1285,2.6762880886426528,19.2900277008311,0.03778393351794662,189.89369684210533,0.0
1286,2.6762880886426528,19.2900277008311,0.03778393351794662,206.49369684210532,0.0
1287,2.6762880886426528,19.2900277008311,0.03778393351794662,222.10434105263164,0.0
1288,2.6762880886426528,19.2900277008311,0.03778393351794662,217.10434105263164,0.0
1289,-0.0,19.2900277008311,0.03778393351794662,212.10434105263164,0.0
1290,0.0,19.2900277008311,0.03778393351794662,207.10434105263164,0.0
1291,-0.0,19.2900277008311,0.03778393351794662,202.10434105263164,0.0
1292,-0.0,19.2900277008311,0.03778393351794662,197.10434105263164,0.0
1293,-0.0,19.2900277008311,0.03778393351794662,192.10434105263164,0.0
1294,-0.0,19.2900277008311,0.03778393351794662,187.10434105263164,0.0
1295,-0.0,19.2900277008311,0.03778393351794662,182.10434105263164,0.0
1296,-0.0,19.2900277008311,0.03778393351794662,186.2778231578948,0.0
1297,-0.0,19.2900277008311,0.03778393351794662,181.2778231578948,0.0
1298,-0.0,19.2900277008311,0.03778393351794662,193.62436631578953,0.0
1299,-0.0,19.2900277008311,0.03778393351794662,188.62436631578953,0.0
1300,-0.0,19.2900277008311,0.03778393351794662,197.22831157894743,0.0
1301,-0.0,19.2900277008311,0.03778393351794662,194.3430273684211,0.0
1302,-0.0,19.2900277008311,0.03778393351794662,189.3430273684211,0.0
1303,-0.0,19.2900277008311,0.03778393351794662,184.3430273684211,0.0
1304,-0.0,19.2900277008311,0.03778393351794662,179.3430273684211,0.0
1305,-0.0,19.2900277008311,0.03778393351794662,174.3430273684211,0.0
1306,-0.0,19.2900277008311,0.03778393351794662,169.3430273684211,0.0
1307,-0.0,19.2900277008311,0.03778393351794662,164.3430273684211,0.0
1308,-0.0,19.2900277008311,0.03778393351794662,172.21219368421058,0.0
1309,-0.0,19.2900277008311,0.03778393351794662,167.21219368421058,0.0
1310,-0.0,19.2900277008311,0.03778393351794662,162.21219368421058,0.0
1311,-0.0,19.2900277008311,0.03778393351794662,157.21219368421058,0.0
1312,-0.0,19.2900277008311,0.03778393351794662,152.21219368421058,0.0
1313,-0.0,19.2900277008311,0.03778393351794662,147.21219368421058,0.0
1314,-0.0,19.2900277008311,0.03778393351794662,142.21219368421058,0.0
1315,-0.0,19.2900277008311,0.03778393351794662,137.21219368421058,0.0
1316,-0.0,19.2900277008311,0.03778393351794662,132.21219368421058,0.0
1317,-0.0,19.2900277008311,0.03778393351794662,127.21219368421058,0.0
1318,-0.0,19.2900277008311,0.03778393351794662,122.21219368421058,0.0
1319,-0.0,19.2900277008311,0.03778393351794662,134.05208421052637,0.0
1320,-0.0,19.2900277008311,0.03778393351794662,129.05208421052637,0.0
1321,-0.0,19.2900277008311,0.03778393351794662,132.25042105263165,0.0
1322,-0.0,19.2900277008311,0.03778393351794662,127.25042105263165,0.0
1323,-0.0,19.2900277008311,0.03778393351794662,132.38218526315796,0.0
1324,-0.0,19.2900277008311,0.03778393351794662,127.38218526315795,0.0
1325,-0.0,19.2900277008311,0.03778393351794662,122.38218526315795,0.0
1326,-0.0,19.2900277008311,0.03778393351794662,117.38218526315795,0.0
1327,-0.0,19.2900277008311,0.03778393351794662,112.38218526315795,0.0
1328,-0.0,19.2900277008311,0.03778393351794662,107.38218526315795,0.0
1329,-0.0,19.2900277008311,0.03778393351794662,102.38218526315795,0.0
1330,-0.0,19.2900277008311,0.03778393351794662,100.10007157894744,0.0
1331,-0.0,19.2900277008311,0.03778393351794662,98.15226526315796,0.0
1332,-0.0,19.2900277008311,0.03778393351794662,93.15226526315796,0.0
1333,-0.0,19.2900277008311,0.03778393351794662,88.15226526315796,0.0
1334,-0.0,19.2900277008311,0.03778393351794662,104.75226526315795,0.0
1335,-0.0,19.2900277008311,0.03778393351794662,99.75226526315795,0.0
1336,-0.0,19.2900277008311,0.03778393351794662,94.75226526315795,0.0
1337,-0.0,19.2900277008311,0.03778393351794662,89.75226526315795,0.0
1338,-0.0,11.991191135734072,0.0,84.75226526315795,0.0
1339,-0.0,11.991191135734072,-0.0,79.75226526315795,0.0
1340,-0.0,11.991191135734072,-0.0,74.75226526315795,0.0
1341,-0.0,11.991191135734072,-0.0,69.75226526315795,0.0
1342,-0.0,11.991191135734072,-0.0,64.75226526315795,0.0
1343,-0.0,11.991191135734072,-0.0,65.00784842105269,0.0
1344,-0.0,11.991191135734072,-0.0,60.007848421052685,0.0
1345,-0.0,11.991191135734072,-0.0,55.007848421052685,0.0
1346,-0.0,11.991191135734072,-0.0,63.073574736842154,0.0
1347,-0.0,11.991191135734072,-0.0,70.75592000000005,0.0
1348,-0.0,11.991191135734072,-0.0,75.27473684210531,0.0
1349,-0.0,11.991191135734072,-0.0,70.27473684210531,0.0
1350,-0.0,11.991191135734072,-0.0,65.27473684210531,0.0
1351,-0.0,11.991191135734072,-0.0,68.34567157894742,0.0
1352,-0.0,11.991191135734072,-0.0,63.34567157894742,0.0
1353,-0.0,11.991191135734072,-0.0,58.34567157894742,0.0
1354,-0.0,11.991191135734072,-0.0,53.34567157894742,0.0
1355,-0.0,11.991191135734072,-0.0,48.34567157894742,0.0
1356,-0.0,11.991191135734072,-0.0,43.34567157894742,0.0
1357,-0.0,11.991191135734072,-0.0,47.9404673684211,0.0
1358,-0.0,11.991191135734072,-0.0,42.9404673684211,0.0
1359,-0.0,11.991191135734072,-0.0,37.9404673684211,0.0
1360,-0.0,11.991191135734072,-0.0,32.9404673684211,0.0
1361,-0.0,9.30349030470914,-0.0,27.940467368421103,0.0
1362,0.0,9.30349030470914,-0.0,22.940467368421103,0.0
1363,-0.0,9.30349030470914,-0.0,17.940467368421103,0.0
1364,-0.0,9.30349030470914,-0.0,12.940467368421103,0.0
1365,-0.0,9.30349030470914,0.0,16.95058526315795,0.0
1366,-0.0,9.30349030470914,-0.0,11.95058526315795,0.0
1367,-0.0,9.30349030470914,-0.0,6.950585263157951,0.0
1368,-0.0,9.30349030470914,-0.0,12.04293894736846,0.0
1369,-0.0,9.30349030470914,-0.0,7.0429389473684605,0.0
1370,-0.0,9.30349030470914,-0.0,17.49353263157898,0.0
1371,-0.0,9.30349030470914,-0.0,13.428168421052677,0.0
1372,-0.0,9.30349030470914,-0.0,24.142547368421106,0.0
1373,-0.0,9.30349030470914,-0.0,27.405646315789518,0.0
1374,-0.0,9.30349030470914,-0.0,22.405646315789518,0.0
1375,-0.0,9.30349030470914,-0.0,17.405646315789518,0.0
1376,-0.0,9.30349030470914,-0.0,13.773608421052693,0.0
1377,-0.0,9.30349030470914,-0.0,8.773608421052693,0.0
1378,-0.0,9.30349030470914,-0.0,25.37360842105269,0.0
1379,-0.0,9.30349030470914,-0.0,20.37360842105269,0.0
1380,-0.0,9.30349030470914,-0.0,17.712850526315847,0.0
1381,-0.0,9.30349030470914,-0.0,15.389014736842146,0.0
1382,-0.0,9.30349030470914,-0.0,31.989014736842144,0.0
1383,-0.0,9.30349030470914,-0.0,26.989014736842144,0.0
1384,-0.0,9.30349030470914,-0.0,21.989014736842144,0.0
1385,-0.0,9.30349030470914,-0.0,16.989014736842144,0.0
1386,-0.0,9.30349030470914,-0.0,11.989014736842142,0.0
1387,-0.0,9.30349030470914,-0.0,6.989014736842142,0.0
1388,-0.0,9.30349030470914,-0.0,1.989014736842142,0.0
1389,-0.0,9.30349030470914,-0.0,0.24220210526316865,0.0
1390,-0.0,9.30349030470914,-0.0,0.0,0.0
1391,-0.0,9.30349030470914,-0.0,0.0,0.0
1392,-0.0,9.30349030470914,-0.0,10.980892631578946,0.0
1393,-0.0,9.30349030470914,-0.0,25.219482105263157,0.0
1394,-0.0,9.30349030470914,-0.0,28.016778947368397,0.0
1395,-0.0,9.30349030470914,-0.0,31.039511578947334,0.0
1396,-0.0,9.30349030470914,-0.0,30.620227368421013,0.0
1397,-0.0,9.30349030470914,-0.0,36.92002105263152,0.0
1398,-0.0,9.30349030470914,-0.0,31.92002105263152,0.0
1399,-0.0,9.30349030470914,-0.0,45.21605473684204,0.0
1400,-0.0,9.30349030470914,-0.0,44.23930105263152,0.0
1401,-0.0,9.30349030470914,-0.0,60.83930105263151,0.0
1402,-0.0,9.30349030470914,-0.0,55.83930105263151,0.0
1403,-0.0,9.30349030470914,-0.0,68.52272842105256,0.0
1404,-0.0,9.30349030470914,-0.0,69.66402526315782,0.0
1405,-0.0,9.30349030470914,-0.0,86.26402526315782,0.0
1406,-0.0,9.30349030470914,-0.0,85.9564168421052,0.0
1407,-0.0,9.30349030470914,-0.0,93.20589052631576,0.0
1408,-0.0,9.30349030470914,-0.0,88.59419789473682,0.0
1409,-0.0,9.30349030470914,-0.0,83.59419789473682,0.0
1410,-0.0,9.30349030470914,-0.0,78.59419789473682,0.0
1411,-0.0,9.30349030470914,-0.0,73.59419789473682,0.0
1412,-0.0,9.30349030470914,-0.0,68.59419789473682,0.0
1413,-0.0,9.30349030470914,-0.0,63.59419789473682,0.0
1414,-0.0,9.30349030470914,-0.0,58.59419789473682,0.0
1415,-0.0,9.30349030470914,-0.0,66.76364210526313,0.0
1416,-0.0,9.30349030470914,-0.0,66.36955789473681,0.0
1417,-0.0,9.30349030470914,-0.0,68.49770947368418,0.0
1418,-0.0,9.30349030470914,-0.0,72.99894315789471,0.0
1419,-0.0,9.30349030470914,-0.0,77.4401136842105,0.0
1420,-0.0,9.30349030470914,-0.0,78.36044631578945,0.0
1421,-0.0,9.30349030470914,-0.0,85.87529684210523,0.0
1422,-0.0,9.30349030470914,-0.0,84.7419621052631,0.0
1423,-0.0,9.30349030470914,-0.0,84.64925473684204,0.0
1424,-0.0,9.30349030470914,-0.0,79.64925473684204,0.0
1425,-0.0,9.30349030470914,-0.0,84.64023999999993,0.0
1426,-0.0,9.30349030470914,-0.0,95.52757052631571,0.0
1427,-0.0,9.30349030470914,-0.0,96.3626021052631,0.0
1428,-0.0,9.30349030470914,-0.0,100.31834105263151,0.0
1429,-0.0,9.30349030470914,-0.0,105.33649684210516,0.0
1430,-0.0,9.30349030470914,-0.0,108.26771368421043,0.0
1431,-0.0,9.30349030470914,-0.0,104.23823578947358,0.0
1432,-0.0,9.30349030470914,-0.0,99.23823578947358,0.0
1433,-0.0,9.30349030470914,-0.0,94.23823578947358,0.0
1434,-0.0,9.30349030470914,-0.0,89.23823578947358,0.0
1435,-0.0,9.30349030470914,-0.0,84.23823578947358,0.0
1436,-0.0,9.30349030470914,-0.0,79.23823578947358,0.0
1437,-0.0,9.30349030470914,-0.0,74.23823578947358,0.0
1438,-0.0,9.30349030470914,-0.0,69.23823578947358,0.0
1439,-0.0,9.30349030470914,-0.0,64.5707999999999,0.0
1440,-0.0,9.30349030470914,-0.0,79.62882526315781,0.0
1441,-0.0,9.30349030470914,-0.0,79.18680421052625,0.0
1442,-0.0,9.30349030470914,-0.0,81.25515789473677,0.0
1443,-0.0,9.30349030470914,-0.0,83.29527999999992,0.0
1444,-0.0,9.30349030470914,-0.0,82.16956210526308,0.0
1445,-0.0,9.30349030470914,-0.0,98.76956210526308,0.0
1446,-0.0,9.30349030470914,-0.0,93.76956210526308,0.0
1447,-0.0,9.30349030470914,-0.0,88.76956210526308,0.0
1448,-0.0,9.30349030470914,-0.0,91.14152842105254,0.0
1449,-0.0,9.30349030470914,-0.0,86.14152842105254,0.0
1450,-0.0,9.30349030470914,-0.0,85.84922947368412,0.0
1451,-0.0,9.30349030470914,-0.0,88.56444631578941,0.0
1452,-0.0,9.30349030470914,-0.0,93.34420631578942,0.0
1453,-0.0,9.30349030470914,-0.0,98.16436210526311,0.0
1454,-0.0,9.30349030470914,-0.0,100.55762526315785,0.0
1455,-0.0,9.30349030470914,-0.0,110.23221052631573,0.0
1456,-0.0,9.30349030470914,-0.0,107.49615578947362,0.0
1457,-0.0,9.30349030470914,-0.0,102.49615578947362,0.0
1458,-0.0,9.30349030470914,-0.0,97.49615578947362,0.0
1459,-0.0,9.30349030470914,-0.0,101.3577263157894,0.0
1460,-0.0,9.30349030470914,-0.0,96.3577263157894,0.0
1461,-0.0,9.30349030470914,-0.0,112.09327157894731,0.0
1462,-0.0,9.30349030470914,-0.0,118.45161263157891,0.0
1463,-0.0,9.30349030470914,-0.0,127.02959999999995,0.0
1464,-0.0,9.30349030470914,-0.0,123.23639578947362,0.0
1465,-0.0,9.30349030470914,-0.0,121.98581473684202,0.0
1466,-0.0,9.30349030470914,-0.0,138.58581473684202,0.0
1467,-0.0,9.30349030470914,-0.0,139.0263242105262,0.0
1468,-0.0,9.30349030470914,-0.0,149.928054736842,0.0
1469,-0.0,9.30349030470914,-0.0,166.528054736842,0.0
1470,-0.0,9.30349030470914,-0.0,161.528054736842,0.0
1471,-0.0,9.30349030470914,-0.0,156.528054736842,0.0
1472,-0.0,9.30349030470914,-0.0,151.528054736842,0.0
1473,-0.0,9.30349030470914,-0.0,153.87645052631567,0.0
1474,-0.0,9.30349030470914,-0.0,148.87645052631567,0.0
1475,-0.0,9.30349030470914,-0.0,145.78247999999988,0.0
1476,-0.0,9.30349030470914,-0.0,145.31522105263144,0.0
1477,-0.0,9.30349030470914,-0.0,145.48675368421038,0.0
1478,-0.0,9.30349030470914,-0.0,143.34905684210509,0.0
1479,-0.0,9.30349030470914,-0.0,148.47767578947352,0.0
1480,-0.0,9.30349030470914,-0.0,143.6271326315788,0.0
1481,-0.0,9.30349030470914,-0.0,138.6271326315788,0.0
1482,-0.0,9.30349030470914,-0.0,133.6271326315788,0.0
1483,-0.0,9.30349030470914,-0.0,128.6271326315788,0.0
1484,-0.0,9.30349030470914,-0.0,123.6271326315788,0.0
1485,-0.0,9.30349030470914,-0.0,118.6271326315788,0.0
1486,-0.0,9.30349030470914,-0.0,114.45695157894723,0.0
1487,-0.0,9.30349030470914,-0.0,116.61701052631565,0.0
1488,-0.0,9.30349030470914,-0.0,111.61701052631565,0.0
1489,-0.0,9.30349030470914,-0.0,106.61701052631565,0.0
1490,-0.0,9.30349030470914,-0.0,101.61701052631565,0.0
1491,-0.0,9.30349030470914,-0.0,96.61701052631565,0.0
1492,-0.0,9.30349030470914,-0.0,99.7635831578946,0.0
1493,-0.0,9.30349030470914,-0.0,94.7635831578946,0.0
1494,-0.0,9.30349030470914,-0.0,89.7635831578946,0.0
1495,-0.0,9.30349030470914,-0.0,84.7635831578946,0.0
1496,-0.0,9.30349030470914,-0.0,79.7635831578946,0.0
1497,-0.0,9.30349030470914,-0.0,74.7635831578946,0.0
1498,-0.0,9.30349030470914,-0.0,75.9863536842104,0.0
1499,-0.0,9.30349030470914,-0.0,70.9863536842104,0.0
1500,-0.0,9.30349030470914,-0.0,65.9863536842104,0.0
1501,-0.0,9.30349030470914,-0.0,78.38087157894724,0.0
1502,-0.0,9.30349030470914,-0.0,88.57317473684196,0.0
1503,-0.0,9.30349030470914,-0.0,83.57317473684196,0.0
1504,-0.0,9.30349030470914,-0.0,78.57317473684196,0.0
1505,-0.0,9.30349030470914,-0.0,73.57317473684196,0.0
1506,-0.0,9.30349030470914,-0.0,68.57317473684196,0.0
1507,-0.0,9.30349030470914,-0.0,63.57317473684196,0.0
1508,-0.0,9.30349030470914,-0.0,58.57317473684196,0.0
1509,-0.0,9.30349030470914,-0.0,53.57317473684196,0.0
1510,-0.0,9.30349030470914,-0.0,48.57317473684196,0.0
1511,-0.0,9.30349030470914,-0.0,43.57317473684196,0.0
1512,-0.0,9.30349030470914,-0.0,47.14276631578934,0.0
1513,-0.0,9.30349030470914,-0.0,42.14276631578934,0.0
1514,-0.0,9.30349030470914,-0.0,37.14276631578934,0.0
1515,-0.0,9.30349030470914,-0.0,53.74276631578934,0.0
1516,-0.0,9.30349030470914,-0.0,48.74276631578934,0.0
1517,-0.0,9.30349030470914,-0.0,43.74276631578934,0.0
1518,-0.0,9.30349030470914,-0.0,38.74276631578934,0.0
1519,-0.0,9.30349030470914,-0.0,33.74276631578934,0.0
1520,-0.0,9.30349030470914,-0.0,28.74276631578934,0.0
1521,-0.0,9.30349030470914,-0.0,27.497566315789324,0.0
1522,-0.0,9.30349030470914,-0.0,36.014997894736695,0.0
1523,-0.0,9.30349030470914,-0.0,45.51579789473669,0.0
1524,-0.0,9.30349030470914,-0.0,62.11579789473669,0.0
1525,-0.0,9.30349030470914,-0.0,75.70165052631565,0.0
1526,-0.0,9.30349030470914,-0.0,72.83357052631564,0.0
1527,-0.0,9.30349030470914,-0.0,67.83357052631564,0.0
1528,-0.0,9.30349030470914,-0.0,62.83357052631564,0.0
1529,-0.0,9.30349030470914,-0.0,57.83357052631564,0.0
1530,-0.0,9.30349030470914,-0.0,52.83357052631564,0.0
1531,-0.0,9.30349030470914,-0.0,47.83357052631564,0.0
1532,-0.0,9.30349030470914,-0.0,42.83357052631564,0.0
1533,-0.0,9.30349030470914,-0.0,37.83357052631564,0.0
1534,-0.0,9.30349030470914,-0.0,38.233911578947215,0.0
1535,-0.0,9.30349030470914,-0.0,44.534008421052484,0.0
1536,-0.0,9.30349030470914,-0.0,59.01955789473669,0.0
1537,-0.0,9.30349030470914,-0.0,72.63386947368406,0.0
1538,-0.0,9.30349030470914,-0.0,73.90476631578933,0.0
1539,-0.0,9.30349030470914,-0.0,74.73199157894723,0.0
1540,-0.0,9.30349030470914,-0.0,85.91069473684196,0.0
1541,-0.0,9.30349030470914,-0.0,80.91069473684196,0.0
1542,-0.0,9.30349030470914,-0.0,75.91069473684196,0.0
1543,-0.0,9.30349030470914,-0.0,70.91069473684196,0.0
1544,-0.0,9.30349030470914,-0.0,65.91069473684196,0.0
1545,-0.0,9.30349030470914,-0.0,60.91069473684196,0.0
1546,-0.0,9.30349030470914,-0.0,69.10852210526302,0.0
1547,-0.0,9.30349030470914,-0.0,81.77720842105249,0.0
1548,-0.0,9.30349030470914,-0.0,83.04738526315775,0.0
1549,-0.0,9.30349030470914,-0.0,85.0624968421051,0.0
1550,-0.0,9.30349030470914,-0.0,84.93632842105248,0.0
1551,-0.0,9.30349030470914,-0.0,92.358602105263,0.0
1552,-0.0,9.30349030470914,-0.0,87.358602105263,0.0
1553,-0.0,9.30349030470914,-0.0,82.358602105263,0.0
1554,-0.0,9.30349030470914,-0.0,77.358602105263,0.0
1555,-0.0,9.30349030470914,-0.0,72.358602105263,0.0
1556,-0.0,9.30349030470914,-0.0,69.19581473684195,0.0
1557,-0.0,9.30349030470914,-0.0,70.19925052631564,0.0
1558,-0.0,9.30349030470914,-0.0,65.19925052631564,0.0
1559,-0.0,9.30349030470914,-0.0,60.19925052631564,0.0
1560,-0.0,9.30349030470914,-0.0,58.99895578947353,0.0
1561,-0.0,9.30349030470914,-0.0,75.59895578947352,0.0
1562,-0.0,9.30349030470914,-0.0,78.28033263157879,0.0
1563,-0.0,9.30349030470914,-0.0,94.88033263157878,0.0
1564,-0.0,9.30349030470914,-0.0,106.45488421052613,0.0
1565,-0.0,9.30349030470914,-0.0,123.05488421052613,0.0
1566,-0.0,9.30349030470914,-0.0,118.05488421052613,0.0
1567,-0.0,9.30349030470914,-0.0,115.37036631578928,0.0
1568,-0.0,9.30349030470914,-0.0,110.37036631578928,0.0
1569,-0.0,9.30349030470914,-0.0,105.37036631578928,0.0
1570,-0.0,9.30349030470914,-0.0,100.37036631578928,0.0
1571,-0.0,9.30349030470914,-0.0,98.95964210526296,0.0
1572,-0.0,9.30349030470914,-0.0,115.55964210526295,0.0
1573,-0.0,9.30349030470914,-0.0,118.26523368421032,0.0
1574,-0.0,9.30349030470914,-0.0,119.45386105263137,0.0
1575,-0.0,9.30349030470914,-0.0,136.05386105263136,0.0
1576,-0.0,9.30349030470914,-0.0,131.05386105263136,0.0
1577,-0.0,9.30349030470914,-0.0,126.05386105263136,0.0
1578,-0.0,9.30349030470914,-0.0,121.05386105263136,0.0
1579,-0.0,9.30349030470914,-0.0,116.05386105263136,0.0
1580,-0.0,9.30349030470914,-0.0,112.09933894736821,0.0
1581,-0.0,9.30349030470914,-0.0,108.23993263157874,0.0
1582,-0.0,9.30349030470914,-0.0,103.23993263157874,0.0
1583,-0.0,9.30349030470914,-0.0,98.23993263157874,0.0
1584,-0.0,9.30349030470914,-0.0,94.26062736842084,0.0
1585,-0.0,9.30349030470914,-0.0,92.49354105263136,0.0
1586,-0.0,9.30349030470914,-0.0,92.43463578947346,0.0
1587,-0.0,9.30349030470914,-0.0,91.65425263157871,0.0
1588,-0.0,9.30349030470914,-0.0,108.25425263157871,0.0
1589,-0.0,9.30349030470914,-0.0,103.25425263157871,0.0
1590,-0.0,9.30349030470914,-0.0,98.25425263157871,0.0
1591,-0.0,9.30349030470914,-0.0,93.25425263157871,0.0
1592,-0.0,9.30349030470914,-0.0,92.03194105263135,0.0
1593,-0.0,9.30349030470914,-0.0,99.32380210526334,0.0
1594,-0.0,9.30349030470914,-0.0,114.69434526315808,0.0
1595,-0.0,9.30349030470914,-0.0,116.37856000000019,0.0
1596,-0.0,9.30349030470914,-0.0,132.9785600000002,0.0
1597,-0.0,9.30349030470914,-0.0,137.55634105263175,0.0
1598,-0.0,9.30349030470914,-0.0,139.7896126315791,0.0
1599,-0.0,9.30349030470914,-0.0,152.8294021052633,0.0
1600,-0.0,9.30349030470914,-0.0,147.8294021052633,0.0
1601,-0.0,9.30349030470914,-0.0,142.8294021052633,0.0
1602,-0.0,9.30349030470914,-0.0,137.8294021052633,0.0
1603,-0.0,9.30349030470914,-0.0,132.8294021052633,0.0
1604,-0.0,9.30349030470914,-0.0,127.82940210526331,0.0
1605,-0.0,9.30349030470914,-0.0,122.82940210526331,0.0
1606,-0.0,9.30349030470914,-0.0,117.82940210526331,0.0
1607,-0.0,9.30349030470914,-0.0,122.44015157894754,0.0
1608,-0.0,9.30349030470914,-0.0,117.44015157894754,0.0
1609,-0.0,9.30349030470914,-0.0,125.71645894736858,0.0
1610,-0.0,9.30349030470914,-0.0,121.19719157894752,0.0
1611,-0.0,9.30349030470914,-0.0,116.19719157894752,0.0
1612,-0.0,9.30349030470914,-0.0,132.79719157894752,0.0
1613,-0.0,9.30349030470914,-0.0,132.3098105263159,0.0
1614,-0.0,9.30349030470914,-0.0,127.30981052631593,0.0
1615,-0.0,9.30349030470914,-0.0,122.30981052631593,0.0
1616,-0.0,9.30349030470914,-0.0,117.30981052631593,0.0
1617,-0.0,9.30349030470914,-0.0,112.30981052631593,0.0
1618,-0.0,9.30349030470914,-0.0,107.30981052631593,0.0
1619,-0.0,9.30349030470914,-0.0,116.6048421052633,0.0
1620,-0.0,9.30349030470914,-0.0,114.16398736842119,0.0
1621,-0.0,9.30349030470914,-0.0,112.33054736842118,0.0
1622,-0.0,9.30349030470914,-0.0,128.93054736842117,0.0
1623,-0.0,9.30349030470914,-0.0,123.93054736842117,0.0
1624,-0.0,9.30349030470914,-0.0,118.93054736842117,0.0
1625,-0.0,9.30349030470914,-0.0,113.93054736842117,0.0
1626,-0.0,9.30349030470914,-0.0,108.93054736842117,0.0
1627,-0.0,9.30349030470914,-0.0,103.93054736842117,0.0
1628,-0.0,9.30349030470914,-0.0,98.93054736842117,0.0
1629,-0.0,9.30349030470914,-0.0,93.93054736842117,0.0
1630,-0.0,9.30349030470914,-0.0,88.93054736842117,0.0
1631,-0.0,9.30349030470914,-0.0,83.93054736842117,0.0
1632,-0.0,9.30349030470914,-0.0,78.93054736842117,0.0
1633,-0.0,9.30349030470914,-0.0,85.79368421052642,0.0
1634,-0.0,9.30349030470914,-0.0,102.39368421052642,0.0
1635,-0.0,9.30349030470914,-0.0,97.39368421052642,0.0
1636,-0.0,9.30349030470914,-0.0,92.39368421052642,0.0
1637,-0.0,9.30349030470914,-0.0,92.43796631578957,0.0
1638,-0.0,9.30349030470914,-0.0,87.43796631578957,0.0
1639,-0.0,9.30349030470914,-0.0,82.43796631578957,0.0
1640,-0.0,9.30349030470914,-0.0,77.43796631578957,0.0
1641,-0.0,9.30349030470914,-0.0,72.43796631578957,0.0
1642,-0.0,9.30349030470914,-0.0,82.28160000000008,0.0
1643,-0.0,9.30349030470914,-0.0,98.88160000000008,0.0
1644,-0.0,9.30349030470914,-0.0,101.66984000000008,0.0
1645,-0.0,9.30349030470914,-0.0,118.26984000000007,0.0
1646,-0.0,9.30349030470914,-0.0,119.0406778947369,0.0
1647,-0.0,9.30349030470914,-0.0,114.0406778947369,0.0
1648,-0.0,9.30349030470914,-0.0,109.0406778947369,0.0
1649,-0.0,9.30349030470914,-0.0,104.0406778947369,0.0
1650,-0.0,9.30349030470914,-0.0,99.0406778947369,0.0
1651,-0.0,9.30349030470914,-0.0,94.0406778947369,0.0
1652,-0.0,9.30349030470914,-0.0,89.0406778947369,0.0
1653,-0.0,9.30349030470914,-0.0,84.0406778947369,0.0
1654,-0.0,9.30349030470914,-0.0,88.74771789473691,0.0
1655,-0.0,9.30349030470914,-0.0,83.74771789473691,0.0
1656,-0.0,9.30349030470914,-0.0,79.14462736842111,0.0
1657,-0.0,9.30349030470914,-0.0,76.64579368421057,0.0
1658,-0.0,9.30349030470914,-0.0,75.61670736842109,0.0
1659,-0.0,9.30349030470914,-0.0,73.71335157894741,0.0
1660,-0.0,9.30349030470914,-0.0,68.71335157894741,0.0
1661,-0.0,9.30349030470914,-0.0,63.71335157894741,0.0
1662,-0.0,9.30349030470914,-0.0,58.71335157894741,0.0
1663,-0.0,9.30349030470914,-0.0,53.71335157894741,0.0
1664,-0.0,9.30349030470914,-0.0,48.71335157894741,0.0
1665,-0.0,9.30349030470914,-0.0,52.02082526315792,0.0
1666,-0.0,9.30349030470914,-0.0,60.674336842105276,0.0
1667,-0.0,9.30349030470914,-0.0,73.07241684210527,0.0
1668,-0.0,9.30349030470914,-0.0,73.53251789473686,0.0
1669,-0.0,9.30349030470914,-0.0,74.11403368421054,0.0
1670,-0.0,9.30349030470914,-0.0,71.95792,0.0
1671,-0.0,9.30349030470914,-0.0,66.95792,0.0
1672,-0.0,9.30349030470914,-0.0,61.95792,0.0
1673,-0.0,9.30349030470914,-0.0,56.95792,0.0
1674,-0.0,9.30349030470914,-0.0,51.95792,0.0
1675,-0.0,9.30349030470914,-0.0,46.95792,0.0
1676,-0.0,9.30349030470914,-0.0,41.95792,0.0
1677,-0.0,9.30349030470914,-0.0,36.95792,0.0
1678,-0.0,9.30349030470914,-0.0,31.957920000000005,0.0
1679,-0.0,9.30349030470914,-0.0,26.957920000000005,0.0
1680,-0.0,9.30349030470914,-0.0,33.43919157894738,0.0
1681,-0.0,9.30349030470914,-0.0,28.43919157894738,0.0
1682,-0.0,9.30349030470914,-0.0,38.80251368421054,0.0
1683,-0.0,9.30349030470914,-0.0,33.80251368421054,0.0
1684,-0.0,9.30349030470914,-0.0,28.802513684210535,0.0
1685,-0.0,9.30349030470914,-0.0,24.653288421052636,0.0
1686,-0.0,9.30349030470914,-0.0,19.653288421052636,0.0
1687,-0.0,9.30349030470914,-0.0,14.653288421052638,0.0
1688,-0.0,9.30349030470914,-0.0,9.653288421052638,0.0
1689,-0.0,9.30349030470914,-0.0,4.653288421052638,0.0
1690,-0.0,9.30349030470914,-0.0,11.518698947368438,0.0
1691,-0.0,9.30349030470914,-0.0,22.33736421052635,0.0
1692,-0.0,9.30349030470914,-0.0,38.93736421052635,0.0
1693,-0.0,9.30349030470914,-0.0,38.09555368421054,0.0
1694,-0.0,9.30349030470914,-0.0,54.69555368421054,0.0
1695,-0.0,9.30349030470914,-0.0,49.69555368421054,0.0
1696,-0.0,9.30349030470914,-0.0,44.69555368421054,0.0
1697,-0.0,9.30349030470914,-0.0,39.69555368421054,0.0
1698,-0.0,9.30349030470914,-0.0,34.69555368421054,0.0
1699,-0.0,9.30349030470914,-0.0,29.695553684210534,0.0
1700,-0.0,9.30349030470914,-0.0,24.695553684210534,0.0
1701,-0.0,9.30349030470914,-0.0,19.695553684210534,0.0
1702,-0.0,9.30349030470914,-0.0,14.695553684210534,0.0
1703,-0.0,9.30349030470914,-0.0,9.695553684210534,0.0
1704,-0.0,9.30349030470914,-0.0,4.695553684210534,0.0
1705,-0.0,9.30349030470914,-0.0,0.0,0.0
1706,-0.0,9.30349030470914,-0.0,16.599999999999998,0.0
1707,-0.0,9.30349030470914,-0.0,27.398543157894718,0.0
1708,-0.0,9.30349030470914,-0.0,43.998543157894716,0.0
1709,-0.0,9.30349030470914,-0.0,42.28346105263164,0.0
1710,-0.0,9.30349030470914,-0.0,37.28346105263164,0.0
1711,-0.0,9.30349030470914,-0.0,32.28346105263164,0.0
1712,-0.0,9.30349030470914,-0.0,27.283461052631637,0.0
1713,-0.0,9.30349030470914,-0.0,22.283461052631637,0.0
1714,-0.0,9.30349030470914,-0.0,20.88160421052634,0.0
1715,-0.0,9.30349030470914,-0.0,23.47972631578949,0.0
1716,-0.0,9.30349030470914,-0.0,28.5498357894737,0.0
1717,-0.0,9.30349030470914,-0.0,45.1498357894737,0.0
1718,-0.0,9.30349030470914,-0.0,61.74983578947369,0.0
1719,-0.0,9.30349030470914,-0.0,58.5544968421053,0.0
1720,-0.0,9.30349030470914,-0.0,57.276972631578985,0.0
1721,-0.0,9.30349030470914,-0.0,52.276972631578985,0.0
1722,-0.0,9.30349030470914,-0.0,47.276972631578985,0.0
1723,-0.0,9.30349030470914,-0.0,42.276972631578985,0.0
1724,-0.0,9.30349030470914,-0.0,37.276972631578985,0.0
1725,-0.0,9.30349030470914,-0.0,32.276972631578985,0.0
1726,-0.0,9.30349030470914,-0.0,27.276972631578985,0.0
1727,-0.0,9.30349030470914,-0.0,35.770227368421075,0.0
1728,-0.0,9.30349030470914,-0.0,33.18347789473687,0.0
1729,-0.0,9.30349030470914,-0.0,32.61026526315792,0.0
1730,-0.0,9.30349030470914,-0.0,33.41092631578949,0.0
1731,-0.0,9.30349030470914,-0.0,33.07459368421055,0.0
1732,-0.0,9.30349030470914,-0.0,46.02082105263162,0.0
1733,-0.0,9.30349030470914,-0.0,47.15029473684214,0.0
1734,-0.0,9.30349030470914,-0.0,42.15029473684214,0.0
1735,-0.0,9.30349030470914,-0.0,37.15029473684214,0.0
1736,-0.0,9.30349030470914,-0.0,37.31610526315792,0.0
1737,-0.0,9.30349030470914,-0.0,32.31610526315792,0.0
1738,-0.0,9.30349030470914,-0.0,31.274741052631587,0.0
1739,-0.0,9.30349030470914,-0.0,34.21573473684212,0.0
1740,-0.0,9.30349030470914,-0.0,39.550463157894754,0.0
1741,-0.0,9.30349030470914,-0.0,44.946618947368435,0.0
1742,-0.0,9.30349030470914,-0.0,47.6729010526316,0.0
1743,-0.0,9.30349030470914,-0.0,43.14885894736843,0.0
1744,-0.0,9.30349030470914,-0.0,43.40682947368421,0.0
1745,-0.0,9.30349030470914,-0.0,38.40682947368421,0.0
1746,-0.0,9.30349030470914,-0.0,33.40682947368421,0.0
1747,-0.0,9.30349030470914,-0.0,28.406829473684216,0.0
1748,-0.0,9.30349030470914,-0.0,23.406829473684216,0.0
1749,-0.0,9.30349030470914,-0.0,18.406829473684216,0.0
1750,-0.0,9.30349030470914,-0.0,13.406829473684216,0.0
1751,-0.0,9.30349030470914,-0.0,8.406829473684216,0.0
1752,-0.0,9.30349030470914,-0.0,3.4068294736842146,0.0
1753,-0.0,9.30349030470914,-0.0,0.0,0.0
1754,-0.0,9.30349030470914,-0.0,12.855848421052634,0.0
1755,-0.0,9.30349030470914,-0.0,25.01394105263157,0.0
1756,-0.0,9.30349030470914,-0.0,20.01394105263157,0.0
1757,-0.0,9.30349030470914,-0.0,15.01394105263157,0.0
1758,-0.0,9.30349030470914,-0.0,10.01394105263157,0.0
1759,-0.0,9.30349030470914,-0.0,8.706745263157888,0.0
1760,-0.0,9.30349030470914,-0.0,10.465082105263148,0.0
1761,-0.0,9.30349030470914,-0.0,5.645119999999986,0.0
1762,-0.0,9.30349030470914,-0.0,7.147212631578952,0.0
1763,-0.0,9.30349030470914,-0.0,13.081663157894743,0.0
1764,-0.0,9.30349030470914,-0.0,21.707435789473685,0.0
1765,-0.0,9.30349030470914,-0.0,38.307435789473686,0.0
1766,-0.0,9.30349030470914,-0.0,48.07669052631597,0.0
1767,-0.0,9.30349030470914,-0.0,47.6118947368423,0.0
1768,-0.0,9.30349030470914,-0.0,42.6118947368423,0.0
1769,-0.0,9.30349030470914,-0.0,37.6118947368423,0.0
1770,0.0,-0.0,0.0,32.6118947368423,0.0
1771,-0.0,-0.0,-0.0,27.611894736842302,0.0
1772,-0.0,-0.0,-0.0,22.611894736842302,0.0
1773,-0.0,-0.0,-0.0,17.611894736842302,0.0
1774,-0.0,-0.0,-0.0,12.611894736842302,0.0
1775,-0.0,-0.0,-0.0,7.611894736842303,0.0
1776,-0.0,-0.0,-0.0,4.513111578947567,0.0
1777,-0.0,-0.0,-0.0,3.5886147368423096,0.0
1778,-0.0,-0.0,-0.0,4.231557894737042,0.0
1779,-0.0,-0.0,-0.0,4.202324210526509,0.0
1780,-0.0,-0.0,-0.0,17.707233684210706,0.0
1781,-0.0,-0.0,-0.0,12.707233684210706,0.0
1782,-0.0,-0.0,-0.0,7.707233684210707,0.0
1783,-0.0,-0.0,-0.0,2.707233684210707,0.0
1784,-0.0,-0.0,-0.0,5.912846315789653,0.0
1785,-0.0,-0.0,-0.0,1.8244042105264802,0.0
1786,-0.0,-0.0,-0.0,3.353781052631721,0.0
1787,-0.0,-0.0,-0.0,19.95378105263172,0.0
1788,-0.0,-0.0,-0.0,26.951671578947497,0.0
1789,-0.0,-0.0,-0.0,34.06824842105274,0.0
1790,-0.0,-0.0,-0.0,39.00913684210535,0.0
1791,-0.0,-0.0,-0.0,55.49541473684219,0.0
1792,-0.0,-0.0,-0.0,50.49541473684219,0.0
1793,-0.0,-0.0,-0.0,45.49541473684219,0.0
1794,-0.0,-0.0,-0.0,40.49541473684219,0.0
1795,-0.0,-0.0,-0.0,35.49541473684219,0.0
1796,-0.0,-0.0,-0.0,30.49541473684219,0.0
1797,-0.0,-0.0,-0.0,25.49541473684219,0.0
1798,-0.0,-0.0,-0.0,20.49541473684219,0.0
1799,-0.0,-0.0,-0.0,15.49541473684219,0.0
1800,-0.0,-0.0,-0.0,12.067932631579026,0.0
1801,-0.0,-0.0,-0.0,28.598964210526397,0.0
1802,-0.0,-0.0,-0.0,28.37324631578955,0.0
1803,-0.0,-0.0,-0.0,27.100648421052707,0.0
1804,-0.0,-0.0,-0.0,22.100648421052707,0.0
1805,-0.0,-0.0,-0.0,17.100648421052707,0.0
1806,0.0,-0.0,0.0,12.100648421052707,0.0
1807,-0.0,-0.0,-0.0,7.100648421052707,0.0
1808,-0.0,-0.0,-0.0,2.100648421052707,0.0
1809,-0.0,-0.0,-0.0,12.978391578947466,0.0
1810,-0.0,-0.0,-0.0,11.227145263157999,0.0
1811,-0.0,-0.0,-0.0,12.92943578947379,0.0
1812,-0.0,-0.0,-0.0,29.529435789473787,0.0
1813,-0.0,-0.0,-0.0,32.76176421052641,0.0
1814,-0.0,-0.0,-0.0,49.3617642105264,0.0
1815,-0.0,-0.0,-0.0,44.3617642105264,0.0
1816,-0.0,-0.0,-0.0,56.829835789473776,0.0
1817,-0.0,-0.0,-0.0,51.829835789473776,0.0
1818,-0.0,-0.0,-0.0,46.829835789473776,0.0
1819,-0.0,-0.0,-0.0,41.829835789473776,0.0
1820,-0.0,-0.0,-0.0,36.829835789473776,0.0
1821,-0.0,-0.0,-0.0,31.829835789473776,0.0
1822,-0.0,-0.0,-0.0,26.829835789473776,0.0
1823,-0.0,-0.0,-0.0,33.67671578947376,0.0
1824,-0.0,-0.0,-0.0,28.676715789473757,0.0
1825,-0.0,-0.0,-0.0,25.379553684210585,0.0
1826,-0.0,-0.0,-0.0,23.625995789473738,0.0
1827,-0.0,-0.0,-0.0,20.839957894736894,0.0
1828,-0.0,-0.0,-0.0,27.976997894736893,0.0
1829,-0.0,-0.0,-0.0,22.976997894736893,0.0
1830,-0.0,-0.0,-0.0,17.976997894736893,0.0
1831,-0.0,-0.0,-0.0,12.976997894736893,0.0
1832,-0.0,-0.0,-0.0,7.976997894736893,0.0
1833,-0.0,-0.0,-0.0,2.976997894736894,0.0
1834,-0.0,-0.0,-0.0,0.8163747368421372,0.0
1835,-0.0,-0.0,-0.0,2.491911578947411,0.0
1836,-0.0,-0.0,-0.0,6.79317473684214,0.0
1837,-0.0,-0.0,-0.0,23.393174736842138,0.0
1838,-0.0,-0.0,-0.0,39.993174736842136,0.0
1839,-0.0,-0.0,-0.0,35.74402105263161,0.0
1840,-0.0,-0.0,-0.0,30.744021052631613,0.0
1841,-0.0,-0.0,-0.0,25.744021052631613,0.0
1842,-0.0,-0.0,-0.0,20.744021052631613,0.0
1843,-0.0,-0.0,-0.0,15.744021052631613,0.0
1844,-0.0,-0.0,-0.0,10.744021052631613,0.0
1845,-0.0,-0.0,-0.0,5.744021052631613,0.0
1846,-0.0,-0.0,-0.0,7.6031200000000325,0.0
1847,-0.0,-0.0,-0.0,2.6031200000000325,0.0
1848,-0.0,-0.0,-0.0,14.02491789473686,0.0
1849,-0.0,-0.0,-0.0,13.519840000000002,0.0
1850,-0.0,-0.0,-0.0,28.91114947368421,0.0
1851,-0.0,-0.0,-0.0,28.84265684210525,0.0
1852,-0.0,-0.0,-0.0,24.023642105263157,0.0
1853,-0.0,-0.0,-0.0,19.023642105263157,0.0
1854,-0.0,-0.0,-0.0,14.023642105263155,0.0
1855,-0.0,-0.0,-0.0,9.023642105263155,0.0
1856,-0.0,-0.0,-0.0,4.023642105263155,0.0
1857,-0.0,-0.0,-0.0,0.0,0.0
1858,-0.0,-0.0,-0.0,1.4467284210526339,0.0
1859,-0.0,-0.0,-0.0,6.78153263157895,0.0
1860,-0.0,-0.0,-0.0,14.447734736842104,0.0
1861,-0.0,-0.0,-0.0,31.047734736842102,0.0
1862,-0.0,-0.0,-0.0,47.6477347368421,0.0
1863,-0.0,-0.0,-0.0,47.02408421052632,0.0
1864,-0.0,-0.0,-0.0,49.02922947368419,0.0
1865,-0.0,-0.0,-0.0,44.02922947368419,0.0
1866,-0.0,-0.0,-0.0,39.02922947368419,0.0
1867,-0.0,-0.0,-0.0,34.02922947368419,0.0
1868,-0.0,-0.0,-0.0,29.02922947368419,0.0
1869,-0.0,-0.0,-0.0,24.02922947368419,0.0
1870,-0.0,-0.0,-0.0,19.02922947368419,0.0
1871,-0.0,-0.0,-0.0,14.02922947368419,0.0
1872,-0.0,-0.0,-0.0,10.404202105263144,0.0
1873,-0.0,-0.0,-0.0,9.197010526315772,0.0
1874,-0.0,-0.0,-0.0,24.095612631578916,0.0
1875,-0.0,-0.0,-0.0,23.351911578947316,0.0
1876,-0.0,-0.0,-0.0,18.351911578947316,0.0
1877,-0.0,-0.0,-0.0,13.351911578947316,0.0
1878,-0.0,-0.0,-0.0,8.351911578947316,0.0
1879,-0.0,-0.0,-0.0,21.077023157894697,0.0
1880,-0.0,-0.0,-0.0,37.677023157894695,0.0
1881,-0.0,-0.0,-0.0,32.677023157894695,0.0
1882,-0.0,-0.0,-0.0,32.343646315789414,0.0
1883,-0.0,-0.0,-0.0,36.1298063157894,0.0
1884,-0.0,-0.0,-0.0,42.61391999999992,0.0
1885,-0.0,-0.0,-0.0,49.48990315789465,0.0
1886,-0.0,-0.0,-0.0,66.08990315789465,0.0
1887,-0.0,-0.0,-0.0,62.82275368421043,0.0
1888,-0.0,-0.0,-0.0,57.82275368421043,0.0
1889,-0.0,-0.0,-0.0,52.82275368421043,0.0
1890,-0.0,-0.0,-0.0,47.82275368421043,0.0
1891,-0.0,-0.0,-0.0,42.82275368421043,0.0
1892,-0.0,-0.0,-0.0,37.82275368421043,0.0
1893,-0.0,-0.0,-0.0,32.82275368421043,0.0
1894,-0.0,-0.0,-0.0,27.822753684210433,0.0
1895,-0.0,-0.0,-0.0,22.822753684210433,0.0
1896,-0.0,-0.0,-0.0,17.822753684210433,0.0
1897,-0.0,-0.0,-0.0,15.44091789473688,0.0
1898,-0.0,-0.0,-0.0,29.949052631578976,0.0
1899,-0.0,-0.0,-0.0,43.96345684210528,0.0
1900,-0.0,-0.0,-0.0,38.96345684210528,0.0
1901,-0.0,-0.0,-0.0,33.96345684210528,0.0
1902,-0.0,-0.0,-0.0,28.96345684210528,0.0
1903,-0.0,-0.0,-0.0,23.96345684210528,0.0
1904,-0.0,-0.0,-0.0,18.96345684210528,0.0
1905,-0.0,-0.0,-0.0,14.659355789473688,0.0
1906,-0.0,-0.0,-0.0,16.737258947368424,0.0
1907,-0.0,-0.0,-0.0,23.09279578947369,0.0
1908,-0.0,-0.0,-0.0,31.724252631578963,0.0
1909,-0.0,-0.0,-0.0,40.477086315789485,0.0
1910,-0.0,-0.0,-0.0,46.5278357894737,0.0
1911,-0.0,-0.0,-0.0,45.805090526315794,0.0
1912,-0.0,-0.0,-0.0,40.805090526315794,0.0
1913,-0.0,-0.0,-0.0,35.805090526315794,0.0
1914,-0.0,-0.0,-0.0,30.805090526315794,0.0
1915,-0.0,-0.0,-0.0,25.805090526315794,0.0
1916,-0.0,-0.0,-0.0,20.805090526315794,0.0
1917,-0.0,-0.0,-0.0,15.805090526315794,0.0
1918,-0.0,-0.0,-0.0,10.805090526315794,0.0
1919,-0.0,-0.0,-0.0,5.805090526315794,0.0
1920,-0.0,-0.0,-0.0,1.8712968421052554,0.0
1921,-0.0,-0.0,-0.0,0.0,0.0
1922,-0.0,-0.0,-0.0,0.0,0.0
1923,-0.0,-0.0,-0.0,13.190913684210514,0.0
1924,-0.0,-0.0,-0.0,24.869448421052628,0.0
1925,-0.0,-0.0,-0.0,19.869448421052628,0.0
1926,-0.0,-0.0,-0.0,14.869448421052628,0.0
1927,-0.0,-0.0,-0.0,11.179810526315787,0.0
1928,-0.0,-0.0,-0.0,6.179810526315787,0.0
1929,-0.0,-0.0,-0.0,2.9621515789473847,0.0
1930,-0.0,-0.0,-0.0,6.555427368421055,0.0
1931,-0.0,-0.0,-0.0,14.745600000000014,0.0
1932,-0.0,-0.0,-0.0,25.330189473684218,0.0
1933,-0.0,-0.0,-0.0,35.84918315789476,0.0
1934,-0.0,-0.0,-0.0,43.66059789473684,0.0
1935,-0.0,-0.0,-0.0,44.80640421052631,0.0
1936,-0.0,-0.0,-0.0,39.80640421052631,0.0
1937,-0.0,-0.0,-0.0,34.80640421052631,0.0
1938,-0.0,-0.0,-0.0,29.80640421052631,0.0
1939,-0.0,-0.0,-0.0,24.80640421052631,0.0
1940,-0.0,-0.0,-0.0,19.80640421052631,0.0
1941,-0.0,-0.0,-0.0,14.80640421052631,0.0
1942,-0.0,-0.0,-0.0,9.80640421052631,0.0
1943,-0.0,-0.0,-0.0,5.586164210526311,0.0
1944,-0.0,-0.0,-0.0,3.854016842105246,0.0
1945,-0.0,-0.0,-0.0,4.576842105263136,0.0
1946,-0.0,-0.0,-0.0,7.002277894736822,0.0
1947,-0.0,-0.0,-0.0,22.807435789473672,0.0
1948,-0.0,-0.0,-0.0,19.318374736842102,0.0
1949,-0.0,-0.0,-0.0,14.318374736842102,0.0
1950,-0.0,-0.0,-0.0,9.318374736842102,0.0
1951,-0.0,-0.0,-0.0,4.318374736842102,0.0
1952,-0.0,-0.0,-0.0,11.145928421052629,0.0
1953,-0.0,-0.0,-0.0,10.566387368421061,0.0
1954,-0.0,-0.0,-0.0,15.07561684210527,0.0
1955,-0.0,-0.0,-0.0,23.09484631578949,0.0
1956,-0.0,-0.0,-0.0,33.543279999999996,0.0
1957,-0.0,-0.0,-0.0,44.583477894736816,0.0
1958,-0.0,-0.0,-0.0,53.885141052631546,0.0
1959,-0.0,-0.0,-0.0,57.23626947368419,0.0
1960,-0.0,-0.0,-0.0,52.23626947368419,0.0
1961,-0.0,-0.0,-0.0,47.23626947368419,0.0
1962,-0.0,-0.0,-0.0,42.23626947368419,0.0
1963,-0.0,-0.0,-0.0,37.23626947368419,0.0
1964,-0.0,-0.0,-0.0,32.23626947368419,0.0
1965,-0.0,-0.0,-0.0,37.44461894736839,0.0
1966,-0.0,-0.0,-0.0,32.44461894736839,0.0
1967,-0.0,-0.0,-0.0,32.350661052631544,0.0
1968,-0.0,-0.0,-0.0,34.74771368421048,0.0
1969,-0.0,-0.0,-0.0,39.20290526315786,0.0
1970,-0.0,-0.0,-0.0,45.278437894736825,0.0
1971,-0.0,-0.0,-0.0,50.54302315789471,0.0
1972,-0.0,-0.0,-0.0,50.89296421052627,0.0
1973,-0.0,-0.0,-0.0,45.89296421052627,0.0
1974,-0.0,-0.0,-0.0,40.89296421052627,0.0
1975,-0.0,-0.0,-0.0,35.89296421052627,0.0
1976,-0.0,-0.0,-0.0,30.892964210526273,0.0
1977,-0.0,-0.0,-0.0,31.972151578947333,0.0
1978,-0.0,-0.0,-0.0,38.45406736842101,0.0
1979,-0.0,-0.0,-0.0,48.84922105263154,0.0
1980,-0.0,-0.0,-0.0,62.051957894736816,0.0
1981,-0.0,-0.0,-0.0,76.19130105263153,0.0
1982,-0.0,-0.0,-0.0,88.96109052631573,0.0
1983,-0.0,-0.0,-0.0,105.56109052631572,0.0
1984,-0.0,-0.0,-0.0,102.80578526315783,0.0
1985,-0.0,-0.0,-0.0,97.80578526315783,0.0
1986,-0.0,-0.0,-0.0,92.80578526315783,0.0
1987,-0.0,-0.0,-0.0,87.80578526315783,0.0
1988,-0.0,-0.0,-0.0,82.80578526315783,0.0
1989,-0.0,-0.0,-0.0,77.80578526315783,0.0
1990,-0.0,-0.0,-0.0,74.09306947368415,0.0
1991,-0.0,-0.0,-0.0,76.0768421052631,0.0
1992,-0.0,-0.0,-0.0,92.67684210526309,0.0
1993,-0.0,-0.0,-0.0,97.88079578947364,0.0
1994,-0.0,-0.0,-0.0,103.94912842105256,0.0
1995,-0.0,-0.0,-0.0,108.5048168421052,0.0
1996,-0.0,-0.0,-0.0,122.45870315789469,0.0
1997,-0.0,-0.0,-0.0,117.45870315789469,0.0
1998,-0.0,-0.0,-0.0,121.4281221052631,0.0
1999,-0.0,-0.0,-0.0,116.4281221052631,0.0
2000,-0.0,-0.0,-0.0,113.00170105263152,0.0
2001,-0.0,-0.0,-0.0,116.66136842105256,0.0
2002,-0.0,-0.0,-0.0,125.70792421052626,0.0
2003,-0.0,-0.0,-0.0,138.8337726315789,0.0
2004,-0.0,-0.0,-0.0,154.55681263157894,0.0
2005,-0.0,-0.0,-0.0,171.15681263157893,0.0
2006,-0.0,-0.0,-0.0,187.75681263157892,0.0
2007,-0.0,-0.0,-0.0,194.48943999999995,0.0
2008,-0.0,-0.0,-0.0,190.33578105263155,0.0
2009,-0.0,-0.0,-0.0,188.44925052631575,0.0
2010,-0.0,-0.0,-0.0,183.44925052631575,0.0
2011,-0.0,-0.0,-0.0,178.44925052631575,0.0
2012,-0.0,-0.0,-0.0,176.0342778947368,0.0
2013,-0.0,-0.0,-0.0,171.0342778947368,0.0
2014,-0.0,-0.0,-0.0,166.0342778947368,0.0
2015,-0.0,-0.0,-0.0,165.45723789473678,0.0
2016,-0.0,-0.0,-0.0,181.65502315789468,0.0
2017,-0.0,-0.0,-0.0,185.3040799999999,0.0
2018,-0.0,-0.0,-0.0,201.9040799999999,0.0
2019,-0.0,-0.0,-0.0,205.30598736842097,0.0
2020,-0.0,-0.0,-0.0,221.90598736842097,0.0
2021,-0.0,-0.0,-0.0,216.90598736842097,0.0
2022,-0.0,-0.0,-0.0,216.69614736842098,0.0
2023,-0.0,-0.0,-0.0,211.69614736842098,0.0
2024,-0.0,-0.0,-0.0,207.1494063157894,0.0
2025,-0.0,-0.0,-0.0,223.7494063157894,0.0
2026,-0.0,-0.0,-0.0,232.1696757894736,0.0
2027,-0.0,-0.0,-0.0,244.1831242105262,0.0
2028,-0.0,-0.0,-0.0,258.5538526315788,0.0
2029,-0.0,-0.0,-0.0,275.15385263157884,0.0
2030,-0.0,-0.0,-0.0,287.8827536842104,0.0
2031,-0.0,-0.0,-0.0,294.11532210526303,0.0
2032,-0.0,-0.0,-0.0,289.11532210526303,0.0
2033,-0.0,-0.0,-0.0,284.11532210526303,0.0
2034,-0.0,-0.0,-0.0,279.11532210526303,0.0
2035,-0.0,-0.0,-0.0,274.11532210526303,0.0
2036,-0.0,-0.0,-0.0,269.11532210526303,0.0
2037,-0.0,-0.0,-0.0,264.11532210526303,0.0
2038,-0.0,-0.0,-0.0,259.11532210526303,0.0
2039,-0.0,-0.0,-0.0,255.02831999999987,0.0
2040,-0.0,-0.0,-0.0,254.26047999999986,0.0
2041,-0.0,-0.0,-0.0,255.63577684210512,0.0
2042,-0.0,-0.0,-0.0,258.1045642105262,0.0
2043,-0.0,-0.0,-0.0,259.47466947368406,0.0
2044,-0.0,-0.0,-0.0,255.46914105263144,0.0
2045,-0.0,-0.0,-0.0,250.46914105263144,0.0
2046,-0.0,-0.0,-0.0,245.46914105263144,0.0
2047,-0.0,-0.0,-0.0,240.46914105263144,0.0
2048,-0.0,-0.0,-0.0,235.46914105263144,0.0
2049,-0.0,-0.0,-0.0,235.8022189473683,0.0
2050,-0.0,-0.0,-0.0,252.40221894736828,0.0
2051,-0.0,-0.0,-0.0,261.58709052631565,0.0
2052,-0.0,-0.0,-0.0,273.3183368421051,0.0
2053,-0.0,-0.0,-0.0,289.91833684210513,0.0
2054,-0.0,-0.0,-0.0,299.854774736842,0.0
2055,-0.0,-0.0,-0.0,303.0992294736841,0.0
2056,-0.0,-0.0,-0.0,298.0992294736841,0.0
2057,-0.0,-0.0,-0.0,293.0992294736841,0.0
2058,-0.0,-0.0,-0.0,288.0992294736841,0.0
2059,-0.0,-0.0,-0.0,283.0992294736841,0.0
2060,-0.0,-0.0,-0.0,278.0992294736841,0.0
2061,-0.0,-0.0,-0.0,273.0992294736841,0.0
2062,-0.0,-0.0,-0.0,276.94818105263147,0.0
2063,-0.0,-0.0,-0.0,287.08940210526305,0.0
2064,-0.0,-0.0,-0.0,285.4671873684209,0.0
2065,-0.0,-0.0,-0.0,300.68202105263146,0.0
2066,-0.0,-0.0,-0.0,302.64468631578933,0.0
2067,-0.0,-0.0,-0.0,303.22138947368404,0.0
2068,-0.0,-0.0,-0.0,298.69344421052614,0.0
2069,-0.0,-0.0,-0.0,293.69344421052614,0.0
2070,-0.0,-0.0,-0.0,288.69344421052614,0.0
2071,-0.0,-0.0,-0.0,283.69344421052614,0.0
2072,-0.0,-0.0,-0.0,278.69344421052614,0.0
2073,-0.0,-0.0,-0.0,280.4424968421051,0.0
2074,-0.0,-0.0,-0.0,287.14067789473665,0.0
2075,-0.0,-0.0,-0.0,303.7406778947367,0.0
2076,-0.0,-0.0,-0.0,320.3406778947367,0.0
2077,-0.0,-0.0,-0.0,334.2236631578946,0.0
2078,-0.0,-0.0,-0.0,346.2737936842104,0.0
2079,-0.0,-0.0,-0.0,352.00781894736826,0.0
2080,-0.0,-0.0,-0.0,347.03517894736825,0.0
2081,-0.0,-0.0,-0.0,342.03517894736825,0.0
2082,-0.0,-0.0,-0.0,337.03517894736825,0.0
2083,-0.0,-0.0,-0.0,332.03517894736825,0.0
2084,-0.0,-0.0,-0.0,327.03517894736825,0.0
2085,-0.0,-0.0,-0.0,322.03517894736825,0.0
2086,-0.0,-0.0,-0.0,317.03517894736825,0.0
2087,-0.0,-0.0,-0.0,312.03517894736825,0.0
2088,-0.0,-0.0,-0.0,309.41402105263137,0.0
2089,-0.0,-0.0,-0.0,308.8637347368419,0.0
2090,-0.0,-0.0,-0.0,324.06833684210505,0.0
2091,-0.0,-0.0,-0.0,323.78702736842087,0.0
2092,-0.0,-0.0,-0.0,318.81798736842086,0.0
2093,-0.0,-0.0,-0.0,313.81798736842086,0.0
2094,-0.0,-0.0,-0.0,308.81798736842086,0.0
2095,-0.0,-0.0,-0.0,309.57374315789457,0.0
2096,-0.0,-0.0,-0.0,304.57374315789457,0.0
2097,-0.0,-0.0,-0.0,306.870602105263,0.0
2098,-0.0,-0.0,-0.0,314.25202526315775,0.0
2099,-0.0,-0.0,-0.0,330.85202526315777,0.0
2100,-0.0,-0.0,-0.0,344.34655157894724,0.0
2101,-0.0,-0.0,-0.0,360.94655157894726,0.0
2102,-0.0,-0.0,-0.0,372.5449389473683,0.0
2103,-0.0,-0.0,-0.0,377.898842105263,0.0
2104,-0.0,-0.0,-0.0,372.898842105263,0.0
2105,-0.0,-0.0,-0.0,367.898842105263,0.0
2106,-0.0,-0.0,-0.0,362.898842105263,0.0
2107,-0.0,-0.0,-0.0,357.898842105263,0.0
2108,-0.0,-0.0,-0.0,354.71430315789456,0.0
2109,-0.0,-0.0,-0.0,349.71430315789456,0.0
2110,-0.0,-0.0,-0.0,352.97922105263143,0.0
2111,-0.0,-0.0,-0.0,347.97922105263143,0.0
2112,-0.0,-0.0,-0.0,344.4610568421051,0.0
2113,-0.0,-0.0,-0.0,342.8078063157893,0.0
2114,-0.0,-0.0,-0.0,342.3471410526314,0.0
2115,-0.0,-0.0,-0.0,340.3151705263156,0.0
2116,-0.0,-0.0,-0.0,335.3151705263156,0.0
2117,-0.0,-0.0,-0.0,330.3151705263156,0.0
2118,-0.0,-0.0,-0.0,325.3151705263156,0.0
2119,-0.0,-0.0,-0.0,320.3151705263156,0.0
2120,-0.0,-0.0,-0.0,315.3151705263156,0.0
2121,-0.0,-0.0,-0.0,312.9357431578946,0.0
2122,-0.0,-0.0,-0.0,315.799962105263,0.0
2123,-0.0,-0.0,-0.0,322.682122105263,0.0
2124,-0.0,-0.0,-0.0,332.1049347368419,0.0
2125,-0.0,-0.0,-0.0,342.289962105263,0.0
2126,-0.0,-0.0,-0.0,350.43363789473665,0.0
2127,-0.0,-0.0,-0.0,352.0009852631577,0.0
2128,-0.0,-0.0,-0.0,356.06385263157875,0.0
2129,-0.0,-0.0,-0.0,351.06385263157875,0.0
2130,-0.0,-0.0,-0.0,346.06385263157875,0.0
2131,-0.0,-0.0,-0.0,341.06385263157875,0.0
2132,-0.0,-0.0,-0.0,336.06385263157875,0.0
2133,-0.0,-0.0,-0.0,331.06385263157875,0.0
2134,-0.0,-0.0,-0.0,326.06385263157875,0.0
2135,-0.0,-0.0,-0.0,321.06385263157875,0.0
2136,-0.0,-0.0,-0.0,316.06385263157875,0.0
2137,-0.0,-0.0,-0.0,312.1706442105261,0.0
2138,-0.0,-0.0,-0.0,309.09198315789456,0.0
2139,-0.0,-0.0,-0.0,304.5084084210525,0.0
2140,-0.0,-0.0,-0.0,308.55842947368404,0.0
2141,-0.0,-0.0,-0.0,303.55842947368404,0.0
2142,-0.0,-0.0,-0.0,298.55842947368404,0.0
2143,-0.0,-0.0,-0.0,295.37839999999983,0.0
2144,-0.0,-0.0,-0.0,295.7584673684209,0.0
2145,-0.0,-0.0,-0.0,290.7584673684209,0.0
2146,-0.0,-0.0,-0.0,290.8808126315788,0.0
2147,-0.0,-0.0,-0.0,295.55613473684195,0.0
2148,-0.0,-0.0,-0.0,312.156134736842,0.0
2149,-0.0,-0.0,-0.0,320.94625684210513,0.0
2150,-0.0,-0.0,-0.0,331.38047157894823,0.0
2151,-0.0,-0.0,-0.0,332.1385389473693,0.0
2152,-0.0,-0.0,-0.0,327.1385389473693,0.0
2153,-0.0,-0.0,-0.0,322.1385389473693,0.0
2154,-0.0,-0.0,-0.0,317.1385389473693,0.0
2155,-0.0,-0.0,-0.0,312.1385389473693,0.0
2156,-0.0,-0.0,-0.0,307.1385389473693,0.0
2157,-0.0,-0.0,-0.0,302.1385389473693,0.0
2158,-0.0,-0.0,-0.0,297.1385389473693,0.0
2159,-0.0,-0.0,-0.0,292.1385389473693,0.0
2160,-0.0,-0.0,-0.0,287.1385389473693,0.0
2161,-0.0,-0.0,-0.0,283.76471578947456,0.0
2162,-0.0,-0.0,-0.0,281.9341557894746,0.0
2163,-0.0,-0.0,-0.0,278.77242947368507,0.0
2164,-0.0,-0.0,-0.0,273.77242947368507,0.0
2165,-0.0,-0.0,-0.0,268.77242947368507,0.0
2166,-0.0,-0.0,-0.0,263.77242947368507,0.0
2167,-0.0,-0.0,-0.0,264.5331873684219,0.0
2168,-0.0,-0.0,-0.0,259.5331873684219,0.0
2169,-0.0,-0.0,-0.0,258.0005936842114,0.0
2170,-0.0,-0.0,-0.0,261.43338526315875,0.0
2171,-0.0,-0.0,-0.0,268.6684210526324,0.0
2172,-0.0,-0.0,-0.0,285.26842105263245,0.0
2173,-0.0,-0.0,-0.0,295.71261052631667,0.0
2174,-0.0,-0.0,-0.0,304.2599410526325,0.0
2175,-0.0,-0.0,-0.0,307.24443789473776,0.0
2176,-0.0,-0.0,-0.0,302.24443789473776,0.0
2177,-0.0,-0.0,-0.0,297.24443789473776,0.0
2178,-0.0,-0.0,-0.0,292.24443789473776,0.0
2179,-0.0,-0.0,-0.0,287.24443789473776,0.0
2180,-0.0,-0.0,-0.0,282.24443789473776,0.0
2181,-0.0,-0.0,-0.0,277.24443789473776,0.0
2182,-0.0,0.0,-0.0,272.24443789473776,0.0
2183,-0.0,-0.0,-0.0,281.6015410526325,0.0
2184,-0.0,-0.0,-0.0,277.9330105263167,0.0
2185,-0.0,-0.0,-0.0,275.9553810526325,0.0
2186,-0.0,-0.0,-0.0,289.39696842105354,0.0
2187,-0.0,-0.0,-0.0,286.8480757894746,0.0
2188,-0.0,-0.0,-0.0,281.8480757894746,0.0
2189,-0.0,-0.0,-0.0,276.8480757894746,0.0
2190,-0.0,-0.0,-0.0,271.8480757894746,0.0
2191,-0.0,-0.0,-0.0,266.8480757894746,0.0
2192,-0.0,-0.0,-0.0,261.8480757894746,0.0
2193,-0.0,-0.0,-0.0,260.4398905263167,0.0
2194,-0.0,-0.0,-0.0,264.1152084210535,0.0
2195,-0.0,-0.0,-0.0,271.783722105264,0.0
2196,-0.0,-0.0,-0.0,282.08478315789563,0.0
2197,-0.0,-0.0,-0.0,292.7255326315798,0.0
2198,-0.0,-0.0,-0.0,301.18748631579035,0.0
2199,-0.0,-0.0,-0.0,303.5658189473693,0.0
2200,-0.0,-0.0,-0.0,298.5658189473693,0.0
2201,-0.0,-0.0,-0.0,293.5658189473693,0.0
2202,-0.0,-0.0,-0.0,288.5658189473693,0.0
2203,-0.0,-0.0,-0.0,283.5658189473693,0.0
2204,-0.0,-0.0,-0.0,279.53562105263245,0.0
2205,-0.0,-0.0,-0.0,274.53562105263245,0.0
2206,-0.0,-0.0,-0.0,269.53562105263245,0.0
2207,-0.0,-0.0,-0.0,264.53562105263245,0.0
2208,-0.0,-0.0,-0.0,279.0911242105272,0.0
2209,-0.0,-0.0,-0.0,277.3846694736851,0.0
2210,-0.0,-0.0,-0.0,276.7763284210535,0.0
2211,-0.0,-0.0,-0.0,274.7828589473693,0.0
2212,-0.0,-0.0,-0.0,269.7828589473693,0.0
2213,-0.0,-0.0,-0.0,264.7828589473693,0.0
2214,-0.0,-0.0,-0.0,259.7828589473693,0.0
2215,-0.0,-0.0,-0.0,254.78285894736925,0.0
2216,-0.0,-0.0,-0.0,249.78285894736925,0.0
2217,-0.0,-0.0,-0.0,251.46654315789556,0.0
2218,-0.0,-0.0,-0.0,257.61051368421136,0.0
2219,-0.0,-0.0,-0.0,267.39529684210606,0.0
2220,-0.0,-0.0,-0.0,279.9166484210534,0.0
2221,-0.0,-0.0,-0.0,293.28350736842185,0.0
2222,-0.0,-0.0,-0.0,304.9089136842113,0.0
2223,-0.0,-0.0,-0.0,310.5822315789481,0.0
2224,-0.0,-0.0,-0.0,306.08024421052704,0.0
2225,-0.0,-0.0,-0.0,301.08024421052704,0.0
2226,-0.0,-0.0,-0.0,296.08024421052704,0.0
2227,-0.0,-0.0,-0.0,291.08024421052704,0.0
2228,-0.0,-0.0,-0.0,286.08024421052704,0.0
2229,-0.0,-0.0,-0.0,281.08024421052704,0.0
2230,-0.0,-0.0,-0.0,276.08024421052704,0.0
2231,-0.0,-0.0,-0.0,271.08024421052704,0.0
2232,-0.0,-0.0,-0.0,266.25649263157965,0.0
2233,-0.0,-0.0,-0.0,263.59114947368494,0.0
2234,-0.0,-0.0,-0.0,261.90849263157963,0.0
2235,-0.0,-0.0,-0.0,258.5547915789481,0.0
2236,-0.0,-0.0,-0.0,253.55479157894808,0.0
2237,-0.0,-0.0,-0.0,248.55479157894808,0.0
2238,-0.0,-0.0,-0.0,243.55479157894808,0.0
2239,-0.0,-0.0,-0.0,240.6600715789481,0.0
2240,-0.0,-0.0,-0.0,245.61551157894812,0.0
2241,-0.0,-0.0,-0.0,243.88882105263232,0.0
2242,-0.0,-0.0,-0.0,246.71237894736916,0.0
2243,-0.0,-0.0,-0.0,253.16621473684285,0.0
2244,-0.0,-0.0,-0.0,262.4193726315797,0.0
2245,-0.0,-0.0,-0.0,279.0193726315797,0.0
2246,-0.0,-0.0,-0.0,287.91173473684285,0.0
2247,-0.0,-0.0,-0.0,304.51173473684287,0.0
2248,-0.0,-0.0,-0.0,299.51173473684287,0.0
2249,-0.0,-0.0,-0.0,294.51173473684287,0.0
2250,-0.0,-0.0,-0.0,289.51173473684287,0.0
2251,-0.0,-0.0,-0.0,284.51173473684287,0.0
2252,-0.0,-0.0,-0.0,279.51173473684287,0.0
2253,-0.0,-0.0,-0.0,274.51173473684287,0.0
2254,-0.0,-0.0,-0.0,269.51173473684287,0.0
2255,-0.0,-0.0,-0.0,264.51173473684287,0.0
2256,-0.0,-0.0,-0.0,262.3547873684218,0.0
2257,-0.0,-0.0,-0.0,261.9251957894744,0.0
2258,-0.0,-0.0,-0.0,262.19574736842173,0.0
2259,-0.0,-0.0,-0.0,260.9381178947375,0.0
2260,-0.0,-0.0,-0.0,255.93811789473747,0.0
2261,-0.0,-0.0,-0.0,250.93811789473747,0.0
2262,-0.0,-0.0,-0.0,245.93811789473747,0.0
2263,-0.0,-0.0,-0.0,240.93811789473747,0.0
2264,-0.0,-0.0,-0.0,235.93811789473747,0.0
2265,-0.0,-0.0,-0.0,236.21401263157958,0.0
2266,-0.0,-0.0,-0.0,241.0746021052638,0.0
2267,-0.0,-0.0,-0.0,249.44924631579013,0.0
2268,-0.0,-0.0,-0.0,260.1939789473691,0.0
2269,-0.0,-0.0,-0.0,271.23269894736904,0.0
2270,-0.0,-0.0,-0.0,280.18110736842164,0.0
2271,-0.0,-0.0,-0.0,296.78110736842166,0.0
2272,-0.0,-0.0,-0.0,291.78110736842166,0.0
2273,-0.0,-0.0,-0.0,286.78110736842166,0.0
2274,-0.0,-0.0,-0.0,281.78110736842166,0.0
2275,-0.0,-0.0,-0.0,276.78110736842166,0.0
2276,-0.0,-0.0,-0.0,271.78110736842166,0.0
2277,-0.0,-0.0,-0.0,266.78110736842166,0.0
2278,-0.0,-0.0,-0.0,261.78110736842166,0.0
2279,-0.0,-0.0,-0.0,269.0818147368427,0.0
2280,-0.0,-0.0,-0.0,264.0818147368427,0.0
2281,-0.0,-0.0,-0.0,259.0818147368427,0.0
2282,-0.0,-0.0,-0.0,254.08181473684274,0.0
2283,-0.0,-0.0,-0.0,249.08181473684274,0.0
2284,-0.0,-0.0,-0.0,244.08181473684274,0.0
2285,-0.0,-0.0,-0.0,239.08181473684274,0.0
2286,-0.0,-0.0,-0.0,234.08181473684274,0.0
2287,-0.0,-0.0,-0.0,229.08181473684274,0.0
2288,-0.0,-0.0,-0.0,224.08181473684274,0.0
2289,-0.0,-0.0,-0.0,219.08181473684274,0.0
2290,-0.0,-0.0,-0.0,217.849271578948,0.0
2291,-0.0,-0.0,-0.0,220.27106947368483,0.0
2292,-0.0,-0.0,-0.0,225.04203789473746,0.0
2293,-0.0,-0.0,-0.0,230.31242105263217,0.0
2294,-0.0,-0.0,-0.0,233.7533600000006,0.0
2295,-0.0,-0.0,-0.0,231.2878357894743,0.0
2296,-0.0,-0.0,-0.0,226.2878357894743,0.0
2297,-0.0,-0.0,-0.0,221.2878357894743,0.0
2298,-0.0,-0.0,-0.0,216.2878357894743,0.0
2299,-0.0,-0.0,-0.0,211.2878357894743,0.0
2300,-0.0,-0.0,-0.0,206.2878357894743,0.0
2301,-0.0,-0.0,-0.0,201.2878357894743,0.0
2302,-0.0,-0.0,-0.0,196.2878357894743,0.0
2303,-0.0,-0.0,-0.0,191.2878357894743,0.0
2304,-0.0,-0.0,-0.0,186.2878357894743,0.0
2305,-0.0,-0.0,-0.0,181.2878357894743,0.0
2306,-0.0,-0.0,-0.0,176.2878357894743,0.0
2307,-0.0,-0.0,-0.0,171.2878357894743,0.0
2308,-0.0,-0.0,-0.0,166.2878357894743,0.0
2309,-0.0,-0.0,-0.0,161.2878357894743,0.0
2310,-0.0,-0.0,-0.0,156.2878357894743,0.0
2311,-0.0,-0.0,-0.0,151.2878357894743,0.0
2312,-0.0,-0.0,-0.0,146.2878357894743,0.0
2313,-0.0,-0.0,-0.0,142.44438315789532,0.0
2314,-0.0,-0.0,-0.0,143.5835957894743,0.0
2315,-0.0,-0.0,-0.0,148.52512842105324,0.0
2316,-0.0,-0.0,-0.0,156.0697642105269,0.0
2317,-0.0,-0.0,-0.0,163.8888336842111,0.0
2318,-0.0,-0.0,-0.0,169.39033684210585,0.0
2319,-0.0,-0.0,-0.0,168.87881684210586,0.0
2320,-0.0,-0.0,-0.0,163.87881684210586,0.0
2321,-0.0,-0.0,-0.0,158.87881684210586,0.0
2322,-0.0,-0.0,-0.0,153.87881684210586,0.0
2323,-0.0,-0.0,-0.0,148.87881684210586,0.0
2324,-0.0,-0.0,-0.0,143.87881684210586,0.0
2325,-0.0,-0.0,-0.0,141.0802357894743,0.0
2326,-0.0,-0.0,-0.0,136.0802357894743,0.0
2327,-0.0,-0.0,-0.0,131.0802357894743,0.0
2328,-0.0,-0.0,-0.0,126.0802357894743,0.0
2329,-0.0,-0.0,-0.0,121.0802357894743,0.0
2330,-0.0,-0.0,-0.0,116.80436631579008,0.0
2331,-0.0,-0.0,-0.0,111.80436631579008,0.0
2332,-0.0,-0.0,-0.0,106.80436631579008,0.0
2333,-0.0,-0.0,-0.0,101.80436631579008,0.0
2334,-0.0,-0.0,-0.0,96.80436631579008,0.0
2335,-0.0,-0.0,-0.0,91.80436631579008,0.0
2336,-0.0,-0.0,-0.0,86.80436631579008,0.0
2337,-0.0,-0.0,-0.0,85.19583157894796,0.0
2338,-0.0,-0.0,-0.0,88.31496842105321,0.0
2339,-0.0,-0.0,-0.0,104.9149684210532,0.0
2340,-0.0,-0.0,-0.0,114.36332210526373,0.0
2341,-0.0,-0.0,-0.0,124.82058526315848,0.0
2342,-0.0,-0.0,-0.0,141.42058526315847,0.0
2343,-0.0,-0.0,-0.0,145.30565052631636,0.0
2344,-0.0,-0.0,-0.0,140.30565052631636,0.0
2345,-0.0,-0.0,-0.0,135.30565052631636,0.0
2346,-0.0,-0.0,-0.0,130.30565052631636,0.0
2347,-0.0,-0.0,-0.0,125.30565052631637,0.0
2348,-0.0,-0.0,-0.0,120.30565052631637,0.0
2349,-0.0,-0.0,-0.0,115.30565052631637,0.0
2350,-0.0,-0.0,-0.0,110.30565052631637,0.0
2351,-0.0,-0.0,-0.0,105.30565052631637,0.0
2352,-0.0,-0.0,-0.0,100.30565052631637,0.0
2353,-0.0,-0.0,-0.0,95.30565052631637,0.0
2354,-0.0,-0.0,-0.0,90.30565052631637,0.0
2355,-0.0,-0.0,-0.0,100.63812631579005,0.0
2356,-0.0,-0.0,-0.0,95.63812631579005,0.0
2357,-0.0,-0.0,-0.0,90.63812631579005,0.0
2358,-0.0,-0.0,-0.0,85.63812631579005,0.0
2359,-0.0,-0.0,-0.0,80.63812631579005,0.0
2360,-0.0,-0.0,-0.0,75.63812631579005,0.0
2361,-0.0,-0.0,-0.0,87.06382736842163,0.0
2362,-0.0,-0.0,-0.0,89.3683031578953,0.0
2363,-0.0,-0.0,-0.0,95.60648000000057,0.0
2364,-0.0,-0.0,-0.0,104.1228884210532,0.0
2365,-0.0,-0.0,-0.0,112.7081894736848,0.0
2366,-0.0,-0.0,-0.0,118.87777684210585,0.0
2367,-0.0,-0.0,-0.0,118.97359578947426,0.0
2368,-0.0,-0.0,-0.0,113.97359578947426,0.0
2369,-0.0,-0.0,-0.0,108.97359578947426,0.0
2370,-0.0,-0.0,-0.0,103.97359578947426,0.0
2371,-0.0,-0.0,-0.0,98.97359578947426,0.0
2372,-0.0,-0.0,-0.0,93.97359578947426,0.0
2373,-0.0,-0.0,-0.0,88.97359578947426,0.0
2374,-0.0,-0.0,-0.0,83.97359578947426,0.0
2375,-0.0,-0.0,-0.0,78.97359578947426,0.0
2376,-0.0,-0.0,-0.0,73.97359578947426,0.0
2377,-0.0,-0.0,-0.0,68.97359578947426,0.0
2378,-0.0,-0.0,-0.0,64.51314105263214,0.0
2379,-0.0,-0.0,-0.0,59.513141052632136,0.0
2380,-0.0,-0.0,-0.0,54.513141052632136,0.0
2381,-0.0,-0.0,-0.0,49.513141052632136,0.0
2382,-0.0,-0.0,-0.0,44.513141052632136,0.0
2383,-0.0,-0.0,-0.0,39.513141052632136,0.0
2384,-0.0,-0.0,-0.0,34.513141052632136,0.0
2385,-0.0,-0.0,-0.0,30.80561684210582,0.0
2386,-0.0,-0.0,-0.0,32.28637473684266,0.0
2387,-0.0,-0.0,-0.0,48.88637473684266,0.0
2388,-0.0,-0.0,-0.0,57.63018947368476,0.0
2389,-0.0,-0.0,-0.0,67.21693473684265,0.0
2390,-0.0,-0.0,-0.0,74.85604210526367,0.0
2391,-0.0,-0.0,-0.0,76.83757894736893,0.0
2392,-0.0,-0.0,-0.0,71.83757894736893,0.0
2393,-0.0,-0.0,-0.0,66.83757894736893,0.0
2394,-0.0,-0.0,-0.0,61.837578947368925,0.0
2395,-0.0,-0.0,-0.0,56.837578947368925,0.0
2396,-0.0,-0.0,-0.0,51.837578947368925,0.0
2397,-0.0,-0.0,-0.0,46.837578947368925,0.0
2398,-0.0,-0.0,-0.0,41.837578947368925,0.0
2399,-0.0,-0.0,-0.0,36.837578947368925,0.0
2400,-0.0,-0.0,-0.0,34.31434105263208,0.0
2401,-0.0,-0.0,-0.0,34.002753684211015,0.0
2402,-0.0,-0.0,-0.0,50.60275368421102,0.0
2403,-0.0,-0.0,-0.0,50.29510736842154,0.0
2404,-0.0,-0.0,-0.0,59.134833684211,0.0
2405,-0.0,-0.0,-0.0,54.134833684211,0.0
2406,-0.0,-0.0,-0.0,49.134833684211,0.0
2407,-0.0,-0.0,-0.0,52.60586105263205,0.0
2408,-0.0,-0.0,-0.0,50.32556631578995,0.0
2409,-0.0,-0.0,-0.0,56.05818947368469,0.0
2410,-0.0,-0.0,-0.0,67.09672000000049,0.0
2411,-0.0,-0.0,-0.0,83.69672000000048,0.0
2412,-0.0,-0.0,2.3533999999999975,100.29672000000048,0.0
2413,-0.0,3.163149999999975,2.3533999999999975,116.89672000000047,0.0
2414,-0.0,3.163149999999975,2.8424000000000076,133.49672000000047,0.0
2415,-0.0,3.163149999999975,2.8424000000000076,150.09672000000046,0.0
2416,-0.0,3.163149999999975,2.8424000000000076,150.23456421052677,0.0
2417,-0.0,3.163149999999975,2.8424000000000076,145.23456421052677,0.0
2418,-0.0,3.163149999999975,2.8424000000000076,140.23456421052677,0.0
2419,-0.0,3.163149999999975,2.8424000000000076,135.23456421052677,0.0
2420,-0.0,3.163149999999975,2.8424000000000076,130.23456421052677,0.0
2421,-0.0,3.163149999999975,2.8424000000000076,125.23456421052677,0.0
2422,-0.0,3.163149999999975,2.8424000000000076,120.23456421052677,0.0
2423,-0.0,3.163149999999975,2.8424000000000076,115.23456421052677,0.0
2424,-0.0,3.163149999999975,2.8424000000000076,128.29383157894782,0.0
2425,-0.0,3.163149999999975,2.8424000000000076,124.8157221052636,0.0
2426,-0.0,3.163149999999975,2.8424000000000076,121.68798736842149,0.0
2427,-0.0,3.163149999999975,2.8424000000000076,116.68798736842149,0.0
2428,-0.0,3.163149999999975,2.8424000000000076,111.68798736842149,0.0
2429,-0.0,3.163149999999975,2.8424000000000076,106.68798736842149,0.0
2430,-0.0,3.163149999999975,2.8424000000000076,101.68798736842149,0.0
2431,-0.0,3.163149999999975,2.8424000000000076,96.68798736842149,0.0
2432,-0.0,3.163149999999975,2.8424000000000076,107.08893894736886,0.0
2433,-0.0,3.163149999999975,2.8424000000000076,106.89008842105306,0.0
2434,-0.0,3.163149999999975,2.8424000000000076,111.24103157894778,0.0
2435,-0.0,3.163149999999975,2.8424000000000076,119.40460210526356,0.0
2436,-0.0,3.163149999999975,2.8424000000000076,136.00460210526356,0.0
2437,-0.0,3.163149999999975,2.8424000000000076,147.52128842105304,0.0
2438,-0.0,3.163149999999975,2.8424000000000076,157.2471452631583,0.0
2439,-0.0,3.163149999999975,2.8424000000000076,161.30269894736884,0.0
2440,-0.0,3.163149999999975,2.8424000000000076,156.30269894736884,0.0
2441,-0.0,3.163149999999975,2.8424000000000076,151.30269894736884,0.0
2442,-0.0,3.163149999999975,2.8424000000000076,146.30269894736884,0.0
2443,-0.0,3.163149999999975,2.8424000000000076,141.30269894736884,0.0
2444,-0.0,3.163149999999975,2.8424000000000076,136.30269894736884,0.0
2445,-0.0,3.163149999999975,2.8424000000000076,131.30269894736884,0.0
2446,-0.0,3.163149999999975,2.8424000000000076,126.30269894736884,0.0
2447,-0.0,3.163149999999975,2.8424000000000076,121.30269894736884,0.0
2448,-0.0,3.163149999999975,2.8424000000000076,116.30269894736884,0.0
2449,-0.0,3.163149999999975,2.8424000000000076,111.62275789473728,0.0
2450,-0.0,3.163149999999975,2.8424000000000076,107.73197473684255,0.0
2451,-0.0,3.163149999999975,2.8424000000000076,102.73197473684255,0.0
2452,-0.0,3.163149999999975,2.8424000000000076,97.73197473684255,0.0
2453,-0.0,3.163149999999975,2.8424000000000076,92.73197473684255,0.0
2454,-0.0,3.163149999999975,2.8424000000000076,87.73197473684255,0.0
2455,-0.0,3.163149999999975,2.8424000000000076,82.73197473684255,0.0
2456,-0.0,3.163149999999975,2.8424000000000076,77.73197473684255,0.0
2457,-0.0,3.163149999999975,2.8424000000000076,78.8098357894741,0.0
2458,-0.0,3.163149999999975,2.8424000000000076,84.48978526315832,0.0
2459,-0.0,3.163149999999975,2.8424000000000076,93.50238736842148,0.0
2460,-0.0,3.163149999999975,2.8424000000000076,104.67146526315831,0.0
2461,-0.0,3.163149999999975,2.8424000000000076,115.97878315789515,0.0
2462,-0.0,3.163149999999975,2.8424000000000076,132.57878315789515,0.0
2463,-0.0,3.163149999999975,2.8424000000000076,135.2531115789478,0.0
2464,-0.0,3.163149999999975,2.8424000000000076,130.2531115789478,0.0
2465,-0.0,3.163149999999975,2.8424000000000076,125.2531115789478,0.0
2466,-0.0,3.163149999999975,2.8424000000000076,120.2531115789478,0.0
2467,-0.0,3.163149999999975,2.8424000000000076,115.2531115789478,0.0
2468,-0.0,3.163149999999975,2.8424000000000076,110.2531115789478,0.0
2469,-0.0,3.163149999999975,2.8424000000000076,105.2531115789478,0.0
2470,-0.0,3.163149999999975,2.8424000000000076,100.2531115789478,0.0
2471,-0.0,3.163149999999975,2.8424000000000076,95.2531115789478,0.0
2472,-0.0,3.163149999999975,2.8424000000000076,90.2531115789478,0.0
2473,-0.0,3.163149999999975,2.8424000000000076,85.2531115789478,0.0
2474,-0.0,3.163149999999975,2.8424000000000076,80.2531115789478,0.0
2475,-0.0,3.163149999999975,2.8424000000000076,75.2531115789478,0.0
2476,-0.0,3.163149999999975,2.8424000000000076,70.2531115789478,0.0
2477,-0.0,3.163149999999975,2.8424000000000076,65.2531115789478,0.0
2478,-0.0,3.163149999999975,2.8424000000000076,60.2531115789478,0.0
2479,-0.0,3.163149999999975,2.8424000000000076,55.2531115789478,0.0
2480,-0.0,3.163149999999975,2.8424000000000076,60.97459368421096,0.0
2481,-0.0,3.163149999999975,2.8424000000000076,59.80313684210569,0.0
2482,-0.0,3.163149999999975,2.8424000000000076,63.74500631578988,0.0
2483,-0.0,3.163149999999975,2.8424000000000076,71.49677473684251,0.0
2484,-0.0,3.163149999999975,2.8424000000000076,88.0967747368425,0.0
2485,-0.0,3.163149999999975,2.8424000000000076,98.81327578947408,0.0
2486,-0.0,3.163149999999975,2.8424000000000076,107.52131789473721,0.0
2487,-0.0,3.163149999999975,2.8424000000000076,110.35268210526353,0.0
2488,-0.0,3.163149999999975,2.8424000000000076,105.35268210526353,0.0
2489,-0.0,3.163149999999975,2.8424000000000076,100.35268210526353,0.0
2490,-0.0,3.163149999999975,2.8424000000000076,95.35268210526353,0.0
2491,-0.0,3.163149999999975,2.8424000000000076,90.35268210526353,0.0
2492,-0.0,3.163149999999975,2.8424000000000076,85.35268210526353,0.0
2493,-0.0,3.163149999999975,2.8424000000000076,80.35268210526353,0.0
2494,-0.0,3.163149999999975,2.8424000000000076,83.17180631578984,0.0
2495,-0.0,3.163149999999975,2.8424000000000076,78.17180631578984,0.0
2496,-0.0,3.163149999999975,2.8424000000000076,73.17180631578984,0.0
2497,-0.0,3.163149999999975,2.8424000000000076,69.07995368421089,0.0
2498,-0.0,3.163149999999975,2.8424000000000076,66.27553684210562,0.0
2499,-0.0,3.163149999999975,2.8424000000000076,62.05287157894772,0.0
2500,-0.0,3.163149999999975,2.8424000000000076,57.05287157894772,0.0
2501,-0.0,3.163149999999975,2.8424000000000076,52.05287157894772,0.0
2502,-0.0,3.163149999999975,2.8424000000000076,47.05287157894772,0.0
2503,-0.0,3.163149999999975,2.8424000000000076,49.2088378947372,0.0
2504,-0.0,3.163149999999975,2.8424000000000076,44.2088378947372,0.0
2505,-0.0,3.163149999999975,2.8424000000000076,44.578218947368754,0.0
2506,-0.0,3.163149999999975,2.8424000000000076,61.17821894736875,0.0
2507,-0.0,3.163149999999975,2.8424000000000076,77.77821894736874,0.0
2508,-0.0,3.163149999999975,2.8424000000000076,90.35914105263188,0.0
2509,-0.0,3.163149999999975,2.8424000000000076,103.9091452631582,0.0
2510,-0.0,3.163149999999975,2.8424000000000076,115.54315368421081,0.0
2511,-0.0,3.163149999999975,2.8424000000000076,132.1431536842108,0.0
2512,-0.0,3.163149999999975,2.8424000000000076,127.25695157894764,0.0
2513,-0.0,3.163149999999975,2.8424000000000076,141.99961684210552,0.0
2514,-0.0,3.163149999999975,2.8424000000000076,136.99961684210552,0.0
2515,-0.0,3.163149999999975,2.8424000000000076,131.99961684210552,0.0
2516,-0.0,3.163149999999975,2.8424000000000076,126.99961684210554,0.0
2517,-0.0,3.163149999999975,2.8424000000000076,121.99961684210554,0.0
2518,-0.0,3.163149999999975,2.8424000000000076,116.99961684210554,0.0
2519,-0.0,3.163149999999975,2.8424000000000076,111.99961684210554,0.0
2520,-0.0,3.163149999999975,2.8424000000000076,123.34801263157924,0.0
2521,-0.0,3.163149999999975,2.8424000000000076,118.57773052631607,0.0
2522,-0.0,3.163149999999975,2.8424000000000076,129.11567157894766,0.0
2523,-0.0,3.163149999999975,2.8424000000000076,124.11567157894766,0.0
2524,-0.0,3.163149999999975,2.8424000000000076,119.11567157894766,0.0
2525,-0.0,3.163149999999975,2.8424000000000076,114.11567157894766,0.0
2526,-0.0,3.163149999999975,2.8424000000000076,109.11567157894766,0.0
2527,-0.0,3.163149999999975,2.8424000000000076,104.11567157894766,0.0
2528,-0.0,3.163149999999975,2.8424000000000076,99.11567157894766,0.0
2529,-0.0,3.163149999999975,2.8424000000000076,101.40696000000028,0.0
2530,-0.0,3.163149999999975,2.8424000000000076,108.91798315789502,0.0
2531,-0.0,3.163149999999975,2.8424000000000076,120.42682526315818,0.0
2532,-0.0,3.163149999999975,2.8424000000000076,134.34096000000028,0.0
2533,-0.0,3.163149999999975,2.8424000000000076,148.5052000000003,0.0
2534,-0.0,3.163149999999975,2.8424000000000076,160.35702736842134,0.0
2535,-0.0,3.163149999999975,2.8424000000000076,176.95702736842134,0.0
2536,-0.0,3.163149999999975,2.8424000000000076,172.03024000000028,0.0
2537,-0.0,3.163149999999975,2.8424000000000076,167.03024000000028,0.0
2538,-0.0,3.163149999999975,2.8424000000000076,171.56429052631606,0.0
2539,-0.0,3.163149999999975,2.8424000000000076,166.56429052631606,0.0
2540,-0.0,3.163149999999975,2.8424000000000076,161.56429052631606,0.0
2541,-0.0,3.163149999999975,2.8424000000000076,156.56429052631606,0.0
2542,-0.0,3.163149999999975,2.8424000000000076,151.56429052631606,0.0
2543,-0.0,3.163149999999975,2.8424000000000076,146.56429052631606,0.0
2544,-0.0,3.163149999999975,2.8424000000000076,141.56429052631606,0.0
2545,-0.0,3.163149999999975,2.8424000000000076,136.56429052631606,0.0
2546,-0.0,3.163149999999975,2.8424000000000076,132.26636631578975,0.0
2547,-0.0,3.163149999999975,2.8424000000000076,127.26636631578977,0.0
2548,-0.0,3.163149999999975,2.8424000000000076,122.26636631578977,0.0
2549,-0.0,3.163149999999975,2.8424000000000076,117.26636631578977,0.0
2550,-0.0,3.163149999999975,2.8424000000000076,112.26636631578977,0.0
2551,-0.0,3.163149999999975,2.8424000000000076,107.26636631578977,0.0
2552,-0.0,3.163149999999975,2.8424000000000076,102.26636631578977,0.0
2553,-0.0,3.163149999999975,2.8424000000000076,103.81806315789503,0.0
2554,-0.0,3.163149999999975,2.8424000000000076,109.66399157894766,0.0
2555,-0.0,3.163149999999975,2.8424000000000076,119.25680000000028,0.0
2556,-0.0,3.163149999999975,2.8424000000000076,131.60296421052658,0.0
2557,-0.0,3.163149999999975,2.8424000000000076,144.575983157895,0.0
2558,-0.0,3.163149999999975,2.8424000000000076,155.54607578947392,0.0
2559,-0.0,3.163149999999975,2.8424000000000076,172.1460757894739,0.0
2560,-0.0,3.163149999999975,2.8424000000000076,167.1460757894739,0.0
2561,-0.0,3.163149999999975,2.8424000000000076,162.1460757894739,0.0
2562,-0.0,3.163149999999975,2.8424000000000076,157.1460757894739,0.0
2563,-0.0,3.163149999999975,2.8424000000000076,152.1460757894739,0.0
2564,-0.0,3.163149999999975,2.8424000000000076,147.1460757894739,0.0
2565,-0.0,3.163149999999975,2.8424000000000076,142.1460757894739,0.0
2566,-0.0,3.163149999999975,2.8424000000000076,137.1460757894739,0.0
2567,-0.0,3.163149999999975,2.8424000000000076,132.1460757894739,0.0
2568,-0.0,3.163149999999975,2.8424000000000076,127.1460757894739,0.0
2569,-0.0,3.163149999999975,2.8424000000000076,122.1460757894739,0.0
2570,-0.0,3.163149999999975,2.8424000000000076,117.1460757894739,0.0
2571,-0.0,3.163149999999975,2.8424000000000076,112.1460757894739,0.0
2572,-0.0,3.163149999999975,2.8424000000000076,107.1460757894739,0.0
2573,-0.0,3.163149999999975,2.8424000000000076,104.71609684210547,0.0
2574,-0.0,3.163149999999975,2.8424000000000076,99.71609684210547,0.0
2575,-0.0,3.163149999999975,2.8424000000000076,94.71609684210547,0.0
2576,-0.0,3.163149999999975,2.8424000000000076,89.71609684210547,0.0
2577,-0.0,3.163149999999975,2.8424000000000076,86.98314947368442,0.0
2578,-0.0,3.163149999999975,2.8424000000000076,88.45594947368443,0.0
2579,-0.0,3.163149999999975,2.8424000000000076,93.3978610526318,0.0
2580,-0.0,3.163149999999975,2.8424000000000076,100.92256421052653,0.0
2581,-0.0,3.163149999999975,2.8424000000000076,109.17586947368443,0.0
2582,-0.0,3.163149999999975,2.8424000000000076,115.50969263157917,0.0
2583,-0.0,3.163149999999975,2.8424000000000076,116.28731368421074,0.0
2584,-0.0,3.163149999999975,2.8424000000000076,111.28731368421074,0.0
2585,-0.0,3.163149999999975,2.8424000000000076,106.28731368421074,0.0
2586,-0.0,3.163149999999975,2.8424000000000076,101.28731368421074,0.0
2587,-0.0,3.163149999999975,2.8424000000000076,96.28731368421074,0.0
2588,-0.0,3.163149999999975,2.8424000000000076,91.28731368421074,0.0
2589,-0.0,3.163149999999975,2.8424000000000076,86.28731368421074,0.0
2590,-0.0,3.163149999999975,2.8424000000000076,81.28731368421074,0.0
2591,-0.0,3.163149999999975,2.8424000000000076,76.28731368421074,0.0
2592,-0.0,3.163149999999975,2.8424000000000076,71.28731368421074,0.0
2593,-0.0,3.163149999999975,2.8424000000000076,67.01508210526336,0.0
2594,-0.0,3.163149999999975,2.8424000000000076,63.77570947368442,0.0
2595,-0.0,3.163149999999975,2.8424000000000076,59.09368421052652,0.0
2596,-0.0,3.163149999999975,2.8424000000000076,67.22489263157915,0.0
2597,-0.0,3.163149999999975,2.8424000000000076,62.22489263157915,0.0
2598,-0.0,3.163149999999975,2.8424000000000076,57.258770526315985,0.0
2599,-0.0,3.163149999999975,2.8424000000000076,52.258770526315985,0.0
2600,-0.0,3.163149999999975,2.8424000000000076,47.258770526315985,0.0
2601,-0.0,3.163149999999975,2.8424000000000076,46.93494315789491,0.0
2602,-0.0,3.163149999999975,2.8424000000000076,51.13112421052649,0.0
2603,-0.0,3.163149999999975,2.8424000000000076,58.94060631578964,0.0
2604,-0.0,3.163149999999975,2.8424000000000076,69.12055578947383,0.0
2605,-0.0,3.163149999999975,2.8424000000000076,79.78752842105276,0.0
2606,-0.0,3.163149999999975,2.8424000000000076,88.38650947368431,0.0
2607,-0.0,3.163149999999975,2.8424000000000076,91.35755368421063,0.0
2608,-0.0,3.163149999999975,2.8424000000000076,86.35755368421063,0.0
2609,-0.0,3.163149999999975,2.8424000000000076,87.00076210526325,0.0
2610,-0.0,3.163149999999975,2.8424000000000076,82.00076210526325,0.0
2611,-0.0,3.163149999999975,2.8424000000000076,77.00076210526325,0.0
2612,-0.0,3.163149999999975,2.8424000000000076,72.00076210526325,0.0
2613,-0.0,3.163149999999975,2.8424000000000076,67.00076210526325,0.0
2614,-0.0,3.163149999999975,2.8424000000000076,62.00076210526324,0.0
2615,-0.0,3.163149999999975,2.8424000000000076,57.00076210526324,0.0
2616,-0.0,3.163149999999975,2.8424000000000076,52.00076210526324,0.0
2617,-0.0,3.163149999999975,2.8424000000000076,47.00076210526324,0.0
2618,-0.0,3.163149999999975,2.8424000000000076,57.28818105263166,0.0
2619,-0.0,3.163149999999975,2.8424000000000076,52.28818105263166,0.0
2620,-0.0,3.163149999999975,2.8424000000000076,47.28818105263166,0.0
2621,-0.0,3.163149999999975,2.8424000000000076,42.28818105263166,0.0
2622,-0.0,3.163149999999975,2.8424000000000076,37.55818105263165,0.0
2623,-0.0,3.163149999999975,2.8424000000000076,32.55818105263165,0.0
2624,-0.0,3.163149999999975,2.8424000000000076,27.55818105263165,0.0
2625,-0.0,3.163149999999975,2.8424000000000076,28.850185263157954,0.0
2626,-0.0,3.163149999999975,2.8424000000000076,34.652345263157954,0.0
2627,-0.0,3.163149999999975,2.8424000000000076,43.99429052631585,0.0
2628,-0.0,3.163149999999975,2.8424000000000076,55.62242526315795,0.0
2629,-0.0,3.163149999999975,2.8424000000000076,67.5025978947369,0.0
2630,-0.0,3.163149999999975,2.8424000000000076,77.20715789473688,0.0
2631,-0.0,3.163149999999975,2.8424000000000076,80.93075368421054,0.0
2632,-0.0,3.163149999999975,2.8424000000000076,89.42666105263159,0.0
2633,-0.0,3.163149999999975,2.8424000000000076,84.42666105263159,0.0
2634,-0.0,3.163149999999975,2.8424000000000076,79.42666105263159,0.0
2635,-0.0,3.163149999999975,2.8424000000000076,74.42666105263159,0.0
2636,-0.0,3.163149999999975,2.8424000000000076,69.42666105263159,0.0
2637,-0.0,0.11496828254844882,0.0,64.42666105263159,0.0
2638,-0.0,0.11496828254844882,-0.0,59.42666105263159,0.0
2639,-0.0,0.11496828254844882,-0.0,54.42666105263159,0.0
2640,-0.0,0.11496828254844882,-0.0,49.42666105263159,0.0
2641,-0.0,0.11496828254844882,-0.0,44.42666105263159,0.0
2642,-0.0,0.11496828254844882,-0.0,39.42666105263159,0.0
2643,-0.0,0.11496828254844882,-0.0,34.42666105263159,0.0
2644,-0.0,0.11496828254844882,-0.0,29.426661052631584,0.0
2645,-0.0,0.11496828254844882,-0.0,24.426661052631584,0.0
2646,-0.0,0.11496828254844882,-0.0,19.426661052631584,0.0
2647,-0.0,0.11496828254844882,-0.0,14.426661052631584,0.0
2648,-0.0,0.11496828254844882,-0.0,9.426661052631584,0.0
2649,-0.0,0.11496828254844882,-0.0,9.641545263157921,0.0
2650,-0.0,0.11496828254844882,-0.0,14.652993684210553,0.0
2651,-0.0,0.11496828254844882,-0.0,31.25299368421055,0.0
2652,-0.0,0.11496828254844882,-0.0,41.84955789473689,0.0
2653,-0.0,0.11496828254844882,-0.0,52.608311578947394,0.0
2654,-0.0,0.11496828254844882,-0.0,60.94384842105268,0.0
2655,-0.0,0.11496828254844882,-0.0,62.78578105263163,0.0
2656,-0.0,0.11496828254844882,-0.0,57.78578105263163,0.0
2657,-0.0,0.11496828254844882,-0.0,52.78578105263163,0.0
2658,-0.0,0.11496828254844882,-0.0,47.78578105263163,0.0
2659,-0.0,0.11496828254844882,-0.0,42.78578105263163,0.0
2660,-0.0,0.11496828254844882,-0.0,37.78578105263163,0.0
2661,-0.0,0.11496828254844882,-0.0,32.78578105263163,0.0
2662,-0.0,0.11496828254844882,-0.0,27.785781052631627,0.0
2663,-0.0,0.11496828254844882,-0.0,22.785781052631627,0.0
2664,-0.0,0.11496828254844882,-0.0,17.785781052631627,0.0
2665,-0.0,0.11496828254844882,-0.0,12.785781052631627,0.0
2666,-0.0,0.11496828254844882,-0.0,7.785781052631627,0.0
2667,-0.0,0.11496828254844882,-0.0,2.785781052631627,0.0
2668,-0.0,0.11496828254844882,-0.0,19.385781052631625,0.0
2669,-0.0,0.11496828254844882,-0.0,14.507120000000029,0.0
2670,-0.0,0.11496828254844882,-0.0,9.507120000000029,0.0
2671,-0.0,0.11496828254844882,-0.0,7.092867368421077,0.0
2672,-0.0,0.11496828254844882,-0.0,2.0928673684210763,0.0
2673,-0.0,0.11496828254844882,-0.0,0.0,0.0
2674,-0.0,0.11496828254844882,-0.0,8.728374736842216,0.0
2675,-0.0,0.11496828254844882,-0.0,15.469490526315905,0.0
2676,-0.0,0.11496828254844882,-0.0,32.0694905263159,0.0
2677,-0.0,0.11496828254844882,-0.0,48.6694905263159,0.0
2678,-0.0,0.11496828254844882,-0.0,57.30507789473694,0.0
2679,-0.0,0.11496828254844882,-0.0,59.714332631579026,0.0
2680,-0.0,0.11496828254844882,-0.0,66.63567578947377,0.0
2681,-0.0,0.11496828254844882,-0.0,61.635675789473765,0.0
2682,-0.0,0.11496828254844882,-0.0,56.635675789473765,0.0
2683,-0.0,0.11496828254844882,-0.0,51.635675789473765,0.0
2684,-0.0,0.11496828254844882,-0.0,46.635675789473765,0.0
2685,-0.0,0.11496828254844882,-0.0,41.635675789473765,0.0
2686,-0.0,0.11496828254844882,-0.0,36.635675789473765,0.0
2687,-0.0,0.11496828254844882,-0.0,31.635675789473765,0.0
2688,-0.0,0.11496828254844882,-0.0,26.635675789473765,0.0
2689,-0.0,0.11496828254844882,-0.0,21.635675789473765,0.0
2690,-0.0,0.11496828254844882,-0.0,16.635675789473765,0.0
2691,-0.0,0.11496828254844882,-0.0,11.635675789473765,0.0
2692,-0.0,0.11496828254844882,-0.0,28.16435789473692,0.0
2693,-0.0,0.11496828254844882,-0.0,23.16435789473692,0.0
2694,-0.0,0.11496828254844882,-0.0,18.16435789473692,0.0
2695,-0.0,0.11496828254844882,-0.0,13.16435789473692,0.0
2696,-0.0,0.11496828254844882,-0.0,8.16435789473692,0.0
2697,-0.0,0.11496828254844882,-0.0,10.556067368421148,0.0
2698,-0.0,0.11496828254844882,-0.0,18.251827368421132,0.0
2699,-0.0,0.11496828254844882,-0.0,29.976328421052695,0.0
2700,-0.0,0.11496828254844882,-0.0,44.48290947368426,0.0
2701,-0.0,0.11496828254844882,-0.0,59.40936421052638,0.0
2702,-0.0,0.11496828254844882,-0.0,71.72396210526323,0.0
2703,-0.0,0.11496828254844882,-0.0,88.32396210526322,0.0
2704,-0.0,0.11496828254844882,-0.0,83.32396210526322,0.0
2705,-0.0,0.11496828254844882,-0.0,78.32396210526322,0.0
2706,-0.0,0.11496828254844882,-0.0,73.32396210526322,0.0
2707,-0.0,0.11496828254844882,-0.0,68.32396210526322,0.0
2708,-0.0,0.11496828254844882,-0.0,63.32396210526322,0.0
2709,-0.0,0.11496828254844882,-0.0,58.32396210526322,0.0
2710,-0.0,0.11496828254844882,-0.0,58.844353684210574,0.0
2711,-0.0,0.11496828254844882,-0.0,53.844353684210574,0.0
2712,-0.0,0.11496828254844882,-0.0,48.844353684210574,0.0
2713,-0.0,0.11496828254844882,-0.0,43.844353684210574,0.0
2714,-0.0,0.11496828254844882,-0.0,38.844353684210574,0.0
2715,-0.0,0.11496828254844882,-0.0,50.14064421052636,0.0
2716,-0.0,0.11496828254844882,-0.0,45.14064421052636,0.0
2717,-0.0,0.11496828254844882,-0.0,40.14064421052636,0.0
2718,-0.0,0.11496828254844882,-0.0,35.14064421052636,0.0
2719,-0.0,0.11496828254844882,-0.0,30.14064421052636,0.0
2720,-0.0,0.11496828254844882,-0.0,25.14064421052636,0.0
2721,-0.0,0.11496828254844882,-0.0,26.80030315789479,0.0
2722,-0.0,0.11496828254844882,-0.0,32.893077894736884,0.0
2723,-0.0,0.11496828254844882,-0.0,42.27011368421058,0.0
2724,-0.0,0.11496828254844882,-0.0,54.25237473684215,0.0
2725,-0.0,0.11496828254844882,-0.0,66.89138947368426,0.0
2726,-0.0,0.11496828254844882,-0.0,77.71816421052634,0.0
2727,-0.0,0.11496828254844882,-0.0,82.6975915789474,0.0
2728,-0.0,0.11496828254844882,-0.0,77.94527157894737,0.0
2729,-0.0,0.11496828254844882,-0.0,72.94527157894737,0.0
2730,-0.0,0.11496828254844882,-0.0,67.94527157894737,0.0
2731,-0.0,0.11496828254844882,-0.0,62.94527157894737,0.0
2732,-0.0,0.11496828254844882,-0.0,57.94527157894737,0.0
2733,-0.0,0.11496828254844882,-0.0,52.94527157894737,0.0
2734,-0.0,0.11496828254844882,-0.0,47.94527157894737,0.0
2735,-0.0,0.11496828254844882,-0.0,42.94527157894737,0.0
2736,-0.0,0.11496828254844882,-0.0,37.94527157894737,0.0
2737,-0.0,0.11496828254844882,-0.0,33.5186947368421,0.0
2738,-0.0,0.11496828254844882,-0.0,29.909999999999982,0.0
2739,-0.0,0.11496828254844882,-0.0,24.909999999999982,0.0
2740,-0.0,0.11496828254844882,-0.0,19.909999999999982,0.0
2741,-0.0,0.11496828254844882,-0.0,14.909999999999982,0.0
2742,-0.0,0.11496828254844882,-0.0,9.909999999999982,0.0
2743,-0.0,0.11496828254844882,-0.0,4.909999999999982,0.0
2744,-0.0,0.11496828254844882,-0.0,0.0,0.0
2745,-0.0,0.11496828254844882,-0.0,1.9562231578947333,0.0
2746,-0.0,0.11496828254844882,-0.0,18.55622315789473,0.0
2747,-0.0,0.11496828254844882,-0.0,28.00378105263157,0.0
2748,-0.0,0.11496828254844882,-0.0,39.86151999999998,0.0
2749,-0.0,0.11496828254844882,-0.0,52.36862315789472,0.0
2750,-0.0,0.11496828254844882,-0.0,63.33742736842102,0.0
2751,-0.0,0.11496828254844882,-0.0,68.71167999999997,0.0
2752,-0.0,0.11496828254844882,-0.0,64.38757052631577,0.0
2753,-0.0,0.11496828254844882,-0.0,59.38757052631577,0.0
2754,-0.0,0.11496828254844882,-0.0,54.38757052631577,0.0
2755,-0.0,0.11496828254844882,-0.0,49.38757052631577,0.0
2756,-0.0,0.11496828254844882,-0.0,44.38757052631577,0.0
2757,-0.0,0.11496828254844882,-0.0,39.38757052631577,0.0
2758,-0.0,0.11496828254844882,-0.0,34.38757052631577,0.0
2759,-0.0,0.11496828254844882,-0.0,29.38757052631577,0.0
2760,-0.0,0.11496828254844882,-0.0,24.38757052631577,0.0
2761,-0.0,0.11496828254844882,-0.0,21.35078315789472,0.0
2762,-0.0,0.11496828254844882,-0.0,19.506164210526293,0.0
2763,-0.0,0.11496828254844882,-0.0,21.29859368421055,0.0
2764,-0.0,0.11496828254844882,-0.0,16.29859368421055,0.0
2765,-0.0,0.11496828254844882,-0.0,11.29859368421055,0.0
2766,-0.0,0.11496828254844882,-0.0,6.29859368421055,0.0
2767,-0.0,0.11496828254844882,-0.0,1.2985936842105499,0.0
2768,-0.0,0.11496828254844882,-0.0,0.0,0.0
2769,-0.0,0.11496828254844882,-0.0,5.721254736842093,0.0
2770,-0.0,0.11496828254844882,-0.0,15.909844210526304,0.0
2771,-0.0,0.11496828254844882,-0.0,29.418543157894725,0.0
2772,-0.0,0.11496828254844882,-0.0,45.16962526315787,0.0
2773,-0.0,0.11496828254844882,-0.0,61.355018947368414,0.0
2774,-0.0,0.11496828254844882,-0.0,75.52748210526315,0.0
2775,-0.0,0.11496828254844882,-0.0,83.8126947368421,0.0
2776,-0.0,0.11496828254844882,-0.0,82.45305263157896,0.0
2777,-0.0,0.11496828254844882,-0.0,77.45305263157896,0.0
2778,-0.0,0.11496828254844882,-0.0,72.45305263157896,0.0
2779,-0.0,0.11496828254844882,-0.0,67.45305263157896,0.0
2780,-0.0,0.11496828254844882,-0.0,62.453052631578956,0.0
2781,-0.0,0.11496828254844882,-0.0,57.453052631578956,0.0
2782,-0.0,0.11496828254844882,-0.0,52.453052631578956,0.0
2783,-0.0,0.11496828254844882,-0.0,47.453052631578956,0.0
2784,-0.0,0.11496828254844882,-0.0,59.12870736842106,0.0
2785,-0.0,0.11496828254844882,-0.0,54.66253052631578,0.0
2786,-0.0,0.11496828254844882,-0.0,50.97528,0.0
2787,-0.0,0.11496828254844882,-0.0,45.97528,0.0
2788,-0.0,0.11496828254844882,-0.0,40.97528,0.0
2789,-0.0,0.11496828254844882,-0.0,35.97528,0.0
2790,0.0,0.0,0.0,30.975279999999998,0.0
2791,-0.0,-0.0,-0.0,25.975279999999998,0.0
2792,-0.0,-0.0,-0.0,21.799187368421038,0.0
2793,-0.0,-0.0,-0.0,24.28574736842104,0.0
2794,-0.0,-0.0,-0.0,31.268404210526292,0.0
2795,-0.0,-0.0,-0.0,41.774058947368374,0.0
2796,-0.0,-0.0,-0.0,54.77769684210519,0.0
2797,-0.0,-0.0,-0.0,68.10495578947359,0.0
2798,-0.0,-0.0,-0.0,79.40158736842098,0.0
2799,-0.0,-0.0,-0.0,85.03310736842097,0.0
2800,-0.0,-0.0,-0.0,81.54840421052623,0.0
2801,-0.0,-0.0,-0.0,76.54840421052623,0.0
2802,-0.0,-0.0,-0.0,71.54840421052623,0.0
2803,-0.0,-0.0,-0.0,66.54840421052623,0.0
2804,-0.0,-0.0,-0.0,61.54840421052623,0.0
2805,-0.0,-0.0,-0.0,56.54840421052623,0.0
2806,-0.0,-0.0,-0.0,51.54840421052623,0.0
2807,-0.0,-0.0,-0.0,46.54840421052623,0.0
2808,-0.0,-0.0,-0.0,41.54840421052623,0.0
2809,-0.0,-0.0,-0.0,36.88653894736832,0.0
2810,-0.0,-0.0,-0.0,33.591233684210415,0.0
2811,-0.0,-0.0,-0.0,36.43402947368429,0.0
2812,-0.0,-0.0,-0.0,31.43402947368429,0.0
2813,-0.0,-0.0,-0.0,26.43402947368429,0.0
2814,-0.0,-0.0,-0.0,21.43402947368429,0.0
2815,-0.0,-0.0,-0.0,16.43402947368429,0.0
2816,-0.0,-0.0,-0.0,15.444202105263244,0.0
2817,-0.0,-0.0,-0.0,21.70606315789483,0.0
2818,-0.0,-0.0,-0.0,32.65709473684219,0.0
2819,-0.0,-0.0,-0.0,47.09701894736848,0.0
2820,-0.0,0.11044999999997174,-0.0,63.69701894736848,0.0
2821,0.6776500000000254,0.11044999999997174,-0.0,80.29701894736847,0.0
2822,0.6776500000000254,0.11044999999997174,-0.0,95.39847157894742,0.0
2823,0.6776500000000254,0.11044999999997174,-0.0,104.55181473684215,0.0
2824,0.6776500000000254,0.11044999999997174,-0.0,103.68692631578952,0.0
2825,0.6776500000000254,0.11044999999997174,-0.0,98.68692631578952,0.0
2826,0.6776500000000254,0.11044999999997174,-0.0,93.68692631578952,0.0
2827,0.6776500000000254,0.11044999999997174,-0.0,88.68692631578952,0.0
2828,0.6776500000000254,0.11044999999997174,-0.0,83.68692631578952,0.0
2829,0.6776500000000254,0.11044999999997174,-0.0,78.68692631578952,0.0
2830,0.6776500000000254,0.11044999999997174,-0.0,73.68692631578952,0.0
2831,0.6776500000000254,0.11044999999997174,-0.0,68.68692631578952,0.0
2832,0.6776500000000254,0.11044999999997174,-0.0,63.68692631578952,0.0
2833,0.0,-0.0,0.0,58.68692631578952,0.0
2834,-0.0,-0.0,-0.0,53.68692631578952,0.0
2835,-0.0,-0.0,-0.0,48.68692631578952,0.0
2836,-0.0,-0.0,-0.0,43.68692631578952,0.0
2837,-0.0,-0.0,-0.0,38.68692631578952,0.0
2838,-0.0,-0.0,-0.0,33.68692631578952,0.0
2839,-0.0,-0.0,-0.0,28.686926315789524,0.0
2840,-0.0,-0.0,-0.0,23.686926315789524,0.0
2841,-0.0,-0.0,-0.0,24.82610105263162,0.0
2842,-0.0,-0.0,-0.0,30.525793684210566,0.0
2843,-0.0,-0.0,-0.0,40.05437052631582,0.0
2844,-0.0,-0.0,-0.0,52.385414736842144,0.0
2845,-0.0,-0.0,-0.0,65.45476210526317,0.0
2846,-0.0,-0.0,-0.0,76.55093052631581,0.0
2847,-0.0,-0.0,-0.0,81.59136842105265,0.0
2848,-0.0,-0.0,-0.0,76.62896000000002,0.0
2849,0.0,-0.0,0.0,71.62896000000002,0.0
2850,-0.0,-0.0,-0.0,66.62896000000002,0.0
2851,-0.0,-0.0,-0.0,61.62896000000002,0.0
2852,-0.0,-0.0,-0.0,56.62896000000002,0.0
2853,-0.0,-0.0,-0.0,51.62896000000002,0.0
2854,-0.0,-0.0,-0.0,46.62896000000002,0.0
2855,0.0,0.0,0.0,41.62896000000002,0.0
2856,-0.0,-0.0,-0.0,36.62896000000002,0.0
2857,-0.0,-0.0,-0.0,31.628960000000017,0.0
2858,-0.0,-0.0,-0.0,27.935456842105268,0.0
2859,-0.0,-0.0,-0.0,22.935456842105268,0.0
2860,-0.0,-0.0,-0.0,17.935456842105268,0.0
2861,-0.0,-0.0,-0.0,12.935456842105268,0.0
2862,-0.0,-0.0,-0.0,7.935456842105267,0.0
2863,0.0,0.0,-0.0,2.9354568421052667,0.0
2864,-0.0,-0.0,0.0,0.0,0.0
2865,-0.0,-0.0,-0.0,4.336922105263151,0.0
2866,-0.0,-0.0,0.0,13.848067368421036,0.0
2867,19.0,-0.0,-0.0,13.139608421052616,0.0
2868,19.112249999999985,-0.0,0.0,29.739608421052615,0.0
2869,19.112249999999985,-0.0,17.06060827947051,34.394423198717064,0.0
2870,19.112249999999985,-0.0,17.06060827947051,50.04337898819072,0.0
2871,19.81119999999999,-0.0,36.060608279470515,45.04337898819072,0.0
2872,19.81119999999999,-0.0,36.060608279470515,45.25352635661176,0.0
2873,19.81119999999999,-0.0,26.753904678362495,40.25352635661176,0.0
2874,0.0,-0.0,23.701329639889206,35.25352635661176,0.0
2875,-0.0,-0.0,16.384542936288092,30.253526356611758,0.0
2876,-0.0,-0.0,16.384542936288092,25.253526356611758,0.0
2877,-0.0,-0.0,0.0,20.253526356611758,0.0
2878,-0.0,-0.0,-0.0,15.253526356611756,0.0
2879,1.7434000000000096,-0.0,-0.0,10.253526356611756,0.0
2880,1.7434000000000096,-0.0,-0.0,10.221412672401234,0.0
2881,4.686980609418275,-0.0,-0.0,10.196021052631599,0.0
2882,4.686980609418275,-0.0,-0.0,13.544762105263178,0.0
2883,4.686980609418275,-0.0,-0.0,15.702320000000004,0.0
2884,4.686980609418275,-0.0,-0.0,12.85224,0.0
2885,-0.0,-0.0,0.0,7.85224,0.0
2886,-0.0,0.0,-0.0,2.8522399999999997,0.0
2887,0.0,-0.0,-0.0,0.0,0.0
2888,-0.0,-0.0,8.458627777777789,0.0,0.0
2889,0.0,-0.0,8.458627777777789,13.6445894736842,0.0
2890,2.6067499999999946,-0.0,8.458627777777789,30.244589473684197,0.0
2891,4.836689750692611,5.330310249307375,8.458627777777789,46.844589473684195,0.0
2892,4.836689750692611,24.330310249307374,8.458627777777789,57.26369263157893,0.0
2893,4.836689750692611,33.446316420436936,10.583571606648217,73.86369263157893,0.0
2894,4.836689750692611,33.446316420436936,18.87577160664822,90.46369263157892,0.0
2895,4.93153975069259,33.446316420436936,18.87577160664822,107.06369263157892,0.0
2896,20.72523975069257,33.446316420436936,18.87577160664822,102.06369263157892,0.0
2897,20.72523975069257,33.446316420436936,18.87577160664822,97.2452842105263,0.0
2898,20.72523975069257,33.446316420436936,18.87577160664822,92.2452842105263,0.0
2899,20.72523975069257,33.446316420436936,18.87577160664822,87.2452842105263,0.0
2900,20.72523975069257,33.446316420436936,18.87577160664822,82.2452842105263,0.0
2901,20.72523975069257,22.226759633733344,18.87577160664822,77.2452842105263,0.0
2902,17.94440872576179,22.226759633733344,18.87577160664822,72.2452842105263,0.0
2903,17.94440872576179,22.226759633733344,23.266871606648216,67.2452842105263,0.0
2904,17.94440872576179,22.226759633733344,23.266871606648216,67.51754105263157,0.0
2905,17.94440872576179,22.226759633733344,23.266871606648216,69.44162947368419,0.0
2906,17.94440872576179,22.226759633733344,23.266871606648216,72.31820210526313,0.0
2907,17.94440872576179,30.601909633733342,23.266871606648216,67.31820210526313,0.0
2908,17.94440872576179,30.601909633733342,23.266871606648216,63.57259368421049,0.0
2909,17.94440872576179,30.601909633733342,23.266871606648216,58.57259368421049,0.0
2910,17.94440872576179,30.601909633733342,23.266871606648216,53.57259368421049,0.0
2911,17.94440872576179,30.601909633733342,23.266871606648216,49.91330947368417,0.0
2912,17.94440872576179,30.601909633733342,23.266871606648216,54.650854736842064,0.0
2913,17.94440872576179,30.601909633733342,23.266871606648216,66.19687157894734,0.0
2914,17.94440872576179,30.601909633733342,23.266871606648216,82.13621473684205,0.0
2915,36.94440872576179,30.601909633733342,36.776271606648216,77.13621473684205,0.0
2916,55.94440872576179,30.601909633733342,36.776271606648216,84.86418526315782,0.0
2917,63.63150872576177,30.601909633733342,36.776271606648216,101.46418526315782,0.0
2918,68.23660872576178,30.601909633733342,36.776271606648216,118.06418526315781,0.0
2919,68.23660872576178,30.601909633733342,36.776271606648216,131.92905684210518,0.0
2920,68.23660872576178,42.50695963373333,36.776271606648216,126.92905684210518,0.0
2921,68.23660872576178,42.50695963373333,36.776271606648216,121.92905684210518,0.0
2922,68.23660872576178,42.50695963373333,36.776271606648216,116.92905684210518,0.0
2923,61.54802146814406,42.50695963373333,36.776271606648216,111.92905684210518,0.0
2924,58.575943905817155,21.454328054785964,36.776271606648216,106.92905684210518,0.0
2925,58.575943905817155,21.454328054785964,36.776271606648216,101.92905684210518,0.0
2926,58.575943905817155,21.454328054785964,28.151174653739616,96.92905684210518,0.0
2927,58.575943905817155,21.454328054785964,28.151174653739616,91.92905684210518,0.0
2928,58.575943905817155,21.454328054785964,31.002374653739622,86.92905684210518,0.0
2929,58.575943905817155,26.637078054785945,31.002374653739622,81.92905684210518,0.0
2930,58.575943905817155,26.637078054785945,31.002374653739622,81.83794105263148,0.0
2931,58.575943905817155,26.637078054785945,31.002374653739622,80.40357052631569,0.0
2932,56.297218144044315,26.637078054785945,31.002374653739622,75.40357052631569,0.0
2933,56.297218144044315,26.637078054785945,31.002374653739622,70.40357052631569,0.0
2934,56.297218144044315,26.637078054785945,31.002374653739622,65.40357052631569,0.0
2935,56.297218144044315,26.637078054785945,31.002374653739622,60.40357052631569,0.0
2936,56.297218144044315,26.637078054785945,31.002374653739622,62.48423999999991,0.0
2937,56.297218144044315,44.06392805478593,31.002374653739622,57.48423999999991,0.0
2938,56.297218144044315,44.06392805478593,31.002374653739622,69.93366736842096,0.0
2939,56.297218144044315,44.06392805478593,31.002374653739622,86.06309052631568,0.0
2940,56.297218144044315,47.20512805478593,31.002374653739622,102.66309052631567,0.0
2941,56.297218144044315,51.30132805478595,31.002374653739622,119.26309052631566,0.0
2942,56.297218144044315,51.30132805478595,32.69512465373961,135.86309052631566,0.0
2943,56.297218144044315,51.30132805478595,32.69512465373961,148.26060210526302,0.0
2944,56.297218144044315,51.30132805478595,32.69512465373961,151.3573431578946,0.0
2945,50.63334002770085,51.30132805478595,32.69512465373961,146.3573431578946,0.0
2946,50.517938365651,51.30132805478595,11.642493074792245,141.3573431578946,0.0
2947,43.62575000000001,51.30132805478595,11.642493074792245,136.3573431578946,0.0
2948,43.62575000000001,47.914015035395366,11.642493074792245,131.3573431578946,0.0
2949,43.62575000000001,47.914015035395366,11.642493074792245,126.3573431578946,0.0
2950,43.62575000000001,47.914015035395366,11.642493074792245,121.3573431578946,0.0
2951,43.62575000000001,47.914015035395366,11.642493074792245,116.3573431578946,0.0
2952,43.62575000000001,47.914015035395366,11.642493074792245,112.44992421052618,0.0
2953,43.62575000000001,47.914015035395366,11.642493074792245,110.77639999999985,0.0
2954,43.62575000000001,47.914015035395366,11.642493074792245,110.11765894736827,0.0
2955,43.62575000000001,47.914015035395366,11.642493074792245,107.95123789473669,0.0
2956,43.62575000000001,44.41395963373332,11.642493074792245,102.95123789473669,0.0
2957,43.62575000000001,33.341383456448,11.642493074792245,97.95123789473669,0.0
2958,43.62575000000001,33.341383456448,-0.0,92.95123789473669,0.0
2959,43.62575000000001,33.341383456448,0.0,87.95123789473669,0.0
2960,43.62575000000001,33.341383456448,8.763249999999992,82.95123789473669,0.0
2961,60.8993,33.341383456448,8.763249999999992,77.95123789473669,0.0
2962,60.8993,37.464833456448,27.763249999999992,72.95123789473669,0.0
2963,60.8993,43.012157571559854,46.76324999999999,70.61404488117823,0.0
2964,60.8993,46.06370757155989,46.76324999999999,87.21404488117822,0.0
2965,79.8993,46.06370757155989,46.76324999999999,92.1830511969677,0.0
2966,81.0,46.06370757155989,46.76324999999999,108.78305119696769,0.0
2967,100.0,48.861757571559856,46.76324999999999,103.78305119696769,0.0
2968,100.0,48.861757571559856,46.76324999999999,105.39674382854663,0.0
2969,92.21008310249306,48.861757571559856,46.76324999999999,100.39674382854663,0.0
2970,92.21008310249306,48.861757571559856,46.76324999999999,95.39674382854663,0.0
2971,82.56542936288085,27.80912599261249,46.76324999999999,90.39674382854663,0.0
2972,81.21102493074791,27.80912599261249,46.76324999999999,85.39674382854663,0.0
2973,60.15839335180054,27.80912599261249,46.4947181440443,80.39674382854663,0.0
2974,47.47290858725759,27.80912599261249,46.4947181440443,75.39674382854663,0.0
2975,47.47290858725759,27.80912599261249,46.4947181440443,70.39674382854663,0.0
2976,47.47290858725759,27.80912599261249,44.55610318559553,65.39674382854663,0.0
2977,47.47290858725759,27.80912599261249,44.55610318559553,60.702478565388716,0.0
2978,47.47290858725759,27.80912599261249,44.55610318559553,56.53711014433608,0.0
2979,47.47290858725759,27.80912599261249,44.55610318559553,51.53711014433608,0.0
2980,47.47290858725759,17.836882225299462,44.55610318559553,46.53711014433608,0.0
2981,47.47290858725759,17.836882225299462,44.55610318559553,41.53711014433608,0.0
2982,46.05896140350949,17.836882225299462,44.55610318559553,36.53711014433608,0.0
2983,36.79718855032388,17.836882225299462,44.55610318559553,31.537110144336083,0.0
2984,36.79718855032388,17.836882225299462,47.339803185595514,26.537110144336083,0.0
2985,36.79718855032388,17.836882225299462,47.339803185595514,29.97577540749399,0.0
2986,36.79718855032388,17.836882225299462,47.339803185595514,37.848655407494014,0.0
2987,55.79718855032388,21.247282225299454,47.339803185595514,32.848655407494014,0.0
2988,55.79718855032388,21.247282225299454,47.339803185595514,48.07826803907295,0.0
2989,55.83593855032387,21.247282225299454,47.339803185595514,64.67826803907295,0.0
2990,55.83593855032387,21.247282225299454,47.339803185595514,79.98476909170452,0.0
2991,55.83593855032387,21.247282225299454,47.339803185595514,89.6889501443361,0.0
2992,63.12948855032386,21.247282225299454,47.339803185595514,84.6889501443361,0.0
2993,63.12948855032386,21.247282225299454,47.339803185595514,79.6889501443361,0.0
2994,61.56937774699977,0.19465064635208762,47.339803185595514,74.6889501443361,0.0
2995,53.37150226223519,0.19465064635208762,46.93518559556786,69.6889501443361,0.0
2996,48.15003102493074,-0.0,25.882554016620492,64.6889501443361,0.0
2997,28.28820277008308,-0.0,25.882554016620492,59.688950144336104,0.0
2998,28.28820277008308,-0.0,15.407872576177267,54.688950144336104,0.0
2999,28.28820277008308,-0.0,15.407872576177267,49.688950144336104,0.0
3000,28.28820277008308,-0.0,16.333822576177273,44.688950144336104,0.0
3001,28.28820277008308,0.0,16.333822576177273,42.55799856538872,0.0
3002,28.28820277008308,5.077099999999999,16.333822576177273,37.55799856538872,0.0
3003,28.28820277008308,5.077099999999999,16.333822576177273,34.9834890917045,0.0
3004,28.28820277008308,1.0623631578947288,16.333822576177273,29.9834890917045,0.0
3005,28.28820277008308,1.0623631578947288,16.333822576177273,24.9834890917045,0.0
3006,28.28820277008308,1.0623631578947288,4.908559418282541,19.9834890917045,0.0
3007,28.28820277008308,1.0623631578947288,4.908559418282541,14.9834890917045,0.0
3008,28.28820277008308,1.0623631578947288,4.908559418282541,17.023156460125577,0.0
3009,28.28820277008308,18.48226315789473,4.908559418282541,12.023156460125577,0.0
3010,28.28820277008308,18.48226315789473,4.908559418282541,24.379211196967685,0.0
3011,28.28820277008308,29.77202216066482,4.908559418282541,31.45853068960511,0.0
3012,28.28820277008308,29.77202216066482,6.516509418282533,48.05853068960511,0.0
3013,28.28820277008308,29.77202216066482,8.26060941828253,64.6585306896051,0.0
3014,28.28820277008308,29.77202216066482,8.26060941828253,80.12688016328933,0.0
3015,28.28820277008308,29.77202216066482,8.26060941828253,89.4099749001314,0.0
3016,28.28820277008308,29.77202216066482,8.26060941828253,89.1572001632893,0.0
3017,28.28820277008308,29.77202216066482,8.26060941828253,84.1572001632893,0.0
3018,28.28820277008308,26.225041551246544,8.26060941828253,79.1572001632893,0.0
3019,28.28820277008308,26.225041551246544,1.9950138504155015,74.1572001632893,0.0
3020,25.086706925207736,26.225041551246544,1.9950138504155015,69.1572001632893,0.0
3021,25.086706925207736,5.172409972299177,0.0,64.1572001632893,0.0
3022,11.41529418282546,5.172409972299177,-0.0,59.157200163289296,0.0
3023,11.41529418282546,-0.0,-0.0,54.157200163289296,0.0
3024,10.226429916897477,0.0,-0.0,49.157200163289296,0.0
3025,10.226429916897477,-0.0,0.0,45.33568858434194,0.0
3026,10.226429916897477,-0.0,2.093351800554036,41.07740090392203,0.0
3027,11.597229916897497,-0.0,2.093351800554036,36.07740090392203,0.0
3028,11.597229916897497,-0.0,2.093351800554036,31.077400903922033,0.0
3029,11.597229916897497,-0.0,2.093351800554036,26.077400903922033,0.0
3030,-0.0,-0.0,2.093351800554036,21.077400903922033,0.0
3031,-0.0,-0.0,-0.0,16.077400903922033,0.0
3032,-0.0,-0.0,-0.0,17.69378406181675,0.0
3033,0.0,-0.0,-0.0,25.683493535500943,0.0
3034,19.0,3.619601385041633,-0.0,21.150128275258865,0.0
3035,19.0,3.619601385041633,-0.0,37.24756827525886,0.0
3036,19.0,5.943601385041635,0.0,53.84756827525885,0.0
3037,19.0,24.943601385041635,7.9862376731302085,52.10463024930753,0.0
3038,19.18184999999999,24.943601385041635,7.9862376731302085,68.70463024930753,0.0
3039,19.18184999999999,24.943601385041635,7.9862376731302085,79.67676919667596,0.0
3040,27.796199999999978,24.943601385041635,7.9862376731302085,74.67676919667596,0.0
3041,27.796199999999978,24.943601385041635,0.9518332409972597,69.67676919667596,0.0
3042,7.821108033240995,24.943601385041635,-0.0,64.67676919667596,0.0
3043,7.821108033240995,24.943601385041635,-0.0,59.67676919667597,0.0
3044,7.821108033240995,24.943601385041635,-0.0,54.67676919667597,0.0
3045,7.821108033240995,24.943601385041635,-0.0,49.67676919667597,0.0
3046,-0.0,24.943601385041635,-0.0,44.67676919667597,0.0
3047,0.0,24.943601385041635,-0.0,39.87814182825491,0.0
3048,3.39534999999999,24.943601385041635,-0.0,34.87814182825491,0.0
3049,3.39534999999999,30.237001385041637,0.0,29.878141828254915,0.0
3050,3.39534999999999,30.237001385041637,-0.0,29.260819722991755,0.0
3051,3.39534999999999,30.237001385041637,-0.0,26.718899722991758,0.0
3052,3.39534999999999,30.237001385041637,-0.0,21.718899722991758,0.0
3053,3.39534999999999,30.237001385041637,-0.0,16.718899722991758,0.0
3054,3.39534999999999,30.237001385041637,-0.0,11.718899722991758,0.0
3055,1.0484247922437246,30.237001385041637,-0.0,6.7188997229917575,0.0
3056,1.0484247922437246,30.237001385041637,-0.0,8.549426038781226,0.0
3057,1.0484247922437246,30.237001385041637,-0.0,16.560053407202272,0.0
3058,1.0484247922437246,30.237001385041637,0.0,28.603931301939106,0.0
3059,1.0484247922437246,30.237001385041637,18.19133157894736,30.288425263157944,0.0
3060,1.0484247922437246,30.237001385041637,19.55933157894738,46.88842526315794,0.0
3061,1.0484247922437246,30.237001385041637,21.052631578947366,63.48842526315794,0.0
3062,20.048424792243726,30.237001385041637,21.052631578947366,64.48602526315794,0.0
3063,20.048424792243726,30.237001385041637,21.052631578947366,73.70378947368422,0.0
3064,20.048424792243726,30.237001385041637,21.052631578947366,73.04387368421054,0.0
3065,20.048424792243726,30.237001385041637,21.052631578947366,68.04387368421054,0.0
3066,15.853687950138433,30.237001385041637,21.052631578947366,63.04387368421054,0.0
3067,15.853687950138433,30.237001385041637,21.052631578947366,58.04387368421054,0.0
3068,11.568923407202124,30.237001385041637,21.052631578947366,53.04387368421054,0.0
3069,8.132081301938966,30.237001385041637,-0.0,48.04387368421054,0.0
3070,8.132081301938966,30.237001385041637,-0.0,43.04387368421054,0.0
3071,6.708365650969543,25.096451108033246,-0.0,38.04387368421054,0.0
3072,6.708365650969543,25.096451108033246,0.0,33.04387368421054,0.0
3073,6.708365650969543,25.943601108033256,-0.0,28.043873684210542,0.0
3074,6.708365650969543,25.943601108033256,-0.0,24.689338947368437,0.0
3075,6.708365650969543,25.943601108033256,0.0,20.0,0.0
3076,-0.0,25.943601108033256,-0.0,15.0,0.0
3077,-0.0,12.877506925207769,-0.0,10.0,0.0
3078,-0.0,0.0,0.0,5.0,0.0
3079,0.0,0.0,0.0,0.0,0.0
3080,-0.0,0.0,0.0,0.13617684210524938,0.0
3081,-0.0,-0.0,8.154605555555543,0.0,0.0
3082,0.0,-0.0,8.154605555555543,10.632602105263148,0.0
3083,-0.0,-0.0,8.154605555555543,25.25798315789472,0.0
3084,2.7719872422283895,0.0,8.154605555555543,40.62137387957428,0.0
3085,2.7719872422283895,2.23439999999999,8.154605555555543,57.22137387957427,0.0
3086,2.7719872422283895,16.502671791320328,8.154605555555543,62.906839469310434,0.0
3087,2.7719872422283895,35.502671791320324,8.154605555555543,59.01817841667886,0.0
3088,2.7719872422283895,35.502671791320324,8.154605555555543,59.97470052194201,0.0
3089,2.7719872422283895,35.502671791320324,8.154605555555543,54.97470052194201,0.0
3090,2.7719872422283895,35.43207756232689,8.154605555555543,49.97470052194201,0.0
3091,2.7719872422283895,27.186149584487545,8.154605555555543,44.97470052194201,0.0
3092,2.7719872422283895,20.93534626038782,8.154605555555543,39.97470052194201,0.0
3093,2.7719872422283895,-0.0,8.154605555555543,34.97470052194201,0.0
3094,0.0,-0.0,0.0,29.974700521942008,0.0
3095,-0.0,-0.0,-0.0,24.974700521942008,0.0
3096,-0.0,-0.0,-0.0,22.584245785099892,0.0
3097,-0.0,-0.0,-0.0,22.206911048257787,0.0
3098,1.9892520775623193,-0.0,-0.0,21.160694736842117,0.0
3099,1.9892520775623193,-0.0,-0.0,20.0,0.0
3100,-0.0,-0.0,0.0,15.0,0.0
3101,-0.0,-0.0,-0.0,10.0,0.0
3102,-0.0,0.0,-0.0,5.0,0.0
3103,0.0,-0.0,-0.0,0.0,0.0
3104,-0.0,-0.0,-0.0,2.1445599999999905,0.0
3105,-0.0,14.120905555555531,-0.0,0.0,0.0
3106,-0.0,14.120905555555531,3.7693281471221454,9.738947088496896,0.0
3107,-0.0,14.120905555555531,3.7693281471221454,25.63709866744426,0.0
3108,-0.0,14.120905555555531,5.615728147122135,42.23709866744426,0.0
3109,11.627099999999995,14.120905555555531,24.615728147122134,37.23709866744426,0.0
3110,30.627099999999995,14.120905555555531,24.615728147122134,38.89607550954952,0.0
3111,30.627099999999995,14.120905555555531,24.615728147122134,49.32321235165478,0.0
3112,30.627099999999995,14.120905555555531,24.615728147122134,51.09409235165479,0.0
3113,25.321116620498604,14.120905555555531,24.615728147122134,46.09409235165479,0.0
3114,11.100833687288345,14.120905555555531,21.052631578947366,41.09409235165479,0.0
3115,7.364490196983631,14.120905555555531,21.052631578947366,36.09409235165479,0.0
3116,6.7091221452754795,14.120905555555531,-0.0,31.094092351654787,0.0
3117,5.645429362880873,0.0,0.0,26.094092351654787,0.0
3118,0.0,0.0,0.0,21.094092351654787,0.0
3119,-0.0,-0.0,-0.0,18.106227088496897,0.0
3120,-0.0,-0.0,-0.0,17.009460772707417,0.0
3121,-0.0,-0.0,-0.0,17.98629445691794,0.0
3122,4.932132963988935,-0.0,-0.0,16.173709473684216,0.0
3123,4.932132963988935,-0.0,-0.0,16.674585263157898,0.0
3124,4.932132963988935,-0.0,-0.0,12.371166315789473,0.0
3125,4.932132963988935,-0.0,-0.0,7.3711663157894725,0.0
3126,0.0,0.0,0.0,2.3711663157894725,0.0
3127,-0.0,-0.0,-0.0,0.0,0.0
3128,7.3611555555555315,-0.0,-0.0,1.0177557894736955,0.0
3129,7.3611555555555315,19.0,-0.0,0.0,0.0
3130,26.36115555555553,19.0,-0.0,3.4300631578947396,0.0
3131,26.36115555555553,19.0,6.668049999999993,20.030063157894737,0.0
3132,36.48610555555554,19.0,6.668049999999993,36.63006315789474,0.0
3133,55.48610555555554,38.0,6.668049999999993,32.67519999999999,0.0
3134,63.898455555555515,38.0,6.668049999999993,49.275199999999984,0.0
3135,64.7035055555555,38.0,6.668049999999993,65.87519999999998,0.0
3136,64.7035055555555,38.0,6.668049999999993,74.0514652631579,0.0
3137,64.7035055555555,38.0,6.668049999999993,71.4505052631579,0.0
3138,64.7035055555555,27.796454293628816,6.668049999999993,66.4505052631579,0.0
3139,64.7035055555555,14.955900277008334,2.1655569252077447,61.45050526315789,0.0
3140,64.7035055555555,0.0,2.1655569252077447,56.45050526315789,0.0
3141,64.7035055555555,-0.0,2.1655569252077447,51.45050526315789,0.0
3142,64.7035055555555,-0.0,2.1655569252077447,47.50079578947368,0.0
3143,64.7035055555555,-0.0,2.1655569252077447,49.2916842105263,0.0
3144,64.7035055555555,-0.0,13.924856925207735,44.2916842105263,0.0
3145,64.7035055555555,-0.0,13.924856925207735,50.168913684210494,0.0
3146,64.7035055555555,-0.0,13.924856925207735,56.90536842105259,0.0
3147,64.7035055555555,-0.0,13.924856925207735,62.18367157894731,0.0
3148,64.7035055555555,-0.0,21.074556925207744,57.18367157894731,0.0
3149,64.7035055555555,-0.0,21.074556925207744,53.68032421052624,0.0
3150,64.7035055555555,-0.0,21.074556925207744,49.94070315789466,0.0
3151,64.7035055555555,-0.0,21.074556925207744,52.474366315789396,0.0
3152,64.7035055555555,0.0,21.074556925207744,63.16771368421044,0.0
3153,64.7035055555555,0.42894999999997835,21.074556925207744,79.76771368421043,0.0
3154,64.7035055555555,6.63734999999999,21.074556925207744,96.36771368421043,0.0
3155,64.7035055555555,25.63734999999999,21.074556925207744,107.06416842105251,0.0
3156,83.7035055555555,25.63734999999999,21.074556925207744,120.32927999999987,0.0
3157,98.80185555555549,25.63734999999999,21.074556925207744,136.92927999999986,0.0
3158,98.80185555555549,37.985649999999964,21.074556925207744,153.52927999999986,0.0
3159,98.80185555555549,42.79789999999996,21.074556925207744,170.12927999999985,0.0
3160,98.80185555555549,42.79789999999996,21.074556925207744,181.30082105263142,0.0
3161,98.80185555555549,42.79789999999996,21.074556925207744,181.78589473684195,0.0
3162,93.12484724530619,42.79789999999996,21.074556925207744,176.78589473684195,0.0
3163,93.12484724530619,42.79789999999996,21.074556925207744,171.78589473684195,0.0
3164,92.9974461218837,29.51316815943352,21.074556925207744,166.78589473684195,0.0
3165,92.9974461218837,29.51316815943352,21.074556925207744,161.78589473684195,0.0
3166,92.9974461218837,29.51316815943352,21.074556925207744,157.24260210526302,0.0
3167,92.9974461218837,29.51316815943352,21.074556925207744,157.92999578947354,0.0
3168,92.9974461218837,29.51316815943352,21.074556925207744,160.0406778947367,0.0
3169,92.9974461218837,29.51316815943352,21.074556925207744,163.92634947368404,0.0
3170,92.9974461218837,29.51316815943352,21.074556925207744,168.54581473684195,0.0
3171,100.0,29.51316815943352,24.22245304709145,163.54581473684195,0.0
3172,100.0,29.51316815943352,24.22245304709145,161.19624842105247,0.0
3173,98.00216066481994,29.51316815943352,24.22245304709145,156.19624842105247,0.0
3174,98.00216066481994,29.51316815943352,24.22245304709145,151.19624842105247,0.0
3175,98.00216066481994,29.51316815943352,24.22245304709145,151.2186273684209,0.0
3176,98.00216066481994,29.51316815943352,41.25820304709145,146.2186273684209,0.0
3177,98.00216066481994,29.51316815943352,41.25820304709145,159.86389894736826,0.0
3178,98.00216066481994,29.51316815943352,42.34815304709144,176.46389894736825,0.0
3179,98.00216066481994,29.51316815943352,47.66715304709143,193.06389894736824,0.0
3180,98.00216066481994,37.509868159433495,47.66715304709143,209.66389894736824,0.0
3181,98.00216066481994,55.32506815943348,66.66715304709143,204.66389894736824,0.0
3182,98.00216066481994,60.54996815943347,66.66715304709143,221.26389894736823,0.0
3183,98.00216066481994,60.54996815943347,66.66715304709143,235.71272842105245,0.0
3184,98.00216066481994,60.54996815943347,66.66715304709143,240.7871957894735,0.0
3185,98.00216066481994,58.98908173284064,66.66715304709143,235.7871957894735,0.0
3186,98.00216066481994,58.98908173284064,66.66715304709143,230.7871957894735,0.0
3187,94.08572783933522,58.949115666358615,66.66715304709143,225.7871957894735,0.0
3188,94.08572783933522,56.69205195444723,45.61452146814407,220.7871957894735,0.0
3189,94.08572783933522,56.69205195444723,45.61452146814407,215.7871957894735,0.0
3190,86.7522652354571,56.69205195444723,45.61452146814407,210.7871957894735,0.0
3191,87.44856523545708,56.69205195444723,45.61452146814407,205.7871957894735,0.0
3192,87.44856523545708,56.69205195444723,49.98222146814405,200.7871957894735,0.0
3193,87.44856523545708,56.69205195444723,49.98222146814405,200.77740210526295,0.0
3194,87.44856523545708,56.69205195444723,49.98222146814405,201.44198315789453,0.0
3195,87.44856523545708,62.376501954447214,49.98222146814405,196.44198315789453,0.0
3196,87.44856523545708,62.376501954447214,49.98222146814405,191.44198315789453,0.0
3197,81.11405000000002,62.376501954447214,49.98222146814405,186.44198315789453,0.0
3198,81.11405000000002,55.842983948907055,49.98222146814405,181.44198315789453,0.0
3199,81.11405000000002,55.842983948907055,49.98222146814405,178.15675789473661,0.0
3200,81.11405000000002,55.842983948907055,49.98222146814405,183.41827368421028,0.0
3201,81.11405000000002,55.842983948907055,49.98222146814405,195.0674778947366,0.0
3202,81.11405000000002,55.842983948907055,49.98222146814405,210.90382315789452,0.0
3203,81.11405000000002,55.842983948907055,68.98222146814405,215.8338736842103,0.0
3204,87.82920000000001,55.842983948907055,68.98222146814405,232.43387368421028,0.0
3205,87.82920000000001,55.842983948907055,76.17202146814407,249.03387368421028,0.0
3206,87.82920000000001,55.842983948907055,80.54187146814407,265.6338736842103,0.0
3207,87.82920000000001,55.842983948907055,80.54187146814407,279.5818484210524,0.0
3208,100.0,55.842983948907055,80.54187146814407,274.5818484210524,0.0
3209,100.0,55.842983948907055,80.54187146814407,269.5818484210524,0.0
3210,100.0,55.842983948907055,80.54187146814407,264.5818484210524,0.0
3211,100.0,55.842983948907055,80.29151135734074,259.5818484210524,0.0
3212,78.94736842105263,55.842983948907055,76.30635900277011,254.58184842105243,0.0
3213,78.94736842105263,55.842983948907055,57.85444764542939,249.58184842105243,0.0
3214,78.94736842105263,55.842983948907055,49.219600000000014,244.58184842105243,0.0
3215,78.94736842105263,55.819050430901534,49.219600000000014,239.58184842105243,0.0
3216,78.94736842105263,55.819050430901534,49.219600000000014,237.576669473684,0.0
3217,78.94736842105263,55.819050430901534,49.219600000000014,237.49123789473666,0.0
3218,78.94736842105263,55.819050430901534,49.219600000000014,238.2958399999998,0.0
3219,78.94736842105263,55.819050430901534,49.219600000000014,237.41689263157875,0.0
3220,78.00371191135731,55.819050430901534,49.219600000000014,232.41689263157875,0.0
3221,78.00371191135731,55.819050430901534,49.219600000000014,227.41689263157875,0.0
3222,78.00371191135731,49.91677896275749,49.219600000000014,222.41689263157875,0.0
3223,78.00371191135731,49.91677896275749,49.219600000000014,219.06163789473663,0.0
3224,78.00371191135731,49.91677896275749,62.19870000000002,214.06163789473663,0.0
3225,78.00371191135731,49.91677896275749,62.19870000000002,225.37990736842085,0.0
3226,86.96791191135732,68.91677896275749,62.19870000000002,220.37990736842085,0.0
3227,91.79601191135733,68.91677896275749,62.19870000000002,236.97990736842084,0.0
3228,91.79601191135733,86.5610789627575,81.19870000000002,231.97990736842084,0.0
3229,100.0,86.97594087411483,81.19870000000002,248.57990736842083,0.0
3230,100.0,86.97594087411483,86.82665000000001,265.17990736842086,0.0
3231,100.0,86.97594087411483,86.82665000000001,279.875469473684,0.0
3232,100.0,86.97594087411483,100.0,274.875469473684,0.0
3233,98.02747922437675,86.97594087411483,100.0,269.875469473684,0.0
3234,98.02747922437675,86.97594087411483,100.0,264.875469473684,0.0
3235,76.97484764542938,82.35954198214807,100.0,259.875469473684,0.0
3236,76.97484764542938,82.35954198214807,100.0,254.875469473684,0.0
3237,76.97484764542938,82.35954198214807,81.10016620498615,249.875469473684,0.0
3238,76.97484764542938,72.63710430901789,81.10016620498615,244.875469473684,0.0
3239,76.97484764542938,71.1877968297935,81.10016620498615,239.875469473684,0.0
3240,76.97484764542938,71.1877968297935,81.10016620498615,236.96244631578926,0.0
3241,82.24429764542938,71.1877968297935,81.10016620498615,231.96244631578926,0.0
3242,82.24429764542938,77.0486468297935,81.10016620498615,226.96244631578926,0.0
3243,82.24429764542938,77.0486468297935,84.25756620498615,221.96244631578926,0.0
3244,82.24429764542938,77.0486468297935,84.25756620498615,216.96244631578926,0.0
3245,82.24429764542938,67.11662466912864,84.25756620498615,211.96244631578926,0.0
3246,82.24429764542938,67.11662466912864,74.46266315789472,206.96244631578926,0.0
3247,82.24429764542938,67.11662466912864,72.73595955678668,201.96244631578926,0.0
3248,82.24429764542938,67.11662466912864,72.73595955678668,203.54946105263136,0.0
3249,82.24429764542938,67.11662466912864,89.48290955678667,198.54946105263136,0.0
3250,82.24429764542938,67.11662466912864,89.48290955678667,210.31394105263138,0.0
3251,82.24429764542938,67.11662466912864,89.48290955678667,225.42460210526298,0.0
3252,82.24429764542938,81.0,89.48290955678667,232.04708817028677,0.0
3253,82.24429764542938,100.0,99.72605955678665,227.04708817028677,0.0
3254,82.24429764542938,100.0,99.72605955678665,242.1052271176552,0.0
3255,82.24429764542938,100.0,99.72605955678665,251.4992018544973,0.0
3256,82.24429764542938,100.0,99.72605955678665,252.16942922291835,0.0
3257,75.78418684210527,100.0,99.72605955678665,247.16942922291835,0.0
3258,75.78418684210527,100.0,79.94761080332404,242.16942922291835,0.0
3259,54.7315552631579,92.92709141274236,79.94761080332404,237.16942922291835,0.0
3260,54.7315552631579,92.92709141274236,79.94761080332404,232.16942922291835,0.0
3261,54.7315552631579,72.63628808864264,79.94761080332404,227.16942922291835,0.0
3262,54.7315552631579,72.63628808864264,79.94761080332404,222.16942922291835,0.0
3263,52.96634750692521,72.63628808864264,79.94761080332404,217.16942922291835,0.0
3264,52.96634750692521,72.63628808864264,79.94761080332404,214.82471343344466,0.0
3265,52.96634750692521,78.56778808864264,79.94761080332404,209.82471343344466,0.0
3266,52.96634750692521,85.30483808864264,79.94761080332404,204.82471343344466,0.0
3267,57.77149750692519,85.30483808864264,79.94761080332404,199.82471343344466,0.0
3268,57.77149750692519,84.08217880886423,79.94761080332404,194.82471343344466,0.0
3269,57.77149750692519,84.08217880886423,79.94761080332404,189.82471343344466,0.0
3270,57.77149750692519,84.08217880886423,79.94761080332404,184.82471343344466,0.0
3271,57.77149750692519,83.26910401662043,79.94761080332404,179.82471343344466,0.0
3272,66.31864750692523,83.26910401662043,79.94761080332404,174.82471343344466,0.0
3273,66.31864750692523,83.26910401662043,79.94761080332404,181.99002290712886,0.0
3274,77.0153051246536,93.99754639889204,79.94761080332404,176.99002290712886,0.0
3275,77.0153051246536,93.99754639889204,79.94761080332404,191.52199343344464,0.0
3276,77.0153051246536,93.99754639889204,79.94761080332404,208.10444817028673,0.0
3277,77.0153051246536,94.47049639889207,79.94761080332404,224.70444817028672,0.0
3278,77.0153051246536,94.47049639889207,79.94761080332404,239.7937744860762,0.0
3279,77.0153051246536,94.47049639889207,79.94761080332404,249.31981238081303,0.0
3280,77.0153051246536,94.47049639889207,87.63881080332405,244.31981238081303,0.0
3281,77.0153051246536,94.47049639889207,81.49548670360106,239.31981238081303,0.0
3282,77.0153051246536,94.47049639889207,81.49548670360106,234.31981238081303,0.0
3283,75.11378356417131,73.4178648199447,79.74614953832157,229.31981238081303,0.0
3284,75.11378356417131,73.4178648199447,79.74614953832157,224.31981238081303,0.0
3285,75.11378356417131,73.4178648199447,79.74614953832157,219.31981238081303,0.0
3286,75.11378356417131,66.03149362880896,79.74614953832157,214.31981238081303,0.0
3287,75.11378356417131,66.03149362880896,79.74614953832157,209.76337027554987,0.0
3288,75.11378356417131,66.03149362880896,79.74614953832157,206.5238839597604,0.0
3289,75.11378356417131,66.03149362880896,79.74614953832157,204.9710544860762,0.0
3290,75.11378356417131,66.03149362880896,79.74614953832157,204.0039639597604,0.0
3291,75.11378356417131,66.03149362880896,79.74614953832157,201.28913027554987,0.0
3292,75.11378356417131,62.24096731301947,79.74614953832157,196.28913027554987,0.0
3293,75.11378356417131,62.24096731301947,79.74614953832157,191.28913027554987,0.0
3294,75.11378356417131,62.24096731301947,68.74836560480357,186.28913027554987,0.0
3295,75.11378356417131,62.24096731301947,64.30914122807225,181.28913027554987,0.0
3296,75.11378356417131,62.24096731301947,68.99904122807226,176.28913027554987,0.0
3297,75.11378356417131,62.24096731301947,68.99904122807226,180.27374501239194,0.0
3298,75.11378356417131,62.24096731301947,81.0,179.29918257472036,0.0
3299,75.11378356417131,62.24096731301947,81.0,191.00765415366774,0.0
3300,75.11378356417131,62.24096731301947,81.0,205.1457467852467,0.0
3301,75.11378356417131,68.98406731301947,100.0,200.1457467852467,0.0
3302,94.11378356417131,72.98426731301947,100.0,195.1457467852467,0.0
3303,94.11378356417131,88.18736731301946,100.0,190.1457467852467,0.0
3304,94.11378356417131,88.18736731301946,100.0,187.87363731156248,0.0
3305,94.11378356417131,88.18736731301946,100.0,182.87363731156248,0.0
3306,94.11378356417131,86.74155013850422,78.94736842105263,177.87363731156248,0.0
3307,94.11378356417131,75.456594598338,60.38113282548479,172.87363731156248,0.0
3308,94.11378356417131,67.6391430747923,60.38113282548479,167.87363731156248,0.0
3309,94.11378356417131,46.58651149584493,58.82401371191138,162.87363731156248,0.0
3310,94.11378356417131,33.76994639889202,58.82401371191138,157.87363731156248,0.0
3311,94.11378356417131,33.76994639889202,58.82401371191138,152.87363731156248,0.0
3312,94.11378356417131,31.335431163434947,58.82401371191138,147.87363731156248,0.0
3313,94.11378356417131,31.335431163434947,59.32996371191137,142.87363731156248,0.0
3314,94.11378356417131,31.335431163434947,59.32996371191137,138.99210046945723,0.0
3315,93.18364506001619,31.335431163434947,59.32996371191137,133.99210046945723,0.0
3316,93.18364506001619,31.335431163434947,51.09816315789474,128.99210046945723,0.0
3317,78.07040406278627,31.335431163434947,51.09816315789474,123.99210046945721,0.0
3318,78.07040406278627,15.077536426592822,51.09816315789474,118.99210046945721,0.0
3319,78.07040406278627,15.077536426592822,41.15229058171744,113.99210046945721,0.0
3320,78.07040406278627,15.077536426592822,41.15229058171744,109.00490889050984,0.0
3321,78.07040406278627,22.156886426592827,41.15229058171744,104.00490889050984,0.0
3322,78.07040406278627,22.156886426592827,41.15229058171744,108.37229836419405,0.0
3323,78.07040406278627,22.156886426592827,41.15229058171744,116.32919099577299,0.0
3324,78.07040406278627,22.156886426592827,41.15229058171744,126.73245415366775,0.0
3325,78.07040406278627,22.156886426592827,41.15229058171744,137.64725836419404,0.0
3326,78.07040406278627,22.156886426592827,41.15229058171744,146.59828152208877,0.0
3327,78.07040406278627,33.326286426592816,41.15229058171744,141.59828152208877,0.0
3328,78.07040406278627,33.326286426592816,41.27939058171744,136.59828152208877,0.0
3329,78.07040406278627,19.962297506925193,41.27939058171744,131.59828152208877,0.0
3330,78.07040406278627,19.962297506925193,41.27939058171744,126.59828152208875,0.0
3331,57.0177724838389,19.962297506925193,32.96786703601108,121.59828152208875,0.0
3332,49.987246168049424,19.962297506925193,11.915235457063714,116.59828152208875,0.0
3333,49.987246168049424,19.962297506925193,11.915235457063714,111.59828152208875,0.0
3334,49.987246168049424,19.962297506925193,-0.0,106.59828152208875,0.0
3335,46.58563951984997,19.962297506925193,-0.0,101.59828152208875,0.0
3336,46.58563951984997,19.962297506925193,-0.0,96.59828152208875,0.0
3337,46.58563951984997,19.962297506925193,-0.0,92.6393636273519,0.0
3338,46.58563951984997,19.962297506925193,-0.0,89.50272362735188,0.0
3339,46.58563951984997,20.356897506925193,-0.0,84.50272362735188,0.0
3340,46.58563951984997,20.356897506925193,-0.0,79.50272362735188,0.0
3341,46.58563951984997,20.356897506925193,-0.0,74.50272362735188,0.0
3342,33.72442068328488,20.356897506925193,-0.0,69.50272362735188,0.0
3343,33.72442068328488,20.356897506925193,-0.0,64.50272362735188,0.0
3344,33.72442068328488,20.356897506925193,0.0,62.45745204840451,0.0
3345,33.72442068328488,20.356897506925193,10.753499999999969,57.45745204840451,0.0
3346,33.72442068328488,20.356897506925193,10.753499999999969,64.34605415366765,0.0
3347,33.72442068328488,20.356897506925193,10.753499999999969,74.513005732615,0.0
3348,33.72442068328488,20.356897506925193,10.753499999999969,86.89562467998341,0.0
3349,38.54097068328488,20.356897506925193,29.753499999999967,81.89562467998341,0.0
3350,38.54097068328488,20.356897506925193,48.75349999999997,79.05467731156236,0.0
3351,42.531449492149065,20.356897506925193,59.62637119113577,74.05467731156236,0.0
3352,42.531449492149065,20.356897506925193,59.62637119113577,72.09053836419393,0.0
3353,42.531449492149065,20.356897506925193,50.40099722991691,67.09053836419393,0.0
3354,26.988144044321352,20.356897506925193,50.40099722991691,62.09053836419393,0.0
3355,26.988144044321352,14.806537396121893,29.34836565096954,57.09053836419393,0.0
3356,5.9355124653739875,14.806537396121893,25.40903047091414,52.09053836419393,0.0
3357,5.9355124653739875,14.806537396121893,7.506038781163442,47.09053836419393,0.0
3358,5.9355124653739875,14.806537396121893,-0.0,42.09053836419393,0.0
3359,5.9355124653739875,14.806537396121893,-0.0,37.88636573261499,0.0
3360,5.9355124653739875,14.806537396121893,-0.0,35.86951520629919,0.0
3361,5.9355124653739875,14.806537396121893,-0.0,36.067005732614966,0.0
3362,5.9355124653739875,14.806537396121893,-0.0,37.020079416825475,0.0
3363,5.9355124653739875,14.806537396121893,-0.0,36.33553204840442,0.0
3364,5.9355124653739875,14.806537396121893,-0.0,31.33553204840442,0.0
3365,5.9355124653739875,14.806537396121893,-0.0,26.33553204840442,0.0
3366,0.0,14.806537396121893,-0.0,21.33553204840442,0.0
3367,-0.0,14.806537396121893,-0.0,17.272668890509703,0.0
3368,10.086899999999988,14.806537396121893,0.0,12.272668890509703,0.0
3369,10.086899999999988,14.806537396121893,16.740749999999988,7.272668890509703,0.0
3370,10.086899999999988,14.806537396121893,16.740749999999988,18.07848783787813,0.0
3371,24.2656509695291,14.806537396121893,16.740749999999988,20.780554471498174,0.0
3372,24.2656509695291,14.806537396121893,16.740749999999988,36.35792710307713,0.0
3373,24.2656509695291,14.806537396121893,16.740749999999988,52.60971236623504,0.0
3374,24.2656509695291,14.806537396121893,16.740749999999988,67.26798605044557,0.0
3375,24.2656509695291,14.806537396121893,16.740749999999988,76.70823026097187,0.0
3376,24.2656509695291,14.806537396121893,16.740749999999988,78.07939657676133,0.0
3377,20.43595567867038,14.806537396121893,16.740749999999988,73.07939657676133,0.0
3378,20.43595567867038,-0.0,16.740749999999988,68.07939657676133,0.0
3379,20.43595567867038,-0.0,16.740749999999988,63.07939657676132,0.0
3380,-0.0,-0.0,16.740749999999988,58.07939657676132,0.0
3381,-0.0,0.0,2.4801405817174444,53.07939657676132,0.0
3382,-0.0,-0.0,2.4801405817174444,48.07939657676132,0.0
3383,-0.0,-0.0,6.111140581717425,43.07939657676132,0.0
3384,-0.0,7.490100000000004,6.111140581717425,38.07939657676132,0.0
3385,-0.0,7.490100000000004,16.398040581717424,33.07939657676132,0.0
3386,-0.0,18.611099999999997,16.398040581717424,28.07939657676132,0.0
3387,-0.0,18.611099999999997,25.046290581717425,23.07939657676132,0.0
3388,-0.0,18.611099999999997,25.046290581717425,19.962082892550796,0.0
3389,-0.0,18.611099999999997,22.170778116343467,14.962082892550798,0.0
3390,-0.0,18.611099999999997,20.570556509695265,9.962082892550798,0.0
3391,-0.0,18.611099999999997,26.209376992921996,5.0,0.0
3392,-0.0,33.164899999999996,26.209376992921996,0.0,0.0
3393,-0.0,33.164899999999996,26.209376992921996,11.504143157894738,0.0
3394,-0.0,33.164899999999996,26.209376992921996,27.11035368421052,0.0
3395,0.0,46.18120000000001,45.209376992921996,22.11035368421052,0.0
3396,19.0,46.18120000000001,45.209376992921996,29.14989052631578,0.0
3397,25.776599999999995,46.18120000000001,45.209376992921996,45.74989052631578,0.0
3398,25.776599999999995,50.07319999999999,45.209376992921996,62.349890526315775,0.0
3399,25.776599999999995,50.07319999999999,45.209376992921996,75.82747789473683,0.0
3400,25.776599999999995,50.07319999999999,45.209376992921996,79.82573473684208,0.0
3401,25.776599999999995,50.07319999999999,42.55042962450094,74.82573473684208,0.0
3402,9.956544598337944,50.07319999999999,42.55042962450094,69.82573473684208,0.0
3403,9.956544598337944,50.07319999999999,42.55042962450094,64.82573473684208,0.0
3404,9.956544598337944,46.22400332409972,42.55042962450094,59.82573473684208,0.0
3405,9.956544598337944,27.154474238227124,42.55042962450094,54.82573473684208,0.0
3406,0.7346055401662053,27.154474238227124,42.55042962450094,49.82573473684208,0.0
3407,0.7346055401662053,27.154474238227124,41.70344901508265,44.82573473684208,0.0
3408,5.030955540166176,27.154474238227124,41.70344901508265,39.82573473684208,0.0
3409,12.145355540166165,27.154474238227124,41.70344901508265,34.82573473684208,0.0
3410,12.145355540166165,27.154474238227124,41.70344901508265,35.88983999999999,0.0
3411,12.145355540166165,32.84137423822712,41.70344901508265,30.889839999999992,0.0
3412,12.145355540166165,32.84137423822712,41.04810275469484,25.889839999999992,0.0
3413,12.145355540166165,26.406027977839305,41.04810275469484,20.889839999999992,0.0
3414,12.145355540166165,26.406027977839305,34.290706632811194,15.889839999999992,0.0
3415,12.145355540166165,26.406027977839305,34.290706632811194,11.110955789473664,0.0
3416,12.145355540166165,26.406027977839305,34.290706632811194,14.114058947368406,0.0
3417,12.145355540166165,26.406027977839305,34.290706632811194,23.50143999999998,0.0
3418,31.145355540166165,32.39892797783928,34.290706632811194,18.50143999999998,0.0
3419,31.145355540166165,33.64737797783926,34.290706632811194,35.10143999999998,0.0
3420,33.280997229916935,33.64737797783926,36.343364943060436,51.70143999999998,0.0
3421,52.280997229916935,33.64737797783926,50.30756494306045,46.70143999999998,0.0
3422,52.280997229916935,35.481727977839235,50.30756494306045,63.30143999999997,0.0
3423,52.280997229916935,35.481727977839235,50.30756494306045,75.6607536842105,0.0
3424,52.280997229916935,35.481727977839235,50.30756494306045,79.21704421052628,0.0
3425,52.280997229916935,35.481727977839235,50.30756494306045,74.21704421052628,0.0
3426,37.398559556786715,35.481727977839235,50.30756494306045,69.21704421052628,0.0
3427,16.34592797783935,35.481727977839235,48.82390843336516,64.21704421052628,0.0
3428,16.34592797783935,19.976719652201428,41.66271177285338,59.21704421052628,0.0
3429,-0.0,19.976719652201428,41.66271177285338,54.21704421052628,0.0
3430,-0.0,19.976719652201428,41.66271177285338,49.21704421052628,0.0
3431,-0.0,21.33686965220142,41.66271177285338,44.21704421052628,0.0
3432,-0.0,21.33686965220142,41.66271177285338,43.85013052631575,0.0
3433,-0.0,21.33686965220142,50.777561772853375,38.85013052631575,0.0
3434,-0.0,21.33686965220142,50.777561772853375,41.589031578947335,0.0
3435,-0.0,21.33686965220142,50.777561772853375,43.03102315789468,0.0
3436,-0.0,21.33686965220142,50.777561772853375,40.07013894736838,0.0
3437,-0.0,18.627008156356535,50.777561772853375,35.07013894736838,0.0
3438,-0.0,16.24750677131498,50.777561772853375,30.070138947368378,0.0
3439,-0.0,16.24750677131498,50.777561772853375,28.99705684210523,0.0
3440,-0.0,16.24750677131498,50.777561772853375,34.95780631578944,0.0
3441,-0.0,16.24750677131498,50.777561772853375,46.37024421052628,0.0
3442,-0.0,16.24750677131498,50.777561772853375,62.06683368421048,0.0
3443,0.0,16.24750677131498,55.01031177285334,78.66683368421047,0.0
3444,17.39625000000001,16.24750677131498,74.01031177285334,73.66683368421047,0.0
3445,26.3576,16.24750677131498,74.01031177285334,90.26683368421047,0.0
3446,45.357600000000005,16.24750677131498,90.37791177285331,85.26683368421047,0.0
3447,45.357600000000005,16.24750677131498,90.37791177285331,101.36802526315785,0.0
3448,45.357600000000005,16.24750677131498,90.37791177285331,108.22055157894732,0.0
3449,45.357600000000005,16.24750677131498,90.37791177285331,104.67108631578942,0.0
3450,35.036879778393356,16.24750677131498,90.37791177285331,99.67108631578942,0.0
3451,35.036879778393356,16.24750677131498,72.38068185595579,94.67108631578942,0.0
3452,35.036879778393356,16.24750677131498,72.38068185595579,89.67108631578942,0.0
3453,35.036879778393356,16.24750677131498,59.793091828254944,84.67108631578942,0.0
3454,35.036879778393356,16.24750677131498,56.790432548476524,79.67108631578942,0.0
3455,39.48277977839335,16.24750677131498,56.790432548476524,74.67108631578942,0.0
3456,39.48277977839335,16.24750677131498,56.790432548476524,74.64317894736836,0.0
3457,39.48277977839335,16.24750677131498,66.02568254847651,69.64317894736836,0.0
3458,39.48277977839335,16.24750677131498,66.02568254847651,72.13637052631572,0.0
3459,39.48277977839335,23.769656771314978,66.02568254847651,67.13637052631572,0.0
3460,39.48277977839335,23.769656771314978,66.02568254847651,63.40425263157887,0.0
3461,39.48277977839335,23.769656771314978,62.2792005540167,58.40425263157887,0.0
3462,39.48277977839335,23.769656771314978,62.2792005540167,53.40425263157887,0.0
3463,39.48277977839335,23.769656771314978,62.2792005540167,50.5911957894736,0.0
3464,39.48277977839335,23.769656771314978,62.2792005540167,54.49490526315781,0.0
3465,39.48277977839335,23.769656771314978,62.2792005540167,63.71895999999991,0.0
3466,39.48277977839335,23.769656771314978,62.2792005540167,76.86534736842096,0.0
3467,48.97207977839336,23.769656771314978,81.2792005540167,71.86534736842096,0.0
3468,48.97207977839336,23.769656771314978,84.12065055401669,88.46534736842095,0.0
3469,51.96517977839334,23.769656771314978,84.12065055401669,105.06534736842094,0.0
3470,51.96517977839334,23.780706771314968,84.12065055401669,121.66534736842094,0.0
3471,51.96517977839334,23.780706771314968,84.12065055401669,132.45691789473673,0.0
3472,51.96517977839334,23.780706771314968,93.64375055401669,127.45691789473673,0.0
3473,51.96517977839334,23.780706771314968,89.9764375346261,122.45691789473673,0.0
3474,51.96517977839334,23.780706771314968,89.9764375346261,117.45691789473673,0.0
3475,51.96517977839334,21.28862920898807,68.92380595567873,112.45691789473673,0.0
3476,30.912548199445975,18.367410372422963,68.92380595567873,107.45691789473673,0.0
3477,30.912548199445975,0.5562192366888814,68.92380595567873,102.45691789473673,0.0
3478,23.35797756232686,0.5562192366888814,68.92380595567873,97.45691789473673,0.0
3479,23.35797756232686,0.5562192366888814,68.92380595567873,93.15702315789463,0.0
3480,23.35797756232686,3.634069236688888,68.92380595567873,88.15702315789463,0.0
3481,23.35797756232686,3.634069236688888,68.92380595567873,87.65558315789461,0.0
3482,23.35797756232686,3.634069236688888,75.87440595567872,82.65558315789461,0.0
3483,23.35797756232686,3.634069236688888,75.87440595567872,81.41709052631568,0.0
3484,23.35797756232686,2.8297479070489917,75.87440595567872,76.41709052631568,0.0
3485,17.38745124653736,2.8297479070489917,75.87440595567872,71.41709052631568,0.0
3486,17.38745124653736,2.8297479070489917,69.6610541551247,66.41709052631568,0.0
3487,17.38745124653736,2.8297479070489917,69.6610541551247,61.761136842105145,0.0
3488,26.849301246537337,2.8297479070489917,69.6610541551247,56.761136842105145,0.0
3489,26.849301246537337,2.8297479070489917,69.6610541551247,64.07040842105252,0.0
3490,26.849301246537337,5.213137950138528,69.6610541551247,73.24653386207939,0.0
3491,26.849301246537337,5.213137950138528,69.6610541551247,87.61874017786886,0.0
3492,26.849301246537337,5.213137950138528,69.6610541551247,104.11479491471096,0.0
3493,26.849301246537337,5.505887950138524,69.6610541551247,120.71479491471095,0.0
3494,26.849301246537337,5.505887950138524,69.6610541551247,135.63852123050043,0.0
3495,26.849301246537337,5.505887950138524,69.6610541551247,144.81782228313202,0.0
3496,26.849301246537337,5.505887950138524,69.6610541551247,145.42442438839515,0.0
3497,26.849301246537337,5.505887950138524,69.6610541551247,140.42442438839515,0.0
3498,19.56021689750692,5.505887950138524,60.364487534626036,135.42442438839515,0.0
3499,17.04121412742381,5.505887950138524,39.311855955678666,130.42442438839515,0.0
3500,17.04121412742381,2.2836164819944695,18.259224376731304,125.42442438839515,0.0
3501,17.04121412742381,2.2836164819944695,0.0,120.42442438839515,0.0
3502,17.04121412742381,2.2836164819944695,-0.0,115.42442438839515,0.0
3503,17.04121412742381,2.2836164819944695,-0.0,110.43844544102674,0.0
3504,17.04121412742381,2.2836164819944695,-0.0,106.36474438839517,0.0
3505,17.04121412742381,6.756066481994465,-0.0,101.36474438839517,0.0
3506,17.04121412742381,6.756066481994465,-0.0,100.70058438839517,0.0
3507,17.04121412742381,6.756066481994465,-0.0,98.81136333576359,0.0
3508,15.716394182825475,6.756066481994465,-0.0,93.81136333576359,0.0
3509,15.716394182825475,0.0,-0.0,88.81136333576359,0.0
3510,8.728028531855943,-0.0,-0.0,83.81136333576359,0.0
3511,8.728028531855943,-0.0,-0.0,79.02217175681619,0.0
3512,8.728028531855943,8.433000000000007,-0.0,74.02217175681619,0.0
3513,8.728028531855943,8.433000000000007,-0.0,80.53463070418461,0.0
3514,8.728028531855943,8.433000000000007,-0.0,91.0007612305004,0.0
3515,8.728028531855943,27.433000000000007,6.454750000000005,86.0007612305004,0.0
3516,8.728028531855943,37.382799999999996,25.454750000000004,81.0007612305004,0.0
3517,8.728028531855943,38.92314999999999,25.454750000000004,97.6007612305004,0.0
3518,17.48982853185595,57.92314999999999,25.454750000000004,92.6007612305004,0.0
3519,17.48982853185595,57.92314999999999,25.454750000000004,103.03146017786881,0.0
3520,17.48982853185595,57.92314999999999,25.454750000000004,105.31062228313195,0.0
3521,17.48982853185595,57.92314999999999,25.454750000000004,100.31062228313195,0.0
3522,6.733387396121898,57.92314999999999,22.060609418282525,95.31062228313195,0.0
3523,6.733387396121898,36.87051842105262,21.052631578947366,90.31062228313195,0.0
3524,4.419481578947382,36.87051842105262,0.0,85.31062228313195,0.0
3525,4.419481578947382,18.94641869806094,-0.0,80.31062228313195,0.0
3526,4.419481578947382,18.94641869806094,-0.0,75.31062228313195,0.0
3527,4.904381578947374,18.94641869806094,-0.0,70.31062228313195,0.0
3528,4.904381578947374,18.94641869806094,-0.0,67.8683654410267,0.0
3529,4.904381578947374,18.94641869806094,-0.0,67.73764965155301,0.0
3530,4.904381578947374,18.94641869806094,-0.0,68.23109807260563,0.0
3531,4.904381578947374,24.062618698060938,-0.0,63.23109807260563,0.0
3532,4.904381578947374,23.012203185595556,-0.0,58.23109807260563,0.0
3533,4.904381578947374,23.012203185595556,-0.0,53.23109807260563,0.0
3534,4.904381578947374,23.012203185595556,-0.0,48.23109807260563,0.0
3535,4.904381578947374,23.012203185595556,-0.0,45.08835701997404,0.0
3536,4.904381578947374,23.012203185595556,11.11814999999999,40.08835701997404,0.0
3537,4.904381578947374,23.012203185595556,11.11814999999999,48.296946493658254,0.0
3538,4.904381578947374,42.01220318559555,14.155999999999972,43.296946493658254,0.0
3539,12.420181578947345,42.01220318559555,33.15599999999997,38.296946493658254,0.0
3540,12.420181578947345,42.01220318559555,34.242399999999975,54.89694649365825,0.0
3541,12.420181578947345,43.74770318559556,34.242399999999975,71.49694649365824,0.0
3542,21.052631578947366,43.74770318559556,53.242399999999975,66.49694649365824,0.0
3543,21.052631578947366,43.74770318559556,53.242399999999975,76.6951991252372,0.0
3544,21.052631578947366,43.74770318559556,53.242399999999975,78.27289175681612,0.0
3545,21.052631578947366,39.78144279778392,53.242399999999975,73.27289175681612,0.0
3546,21.052631578947366,24.04033476454289,53.242399999999975,68.27289175681612,0.0
3547,21.052631578947366,20.9129109418282,53.242399999999975,63.27289175681612,0.0
3548,-0.0,20.9129109418282,48.97015623268693,58.27289175681612,0.0
3549,-0.0,20.9129109418282,48.97015623268693,53.27289175681612,0.0
3550,-0.0,20.9129109418282,39.414477562326816,48.27289175681612,0.0
3551,0.0,20.9129109418282,37.96649972299163,43.27289175681612,0.0
3552,-0.0,20.9129109418282,37.96649972299163,40.40826017786875,0.0
3553,-0.0,20.9129109418282,37.96649972299163,39.33642859892138,0.0
3554,-0.0,20.9129109418282,37.96649972299163,38.587422283131914,0.0
3555,-0.0,23.96176094182818,37.96649972299163,33.587422283131914,0.0
3556,-0.0,23.96176094182818,34.72123656509687,28.587422283131914,0.0
3557,-0.0,14.764752631578848,34.72123656509687,23.587422283131914,0.0
3558,-0.0,14.764752631578848,34.72123656509687,18.587422283131914,0.0
3559,-0.0,14.764752631578848,34.72123656509687,13.587422283131914,0.0
3560,-0.0,14.764752631578848,34.72123656509687,13.186630704184552,0.0
3561,-0.0,14.764752631578848,47.50023656509687,8.186630704184552,0.0
3562,-0.0,14.764752631578848,47.50023656509687,16.66779701997401,0.0
3563,-0.0,16.65096814404445,47.50023656509687,27.256429473684292,0.0
3564,-0.0,16.65096814404445,47.50023656509687,41.99428210526325,0.0
3565,-0.0,16.65096814404445,47.50023656509687,57.754155789473785,0.0
3566,0.0,16.65096814404445,47.50023656509687,72.33008421052642,0.0
3567,18.94265,16.65096814404445,47.50023656509687,67.33008421052642,0.0
3568,18.94265,16.65096814404445,47.50023656509687,68.22593684210538,0.0
3569,13.747082132963975,16.65096814404445,47.50023656509687,63.225936842105384,0.0
3570,13.747082132963975,1.9582189750692693,45.37060346260391,58.225936842105384,0.0
3571,5.3238351800554025,1.9582189750692693,28.475457063711918,53.225936842105384,0.0
3572,5.3238351800554025,1.9582189750692693,22.58797783933519,48.225936842105384,0.0
3573,4.937962603878144,1.9582189750692693,1.535346260387823,43.225936842105384,0.0
3574,4.937962603878144,1.9582189750692693,1.535346260387823,38.225936842105384,0.0
3575,1.8957465373961524,1.9582189750692693,1.535346260387823,33.225936842105384,0.0
3576,1.8957465373961524,1.9582189750692693,1.535346260387823,29.63937263157905,0.0
3577,1.8957465373961524,6.859168975069251,1.535346260387823,24.63937263157905,0.0
3578,1.8957465373961524,6.859168975069251,1.535346260387823,24.22406736842106,0.0
3579,6.031246537396136,6.859168975069251,1.535346260387823,19.22406736842106,0.0
3580,6.031246537396136,6.859168975069251,0.0,14.22406736842106,0.0
3581,6.031246537396136,0.0,-0.0,9.22406736842106,0.0
3582,0.0,0.0,0.0,4.224067368421061,0.0
3583,0.0,-0.0,0.0,0.0,0.0
3584,-0.0,-0.0,3.083927777777782,0.0,0.0
3585,0.0,-0.0,3.083927777777782,7.606404210526316,0.0
3586,-0.0,-0.0,16.35646163434842,9.001911182388579,0.0
3587,0.0,-0.0,16.35646163434842,24.070888024493822,0.0
3588,0.0,1.3956499999999912,16.35646163434842,40.67088802449382,0.0
3589,2.187949999999994,1.3956499999999912,16.35646163434842,57.270888024493814,0.0
3590,21.187949999999994,10.488099999999974,16.35646163434842,52.270888024493814,0.0
3591,22.80174999999999,10.488099999999974,35.35646163434842,47.270888024493814,0.0
3592,22.80174999999999,10.488099999999974,35.35646163434842,49.33844591923064,0.0
3593,19.222248614958435,10.488099999999974,35.35646163434842,44.33844591923064,0.0
3594,4.003190443213288,10.488099999999974,35.35646163434842,39.33844591923064,0.0
3595,4.003190443213288,0.0,26.848665512465388,34.33844591923064,0.0
3596,1.3494508310249311,-0.0,5.796033933518022,29.338445919230637,0.0
3597,1.3494508310249311,-0.0,5.796033933518022,24.338445919230637,0.0
3598,-0.0,-0.0,0.0,19.338445919230637,0.0
3599,0.0,0.0,-0.0,15.576050129756954,0.0
3600,-0.0,6.782849999999985,-0.0,10.576050129756954,0.0
3601,-0.0,6.782849999999985,-0.0,12.935056445546415,0.0
3602,-0.0,6.782849999999985,-0.0,15.86487118238852,0.0
3603,-0.0,6.782849999999985,0.0,17.023561708704307,0.0
3604,2.594449999999995,6.782849999999985,-0.0,12.023561708704305,0.0
3605,1.0809972299169077,6.36749390581714,-0.0,7.023561708704305,0.0
3606,0.0,6.36749390581714,-0.0,2.0235617087043045,0.0
3607,-0.0,8.07554893813533,-0.0,0.0,0.0
3608,0.0,8.07554893813533,0.0,6.294867368421061,0.0
3609,3.21415,8.07554893813533,19.0,1.2948673684210608,0.0
3610,3.21415,8.07554893813533,19.0,16.95822315789473,0.0
3611,3.21415,15.253322437673207,19.0,30.4343527161397,0.0
3612,9.411593167128695,15.253322437673207,38.0,32.53196631578952,0.0
3613,25.348443167128668,15.253322437673207,57.0,27.531966315789518,0.0
3614,25.348443167128668,18.748722437673205,57.0,44.13196631578951,0.0
3615,25.348443167128668,18.748722437673205,57.0,57.31708210526319,0.0
3616,25.348443167128668,18.748722437673205,69.16565,52.31708210526319,0.0
3617,25.348443167128668,18.748722437673205,68.84703504155125,47.31708210526319,0.0
3618,25.348443167128668,6.9586947368421646,68.84703504155125,42.31708210526319,0.0
3619,25.348443167128668,6.9586947368421646,48.50105166204986,37.31708210526319,0.0
3620,25.348443167128668,2.5389210526315926,30.298941689750727,32.31708210526319,0.0
3621,25.348443167128668,2.5389210526315926,13.31921869806097,27.31708210526319,0.0
3622,25.348443167128668,2.5389210526315926,6.495672991689779,22.31708210526319,0.0
3623,25.348443167128668,4.3284210526315885,6.495672991689779,17.31708210526319,0.0
3624,25.348443167128668,4.3284210526315885,6.495672991689779,15.4869768421053,0.0
3625,25.348443167128668,4.3284210526315885,6.495672991689779,16.085242105263184,0.0
3626,25.348443167128668,4.3284210526315885,6.495672991689779,17.55535157894738,0.0
3627,25.348443167128668,4.3284210526315885,6.495672991689779,17.629608421052637,0.0
3628,25.348443167128668,4.3284210526315885,7.699722991689772,12.629608421052637,0.0
3629,25.348443167128668,-0.0,7.699722991689772,7.629608421052637,0.0
3630,25.348443167128668,-0.0,3.874459833795015,2.6296084210526374,0.0
3631,25.348443167128668,-0.0,3.874459833795015,0.0,0.0
3632,25.348443167128668,-0.0,3.874459833795015,3.9140547368421004,0.0
3633,25.348443167128668,-0.0,3.874459833795015,12.959587368421046,0.0
3634,25.348443167128668,-0.0,3.874459833795015,25.85605894736841,0.0
3635,25.348443167128668,0.0,3.874459833795015,42.19257684210524,0.0
3636,25.348443167128668,19.0,3.874459833795015,46.72439157894735,0.0
3637,26.625459633733705,24.897477977839372,3.874459833795015,60.7259157894737,0.0
3638,26.625459633733705,35.44592797783936,22.874459833795015,55.7259157894737,0.0
3639,26.625459633733705,35.44592797783936,22.874459833795015,67.26787789473687,0.0
3640,26.625459633733705,35.44592797783936,22.874459833795015,70.1169768421053,0.0
3641,26.625459633733705,35.44592797783936,21.126648199445974,65.1169768421053,0.0
3642,26.625459633733705,22.77806094182825,21.126648199445974,60.1169768421053,0.0
3643,26.625459633733705,22.07008310249307,0.0740166204986069,55.1169768421053,0.0
3644,5.57282805478634,18.64853185595568,0.0740166204986069,50.1169768421053,0.0
3645,5.57282805478634,-0.0,0.0740166204986069,45.1169768421053,0.0
3646,5.57282805478634,-0.0,0.0740166204986069,40.1169768421053,0.0
3647,5.57282805478634,-0.0,0.0,35.1169768421053,0.0
3648,5.57282805478634,-0.0,-0.0,32.230480000000036,0.0
3649,11.810878054786338,-0.0,-0.0,27.230480000000036,0.0
3650,11.810878054786338,0.0,-0.0,28.03208842105266,0.0
3651,13.542520021545307,4.161108033241006,-0.0,23.03208842105266,0.0
3652,13.542520021545307,4.161108033241006,-0.0,18.72128,0.0
3653,13.542520021545307,0.0,-0.0,13.72128,0.0
3654,8.68202140658686,-0.0,-0.0,8.72128,0.0
3655,8.68202140658686,-0.0,-0.0,5.0,0.0
3656,18.876021406586876,-0.0,-0.0,0.0,0.0
3657,18.876021406586876,-0.0,-0.0,8.042231578947364,0.0
3658,18.876021406586876,-0.0,-0.0,20.173797894736836,0.0
3659,20.46563807325353,-0.0,-0.0,35.12737263157895,0.0
3660,39.46563807325353,12.24395,-0.0,30.12737263157895,0.0
3661,39.46563807325353,15.720550000000022,-0.0,46.727372631578945,0.0
3662,39.46563807325353,26.285900000000034,19.0,41.727372631578945,0.0
3663,39.46563807325353,26.285900000000034,19.0,53.444143157894736,0.0
3664,39.46563807325353,26.285900000000034,19.0,56.50522526315788,0.0
3665,39.46563807325353,26.285900000000034,17.29440443213298,51.50522526315788,0.0
3666,27.429128377962673,26.285900000000034,17.29440443213298,46.50522526315788,0.0
3667,27.429128377962673,7.080858448753499,17.29440443213298,41.50522526315788,0.0
3668,19.824819944598353,7.080858448753499,4.061759956910013,36.50522526315788,0.0
3669,4.663268698060961,7.080858448753499,4.061759956910013,31.505225263157882,0.0
3670,0.0,7.080858448753499,4.061759956910013,26.505225263157882,0.0
3671,-0.0,7.080858448753499,4.061759956910013,24.399132631578937,0.0
3672,-0.0,7.080858448753499,4.061759956910013,23.61507368421051,0.0
3673,-0.0,7.080858448753499,4.061759956910013,25.298644210526305,0.0
3674,-0.0,7.080858448753499,4.061759956910013,27.912037894736844,0.0
3675,8.257549999999995,7.080858448753499,4.061759956910013,22.912037894736844,0.0
3676,8.257549999999995,7.080858448753499,4.061759956910013,20.0,0.0
3677,8.257549999999995,4.865844598337989,4.061759956910013,15.0,0.0
3678,8.257549999999995,2.921467867036039,4.061759956910013,10.0,0.0
3679,8.257549999999995,7.68821786703603,4.061759956910013,5.0,0.0
3680,21.087749999999996,7.68821786703603,4.061759956910013,0.0,0.0
3681,28.403118574945957,7.68821786703603,4.061759956910013,3.6621543431988357,0.0
3682,28.403118574945957,7.68821786703603,23.061759956910013,1.7540996063567316,0.0
3683,28.403118574945957,7.68821786703603,23.061759956910013,17.46198171161987,0.0
3684,28.403118574945957,7.68821786703603,24.57460995691,34.061981711619865,0.0
3685,47.40311857494596,18.876717867035985,24.57460995691,29.061981711619865,0.0
3686,47.40311857494596,18.876717867035985,24.57460995691,44.77566171161986,0.0
3687,47.40311857494596,18.876717867035985,24.57460995691,54.87940486951459,0.0
3688,47.40311857494596,18.876717867035985,24.57460995691,56.531409080040895,0.0
3689,47.40311857494596,15.63189792243765,24.57460995691,51.531409080040895,0.0
3690,34.52943436441965,15.63189792243765,24.57460995691,46.531409080040895,0.0
3691,15.48782771622021,15.63189792243765,24.57460995691,41.531409080040895,0.0
3692,15.48782771622021,15.63189792243765,3.713889735303357,36.531409080040895,0.0
3693,0.5893789627575874,15.63189792243765,3.713889735303357,31.531409080040895,0.0
3694,0.0,15.63189792243765,0.0,26.531409080040895,0.0
3695,2.3107775623268743,15.63189792243765,1.8079224376731389,21.531409080040895,0.0
3696,2.3107775623268743,15.63189792243765,1.8079224376731389,21.74227644846193,0.0
3697,2.3107775623268743,15.63189792243765,1.8079224376731389,24.499480658988244,0.0
3698,2.3107775623268743,15.63189792243765,1.8079224376731389,28.06698802740929,0.0
3699,11.455677562326873,15.63189792243765,1.8079224376731389,23.06698802740929,0.0
3700,11.455677562326873,15.63189792243765,1.8079224376731389,20.792529080040865,0.0
3701,9.555899168975044,15.63189792243765,1.8079224376731389,15.792529080040865,0.0
3702,9.555899168975044,15.63189792243765,-0.0,10.792529080040865,0.0
3703,9.555899168975044,15.63189792243765,-0.0,9.093691185304037,0.0
3704,9.555899168975044,15.63189792243765,-0.0,13.177628027409304,0.0
3705,10.784413157894734,32.91413393351795,-0.0,8.177628027409304,0.0
3706,10.784413157894734,32.91413393351795,-0.0,21.03878171161982,0.0
3707,10.784413157894734,32.91413393351795,0.0,37.228760658988236,0.0
3708,22.11286315789474,32.91413393351795,19.0,32.228760658988236,0.0
3709,22.11286315789474,32.91413393351795,29.37633698060946,42.16429894736842,0.0
3710,22.11286315789474,32.91413393351795,29.37633698060946,57.72200421052629,0.0
3711,22.11286315789474,51.91413393351795,29.37633698060946,52.98836631578944,0.0
3712,22.11286315789474,51.91413393351795,29.37633698060946,54.261650526315755,0.0
3713,22.11286315789474,47.87385692520771,29.37633698060946,49.261650526315755,0.0
3714,7.194857617728527,47.87385692520771,29.37633698060946,44.261650526315755,0.0
3715,7.194857617728527,29.04947368421052,25.551689750692518,39.261650526315755,0.0
3716,3.07441440443214,29.04947368421052,4.49905817174515,34.261650526315755,0.0
3717,3.07441440443214,9.435734072022152,4.49905817174515,29.261650526315755,0.0
3718,3.07441440443214,0.2978393351800509,4.49905817174515,24.261650526315755,0.0
3719,3.07441440443214,0.0,4.49905817174515,19.261650526315755,0.0
3720,3.07441440443214,-0.0,4.49905817174515,16.817839999999975,0.0
3721,3.07441440443214,-0.0,4.49905817174515,16.970159999999975,0.0
3722,3.07441440443214,-0.0,4.49905817174515,18.091713684210504,0.0
3723,3.07441440443214,-0.0,4.49905817174515,17.885814736842107,0.0
3724,3.07441440443214,0.9324000000000012,4.49905817174515,12.885814736842107,0.0
3725,3.07441440443214,0.9324000000000012,-0.0,7.885814736842107,0.0
3726,-0.0,0.0,-0.0,2.885814736842107,0.0
3727,0.0,0.0,0.0,0.0,0.0
3728,0.0,0.0,0.0,1.93296842105263,0.0
3729,-0.0,11.76043888888889,-0.0,0.0,0.0
3730,0.0,11.76043888888889,0.0,10.87677052631578,0.0
3731,0.0,11.76043888888889,-0.0,23.897562105263177,0.0
3732,19.0,11.76043888888889,0.0,27.11291368421052,0.0
3733,38.0,20.720294690674095,-0.0,24.08760402391017,0.0
3734,38.0,20.720294690674095,-0.0,38.156185076541746,0.0
3735,38.0,20.720294690674095,0.0,46.81104823443647,0.0
3736,38.0,24.31473684210531,5.237174515235442,41.81104823443647,0.0
3737,38.0,24.31473684210531,4.058116343490284,36.81104823443647,0.0
3738,33.97689750692522,17.61368421052632,4.058116343490284,31.81104823443647,0.0
3739,33.97689750692522,-0.0,4.058116343490284,26.81104823443647,0.0
3740,14.104376731301956,-0.0,4.058116343490284,21.81104823443647,0.0
3741,-0.0,-0.0,4.058116343490284,16.81104823443647,0.0
3742,-0.0,-0.0,0.0,11.81104823443647,0.0
3743,0.0,0.0,0.10692520775623261,7.336995445400179,0.0
3744,0.5122437673130183,-0.0,0.10692520775623261,8.039751578947374,0.0
3745,0.5122437673130183,-0.0,0.10692520775623261,10.593359999999993,0.0
3746,0.5122437673130183,-0.0,0.10692520775623261,13.644981052631584,0.0
3747,0.5122437673130183,-0.0,0.10692520775623261,12.612673684210538,0.0
3748,0.5122437673130183,-0.0,0.10692520775623261,11.04123789473684,0.0
3749,-0.0,-0.0,0.10692520775623261,6.04123789473684,0.0
3750,-0.0,-0.0,-0.0,1.04123789473684,0.0
3751,0.0,0.0,0.0,0.0,0.0
3752,-0.0,0.0,0.0,2.8262863157894547,0.0
3753,0.0,-0.0,7.611933333333321,5.0,0.0
3754,19.0,-0.0,10.587183333333309,0.0,0.0
3755,20.102627931671282,1.1138028624192358,10.587183333333309,13.421479819215623,0.0
3756,20.739427931671287,1.1138028624192358,10.587183333333309,30.02147981921562,0.0
3757,20.739427931671287,1.87795286241922,10.587183333333309,46.62147981921562,0.0
3758,39.73942793167129,1.87795286241922,10.587183333333309,47.4894419244788,0.0
3759,39.73942793167129,2.144302862419217,29.587183333333307,42.4894419244788,0.0
3760,39.73942793167129,2.144302862419217,29.587183333333307,43.58139981921563,0.0
3761,39.73942793167129,1.4980055401662185,29.587183333333307,38.58139981921563,0.0
3762,25.736270036934446,1.4980055401662185,29.587183333333307,33.58139981921563,0.0
3763,21.052631578947366,1.4980055401662185,16.44485687903969,28.581399819215633,0.0
3764,0.0,1.4980055401662185,15.751154201292694,23.581399819215633,0.0
3765,-0.0,1.4980055401662185,0.0,18.581399819215633,0.0
3766,0.0,0.0,0.0,13.581399819215633,0.0
3767,-0.0,-0.0,-0.0,9.870957713952471,0.0
3768,-0.0,-0.0,-0.0,10.10384192447879,0.0
3769,-0.0,-0.0,-0.0,12.63557245079458,0.0
3770,-0.0,-0.0,-0.0,15.647694556057735,0.0
3771,-0.0,-0.0,-0.0,16.948376661320893,0.0
3772,-0.0,-0.0,-0.0,14.149416661320885,0.0
3773,-0.0,-0.0,-0.0,9.149416661320885,0.0
3774,-0.0,-0.0,-0.0,4.149416661320885,0.0
3775,3.5215025392428303,-0.0,-0.0,0.0,0.0
3776,3.5215025392428303,-0.0,-0.0,4.947898947368419,0.0
3777,3.5215025392428303,-0.0,-0.0,15.319178947368433,0.0
3778,3.5215025392428303,-0.0,-0.0,29.656181052631567,0.0
3779,5.4616525392428175,-0.0,-0.0,46.25618105263156,0.0
3780,6.747334072022159,3.626568467220657,-0.0,62.856181052631555,0.0
3781,6.747334072022159,3.626568467220657,10.443773176361965,75.61898032949406,0.0
3782,18.65573407202217,3.626568467220657,29.443773176361965,70.61898032949406,0.0
3783,37.65573407202217,3.626568467220657,29.443773176361965,68.12931717159933,0.0
3784,37.65573407202217,3.626568467220657,29.443773176361965,70.52091296107304,0.0
3785,37.65573407202217,1.7327549861495628,29.443773176361965,65.52091296107304,0.0
3786,37.65573407202217,-0.0,22.38777469990766,60.52091296107304,0.0
3787,37.65573407202217,-0.0,4.598928901200368,55.52091296107304,0.0
3788,17.08439519852262,-0.0,4.598928901200368,50.52091296107304,0.0
3789,0.0,0.0,4.598928901200368,45.52091296107304,0.0
3790,-0.0,-0.0,0.0,40.52091296107304,0.0
3791,-0.0,-0.0,-0.0,36.06720348738881,0.0
3792,1.1506985226223279,-0.0,1.8248014773776724,31.06720348738881,0.0
3793,1.1506985226223279,-0.0,1.8248014773776724,30.73109822423092,0.0
3794,1.1506985226223279,-0.0,1.8248014773776724,31.104761382125652,0.0
3795,1.1506985226223279,-0.0,1.8248014773776724,30.04547296107302,0.0
3796,1.1506985226223279,-0.0,1.8248014773776724,25.04547296107302,0.0
3797,1.1506985226223279,0.0,-0.0,20.04547296107302,0.0
3798,1.1506985226223279,-0.0,-0.0,15.04547296107302,0.0
3799,1.1506985226223279,-0.0,-0.0,11.781279276862517,0.0
3800,1.1506985226223279,-0.0,0.0,14.895565592651987,0.0
3801,1.1506985226223279,-0.0,17.51010000000003,9.895565592651987,0.0
3802,20.150698522622328,-0.0,21.14505000000003,4.895565592651987,0.0
3803,20.150698522622328,-0.0,21.14505000000003,20.625881382125655,0.0
3804,39.15069852262233,11.369149999999983,21.14505000000003,15.625881382125655,0.0
3805,39.15069852262233,11.369149999999983,24.547860156971392,31.440581052631565,0.0
3806,39.15069852262233,11.369149999999983,24.547860156971392,47.985254736842094,0.0
3807,39.15069852262233,11.369149999999983,24.547860156971392,58.93624842105262,0.0
3808,49.05294852262229,11.369149999999983,24.547860156971392,53.93624842105262,0.0
3809,49.05294852262229,11.369149999999983,24.547860156971392,48.93624842105262,0.0
3810,49.05294852262229,5.8409048938134775,18.623344413665755,43.93624842105262,0.0
3811,31.739227377654615,5.8409048938134775,18.623344413665755,38.93624842105262,0.0
3812,16.514755309325945,5.8409048938134775,13.615646583564143,33.93624842105262,0.0
3813,-0.0,5.8409048938134775,13.615646583564143,28.936248421052618,0.0
3814,-0.0,0.0,13.615646583564143,23.936248421052618,0.0
3815,-0.0,-0.0,13.615646583564143,19.790433684210534,0.0
3816,-0.0,-0.0,13.615646583564143,18.03335157894737,0.0
3817,0.0,-0.0,13.615646583564143,19.035764210526317,0.0
3818,-0.0,-0.0,13.615646583564143,20.933629473684224,0.0
3819,-0.0,1.2805724838411803,19.36442409972297,15.933629473684224,0.0
3820,-0.0,1.2805724838411803,21.158724099722967,10.933629473684224,0.0
3821,-0.0,0.0,21.158724099722967,5.933629473684223,0.0
3822,-0.0,-0.0,21.158724099722967,0.9336294736842232,0.0
3823,-0.0,-0.0,21.158724099722967,0.0,0.0
3824,-0.0,0.2124055555555735,21.158724099722967,5.0,0.0
3825,1.2861999999999754,19.212405555555573,21.158724099722967,0.0,0.0
3826,1.2861999999999754,19.212405555555573,21.158724099722967,14.734707368421066,0.0
3827,1.2861999999999754,19.212405555555573,24.323224099722975,31.334707368421064,0.0
3828,1.2861999999999754,25.639605555555555,24.323224099722975,47.93470736842106,0.0
3829,7.954399999999995,25.639605555555555,24.323224099722975,64.53470736842105,0.0
3830,7.954399999999995,25.639605555555555,28.07767409972299,81.13470736842105,0.0
3831,13.1353,44.639605555555555,28.07767409972299,76.13470736842105,0.0
3832,13.1353,44.639605555555555,38.64444190520133,72.5338054526901,0.0
3833,13.1353,44.639605555555555,38.64444190520133,67.59515703163748,0.0
3834,13.1353,37.330593551862115,38.64444190520133,62.595157031637484,0.0
3835,13.1353,37.330593551862115,25.86045298553374,57.595157031637484,0.0
3836,13.1353,17.34907923976608,25.86045298553374,52.595157031637484,0.0
3837,2.1518952139120167,13.308919852262196,25.86045298553374,47.595157031637484,0.0
3838,2.1518952139120167,13.308919852262196,24.51657486919024,42.595157031637484,0.0
3839,2.1518952139120167,13.308919852262196,24.51657486919024,38.83670229479539,0.0
3840,6.109445213912025,13.308919852262196,24.51657486919024,33.83670229479539,0.0
3841,6.109445213912025,13.308919852262196,24.51657486919024,34.16322440005854,0.0
3842,6.109445213912025,21.211569852262212,24.51657486919024,29.163224400058535,0.0
3843,11.962345213912007,21.211569852262212,24.51657486919024,24.163224400058535,0.0
3844,11.962345213912007,21.211569852262212,25.708474869190248,19.163224400058535,0.0
3845,10.249141151123473,21.211569852262212,25.708474869190248,14.163224400058535,0.0
3846,10.249141151123473,21.211569852262212,25.708474869190248,9.163224400058535,0.0
3847,10.249141151123473,21.211569852262212,25.708474869190248,8.413081242163807,0.0
3848,10.249141151123473,21.211569852262212,25.708474869190248,14.21050440005853,0.0
3849,10.249141151123473,21.211569852262212,25.708474869190248,25.139670715848005,0.0
3850,10.249141151123473,21.211569852262212,25.708474869190248,40.14714440005854,0.0
3851,12.495441151123474,21.211569852262212,25.708474869190248,56.74714440005853,0.0
3852,17.199841151123486,21.211569852262212,25.708474869190248,73.34714440005853,0.0
3853,36.199841151123486,21.211569852262212,25.708474869190248,79.18196966321642,0.0
3854,38.304291151123486,21.211569852262212,25.708474869190248,95.78196966321642,0.0
3855,38.304291151123486,21.211569852262212,25.708474869190248,108.20138440005853,0.0
3856,38.304291151123486,32.784369852262216,25.708474869190248,103.20138440005853,0.0
3857,38.304291151123486,32.784369852262216,25.708474869190248,98.20138440005853,0.0
3858,38.304291151123486,25.015579455216987,25.708474869190248,93.20138440005853,0.0
3859,38.304291151123486,25.015579455216987,8.013110141581752,88.20138440005853,0.0
3860,38.304291151123486,4.898977423822707,8.013110141581752,83.20138440005853,0.0
3861,20.103238519544544,4.898977423822707,8.013110141581752,78.20138440005853,0.0
3862,20.103238519544544,0.06492386888275359,8.013110141581752,73.20138440005853,0.0
3863,20.103238519544544,0.06492386888275359,8.013110141581752,68.20138440005853,0.0
3864,20.103238519544544,0.06492386888275359,8.013110141581752,64.95943492637433,0.0
3865,20.103238519544544,0.06492386888275359,8.013110141581752,63.88904334742696,0.0
3866,20.103238519544544,5.840073868882744,8.013110141581752,58.88904334742696,0.0
3867,20.103238519544544,5.840073868882744,8.013110141581752,56.55228545269011,0.0
3868,20.103238519544544,5.840073868882744,8.013110141581752,51.55228545269011,0.0
3869,14.754743598030217,5.840073868882744,8.013110141581752,46.55228545269011,0.0
3870,14.754743598030217,5.840073868882744,3.349989181286272,41.55228545269011,0.0
3871,14.754743598030217,5.840073868882744,3.349989181286272,37.21536755795327,0.0
3872,23.090093598030236,5.840073868882744,3.349989181286272,32.21536755795327,0.0
3873,23.090093598030236,5.840073868882744,17.61663918128628,27.21536755795327,0.0
3874,23.090093598030236,5.840073868882744,17.61663918128628,36.123910715848005,0.0
3875,23.090093598030236,5.840073868882744,17.61663918128628,48.400310715848015,0.0
3876,23.090093598030236,5.840073868882744,17.61663918128628,63.49028124216379,0.0
3877,31.951593598030243,24.840073868882744,17.61663918128628,58.49028124216379,0.0
3878,31.951593598030243,24.840073868882744,17.61663918128628,73.27690440005854,0.0
3879,31.951593598030243,24.840073868882744,17.61663918128628,82.93178440005855,0.0
3880,31.951593598030243,24.840073868882744,26.01878918128629,77.93178440005855,0.0
3881,31.951593598030243,24.840073868882744,26.01878918128629,72.93178440005855,0.0
3882,22.464465250846487,24.840073868882744,26.01878918128629,67.93178440005855,0.0
3883,22.464465250846487,7.333056325023101,26.01878918128629,62.931784400058554,0.0
3884,8.994070129270542,7.333056325023101,16.830120036934442,57.931784400058554,0.0
3885,8.994070129270542,7.333056325023101,-0.0,52.931784400058554,0.0
3886,8.994070129270542,1.0583379501385155,0.0,47.931784400058554,0.0
3887,8.994070129270542,0.0,-0.0,42.931784400058554,0.0
3888,8.994070129270542,-0.0,-0.0,40.23536755795329,0.0
3889,8.994070129270542,-0.0,-0.0,40.251797031637494,0.0
3890,8.994070129270542,7.605849999999989,-0.0,35.251797031637494,0.0
3891,8.994070129270542,13.11549999999999,-0.0,30.251797031637494,0.0
3892,8.994070129270542,13.11549999999999,-0.0,25.71778861058486,0.0
3893,8.994070129270542,9.252175900276995,-0.0,20.71778861058486,0.0
3894,8.994070129270542,9.252175900276995,-0.0,15.717788610584861,0.0
3895,8.994070129270542,9.252175900276995,-0.0,15.235220189532237,0.0
3896,22.832920129270555,9.252175900276995,-0.0,10.235220189532237,0.0
3897,22.832920129270555,9.252175900276995,-0.0,20.682744400058564,0.0
3898,22.832920129270555,9.252175900276995,-0.0,34.886622294795416,0.0
3899,22.832920129270555,10.933425900277006,-0.0,51.48662229479541,0.0
3900,22.832920129270555,15.572875900277024,-0.0,68.0866222947954,0.0
3901,22.832920129270555,34.572875900277026,14.557800000000018,63.086622294795404,0.0
3902,22.832920129270555,34.572875900277026,17.278600000000036,79.6866222947954,0.0
3903,41.832920129270555,39.71372590027701,17.278600000000036,74.6866222947954,0.0
3904,41.832920129270555,39.71372590027701,17.278600000000036,79.79568755795327,0.0
3905,43.63512012927054,39.71372590027701,17.278600000000036,74.79568755795327,0.0
3906,43.63512012927054,39.71372590027701,12.53546057248388,69.79568755795327,0.0
3907,31.972405447830102,39.71372590027701,12.53546057248388,64.79568755795327,0.0
3908,11.8203648199446,39.71372590027701,12.53546057248388,59.79568755795328,0.0
3909,0.14690221606645978,39.71372590027701,12.53546057248388,54.79568755795328,0.0
3910,0.0,36.67826431209602,12.53546057248388,49.79568755795328,0.0
3911,1.4605999999999852,36.67826431209602,12.53546057248388,44.79568755795328,0.0
3912,1.4605999999999852,36.67826431209602,12.53546057248388,44.21451703163749,0.0
3913,1.4605999999999852,36.67826431209602,21.357710572483875,39.21451703163749,0.0
3914,10.928099999999985,36.67826431209602,21.357710572483875,34.21451703163749,0.0
3915,10.928099999999985,36.67826431209602,28.401610572483882,29.21451703163749,0.0
3916,10.928099999999985,36.67826431209602,30.335260572483875,24.21451703163749,0.0
3917,10.103372391505063,36.67826431209602,30.335260572483875,19.21451703163749,0.0
3918,10.103372391505063,36.67826431209602,30.335260572483875,14.21451703163749,0.0
3919,15.733522391505058,36.67826431209602,30.335260572483875,9.21451703163749,0.0
3920,15.733522391505058,36.67826431209602,30.335260572483875,14.327902294795381,0.0
3921,34.73352239150506,36.67826431209602,30.335260572483875,9.829931768479593,0.0
3922,34.73352239150506,36.67826431209602,30.335260572483875,23.55110650532171,0.0
3923,34.73352239150506,36.67826431209602,31.480460572483892,40.15110650532171,0.0
3924,34.73352239150506,40.99401431209601,31.480460572483892,56.7511065053217,0.0
3925,53.73352239150506,40.99401431209601,31.480460572483892,62.96506861058485,0.0
3926,53.73352239150506,40.99401431209601,34.630210572483904,79.56506861058485,0.0
3927,53.73352239150506,40.99401431209601,34.630210572483904,93.20492124216379,0.0
3928,53.73352239150506,40.99401431209601,34.630210572483904,98.58948124216379,0.0
3929,53.73352239150506,40.99401431209601,34.630210572483904,95.20231913690063,0.0
3930,53.73352239150506,34.50574099722991,34.630210572483904,90.20231913690063,0.0
3931,53.73352239150506,34.50574099722991,19.043211495844947,85.20231913690063,0.0
3932,53.73352239150506,31.45299681440449,-0.0,80.20231913690063,0.0
3933,40.36506440443213,31.45299681440449,-0.0,75.20231913690063,0.0
3934,40.36506440443213,28.285979270544836,-0.0,70.20231913690063,0.0
3935,40.36506440443213,28.285979270544836,0.0,66.32063071584798,0.0
3936,40.36506440443213,28.285979270544836,6.691100000000001,61.32063071584798,0.0
3937,40.36506440443213,28.285979270544836,6.691100000000001,63.96017176847957,0.0
3938,40.36506440443213,28.285979270544836,6.691100000000001,67.25843703163746,0.0
3939,40.36506440443213,28.285979270544836,6.691100000000001,69.0663401895322,0.0
3940,40.36506440443213,28.285979270544836,6.691100000000001,67.39652966321638,0.0
3941,40.36506440443213,28.285979270544836,6.691100000000001,62.67259282111112,0.0
3942,40.36506440443213,28.285979270544836,6.691100000000001,59.41787282111112,0.0
3943,40.36506440443213,28.285979270544836,6.691100000000001,61.55042018953217,0.0
3944,40.36506440443213,28.285979270544836,6.691100000000001,69.54380545269007,0.0
3945,59.36506440443213,32.34307927054484,6.691100000000001,64.54380545269007,0.0
3946,59.36506440443213,32.34307927054484,6.691100000000001,80.68338440005849,0.0
3947,78.36506440443213,46.33922927054485,6.691100000000001,75.68338440005849,0.0
3948,84.05430000000003,46.33922927054485,8.786964404432139,92.28338440005848,0.0
3949,84.05430000000003,46.33922927054485,17.349164404432127,108.88338440005847,0.0
3950,84.05430000000003,65.33922927054485,33.05741440443212,103.88338440005847,0.0
3951,84.05430000000003,65.33922927054485,33.05741440443212,119.5842938737427,0.0
3952,100.0,65.33922927054485,33.05741440443212,114.5842938737427,0.0
3953,100.0,65.33922927054485,33.05741440443212,112.64524124216373,0.0
3954,100.0,65.33922927054485,29.735493813481057,107.64524124216373,0.0
3955,86.54921514312096,65.33922927054485,29.735493813481057,102.64524124216373,0.0
3956,86.54921514312096,65.33922927054485,9.543563988919654,97.64524124216373,0.0
3957,73.05748845798708,65.33922927054485,9.543563988919654,92.64524124216373,0.0
3958,73.05748845798708,61.87071588180986,9.543563988919654,87.64524124216373,0.0
3959,73.05748845798708,61.87071588180986,9.543563988919654,83.66532966321635,0.0
3960,73.05748845798708,61.87071588180986,9.543563988919654,81.25282018953214,0.0
3961,73.05748845798708,68.57311588180985,9.543563988919654,76.25282018953214,0.0
3962,73.05748845798708,68.57311588180985,9.543563988919654,77.19573808426898,0.0
3963,73.05748845798708,68.57311588180985,9.543563988919654,76.72938861058476,0.0
3964,73.05748845798708,68.57311588180985,9.543563988919654,72.79870229479528,0.0
3965,73.05748845798708,68.57311588180985,9.543563988919654,67.79870229479528,0.0
3966,73.05748845798708,68.57311588180985,9.543563988919654,62.79870229479527,0.0
3967,73.05748845798708,68.57311588180985,9.543563988919654,62.29654229479529,0.0
3968,73.05748845798708,68.57311588180985,9.543563988919654,67.40837387374265,0.0
3969,73.05748845798708,68.57311588180985,9.543563988919654,77.12206650532158,0.0
3970,73.05748845798708,68.57311588180985,9.543563988919654,90.82228545269001,0.0
3971,73.05748845798708,69.84061588180987,9.543563988919654,107.42228545269,0.0
3972,73.05748845798708,74.43481588180987,9.543563988919654,124.02228545269,0.0
3973,92.05748845798708,74.43481588180987,24.128413988919657,119.02228545269,0.0
3974,92.05748845798708,76.88626588180989,24.128413988919657,135.62228545269,0.0
3975,92.05748845798708,76.88626588180989,24.128413988919657,148.40556545269,0.0
3976,92.05748845798708,76.88626588180989,24.128413988919657,152.69818861058477,0.0
3977,92.05748845798708,77.40941588180989,24.128413988919657,147.69818861058477,0.0
3978,92.05748845798708,69.2333863342568,24.128413988919657,142.69818861058477,0.0
3979,92.05748845798708,53.99977599261321,24.128413988919657,137.69818861058477,0.0
3980,92.05748845798708,53.99977599261321,4.463169298245607,132.69818861058477,0.0
3981,92.05748845798708,41.371521144967765,4.463169298245607,127.69818861058477,0.0
3982,92.05748845798708,35.93454976915983,4.463169298245607,122.69818861058477,0.0
3983,93.25578845798708,35.93454976915983,4.463169298245607,117.69818861058477,0.0
3984,93.25578845798708,39.20129976915983,4.463169298245607,112.69818861058477,0.0
3985,93.25578845798708,39.20129976915983,10.779269298245602,107.69818861058477,0.0
3986,93.25578845798708,39.20129976915983,17.476619298245605,102.69818861058477,0.0
3987,93.25578845798708,39.20129976915983,21.825119298245607,97.69818861058477,0.0
3988,93.25578845798708,39.20129976915983,21.825119298245607,92.69818861058477,0.0
3989,92.84576075715604,39.20129976915983,21.825119298245607,87.69818861058477,0.0
3990,92.84576075715604,36.97579653739621,21.825119298245607,82.69818861058477,0.0
3991,92.84576075715604,36.97579653739621,24.538519298245628,77.69818861058477,0.0
3992,92.84576075715604,36.97579653739621,24.538519298245628,79.93418861058475,0.0
3993,92.84576075715604,36.97579653739621,24.538519298245628,85.97709387374263,0.0
3994,92.84576075715604,36.97579653739621,24.538519298245628,95.17382650532159,0.0
3995,92.84576075715604,36.97579653739621,24.538519298245628,107.87199492637423,0.0
3996,92.84576075715604,36.97579653739621,24.538519298245628,122.92084966321634,0.0
3997,92.84576075715604,44.89224653739619,43.53851929824563,117.92084966321634,0.0
3998,92.84576075715604,44.89224653739619,62.53851929824563,116.98938018953211,0.0
3999,92.84576075715604,44.89224653739619,62.53851929824563,124.68040334742685,0.0
4000,98.64006075715605,44.89224653739619,62.53851929824563,119.68040334742685,0.0
4001,97.86371726685134,44.89224653739619,62.53851929824563,114.68040334742685,0.0
4002,84.00802012927055,44.89224653739619,62.53851929824563,109.68040334742685,0.0
4003,62.95538855032318,44.89224653739619,61.823209972299175,104.68040334742685,0.0
4004,58.87542548476452,23.83961495844882,61.823209972299175,99.68040334742685,0.0
4005,58.87542548476452,23.83961495844882,41.769008679593725,94.68040334742685,0.0
4006,58.87542548476452,23.83961495844882,32.21308993536472,89.68040334742685,0.0
4007,58.87542548476452,23.83961495844882,32.21308993536472,84.68040334742685,0.0
4008,58.87542548476452,23.83961495844882,31.637189658356416,79.68040334742685,0.0
4009,58.87542548476452,23.83961495844882,31.637189658356416,76.68825597900579,0.0
4010,62.12297548476453,23.83961495844882,31.637189658356416,71.68825597900579,0.0
4011,62.12297548476453,23.83961495844882,31.637189658356416,67.41034018953212,0.0
4012,62.12297548476453,23.83961495844882,31.637189658356416,62.410340189532114,0.0
4013,62.12297548476453,23.83961495844882,23.361824930747925,57.410340189532114,0.0
4014,62.12297548476453,19.505062788550376,23.361824930747925,52.410340189532114,0.0
4015,62.12297548476453,19.505062788550376,23.361824930747925,47.410340189532114,0.0
4016,62.12297548476453,24.932062788550375,23.361824930747925,42.410340189532114,0.0
4017,62.12297548476453,24.932062788550375,34.85717493074792,37.410340189532114,0.0
4018,62.12297548476453,24.932062788550375,34.85717493074792,45.27594440005841,0.0
4019,62.12297548476453,24.932062788550375,34.85717493074792,57.41073176847945,0.0
4020,69.50522548476451,43.932062788550375,34.85717493074792,52.41073176847945,0.0
4021,69.50522548476451,43.932062788550375,34.85717493074792,68.70192755795316,0.0
4022,69.50522548476451,43.932062788550375,53.85717493074792,69.46291282111105,0.0
4023,69.50522548476451,43.932062788550375,53.85717493074792,79.44467282111107,0.0
4024,69.50522548476451,43.932062788550375,53.85717493074792,81.2151359790058,0.0
4025,69.50522548476451,43.932062788550375,53.85717493074792,76.2151359790058,0.0
4026,69.50522548476451,30.48746445060022,53.85717493074792,71.2151359790058,0.0
4027,64.88476611264994,30.48746445060022,40.57288822714687,66.2151359790058,0.0
4028,43.83213453370257,30.48746445060022,39.424596445060054,61.215135979005794,0.0
4029,43.83213453370257,30.48746445060022,20.24513199445988,56.215135979005794,0.0
4030,36.65907820867949,30.48746445060022,20.24513199445988,51.215135979005794,0.0
4031,36.65907820867949,30.48746445060022,20.24513199445988,46.215135979005794,0.0
4032,36.65907820867949,30.48746445060022,20.24513199445988,42.601780189532114,0.0
4033,36.65907820867949,30.48746445060022,20.24513199445988,41.596340189532114,0.0
4034,36.65907820867949,30.48746445060022,20.24513199445988,41.257392821111054,0.0
4035,36.65907820867949,30.48746445060022,20.24513199445988,39.36108545269001,0.0
4036,36.65907820867949,30.48746445060022,20.24513199445988,34.36108545269001,0.0
4037,32.383935087719216,30.48746445060022,20.24513199445988,29.361085452690013,0.0
4038,32.383935087719216,25.200594644506037,20.24513199445988,24.361085452690013,0.0
4039,33.659835087719195,25.200594644506037,20.24513199445988,19.361085452690013,0.0
4040,33.659835087719195,25.200594644506037,28.874281994459874,14.361085452690014,0.0
4041,33.659835087719195,25.200594644506037,28.874281994459874,20.28242440005841,0.0
4042,33.659835087719195,25.200594644506037,28.874281994459874,29.388095979005787,0.0
4043,33.659835087719195,25.200594644506037,28.874281994459874,41.67313597900579,0.0
4044,33.659835087719195,25.200594644506037,28.874281994459874,56.47495492637422,0.0
4045,33.659835087719195,25.200594644506037,28.874281994459874,72.1630559790058,0.0
4046,33.659835087719195,25.200594644506037,28.874281994459874,86.45022650532158,0.0
4047,33.659835087719195,25.200594644506037,47.486481994459865,81.45022650532158,0.0
4048,33.659835087719195,25.200594644506037,47.486481994459865,82.4356244000584,0.0
4049,33.44567072945511,25.200594644506037,47.486481994459865,77.4356244000584,0.0
4050,21.911580240073768,25.200594644506037,47.486481994459865,72.4356244000584,0.0
4051,21.911580240073768,25.04303231763623,26.433850415512495,67.4356244000584,0.0
4052,21.911580240073768,3.9904007386888614,23.23017543859651,62.43562440005841,0.0
4053,21.911580240073768,3.9904007386888614,7.310507848568797,57.43562440005841,0.0
4054,21.911580240073768,3.9904007386888614,-0.0,52.43562440005841,0.0
4055,21.911580240073768,3.9904007386888614,0.0,47.43562440005841,0.0
4056,21.911580240073768,3.9904007386888614,2.154249999999991,42.43562440005841,0.0
4057,21.911580240073768,3.9904007386888614,7.6983999999999835,37.43562440005841,0.0
4058,21.911580240073768,3.9904007386888614,7.6983999999999835,37.356445452689975,0.0
4059,21.911580240073768,3.9904007386888614,7.6983999999999835,35.87792755795314,0.0
4060,21.911580240073768,3.9904007386888614,7.6983999999999835,31.064483347426837,0.0
4061,21.911580240073768,3.9904007386888614,4.999988180978741,26.064483347426837,0.0
4062,21.911580240073768,3.9904007386888614,4.999988180978741,21.064483347426837,0.0
4063,21.911580240073768,3.9904007386888614,4.999988180978741,18.373940189532114,0.0
4064,21.911580240073768,3.9904007386888614,4.999988180978741,21.07828124216369,0.0
4065,21.911580240073768,3.9904007386888614,4.999988180978741,28.362845452690003,0.0
4066,21.911580240073768,3.9904007386888614,4.999988180978741,39.3082307158479,0.0
4067,21.911580240073768,3.9904007386888614,4.999988180978741,53.963131768479485,0.0
4068,22.378380240073778,3.9904007386888614,4.999988180978741,70.56313176847948,0.0
4069,29.335140212373062,3.9904007386888614,23.99998818097874,68.14136842105265,0.0
4070,29.335140212373062,11.522400738688846,42.99998818097874,63.14136842105265,0.0
4071,29.335140212373062,11.522400738688846,42.99998818097874,72.25545263157898,0.0
4072,36.79979021237305,11.522400738688846,42.99998818097874,67.25545263157898,0.0
4073,36.79979021237305,11.522400738688846,42.99998818097874,62.255452631578976,0.0
4074,36.79979021237305,0.029122807017568232,42.99998818097874,57.255452631578976,0.0
4075,16.960750507848566,0.029122807017568232,42.99998818097874,52.255452631578976,0.0
4076,2.188753462603891,0.029122807017568232,35.15187442289933,47.255452631578976,0.0
4077,2.188753462603891,0.029122807017568232,16.0044136657433,42.255452631578976,0.0
4078,2.188753462603891,0.029122807017568232,7.3167867036011005,37.255452631578976,0.0
4079,2.188753462603891,0.029122807017568232,7.090101569713738,32.255452631578976,0.0
4080,2.188753462603891,0.029122807017568232,7.090101569713738,27.642320000000016,0.0
4081,2.188753462603891,0.029122807017568232,7.090101569713738,25.38309473684211,0.0
4082,2.188753462603891,0.029122807017568232,7.090101569713738,23.58106947368422,0.0
4083,2.188753462603891,0.029122807017568232,7.090101569713738,20.0,0.0
4084,2.188753462603891,-0.0,7.090101569713738,15.0,0.0
4085,2.188753462603891,-0.0,0.0,10.0,0.0
4086,0.0,-0.0,0.0,5.0,0.0
4087,-0.0,0.0,-0.0,0.0,0.0
4088,-0.0,0.5238111111110996,-0.0,0.13283368421051822,0.0
4089,-0.0,0.5238111111110996,-0.0,5.517810526315782,0.0
4090,-0.0,0.5238111111110996,19.0,0.7781473684210507,0.0
4091,19.0,0.5238111111110996,19.0,0.0,0.0
4092,19.0,0.5238111111110996,19.0,16.046736842105272,0.0
4093,19.0,0.5238111111110996,19.0,32.49981894736842,0.0
4094,19.0,7.549161111111106,38.0,27.499818947368418,0.0
4095,19.0,14.079294444444413,38.0,31.888934736842117,0.0
4096,19.0,14.079294444444413,38.0,33.46458105263159,0.0
4097,19.0,14.079294444444413,38.0,28.464581052631587,0.0
4098,19.0,3.118574222837788,38.0,23.464581052631587,0.0
4099,16.11896203447215,0.0,26.862530009233602,18.464581052631587,0.0
4100,16.11896203447215,-0.0,6.956398891966759,13.464581052631587,0.0
4101,0.0,0.0,6.956398891966759,8.464581052631587,0.0
4102,0.0,0.0,-0.0,3.464581052631587,0.0
4103,-0.0,-0.0,0.0,0.0,0.0
4104,-0.0,0.0,-0.0,0.44395789473684477,0.0
4105,-0.0,1.9378444444444731,-0.0,2.302378947368412,0.0
4106,-0.0,1.9378444444444731,-0.0,6.346336842105263,0.0
4107,-0.0,1.9378444444444731,-0.0,8.795494736842109,0.0
4108,-0.0,1.9378444444444731,-0.0,7.555675789473687,0.0
4109,-0.0,1.9378444444444731,-0.0,3.2187199999999967,0.0
4110,-0.0,1.9378444444444731,-0.0,0.0,0.0
4111,-0.0,1.9378444444444731,-0.0,1.2964757894736874,0.0
4112,-0.0,1.9378444444444731,-0.0,7.9644926315789615,0.0
4113,2.583750000000013,1.9378444444444731,19.0,2.9644926315789615,0.0
4114,2.583750000000013,1.9378444444444731,19.0,18.238555789473708,0.0
4115,2.583750000000013,1.9378444444444731,22.376400000000004,34.8385557894737,0.0
4116,21.583750000000013,17.96084444444446,22.376400000000004,29.838555789473702,0.0
4117,28.95190000000002,17.96084444444446,22.376400000000004,46.438555789473696,0.0
4118,47.95190000000002,17.96084444444446,28.107729501385037,48.29975448316083,0.0
4119,47.95190000000002,17.96084444444446,28.107729501385037,63.39692500947662,0.0
4120,47.95190000000002,17.96084444444446,28.107729501385037,70.41539237789766,0.0
4121,47.95190000000002,17.96084444444446,28.107729501385037,69.39577974631872,0.0
4122,46.11972505386278,17.446315789473665,28.107729501385037,64.39577974631872,0.0
4123,46.11972505386278,17.446315789473665,18.858902169898432,59.39577974631872,0.0
4124,46.11972505386278,0.0,18.858902169898432,54.39577974631872,0.0
4125,46.11972505386278,-0.0,7.556335226223454,49.39577974631872,0.0
4126,46.11972505386278,-0.0,5.82542109879963,44.39577974631872,0.0
4127,46.11972505386278,-0.0,5.82542109879963,44.341080798950294,0.0
4128,46.11972505386278,-0.0,14.547271098799623,39.341080798950294,0.0
4129,46.11972505386278,-0.0,14.547271098799623,43.74572079895027,0.0
4130,46.11972505386278,-0.0,14.547271098799623,48.98673553579238,0.0
4131,46.11972505386278,-0.0,26.241071098799623,43.98673553579238,0.0
4132,46.11972505386278,-0.0,26.241071098799623,44.15451658842396,0.0
4133,46.11972505386278,-0.0,26.241071098799623,41.11738816737132,0.0
4134,46.11972505386278,-0.0,26.241071098799623,39.361897641055535,0.0
4135,57.236425053862774,-0.0,26.241071098799623,34.361897641055535,0.0
4136,57.236425053862774,-0.0,26.241071098799623,43.313299746318705,0.0
4137,57.236425053862774,-0.0,26.241071098799623,56.761935535792375,0.0
4138,57.426125053862776,-0.0,26.241071098799623,73.36193553579237,0.0
4139,57.426125053862776,4.656899999999987,26.241071098799623,89.96193553579236,0.0
4140,57.426125053862776,23.656899999999986,26.241071098799623,98.09867658842394,0.0
4141,57.426125053862776,32.492449999999984,26.241071098799623,114.69867658842394,0.0
4142,76.42612505386278,32.492449999999984,26.241071098799623,121.98559027263444,0.0
4143,76.42612505386278,32.492449999999984,26.241071098799623,138.167611325266,0.0
4144,76.42612505386278,32.492449999999984,26.241071098799623,146.2717250094765,0.0
4145,76.42612505386278,39.074949999999994,26.241071098799623,141.2717250094765,0.0
4146,76.42612505386278,37.48331565096953,26.241071098799623,136.2717250094765,0.0
4147,76.42612505386278,37.48331565096953,17.847423822714685,131.2717250094765,0.0
4148,76.42612505386278,37.48331565096953,1.7524653739612155,126.27172500947651,0.0
4149,64.52368738073258,37.48331565096953,1.7524653739612155,121.27172500947651,0.0
4150,64.52368738073258,37.48331565096953,-0.0,116.27172500947651,0.0
4151,64.52368738073258,37.48331565096953,-0.0,115.76626816737125,0.0
4152,64.52368738073258,37.48331565096953,0.0,116.86023448316072,0.0
4153,73.55907343798094,37.48331565096953,2.2835639427516465,111.86023448316072,0.0
4154,73.55907343798094,37.48331565096953,14.07636394275167,106.86023448316072,0.0
4155,73.55907343798094,37.48331565096953,14.07636394275167,108.92695869368703,0.0
4156,73.55907343798094,37.48331565096953,14.07636394275167,107.11943869368702,0.0
4157,73.55907343798094,37.48331565096953,14.07636394275167,102.11943869368702,0.0
4158,74.80802343798094,37.48331565096953,14.07636394275167,97.11943869368702,0.0
4159,74.80802343798094,37.48331565096953,14.07636394275167,98.24644922000282,0.0
4160,74.80802343798094,37.48331565096953,14.07636394275167,104.61540079895018,0.0
4161,74.80802343798094,37.48331565096953,33.07636394275167,100.74235237789756,0.0
4162,74.80802343798094,37.48331565096953,33.07636394275167,114.42885343052914,0.0
4163,74.80802343798094,37.48331565096953,33.48096394275166,131.02885343052915,0.0
4164,74.80802343798094,40.643915650969525,33.48096394275166,147.62885343052915,0.0
4165,88.03852343798094,40.643915650969525,52.48096394275166,142.62885343052915,0.0
4166,88.03852343798094,51.16391565096953,71.48096394275166,137.62885343052915,0.0
4167,88.03852343798094,51.16391565096953,71.48096394275166,148.91407869368703,0.0
4168,88.03852343798094,51.16391565096953,71.48096394275166,151.257131325266,0.0
4169,85.80694449061254,51.16391565096953,71.48096394275166,146.257131325266,0.0
4170,76.01944679901513,51.16391565096953,71.48096394275166,141.257131325266,0.0
4171,76.01944679901513,51.16391565096953,51.67985590951065,136.257131325266,0.0
4172,54.96681522006776,51.16391565096953,48.80787068328716,131.257131325266,0.0
4173,54.96681522006776,51.16391565096953,29.31754750692523,126.25713132526599,0.0
4174,44.440499430594045,51.16391565096953,29.31754750692523,121.25713132526599,0.0
4175,44.440499430594045,51.16391565096953,29.064177239150514,116.25713132526599,0.0
4176,44.440499430594045,51.16391565096953,29.064177239150514,111.77837343052914,0.0
4177,48.63464943059405,51.16391565096953,29.064177239150514,106.77837343052914,0.0
4178,48.63464943059405,51.16391565096953,34.08807723915051,101.77837343052914,0.0
4179,48.63464943059405,51.16391565096953,34.08807723915051,99.1178807989502,0.0
4180,48.63464943059405,51.16391565096953,31.962149261311176,94.1178807989502,0.0
4181,41.58550815635583,51.16391565096953,31.962149261311176,89.1178807989502,0.0
4182,38.385932902431534,51.16391565096953,31.962149261311176,84.1178807989502,0.0
4183,38.385932902431534,51.16391565096953,31.962149261311176,80.63753553579228,0.0
4184,38.385932902431534,51.16391565096953,31.962149261311176,82.31731658842386,0.0
4185,38.385932902431534,51.16391565096953,31.962149261311176,87.84841553579227,0.0
4186,38.385932902431534,51.16391565096953,31.962149261311176,96.62519869368701,0.0
4187,38.385932902431534,51.16391565096953,31.962149261311176,108.68840290421332,0.0
4188,38.385932902431534,51.16391565096953,31.962149261311176,123.06993132526594,0.0
4189,38.385932902431534,70.16391565096953,39.43724926131119,118.06993132526594,0.0
4190,57.385932902431534,70.16391565096953,39.43724926131119,116.96293343052909,0.0
4191,74.12503290243154,70.16391565096953,39.43724926131119,111.96293343052909,0.0
4192,74.12503290243154,70.16391565096953,39.43724926131119,111.38953132526593,0.0
4193,70.74711969836878,70.16391565096953,39.43724926131119,106.38953132526593,0.0
4194,70.74711969836878,56.575106786703586,39.43724926131119,101.38953132526593,0.0
4195,49.69448811942141,56.575106786703586,39.15974233610345,96.38953132526593,0.0
4196,44.29232745460147,56.575106786703586,18.107110757156082,91.38953132526593,0.0
4197,44.29232745460147,35.522475207756216,17.36954843028627,86.38953132526593,0.0
4198,36.54990824869194,35.522475207756216,17.36954843028627,81.38953132526593,0.0
4199,36.54990824869194,32.74430346260384,17.36954843028627,76.38953132526593,0.0
4200,36.54990824869194,32.74430346260384,19.297148430286256,71.38953132526593,0.0
4201,36.54990824869194,32.74430346260384,19.297148430286256,70.64757343052909,0.0
4202,36.54990824869194,32.74430346260384,19.297148430286256,70.69894185158172,0.0
4203,36.54990824869194,32.74430346260384,19.297148430286256,69.24797343052909,0.0
4204,36.501154786088065,32.74430346260384,19.297148430286256,64.24797343052909,0.0
4205,36.501154786088065,32.74430346260384,14.1760957987073,59.247973430529086,0.0
4206,31.98846780547862,32.74430346260384,14.1760957987073,54.247973430529086,0.0
4207,31.98846780547862,32.74430346260384,16.40769579870731,49.247973430529086,0.0
4208,31.98846780547862,32.74430346260384,16.40769579870731,51.50257974631855,0.0
4209,31.98846780547862,32.74430346260384,16.40769579870731,58.338621851581706,0.0
4210,50.98846780547862,34.34685346260384,16.40769579870731,53.338621851581706,0.0
4211,69.98846780547862,34.34685346260384,23.15434579870731,48.338621851581706,0.0
4212,70.7342178054786,34.34685346260384,23.15434579870731,64.9386218515817,0.0
4213,72.6094178054786,34.34685346260384,23.15434579870731,81.5386218515817,0.0
4214,72.6094178054786,34.37055346260384,23.15434579870731,98.13862185158169,0.0
4215,72.6094178054786,34.37055346260384,23.15434579870731,109.22273974631855,0.0
4216,72.6094178054786,34.37055346260384,23.15434579870731,112.29723658842381,0.0
4217,72.6094178054786,34.37055346260384,23.15434579870731,107.3674176410554,0.0
4218,64.21024883040934,34.37055346260384,23.15434579870731,102.3674176410554,0.0
4219,64.21024883040934,17.90196620498611,23.15434579870731,97.3674176410554,0.0
4220,43.15761725146197,16.588281994459773,23.15434579870731,92.3674176410554,0.0
4221,24.918891489689113,16.588281994459773,23.15434579870731,87.3674176410554,0.0
4222,16.574182348414876,16.588281994459773,23.15434579870731,82.3674176410554,0.0
4223,16.473683733456436,16.588281994459773,23.15434579870731,77.3674176410554,0.0
4224,16.473683733456436,16.588281994459773,23.15434579870731,75.09451237789752,0.0
4225,16.473683733456436,16.588281994459773,23.15434579870731,75.31716500947645,0.0
4226,23.965633733456418,16.588281994459773,23.15434579870731,70.31716500947645,0.0
4227,23.965633733456418,16.588281994459773,23.15434579870731,69.33313553579224,0.0
4228,23.965633733456418,16.707231994459768,23.15434579870731,64.33313553579224,0.0
4229,23.965633733456418,16.707231994459768,19.663634810710995,59.33313553579224,0.0
4230,23.965633733456418,16.707231994459768,16.876635734072035,54.33313553579224,0.0
4231,23.965633733456418,16.707231994459768,16.876635734072035,51.092663956844866,0.0
4232,23.965633733456418,16.707231994459768,16.876635734072035,53.71105974631854,0.0
4233,23.965633733456418,16.707231994459768,16.876635734072035,61.35547237789749,0.0
4234,23.965633733456418,16.707231994459768,16.876635734072035,72.89500922000275,0.0
4235,23.965633733456418,16.707231994459768,16.876635734072035,88.07168290421328,0.0
4236,23.965633733456418,35.70723199445977,16.876635734072035,90.96652079895013,0.0
4237,23.965633733456418,37.05263199445977,16.876635734072035,107.56652079895012,0.0
4238,23.965633733456418,37.05263199445977,16.876635734072035,123.07977553579221,0.0
4239,42.965633733456414,37.05263199445977,17.67113573407203,118.07977553579221,0.0
4240,42.965633733456414,37.05263199445977,17.67113573407203,120.24676922000275,0.0
4241,42.965633733456414,37.05263199445977,17.67113573407203,115.24676922000275,0.0
4242,34.616603262542284,37.05263199445977,17.67113573407203,110.24676922000275,0.0
4243,34.616603262542284,20.464321745152276,17.67113573407203,105.24676922000275,0.0
4244,32.732891766697335,0.0,17.67113573407203,100.24676922000275,0.0
4245,32.732891766697335,-0.0,-0.0,95.24676922000275,0.0
4246,26.052891766697332,-0.0,-0.0,90.24676922000275,0.0
4247,26.052891766697332,-0.0,0.0,86.76847027263433,0.0
4248,26.052891766697332,-0.0,5.642049999999997,81.76847027263433,0.0
4249,26.052891766697332,-0.0,5.642049999999997,83.57883658842383,0.0
4250,26.052891766697332,-0.0,5.642049999999997,85.96834816737119,0.0
4251,26.052891766697332,-0.0,5.642049999999997,86.83119448316067,0.0
4252,26.052891766697332,2.3719999999999977,5.642049999999997,81.83119448316067,0.0
4253,26.052891766697332,2.3719999999999977,2.7271469529085945,76.83119448316067,0.0
4254,23.720647999384315,2.3719999999999977,2.7271469529085945,71.83119448316067,0.0
4255,23.720647999384315,2.3719999999999977,2.7271469529085945,70.20780500947646,0.0
4256,23.720647999384315,14.286449999999993,2.7271469529085945,65.20780500947646,0.0
4257,23.720647999384315,14.286449999999993,2.7271469529085945,73.80568711473961,0.0
4258,23.720647999384315,14.286449999999993,2.7271469529085945,85.79537553579226,0.0
4259,23.720647999384315,14.286449999999993,2.7271469529085945,101.13715658842384,0.0
4260,42.72064799938431,20.138288750384845,7.466158202523745,96.13715658842384,0.0
4261,44.41114799938431,20.138288750384845,7.466158202523745,112.73715658842383,0.0
4262,44.41114799938431,20.138288750384845,7.466158202523745,128.9609376410554,0.0
4263,44.41114799938431,20.138288750384845,7.466158202523745,139.69805343052911,0.0
4264,44.41114799938431,20.138288750384845,7.466158202523745,142.2834429042133,0.0
4265,44.41114799938431,20.138288750384845,6.676795321637315,137.2834429042133,0.0
4266,35.53895963373334,20.138288750384845,6.676795321637315,132.2834429042133,0.0
4267,23.67835641735916,15.708088642659277,6.676795321637315,127.2834429042133,0.0
4268,4.494182825484762,15.708088642659277,6.676795321637315,122.2834429042133,0.0
4269,4.494182825484762,0.0,6.676795321637315,117.2834429042133,0.0
4270,0.0,-0.0,6.676795321637315,112.2834429042133,0.0
4271,-0.0,-0.0,6.676795321637315,110.1105039568449,0.0
4272,-0.0,-0.0,6.676795321637315,111.60005343052912,0.0
4273,-0.0,-0.0,6.676795321637315,115.85489553579228,0.0
4274,-0.0,-0.0,6.676795321637315,120.58626395684492,0.0
4275,-0.0,-0.0,6.676795321637315,123.60255448316072,0.0
4276,6.096050000000004,-0.0,6.676795321637315,118.60255448316072,0.0
4277,6.096050000000004,-0.0,6.676795321637315,115.46026816737125,0.0
4278,6.096050000000004,-0.0,11.623145321637312,110.46026816737125,0.0
4279,18.410200000000007,-0.0,11.623145321637312,105.46026816737125,0.0
4280,18.410200000000007,-0.0,11.623145321637312,115.30314395684493,0.0
4281,18.410200000000007,-0.0,11.623145321637312,129.08199448316074,0.0
4282,18.410200000000007,-0.0,12.260995321637326,145.68199448316074,0.0
4283,37.4102,-0.0,26.986845321637325,140.68199448316074,0.0
4284,37.4102,7.977049999999995,26.986845321637325,157.28199448316073,0.0
4285,37.4102,7.977049999999995,34.90989532163732,173.88199448316072,0.0
4286,37.4102,7.977049999999995,39.65564532163731,190.48199448316072,0.0
4287,56.4102,7.977049999999995,46.08144532163731,185.48199448316072,0.0
4288,56.4102,20.166703601108015,48.239541720529274,180.48199448316072,0.0
4289,59.82175000000001,20.166703601108015,48.239541720529274,175.48199448316072,0.0
4290,59.82175000000001,20.166703601108015,42.93826748230212,170.48199448316072,0.0
4291,48.696911588180996,20.166703601108015,42.93826748230212,165.48199448316072,0.0
4292,48.696911588180996,2.370470914127413,42.93826748230212,160.48199448316072,0.0
4293,35.570817405355506,2.370470914127413,42.93826748230212,155.48199448316072,0.0
4294,35.570817405355506,-0.0,42.93826748230212,150.48199448316072,0.0
4295,35.570817405355506,-0.0,42.93826748230212,149.80339658842388,0.0
4296,43.91676740535549,-0.0,42.93826748230212,144.80339658842388,0.0
4297,43.91676740535549,-0.0,42.93826748230212,148.813211325266,0.0
4298,43.91676740535549,-0.0,42.93826748230212,153.34040290421336,0.0
4299,54.35211740535549,-0.0,42.93826748230212,148.34040290421336,0.0
4300,54.35211740535549,-0.0,48.71566748230213,143.34040290421336,0.0
4301,54.35211740535549,-0.0,48.71566748230213,139.47607027263442,0.0
4302,54.35211740535549,-0.0,48.71566748230213,136.99193974631862,0.0
4303,54.35211740535549,-0.0,48.71566748230213,139.99610395684493,0.0
4304,54.35211740535549,-0.0,48.71566748230213,148.8717165884239,0.0
4305,54.35211740535549,-0.0,48.71566748230213,162.59035237789757,0.0
4306,54.35211740535549,0.0,49.97656748230213,179.19035237789757,0.0
4307,54.35211740535549,6.393999999999988,49.97656748230213,195.79035237789756,0.0
4308,64.03541740535549,6.393999999999988,49.97656748230213,212.39035237789756,0.0
4309,64.03541740535549,16.71504999999999,49.97656748230213,228.99035237789755,0.0
4310,71.88911740535546,16.71504999999999,49.97656748230213,245.59035237789755,0.0
4311,71.88911740535546,16.71504999999999,49.97656748230213,262.0043650094765,0.0
4312,88.43686740535546,16.71504999999999,49.97656748230213,257.0043650094765,0.0
4313,88.43686740535546,16.71504999999999,49.97656748230213,255.53353974631858,0.0
4314,83.63509455216987,16.71504999999999,49.97656748230213,250.53353974631858,0.0
4315,83.63509455216987,4.604948430286218,49.97656748230213,245.53353974631858,0.0
4316,83.63509455216987,4.604948430286218,30.47363119421349,240.53353974631858,0.0
4317,75.03920383194821,0.0,29.048154555247706,235.53353974631858,0.0
4318,75.03920383194821,-0.0,25.180232117574587,230.53353974631858,0.0
4319,75.03920383194821,-0.0,25.180232117574587,228.4550344831607,0.0
4320,75.03920383194821,-0.0,25.180232117574587,228.04920290421333,0.0
4321,75.03920383194821,-0.0,32.56653614958457,224.53437037468998,0.0
4322,75.03920383194821,-0.0,32.56653614958457,227.01805037468998,0.0
4323,75.03920383194821,-0.0,32.56653614958457,227.8936293220584,0.0
4324,75.03920383194821,-0.0,32.56653614958457,224.90095142732156,0.0
4325,73.3805334718374,-0.0,32.56653614958457,219.90095142732156,0.0
4326,73.3805334718374,-0.0,32.12459709141284,214.90095142732156,0.0
4327,73.3805334718374,5.5974500000000145,32.12459709141284,209.90095142732156,0.0
4328,73.3805334718374,5.5974500000000145,32.12459709141284,214.7363787957426,0.0
4329,73.52888347183739,24.597450000000016,32.12459709141284,209.7363787957426,0.0
4330,73.52888347183739,43.597450000000016,32.12459709141284,208.70494300626893,0.0
4331,74.12893347183739,43.597450000000016,32.12459709141284,225.30494300626893,0.0
4332,74.12893347183739,56.29700000000002,51.12459709141284,220.30494300626893,0.0
4333,93.12893347183739,56.29700000000002,51.12459709141284,225.03926721679525,0.0
4334,93.62323347183741,56.29700000000002,51.12459709141284,241.63926721679525,0.0
4335,93.62323347183741,56.29700000000002,51.12459709141284,252.91164616416367,0.0
4336,93.62323347183741,56.29700000000002,62.01649709141286,247.91164616416367,0.0
4337,93.62323347183741,56.29700000000002,62.01649709141286,243.0199493220584,0.0
4338,93.62323347183741,47.969465373961235,62.01649709141286,238.0199493220584,0.0
4339,77.76561574330555,47.969465373961235,62.01649709141286,233.0199493220584,0.0
4340,63.15681795937203,41.938484764542956,62.01649709141286,228.0199493220584,0.0
4341,47.11199801477371,41.938484764542956,62.01649709141286,223.0199493220584,0.0
4342,47.11199801477371,41.938484764542956,56.868076038781275,218.0199493220584,0.0
4343,47.11199801477371,41.938484764542956,56.868076038781275,215.47909037469,0.0
4344,47.11199801477371,41.938484764542956,62.55197603878127,210.47909037469,0.0
4345,47.11199801477371,41.938484764542956,62.55197603878127,212.4594145852163,0.0
4346,47.11199801477371,41.938484764542956,62.55197603878127,214.8676461641637,0.0
4347,47.11199801477371,41.938484764542956,62.55197603878127,215.61036616416368,0.0
4348,49.58514801477371,41.938484764542956,62.55197603878127,210.61036616416368,0.0
4349,48.85111292705441,41.938484764542956,62.55197603878127,205.61036616416368,0.0
4350,47.914658633425596,41.938484764542956,62.55197603878127,200.61036616416368,0.0
4351,47.914658633425596,41.938484764542956,62.55197603878127,200.05780616416368,0.0
4352,47.914658633425596,41.938484764542956,62.55197603878127,205.14523353258474,0.0
4353,47.914658633425596,41.938484764542956,62.55197603878127,214.7788166904795,0.0
4354,47.914658633425596,41.938484764542956,62.55197603878127,228.12650090100578,0.0
4355,48.5689086334256,41.938484764542956,62.55197603878127,244.72650090100578,0.0
4356,48.5689086334256,41.938484764542956,66.25012603878127,261.3265009010058,0.0
4357,53.067808633425614,41.938484764542956,66.25012603878127,277.9265009010058,0.0
4358,53.067808633425614,44.469434764542946,66.25012603878127,294.5265009010058,0.0
4359,53.067808633425614,44.469434764542946,66.25012603878127,307.5298356378479,0.0
4360,53.067808633425614,44.469434764542946,79.14192603878126,302.5298356378479,0.0
4361,53.067808633425614,44.469434764542946,79.14192603878126,298.7634609010058,0.0
4362,53.067808633425614,38.39567668513387,79.14192603878126,293.7634609010058,0.0
4363,37.362914819944564,38.39567668513387,79.14192603878126,288.7634609010058,0.0
4364,37.362914819944564,37.86352525392425,58.0892944598339,283.7634609010058,0.0
4365,37.362914819944564,37.86352525392425,42.803551154201394,278.7634609010058,0.0
4366,37.362914819944564,30.35299893813479,42.803551154201394,273.7634609010058,0.0
4367,37.362914819944564,30.35299893813479,42.803551154201394,269.5431451115321,0.0
4368,37.362914819944564,30.35299893813479,42.803551154201394,268.2534566904795,0.0
4369,37.362914819944564,30.35299893813479,42.803551154201394,269.58699353258476,0.0
4370,37.362914819944564,30.35299893813479,42.803551154201394,271.0585809010058,0.0
4371,37.362914819944564,30.35299893813479,42.803551154201394,270.35463142732164,0.0
4372,37.362914819944564,30.35299893813479,42.803551154201394,265.38877458521637,0.0
4373,37.362914819944564,30.35299893813479,37.48266472760859,260.38877458521637,0.0
4374,37.362914819944564,30.35299893813479,35.39367119113583,255.38877458521637,0.0
4375,37.362914819944564,33.44904893813479,35.39367119113583,250.38877458521637,0.0
4376,37.362914819944564,33.44904893813479,35.39367119113583,252.88389879574268,0.0
4377,37.362914819944564,33.44904893813479,35.39367119113583,259.3419787957427,0.0
4378,37.362914819944564,33.44904893813479,35.39367119113583,268.668235637848,0.0
4379,37.362914819944564,33.44904893813479,54.39367119113583,266.64839142732166,0.0
4380,37.362914819944564,33.44904893813479,54.39367119113583,280.7064882694269,0.0
4381,37.362914819944564,33.44904893813479,54.39367119113583,294.743743006269,0.0
4382,37.362914819944564,33.44904893813479,54.39367119113583,306.6648040589006,0.0
4383,37.362914819944564,33.44904893813479,54.39367119113583,312.85102721679533,0.0
4384,37.362914819944564,33.44904893813479,54.39367119113583,311.12054721679533,0.0
4385,37.362914819944564,33.44904893813479,47.72934986149593,306.12054721679533,0.0
4386,37.362914819944564,21.052631578947366,47.72934986149593,301.12054721679533,0.0
4387,16.3102832409972,21.052631578947366,46.758435734072094,296.12054721679533,0.0
4388,9.80175138504155,-0.0,46.758435734072094,291.12054721679533,0.0
4389,9.80175138504155,-0.0,26.075037765466348,286.12054721679533,0.0
4390,9.80175138504155,-0.0,14.689608402585476,281.12054721679533,0.0
4391,7.649729224376732,-0.0,14.689608402585476,276.12054721679533,0.0
4392,10.23242922437673,-0.0,14.689608402585476,271.12054721679533,0.0
4393,10.23242922437673,-0.0,14.689608402585476,271.2111745852164,0.0
4394,10.23242922437673,-0.0,14.689608402585476,272.15833669047953,0.0
4395,10.23242922437673,-0.0,14.689608402585476,271.74647984837424,0.0
4396,10.23242922437673,-0.0,14.689608402585476,267.8087451115321,0.0
4397,10.23242922437673,-0.0,12.4016120960296,262.8087451115321,0.0
4398,10.23242922437673,0.0,12.4016120960296,257.8087451115321,0.0
4399,10.23242922437673,-0.0,12.4016120960296,255.83626932205843,0.0
4400,10.23242922437673,-0.0,12.4016120960296,259.42621037469,0.0
4401,10.23242922437673,-0.0,12.4016120960296,267.7551156378479,0.0
4402,10.23242922437673,-0.0,12.4016120960296,279.9564461641637,0.0
4403,10.23242922437673,-0.0,12.4016120960296,296.0644966904795,0.0
4404,22.587479224376757,19.0,12.4016120960296,291.0644966904795,0.0
4405,22.587479224376757,19.0,16.281712096029587,307.6644966904795,0.0
4406,22.587479224376757,21.162299999999995,16.281712096029587,324.2644966904795,0.0
4407,22.587479224376757,21.162299999999995,16.281712096029587,337.40807984837426,0.0
4408,22.587479224376757,21.162299999999995,16.281712096029587,342.5268840589006,0.0
4409,22.587479224376757,23.572599999999976,16.281712096029587,337.5268840589006,0.0
4410,16.04243767313021,23.572599999999976,16.281712096029587,332.5268840589006,0.0
4411,16.04243767313021,7.9260072022160255,16.281712096029587,327.5268840589006,0.0
4412,16.04243767313021,0.0,3.0615697137580926,322.5268840589006,0.0
4413,0.0,-0.0,3.0615697137580926,317.5268840589006,0.0
4414,0.0,-0.0,0.0,312.5268840589006,0.0
4415,-0.0,-0.0,-0.0,310.3227198483743,0.0
4416,-0.0,-0.0,-0.0,311.57580616416374,0.0
4417,-0.0,0.0,-0.0,315.6015745852164,0.0
4418,-0.0,12.847549999999988,-0.0,310.6015745852164,0.0
4419,-0.0,12.847549999999988,-0.0,313.8064293220585,0.0
4420,-0.0,12.847549999999988,0.0,313.32602090100585,0.0
4421,-0.0,12.847549999999988,1.7479499999999946,308.32602090100585,0.0
4422,-0.0,12.847549999999988,1.7479499999999946,306.02397458521637,0.0
4423,-0.0,23.724399999999974,1.7479499999999946,301.02397458521637,0.0
4424,-0.0,23.724399999999974,1.7479499999999946,310.4871072167953,0.0
4425,-0.0,23.724399999999974,1.7479499999999946,324.9665177431111,0.0
4426,-0.0,26.60684999999994,1.7479499999999946,341.56651774311115,0.0
4427,8.54130000000001,26.60684999999994,1.7479499999999946,358.16651774311117,0.0
4428,8.54130000000001,26.60684999999994,13.91915000000001,374.7665177431112,0.0
4429,8.54130000000001,39.30714999999995,13.91915000000001,391.3665177431112,0.0
4430,8.54130000000001,49.33279999999995,13.91915000000001,407.96651774311124,0.0
4431,10.521400000000018,49.33279999999995,13.91915000000001,424.56651774311126,0.0
4432,10.521400000000018,49.33279999999995,13.91915000000001,433.8347198483744,0.0
4433,10.521400000000018,49.33279999999995,13.91915000000001,434.2479830062691,0.0
4434,10.521400000000018,49.33279999999995,13.681347599261313,429.2479830062691,0.0
4435,10.521400000000018,38.28670581717446,13.681347599261313,424.2479830062691,0.0
4436,10.521400000000018,26.40969118190206,9.126838688827348,419.2479830062691,0.0
4437,10.521400000000018,14.719497276084894,9.126838688827348,414.2479830062691,0.0
4438,10.521400000000018,14.719497276084894,8.301797137580797,409.2479830062691,0.0
4439,10.521400000000018,14.719497276084894,8.301797137580797,409.57787774311123,0.0
4440,10.521400000000018,14.719497276084894,8.301797137580797,413.6600714273218,0.0
4441,10.521400000000018,14.719497276084894,8.301797137580797,420.4052040589007,0.0
4442,10.521400000000018,14.719497276084894,8.301797137580797,427.5633893220586,0.0
4443,10.521400000000018,14.719497276084894,8.301797137580797,432.92786511153224,0.0
4444,10.521400000000018,14.719497276084894,8.301797137580797,433.99322090100594,0.0
4445,10.521400000000018,14.719497276084894,8.301797137580797,431.24034090100594,0.0
4446,10.521400000000018,14.719497276084894,8.301797137580797,429.331528269427,0.0
4447,22.268050000000002,14.719497276084894,8.301797137580797,424.331528269427,0.0
4448,22.268050000000002,14.719497276084894,8.301797137580797,434.86340616416385,0.0
4449,22.268050000000002,33.719497276084894,16.88634713758082,429.86340616416385,0.0
4450,26.981700000000007,33.719497276084894,16.88634713758082,446.46340616416387,0.0
4451,26.981700000000007,43.63504727608489,16.88634713758082,463.0634061641639,0.0
4452,26.981700000000007,43.63504727608489,35.88634713758082,475.076968269427,0.0
4453,26.981700000000007,43.63504727608489,49.250297137580816,491.67696826942705,0.0
4454,37.789200000000015,43.63504727608489,49.250297137580816,508.2769682694271,0.0
4455,37.789200000000015,43.63504727608489,52.353597137580806,524.876968269427,0.0
4456,37.789200000000015,43.63504727608489,52.353597137580806,535.450795637848,0.0
4457,37.789200000000015,43.63504727608489,52.353597137580806,537.873995637848,0.0
4458,37.789200000000015,43.63504727608489,52.353597137580806,534.1819324799533,0.0
4459,37.789200000000015,36.32845447830097,52.353597137580806,529.1819324799533,0.0
4460,26.330788180978743,36.32845447830097,52.353597137580806,524.1819324799533,0.0
4461,26.330788180978743,29.705832132963934,52.353597137580806,519.1819324799533,0.0
4462,26.330788180978743,29.705832132963934,52.353597137580806,515.7446735325849,0.0
4463,26.330788180978743,29.705832132963934,52.353597137580806,517.9961345852165,0.0
4464,26.330788180978743,41.26683213296394,52.353597137580806,512.9961345852165,0.0
4465,41.21388818097874,41.26683213296394,52.353597137580806,507.9961345852165,0.0
4466,41.21388818097874,41.26683213296394,52.353597137580806,514.5284124799533,0.0
4467,41.21388818097874,41.26683213296394,52.353597137580806,519.0248714273217,0.0
4468,41.21388818097874,41.26683213296394,52.353597137580806,519.1537345852164,0.0
4469,41.21388818097874,41.26683213296394,52.353597137580806,515.5163535325848,0.0
4470,41.21388818097874,41.26683213296394,52.353597137580806,512.291343006269,0.0
4471,41.21388818097874,41.26683213296394,52.353597137580806,514.0056840589006,0.0
4472,41.21388818097874,41.26683213296394,68.63569713758079,509.00568405890056,0.0
4473,41.21388818097874,41.26683213296394,68.63569713758079,520.7759619536374,0.0
4474,41.21388818097874,41.26683213296394,68.63569713758079,536.0615072167953,0.0
4475,41.21388818097874,44.436982132963955,68.63569713758079,552.6615072167954,0.0
4476,41.21388818097874,50.50008213296397,68.63569713758079,569.2615072167954,0.0
4477,60.21388818097874,66.41548213296397,68.63569713758079,564.2615072167954,0.0
4478,63.82993818097875,66.41548213296397,68.63569713758079,580.8615072167954,0.0
4479,82.82993818097876,66.41548213296397,68.63569713758079,579.7520461641639,0.0
4480,82.82993818097876,66.41548213296397,68.63569713758079,584.7445093220585,0.0
4481,82.82993818097876,66.41548213296397,68.63569713758079,581.9939030062691,0.0
4482,82.82993818097876,66.41548213296397,63.50982456140351,576.9939030062691,0.0
4483,68.14079690674053,66.41548213296397,63.50982456140351,571.9939030062691,0.0
4484,68.14079690674053,66.41548213296397,44.470914127423825,566.9939030062691,0.0
4485,51.808497737765464,66.41548213296397,44.470914127423825,561.9939030062691,0.0
4486,47.92847927054477,66.41548213296397,44.470914127423825,556.9939030062691,0.0
4487,47.92847927054477,66.41548213296397,44.470914127423825,553.9538187957428,0.0
4488,47.92847927054477,66.41548213296397,44.470914127423825,552.8425009010059,0.0
4489,47.92847927054477,66.41548213296397,44.470914127423825,554.4070440589006,0.0
4490,57.232479270544765,66.41548213296397,44.470914127423825,549.4070440589006,0.0
4491,57.232479270544765,66.41548213296397,44.470914127423825,549.7551282694269,0.0
4492,57.232479270544765,66.41548213296397,44.470914127423825,546.1396882694269,0.0
4493,57.232479270544765,65.45806754385966,44.470914127423825,541.1396882694269,0.0
4494,57.232479270544765,63.962333471837496,44.470914127423825,536.1396882694269,0.0
4495,61.95022927054475,63.962333471837496,44.470914127423825,531.1396882694269,0.0
4496,61.95022927054475,63.962333471837496,44.470914127423825,535.0379409010059,0.0
4497,79.85982927054475,63.962333471837496,44.470914127423825,530.0379409010059,0.0
4498,79.85982927054475,63.962333471837496,44.470914127423825,542.4824040589006,0.0
4499,79.85982927054475,63.962333471837496,44.470914127423825,558.6595366904795,0.0
4500,79.85982927054475,66.12658347183752,44.470914127423825,575.2595366904795,0.0
4501,79.85982927054475,68.51273347183754,44.470914127423825,591.8595366904796,0.0
4502,79.85982927054475,68.51273347183754,44.470914127423825,608.0850987957427,0.0
4503,79.85982927054475,68.51273347183754,44.470914127423825,618.1849387957427,0.0
4504,79.85982927054475,68.51273347183754,44.470914127423825,619.8202314273217,0.0
4505,79.85982927054475,68.51273347183754,41.9929085872576,614.8202314273217,0.0
4506,68.58836112650043,68.51273347183754,41.9929085872576,609.8202314273217,0.0
4507,68.58836112650043,48.86098831948297,41.9929085872576,604.8202314273217,0.0
4508,47.53572954755306,48.86098831948297,38.54509695290858,599.8202314273217,0.0
4509,47.53572954755306,48.86098831948297,18.550304709141262,594.8202314273217,0.0
4510,47.53572954755306,48.86098831948297,9.24565096952909,589.8202314273217,0.0
4511,47.53572954755306,48.86098831948297,9.24565096952909,584.8202314273217,0.0
4512,47.53572954755306,48.86098831948297,9.24565096952909,580.6165893220585,0.0
4513,47.53572954755306,48.86098831948297,9.24565096952909,579.2003324799533,0.0
4514,47.53572954755306,48.86098831948297,9.24565096952909,578.3005809010059,0.0
4515,47.53572954755306,48.86098831948297,9.24565096952909,575.7876124799533,0.0
4516,47.53572954755306,48.86098831948297,6.904653739612194,570.7876124799533,0.0
4517,47.53572954755306,42.950886749769225,6.904653739612194,565.7876124799533,0.0
4518,47.53572954755306,42.950886749769225,-0.0,560.7876124799533,0.0
4519,47.53572954755306,42.408116666666736,-0.0,555.7876124799533,0.0
4520,47.53572954755306,42.408116666666736,-0.0,555.8223072167954,0.0
4521,47.53572954755306,48.65738453370272,-0.0,556.010803149147,0.0
4522,47.53572954755306,48.65738453370272,0.0,565.0559189386207,0.0
4523,47.53572954755306,53.364484533702715,19.0,560.0559189386207,0.0
4524,47.53572954755306,53.364484533702715,19.0,575.4345715701996,0.0
4525,66.53572954755306,53.364484533702715,27.66470000000001,570.4345715701996,0.0
4526,66.53572954755306,53.364484533702715,27.66470000000001,584.5976368333575,0.0
4527,66.53572954755306,53.364484533702715,27.66470000000001,593.1565252544101,0.0
4528,66.53572954755306,53.364484533702715,27.66470000000001,593.9758305175679,0.0
4529,66.53572954755306,50.701492843952025,27.66470000000001,588.9758305175679,0.0
4530,66.53572954755306,50.701492843952025,17.153508864265937,583.9758305175679,0.0
4531,66.53572954755306,50.701492843952025,5.0223731301939,578.9758305175679,0.0
4532,66.53572954755306,31.042194598337982,5.0223731301939,573.9758305175679,0.0
4533,66.53572954755306,15.154604570637154,5.0223731301939,568.9758305175679,0.0
4534,66.53572954755306,10.374216759002797,5.0223731301939,563.9758305175679,0.0
4535,66.53572954755306,10.374216759002797,5.0223731301939,561.4505463070416,0.0
4536,66.53572954755306,10.374216759002797,5.0223731301939,561.5005884123048,0.0
4537,66.53572954755306,10.374216759002797,5.0223731301939,564.2699947280942,0.0
4538,66.53572954755306,10.374216759002797,5.0223731301939,567.4437378859889,0.0
4539,66.53572954755306,10.374216759002797,5.0223731301939,568.9166894649362,0.0
4540,66.53572954755306,10.374216759002797,5.0223731301939,566.4808368333572,0.0
4541,66.53572954755306,10.374216759002797,3.4132318559556776,561.4808368333572,0.0
4542,66.53572954755306,10.374216759002797,2.0393814404432176,556.4808368333572,0.0
4543,66.53572954755306,10.374216759002797,2.0393814404432176,555.1618557807257,0.0
4544,66.53572954755306,22.57146675900279,2.0393814404432176,550.1618557807257,0.0
4545,66.53572954755306,22.57146675900279,2.0393814404432176,559.1582010438835,0.0
4546,85.53572954755306,22.57146675900279,2.0393814404432176,557.8818894649362,0.0
4547,85.53572954755306,23.36401675900279,2.0393814404432176,574.4818894649362,0.0
4548,89.52592954755308,23.36401675900279,2.0393814404432176,591.0818894649362,0.0
4549,89.52592954755308,23.36401675900279,6.5444814404432154,607.6818894649363,0.0
4550,91.7825795475531,23.36401675900279,6.5444814404432154,624.2818894649363,0.0
4551,91.7825795475531,23.36401675900279,6.5444814404432154,637.3488873596731,0.0
4552,91.7825795475531,23.36401675900279,6.5444814404432154,642.7193505175678,0.0
4553,91.7825795475531,26.74216675900278,6.5444814404432154,637.7193505175678,0.0
4554,91.7825795475531,21.199618282548485,6.5444814404432154,632.7193505175678,0.0
4555,91.7825795475531,6.925546260387824,6.5444814404432154,627.7193505175678,0.0
4556,72.1451280240074,6.925546260387824,6.5444814404432154,622.7193505175678,0.0
4557,72.1451280240074,0.3840812557710275,0.0,617.7193505175678,0.0
4558,72.1451280240074,-0.0,-0.0,612.7193505175678,0.0
4559,72.1451280240074,-0.0,-0.0,611.1123315701994,0.0
4560,72.1451280240074,-0.0,-0.0,612.5657673596731,0.0
4561,72.1451280240074,-0.0,-0.0,616.7671399912521,0.0
4562,72.1451280240074,-0.0,12.497699999999984,611.7671399912521,0.0
4563,81.98157802400738,-0.0,12.497699999999984,606.7671399912521,0.0
4564,81.98157802400738,-0.0,12.497699999999984,605.0236620965152,0.0
4565,81.98157802400738,-0.0,12.058254016620497,600.0236620965152,0.0
4566,82.59517802400737,0.0,12.058254016620497,595.0236620965152,0.0
4567,89.48267802400734,-0.0,12.058254016620497,590.0236620965152,0.0
4568,89.48267802400734,-0.0,12.058254016620497,595.8156663070415,0.0
4569,89.48267802400734,-0.0,12.058254016620497,606.1237378859889,0.0
4570,89.48267802400734,5.952850000000007,31.058254016620495,601.1237378859889,0.0
4571,89.48267802400734,16.663700000000013,50.058254016620495,596.1237378859889,0.0
4572,89.48267802400734,16.663700000000013,53.70790401662049,612.723737885989,0.0
4573,89.48267802400734,33.52459672206825,64.90334570637135,610.6082940370313,0.0
4574,89.48267802400734,33.52459672206825,65.08709570637136,627.2082940370314,0.0
4575,89.48267802400734,33.52459672206825,84.08709570637136,623.5555656159787,0.0
4576,89.48267802400734,43.43094672206826,84.08709570637136,618.5555656159787,0.0
4577,89.48267802400734,43.05199935364721,84.08709570637136,613.5555656159787,0.0
4578,80.96976943674971,43.05199935364721,84.08709570637136,608.5555656159787,0.0
4579,64.71802428439514,43.05199935364721,84.08709570637136,603.5555656159787,0.0
4580,43.66539270544777,43.00496334256687,84.08709570637136,598.5555656159787,0.0
4581,27.904229270544732,43.00496334256687,84.08709570637136,593.5555656159787,0.0
4582,23.27026805170815,43.00496334256687,84.08709570637136,588.5555656159787,0.0
4583,23.27026805170815,43.00496334256687,84.08709570637136,586.4866477212419,0.0
4584,23.27026805170815,43.00496334256687,84.08709570637136,587.4266477212419,0.0
4585,23.27026805170815,43.00496334256687,84.08709570637136,591.2389171949261,0.0
4586,23.27026805170815,55.527563342566864,84.08709570637136,586.2389171949261,0.0
4587,23.27026805170815,55.527563342566864,84.08709570637136,589.052129826505,0.0
4588,23.27026805170815,55.527563342566864,84.08709570637136,587.5883908791367,0.0
4589,23.27026805170815,55.527563342566864,84.08709570637136,582.5883908791367,0.0
4590,23.27026805170815,55.527563342566864,83.80089072022176,577.5883908791367,0.0
4591,23.27026805170815,55.527563342566864,83.80089072022176,576.4923445633472,0.0
4592,23.27026805170815,55.527563342566864,83.80089072022176,580.2132119317682,0.0
4593,23.27026805170815,55.527563342566864,83.80089072022176,588.3081550896629,0.0
4594,23.27026805170815,55.527563342566864,83.80089072022176,600.2042435107156,0.0
4595,23.27026805170815,55.527563342566864,83.80089072022176,615.8425508791366,0.0
4596,23.27026805170815,55.527563342566864,85.08729072022174,632.4425508791367,0.0
4597,24.44541805170813,55.527563342566864,85.08729072022174,649.0425508791367,0.0
4598,43.44541805170813,55.527563342566864,85.08729072022174,649.9312414054525,0.0
4599,43.44541805170813,55.527563342566864,85.08729072022174,659.4005508791367,0.0
4600,43.44541805170813,55.527563342566864,85.08729072022174,660.7077129843999,0.0
4601,43.44541805170813,55.527563342566864,85.08729072022174,655.7077129843999,0.0
4602,34.37533494921505,55.527563342566864,85.08729072022174,650.7077129843999,0.0
4603,34.37533494921505,55.527563342566864,72.08404048938148,645.7077129843999,0.0
4604,34.37533494921505,34.492771098799544,72.08404048938148,640.7077129843999,0.0
4605,18.059933287165187,34.492771098799544,72.08404048938148,635.7077129843999,0.0
4606,18.059933287165187,28.846233702677665,72.08404048938148,630.7077129843999,0.0
4607,18.059933287165187,28.846233702677665,72.08404048938148,627.5862308791368,0.0
4608,18.059933287165187,28.846233702677665,72.08404048938148,628.3693466686104,0.0
4609,18.059933287165187,28.846233702677665,72.08404048938148,631.8044498265051,0.0
4610,18.059933287165187,28.846233702677665,72.08404048938148,635.6342266686104,0.0
4611,18.059933287165187,28.846233702677665,72.08404048938148,637.5877593001893,0.0
4612,18.059933287165187,28.846233702677665,72.08404048938148,635.2987108791367,0.0
4613,18.059933287165187,28.846233702677665,72.08404048938148,630.2987108791367,0.0
4614,18.059933287165187,28.846233702677665,72.08404048938148,625.3673382475578,0.0
4615,18.059933287165187,28.846233702677665,72.08404048938148,626.0695108791367,0.0
4616,18.059933287165187,28.846233702677665,72.08404048938148,632.6152793001893,0.0
4617,18.059933287165187,47.846233702677665,74.45629048938147,627.6152793001893,0.0
4618,18.059933287165187,47.846233702677665,74.45629048938147,642.6739108791367,0.0
4619,20.88063328716517,47.846233702677665,74.45629048938147,659.2739108791367,0.0
4620,36.02668328716518,66.84623370267767,74.45629048938147,654.2739108791367,0.0
4621,36.02668328716518,72.92688370267764,74.45629048938147,670.8739108791367,0.0
4622,36.02668328716518,76.44333370267766,74.45629048938147,687.4739108791367,0.0
4623,36.02668328716518,76.44333370267766,74.45629048938147,700.891662458084,0.0
4624,36.02668328716518,76.44333370267766,74.45629048938147,705.820235089663,0.0
4625,36.02668328716518,78.33648370267768,74.45629048938147,700.820235089663,0.0
4626,36.02668328716518,71.55592968605717,74.45629048938147,695.820235089663,0.0
4627,36.02668328716518,57.3414144506001,74.45629048938147,690.820235089663,0.0
4628,18.91796675900266,57.3414144506001,74.45629048938147,685.820235089663,0.0
4629,18.91796675900266,57.3414144506001,61.79111966759015,680.820235089663,0.0
4630,15.259351800553898,57.3414144506001,61.79111966759015,675.820235089663,0.0
4631,15.259351800553898,57.3414144506001,66.42981966759017,670.820235089663,0.0
4632,15.259351800553898,57.3414144506001,73.86316966759016,665.820235089663,0.0
4633,26.433851800553892,57.3414144506001,73.86316966759016,660.820235089663,0.0
4634,26.433851800553892,57.3414144506001,73.86316966759016,664.6668371949262,0.0
4635,26.433851800553892,57.3414144506001,73.86316966759016,666.7249214054525,0.0
4636,26.433851800553892,57.3414144506001,73.86316966759016,664.5235993001893,0.0
4637,26.433851800553892,57.3414144506001,73.86316966759016,659.5235993001893,0.0
4638,26.433851800553892,57.3414144506001,73.86316966759016,654.5235993001893,0.0
4639,26.433851800553892,62.65771445060011,73.86316966759016,649.5235993001893,0.0
4640,26.433851800553892,62.65771445060011,73.86316966759016,654.1106645633472,0.0
4641,26.433851800553892,62.65771445060011,73.86316966759016,663.9026477212419,0.0
4642,26.433851800553892,81.65771445060011,73.86316966759016,663.5606308791366,0.0
4643,28.39555180055387,81.65771445060011,73.86316966759016,680.1606308791366,0.0
4644,28.39555180055387,86.65976445060014,73.86316966759016,696.7606308791367,0.0
4645,28.39555180055387,86.65976445060014,79.41351966759017,713.3606308791367,0.0
4646,28.39555180055387,90.04031445060014,79.41351966759017,729.9606308791367,0.0
4647,28.39555180055387,90.04031445060014,79.41351966759017,743.4634182475578,0.0
4648,28.39555180055387,90.04031445060014,79.41351966759017,749.0525719317683,0.0
4649,28.39555180055387,90.04031445060014,79.41351966759017,747.0481129843998,0.0
4650,28.39555180055387,90.04031445060014,75.24648365650984,742.0481129843998,0.0
4651,28.39555180055387,77.25820918744223,75.24648365650984,737.0481129843998,0.0
4652,10.876438227146668,77.25820918744223,75.24648365650984,732.0481129843998,0.0
4653,10.876438227146668,66.14805221606643,75.24648365650984,727.0481129843998,0.0
4654,10.876438227146668,66.14805221606643,72.95529252077576,722.0481129843998,0.0
4655,10.876438227146668,66.14805221606643,72.95529252077576,721.3595487738735,0.0
4656,10.876438227146668,66.14805221606643,72.95529252077576,722.6695150896629,0.0
4657,22.823888227146675,66.14805221606643,72.95529252077576,717.6695150896629,0.0
4658,22.823888227146675,66.14805221606643,72.95529252077576,722.1938645633471,0.0
4659,22.823888227146675,66.14805221606643,72.95529252077576,725.0087824580839,0.0
4660,22.823888227146675,66.14805221606643,72.95529252077576,723.5416708791365,0.0
4661,22.823888227146675,66.13276135734066,72.95529252077576,718.5416708791365,0.0
4662,22.823888227146675,66.13276135734066,72.95529252077576,714.9127403528207,0.0
4663,22.823888227146675,66.13276135734066,72.95529252077576,716.2478687738734,0.0
4664,22.823888227146675,66.13276135734066,72.95529252077576,723.2028245633471,0.0
4665,22.823888227146675,66.13276135734066,72.95529252077576,735.0358940370313,0.0
4666,22.823888227146675,66.13276135734066,72.95529252077576,750.7475656159787,0.0
4667,26.662338227146673,66.13276135734066,72.95529252077576,767.3475656159787,0.0
4668,26.662338227146673,72.73986135734064,72.95529252077576,783.9475656159788,0.0
4669,45.66233822714668,72.73986135734064,89.33999252077575,778.9475656159788,0.0
4670,49.997688227146675,72.73986135734064,89.33999252077575,795.5475656159788,0.0
4671,49.997688227146675,72.73986135734064,89.33999252077575,809.6973677212419,0.0
4672,49.997688227146675,72.73986135734064,89.33999252077575,815.6628919317683,0.0
4673,49.997688227146675,72.73986135734064,89.33999252077575,813.7338056159788,0.0
4674,49.997688227146675,72.73986135734064,84.73040803324113,808.7338056159788,0.0
4675,49.997688227146675,59.15731288088634,84.73040803324113,803.7338056159788,0.0
4676,49.997688227146675,59.15731288088634,67.34712086795949,798.7338056159788,0.0
4677,49.997688227146675,44.89509681440434,67.34712086795949,793.7338056159788,0.0
4678,46.52788213296385,44.89509681440434,67.34712086795949,788.7338056159788,0.0
4679,50.86223213296385,44.89509681440434,67.34712086795949,783.7338056159788,0.0
4680,50.86223213296385,51.00284681440435,67.34712086795949,778.7338056159788,0.0
4681,50.86223213296385,51.00284681440435,67.34712086795949,780.9601424580841,0.0
4682,50.86223213296385,51.00284681440435,67.34712086795949,783.5726645633472,0.0
4683,50.86223213296385,58.52404681440434,67.34712086795949,778.5726645633472,0.0
4684,50.86223213296385,58.52404681440434,67.34712086795949,774.898715089663,0.0
4685,50.86223213296385,55.01008559556779,67.34712086795949,769.898715089663,0.0
4686,49.517966204986,55.01008559556779,67.34712086795949,764.898715089663,0.0
4687,49.517966204986,55.01008559556779,67.34712086795949,764.157060352821,0.0
4688,49.517966204986,55.01008559556779,67.34712086795949,769.0234477212421,0.0
4689,49.517966204986,74.01008559556779,67.65907086795951,764.0234477212421,0.0
4690,49.517966204986,74.01008559556779,67.65907086795951,777.4752287738737,0.0
4691,50.198316204986014,74.01008559556779,67.65907086795951,794.0752287738737,0.0
4692,50.198316204986014,74.01008559556779,86.65907086795951,798.9693171949264,0.0
4693,50.198316204986014,74.01008559556779,90.43442086795949,815.5693171949264,0.0
4694,50.198316204986014,74.01008559556779,91.33392086795949,832.1693171949264,0.0
4695,50.198316204986014,74.01008559556779,91.33392086795949,843.4755361422948,0.0
4696,50.198316204986014,74.01008559556779,91.33392086795949,846.6647024580843,0.0
4697,50.198316204986014,74.01008559556779,91.33392086795949,841.725750879137,0.0
4698,41.33194501385029,74.01008559556779,91.33392086795949,836.725750879137,0.0
4699,23.150670775623173,74.01008559556779,91.33392086795949,831.725750879137,0.0
4700,23.150670775623173,71.72881135734065,70.28128928901212,826.725750879137,0.0
4701,23.150670775623173,71.72881135734065,51.75375466297335,821.725750879137,0.0
4702,23.150670775623173,64.16122132963982,51.75375466297335,816.725750879137,0.0
4703,23.150670775623173,64.16122132963982,51.75375466297335,812.3598056159791,0.0
4704,23.150670775623173,64.16122132963982,51.75375466297335,810.5899150896634,0.0
4705,23.150670775623173,64.16122132963982,51.75375466297335,811.3853466686107,0.0
4706,23.150670775623173,72.1134213296398,51.75375466297335,806.3853466686107,0.0
4707,23.150670775623173,77.31127132963981,51.75375466297335,801.3853466686107,0.0
4708,23.150670775623173,77.31127132963981,51.75375466297335,796.3853466686107,0.0
4709,23.150670775623173,72.22116975992604,51.75375466297335,791.3853466686107,0.0
4710,23.150670775623173,72.22116975992604,46.31669095106201,786.3853466686107,0.0
4711,23.150670775623173,72.22116975992604,46.31669095106201,782.3805382475581,0.0
4712,23.150670775623173,72.22116975992604,46.31669095106201,783.9306814054528,0.0
4713,23.150670775623173,72.22116975992604,46.31669095106201,790.2275950896633,0.0
4714,23.150670775623173,72.22116975992604,46.31669095106201,800.5646940370317,0.0
4715,23.150670775623173,72.22116975992604,46.31669095106201,815.0447108791369,0.0
4716,23.150670775623173,72.75901975992602,46.31669095106201,831.6447108791369,0.0
4717,23.150670775623173,74.04131975992604,46.31669095106201,848.244710879137,0.0
4718,42.15067077562317,74.04131975992604,46.31669095106201,849.6442224580843,0.0
4719,42.15067077562317,74.04131975992604,46.31669095106201,859.8127277212421,0.0
4720,42.15067077562317,74.04131975992604,46.31669095106201,861.8690308791369,0.0
4721,42.15067077562317,72.56237239150501,46.31669095106201,856.8690308791369,0.0
4722,32.485352216066374,72.56237239150501,46.31669095106201,851.8690308791369,0.0
4723,14.65233282548466,72.56237239150501,46.31669095106201,846.8690308791369,0.0
4724,14.65233282548466,72.56237239150501,26.20952566943688,841.8690308791369,0.0
4725,14.65233282548466,55.798494275161524,26.20952566943688,836.8690308791369,0.0
4726,8.412831440443119,55.798494275161524,26.20952566943688,831.8690308791369,0.0
4727,10.518431440443115,55.798494275161524,26.20952566943688,826.8690308791369,0.0
4728,10.518431440443115,55.798494275161524,26.20952566943688,826.4466771949263,0.0
4729,10.518431440443115,55.798494275161524,35.94732566943688,821.4466771949263,0.0
4730,10.518431440443115,55.798494275161524,35.94732566943688,824.4135908791369,0.0
4731,10.518431440443115,55.798494275161524,35.94732566943688,825.6215445633475,0.0
4732,10.518431440443115,55.798494275161524,35.94732566943688,822.5233677212423,0.0
4733,9.938468374884478,55.798494275161524,35.94732566943688,817.5233677212423,0.0
4734,9.938468374884478,55.34979621421971,35.94732566943688,812.5233677212423,0.0
4735,9.938468374884478,55.34979621421971,35.94732566943688,812.6796287738738,0.0
4736,9.938468374884478,55.34979621421971,35.94732566943688,818.8506940370316,0.0
4737,9.938468374884478,55.34979621421971,35.94732566943688,830.0528161422948,0.0
4738,9.938468374884478,55.34979621421971,35.94732566943688,845.3943698265052,0.0
4739,9.938468374884478,58.79609621421973,35.94732566943688,861.9943698265052,0.0
4740,9.938468374884478,65.29394621421973,35.94732566943688,878.5943698265053,0.0
4741,9.938468374884478,72.42884621421975,35.94732566943688,895.1943698265053,0.0
4742,9.938468374884478,72.42884621421975,40.73652566943688,911.7943698265053,0.0
4743,16.634868374884483,91.42884621421975,40.73652566943688,906.7943698265053,0.0
4744,31.823518374884486,91.42884621421975,40.73652566943688,901.7943698265053,0.0
4745,31.823518374884486,91.42884621421975,45.75777566943688,896.7943698265053,0.0
4746,31.823518374884486,90.8689939519852,45.75777566943688,891.7943698265053,0.0
4747,31.823518374884486,90.8689939519852,34.86630752539257,886.7943698265053,0.0
4748,31.823518374884486,75.02273356417358,34.86630752539257,881.7943698265053,0.0
4749,20.362244136657324,75.02273356417358,34.86630752539257,876.7943698265053,0.0
4750,20.362244136657324,75.02273356417358,34.26331583564188,871.7943698265053,0.0
4751,20.362244136657324,75.02273356417358,34.26331583564188,872.4491361422948,0.0
4752,20.362244136657324,75.02273356417358,34.26331583564188,876.4923361422948,0.0
4753,20.362244136657324,75.02273356417358,34.26331583564188,883.1843403528211,0.0
4754,20.362244136657324,75.02273356417358,34.26331583564188,890.4048245633475,0.0
4755,20.362244136657324,75.02273356417358,34.26331583564188,895.8256119317685,0.0
4756,20.362244136657324,75.02273356417358,42.44406583564188,890.8256119317685,0.0
4757,20.362244136657324,78.45023356417359,42.44406583564188,885.8256119317685,0.0
4758,20.362244136657324,78.45023356417359,47.19476583564188,880.8256119317685,0.0
4759,20.362244136657324,89.58723356417359,47.19476583564188,875.8256119317685,0.0
4760,20.362244136657324,89.58723356417359,47.19476583564188,884.4534687738739,0.0
4761,20.362244136657324,89.58723356417359,47.19476583564188,897.5174350896633,0.0
4762,20.362244136657324,90.06948356417358,47.19476583564188,914.1174350896633,0.0
4763,20.362244136657324,90.06948356417358,52.76076583564189,930.7174350896634,0.0
4764,28.88249413665733,90.06948356417358,52.76076583564189,947.3174350896634,0.0
4765,47.88249413665733,90.06948356417358,52.76076583564189,956.4656245633475,0.0
4766,54.549944136657324,90.06948356417358,52.76076583564189,973.0656245633476,0.0
4767,54.549944136657324,90.06948356417358,52.76076583564189,988.8532371949266,0.0
4768,54.549944136657324,90.06948356417358,52.76076583564189,996.4643403528213,0.0
4769,54.549944136657324,90.06948356417358,52.76076583564189,995.5066856159792,0.0
4770,54.549944136657324,90.06948356417358,48.16918688827348,990.5066856159792,0.0
4771,54.549944136657324,90.06948356417358,35.04972243767328,985.5066856159792,0.0
4772,38.40758033240985,90.06948356417358,35.04972243767328,980.5066856159792,0.0
4773,38.40758033240985,75.41524533702676,35.04972243767328,975.5066856159792,0.0
4774,38.40758033240985,72.91289999999998,35.04972243767328,970.5066856159792,0.0
4775,42.02743033240985,72.91289999999998,35.04972243767328,965.5066856159792,0.0
4776,42.02743033240985,72.91289999999998,35.04972243767328,966.6707193001897,0.0
4777,42.02743033240985,72.91289999999998,35.04972243767328,970.4417593001897,0.0
4778,42.02743033240985,72.91289999999998,35.04972243767328,974.501670879137,0.0
4779,42.02743033240985,72.91289999999998,44.55372243767327,969.501670879137,0.0
4780,42.02743033240985,72.91289999999998,44.55372243767327,967.2938687738739,0.0
4781,40.58842756232675,72.91289999999998,44.55372243767327,962.2938687738739,0.0
4782,40.58842756232675,72.95489999999998,44.55372243767327,957.2938687738739,0.0
4783,40.58842756232675,72.95489999999998,44.55372243767327,957.3830182475581,0.0
4784,55.33617756232676,72.95489999999998,44.55372243767327,952.3830182475581,0.0
4785,62.0,72.95489999999998,59.52630000000001,947.3830182475581,0.0
4786,81.0,81.0,59.52630000000001,942.3830182475581,0.0
4787,81.0,81.0,63.26185000000001,958.9830182475581,0.0
4788,100.0,81.0,79.4601,953.9830182475581,0.0
4789,100.0,81.0,86.38589999999999,970.5830182475581,0.0
4790,100.0,100.0,100.0,965.5830182475581,0.0
4791,100.0,100.0,100.0,979.3109003528212,0.0
4792,100.0,100.0,100.0,984.364336142295,0.0
4793,100.0,100.0,100.0,980.4068203528213,0.0
4794,100.0,99.43526491228067,93.57463351800554,975.4068203528213,0.0
4795,100.0,81.51797959372112,93.57463351800554,970.4068203528213,0.0
4796,78.94736842105263,81.51797959372112,92.8507,965.4068203528213,0.0
4797,78.94736842105263,66.14904145891042,92.8507,960.4068203528213,0.0
4798,72.10670360110807,66.14904145891042,92.8507,955.4068203528213,0.0
4799,72.10670360110807,66.14904145891042,94.00955,950.4068203528213,0.0
4800,72.10670360110807,66.14904145891042,94.00955,947.2990182475581,0.0
4801,72.10670360110807,66.14904145891042,100.0,942.2990182475581,0.0
4802,72.10670360110807,66.14904145891042,100.0,942.4600540370318,0.0
4803,72.10670360110807,66.14904145891042,100.0,940.8320793001897,0.0
4804,72.10670360110807,64.19319658356414,100.0,935.8320793001897,0.0
4805,72.10670360110807,56.53436001846719,100.0,930.8320793001897,0.0
4806,66.66962142197603,56.53436001846719,100.0,925.8320793001897,0.0
4807,66.66962142197603,56.53436001846719,100.0,921.0895740370318,0.0
4808,66.66962142197603,56.53436001846719,100.0,922.1284793001896,0.0
4809,66.66962142197603,56.53436001846719,100.0,928.0077550896633,0.0
4810,66.66962142197603,56.53436001846719,100.0,937.978070879137,0.0
4811,85.66962142197603,56.53436001846719,100.0,937.457190879137,0.0
4812,85.66962142197603,56.53436001846719,100.0,953.6414477212422,0.0
4813,85.66962142197603,75.5343600184672,100.0,955.7117719317686,0.0
4814,85.66962142197603,75.5343600184672,100.0,970.1991024580843,0.0
4815,85.66962142197603,75.5343600184672,100.0,979.0216245633475,0.0
4816,93.16387142197604,75.5343600184672,100.0,974.0216245633475,0.0
4817,93.16387142197604,72.07170073868879,100.0,969.0216245633475,0.0
4818,93.16387142197604,72.07170073868879,88.19828254847644,964.0216245633475,0.0
4819,93.16387142197604,72.07170073868879,68.2762326869806,959.0216245633475,0.0
4820,93.16387142197604,60.4647118651893,56.46183651892888,954.0216245633475,0.0
4821,78.5633287626963,56.49245674053553,56.46183651892888,949.0216245633475,0.0
4822,70.66914593721154,56.49245674053553,56.46183651892888,944.0216245633475,0.0
4823,70.66914593721154,57.05070674053553,56.46183651892888,939.0216245633475,0.0
4824,70.66914593721154,57.05070674053553,56.46183651892888,935.6276035107159,0.0
4825,70.66914593721154,57.05070674053553,56.46183651892888,934.6158729844001,0.0
4826,70.66914593721154,57.05070674053553,56.46183651892888,934.1492203528211,0.0
4827,70.66914593721154,57.05070674053553,56.46183651892888,931.9629803528211,0.0
4828,70.66914593721154,57.05070674053553,53.79640715604799,926.9629803528211,0.0
4829,70.66914593721154,57.05070674053553,46.914671237303764,921.9629803528211,0.0
4830,70.66914593721154,57.05070674053553,39.30220586334254,916.9629803528211,0.0
4831,70.46670826408136,57.05070674053553,39.30220586334254,911.9629803528211,0.0
4832,70.46670826408136,57.05070674053553,39.30220586334254,913.0295108791369,0.0
4833,70.46670826408136,57.05070674053553,39.30220586334254,919.2471108791368,0.0
4834,70.46670826408136,57.05070674053553,39.30220586334254,929.4930350896631,0.0
4835,70.46670826408136,57.05070674053553,39.30220586334254,943.7559529843999,0.0
4836,70.46670826408136,57.05070674053553,39.33710586334254,960.3559529843999,0.0
4837,80.95775136965264,57.05070674053553,39.33710586334254,969.3336592622827,0.0
4838,80.95775136965264,57.05070674053553,39.33710586334254,984.2448045254406,0.0
4839,80.95775136965264,57.05070674053553,39.33710586334254,993.4795076833353,0.0
4840,80.95775136965264,57.05070674053553,39.33710586334254,994.3456129464932,0.0
4841,80.95775136965264,53.424889566020326,39.33710586334254,989.3456129464932,0.0
4842,69.75549201292705,53.424889566020326,39.33710586334254,984.3456129464932,0.0
4843,69.75549201292705,53.424889566020326,18.454169575253893,979.3456129464932,0.0
4844,48.70286043397968,53.424889566020326,17.105009833794988,974.3456129464932,0.0
4845,31.35170623268698,53.424889566020326,17.105009833794988,969.3456129464932,0.0
4846,23.033091274238238,53.424889566020326,17.105009833794988,964.3456129464932,0.0
4847,23.033091274238238,53.865489566020315,17.105009833794988,959.3456129464932,0.0
4848,23.033091274238238,53.865489566020315,17.105009833794988,956.8265813675458,0.0
4849,23.033091274238238,53.865489566020315,17.105009833794988,957.178076104388,0.0
4850,23.033091274238238,53.865489566020315,17.105009833794988,958.1462318938617,0.0
4851,28.39064127423822,53.865489566020315,17.105009833794988,953.1462318938617,0.0
4852,27.390862880886456,53.865489566020315,17.105009833794988,948.1462318938617,0.0
4853,27.390862880886456,53.865489566020315,10.014095706371165,943.1462318938617,0.0
4854,27.390862880886456,47.27618208679595,10.014095706371165,938.1462318938617,0.0
4855,27.390862880886456,47.27618208679595,10.014095706371165,933.3588213675458,0.0
4856,27.390862880886456,47.27618208679595,10.014095706371165,934.4483161043879,0.0
4857,27.390862880886456,47.27618208679595,10.014095706371165,940.8368592622826,0.0
4858,27.390862880886456,47.27618208679595,10.014095706371165,951.4187961043879,0.0
4859,27.390862880886456,53.87528208679598,29.014095706371165,946.4187961043879,0.0
4860,36.50936288088644,53.87528208679598,48.014095706371165,941.4187961043879,0.0
4861,36.50936288088644,53.87528208679598,48.014095706371165,957.6980929464931,0.0
4862,36.50936288088644,72.87528208679598,53.70519570637118,952.6980929464931,0.0
4863,36.50936288088644,72.87528208679598,53.70519570637118,959.9065645254406,0.0
4864,36.50936288088644,72.87528208679598,58.18259570637119,954.9065645254406,0.0
4865,36.50936288088644,65.52542059095111,58.18259570637119,949.9065645254406,0.0
4866,19.9663157894737,65.52542059095111,58.18259570637119,944.9065645254406,0.0
4867,19.9663157894737,62.935614496768295,37.129964127423825,939.9065645254406,0.0
4868,19.9663157894737,58.588135272391554,16.07733254847646,934.9065645254406,0.0
4869,-0.0,58.588135272391554,16.07733254847646,929.9065645254406,0.0
4870,-0.0,58.588135272391554,6.8787729916897575,924.9065645254406,0.0
4871,-0.0,58.588135272391554,6.8787729916897575,919.9065645254406,0.0
4872,0.0,58.588135272391554,9.579722991689751,914.9065645254406,0.0
4873,6.046500000000009,58.588135272391554,9.579722991689751,909.9065645254406,0.0
4874,6.046500000000009,58.588135272391554,9.579722991689751,909.9638445254405,0.0
4875,6.046500000000009,62.86358527239153,9.579722991689751,904.9638445254405,0.0
4876,6.046500000000009,62.86358527239153,7.7216620498614965,899.9638445254405,0.0
4877,6.046500000000009,62.86358527239153,0.0,894.9638445254405,0.0
4878,6.046500000000009,54.8321171283472,-0.0,889.9638445254405,0.0
4879,6.046500000000009,52.62524732225302,-0.0,884.9638445254405,0.0
4880,12.299800000000005,52.62524732225302,-0.0,879.9638445254405,0.0
4881,12.299800000000005,52.62524732225302,-0.0,885.1022024201774,0.0
4882,31.206899999999987,52.62524732225302,-0.0,880.1022024201774,0.0
4883,31.206899999999987,57.813947322253,19.0,875.1022024201774,0.0
4884,31.206899999999987,57.813947322253,19.0,890.7018950517563,0.0
4885,31.206899999999987,57.813947322253,19.0,906.3556255780721,0.0
4886,31.206899999999987,57.813947322253,19.0,919.90957084123,0.0
4887,31.206899999999987,57.813947322253,19.0,927.5042276833352,0.0
4888,31.206899999999987,63.126297322252995,19.0,922.5042276833352,0.0
4889,31.206899999999987,63.126297322252995,14.84219759926129,917.5042276833352,0.0
4890,31.206899999999987,63.126297322252995,0.802308402585389,912.5042276833352,0.0
4891,31.206899999999987,45.2376731301939,0.802308402585389,907.5042276833352,0.0
4892,28.34889445983381,24.185041551246528,0.802308402585389,902.5042276833352,0.0
4893,28.34889445983381,6.1852077562326855,0.802308402585389,897.5042276833352,0.0
4894,28.34889445983381,0.0,0.802308402585389,892.5042276833352,0.0
4895,28.34889445983381,2.605100000000025,0.802308402585389,887.5042276833352,0.0
4896,28.34889445983381,9.455800000000009,0.802308402585389,882.5042276833352,0.0
4897,28.34889445983381,9.455800000000009,0.802308402585389,885.2848887359668,0.0
4898,28.34889445983381,9.455800000000009,0.802308402585389,888.3060676833352,0.0
4899,28.34889445983381,9.455800000000009,8.664958402585391,883.3060676833352,0.0
4900,28.34889445983381,9.455800000000009,8.664958402585391,879.2486234728088,0.0
4901,28.34889445983381,9.455800000000009,4.087008264081238,874.2486234728088,0.0
4902,26.80954081255772,9.455800000000009,4.087008264081238,869.2486234728088,0.0
4903,26.80954081255772,9.455800000000009,7.313458264081223,864.2486234728088,0.0
4904,26.80954081255772,9.455800000000009,7.313458264081223,866.8187792622825,0.0
4905,26.80954081255772,9.455800000000009,7.313458264081223,873.9464213675457,0.0
4906,26.80954081255772,24.982118374884628,7.313458264081223,872.8934474413173,0.0
4907,26.80954081255772,30.91871837488463,26.313458264081223,867.8934474413173,0.0
4908,26.80954081255772,30.91871837488463,26.313458264081223,883.3027948097384,0.0
4909,26.80954081255772,30.91871837488463,26.313458264081223,898.2480453360542,0.0
4910,26.80954081255772,30.91871837488463,26.313458264081223,910.9492453360542,0.0
4911,26.80954081255772,30.91871837488463,26.313458264081223,917.8337927044753,0.0
4912,26.80954081255772,30.91871837488463,26.313458264081223,916.8014095465805,0.0
4913,26.80954081255772,26.88640073868884,26.313458264081223,911.8014095465805,0.0
4914,14.522043120960346,26.88640073868884,26.313458264081223,906.8014095465805,0.0
4915,2.299191782086848,18.144598337950157,26.313458264081223,901.8014095465805,0.0
4916,1.7510292705448267,18.144598337950157,5.260826685133857,896.8014095465805,0.0
4917,1.7510292705448267,-0.0,5.260826685133857,891.8014095465805,0.0
4918,0.0,-0.0,-0.0,886.8014095465805,0.0
4919,-0.0,-0.0,-0.0,883.0268874413174,0.0
4920,-0.0,-0.0,-0.0,882.1579821781595,0.0
4921,3.822216066481991,-0.0,-0.0,881.30573842251,0.0
4922,3.822216066481991,0.0,0.0,884.0668078961942,0.0
4923,3.822216066481991,-0.0,7.760550000000004,879.0668078961942,0.0
4924,3.822216066481991,-0.0,7.760550000000004,875.3295742119836,0.0
4925,3.822216066481991,-0.0,3.4339018005540094,870.3295742119836,0.0
4926,0.0,-0.0,3.4339018005540094,865.3295742119836,0.0
4927,-0.0,-0.0,3.4339018005540094,862.7032247382995,0.0
4928,10.865850000000016,-0.0,3.4339018005540094,857.7032247382995,0.0
4929,10.865850000000016,-0.0,3.4339018005540094,866.589751054089,0.0
4930,10.865850000000016,0.0,22.43390180055401,865.7706015804048,0.0
4931,10.865850000000016,1.6688000000000087,22.43390180055401,882.3706015804048,0.0
4932,15.761999999999997,1.6688000000000087,22.43390180055401,898.9706015804048,0.0
4933,15.761999999999997,6.804550000000006,22.43390180055401,915.5706015804049,0.0
4934,28.047203878116363,25.417396121883655,22.43390180055401,910.5706015804049,0.0
4935,28.047203878116363,25.417396121883655,22.43390180055401,923.3239447382996,0.0
4936,28.047203878116363,25.417396121883655,22.43390180055401,928.0713805277733,0.0
4937,28.047203878116363,25.417396121883655,22.43390180055401,924.6016457909311,0.0
4938,23.077213111726703,25.417396121883655,22.43390180055401,919.6016457909311,0.0
4939,23.077213111726703,11.295069252077555,22.43390180055401,914.6016457909311,0.0
4940,23.077213111726703,11.295069252077555,5.7280292243767335,909.6016457909311,0.0
4941,23.077213111726703,0.0,5.7280292243767335,904.6016457909311,0.0
4942,23.077213111726703,-0.0,5.7280292243767335,899.6016457909311,0.0
4943,23.077213111726703,-0.0,5.7280292243767335,900.0862647382995,0.0
4944,23.077213111726703,-0.0,5.7280292243767335,903.8581763172468,0.0
4945,23.077213111726703,-0.0,5.7280292243767335,910.0918057909311,0.0
4946,23.077213111726703,-0.0,5.7280292243767335,916.6386731593522,0.0
4947,23.077213111726703,-0.0,5.7280292243767335,921.2906142119838,0.0
4948,23.077213111726703,-0.0,5.7280292243767335,920.906723685668,0.0
4949,23.077213111726703,-0.0,5.7280292243767335,916.5988331593522,0.0
4950,23.077213111726703,2.127649999999999,5.7280292243767335,911.5988331593522,0.0
4951,31.9842131117267,2.127649999999999,5.7280292243767335,906.5988331593522,0.0
4952,31.9842131117267,2.127649999999999,5.7280292243767335,914.2845510540891,0.0
4953,31.9842131117267,2.127649999999999,5.7280292243767335,926.5939573698786,0.0
4954,31.9842131117267,2.127649999999999,5.7280292243767335,942.3647826330365,0.0
4955,47.78357977839333,2.127649999999999,22.05966255771011,937.3647826330365,0.0
4956,47.78357977839333,18.84795000000001,41.05966255771011,932.3647826330365,0.0
4957,47.78357977839333,37.84795000000001,41.05966255771011,940.7223742119838,0.0
4958,63.079879778393355,37.84795000000001,60.05966255771011,935.7223742119838,0.0
4959,63.079879778393355,45.61940000000001,79.05966255771011,930.7223742119838,0.0
4960,63.079879778393355,45.61940000000001,79.05966255771011,937.6644836856681,0.0
4961,63.079879778393355,45.61940000000001,79.05966255771011,936.2069973698786,0.0
4962,63.079879778393355,45.61940000000001,74.69151851338877,931.2069973698786,0.0
4963,63.079879778393355,34.62193000923362,74.69151851338877,926.2069973698786,0.0
4964,47.873120775623256,34.62193000923362,74.69151851338877,921.2069973698786,0.0
4965,38.845253739612176,34.62193000923362,74.69151851338877,916.2069973698786,0.0
4966,38.845253739612176,34.62193000923362,74.69151851338877,912.5810605277734,0.0
4967,38.845253739612176,34.62193000923362,74.69151851338877,914.6661636856682,0.0
4968,38.845253739612176,34.62193000923362,74.69151851338877,918.2990394751419,0.0
4969,38.845253739612176,34.62193000923362,74.69151851338877,924.6153931593524,0.0
4970,38.845253739612176,50.133430009233614,74.69151851338877,919.6153931593524,0.0
4971,38.845253739612176,50.133430009233614,87.73816851338877,914.6153931593524,0.0
4972,38.845253739612176,50.133430009233614,87.73816851338877,914.6507321067209,0.0
4973,40.10815373961219,50.133430009233614,87.73816851338877,909.6507321067209,0.0
4974,40.10815373961219,50.133430009233614,87.73816851338877,906.3127952646156,0.0
4975,40.10815373961219,50.133430009233614,87.73816851338877,908.3143405277735,0.0
4976,40.10815373961219,50.133430009233614,87.73816851338877,915.9618226330367,0.0
4977,59.10815373961219,53.4536300092336,87.73816851338877,910.9618226330367,0.0
4978,59.10815373961219,53.4536300092336,87.73816851338877,926.4485510540893,0.0
4979,62.53470373961218,53.4536300092336,87.73816851338877,943.0485510540893,0.0
4980,68.87400373961218,53.4536300092336,87.73816851338877,959.6485510540894,0.0
4981,68.87400373961218,59.9369800092336,87.73816851338877,976.2485510540894,0.0
4982,87.87400373961218,59.9369800092336,95.70410115420131,975.1285684210525,0.0
4983,87.87400373961218,59.9369800092336,95.70410115420131,988.7223789473683,0.0
4984,87.87400373961218,73.33118000923359,95.70410115420131,983.7223789473683,0.0
4985,87.87400373961218,73.33118000923359,98.15010115420131,978.7223789473683,0.0
4986,87.87400373961218,73.33118000923359,93.57385,973.7223789473683,0.0
4987,74.85647834718374,73.33118000923359,93.57385,968.7223789473683,0.0
4988,60.55128905817174,73.33118000923359,93.57385,963.7223789473683,0.0
4989,47.16303421052632,73.33118000923359,93.57385,958.7223789473683,0.0
4990,45.786284441366575,73.33118000923359,93.57385,953.7223789473683,0.0
4991,45.786284441366575,77.7389800092336,93.57385,948.7223789473683,0.0
4992,45.786284441366575,77.7389800092336,93.57385,948.8438905263156,0.0
4993,45.786284441366575,77.7389800092336,93.57385,951.5512631578946,0.0
4994,45.786284441366575,77.7389800092336,93.57385,954.5054442105262,0.0
4995,45.786284441366575,77.7389800092336,93.57385,955.2925010526315,0.0
4996,45.786284441366575,77.7389800092336,93.57385,950.7642905263157,0.0
4997,40.905988965835654,77.7389800092336,93.57385,945.7642905263157,0.0
4998,33.60017179132042,77.7389800092336,93.57385,940.7642905263157,0.0
4999,33.60017179132042,76.4226365189289,93.57385,935.7642905263157,0.0
5000,33.60017179132042,76.4226365189289,93.57385,935.2564842105262,0.0
5001,33.60017179132042,76.4226365189289,93.57385,939.6392968421052,0.0
5002,33.60017179132042,76.4226365189289,93.57385,947.9025305263157,0.0
5003,33.60017179132042,76.4226365189289,93.57385,959.9533052631577,0.0
5004,33.60017179132042,76.4226365189289,93.57385,974.0910947368419,0.0
5005,52.60017179132042,76.4226365189289,100.0,969.0910947368419,0.0
5006,52.60017179132042,76.4226365189289,100.0,981.2532042105261,0.0
5007,52.60017179132042,91.29613651892888,100.0,976.2532042105261,0.0
5008,52.60017179132042,91.29613651892888,100.0,974.0936421052629,0.0
5009,52.60017179132042,91.29613651892888,92.16282548476454,969.0936421052629,0.0
5010,35.98781722068329,91.29613651892888,92.16282548476454,964.0936421052629,0.0
5011,35.98781722068329,90.98276625115417,71.11019390581717,959.0936421052629,0.0
5012,34.10164916897508,90.98276625115417,50.0575623268698,954.0936421052629,0.0
5013,34.10164916897508,71.61778010156966,50.0575623268698,949.0936421052629,0.0
5014,34.10164916897508,65.84639999999999,47.32489810710983,944.0936421052629,0.0
5015,34.10164916897508,65.84639999999999,47.32489810710983,939.4042273684208,0.0
5016,34.10164916897508,65.84639999999999,47.32489810710983,936.6537347368419,0.0
5017,40.97729916897507,65.84639999999999,47.32489810710983,931.6537347368419,0.0
5018,40.97729916897507,65.84639999999999,47.32489810710983,932.5620168421051,0.0
5019,40.97729916897507,65.84639999999999,47.32489810710983,931.6877684210525,0.0
5020,39.736745152354565,65.84639999999999,47.32489810710983,926.6877684210525,0.0
5021,32.279570637119114,65.84639999999999,47.32489810710983,921.6877684210525,0.0
5022,32.279570637119114,65.84639999999999,39.73287594644503,916.6877684210525,0.0
5023,32.279570637119114,65.84639999999999,39.73287594644503,911.7568884210525,0.0
5024,32.279570637119114,65.84639999999999,39.73287594644503,914.1385936842104,0.0
5025,32.279570637119114,83.94385000000001,39.73287594644503,909.1385936842104,0.0
5026,32.279570637119114,83.94385000000001,39.73287594644503,922.9618189473682,0.0
5027,33.13778878116339,83.94385000000001,41.297507802400744,939.5618189473682,0.0
5028,33.13778878116339,83.94385000000001,47.26840780240073,956.1618189473683,0.0
5029,52.13778878116339,100.0,47.26840780240073,951.1618189473683,0.0
5030,55.67808878116341,100.0,47.26840780240073,967.7618189473683,0.0
5031,74.67808878116341,100.0,51.94715780240075,962.7618189473683,0.0
5032,74.67808878116341,100.0,51.94715780240075,966.7920968421051,0.0
5033,74.67808878116341,100.0,51.94715780240075,961.897254736842,0.0
5034,74.67808878116341,100.0,43.34438771929825,956.897254736842,0.0
5035,74.67808878116341,100.0,29.402097783933534,951.897254736842,0.0
5036,74.67808878116341,81.88426592797784,29.402097783933534,946.897254736842,0.0
5037,64.96443213296398,78.44601121883655,29.402097783933534,941.897254736842,0.0
5038,62.0,78.44601121883655,29.402097783933534,936.897254736842,0.0
5039,62.0,78.44601121883655,29.402097783933534,935.2832631578947,0.0
5040,62.0,78.44601121883655,29.402097783933534,935.8264294736841,0.0
5041,62.0,78.44601121883655,29.402097783933534,938.7181599999999,0.0
5042,62.0,78.44601121883655,29.402097783933534,941.9596968421051,0.0
5043,62.0,78.44601121883655,29.402097783933534,943.2280168421051,0.0
5044,62.0,79.75541121883656,29.402097783933534,938.2280168421051,0.0
5045,62.0,79.75541121883656,26.425292613111736,933.2280168421051,0.0
5046,62.0,75.96145,26.425292613111736,928.2280168421051,0.0
5047,62.0,75.96145,26.425292613111736,926.0462863157893,0.0
5048,62.0,75.96145,26.425292613111736,930.4618778947366,0.0
5049,62.0,75.96145,45.425292613111736,926.0878610526314,0.0
5050,62.0,75.96145,45.425292613111736,940.6834947368419,0.0
5051,81.0,88.4729,45.425292613111736,935.6834947368419,0.0
5052,100.0,88.4729,61.286642613111745,930.6834947368419,0.0
5053,100.0,95.54685,61.286642613111745,947.2834947368419,0.0
5054,100.0,100.0,61.286642613111745,963.883494736842,0.0
5055,100.0,100.0,61.286642613111745,977.7221052631577,0.0
5056,100.0,100.0,61.286642613111745,982.3873852631577,0.0
5057,100.0,100.0,62.14894261311174,977.3873852631577,0.0
5058,100.0,100.0,53.386726546629774,972.3873852631577,0.0
5059,100.0,100.0,37.86550771006466,967.3873852631577,0.0
5060,85.02284441366578,100.0,35.489089889196656,962.3873852631577,0.0
5061,85.02284441366578,89.43505078485686,35.489089889196656,957.3873852631577,0.0
5062,85.02284441366578,89.43505078485686,33.17944999999999,952.3873852631577,0.0
5063,85.02284441366578,94.58630078485686,33.17944999999999,947.3873852631577,0.0
5064,88.15404519852264,100.0,33.17944999999999,942.3873852631577,0.0
5065,88.15404519852264,100.0,33.17944999999999,946.5475663157894,0.0
5066,88.15404519852264,100.0,33.17944999999999,950.9838484210526,0.0
5067,88.15404519852264,100.0,43.0,945.9838484210526,0.0
5068,88.15404519852264,100.0,43.0,943.220774736842,0.0
5069,86.15192146814405,100.0,43.0,938.220774736842,0.0
5070,83.00965000000001,100.0,43.0,933.220774736842,0.0
5071,83.00965000000001,100.0,43.0,931.1428757894736,0.0
5072,83.00965000000001,100.0,43.0,935.7701094736841,0.0
5073,83.00965000000001,100.0,43.0,945.8995073684209,0.0
5074,83.00965000000001,100.0,43.0,960.1678063157893,0.0
5075,85.1373,100.0,43.0,976.7678063157894,0.0
5076,85.1373,100.0,62.0,982.7479199999999,0.0
5077,100.0,100.0,81.0,977.7479199999999,0.0
5078,100.0,100.0,100.0,982.3149389473683,0.0
5079,100.0,100.0,100.0,995.6525431578947,0.0
5080,100.0,100.0,100.0,1000.0,0.0
5081,100.0,100.0,100.0,995.100572631579,0.0
5082,100.0,93.14694367497688,100.0,990.100572631579,0.0
5083,100.0,93.14694367497688,83.95676823638041,985.100572631579,0.0
5084,86.77809344413676,88.02636939058169,83.95676823638041,980.100572631579,0.0
5085,86.77809344413676,81.10879999999999,79.55114279778392,975.100572631579,0.0
5086,83.77574810710998,81.10879999999999,79.55114279778392,970.100572631579,0.0
5087,83.77574810710998,81.10879999999999,79.55114279778392,967.5051452631579,0.0
5088,83.77574810710998,81.10879999999999,79.55114279778392,967.6855452631579,0.0
5089,83.77574810710998,81.10879999999999,79.55114279778392,970.459347368421,0.0
5090,94.60249810710998,81.10879999999999,79.55114279778392,965.459347368421,0.0
5091,94.60249810710998,81.10879999999999,87.74659279778393,960.459347368421,0.0
5092,94.60249810710998,81.10879999999999,87.74659279778393,956.2383494736843,0.0
5093,93.44981112650055,81.10879999999999,87.74659279778393,951.2383494736843,0.0
5094,93.44981112650055,81.10879999999999,81.0,946.2383494736843,0.0
5095,93.44981112650055,81.10879999999999,81.0,941.4592757894737,0.0
5096,93.44981112650055,81.10879999999999,81.0,942.4654021052633,0.0
5097,93.44981112650055,81.10879999999999,81.0,948.0362905263158,0.0
5098,93.44981112650055,100.0,81.0,943.0362905263158,0.0
5099,93.44981112650055,100.0,81.0,956.1321642105264,0.0
5100,93.44981112650055,100.0,81.0,971.4708,0.0
5101,93.44981112650055,100.0,100.0,972.7961894736842,0.0
5102,93.44981112650055,100.0,100.0,986.6000505263158,0.0
5103,95.91214867651591,100.0,100.0,992.8036010147252,0.0
5104,95.91214867651591,100.0,100.0,992.6318073305147,0.0
5105,95.91214867651591,100.0,94.94930747922436,987.6318073305147,0.0
5106,95.91214867651591,86.91274238227147,94.94930747922436,982.6318073305147,0.0
5107,95.91214867651591,86.91274238227147,77.65061865189288,977.6318073305147,0.0
5108,76.60082827023706,86.91274238227147,77.65061865189288,972.6318073305147,0.0
5109,76.60082827023706,86.91274238227147,66.68956602031392,967.6318073305147,0.0
5110,76.60082827023706,82.94088647276092,64.53837483841171,962.6318073305147,0.0
5111,76.60082827023706,82.94088647276092,64.53837483841171,959.0022704884094,0.0
5112,76.60082827023706,82.94088647276092,71.11342483841172,954.0022704884094,0.0
5113,76.60082827023706,82.94088647276092,71.11342483841172,956.6496936463042,0.0
5114,76.60082827023706,82.94088647276092,71.11342483841172,959.7100178568305,0.0
5115,76.60082827023706,82.94088647276092,71.11342483841172,960.8434325936726,0.0
5116,76.60082827023706,82.94088647276092,71.11342483841172,956.6725315410409,0.0
5117,76.60082827023706,81.0443398430287,71.11342483841172,951.6725315410409,0.0
5118,72.12524193598036,81.0443398430287,71.11342483841172,946.6725315410409,0.0
5119,72.12524193598036,81.0443398430287,71.11342483841172,941.6725315410409,0.0
5120,79.52489193598034,81.0443398430287,71.11342483841172,936.6725315410409,0.0
5121,79.52489193598034,94.80758984302867,71.11342483841172,931.6725315410409,0.0
5122,79.52489193598034,94.80758984302867,71.11342483841172,940.9683210147251,0.0
5123,79.52489193598034,94.80758984302867,71.11342483841172,954.0789357515672,0.0
5124,79.52489193598034,94.80758984302867,71.11342483841172,969.234198909462,0.0
5125,79.52489193598034,94.80758984302867,71.11342483841172,984.3884010147251,0.0
5126,98.52489193598034,94.80758984302867,75.90357483841171,979.3884010147251,0.0
5127,98.52489193598034,94.80758984302867,75.90357483841171,986.4907294357778,0.0
5128,98.52489193598034,94.80758984302867,75.90357483841171,985.181146277883,0.0
5129,98.52489193598034,94.80758984302867,70.98937354570626,980.181146277883,0.0
5130,98.52489193598034,94.80758984302867,58.077997737765344,975.181146277883,0.0
5131,98.52489193598034,78.98428421052637,58.077997737765344,970.181146277883,0.0
5132,98.52489193598034,58.76068310249311,58.077997737765344,965.181146277883,0.0
5133,87.19792979378273,58.76068310249311,58.077997737765344,960.181146277883,0.0
5134,87.19792979378273,58.76068310249311,57.44787770083091,955.181146277883,0.0
5135,87.19792979378273,58.76068310249311,57.44787770083091,953.1940052252514,0.0
5136,87.19792979378273,58.76068310249311,57.44787770083091,952.6326536463041,0.0
5137,87.19792979378273,68.0532331024931,57.44787770083091,947.6326536463041,0.0
5138,87.19792979378273,78.00188310249308,57.44787770083091,942.6326536463041,0.0
5139,87.19792979378273,78.00188310249308,57.44787770083091,943.4284262778831,0.0
5140,87.19792979378273,78.00188310249308,57.44787770083091,938.6059252252516,0.0
5141,87.19792979378273,78.00188310249308,50.67663116343478,933.6059252252516,0.0
5142,87.19792979378273,78.00188310249308,47.377259048937994,928.6059252252516,0.0
5143,87.19792979378273,77.81179999999999,47.377259048937994,923.6059252252516,0.0
5144,87.19792979378273,77.81179999999999,47.377259048937994,924.950451541041,0.0
5145,87.19792979378273,77.81179999999999,63.16125904893801,919.950451541041,0.0
5146,87.19792979378273,77.81179999999999,63.16125904893801,931.7052304884095,0.0
5147,87.19792979378273,77.81179999999999,63.16125904893801,947.9567504884095,0.0
5148,87.19792979378273,81.0,63.16125904893801,964.5567504884095,0.0
5149,87.19792979378273,100.0,63.16125904893801,969.8083757515674,0.0
5150,98.40452979378271,100.0,82.161259048938,964.8083757515674,0.0
5151,98.40452979378271,100.0,82.161259048938,977.0096304884095,0.0
5152,98.40452979378271,100.0,82.161259048938,980.7304978568305,0.0
5153,98.40452979378271,100.0,81.9239183287164,975.7304978568305,0.0
5154,98.40452979378271,90.04609418282547,81.9239183287164,970.7304978568305,0.0
5155,85.67867568482612,90.04609418282547,81.9239183287164,965.7304978568305,0.0
5156,67.9425538011696,90.04609418282547,81.9239183287164,960.7304978568305,0.0
5157,57.02181511234226,90.04609418282547,81.9239183287164,955.7304978568305,0.0
5158,55.98999609110497,90.04609418282547,81.9239183287164,950.7304978568305,0.0
5159,60.78344609110496,90.04609418282547,81.9239183287164,945.7304978568305,0.0
5160,60.78344609110496,90.04609418282547,81.9239183287164,945.6196010147253,0.0
5161,60.78344609110496,90.04609418282547,81.9239183287164,947.915436804199,0.0
5162,60.78344609110496,90.04609418282547,81.9239183287164,950.6253862778832,0.0
5163,60.78344609110496,90.04609418282547,81.9239183287164,951.3923210147253,0.0
5164,60.78344609110496,90.04609418282547,81.9239183287164,946.3923210147253,0.0
5165,60.78344609110496,90.04609418282547,77.92288416435812,941.3923210147253,0.0
5166,60.78344609110496,86.12544783010156,77.92288416435812,936.3923210147253,0.0
5167,60.78344609110496,86.12544783010156,77.92288416435812,931.61438417262,0.0
5168,60.78344609110496,94.60429783010157,77.92288416435812,926.61438417262,0.0
5169,60.78344609110496,94.60429783010157,77.92288416435812,933.5566831199884,0.0
5170,60.78344609110496,100.0,77.92288416435812,940.7955446333285,0.0
5171,79.78344609110496,100.0,81.0,939.4037178947368,0.0
5172,81.25534609110497,100.0,81.0,956.0037178947368,0.0
5173,83.16689609110499,100.0,81.0,972.6037178947369,0.0
5174,83.16689609110499,100.0,81.0,988.4242610526316,0.0
5175,83.16689609110499,100.0,100.0,983.5341557894736,0.0
5176,83.16689609110499,100.0,100.0,983.8771621052631,0.0
5177,77.97753321021857,100.0,100.0,978.8771621052631,0.0
5178,64.50449535241614,100.0,100.0,973.8771621052631,0.0
5179,64.50449535241614,100.0,80.46064635272391,968.8771621052631,0.0
5180,64.50449535241614,79.84203139427515,80.46064635272391,963.8771621052631,0.0
5181,61.158027208371806,69.03197137580794,80.46064635272391,958.8771621052631,0.0
5182,56.831822222222215,69.03197137580794,80.46064635272391,953.8771621052631,0.0
5183,56.831822222222215,69.03197137580794,80.46064635272391,952.2251242105262,0.0
5184,56.831822222222215,69.03197137580794,87.81119635272393,947.2251242105262,0.0
5185,56.831822222222215,69.03197137580794,87.81119635272393,950.7490526315789,0.0
5186,56.831822222222215,77.29055,91.87891772853186,945.7490526315789,0.0
5187,56.831822222222215,77.29055,91.87891772853186,948.6186526315789,0.0
5188,56.831822222222215,77.29055,91.87891772853186,946.2590063157894,0.0
5189,56.831822222222215,77.29055,88.60130000000001,941.2590063157894,0.0
5190,56.831822222222215,77.29055,88.60130000000001,936.2590063157894,0.0
5191,56.831822222222215,77.29055,88.60130000000001,934.4812336842105,0.0
5192,56.831822222222215,77.29055,88.60130000000001,938.8123578947368,0.0
5193,56.831822222222215,77.29055,88.60130000000001,948.1611242105263,0.0
5194,56.831822222222215,77.29055,88.60130000000001,961.7278021052631,0.0
5195,75.83182222222221,77.29055,100.0,956.7278021052631,0.0
5196,75.83182222222221,96.29055,100.0,963.1886105263158,0.0
5197,94.83182222222221,96.29055,100.0,970.2909768421052,0.0
5198,94.83182222222221,100.0,100.0,986.8909768421053,0.0
5199,94.83182222222221,100.0,100.0,1000.0,0.0
5200,100.0,100.0,100.0,1000.0,0.0
5201,100.0,100.0,100.0,995.0,0.0
5202,100.0,92.26007386888273,100.0,990.0,0.0
5203,96.3730630655586,92.26007386888273,87.67533951985232,985.0,0.0
5204,81.05540840258539,92.26007386888273,87.67533951985232,980.0,0.0
5205,81.05540840258539,92.26007386888273,73.66653065558637,975.0,0.0
5206,81.05540840258539,88.33580794090489,73.66653065558637,970.0,0.0
5207,81.05540840258539,88.33580794090489,73.66653065558637,967.8168294736842,0.0
5208,81.05540840258539,88.33580794090489,73.66653065558637,968.4693978947367,0.0
5209,91.76080840258538,88.33580794090489,73.66653065558637,963.4693978947367,0.0
5210,91.76080840258538,88.33580794090489,73.66653065558637,966.977562105263,0.0
5211,94.38020000000002,88.33580794090489,73.66653065558637,966.4773032103803,0.0
5212,94.38020000000002,88.33580794090489,73.66653065558637,962.1766126840646,0.0
5213,94.38020000000002,88.33580794090489,70.80400064635275,957.1766126840646,0.0
5214,94.38020000000002,82.38289935364728,70.80400064635275,952.1766126840646,0.0
5215,94.38020000000002,82.38289935364728,70.80400064635275,947.9331811051172,0.0
5216,94.38020000000002,82.38289935364728,70.80400064635275,949.3521705788014,0.0
5217,94.38020000000002,82.38289935364728,70.80400064635275,955.5406295261698,0.0
5218,94.38020000000002,82.38289935364728,70.80400064635275,965.5466800524856,0.0
5219,94.38020000000002,82.38289935364728,70.80400064635275,979.2242379472225,0.0
5220,94.38020000000002,82.38289935364728,70.80400064635275,995.1033284735382,0.0
5221,94.38020000000002,100.0,81.0,990.1033284735382,0.0
5222,94.38020000000002,100.0,100.0,989.604806368275,0.0
5223,94.38020000000002,100.0,100.0,997.3676400524855,0.0
5224,100.0,100.0,100.0,992.3676400524855,0.0
5225,100.0,100.0,96.7550323176362,987.3676400524855,0.0
5226,88.92866463527238,99.98573979686057,96.7550323176362,982.3676400524855,0.0
5227,88.92866463527238,99.98573979686057,77.46696214219762,977.3676400524855,0.0
5228,67.87603305632501,97.55792816251154,77.46696214219762,972.3676400524855,0.0
5229,67.87603305632501,79.24490877192983,77.46696214219762,967.3676400524855,0.0
5230,61.359892705447805,79.24490877192983,77.46696214219762,962.3676400524855,0.0
5231,61.197344228993515,79.24490877192983,77.46696214219762,957.3676400524855,0.0
5232,61.197344228993515,82.83690877192984,77.46696214219762,952.3676400524855,0.0
5233,61.197344228993515,82.83690877192984,77.46696214219762,952.5248484735382,0.0
5234,61.197344228993515,82.83690877192984,77.46696214219762,952.9184821577487,0.0
5235,65.6415442289935,82.83690877192984,77.46696214219762,947.9184821577487,0.0
5236,65.6415442289935,82.83690877192984,75.88317636195754,942.9184821577487,0.0
5237,58.217019759926096,82.83690877192984,75.88317636195754,937.9184821577487,0.0
5238,58.217019759926096,70.69790600184675,75.88317636195754,932.9184821577487,0.0
5239,55.98246759002767,70.69790600184675,75.88317636195754,927.9184821577487,0.0
5240,55.98246759002767,72.79135600184675,75.88317636195754,922.9184821577487,0.0
5241,58.65199395198522,72.79135600184675,81.62414999999999,917.9184821577487,0.0
5242,58.65199395198522,72.79135600184675,81.62414999999999,923.2495726840646,0.0
5243,58.65199395198522,72.79135600184675,81.62414999999999,932.3008653156435,0.0
5244,58.65199395198522,72.79135600184675,81.62414999999999,943.4746042630119,0.0
5245,77.65199395198522,72.79135600184675,81.62414999999999,940.359298999854,0.0
5246,77.65199395198522,72.79135600184675,100.0,935.359298999854,0.0
5247,87.85924395198523,72.79135600184675,100.0,930.359298999854,0.0
5248,87.85924395198523,72.79135600184675,100.0,925.359298999854,0.0
5249,87.85924395198523,71.41068379501387,91.4743748845799,920.359298999854,0.0
5250,87.85924395198523,71.41068379501387,73.8750581717452,915.359298999854,0.0
5251,86.19555050784858,50.3580522160665,73.8750581717452,910.359298999854,0.0
5252,84.60116454293627,50.3580522160665,52.822426592797825,905.359298999854,0.0
5253,65.54530120036931,50.3580522160665,52.822426592797825,900.359298999854,0.0
5254,65.54530120036931,50.3580522160665,42.29655401662054,895.359298999854,0.0
5255,65.54530120036931,50.3580522160665,42.29655401662054,890.359298999854,0.0
5256,67.91205120036932,50.3580522160665,42.29655401662054,885.359298999854,0.0
5257,67.91205120036932,50.3580522160665,42.29655401662054,884.7902926840645,0.0
5258,67.91205120036932,50.3580522160665,42.29655401662054,884.8044863682751,0.0
5259,67.91205120036932,50.3580522160665,46.45560401662054,879.8044863682751,0.0
5260,65.91269755309322,50.3580522160665,46.45560401662054,874.8044863682751,0.0
5261,65.91269755309322,41.8073227608495,46.45560401662054,869.8044863682751,0.0
5262,65.91269755309322,30.925420637119128,46.45560401662054,864.8044863682751,0.0
5263,65.91269755309322,27.337258125577115,46.45560401662054,859.8044863682751,0.0
5264,65.91269755309322,27.337258125577115,46.45560401662054,857.1744232103804,0.0
5265,65.91269755309322,27.337258125577115,46.45560401662054,859.6192232103804,0.0
5266,65.91269755309322,27.337258125577115,46.45560401662054,865.8841158419593,0.0
5267,65.91269755309322,27.337258125577115,46.45560401662054,875.8698547893277,0.0
5268,65.91269755309322,27.337258125577115,46.45560401662054,888.2120779472225,0.0
5269,70.66584755309324,46.337258125577115,46.45560401662054,883.2120779472225,0.0
5270,70.66584755309324,46.337258125577115,46.45560401662054,894.3232147893277,0.0
5271,70.66584755309324,46.337258125577115,59.731804016620565,889.3232147893277,0.0
5272,70.66584755309324,47.96640812557711,59.731804016620565,884.3232147893277,0.0
5273,59.12939325946444,47.96640812557711,59.731804016620565,879.3232147893277,0.0
5274,43.23467488457986,47.96640812557711,59.731804016620565,874.3232147893277,0.0
5275,43.23467488457986,45.815161588180985,38.6791724376732,869.3232147893277,0.0
5276,43.23467488457986,45.815161588180985,19.321240766389725,864.3232147893277,0.0
5277,43.23467488457986,28.36302862419206,19.321240766389725,859.3232147893277,0.0
5278,37.70180323176361,28.36302862419206,19.321240766389725,854.3232147893277,0.0
5279,37.70180323176361,28.36302862419206,19.321240766389725,849.736191631433,0.0
5280,37.70180323176361,28.36302862419206,19.321240766389725,848.6723179472225,0.0
5281,37.70180323176361,28.36302862419206,19.321240766389725,849.875231631433,0.0
5282,46.225503231763625,28.36302862419206,19.321240766389725,844.875231631433,0.0
5283,46.225503231763625,28.36302862419206,19.321240766389725,844.1248232103804,0.0
5284,46.225503231763625,28.36302862419206,19.321240766389725,839.1248232103804,0.0
5285,37.39102493074793,28.36302862419206,19.321240766389725,834.1248232103804,0.0
5286,37.39102493074793,18.900350877192963,19.321240766389725,829.1248232103804,0.0
5287,37.39102493074793,17.24059095106186,19.321240766389725,824.1248232103804,0.0
5288,37.39102493074793,17.24059095106186,19.321240766389725,821.6419432103804,0.0
5289,37.39102493074793,17.24059095106186,26.028503739612205,819.6487670622539,0.0
5290,37.39102493074793,17.24059095106186,26.028503739612205,827.5319165359381,0.0
5291,37.39102493074793,17.24059095106186,26.028503739612205,839.5674954833065,0.0
5292,37.39102493074793,17.24059095106186,26.028503739612205,854.106969167517,0.0
5293,37.39102493074793,17.24059095106186,26.028503739612205,869.0345607464644,0.0
5294,37.39102493074793,17.24059095106186,26.028503739612205,881.8785481148855,0.0
5295,37.39102493074793,17.24059095106186,26.028503739612205,888.5258744306749,0.0
5296,37.39102493074793,17.24059095106186,26.028503739612205,885.9723965359381,0.0
5297,37.39102493074793,17.24059095106186,19.83367456140349,880.9723965359381,0.0
5298,37.39102493074793,17.24059095106186,4.049113157894713,875.9723965359381,0.0
5299,19.525226223453377,17.24059095106186,4.049113157894713,870.9723965359381,0.0
5300,-0.0,17.24059095106186,4.049113157894713,865.9723965359381,0.0
5301,0.0,3.3736472760849483,4.049113157894713,860.9723965359381,0.0
5302,-0.0,-0.0,4.049113157894713,855.9723965359381,0.0
5303,-0.0,-0.0,4.049113157894713,853.3197102201486,0.0
5304,-0.0,-0.0,4.049113157894713,852.595714430675,0.0
5305,-0.0,-0.0,4.049113157894713,854.5304891675171,0.0
5306,-0.0,0.0,4.049113157894713,857.0208386412013,0.0
5307,-0.0,7.256149999999996,4.049113157894713,852.0208386412013,0.0
5308,-0.0,7.256149999999996,4.049113157894713,847.0208386412013,0.0
5309,0.0,7.256149999999996,0.4504981994459617,842.0208386412013,0.0
5310,-0.0,0.7705728993536445,0.4504981994459617,837.0208386412013,0.0
5311,-0.0,-0.0,0.0,832.0208386412013,0.0
5312,-0.0,-0.0,-0.0,831.7397186412013,0.0
5313,-0.0,0.0,-0.0,837.5949691675171,0.0
5314,19.0,-0.0,-0.0,834.0168933780434,0.0
5315,19.0,0.0,-0.0,849.5415923254118,0.0
5316,30.81085000000001,19.0,0.0,844.5415923254118,0.0
5317,43.21714999999999,19.0,19.0,839.5415923254118,0.0
5318,43.21714999999999,38.0,28.31580000000001,834.5415923254118,0.0
5319,44.04020000000003,38.0,47.31580000000001,829.5415923254118,0.0
5320,44.04020000000003,38.0,47.31580000000001,830.5543123254118,0.0
5321,41.334807571560525,38.0,47.31580000000001,825.5543123254118,0.0
5322,41.334807571560525,38.0,37.14235586334257,820.5543123254118,0.0
5323,24.41528771929831,38.0,37.14235586334257,815.5543123254118,0.0
5324,24.41528771929831,21.854662973222524,37.14235586334257,810.5543123254118,0.0
5325,24.41528771929831,21.854662973222524,26.82987202216066,805.5543123254118,0.0
5326,24.41528771929831,21.854662973222524,26.703703970452437,800.5543123254118,0.0
5327,24.41528771929831,27.282612973222527,26.703703970452437,795.5543123254118,0.0
5328,24.41528771929831,27.282612973222527,26.703703970452437,796.2142323254118,0.0
5329,24.41528771929831,27.282612973222527,26.703703970452437,799.4135923254117,0.0
5330,24.41528771929831,27.282612973222527,26.703703970452437,802.8873102201486,0.0
5331,24.41528771929831,27.282612973222527,26.703703970452437,804.3120596938328,0.0
5332,24.41528771929831,27.282612973222527,26.703703970452437,799.8682407464644,0.0
5333,24.41528771929831,23.960636980609397,26.703703970452437,794.8682407464644,0.0
5334,24.41528771929831,17.034930609418268,26.703703970452437,789.8682407464644,0.0
5335,24.41528771929831,17.034930609418268,26.703703970452437,784.8682407464644,0.0
5336,24.41528771929831,17.034930609418268,26.703703970452437,786.0188975885696,0.0
5337,24.41528771929831,33.164380609418245,26.703703970452437,781.0188975885696,0.0
5338,24.41528771929831,33.164380609418245,26.703703970452437,792.7183502201486,0.0
5339,24.41528771929831,33.164380609418245,26.703703970452437,808.5412428517276,0.0
5340,26.440437719298316,33.164380609418245,26.703703970452437,825.1412428517276,0.0
5341,26.440437719298316,52.164380609418245,26.703703970452437,829.092434430675,0.0
5342,45.440437719298316,52.164380609418245,26.703703970452437,830.6371586412013,0.0
5343,64.3033877192983,52.164380609418245,26.703703970452437,825.6371586412013,0.0
5344,64.3033877192983,52.164380609418245,26.703703970452437,825.305449167517,0.0
5345,64.3033877192983,52.164380609418245,21.752365096952907,820.305449167517,0.0
5346,47.77239972299176,52.164380609418245,21.752365096952907,815.305449167517,0.0
5347,47.77239972299176,52.164380609418245,3.059641181902137,810.305449167517,0.0
5348,47.42503130193914,31.11174903047088,3.059641181902137,805.305449167517,0.0
5349,47.42503130193914,18.771490489381307,3.059641181902137,800.305449167517,0.0
5350,47.42503130193914,18.771490489381307,0.8938424746075824,795.305449167517,0.0
5351,47.42503130193914,18.771490489381307,0.8938424746075824,792.1754028517275,0.0
5352,47.42503130193914,18.771490489381307,0.8938424746075824,790.7552807464643,0.0
5353,47.42503130193914,18.771490489381307,0.8938424746075824,791.964143904359,0.0
5354,47.42503130193914,18.771490489381307,9.926342474607575,786.964143904359,0.0
5355,47.42503130193914,18.771490489381307,9.926342474607575,786.887276535938,0.0
5356,47.42503130193914,18.771490489381307,9.926342474607575,781.887276535938,0.0
5357,40.080248291782176,18.771490489381307,9.926342474607575,776.887276535938,0.0
5358,33.296277839335275,18.771490489381307,9.926342474607575,771.887276535938,0.0
5359,33.296277839335275,18.771490489381307,9.926342474607575,766.887276535938,0.0
5360,33.296277839335275,18.771490489381307,9.926342474607575,766.401676535938,0.0
5361,47.134477839335275,18.771490489381307,9.926342474607575,761.401676535938,0.0
5362,66.13447783933528,18.771490489381307,11.301692474607583,756.401676535938,0.0
5363,66.13447783933528,18.771490489381307,11.301692474607583,771.394409167517,0.0
5364,66.13447783933528,18.771490489381307,12.831692474607566,787.994409167517,0.0
5365,66.13447783933528,37.77149048938131,24.705892474607563,782.994409167517,0.0
5366,66.13447783933528,37.77149048938131,24.705892474607563,799.562009167517,0.0
5367,66.13447783933528,37.77149048938131,43.705892474607566,795.8517565359381,0.0
5368,66.13447783933528,37.77149048938131,52.63154247460756,790.8517565359381,0.0
5369,66.13447783933528,35.41884044321326,52.63154247460756,785.8517565359381,0.0
5370,53.123009695290946,35.41884044321326,52.63154247460756,780.8517565359381,0.0
5371,53.123009695290946,23.874131301939002,52.63154247460756,775.8517565359381,0.0
5372,53.123009695290946,23.874131301939002,39.121422437673104,770.8517565359381,0.0
5373,53.123009695290946,15.361019575253865,39.121422437673104,765.8517565359381,0.0
5374,53.123009695290946,15.265488642659218,39.121422437673104,760.8517565359381,0.0
5375,53.123009695290946,15.265488642659218,39.121422437673104,760.1464807464644,0.0
5376,53.123009695290946,15.265488642659218,48.9498224376731,755.1464807464644,0.0
5377,53.123009695290946,15.265488642659218,48.9498224376731,759.9876302201486,0.0
5378,53.123009695290946,15.265488642659218,48.9498224376731,765.2420596938329,0.0
5379,53.123009695290946,15.265488642659218,48.9498224376731,768.3594912727802,0.0
5380,53.123009695290946,15.265488642659218,48.9498224376731,765.1515712727802,0.0
5381,53.123009695290946,15.265488642659218,45.98540877192978,760.1515712727802,0.0
5382,51.18899307479232,15.265488642659218,45.98540877192978,755.1515712727802,0.0
5383,51.18899307479232,15.265488642659218,45.98540877192978,750.1515712727802,0.0
5384,51.18899307479232,15.265488642659218,45.98540877192978,750.0964175885697,0.0
5385,51.18899307479232,28.751388642659236,45.98540877192978,745.0964175885697,0.0
5386,51.18899307479232,28.751388642659236,45.98540877192978,755.0441481148855,0.0
5387,51.18899307479232,28.751388642659236,64.98540877192977,755.270021799096,0.0
5388,58.63837882425422,47.751388642659236,64.98540877192977,752.6128368100301,0.0
5389,60.253278824254224,47.751388642659236,64.98540877192977,769.2128368100301,0.0
5390,60.253278824254224,47.751388642659236,64.98540877192977,784.8282936521354,0.0
5391,60.253278824254224,47.751388642659236,64.98540877192977,793.943969441609,0.0
5392,60.253278824254224,47.751388642659236,64.98540877192977,793.0682052310827,0.0
5393,60.253278824254224,42.36464810710981,64.98540877192977,788.0682052310827,0.0
5394,46.67472554632245,39.38909242843955,64.98540877192977,783.0682052310827,0.0
5395,46.67472554632245,37.04336759002773,43.9327771929824,778.0682052310827,0.0
5396,46.67472554632245,37.04336759002773,23.697615604801427,773.0682052310827,0.0
5397,46.67472554632245,21.342074884579873,23.697615604801427,768.0682052310827,0.0
5398,46.67472554632245,19.646451615881794,23.697615604801427,763.0682052310827,0.0
5399,46.67472554632245,19.646451615881794,23.697615604801427,759.1832199679249,0.0
5400,46.67472554632245,19.646451615881794,23.697615604801427,758.5115189152933,0.0
5401,46.67472554632245,28.965551615881793,23.697615604801427,753.5115189152933,0.0
5402,46.67472554632245,28.965551615881793,23.697615604801427,756.0685252310827,0.0
5403,46.67472554632245,28.965551615881793,23.697615604801427,756.5994894416091,0.0
5404,46.67472554632245,28.965551615881793,23.697615604801427,751.5994894416091,0.0
5405,46.67472554632245,23.00601329639889,23.697615604801427,746.5994894416091,0.0
5406,38.04118907356161,23.00601329639889,23.697615604801427,741.5994894416091,0.0
5407,36.56325740227815,23.00601329639889,23.697615604801427,736.5994894416091,0.0
5408,36.56325740227815,23.00601329639889,23.697615604801427,734.4645210205565,0.0
5409,36.56325740227815,23.00601329639889,23.697615604801427,738.3138515468723,0.0
5410,36.56325740227815,23.00601329639889,23.697615604801427,747.0319357573986,0.0
5411,36.56325740227815,23.00601329639889,23.697615604801427,760.0954852310829,0.0
5412,36.56325740227815,23.00601329639889,23.697615604801427,775.6858936521355,0.0
5413,36.56325740227815,23.00601329639889,42.69761560480143,777.126672599504,0.0
5414,41.87465740227814,23.00601329639889,61.69761560480143,772.126672599504,0.0
5415,41.87465740227814,23.00601329639889,61.69761560480143,778.5819483889777,0.0
5416,43.41285740227814,23.00601329639889,61.69761560480143,773.5819483889777,0.0
5417,43.41285740227814,23.00601329639889,51.07504866112646,768.5819483889777,0.0
5418,43.41285740227814,23.00601329639889,33.64786491228067,763.5819483889777,0.0
5419,24.937123330255982,23.00601329639889,33.64786491228067,758.5819483889777,0.0
5420,24.261832471530234,23.00601329639889,12.5952333333333,753.5819483889777,0.0
5421,24.261832471530234,11.050297691597406,12.5952333333333,748.5819483889777,0.0
5422,24.261832471530234,11.050297691597406,9.739480794090458,743.5819483889777,0.0
5423,24.261832471530234,11.050297691597406,9.739480794090458,741.6607820731882,0.0
5424,24.261832471530234,19.979447691597404,9.739480794090458,736.6607820731882,0.0
5425,24.261832471530234,19.979447691597404,9.739480794090458,741.231817862662,0.0
5426,24.261832471530234,19.979447691597404,9.739480794090458,746.5864031258199,0.0
5427,35.59493247153024,19.979447691597404,9.739480794090458,741.5864031258199,0.0
5428,35.59493247153024,23.60749769159739,9.739480794090458,736.5864031258199,0.0
5429,35.59493247153024,23.60749769159739,9.739480794090458,731.5864031258199,0.0
5430,35.59493247153024,23.60749769159739,9.399646999076596,726.5864031258199,0.0
5431,35.59493247153024,23.60749769159739,9.399646999076596,722.1190515468725,0.0
5432,44.61748247153026,23.60749769159739,9.399646999076596,717.1190515468725,0.0
5433,44.61748247153026,23.60749769159739,9.399646999076596,724.0693841784514,0.0
5434,44.61748247153026,23.60749769159739,9.399646999076596,735.1251947047672,0.0
5435,63.61748247153026,23.60749769159739,16.907446999076583,730.1251947047672,0.0
5436,64.84308247153028,23.60749769159739,16.907446999076583,746.7251947047672,0.0
5437,83.84308247153028,23.60749769159739,16.907446999076583,750.1731441784514,0.0
5438,83.84308247153028,23.60749769159739,35.90744699907658,751.2555904942409,0.0
5439,83.84308247153028,23.60749769159739,35.90744699907658,760.0286978626619,0.0
5440,89.08083247153027,23.60749769159739,35.90744699907658,755.0286978626619,0.0
5441,82.01427660818773,23.60749769159739,35.90744699907658,750.0286978626619,0.0
5442,65.4261140966457,23.60749769159739,35.90744699907658,745.0286978626619,0.0
5443,65.4261140966457,23.60749769159739,16.213134903047045,740.0286978626619,0.0
5444,65.4261140966457,4.97540166204987,16.213134903047045,735.0286978626619,0.0
5445,53.787351400431476,4.97540166204987,16.213134903047045,730.0286978626619,0.0
5446,53.787351400431476,2.0836934441366477,16.213134903047045,725.0286978626619,0.0
5447,53.787351400431476,2.0836934441366477,19.864934903047057,720.0286978626619,0.0
5448,53.787351400431476,2.0836934441366477,19.864934903047057,721.5076747047672,0.0
5449,53.787351400431476,2.0836934441366477,19.864934903047057,725.7144283889777,0.0
5450,53.787351400431476,2.0836934441366477,19.864934903047057,730.6420915468724,0.0
5451,53.787351400431476,2.0836934441366477,19.864934903047057,733.7537631258198,0.0
5452,53.787351400431476,2.0836934441366477,19.864934903047057,730.7968199679251,0.0
5453,53.787351400431476,-0.0,19.864934903047057,725.7968199679251,0.0
5454,50.44077706986822,-0.0,19.864934903047057,720.7968199679251,0.0
5455,50.44077706986822,-0.0,19.864934903047057,715.8776873363462,0.0
5456,50.44077706986822,-0.0,19.864934903047057,717.8221631258199,0.0
5457,67.74722706986819,0.0,19.864934903047057,712.8221631258199,0.0
5458,67.74722706986819,19.0,19.864934903047057,711.743245231083,0.0
5459,67.74722706986819,19.0,21.405584903047064,728.3432452310831,0.0
5460,67.74722706986819,23.643249999999966,21.405584903047064,744.9432452310831,0.0
5461,67.74722706986819,23.643249999999966,26.040984903047065,761.5432452310831,0.0
5462,67.74722706986819,24.65974999999996,26.040984903047065,778.1432452310831,0.0
5463,67.74722706986819,24.65974999999996,26.040984903047065,788.6282852310832,0.0
5464,67.74722706986819,31.658549999999966,26.040984903047065,783.6282852310832,0.0
5465,67.74722706986819,31.658549999999966,19.98406892890117,778.6282852310832,0.0
5466,67.74722706986819,18.918937811634287,19.98406892890117,773.6282852310832,0.0
5467,67.74722706986819,0.7555767774699333,19.98406892890117,768.6282852310832,0.0
5468,51.01284110495591,0.7555767774699333,19.98406892890117,763.6282852310832,0.0
5469,39.811529932287385,0.7555767774699333,19.98406892890117,758.6282852310832,0.0
5470,39.268612111419436,0.7555767774699333,19.98406892890117,753.6282852310832,0.0
5471,39.268612111419436,0.7555767774699333,24.087718928901175,748.6282852310832,0.0
5472,39.268612111419436,7.819826777469945,24.087718928901175,743.6282852310832,0.0
5473,39.268612111419436,18.597026777469942,24.087718928901175,738.6282852310832,0.0
5474,39.268612111419436,18.597026777469942,24.087718928901175,742.4971315468727,0.0
5475,39.268612111419436,18.597026777469942,33.46196892890116,737.4971315468727,0.0
5476,39.268612111419436,20.075076777469953,33.46196892890116,732.4971315468727,0.0
5477,39.268612111419436,20.075076777469953,28.25713051708213,727.4971315468727,0.0
5478,39.268612111419436,15.90146643582635,28.25713051708213,722.4971315468727,0.0
5479,39.268612111419436,15.90146643582635,27.9888756694367,717.4971315468727,0.0
5480,39.268612111419436,24.868916435826343,27.9888756694367,712.4971315468727,0.0
5481,39.268612111419436,24.868916435826343,27.9888756694367,720.1839104942411,0.0
5482,39.268612111419436,43.86891643582634,31.781175669436706,715.1839104942411,0.0
5483,39.268612111419436,62.86891643582634,31.781175669436706,717.1851525995042,0.0
5484,51.73151211141946,62.86891643582634,50.781175669436706,712.1851525995042,0.0
5485,51.73151211141946,66.16676643582635,50.781175669436706,728.7851525995043,0.0
5486,51.73151211141946,66.16676643582635,69.7811756694367,731.1092199679254,0.0
5487,51.73151211141946,66.16676643582635,69.7811756694367,741.2664704942412,0.0
5488,51.73151211141946,66.16676643582635,69.7811756694367,741.1202178626622,0.0
5489,46.67274941520524,66.16676643582635,69.7811756694367,736.1202178626622,0.0
5490,46.67274941520524,66.16676643582635,53.36008610341639,731.1202178626622,0.0
5491,46.67274941520524,66.16676643582635,32.67844252077559,726.1202178626622,0.0
5492,46.67274941520524,66.16676643582635,13.226937442289902,721.1202178626622,0.0
5493,40.42324622960957,59.5608125577101,13.226937442289902,716.1202178626622,0.0
5494,40.42324622960957,59.5608125577101,5.207380655586302,711.1202178626622,0.0
5495,40.42324622960957,59.5608125577101,5.207380655586302,706.397001020557,0.0
5496,40.42324622960957,59.5608125577101,5.207380655586302,703.6086515468728,0.0
5497,40.42324622960957,59.5608125577101,5.207380655586302,703.5733168100306,0.0
5498,40.42324622960957,59.5608125577101,5.207380655586302,704.2263399679254,0.0
5499,40.42324622960957,59.5608125577101,5.207380655586302,703.1222220731885,0.0
5500,40.42324622960957,59.5608125577101,5.207380655586302,698.1222220731885,0.0
5501,40.42324622960957,50.90044321329643,5.207380655586302,693.1222220731885,0.0
5502,40.42324622960957,40.5254478301016,5.207380655586302,688.1222220731885,0.0
5503,40.42324622960957,32.52273314866113,5.207380655586302,683.1222220731885,0.0
5504,40.42324622960957,32.52273314866113,5.207380655586302,678.7558978626622,0.0
5505,40.42324622960957,32.52273314866113,5.207380655586302,679.8461504942411,0.0
5506,40.42324622960957,32.52273314866113,5.207380655586302,685.4411399679253,0.0
5507,40.42324622960957,32.52273314866113,5.207380655586302,695.0097715468727,0.0
5508,43.677896229609566,32.52273314866113,24.207380655586302,690.0097715468727,0.0
5509,43.677896229609566,32.52273314866113,24.207380655586302,702.1758978626622,0.0
5510,44.57069622960955,51.52273314866113,24.207380655586302,697.1758978626622,0.0
5511,44.57069622960955,51.52273314866113,36.0433306555863,692.1758978626622,0.0
5512,44.57069622960955,51.52273314866113,36.0433306555863,687.1758978626622,0.0
5513,44.57069622960955,40.889455216989845,36.0433306555863,682.1758978626622,0.0
5514,27.175294567559707,40.889455216989845,36.0433306555863,677.1758978626622,0.0
5515,24.789403524161738,19.836823638042482,36.0433306555863,672.1758978626622,0.0
5516,24.789403524161738,0.0,36.0433306555863,667.1758978626622,0.0
5517,24.789403524161738,-0.0,23.16770738688824,662.1758978626622,0.0
5518,22.027519867652043,-0.0,23.16770738688824,657.1758978626622,0.0
5519,22.027519867652043,-0.0,23.16770738688824,652.576975757399,0.0
5520,22.027519867652043,-0.0,23.16770738688824,649.8823399679253,0.0
5521,22.027519867652043,6.654300000000016,23.16770738688824,644.8823399679253,0.0
5522,22.027519867652043,6.654300000000016,23.16770738688824,645.52240312582,0.0
5523,22.027519867652043,6.654300000000016,23.16770738688824,644.2100536521358,0.0
5524,22.027519867652043,6.654300000000016,23.16770738688824,639.2100536521358,0.0
5525,21.039622453062908,6.654300000000016,12.79154201292704,634.2100536521358,0.0
5526,21.039622453062908,6.654300000000016,-0.0,629.2100536521358,0.0
5527,13.707969636811768,6.654300000000016,-0.0,624.2100536521358,0.0
5528,13.707969636811768,6.654300000000016,-0.0,619.7160999679253,0.0
5529,22.89376963681176,6.654300000000016,-0.0,614.7160999679253,0.0
5530,22.89376963681176,6.654300000000016,0.0,621.9426852310831,0.0
5531,41.89376963681176,6.654300000000016,3.221049999999977,616.9426852310831,0.0
5532,48.67816963681176,25.654300000000017,3.221049999999977,611.9426852310831,0.0
5533,48.67816963681176,25.654300000000017,3.221049999999977,626.6778473363463,0.0
5534,48.67816963681176,25.654300000000017,3.221049999999977,639.0557673363463,0.0
5535,48.67816963681176,30.28991874422899,13.226131255771008,634.0557673363463,0.0
5536,48.67816963681176,30.28991874422899,13.226131255771008,630.4160368100305,0.0
5537,48.67816963681176,18.842808864265933,13.226131255771008,625.4160368100305,0.0
5538,27.752721806710163,18.842808864265933,13.226131255771008,620.4160368100305,0.0
5539,16.688624192059095,11.733610080025041,13.226131255771008,615.4160368100305,0.0
5540,0.0,11.733610080025041,13.226131255771008,610.4160368100305,0.0
5541,-0.0,11.733610080025041,2.897617867036004,605.4160368100305,0.0
5542,-0.0,11.733610080025041,2.897617867036004,600.4160368100305,0.0
5543,-0.0,11.733610080025041,2.897617867036004,599.5400073363463,0.0
5544,-0.0,21.79531008002506,2.897617867036004,594.5400073363463,0.0
5545,14.00269999999999,21.79531008002506,2.897617867036004,589.5400073363463,0.0
5546,14.00269999999999,21.79531008002506,18.232517867036016,584.5400073363463,0.0
5547,14.00269999999999,21.79531008002506,18.232517867036016,589.8774641784515,0.0
5548,14.00269999999999,21.79531008002506,18.232517867036016,589.7296957573989,0.0
5549,14.00269999999999,21.79531008002506,18.232517867036016,584.7296957573989,0.0
5550,14.00269999999999,21.79531008002506,17.299424607571556,579.7296957573989,0.0
5551,14.00269999999999,21.79531008002506,20.72242460757156,574.7296957573989,0.0
5552,14.00269999999999,21.79531008002506,33.903824607571565,569.7296957573989,0.0
5553,14.00269999999999,21.79531008002506,33.903824607571565,581.5172536521357,0.0
5554,33.00269999999999,21.79531008002506,33.903824607571565,584.0442094416094,0.0
5555,33.00269999999999,21.79531008002506,40.19997460757156,600.6442094416094,0.0
5556,38.881422576177236,21.79531008002506,59.19997460757156,605.6099018049277,0.0
5557,48.47422257617727,21.79531008002506,59.19997460757156,622.2099018049278,0.0
5558,54.70467257617727,21.79531008002506,59.19997460757156,638.8099018049278,0.0
5559,54.70467257617727,21.79531008002506,59.19997460757156,653.639838647033,0.0
5560,54.70467257617727,21.79531008002506,59.19997460757156,658.6696281207172,0.0
5561,54.70467257617727,21.79531008002506,59.19997460757156,653.6696281207172,0.0
5562,54.70467257617727,15.091284225916084,59.19997460757156,648.6696281207172,0.0
5563,54.70467257617727,6.588366405048122,59.19997460757156,643.6696281207172,0.0
5564,54.70467257617727,6.588366405048122,53.037499999999994,638.6696281207172,0.0
5565,54.70467257617727,6.588366405048122,53.037499999999994,633.6696281207172,0.0
5566,54.70467257617727,6.588366405048122,53.037499999999994,632.2601923312435,0.0
5567,54.70467257617727,6.588366405048122,65.3899,627.2601923312435,0.0
5568,54.70467257617727,6.588366405048122,81.0,622.2601923312435,0.0
5569,54.70467257617727,6.588366405048122,81.0,631.501413383875,0.0
5570,55.21717257617728,6.588366405048122,100.0,626.501413383875,0.0
5571,55.21717257617728,6.588366405048122,100.0,634.3481081207171,0.0
5572,55.21717257617728,6.588366405048122,100.0,636.0473291733488,0.0
5573,55.21717257617728,6.588366405048122,100.0,631.0473291733488,0.0
5574,55.21717257617728,6.588366405048122,100.0,626.0473291733488,0.0
5575,55.21717257617728,6.588366405048122,100.0,624.4674049628225,0.0
5576,55.21717257617728,6.588366405048122,100.0,628.9192239101909,0.0
5577,55.21717257617728,25.58836640504812,100.0,624.6413081207172,0.0
5578,55.21717257617728,25.58836640504812,100.0,639.3864365417699,0.0
5579,58.2536725761773,25.58836640504812,100.0,655.9864365417699,0.0
5580,64.39457257617731,25.58836640504812,100.0,672.5864365417699,0.0
5581,70.74942257617728,25.58836640504812,100.0,689.1864365417699,0.0
5582,73.69467257617728,25.58836640504812,100.0,705.78643654177,0.0
5583,73.69467257617728,25.58836640504812,100.0,717.8973881207173,0.0
5584,73.69467257617728,25.58836640504812,100.0,719.9169333838752,0.0
5585,73.69467257617728,25.58836640504812,97.76738688827331,714.9169333838752,0.0
5586,73.69467257617728,25.58836640504812,86.34223453370267,709.9169333838752,0.0
5587,73.69467257617728,25.58836640504812,71.88245614035085,704.9169333838752,0.0
5588,73.69467257617728,25.58836640504812,57.90978762696211,699.9169333838752,0.0
5589,64.68926168051708,25.58836640504812,57.90978762696211,694.9169333838752,0.0
5590,64.68926168051708,25.58836640504812,57.90978762696211,689.9169333838752,0.0
5591,64.68926168051708,25.58836640504812,57.90978762696211,688.7739733838752,0.0
5592,64.68926168051708,25.58836640504812,57.90978762696211,691.0801544365067,0.0
5593,64.68926168051708,25.58836640504812,70.6639376269621,686.0801544365067,0.0
5594,64.68926168051708,25.58836640504812,70.6639376269621,691.2428786470331,0.0
5595,64.68926168051708,25.58836640504812,70.6639376269621,694.3454175944015,0.0
5596,67.3943616805171,25.58836640504812,70.6639376269621,689.3454175944015,0.0
5597,62.053345983379494,25.58836640504812,70.6639376269621,684.3454175944015,0.0
5598,54.805183471837495,25.58836640504812,70.6639376269621,679.3454175944015,0.0
5599,54.805183471837495,25.58836640504812,67.91219247460754,674.3454175944015,0.0
5600,57.16542036011076,25.58836640504812,73.41065558633427,669.3454175944015,0.0
5601,57.16542036011076,25.58836640504812,73.41065558633427,677.0971481207173,0.0
5602,76.16542036011076,25.58836640504812,73.41065558633427,675.3406723312436,0.0
5603,95.16542036011076,25.58836640504812,73.41065558633427,677.8543270680857,0.0
5604,95.16542036011076,28.987616405048097,73.41065558633427,694.4543270680857,0.0
5605,95.16542036011076,47.9876164050481,73.41065558633427,699.2560281207174,0.0
5606,95.29932036011076,47.9876164050481,73.41065558633427,715.8560281207174,0.0
5607,95.29932036011076,47.9876164050481,73.41065558633427,725.8483607522963,0.0
5608,95.29932036011076,47.9876164050481,73.41065558633427,725.7875607522964,0.0
5609,95.29932036011076,47.9876164050481,70.61586334256694,720.7875607522964,0.0
5610,95.29932036011076,47.9876164050481,54.22598337950137,715.7875607522964,0.0
5611,76.07281989843024,47.9876164050481,54.22598337950137,710.7875607522964,0.0
5612,76.07281989843024,47.9876164050481,37.97289012003692,705.7875607522964,0.0
5613,76.07281989843024,37.4680411511238,37.97289012003692,700.7875607522964,0.0
5614,76.07281989843024,37.4680411511238,37.41951985226221,695.7875607522964,0.0
5615,76.07281989843024,37.4680411511238,37.41951985226221,694.7842049628227,0.0
5616,76.07281989843024,37.4680411511238,37.41951985226221,697.0966765417701,0.0
5617,76.07281989843024,50.10199115112381,37.41951985226221,692.0966765417701,0.0
5618,76.07281989843024,50.10199115112381,37.41951985226221,697.1805039101911,0.0
5619,76.07281989843024,50.10199115112381,37.41951985226221,700.2442007522964,0.0
5620,76.07281989843024,50.10199115112381,37.41951985226221,697.0683396996648,0.0
5621,70.25197040627882,50.10199115112381,37.41951985226221,692.0683396996648,0.0
5622,70.25197040627882,50.10199115112381,27.821292705447828,687.0683396996648,0.0
5623,70.25197040627882,50.10199115112381,27.821292705447828,682.0683396996648,0.0
5624,70.25197040627882,50.10199115112381,27.821292705447828,682.0334596996647,0.0
5625,70.25197040627882,50.10199115112381,27.821292705447828,687.329383910191,0.0
5626,70.25197040627882,50.10199115112381,27.821292705447828,696.5825418049279,0.0
5627,70.25197040627882,50.10199115112381,27.821292705447828,709.671101804928,0.0
5628,70.25197040627882,50.10199115112381,27.821292705447828,724.8716491733489,0.0
5629,70.25197040627882,50.10199115112381,27.821292705447828,739.9061418049279,0.0
5630,70.25197040627882,50.10199115112381,27.821292705447828,752.7736618049279,0.0
5631,70.25197040627882,50.10199115112381,27.821292705447828,759.3714596996648,0.0
5632,70.25197040627882,52.36459115112381,27.821292705447828,754.3714596996648,0.0
5633,60.73980050784853,52.36459115112381,27.821292705447828,749.3714596996648,0.0
5634,60.73980050784853,33.27491432748576,27.821292705447828,744.3714596996648,0.0
5635,60.73980050784853,14.22865393967411,27.821292705447828,739.3714596996648,0.0
5636,60.73980050784853,14.22865393967411,12.042234533702679,734.3714596996648,0.0
5637,50.9963102031394,14.22865393967411,12.042234533702679,729.3714596996648,0.0
5638,50.18153642659277,14.22865393967411,12.042234533702679,724.3714596996648,0.0
5639,50.18153642659277,14.22865393967411,12.042234533702679,722.428049173349,0.0
5640,56.90588642659279,14.22865393967411,12.042234533702679,717.428049173349,0.0
5641,56.90588642659279,14.22865393967411,12.042234533702679,720.1778260154542,0.0
5642,56.90588642659279,25.576653939674088,12.042234533702679,715.1778260154542,0.0
5643,56.90588642659279,34.58105393967407,12.042234533702679,710.1778260154542,0.0
5644,56.90588642659279,34.58105393967407,12.042234533702679,706.1426639101911,0.0
5645,56.90588642659279,34.58105393967407,6.870009233610337,701.1426639101911,0.0
5646,56.90588642659279,34.58105393967407,0.0,696.1426639101911,0.0
5647,56.90588642659279,34.58105393967407,-0.0,691.1426639101911,0.0
5648,56.90588642659279,41.73645393967408,-0.0,686.1426639101911,0.0
5649,56.90588642659279,41.73645393967408,-0.0,692.8439144365069,0.0
5650,56.90588642659279,41.73645393967408,-0.0,704.1972744365069,0.0
5651,56.90588642659279,41.73645393967408,19.0,705.1584954891384,0.0
5652,56.90588642659279,43.09005393967407,19.0,721.7584954891385,0.0
5653,56.90588642659279,44.65315393967409,19.0,738.3584954891385,0.0
5654,56.90588642659279,52.92690393967411,38.0,733.3584954891385,0.0
5655,56.90588642659279,52.92690393967411,57.0,728.4509207522964,0.0
5656,56.90588642659279,52.92690393967411,57.0,728.1386133838753,0.0
5657,56.90588642659279,52.92690393967411,51.30384118190213,723.1386133838753,0.0
5658,56.90588642659279,37.23537751615888,51.30384118190213,718.1386133838753,0.0
5659,56.90588642659279,37.23537751615888,34.3897137580794,713.1386133838753,0.0
5660,56.90588642659279,37.23537751615888,18.530951061865178,708.1386133838753,0.0
5661,56.90588642659279,37.23537751615888,8.282880886426591,703.1386133838753,0.0
5662,56.90588642659279,37.23537751615888,7.201477377654655,698.1386133838753,0.0
5663,56.90588642659279,37.23537751615888,7.201477377654655,697.2878596996648,0.0
5664,56.90588642659279,37.23537751615888,7.201477377654655,698.9571060154542,0.0
5665,56.90588642659279,37.23537751615888,7.201477377654655,703.6818428575594,0.0
5666,56.90588642659279,51.51127751615889,7.201477377654655,698.6818428575594,0.0
5667,56.90588642659279,51.51127751615889,7.201477377654655,702.9048533838752,0.0
5668,56.90588642659279,56.09072751615889,7.201477377654655,697.9048533838752,0.0
5669,56.90588642659279,56.09072751615889,5.965318559556807,692.9048533838752,0.0
5670,55.15585872576176,56.09072751615889,5.965318559556807,687.9048533838752,0.0
5671,55.15585872576176,56.09072751615889,5.965318559556807,682.9386175944015,0.0
5672,55.15585872576176,56.09072751615889,5.965318559556807,685.2920533838752,0.0
5673,55.15585872576176,73.60297751615892,5.965318559556807,680.2920533838752,0.0
5674,55.15585872576176,73.60297751615892,5.965318559556807,692.4894428575594,0.0
5675,55.15585872576176,73.60297751615892,5.965318559556807,708.2625418049279,0.0
5676,56.85560872576177,73.60297751615892,5.965318559556807,724.8625418049279,0.0
5677,56.85560872576177,73.60297751615892,7.980318559556808,741.4625418049279,0.0
5678,75.85560872576177,73.60297751615892,16.561768559556793,736.4625418049279,0.0
5679,75.85560872576177,73.60297751615892,16.561768559556793,746.0027902259806,0.0
5680,75.85560872576177,73.60297751615892,16.561768559556793,745.2980449628227,0.0
5681,75.85560872576177,65.10085378578032,16.561768559556793,740.2980449628227,0.0
5682,75.85560872576177,47.49383624192064,16.561768559556793,735.2980449628227,0.0
5683,75.85560872576177,44.70631578947374,-0.0,730.2980449628227,0.0
5684,57.468775854108955,44.70631578947374,-0.0,725.2980449628227,0.0
5685,57.468775854108955,33.22655586334262,-0.0,720.2980449628227,0.0
5686,57.468775854108955,30.997931671283503,-0.0,715.2980449628227,0.0
5687,57.468775854108955,30.997931671283503,-0.0,711.9321039101911,0.0
5688,57.468775854108955,30.997931671283503,-0.0,710.3542260154543,0.0
5689,57.468775854108955,30.997931671283503,-0.0,711.2223775944017,0.0
5690,57.468775854108955,30.997931671283503,0.0,712.6376912786122,0.0
5691,57.468775854108955,30.997931671283503,6.146250000000013,707.6376912786122,0.0
5692,57.468775854108955,30.997931671283503,6.146250000000013,702.6376912786122,0.0
5693,57.468775854108955,20.452317636195772,6.146250000000013,697.6376912786122,0.0
5694,42.88090881809788,20.452317636195772,6.146250000000013,692.6376912786122,0.0
5695,42.88090881809788,20.452317636195772,3.1061945983379617,687.6376912786122,0.0
5696,42.88090881809788,20.452317636195772,4.833844598337943,682.6376912786122,0.0
5697,42.88090881809788,20.452317636195772,4.833844598337943,684.5256660154544,0.0
5698,42.88090881809788,20.452317636195772,4.833844598337943,690.4723186470334,0.0
5699,43.07615881809786,39.45231763619577,4.833844598337943,685.4723186470334,0.0
5700,43.07615881809786,39.45231763619577,4.833844598337943,696.8587607522965,0.0
5701,43.07615881809786,39.45231763619577,4.833844598337943,708.3107228575597,0.0
5702,43.07615881809786,39.45231763619577,4.833844598337943,717.6550554891386,0.0
5703,43.07615881809786,39.45231763619577,4.833844598337943,721.0687481207175,0.0
5704,43.07615881809786,38.23835641735922,4.833844598337943,716.0687481207175,0.0
5705,32.39000923361034,38.23835641735922,4.833844598337943,711.0687481207175,0.0
5706,11.337377654662975,37.8778208679594,4.833844598337943,706.0687481207175,0.0
5707,11.337377654662975,17.63732225300093,4.833844598337943,701.0687481207175,0.0
5708,11.337377654662975,-0.0,4.833844598337943,696.0687481207175,0.0
5709,0.0,-0.0,4.833844598337943,691.0687481207175,0.0
5710,-0.0,-0.0,4.833844598337943,686.0687481207175,0.0
5711,-0.0,-0.0,4.833844598337943,683.867501804928,0.0
5712,-0.0,0.0,4.833844598337943,685.0416154891385,0.0
5713,-0.0,-0.0,4.833844598337943,688.9598765417701,0.0
5714,13.054999999999987,-0.0,4.833844598337943,683.9598765417701,0.0
5715,24.19889999999999,-0.0,4.833844598337943,678.9598765417701,0.0
5716,28.142449999999997,-0.0,4.833844598337943,673.9598765417701,0.0
5717,26.06540475530931,-0.0,4.833844598337943,668.9598765417701,0.0
5718,20.070649445983364,-0.0,4.833844598337943,663.9598765417701,0.0
5719,20.070649445983364,-0.0,4.833844598337943,659.023729173349,0.0
5720,20.070649445983364,-0.0,14.904844598337945,654.023729173349,0.0
5721,20.070649445983364,17.251499999999997,14.904844598337945,649.023729173349,0.0
5722,20.070649445983364,17.251499999999997,14.904844598337945,661.2332070680858,0.0
5723,20.070649445983364,17.251499999999997,14.904844598337945,677.1723986470331,0.0
5724,20.070649445983364,17.251499999999997,16.949444598337926,693.7723986470331,0.0
5725,22.458349445983377,17.251499999999997,16.949444598337926,710.3723986470332,0.0
5726,22.458349445983377,17.251499999999997,16.949444598337926,726.5451733838753,0.0
5727,22.458349445983377,36.25149999999999,17.481694598337928,721.5451733838753,0.0
5728,22.458349445983377,42.283100000000005,17.481694598337928,716.5451733838753,0.0
5729,22.458349445983377,35.088289289012,17.481694598337928,711.5451733838753,0.0
5730,22.458349445983377,19.961105540166205,17.481694598337928,706.5451733838753,0.0
5731,4.211184164358254,19.961105540166205,17.481694598337928,701.5451733838753,0.0
5732,4.211184164358254,19.961105540166205,2.683061172668477,696.5451733838753,0.0
5733,4.211184164358254,10.758593998153255,2.683061172668477,691.5451733838753,0.0
5734,4.211184164358254,10.758593998153255,2.683061172668477,686.5451733838753,0.0
5735,4.211184164358254,10.758593998153255,2.683061172668477,686.4950218049279,0.0
5736,4.211184164358254,10.758593998153255,2.683061172668477,688.9418681207173,0.0
5737,4.211184164358254,10.758593998153255,15.824461172668467,683.9418681207173,0.0
5738,4.211184164358254,10.758593998153255,30.019361172668468,678.9418681207173,0.0
5739,4.211184164358254,10.758593998153255,30.019361172668468,682.7115060154541,0.0
5740,4.211184164358254,10.758593998153255,30.019361172668468,680.2539396996647,0.0
5741,0.7952469529085775,10.758593998153255,30.019361172668468,675.2539396996647,0.0
5742,0.7952469529085775,10.758593998153255,24.293230055401608,670.2539396996647,0.0
5743,0.7952469529085775,10.758593998153255,24.293230055401608,665.2539396996647,0.0
5744,0.7952469529085775,10.758593998153255,24.293230055401608,667.3340028575594,0.0
5745,0.7952469529085775,10.758593998153255,24.293230055401608,676.0773249628226,0.0
5746,0.7952469529085775,10.758593998153255,24.293230055401608,689.5242175944015,0.0
5747,19.795246952908577,10.758593998153255,24.293230055401608,692.492343910191,0.0
5748,19.795246952908577,10.758593998153255,28.48718005540161,709.0923439101911,0.0
5749,38.79524695290858,24.966243998153253,28.48718005540161,704.0923439101911,0.0
5750,57.79524695290858,34.05124653739613,28.48718005540161,700.8803293541333,0.0
5751,57.79524695290858,34.05124653739613,28.48718005540161,712.2576767225544,0.0
5752,57.79524695290858,34.05124653739613,28.48718005540161,713.0525019857123,0.0
5753,49.41906966759006,34.05124653739613,28.48718005540161,708.0525019857123,0.0
5754,49.41906966759006,16.826408125577103,28.48718005540161,703.0525019857123,0.0
5755,49.41906966759006,-0.0,28.48718005540161,698.0525019857123,0.0
5756,36.680085364727624,-0.0,28.48718005540161,693.0525019857123,0.0
5757,26.167786195752566,-0.0,28.48718005540161,688.0525019857123,0.0
5758,26.167786195752566,-0.0,27.929340720221575,683.0525019857123,0.0
5759,26.167786195752566,-0.0,27.929340720221575,683.340485143607,0.0
5760,26.167786195752566,-0.0,27.929340720221575,686.8732430383438,0.0
5761,26.167786195752566,-0.0,27.929340720221575,692.7823798804491,0.0
5762,26.167786195752566,-0.0,27.929340720221575,699.4908683015017,0.0
5763,26.167786195752566,0.0,27.929340720221575,704.3118956699227,0.0
5764,26.167786195752566,4.888850000000002,27.929340720221575,699.3118956699227,0.0
5765,24.320103831948327,4.888850000000002,27.929340720221575,694.3118956699227,0.0
5766,24.320103831948327,2.1389331024930813,27.929340720221575,689.3118956699227,0.0
5767,24.320103831948327,2.1389331024930813,27.929340720221575,684.3118956699227,0.0
5768,33.42245383194833,2.1389331024930813,27.929340720221575,679.3118956699227,0.0
5769,33.42245383194833,18.70283310249308,27.929340720221575,674.3118956699227,0.0
5770,33.42245383194833,32.05232830101565,36.852945521698985,669.3118956699227,0.0
5771,33.42245383194833,32.05232830101565,36.852945521698985,684.9898409330806,0.0
5772,33.42245383194833,33.452428301015644,36.852945521698985,701.5898409330806,0.0
5773,52.42245383194833,44.636828301015655,36.852945521698985,696.5898409330806,0.0
5774,52.42245383194833,44.636828301015655,36.852945521698985,712.2478535646595,0.0
5775,52.42245383194833,63.17197830101564,36.852945521698985,707.2478535646595,0.0
5776,52.42245383194833,63.17197830101564,36.852945521698985,705.6738409330806,0.0
5777,52.42245383194833,56.207379963065506,36.852945521698985,700.6738409330806,0.0
5778,51.2753070175439,35.154748384118136,36.852945521698985,695.6738409330806,0.0
5779,51.2753070175439,35.154748384118136,16.351708217913206,690.6738409330806,0.0
5780,51.2753070175439,35.154748384118136,0.0,685.6738409330806,0.0
5781,41.08481763619581,35.154748384118136,-0.0,680.6738409330806,0.0
5782,41.08481763619581,33.52749076638961,-0.0,675.6738409330806,0.0
5783,47.6139676361958,33.52749076638961,-0.0,670.6738409330806,0.0
5784,47.6139676361958,33.52749076638961,12.547899999999995,665.6738409330806,0.0
5785,47.6139676361958,33.52749076638961,28.777350000000002,660.6738409330806,0.0
5786,47.6139676361958,33.52749076638961,28.777350000000002,668.9072514593963,0.0
5787,47.6139676361958,33.52749076638961,28.777350000000002,675.4394535646595,0.0
5788,47.6139676361958,33.52749076638961,28.777350000000002,676.0091840909753,0.0
5789,47.6139676361958,33.52749076638961,28.777350000000002,671.0091840909753,0.0
5790,47.6139676361958,31.67698291782082,28.777350000000002,666.0091840909753,0.0
5791,48.95356763619581,31.67698291782082,28.777350000000002,661.0091840909753,0.0
5792,48.95356763619581,31.67698291782082,40.07455,656.0091840909753,0.0
5793,48.95356763619581,31.67698291782082,40.07455,665.915912512028,0.0
5794,48.95356763619581,31.67698291782082,40.07455,680.0447967225542,0.0
5795,48.95356763619581,33.43243291782083,40.07455,696.6447967225542,0.0
5796,48.95356763619581,33.43243291782083,44.55525000000001,713.2447967225543,0.0
5797,50.1502225761774,33.43243291782083,47.67179506001843,729.8447967225543,0.0
5798,50.1502225761774,33.43243291782083,48.49184506001844,746.4447967225543,0.0
5799,50.1502225761774,33.43243291782083,48.49184506001844,756.9339293541333,0.0
5800,50.1502225761774,33.43243291782083,48.49184506001844,756.8851040909753,0.0
5801,43.76941001846734,33.43243291782083,48.49184506001844,751.8851040909753,0.0
5802,29.14228167128359,33.43243291782083,48.49184506001844,746.8851040909753,0.0
5803,21.146829085872643,26.037229916897545,48.49184506001844,741.8851040909753,0.0
5804,21.146829085872643,12.962825484764565,48.49184506001844,736.8851040909753,0.0
5805,21.146829085872643,9.293259464450598,48.49184506001844,731.8851040909753,0.0
5806,21.146829085872643,9.293259464450598,48.49184506001844,728.6384935646596,0.0
5807,21.146829085872643,9.293259464450598,58.04469506001844,723.6384935646596,0.0
5808,21.146829085872643,9.293259464450598,58.04469506001844,727.4008935646596,0.0
5809,21.146829085872643,9.293259464450598,58.04469506001844,733.5938240909753,0.0
5810,21.146829085872643,9.293259464450598,58.04469506001844,740.2447883015017,0.0
5811,21.146829085872643,9.293259464450598,58.04469506001844,744.7157061962386,0.0
5812,21.146829085872643,9.293259464450598,58.04469506001844,742.7548261962386,0.0
5813,21.146829085872643,7.931985226223452,58.04469506001844,737.7548261962386,0.0
5814,21.146829085872643,-0.0,58.04469506001844,732.7548261962386,0.0
5815,21.146829085872643,-0.0,58.04469506001844,727.7548261962386,0.0
5816,21.146829085872643,-0.0,58.04469506001844,727.8317735646597,0.0
5817,21.146829085872643,-0.0,58.04469506001844,734.0779840909754,0.0
5818,21.146829085872643,-0.0,58.04469506001844,744.4325904067649,0.0
5819,25.019631994459843,-0.0,58.04469506001844,755.0750808339409,0.0
5820,25.019631994459843,0.0,58.04469506001844,770.114575570783,0.0
5821,31.926481994459834,19.0,58.04469506001844,765.114575570783,0.0
5822,31.926481994459834,19.0,58.04469506001844,777.1363608339409,0.0
5823,31.926481994459834,19.0,58.04469506001844,782.7545418865725,0.0
5824,31.926481994459834,19.0,58.04469506001844,778.4527145181514,0.0
5825,31.926481994459834,9.76598337950136,58.04469506001844,773.4527145181514,0.0
5826,31.926481994459834,8.040609418282532,36.99206348107108,768.4527145181514,0.0
5827,12.524635272391494,8.040609418282532,36.99206348107108,763.4527145181514,0.0
5828,0.0,8.040609418282532,36.99206348107108,758.4527145181514,0.0
5829,-0.0,8.040609418282532,32.61073384118187,753.4527145181514,0.0
5830,-0.0,8.040609418282532,32.61073384118187,748.5963734655198,0.0
5831,-0.0,15.97080941828253,32.61073384118187,743.5963734655198,0.0
5832,11.05965000000001,15.97080941828253,32.61073384118187,738.5963734655198,0.0
5833,11.05965000000001,15.97080941828253,32.61073384118187,744.5248745181514,0.0
5834,11.05965000000001,15.97080941828253,48.14693384118188,739.5248745181514,0.0
5835,24.248350000000016,15.97080941828253,48.14693384118188,734.5248745181514,0.0
5836,24.248350000000016,15.97080941828253,48.14693384118188,733.7112576760461,0.0
5837,24.248350000000016,15.97080941828253,45.16564113573405,728.7112576760461,0.0
5838,24.248350000000016,15.97080941828253,41.2233881348107,723.7112576760461,0.0
5839,24.248350000000016,15.97080941828253,41.2233881348107,718.7112576760461,0.0
5840,24.248350000000016,15.97080941828253,41.2233881348107,719.6640282023619,0.0
5841,24.248350000000016,31.493809418282545,41.2233881348107,714.6640282023619,0.0
5842,24.248350000000016,31.493809418282545,41.2233881348107,725.5814850444672,0.0
5843,24.248350000000016,31.493809418282545,41.2233881348107,740.1972787286777,0.0
5844,24.489000000000033,31.493809418282545,41.2233881348107,756.7972787286777,0.0
5845,43.48900000000003,31.493809418282545,41.2233881348107,759.3207860970988,0.0
5846,50.029450000000004,50.493809418282545,41.2233881348107,754.3207860970988,0.0
5847,50.029450000000004,50.493809418282545,41.2233881348107,761.8394260970988,0.0
5848,50.029450000000004,50.493809418282545,41.2233881348107,758.4608660970988,0.0
5849,36.414694690674054,50.493809418282545,41.2233881348107,753.4608660970988,0.0
5850,15.362063111726687,50.493809418282545,39.411790720221596,748.4608660970988,0.0
5851,15.362063111726687,30.57416029547552,39.411790720221596,743.4608660970988,0.0
5852,4.955490120036957,26.57995766389655,39.411790720221596,738.4608660970988,0.0
5853,4.955490120036957,26.57995766389655,28.310368744228978,733.4608660970988,0.0
5854,3.5461457063712043,26.57995766389655,28.310368744228978,728.4608660970988,0.0
5855,3.5461457063712043,26.57995766389655,28.310368744228978,726.0577545181515,0.0
5856,3.5461457063712043,26.57995766389655,28.310368744228978,726.2055271497304,0.0
5857,3.5461457063712043,26.57995766389655,28.310368744228978,728.9590934655199,0.0
5858,3.5461457063712043,26.57995766389655,28.310368744228978,732.6627187286778,0.0
5859,3.5461457063712043,26.57995766389655,28.310368744228978,734.7278513602568,0.0
5860,5.369095706371205,26.57995766389655,28.310368744228978,729.7278513602568,0.0
5861,5.369095706371205,26.57995766389655,22.83066421975989,724.7278513602568,0.0
5862,5.369095706371205,26.57995766389655,15.469999399815295,719.7278513602568,0.0
5863,5.369095706371205,26.57995766389655,11.907690997229878,714.7278513602568,0.0
5864,5.369095706371205,26.57995766389655,11.907690997229878,711.2758513602568,0.0
5865,5.369095706371205,37.23265766389655,11.907690997229878,706.2758513602568,0.0
5866,5.369095706371205,37.23265766389655,11.907690997229878,714.1183018865726,0.0
5867,24.369095706371205,37.23265766389655,11.907690997229878,711.3293460970989,0.0
5868,24.369095706371205,37.23265766389655,11.907690997229878,725.0330892549937,0.0
5869,24.369095706371205,37.23265766389655,11.907690997229878,738.7807903076252,0.0
5870,24.369095706371205,37.23265766389655,11.907690997229878,750.1311945181516,0.0
5871,24.369095706371205,50.15990766389656,11.907690997229878,745.1311945181516,0.0
5872,24.369095706371205,50.15990766389656,11.907690997229878,740.1311945181516,0.0
5873,24.369095706371205,37.538411819021235,11.907690997229878,735.1311945181516,0.0
5874,24.369095706371205,16.48578024007387,10.024108356417306,730.1311945181516,0.0
5875,3.3164641274238384,16.48578024007387,9.579879362880849,725.1311945181516,0.0
5876,3.3164641274238384,-0.0,9.579879362880849,720.1311945181516,0.0
5877,3.3164641274238384,-0.0,1.2217260849491658,715.1311945181516,0.0
5878,3.3164641274238384,-0.0,1.2217260849491658,710.1311945181516,0.0
5879,3.3164641274238384,-0.0,1.2217260849491658,709.9581882023621,0.0
5880,3.3164641274238384,-0.0,1.2217260849491658,713.4642682023621,0.0
5881,3.3164641274238384,-0.0,1.2217260849491658,719.6493166234146,0.0
5882,3.3164641274238384,-0.0,1.2217260849491658,727.0562050444672,0.0
5883,3.3164641274238384,-0.0,1.2217260849491658,732.9283566234146,0.0
5884,3.3164641274238384,-0.0,1.2217260849491658,733.3017166234147,0.0
5885,3.3164641274238384,-0.0,1.2217260849491658,728.3017166234147,0.0
5886,0.0,-0.0,0.0,723.3017166234147,0.0
5887,-0.0,0.0,-0.0,718.3017166234147,0.0
5888,-0.0,8.69739999999999,-0.0,713.3017166234147,0.0
5889,-0.0,8.69739999999999,-0.0,721.4550555707831,0.0
5890,-0.0,8.69739999999999,6.857736611265123,729.0028088759295,0.0
5891,-0.0,8.69739999999999,6.857736611265123,745.3183330864558,0.0
5892,-0.0,27.697399999999988,6.857736611265123,749.1448509811927,0.0
5893,-0.0,27.697399999999988,9.268686611265117,765.7448509811927,0.0
5894,-0.0,27.697399999999988,28.268686611265117,767.5090994022454,0.0
5895,-0.0,46.69739999999999,28.63288661126512,762.5090994022454,0.0
5896,-0.0,46.69739999999999,28.63288661126512,761.7347415075085,0.0
5897,-0.0,43.13252114496778,27.207405355494,756.7347415075085,0.0
5898,-0.0,25.875605170821885,27.207405355494,751.7347415075085,0.0
5899,-0.0,25.875605170821885,9.470397045244688,746.7347415075085,0.0
5900,-0.0,25.875605170821885,0.0,741.7347415075085,0.0
5901,-0.0,22.689972668513466,-0.0,736.7347415075085,0.0
5902,0.0,22.689972668513466,-0.0,733.8083036127716,0.0
5903,10.193250000000004,22.689972668513466,-0.0,728.8083036127716,0.0
5904,10.193250000000004,22.689972668513466,-0.0,734.0528804548769,0.0
5905,26.864100000000008,22.689972668513466,-0.0,729.0528804548769,0.0
5906,26.864100000000008,22.689972668513466,-0.0,737.3117562443506,0.0
5907,26.864100000000008,22.689972668513466,-0.0,743.5684636127717,0.0
5908,26.864100000000008,22.689972668513466,-0.0,743.6322236127717,0.0
5909,25.99071126500463,22.689972668513466,-0.0,738.6322236127717,0.0
5910,25.99071126500463,20.02991726685141,-0.0,733.6322236127717,0.0
5911,25.99071126500463,20.02991726685141,-0.0,728.6322236127717,0.0
5912,25.99071126500463,20.02991726685141,-0.0,730.5178109811927,0.0
5913,25.99071126500463,20.02991726685141,-0.0,738.9150783496137,0.0
5914,44.990711265004634,20.02991726685141,4.245300000000002,733.9150783496137,0.0
5915,44.990711265004634,20.02991726685141,4.245300000000002,750.2470867706663,0.0
5916,56.76081126500465,20.02991726685141,23.2453,745.2470867706663,0.0
5917,56.76081126500465,22.3347672668514,23.2453,761.8470867706664,0.0
5918,71.8579475069252,22.3347672668514,35.54526375807946,756.8470867706664,0.0
5919,71.8579475069252,22.3347672668514,54.09111375807946,751.8470867706664,0.0
5920,71.8579475069252,22.3347672668514,54.09111375807946,749.8679036127716,0.0
5921,62.31059755309324,22.3347672668514,54.09111375807946,744.8679036127716,0.0
5922,44.92457723915048,22.3347672668514,54.09111375807946,739.8679036127716,0.0
5923,27.990154339796824,22.3347672668514,54.09111375807946,734.8679036127716,0.0
5924,27.990154339796824,22.3347672668514,43.50398541089571,729.8679036127716,0.0
5925,27.990154339796824,18.971720175438648,43.50398541089571,724.8679036127716,0.0
5926,27.990154339796824,18.971720175438648,43.50398541089571,720.3189267706663,0.0
5927,27.990154339796824,18.971720175438648,43.50398541089571,721.3458572969821,0.0
5928,27.990154339796824,18.971720175438648,43.50398541089571,725.7066530864557,0.0
5929,31.571022483841205,18.971720175438648,43.50398541089571,729.7497256509695,0.0
5930,31.571022483841205,18.971720175438648,43.50398541089571,737.2714351246537,0.0
5931,31.571022483841205,18.971720175438648,43.50398541089571,743.0643867036011,0.0
5932,31.571022483841205,18.971720175438648,43.50398541089571,743.2142056509696,0.0
5933,31.571022483841205,18.971720175438648,41.38673702677751,738.2142056509696,0.0
5934,25.58330318559559,18.971720175438648,41.38673702677751,733.2142056509696,0.0
5935,25.58330318559559,18.971720175438648,41.38673702677751,728.2142056509696,0.0
5936,25.58330318559559,18.971720175438648,48.83998702677749,723.2142056509696,0.0
5937,25.58330318559559,18.971720175438648,48.83998702677749,730.6414056509695,0.0
5938,25.58330318559559,18.971720175438648,48.83998702677749,742.518811966759,0.0
5939,25.58330318559559,18.971720175438648,67.8399870267775,743.4303151246537,0.0
5940,35.812853185595586,37.97172017543865,67.8399870267775,738.4303151246537,0.0
5941,35.812853185595586,37.97172017543865,68.07873702677747,755.0303151246537,0.0
5942,35.812853185595586,37.97172017543865,68.07873702677747,769.0557845983379,0.0
5943,35.812853185595586,37.97172017543865,68.07873702677747,776.2764961772853,0.0
5944,35.812853185595586,37.97172017543865,68.07873702677747,772.8393130193905,0.0
5945,21.117839335180047,37.97172017543865,68.07873702677747,767.8393130193905,0.0
5946,0.07669436749770403,37.97172017543865,68.07873702677747,762.8393130193905,0.0
5947,0.07669436749770403,37.97172017543865,49.10213499538321,757.8393130193905,0.0
5948,0.07669436749770403,37.97172017543865,32.995246722068345,752.8393130193905,0.0
5949,0.07669436749770403,37.97172017543865,24.737979870729465,747.8393130193905,0.0
5950,0.0,37.97172017543865,24.737979870729465,742.8393130193905,0.0
5951,-0.0,37.97172017543865,24.737979870729465,742.4663740720221,0.0
5952,-0.0,37.97172017543865,24.737979870729465,746.4057424930747,0.0
5953,15.233249999999996,37.97172017543865,24.737979870729465,741.4057424930747,0.0
5954,15.233249999999996,37.97172017543865,24.737979870729465,748.828091966759,0.0
5955,15.233249999999996,37.97172017543865,24.737979870729465,754.3845424930747,0.0
5956,15.233249999999996,37.97172017543865,24.737979870729465,753.8120498614958,0.0
5957,11.965918513388731,37.97172017543865,24.737979870729465,748.8120498614958,0.0
5958,6.872862188365644,37.97172017543865,24.737979870729465,743.8120498614958,0.0
5959,6.872862188365644,37.97172017543865,24.737979870729465,738.8120498614958,0.0
5960,6.872862188365644,37.97172017543865,24.737979870729465,740.6760751246537,0.0
5961,6.872862188365644,37.97172017543865,24.737979870729465,750.04719933518,0.0
5962,6.872862188365644,37.97172017543865,24.737979870729465,764.4513130193906,0.0
5963,9.286712188365644,37.97172017543865,24.737979870729465,781.0513130193906,0.0
5964,9.286712188365644,56.97172017543865,24.737979870729465,787.3122267036011,0.0
5965,28.286712188365644,56.97172017543865,24.737979870729465,793.6532498614959,0.0
5966,30.28391218836564,56.97172017543865,24.737979870729465,810.2532498614959,0.0
5967,30.28391218836564,56.97172017543865,24.737979870729465,821.3591193351801,0.0
5968,30.28391218836564,56.97172017543865,24.737979870729465,821.0018309141275,0.0
5969,30.28391218836564,56.97172017543865,17.306086980609408,816.0018309141275,0.0
5970,13.8123517082179,56.97172017543865,17.306086980609408,811.0018309141275,0.0
5971,13.8123517082179,43.54353919667596,17.306086980609408,806.0018309141275,0.0
5972,7.295675807940892,43.54353919667596,17.306086980609408,801.0018309141275,0.0
5973,7.295675807940892,43.54353919667596,17.286640997229895,796.0018309141275,0.0
5974,7.295675807940892,43.54353919667596,17.286640997229895,794.1153382825486,0.0
5975,7.295675807940892,43.54353919667596,17.286640997229895,797.802744598338,0.0
5976,7.295675807940892,43.54353919667596,17.286640997229895,803.8572835457064,0.0
5977,7.295675807940892,43.54353919667596,17.286640997229895,812.3730477562327,0.0
5978,26.071425807940884,43.54353919667596,17.286640997229895,807.3730477562327,0.0
5979,26.071425807940884,43.54353919667596,17.286640997229895,814.5706814404433,0.0
5980,26.071425807940884,43.54353919667596,17.286640997229895,815.8621930193907,0.0
5981,26.071425807940884,43.54353919667596,17.286640997229895,810.8621930193907,0.0
5982,26.071425807940884,43.54353919667596,11.08913407202213,805.8621930193907,0.0
5983,26.071425807940884,43.54353919667596,11.08913407202213,800.8621930193907,0.0
5984,26.071425807940884,43.54353919667596,11.08913407202213,802.9163740720222,0.0
5985,44.31927580794091,43.54353919667596,11.08913407202213,797.9163740720222,0.0
5986,44.31927580794091,43.54353919667596,11.08913407202213,811.2808456509696,0.0
5987,44.31927580794091,43.54353919667596,11.80693407202215,827.8808456509696,0.0
5988,63.31927580794091,43.54353919667596,11.80693407202215,832.6712540720222,0.0
5989,63.31927580794091,46.89188919667596,11.80693407202215,849.2712540720222,0.0
5990,63.31927580794091,46.89188919667596,11.80693407202215,865.6946267036011,0.0
5991,63.31927580794091,65.89188919667596,11.80693407202215,860.8091067036011,0.0
5992,63.31927580794091,65.89188919667596,16.11573407202215,855.8091067036011,0.0
5993,52.18429889196676,65.89188919667596,16.11573407202215,850.8091067036011,0.0
5994,52.18429889196676,49.75327423822718,16.11573407202215,845.8091067036011,0.0
5995,52.18429889196676,34.837392428439564,16.11573407202215,840.8091067036011,0.0
5996,52.18429889196676,34.837392428439564,4.189122807017537,835.8091067036011,0.0
5997,52.18429889196676,34.837392428439564,-0.0,830.8091067036011,0.0
5998,52.18429889196676,36.81424242843957,-0.0,825.8091067036011,0.0
5999,52.18429889196676,46.41249242843958,-0.0,820.8091067036011,0.0
6000,52.18429889196676,46.41249242843958,-0.0,825.5155782825484,0.0
6001,52.18429889196676,62.368892428439565,0.0,820.5155782825484,0.0
6002,52.18429889196676,62.368892428439565,14.166873591874431,817.5478172444962,0.0
6003,52.18429889196676,62.368892428439565,14.166873591874431,823.2846467181804,0.0
6004,52.18429889196676,62.368892428439565,14.166873591874431,823.0411561918646,0.0
6005,52.18429889196676,62.368892428439565,12.941185687903989,818.0411561918646,0.0
6006,52.18429889196676,62.368892428439565,6.126319575253929,813.0411561918646,0.0
6007,50.86084552169899,62.368892428439565,6.126319575253929,808.0411561918646,0.0
6008,50.86084552169899,62.368892428439565,6.126319575253929,808.4813246129173,0.0
6009,50.86084552169899,62.368892428439565,6.126319575253929,816.2088404023909,0.0
6010,50.86084552169899,62.368892428439565,6.126319575253929,828.8706298760751,0.0
6011,50.86084552169899,62.368892428439565,6.126319575253929,845.4697204023909,0.0
6012,53.80659552169898,62.368892428439565,6.126319575253929,862.0697204023909,0.0
6013,53.80659552169898,62.368892428439565,8.940919575253924,878.6697204023909,0.0
6014,53.80659552169898,62.368892428439565,8.940919575253924,894.432587770812,0.0
6015,53.80659552169898,62.368892428439565,8.940919575253924,902.837055139233,0.0
6016,53.80659552169898,62.368892428439565,8.940919575253924,899.2348025076541,0.0
6017,41.9773988457987,62.368892428439565,8.940919575253924,894.2348025076541,0.0
6018,41.9773988457987,41.316260849492195,5.5614551246537545,889.2348025076541,0.0
6019,24.41983651892891,41.316260849492195,5.5614551246537545,884.2348025076541,0.0
6020,24.41983651892891,27.41151477377661,5.5614551246537545,879.2348025076541,0.0
6021,24.41983651892891,21.546861034164422,5.5614551246537545,874.2348025076541,0.0
6022,24.41983651892891,21.546861034164422,5.5614551246537545,869.2348025076541,0.0
6023,24.41983651892891,21.546861034164422,5.5614551246537545,869.6241919813383,0.0
6024,24.41983651892891,31.830911034164416,5.5614551246537545,864.6241919813383,0.0
6025,24.41983651892891,31.830911034164416,19.705905124653754,859.6241919813383,0.0
6026,24.41983651892891,31.830911034164416,35.46415512465374,854.6241919813383,0.0
6027,24.41983651892891,31.830911034164416,35.46415512465374,859.8481919813382,0.0
6028,24.41983651892891,37.78106103416442,35.46415512465374,854.8481919813382,0.0
6029,24.41983651892891,37.78106103416442,32.30169898430287,849.8481919813382,0.0
6030,24.41983651892891,30.317164450600256,32.30169898430287,844.8481919813382,0.0
6031,24.41983651892891,30.317164450600256,30.24683287165281,839.8481919813382,0.0
6032,24.41983651892891,36.88301445060026,30.24683287165281,834.8481919813382,0.0
6033,24.41983651892891,36.88301445060026,30.24683287165281,842.6638509287067,0.0
6034,24.41983651892891,36.88301445060026,30.24683287165281,855.6846172444962,0.0
6035,24.41983651892891,55.88301445060026,30.24683287165281,858.2919856655487,0.0
6036,27.524236518928916,55.88301445060026,30.24683287165281,874.8919856655488,0.0
6037,30.450836518928924,55.88301445060026,30.24683287165281,891.4919856655488,0.0
6038,30.450836518928924,55.88301445060026,30.24683287165281,907.6415688234435,0.0
6039,41.22704095106185,55.88301445060026,30.24683287165281,908.8473591485638,0.0
6040,41.22704095106185,55.88301445060026,30.24683287165281,906.5950686222479,0.0
6041,41.22704095106185,55.88301445060026,19.492834718374873,901.5950686222479,0.0
6042,41.22704095106185,55.88301445060026,0.0,896.5950686222479,0.0
6043,41.22704095106185,37.91451952908595,-0.0,891.5950686222479,0.0
6044,29.464677146814395,37.91451952908595,-0.0,886.5950686222479,0.0
6045,21.3655451061865,37.91451952908595,-0.0,881.5950686222479,0.0
6046,21.3655451061865,37.91451952908595,-0.0,876.5950686222479,0.0
6047,28.584645106186493,37.91451952908595,-0.0,871.5950686222479,0.0
6048,28.584645106186493,37.91451952908595,-0.0,875.7059107275111,0.0
6049,28.584645106186493,37.91451952908595,-0.0,882.5721170433005,0.0
6050,28.584645106186493,55.205469529085946,-0.0,877.5721170433005,0.0
6051,28.584645106186493,55.205469529085946,15.157399999999999,872.5721170433005,0.0
6052,28.584645106186493,55.205469529085946,15.157399999999999,873.6244370433005,0.0
6053,28.584645106186493,55.205469529085946,15.157399999999999,868.6244370433005,0.0
6054,28.584645106186493,55.205469529085946,12.27642123730378,863.6244370433005,0.0
6055,28.584645106186493,55.205469529085946,12.27642123730378,858.6244370433005,0.0
6056,28.584645106186493,63.65256952908594,12.27642123730378,853.6244370433005,0.0
6057,28.584645106186493,63.65256952908594,12.27642123730378,862.769935990669,0.0
6058,28.584645106186493,63.65256952908594,12.27642123730378,876.9206854643531,0.0
6059,28.584645106186493,65.39626952908594,12.27642123730378,893.5206854643532,0.0
6060,42.130745106186495,65.39626952908594,31.27642123730378,888.5206854643532,0.0
6061,42.130745106186495,84.39626952908594,44.39882123730379,883.5206854643532,0.0
6062,42.130745106186495,84.39626952908594,44.39882123730379,900.0954854643531,0.0
6063,42.130745106186495,84.39626952908594,44.39882123730379,909.7502517801427,0.0
6064,42.130745106186495,84.39626952908594,49.037471237303784,904.7502517801427,0.0
6065,42.130745106186495,76.80720212373045,49.037471237303784,899.7502517801427,0.0
6066,42.130745106186495,61.24768227146819,49.037471237303784,894.7502517801427,0.0
6067,42.130745106186495,61.24768227146819,39.888126823638046,889.7502517801427,0.0
6068,42.130745106186495,61.24768227146819,34.31442414589103,884.7502517801427,0.0
6069,42.130745106186495,61.24768227146819,34.31442414589103,879.7502517801427,0.0
6070,42.130745106186495,61.24768227146819,42.13427414589104,874.7502517801427,0.0
6071,42.130745106186495,61.24768227146819,42.13427414589104,881.093055990669,0.0
6072,42.130745106186495,61.24768227146819,42.13427414589104,890.1358223064584,0.0
6073,42.130745106186495,63.50623227146819,61.13427414589104,885.1358223064584,0.0
6074,42.130745106186495,63.50623227146819,61.13427414589104,896.4444665169847,0.0
6075,42.130745106186495,63.50623227146819,61.13427414589104,905.1623991485636,0.0
6076,42.130745106186495,72.93383227146818,61.13427414589104,900.1623991485636,0.0
6077,42.130745106186495,72.93383227146818,61.13427414589104,895.1623991485636,0.0
6078,42.130745106186495,72.93383227146818,56.506924192059074,890.1623991485636,0.0
6079,42.130745106186495,72.93383227146818,54.416268605724824,885.1623991485636,0.0
6080,42.130745106186495,72.93383227146818,54.416268605724824,884.3487065169846,0.0
6081,42.130745106186495,72.93383227146818,54.416268605724824,891.1889549380372,0.0
6082,45.573495106186485,91.93383227146818,54.416268605724824,886.1889549380372,0.0
6083,45.573495106186485,91.93383227146818,54.416268605724824,901.9370812538267,0.0
6084,45.573495106186485,91.93383227146818,55.96846860572484,918.5370812538267,0.0
6085,45.573495106186485,93.41033227146818,55.96846860572484,935.1370812538268,0.0
6086,45.573495106186485,93.41033227146818,55.96846860572484,950.1873759906689,0.0
6087,45.573495106186485,93.41033227146818,73.14376860572483,945.1873759906689,0.0
6088,45.573495106186485,93.41033227146818,73.14376860572483,941.4578349380373,0.0
6089,45.573495106186485,93.41033227146818,57.885910803324094,936.4578349380373,0.0
6090,45.573495106186485,93.41033227146818,38.03305761772853,931.4578349380373,0.0
6091,45.573495106186485,93.41033227146818,19.227886795937238,926.4578349380373,0.0
6092,45.573495106186485,93.41033227146818,9.345947737765492,921.4578349380373,0.0
6093,45.573495106186485,89.56096939058175,9.345947737765492,916.4578349380373,0.0
6094,45.573495106186485,89.56096939058175,9.345947737765492,912.0469086222479,0.0
6095,54.06384510618646,89.56096939058175,9.345947737765492,907.0469086222479,0.0
6096,54.06384510618646,89.56096939058175,9.345947737765492,911.8727486222479,0.0
6097,54.06384510618646,89.56096939058175,9.345947737765492,919.1769044117216,0.0
6098,54.06384510618646,89.56096939058175,26.806047737765493,914.1769044117216,0.0
6099,54.06384510618646,89.56096939058175,41.8278477377655,909.1769044117216,0.0
6100,54.06384510618646,89.56096939058175,41.8278477377655,909.5224875696164,0.0
6101,54.06384510618646,89.56096939058175,41.19257534626043,904.5224875696164,0.0
6102,46.15125046168046,89.56096939058175,41.19257534626043,899.5224875696164,0.0
6103,46.15125046168046,86.1710894275162,41.19257534626043,894.5224875696164,0.0
6104,50.609050461680454,86.1710894275162,41.19257534626043,889.5224875696164,0.0
6105,50.609050461680454,86.1710894275162,41.19257534626043,894.8268244117216,0.0
6106,50.609050461680454,86.1710894275162,41.19257534626043,904.988508622248,0.0
6107,50.609050461680454,86.1710894275162,41.19257534626043,918.7811907275111,0.0
6108,58.61125046168046,86.1710894275162,60.19257534626043,913.7811907275111,0.0
6109,66.2983504616805,86.1710894275162,79.19257534626044,908.7811907275111,0.0
6110,66.2983504616805,86.1710894275162,79.19257534626044,921.5167233590901,0.0
6111,81.3509504616805,86.1710894275162,79.19257534626044,916.5167233590901,0.0
6112,81.3509504616805,86.1710894275162,79.19257534626044,912.13376335909,0.0
6113,65.82264021237303,86.1710894275162,79.19257534626044,907.13376335909,0.0
6114,65.82264021237303,65.86985212373042,79.19257534626044,902.13376335909,0.0
6115,65.82264021237303,65.86985212373042,64.08740452446911,897.13376335909,0.0
6116,65.82264021237303,56.64313005540171,64.08740452446911,892.13376335909,0.0
6117,64.9845423361034,56.64313005540171,64.08740452446911,887.13376335909,0.0
6118,70.10164233610341,56.64313005540171,64.08740452446911,882.13376335909,0.0
6119,70.10164233610341,56.64313005540171,64.08740452446911,887.0319065169848,0.0
6120,70.10164233610341,56.64313005540171,64.08740452446911,895.2089296748795,0.0
6121,70.10164233610341,56.64313005540171,64.08740452446911,905.6928328327742,0.0
6122,89.10164233610341,58.9272300554017,64.08740452446911,900.6928328327742,0.0
6123,89.10164233610341,58.9272300554017,82.88025452446911,895.6928328327742,0.0
6124,89.10164233610341,69.97313005540168,82.88025452446911,890.6928328327742,0.0
6125,89.10164233610341,69.97313005540168,82.88025452446911,885.7504707275111,0.0
6126,87.04155,69.97313005540168,82.88025452446911,880.7504707275111,0.0
6127,87.04155,69.97313005540168,82.88025452446911,875.7504707275111,0.0
6128,87.04155,69.97313005540168,82.88025452446911,877.7443991485637,0.0
6129,87.04155,69.97313005540168,82.88025452446911,886.9076707275111,0.0
6130,87.04155,69.97313005540168,82.88025452446911,900.8296117801427,0.0
6131,87.04155,71.0991300554017,82.88025452446911,917.4296117801427,0.0
6132,100.0,90.0991300554017,82.88025452446911,912.4296117801427,0.0
6133,100.0,90.0991300554017,86.00090452446909,929.0296117801428,0.0
6134,100.0,90.0991300554017,86.00090452446909,945.1860917801428,0.0
6135,100.0,90.0991300554017,86.00090452446909,954.1670517801427,0.0
6136,100.0,90.0991300554017,86.00090452446909,951.434293885406,0.0
6137,87.12668513388735,90.0991300554017,86.00090452446909,946.434293885406,0.0
6138,87.12668513388735,90.0991300554017,69.5959183748846,941.434293885406,0.0
6139,70.34912280701755,90.0991300554017,69.5959183748846,936.434293885406,0.0
6140,70.34912280701755,90.0991300554017,61.94031357340723,931.434293885406,0.0
6141,70.34912280701755,86.89096754385966,61.94031357340723,926.434293885406,0.0
6142,71.53191851338879,86.89096754385966,64.895917867036,921.434293885406,0.0
6143,71.53191851338879,86.89096754385966,64.895917867036,925.4278896748797,0.0
6144,71.53191851338879,86.89096754385966,64.895917867036,931.8019949380375,0.0
6145,71.53191851338879,86.89096754385966,64.895917867036,940.8978517801428,0.0
6146,71.53191851338879,86.89096754385966,64.895917867036,951.0895486222481,0.0
6147,71.53191851338879,86.89096754385966,64.895917867036,959.5017844117218,0.0
6148,71.53191851338879,86.89096754385966,64.895917867036,962.0431402011955,0.0
6149,71.53191851338879,86.89096754385966,64.895917867036,957.0431402011955,0.0
6150,71.53191851338879,86.89096754385966,61.17970364727608,952.0431402011955,0.0
6151,71.53191851338879,86.89096754385966,58.912612234533725,947.0431402011955,0.0
6152,71.53191851338879,86.89096754385966,58.912612234533725,947.9381970433006,0.0
6153,71.53191851338879,86.89096754385966,76.48631223453376,942.9381970433006,0.0
6154,71.53191851338879,86.89096754385966,87.9168,947.1929347368421,0.0
6155,71.53191851338879,86.89096754385966,87.9168,963.7550778947368,0.0
6156,90.53191851338879,86.89096754385966,100.0,958.7550778947368,0.0
6157,93.14126851338878,86.89096754385966,100.0,975.3550778947368,0.0
6158,93.14126851338878,86.89096754385966,100.0,991.2261347368421,0.0
6159,93.14126851338878,86.89096754385966,100.0,1000.0,0.0
6160,93.14126851338878,86.89096754385966,100.0,996.9770442105263,0.0
6161,93.14126851338878,73.58324824561404,100.0,991.9770442105263,0.0
6162,93.14126851338878,72.6494730378578,82.56891832871656,986.9770442105263,0.0
6163,93.14126851338878,72.6494730378578,68.80018333333335,981.9770442105263,0.0
6164,93.14126851338878,72.6494730378578,60.17554806094186,976.9770442105263,0.0
6165,93.14126851338878,72.6494730378578,55.61353513388737,971.9770442105263,0.0
6166,93.14126851338878,72.6494730378578,55.61353513388737,969.2794147368421,0.0
6167,93.14126851338878,72.6494730378578,66.00353513388737,964.2794147368421,0.0
6168,93.14126851338878,72.6494730378578,66.00353513388737,969.5638947368421,0.0
6169,93.14126851338878,72.6494730378578,82.51898513388737,964.5638947368421,0.0
6170,93.14126851338878,82.17903970452448,82.51898513388737,965.5927452631579,0.0
6171,93.14126851338878,82.17903970452448,82.51898513388737,971.8247831578948,0.0
6172,93.14126851338878,82.17903970452448,82.51898513388737,971.8902863157895,0.0
6173,93.14126851338878,81.0,82.51898513388737,966.8902863157895,0.0
6174,93.14126851338878,81.0,74.9323,961.8902863157895,0.0
6175,89.78860000000003,81.0,74.9323,956.8902863157895,0.0
6176,89.78860000000003,81.0,74.9323,954.0547578947368,0.0
6177,89.78860000000003,81.0,74.9323,958.4861515789473,0.0
6178,89.78860000000003,81.0,74.9323,968.1547494736842,0.0
6179,89.78860000000003,100.0,81.0,963.1547494736842,0.0
6180,90.23670000000003,100.0,81.0,979.7547494736842,0.0
6181,91.78335000000003,100.0,81.0,996.3547494736843,0.0
6182,100.0,100.0,100.0,991.3547494736843,0.0
6183,100.0,100.0,100.0,1000.0,0.0
6184,100.0,100.0,100.0,998.6232421052631,0.0
6185,100.0,100.0,88.9346814404432,993.6232421052631,0.0
6186,100.0,100.0,70.5791135734072,988.6232421052631,0.0
6187,95.43820847953215,93.47511759002775,67.85697863958137,983.6232421052631,0.0
6188,95.43820847953215,84.4696328254848,67.85697863958137,978.6232421052631,0.0
6189,91.83926111111111,84.4696328254848,67.85697863958137,973.6232421052631,0.0
6190,91.83926111111111,84.58778282548478,67.85697863958137,968.6232421052631,0.0
6191,91.83926111111111,84.58778282548478,67.85697863958137,971.6440926315789,0.0
6192,91.83926111111111,84.58778282548478,67.85697863958137,975.5614694736842,0.0
6193,91.83926111111111,84.58778282548478,67.85697863958137,980.6725052631579,0.0
6194,91.83926111111111,84.58778282548478,67.85697863958137,987.948947368421,0.0
6195,91.83926111111111,84.58778282548478,67.85697863958137,993.5418021052632,0.0
6196,91.83926111111111,84.58778282548478,67.85697863958137,994.5951957894737,0.0
6197,91.83926111111111,83.63814293628812,67.85697863958137,989.5951957894737,0.0
6198,91.83926111111111,83.63814293628812,60.49991492767,984.5951957894737,0.0
6199,91.83926111111111,79.81360000000001,60.49991492767,979.5951957894737,0.0
6200,95.04422777777779,79.81360000000001,60.49991492767,974.5951957894737,0.0
6201,95.04422777777779,79.81360000000001,74.29846492766998,969.5951957894737,0.0
6202,95.04422777777779,81.0,93.29846492766998,964.5951957894737,0.0
6203,100.0,100.0,93.29846492766998,959.7297178947368,0.0
6204,100.0,100.0,93.29846492766998,974.173532631579,0.0
6205,100.0,100.0,93.29846492766998,988.926492631579,0.0
6206,100.0,100.0,93.29846492766998,1000.0,0.0
6207,100.0,100.0,100.0,1000.0,0.0
6208,100.0,100.0,100.0,995.0,0.0
6209,100.0,82.85562326869805,100.0,990.0,0.0
6210,97.70908587257617,61.802991689750684,100.0,985.0,0.0
6211,79.46814404432132,61.802991689750684,100.0,980.0,0.0
6212,79.46814404432132,61.802991689750684,87.43562326869805,975.0,0.0
6213,79.46814404432132,55.367146814404414,87.43562326869805,970.0,0.0
6214,79.46814404432132,55.367146814404414,87.43562326869805,967.315027368421,0.0
6215,79.46814404432132,55.367146814404414,87.43562326869805,968.3277726315789,0.0
6216,79.46814404432132,55.367146814404414,87.43562326869805,974.5241642105262,0.0
6217,79.46814404432132,55.367146814404414,87.43562326869805,980.990694736842,0.0
6218,79.46814404432132,55.367146814404414,87.43562326869805,990.9203242105262,0.0
6219,79.46814404432132,73.99634681440442,87.43562326869805,985.9203242105262,0.0
6220,79.46814404432132,73.99634681440442,87.43562326869805,988.8676084210525,0.0
6221,78.49922437673128,73.99634681440442,87.43562326869805,983.8676084210525,0.0
6222,78.49922437673128,65.50016952908587,87.43562326869805,978.8676084210525,0.0
6223,73.58249307479223,65.50016952908587,87.43562326869805,973.8676084210525,0.0
6224,73.58249307479223,65.50016952908587,88.0711066020314,968.8676084210525,0.0
6225,73.58249307479223,65.50016952908587,88.0711066020314,974.1243115789473,0.0
6226,73.58249307479223,65.50016952908587,88.0711066020314,982.8466526315789,0.0
6227,81.0,80.75057927054476,88.0711066020314,977.8466526315789,0.0
6228,81.0,95.45733587257618,98.53311666666666,972.8466526315789,0.0
6229,81.0,95.45733587257618,98.53311666666666,985.8346652631578,0.0
6230,100.0,95.45733587257618,100.0,980.8346652631578,0.0
6231,100.0,100.0,100.0,981.9374250823735,0.0
6232,100.0,97.85501385041552,100.0,976.9374250823735,0.0
6233,100.0,76.80238227146815,99.43108033240996,971.9374250823735,0.0
6234,100.0,68.01185595567864,78.37844875346259,966.9374250823735,0.0
6235,96.9790027700831,68.01185595567864,57.32581717451522,961.9374250823735,0.0
6236,78.92930747922436,68.01185595567864,57.32581717451522,956.9374250823735,0.0
6237,67.29340720221607,68.01185595567864,57.32581717451522,951.9374250823735,0.0
6238,67.29340720221607,68.01185595567864,55.640221606648154,946.9374250823735,0.0
6239,67.29340720221607,68.01185595567864,55.640221606648154,946.9208103455313,0.0
6240,67.29340720221607,74.13759298245611,58.63921791320403,941.9208103455313,0.0
6241,67.29340720221607,74.13759298245611,58.63921791320403,948.0152271876366,0.0
6242,67.29340720221607,88.63052631578945,58.63921791320403,943.0152271876366,0.0
6243,67.29340720221607,88.63052631578945,58.63921791320403,948.4259092928997,0.0
6244,67.29340720221607,88.63052631578945,58.63921791320403,947.8438798192155,0.0
6245,67.29340720221607,85.19999999999999,58.63921791320403,942.8438798192155,0.0
6246,67.29340720221607,85.19999999999999,49.06182179132037,937.8438798192155,0.0
6247,67.29340720221607,81.0,49.06182179132037,932.8438798192155,0.0
6248,72.29762049861492,81.0,49.846458494921535,927.8438798192155,0.0
6249,72.29762049861492,81.0,49.846458494921535,932.9105661350051,0.0
6250,72.29762049861492,81.0,49.846458494921535,943.8391766613208,0.0
6251,72.29762049861492,100.0,49.846458494921535,942.7929113981629,0.0
6252,72.29762049861492,100.0,49.846458494921535,959.1019303455313,0.0
6253,72.29762049861492,100.0,49.846458494921535,974.9725450823734,0.0
6254,72.29762049861492,100.0,49.846458494921535,988.8459429771102,0.0
6255,72.29762049861492,100.0,61.83669182825486,983.8459429771102,0.0
6256,72.03856232686977,100.0,61.83669182825486,978.8459429771102,0.0
6257,72.03856232686977,100.0,44.07558379501387,973.8459429771102,0.0
6258,64.4400872576177,84.62135595567865,44.07558379501387,968.8459429771102,0.0
6259,64.4400872576177,67.89947229916896,44.07558379501387,963.8459429771102,0.0
6260,53.71981024930744,67.89947229916896,44.07558379501387,958.8459429771102,0.0
6261,49.13149999999997,67.89947229916896,44.07558379501387,953.8459429771102,0.0
6262,49.13149999999997,67.89947229916896,44.07558379501387,950.762860871847,0.0
6263,49.13149999999997,76.41215563250229,44.07558379501387,945.762860871847,0.0
6264,65.98644999999998,76.41215563250229,44.07558379501387,940.762860871847,0.0
6265,82.7388333333333,76.41215563250229,44.07558379501387,935.762860871847,0.0
6266,82.7388333333333,76.41215563250229,44.07558379501387,946.6452271876365,0.0
6267,82.7388333333333,76.41215563250229,44.07558379501387,955.4564945560576,0.0
6268,82.7388333333333,81.97329706063377,44.07558379501387,953.0638989473684,0.0
6269,82.7388333333333,81.97329706063377,44.07558379501387,948.0638989473684,0.0
6270,82.7388333333333,81.97329706063377,38.01713504155126,943.0638989473684,0.0
6271,82.7388333333333,81.97329706063377,35.65552839335182,938.0638989473684,0.0
6272,82.7388333333333,81.97329706063377,42.02447839335183,933.0638989473684,0.0
6273,82.7388333333333,81.97329706063377,56.00926172668516,928.0638989473684,0.0
6274,82.7388333333333,81.97329706063377,56.00926172668516,938.9021052631579,0.0
6275,82.7388333333333,81.97329706063377,56.00926172668516,953.6577936842104,0.0
6276,82.94826666666667,81.97329706063377,56.00926172668516,970.2577936842105,0.0
6277,84.31313333333335,81.97329706063377,56.00926172668516,986.8577936842105,0.0
6278,84.31313333333335,81.97329706063377,56.00926172668516,1000.0,0.0
6279,100.0,81.97329706063377,56.00926172668516,995.0,0.0
6280,100.0,81.97329706063377,56.00926172668516,990.0,0.0
6281,83.515567867036,81.97329706063377,56.00926172668516,985.0,0.0
6282,83.515567867036,60.9206654816864,54.86948333333335,980.0,0.0
6283,67.59584487534624,60.9206654816864,54.86948333333335,975.0,0.0
6284,57.306260387811605,60.9206654816864,54.86948333333335,970.0,0.0
6285,57.306260387811605,56.56498681132629,54.86948333333335,965.0,0.0
6286,57.306260387811605,56.56498681132629,54.86948333333335,962.1315915789473,0.0
6287,67.89532705447826,56.56498681132629,54.86948333333335,957.1315915789473,0.0
6288,67.89532705447826,56.56498681132629,72.85378333333335,952.1315915789473,0.0
6289,67.89532705447826,75.56498681132629,74.87618333333334,947.1315915789473,0.0
6290,67.89532705447826,75.56498681132629,74.87618333333334,958.6557810526316,0.0
6291,67.89532705447826,75.56498681132629,74.87618333333334,965.7217178947369,0.0
6292,67.89532705447826,75.56498681132629,74.87618333333334,969.2645557894738,0.0
6293,67.89532705447826,75.56498681132629,75.10668333333334,964.2645557894738,0.0
6294,67.89532705447826,68.37423888888863,75.10668333333334,959.2645557894738,0.0
6295,67.89532705447826,64.72465440135399,75.10668333333334,954.2645557894738,0.0
6296,67.89532705447826,64.72465440135399,79.57998333333333,949.2645557894738,0.0
6297,67.89532705447826,64.72465440135399,79.57998333333333,952.5459831578949,0.0
6298,86.89532705447826,64.72465440135399,81.0,947.5459831578949,0.0
6299,95.94232705447824,64.72465440135399,100.0,942.5459831578949,0.0
6300,95.94232705447824,64.72465440135399,100.0,958.6860800000001,0.0
6301,95.94232705447824,64.72465440135399,100.0,974.7822947368421,0.0
6302,95.94232705447824,64.72465440135399,100.0,987.9390905263158,0.0
6303,95.94232705447824,64.72465440135399,100.0,996.099705263158,0.0
6304,95.94232705447824,64.72465440135399,100.0,991.099705263158,0.0
6305,85.55339013542593,58.560184118190236,100.0,986.099705263158,0.0
6306,64.50075855647856,57.70910378578026,100.0,981.099705263158,0.0
6307,61.50745590951041,57.70910378578026,87.31025555555541,976.099705263158,0.0
6308,51.50407640812538,57.70910378578026,87.31025555555541,971.099705263158,0.0
6309,51.50407640812538,54.03846666666668,87.31025555555541,966.099705263158,0.0
6310,51.50407640812538,54.03846666666668,91.05242222222209,961.099705263158,0.0
6311,51.50407640812538,54.03846666666668,91.05242222222209,965.7344421052632,0.0
6312,51.50407640812538,54.03846666666668,91.05242222222209,971.7465136842105,0.0
6313,51.50407640812538,73.03846666666668,91.05242222222209,967.1139410526316,0.0
6314,51.971193074792026,92.03846666666668,91.05242222222209,962.1139410526316,0.0
6315,67.68392640812536,92.03846666666668,91.05242222222209,957.1139410526316,0.0
6316,67.68392640812536,100.0,91.05242222222209,952.1139410526316,0.0
6317,67.68392640812536,100.0,91.05242222222209,947.1139410526316,0.0
6318,60.84531144967661,100.0,91.05242222222209,942.1139410526316,0.0
6319,58.226585687903764,100.0,91.05242222222209,937.1139410526316,0.0
6320,63.96938568790378,100.0,91.05242222222209,932.1139410526316,0.0
6321,79.18340235457046,100.0,91.05242222222209,927.1139410526316,0.0
6322,79.18340235457046,100.0,91.05242222222209,940.2085768421053,0.0
6323,79.18340235457046,100.0,91.05242222222209,956.7907536842106,0.0
6324,98.18340235457046,100.0,98.409,958.1584505263157,0.0
6325,100.0,100.0,98.409,974.7584505263158,0.0
6326,100.0,100.0,100.0,991.3584505263158,0.0
6327,100.0,100.0,100.0,1000.0,0.0
6328,100.0,100.0,100.0,996.2320336842105,0.0
6329,94.12385623268698,89.66794432132964,100.0,991.2320336842105,0.0
6330,93.57682022160664,68.61531274238227,100.0,986.2320336842105,0.0
6331,93.57682022160664,68.61531274238227,84.85418282548474,981.2320336842105,0.0
6332,93.57682022160664,59.46284736842104,84.85418282548474,976.2320336842105,0.0
6333,93.57682022160664,56.379190858725735,84.85418282548474,971.2320336842105,0.0
6334,93.57682022160664,56.379190858725735,84.85418282548474,970.0339747368421,0.0
6335,93.57682022160664,56.379190858725735,84.85418282548474,974.1918442105263,0.0
6336,93.57682022160664,56.379190858725735,99.58268282548474,969.1918442105263,0.0
6337,93.57682022160664,56.379190858725735,99.58268282548474,977.7955999999999,0.0
6338,93.57682022160664,75.37919085872574,99.58268282548474,972.9208042105263,0.0
6339,93.57682022160664,92.17529085872575,99.58268282548474,967.9208042105263,0.0
6340,93.57682022160664,92.17529085872575,100.0,969.0736459308937,0.0
6341,93.57682022160664,92.17529085872575,96.97224376731302,964.0736459308937,0.0
6342,93.57682022160664,81.0,96.97224376731302,959.0736459308937,0.0
6343,93.57682022160664,81.0,94.1076802862419,954.0736459308937,0.0
6344,93.57682022160664,81.0,94.1076802862419,949.5645722466832,0.0
6345,93.57682022160664,81.0,94.1076802862419,953.1535659308937,0.0
6346,93.57682022160664,100.0,94.1126302862419,948.1535659308937,0.0
6347,100.0,100.0,94.1126302862419,956.7167138883219,0.0
6348,100.0,100.0,94.16572222222223,972.1702526315789,0.0
6349,100.0,100.0,94.16572222222223,987.5958947368421,0.0
6350,100.0,100.0,94.16572222222223,1000.0,0.0
6351,100.0,100.0,100.0,1000.0,0.0
6352,100.0,94.73418282548475,100.0,995.0,0.0
6353,78.94736842105263,92.4672576177285,100.0,990.0,0.0
6354,57.89473684210526,86.60859224376733,97.27728033240992,985.0,0.0
6355,57.89473684210526,65.55596066481996,95.09982880886423,980.0,0.0
6356,57.89473684210526,65.55596066481996,95.09982880886423,975.0,0.0
6357,47.532188365650974,65.55596066481996,95.09982880886423,970.0,0.0
6358,47.532188365650974,64.47019889196679,95.09982880886423,965.0,0.0
6359,47.532188365650974,64.47019889196679,95.09982880886423,965.0797515789474,0.0
6360,56.87658836565097,64.47019889196679,95.09982880886423,960.0797515789474,0.0
6361,56.87658836565097,64.47019889196679,95.09982880886423,964.9478821052631,0.0
6362,56.87658836565097,64.47019889196679,95.09982880886423,971.1082231578947,0.0
6363,56.87658836565097,77.0471988919668,95.09982880886423,966.1082231578947,0.0
6364,61.255788365650965,77.0471988919668,95.09982880886423,961.1082231578947,0.0
6365,61.255788365650965,77.0471988919668,87.5803828254847,956.1082231578947,0.0
6366,61.255788365650965,77.0471988919668,87.5803828254847,951.1082231578947,0.0
6367,61.255788365650965,77.0471988919668,87.5803828254847,946.1082231578947,0.0
6368,61.255788365650965,72.91390249307484,87.5803828254847,941.1082231578947,0.0
6369,68.19258836565098,72.91390249307484,87.5803828254847,936.1082231578947,0.0
6370,68.19258836565098,72.91390249307484,92.2225626038782,938.250373220586,0.0
6371,68.19258836565098,72.91390249307484,92.2225626038782,947.7949795363754,0.0
6372,68.19258836565098,72.91390249307484,92.2225626038782,959.4555900626913,0.0
6373,87.19258836565098,72.91390249307484,95.9770126038782,954.4555900626913,0.0
6374,87.19258836565098,72.91390249307484,95.9770126038782,964.7123142732175,0.0
6375,87.19258836565098,72.91390249307484,95.9770126038782,968.2690595363755,0.0
6376,87.19258836565098,67.03899944598342,95.9770126038782,963.2690595363755,0.0
6377,66.1399567867036,67.03899944598342,93.15263587257623,958.2690595363755,0.0
6378,63.43812853185598,67.03899944598342,93.15263587257623,953.2690595363755,0.0
6379,63.43812853185598,65.23883324099727,72.10000429362886,948.2690595363755,0.0
6380,63.43812853185598,48.55080000000004,72.10000429362886,943.2690595363755,0.0
6381,63.43812853185598,48.55080000000004,62.19656939058178,938.2690595363755,0.0
6382,63.43812853185598,48.55080000000004,62.19656939058178,933.2690595363755,0.0
6383,63.43812853185598,48.55080000000004,62.19656939058178,934.414865852165,0.0
6384,63.43812853185598,48.55080000000004,75.41016939058179,929.414865852165,0.0
6385,63.43812853185598,65.12290000000003,75.41016939058179,924.414865852165,0.0
6386,63.43812853185598,65.12290000000003,93.52151939058177,919.414865852165,0.0
6387,63.43812853185598,81.0,93.52151939058177,914.414865852165,0.0
6388,63.43812853185598,81.0,93.52151939058177,915.9718679574281,0.0
6389,63.43812853185598,81.0,91.7632368421053,910.9718679574281,0.0
6390,63.43812853185598,81.0,91.7632368421053,905.9718679574281,0.0
6391,63.43812853185598,81.0,91.7632368421053,900.9718679574281,0.0
6392,66.16257853185598,81.0,91.7632368421053,895.9718679574281,0.0
6393,66.16257853185598,81.0,91.7632368421053,901.0700195363755,0.0
6394,85.16257853185598,81.0,93.5656868421053,896.0700195363755,0.0
6395,85.16257853185598,81.0,93.5656868421053,910.8806300626912,0.0
6396,85.16257853185598,81.0,93.82638684210526,927.4806300626913,0.0
6397,85.18582853185599,81.0,93.82638684210526,944.0806300626913,0.0
6398,85.18582853185599,100.0,99.28238684210527,939.0806300626913,0.0
6399,85.18582853185599,100.0,99.28238684210527,945.2024321679544,0.0
6400,83.2190695290859,100.0,99.28238684210527,940.2024321679544,0.0
6401,63.392532132964035,100.0,99.28238684210527,935.2024321679544,0.0
6402,63.392532132964035,94.68221606648198,99.28238684210527,930.2024321679544,0.0
6403,63.392532132964035,94.68221606648198,99.28238684210527,925.2024321679544,0.0
6404,48.36167340720226,94.68221606648198,99.28238684210527,920.2024321679544,0.0
6405,48.36167340720226,94.68221606648198,99.28238684210527,915.2024321679544,0.0
6406,47.63347396121888,94.68221606648198,99.28238684210527,910.2024321679544,0.0
6407,47.63347396121888,94.68221606648198,99.28238684210527,909.9282847995333,0.0
6408,47.63347396121888,94.68221606648198,99.28238684210527,912.6585079574281,0.0
6409,60.43752396121887,94.68221606648198,99.28238684210527,907.6585079574281,0.0
6410,60.43752396121887,94.68221606648198,99.28238684210527,912.9712574311123,0.0
6411,60.43752396121887,94.68221606648198,99.28238684210527,915.9641669047966,0.0
6412,60.43752396121887,96.94256606648199,99.28238684210527,910.9641669047966,0.0
6413,60.43752396121887,96.94256606648199,99.28238684210527,905.9641669047966,0.0
6414,60.43752396121887,96.94256606648199,80.20765,900.9641669047966,0.0
6415,60.43752396121887,96.94256606648199,80.20765,895.9641669047966,0.0
6416,51.76450457063714,96.94256606648199,80.20765,890.9641669047966,0.0
6417,51.76450457063714,96.94256606648199,83.51105000000001,885.9641669047966,0.0
6418,51.76450457063714,96.94256606648199,83.51105000000001,889.8041374311124,0.0
6419,51.76450457063714,96.94256606648199,83.51105000000001,897.9304574311124,0.0
6420,51.76450457063714,96.94256606648199,83.51105000000001,908.1722132205861,0.0
6421,51.76450457063714,96.94256606648199,83.51105000000001,918.5431521679545,0.0
6422,51.76450457063714,96.94256606648199,100.0,913.5431521679545,0.0
6423,51.76450457063714,96.94256606648199,100.0,913.3106132205861,0.0
6424,39.071872991689766,96.94256606648199,100.0,908.3106132205861,0.0
6425,39.071872991689766,87.28389570637118,78.94736842105263,903.3106132205861,0.0
6426,39.071872991689766,67.86754658356534,78.94736842105263,898.3106132205861,0.0
6427,18.0192414127424,67.86754658356534,72.78415512465374,893.3106132205861,0.0
6428,18.0192414127424,47.76350226223571,72.78415512465374,888.3106132205861,0.0
6429,18.0192414127424,47.76350226223571,59.85927977839334,883.3106132205861,0.0
6430,18.0192414127424,47.76350226223571,57.29850415512462,878.3106132205861,0.0
6431,18.0192414127424,47.76350226223571,57.29850415512462,878.0044826942703,0.0
6432,18.0192414127424,47.76350226223571,57.29850415512462,882.2500405890072,0.0
6433,31.835247183747754,47.76350226223571,57.29850415512462,878.9824320046663,0.0
6434,31.835247183747754,47.76350226223571,57.29850415512462,887.5231688467716,0.0
6435,47.68379718374777,47.76350226223571,57.29850415512462,882.5231688467716,0.0
6436,47.68379718374777,47.76350226223571,57.29850415512462,883.74002779414,0.0
6437,47.68379718374777,45.27125849492269,57.29850415512462,878.74002779414,0.0
6438,47.68379718374777,34.070593674978085,57.29850415512462,873.74002779414,0.0
6439,47.68379718374777,34.070593674978085,48.499335180055354,868.74002779414,0.0
6440,47.68379718374777,34.070593674978085,48.499335180055354,863.74002779414,0.0
6441,47.68379718374777,34.070593674978085,48.499335180055354,865.227000425719,0.0
6442,47.68379718374777,34.070593674978085,48.499335180055354,871.9449625309821,0.0
6443,47.68379718374777,34.070593674978085,48.499335180055354,882.1964193730875,0.0
6444,51.332297183747755,34.070593674978085,67.49933518005535,877.1964193730875,0.0
6445,51.332297183747755,34.070593674978085,67.49933518005535,889.4564109520348,0.0
6446,51.82554718374775,53.070593674978085,67.49933518005535,884.4564109520348,0.0
6447,51.82554718374775,53.070593674978085,67.49933518005535,887.0708277941401,0.0
6448,51.82554718374775,45.90826680517198,67.49933518005535,882.0708277941401,0.0
6449,48.41756934441257,45.90826680517198,46.446703601107984,877.0708277941401,0.0
6450,27.364937765465204,37.92256043398086,46.446703601107984,872.0708277941401,0.0
6451,27.364937765465204,37.92256043398086,46.446703601107984,867.0708277941401,0.0
6452,27.364937765465204,22.056743259465645,46.446703601107984,862.0708277941401,0.0
6453,18.43424524468957,22.056743259465645,46.446703601107984,857.0708277941401,0.0
6454,18.905445244689552,22.056743259465645,46.446703601107984,852.0708277941401,0.0
6455,18.905445244689552,22.056743259465645,54.633953601107976,847.0708277941401,0.0
6456,32.31014524468953,22.056743259465645,54.633953601107976,842.0708277941401,0.0
6457,32.31014524468953,22.056743259465645,54.633953601107976,849.7159225309822,0.0
6458,32.31014524468953,22.056743259465645,54.633953601107976,858.1628320046664,0.0
6459,32.31014524468953,22.056743259465645,69.66955360110796,853.1628320046664,0.0
6460,32.31014524468953,22.056743259465645,69.66955360110796,853.5614298994032,0.0
6461,32.31014524468953,17.872421929825734,69.66955360110796,848.5614298994032,0.0
6462,19.01862169898314,17.872421929825734,69.66955360110796,843.5614298994032,0.0
6463,7.539452723913879,17.872421929825734,69.66955360110796,838.5614298994032,0.0
6464,7.539452723913879,17.872421929825734,69.66955360110796,833.5614298994032,0.0
6465,7.539452723913879,17.872421929825734,69.66955360110796,833.0411941099295,0.0
6466,7.539452723913879,17.872421929825734,69.66955360110796,837.5838467415084,0.0
6467,7.539452723913879,17.872421929825734,69.66955360110796,845.9256362151926,0.0
6468,26.53945272391388,17.872421929825734,71.38310360110796,840.9256362151926,0.0
6469,26.53945272391388,36.872421929825734,73.26820360110797,835.9256362151926,0.0
6470,26.53945272391388,36.872421929825734,90.60465360110797,830.9256362151926,0.0
6471,26.53945272391388,44.621521929825725,90.60465360110797,825.9256362151926,0.0
6472,26.53945272391388,44.621521929825725,80.37362867036005,820.9256362151926,0.0
6473,26.220062142196443,44.621521929825725,80.37362867036005,815.9256362151926,0.0
6474,26.220062142196443,35.56274076639082,59.32099709141268,810.9256362151926,0.0
6475,24.32704275161473,35.56274076639082,59.32099709141268,805.9256362151926,0.0
6476,21.860363850415524,21.255846260387823,59.32099709141268,800.9256362151926,0.0
6477,11.332607617728513,21.255846260387823,59.32099709141268,795.9256362151926,0.0
6478,10.164962188365639,21.255846260387823,59.32099709141268,790.9256362151926,0.0
6479,10.164962188365639,28.067746260387825,59.32099709141268,785.9256362151926,0.0
6480,10.164962188365639,28.067746260387825,59.32099709141268,788.4306130572979,0.0
6481,10.164962188365639,28.067746260387825,59.32099709141268,793.6155814783506,0.0
6482,25.099612188365636,28.067746260387825,59.32099709141268,788.6155814783506,0.0
6483,25.099612188365636,40.87574626038782,59.32099709141268,783.6155814783506,0.0
6484,25.099612188365636,40.87574626038782,59.32099709141268,782.7821835836137,0.0
6485,19.730249307479223,40.87574626038782,59.32099709141268,777.7821835836137,0.0
6486,5.511523545706369,40.87574626038782,59.32099709141268,772.7821835836137,0.0
6487,5.511523545706369,40.87574626038782,59.32099709141268,767.7821835836137,0.0
6488,5.511523545706369,40.87574626038782,59.32099709141268,762.7821835836137,0.0
6489,5.511523545706369,40.87574626038782,59.32099709141268,763.0873330572979,0.0
6490,5.511523545706369,55.7097462603878,59.32099709141268,758.0873330572979,0.0
6491,5.511523545706369,56.7025962603878,78.32099709141268,753.0873330572979,0.0
6492,5.511523545706369,56.7025962603878,78.32099709141268,765.2464109520347,0.0
6493,5.511523545706369,56.7025962603878,78.32099709141268,777.4364109520346,0.0
6494,5.511523545706369,56.7025962603878,78.32099709141268,787.0228530572978,0.0
6495,5.511523545706369,56.7025962603878,88.47449709141266,782.0228530572978,0.0
6496,5.511523545706369,48.8117929362881,88.47449709141266,777.0228530572978,0.0
6497,1.4963988919667395,27.75916135734073,88.47449709141266,772.0228530572978,0.0
6498,-0.0,27.75916135734073,88.47449709141266,767.0228530572978,0.0
6499,0.0,8.07855193905818,88.47449709141266,762.0228530572978,0.0
6500,-0.0,8.07855193905818,75.89128379501375,757.0228530572978,0.0
6501,-0.0,2.409410664819961,75.89128379501375,752.0228530572978,0.0
6502,-0.0,5.662910664819959,75.89128379501375,747.0228530572978,0.0
6503,-0.0,16.56491066481995,75.89128379501375,742.0228530572978,0.0
6504,-0.0,16.56491066481995,75.89128379501375,747.9401372678241,0.0
6505,17.527649999999976,16.56491066481995,75.89128379501375,742.9401372678241,0.0
6506,36.07079999999998,16.56491066481995,75.89128379501375,737.9401372678241,0.0
6507,36.07079999999998,16.56491066481995,75.89128379501375,744.9404530572978,0.0
6508,36.07079999999998,16.56491066481995,75.89128379501375,746.0706846362451,0.0
6509,36.07079999999998,13.368013157894747,75.89128379501375,741.0706846362451,0.0
6510,36.07079999999998,13.368013157894747,63.296325346260296,736.0706846362451,0.0
6511,31.44404432132965,13.368013157894747,56.80574030470902,731.0706846362451,0.0
6512,31.44404432132965,13.368013157894747,56.80574030470902,726.0706846362451,0.0
6513,31.44404432132965,13.368013157894747,56.80574030470902,725.5188446362451,0.0
6514,31.44404432132965,13.368013157894747,56.80574030470902,730.4332067415083,0.0
6515,31.44404432132965,13.368013157894747,56.80574030470902,739.3555435836136,0.0
6516,31.44404432132965,13.368013157894747,56.80574030470902,750.008495162561,0.0
6517,31.44404432132965,14.55891315789475,75.80574030470902,745.008495162561,0.0
6518,31.44404432132965,14.55891315789475,83.10575595567886,746.4760538270891,0.0
6519,31.44404432132965,14.55891315789475,83.10575595567886,745.5321548797207,0.0
6520,17.965041551246536,14.55891315789475,83.10575595567886,740.5321548797207,0.0
6521,17.965041551246536,14.55891315789475,73.80514653739631,735.5321548797207,0.0
6522,17.965041551246536,14.55891315789475,61.77473102493094,730.5321548797207,0.0
6523,17.965041551246536,14.55891315789475,61.77473102493094,725.5321548797207,0.0
6524,-0.0,14.55891315789475,61.77473102493094,720.5321548797207,0.0
6525,0.0,14.55891315789475,61.77473102493094,715.5321548797207,0.0
6526,-0.0,14.55891315789475,60.59772271468163,710.5321548797207,0.0
6527,-0.0,14.55891315789475,60.59772271468163,710.9491317218259,0.0
6528,10.878725761772877,14.55891315789475,60.709346952908746,705.9491317218259,0.0
6529,10.878725761772877,14.55891315789475,60.709346952908746,712.1337633007732,0.0
6530,10.878725761772877,14.55891315789475,60.709346952908746,719.5087443534048,0.0
6531,10.878725761772877,14.55891315789475,60.709346952908746,724.963106458668,0.0
6532,10.878725761772877,14.55891315789475,60.709346952908746,724.723746458668,0.0
6533,6.355955678670384,14.55891315789475,60.709346952908746,719.723746458668,0.0
6534,6.355955678670384,14.55891315789475,47.21145221606663,714.723746458668,0.0
6535,6.355955678670384,14.55891315789475,35.536327562327,709.723746458668,0.0
6536,3.326371191135731,14.55891315789475,35.536327562327,704.723746458668,0.0
6537,3.326371191135731,14.55891315789475,35.536327562327,705.4976917218258,0.0
6538,3.326371191135731,30.608213157894728,35.536327562327,700.4976917218258,0.0
6539,3.326371191135731,30.608213157894728,35.536327562327,711.9128201428784,0.0
6540,22.32637119113573,36.31536315789473,35.536327562327,706.9128201428784,0.0
6541,22.32637119113573,42.10526315789473,54.536327562327,701.9128201428784,0.0
6542,22.32637119113573,42.10526315789473,54.536327562327,712.7551696165626,0.0
6543,22.32637119113573,42.10526315789473,54.536327562327,715.7537633007731,0.0
6544,22.32637119113573,42.10526315789473,54.536327562327,710.7537633007731,0.0
6545,22.32637119113573,21.052631578947366,48.446521468144155,705.7537633007731,0.0
6546,1.2737396121883648,21.052631578947366,38.864582409972385,700.7537633007731,0.0
6547,-0.0,0.0,38.864582409972385,695.7537633007731,0.0
6548,-0.0,-0.0,23.921646121883725,690.7537633007731,0.0
6549,0.0,-0.0,23.921646121883725,685.7537633007731,0.0
6550,-0.0,-0.0,23.921646121883725,682.6423990902468,0.0
6551,-0.0,-0.0,34.4290961218837,677.6423990902468,0.0
6552,-0.0,-0.0,34.4290961218837,684.9036959323521,0.0
6553,-0.0,-0.0,34.4290961218837,694.9127780376152,0.0
6554,-0.0,-0.0,34.4290961218837,706.149573827089,0.0
6555,-0.0,-0.0,34.4290961218837,715.4889043534047,0.0
6556,6.767223268698078,-0.0,34.4290961218837,713.8315056655492,0.0
6557,7.335623268698082,-0.0,34.4290961218837,708.8315056655492,0.0
6558,7.335623268698082,0.0,25.276852354570693,703.8315056655492,0.0
6559,0.0,-0.0,25.276852354570693,698.8315056655492,0.0
6560,-0.0,-0.0,25.276852354570693,694.5581751392334,0.0
6561,-0.0,-0.0,25.276852354570693,697.2407646129176,0.0
6562,17.876049999999996,-0.0,25.276852354570693,692.2407646129176,0.0
6563,22.08519999999999,19.0,25.276852354570693,687.2407646129176,0.0
6564,22.08519999999999,19.0,44.27685235457069,687.4100614550229,0.0
6565,41.085199999999986,23.31725055401664,46.35335180055405,682.4100614550229,0.0
6566,41.085199999999986,23.31725055401664,46.35335180055405,693.3199393497597,0.0
6567,41.085199999999986,23.31725055401664,46.35335180055405,696.2705582971281,0.0
6568,41.085199999999986,23.31725055401664,38.62626038781164,691.2705582971281,0.0
6569,20.03256842105262,23.31725055401664,36.601883656509685,686.2705582971281,0.0
6570,16.771238781163426,23.31725055401664,15.549252077562315,681.2705582971281,0.0
6571,16.771238781163426,23.31725055401664,-0.0,676.2705582971281,0.0
6572,8.605366204986117,23.31725055401664,-0.0,671.2705582971281,0.0
6573,7.290130747922403,23.31725055401664,-0.0,666.2705582971281,0.0
6574,7.290130747922403,30.64965055401663,0.0,661.2705582971281,0.0
6575,7.290130747922403,45.74090055401662,-0.0,656.2705582971281,0.0
6576,7.622580747922378,64.74090055401662,-0.0,651.2705582971281,0.0
6577,10.885130747922348,64.74090055401662,19.0,646.2705582971281,0.0
6578,10.885130747922348,64.74090055401662,19.0,658.8881246129176,0.0
6579,10.885130747922348,64.74090055401662,19.0,669.2751309287071,0.0
6580,10.885130747922348,64.74090055401662,19.0,673.5130719813386,0.0
6581,10.885130747922348,64.74090055401662,19.0,669.1686130339701,0.0
6582,10.885130747922348,55.28810277008308,19.0,664.1686130339701,0.0
6583,10.885130747922348,55.28810277008308,10.3229916897507,659.1686130339701,0.0
6584,9.460477008310134,55.28810277008308,10.3229916897507,654.1686130339701,0.0
6585,9.460477008310134,55.28810277008308,10.3229916897507,655.2812614550228,0.0
6586,9.460477008310134,72.0790027700831,10.3229916897507,650.2812614550228,0.0
6587,9.460477008310134,72.0790027700831,10.3229916897507,662.3640951392333,0.0
6588,9.460477008310134,72.0790027700831,10.3229916897507,676.3561414550228,0.0
6589,19.44050013850414,72.0790027700831,10.3229916897507,682.2993660300336,0.0
6590,38.44050013850414,72.0790027700831,11.6804416897507,677.2993660300336,0.0
6591,38.44050013850414,72.0790027700831,11.6804416897507,679.8195765563494,0.0
6592,29.56343642659277,72.0790027700831,11.6804416897507,674.8195765563494,0.0
6593,27.124819944598293,51.02637119113573,9.547922437673142,669.8195765563494,0.0
6594,20.031357340720213,29.973739612188364,9.547922437673142,664.8195765563494,0.0
6595,0.0,29.973739612188364,9.547922437673142,659.8195765563494,0.0
6596,-0.0,17.06614958448754,9.547922437673142,654.8195765563494,0.0
6597,0.0,11.047423822714677,9.547922437673142,649.8195765563494,0.0
6598,3.3485999999999896,11.047423822714677,9.547922437673142,644.8195765563494,0.0
6599,3.3485999999999896,11.047423822714677,9.547922437673142,648.4142165563494,0.0
6600,3.3485999999999896,11.047423822714677,9.547922437673142,655.4196860300336,0.0
6601,3.3485999999999896,11.047423822714677,9.547922437673142,664.6785660300336,0.0
6602,3.3485999999999896,11.047423822714677,9.547922437673142,674.7194418195073,0.0
6603,20.60339999999997,11.047423822714677,9.547922437673142,669.7194418195073,0.0
6604,20.60339999999997,11.047423822714677,9.547922437673142,671.8831765563494,0.0
6605,19.1536493074792,11.047423822714677,9.547922437673142,666.8831765563494,0.0
6606,19.1536493074792,-0.0,9.547922437673142,661.8831765563494,0.0
6607,19.1536493074792,0.0,-0.0,656.8831765563494,0.0
6608,18.293870914127368,0.0,-0.0,651.8831765563494,0.0
6609,18.293870914127368,-0.0,0.0,654.2485491879283,0.0
6610,18.293870914127368,2.959078531855967,15.596871468144045,649.2485491879283,0.0
6611,18.293870914127368,2.959078531855967,34.596871468144045,648.7574165563494,0.0
6612,18.293870914127368,2.959078531855967,34.596871468144045,665.1839723458231,0.0
6613,37.29387091412737,2.959078531855967,43.98227146814406,660.1839723458231,0.0
6614,42.674520914127356,21.959078531855965,43.98227146814406,655.1839723458231,0.0
6615,42.674520914127356,21.959078531855965,43.98227146814406,660.4740986616126,0.0
6616,42.674520914127356,21.959078531855965,43.98227146814406,655.4740986616126,0.0
6617,42.674520914127356,18.66096218836566,22.929639889196697,650.4740986616126,0.0
6618,42.674520914127356,13.285283518005546,1.8770083102493316,645.4740986616126,0.0
6619,25.061224515235395,13.285283518005546,1.8770083102493316,640.4740986616126,0.0
6620,15.427540304709064,13.285283518005546,1.8770083102493316,635.4740986616126,0.0
6621,15.427540304709064,13.285283518005546,-0.0,630.4740986616126,0.0
6622,22.299240304709063,13.285283518005546,-0.0,625.4740986616126,0.0
6623,22.299240304709063,13.285283518005546,-0.0,631.5762333984547,0.0
6624,22.299240304709063,13.285283518005546,-0.0,642.1244439247705,0.0
6625,22.299240304709063,13.285283518005546,-0.0,655.8892733984547,0.0
6626,22.299240304709063,13.285283518005546,-0.0,671.3893407668758,0.0
6627,22.299240304709063,32.28528351800554,-0.0,670.9897618195073,0.0
6628,22.299240304709063,32.28528351800554,-0.0,679.2835007668757,0.0
6629,22.299240304709063,32.28528351800554,-0.0,679.50441024056,0.0
6630,22.299240304709063,32.28528351800554,-0.0,674.50441024056,0.0
6631,22.299240304709063,31.506391551246537,0.0,669.50441024056,0.0
6632,22.299240304709063,31.506391551246537,-0.0,669.1994544510864,0.0
6633,22.299240304709063,31.506391551246537,-0.0,676.2103807668758,0.0
6634,22.299240304709063,31.506391551246537,5.863854847645603,685.101261303397,0.0
6635,23.308240304709056,31.506391551246537,5.863854847645603,701.701261303397,0.0
6636,23.308240304709056,31.506391551246537,9.305754847645595,718.301261303397,0.0
6637,26.462090304709072,31.506391551246537,9.305754847645595,734.9012613033971,0.0
6638,26.462090304709072,50.50639155124654,9.305754847645595,736.3214255139234,0.0
6639,43.32679030470906,50.50639155124654,9.305754847645595,731.3214255139234,0.0
6640,43.32679030470906,50.50639155124654,7.797001385041716,726.3214255139234,0.0
6641,43.32679030470906,50.50639155124654,7.797001385041716,721.3214255139234,0.0
6642,33.162739058171816,50.50639155124654,0.0,716.3214255139234,0.0
6643,33.162739058171816,41.11569903047091,-0.0,711.3214255139234,0.0
6644,33.162739058171816,41.11569903047091,-0.0,706.3214255139234,0.0
6645,33.162739058171816,44.973799030470914,-0.0,701.3214255139234,0.0
6646,33.162739058171816,44.973799030470914,-0.0,705.8010591981339,0.0
6647,33.162739058171816,44.973799030470914,-0.0,716.0459981455023,0.0
6648,33.162739058171816,44.973799030470914,-0.0,728.5030802507654,0.0
6649,33.162739058171816,44.973799030470914,-0.0,743.4509834086601,0.0
6650,33.162739058171816,44.973799030470914,-0.0,759.4251897244496,0.0
6651,33.162739058171816,44.973799030470914,-0.0,773.465248671818,0.0
6652,33.162739058171816,44.973799030470914,-0.0,780.9533455139233,0.0
6653,33.162739058171816,44.973799030470914,-0.0,779.8812486718181,0.0
6654,33.162739058171816,39.934574653739624,0.0,774.8812486718181,0.0
6655,33.162739058171816,35.362164681440454,-0.0,769.8812486718181,0.0
6656,33.162739058171816,35.362164681440454,-0.0,766.905661303397,0.0
6657,33.162739058171816,47.673714681440444,-0.0,761.905661303397,0.0
6658,33.162739058171816,47.673714681440444,19.0,758.5033791981339,0.0
6659,33.162739058171816,47.673714681440444,19.0,774.0206507770813,0.0
6660,33.162739058171816,58.88646468144046,38.0,769.0206507770813,0.0
6661,33.162739058171816,58.88646468144046,40.21179999999999,785.6206507770813,0.0
6662,33.162739058171816,58.88646468144046,40.21179999999999,801.1794549876076,0.0
6663,33.162739058171816,58.88646468144046,40.21179999999999,808.3575728823445,0.0
6664,31.208888642659325,58.88646468144046,40.21179999999999,803.3575728823445,0.0
6665,31.208888642659325,41.401921745152364,40.21179999999999,798.3575728823445,0.0
6666,31.208888642659325,22.492226454293633,40.21179999999999,793.3575728823445,0.0
6667,31.208888642659325,13.641821545090883,38.67245421668195,788.3575728823445,0.0
6668,31.208888642659325,13.641821545090883,35.54286972914731,783.3575728823445,0.0
6669,34.61558864265931,13.641821545090883,35.54286972914731,778.3575728823445,0.0
6670,46.2282386426593,13.641821545090883,35.54286972914731,773.3575728823445,0.0
6671,46.2282386426593,13.641821545090883,35.54286972914731,783.162553934976,0.0
6672,46.2282386426593,13.641821545090883,35.54286972914731,795.541648671818,0.0
6673,46.2282386426593,13.641821545090883,35.54286972914731,810.6029707770812,0.0
6674,46.2282386426593,22.572421545090897,54.54286972914731,805.6029707770812,0.0
6675,46.2282386426593,41.5724215450909,61.20951972914732,800.6029707770812,0.0
6676,46.2282386426593,41.5724215450909,61.20951972914732,809.4064318297128,0.0
6677,46.2282386426593,41.5724215450909,61.20951972914732,810.0881791981338,0.0
6678,46.2282386426593,41.5724215450909,59.63583551862101,805.0881791981338,0.0
6679,45.11100872576178,41.5724215450909,59.63583551862101,800.0881791981338,0.0
6680,45.11100872576178,41.5724215450909,59.63583551862101,800.1489076191865,0.0
6681,45.11100872576178,41.5724215450909,59.63583551862101,807.1743855139233,0.0
6682,50.18150872576178,60.5724215450909,59.63583551862101,802.1743855139233,0.0
6683,51.16815872576178,60.5724215450909,59.63583551862101,818.7743855139233,0.0
6684,54.57395872576178,60.5724215450909,59.63583551862101,835.3743855139234,0.0
6685,57.93085872576178,60.5724215450909,59.63583551862101,851.9743855139234,0.0
6686,76.93085872576178,70.0437215450909,59.63583551862101,846.9743855139234,0.0
6687,95.93085872576178,70.0437215450909,59.789335518620994,841.9743855139234,0.0
6688,95.93085872576178,70.0437215450909,59.789335518620994,839.4598255139234,0.0
6689,95.93085872576178,70.0437215450909,47.59592831640493,834.4598255139234,0.0
6690,81.0,70.0437215450909,47.59592831640493,829.4598255139234,0.0
6691,81.0,70.0437215450909,41.026454632194394,824.4598255139234,0.0
6692,81.0,70.0437215450909,41.026454632194394,820.3318970928708,0.0
6693,81.0,70.0437215450909,41.026454632194394,821.2558676191866,0.0
6694,81.0,70.0437215450909,41.026454632194394,829.0706170928707,0.0
6695,81.0,70.0437215450909,60.026454632194394,828.6378802507655,0.0
6696,81.0,70.0437215450909,60.026454632194394,844.5267097244498,0.0
6697,100.0,70.0437215450909,60.026454632194394,848.6043939349761,0.0
6698,100.0,73.87527154509088,60.026454632194394,865.2043939349761,0.0
6699,100.0,73.87527154509088,60.71830463219439,881.8043939349761,0.0
6700,100.0,73.87527154509088,60.71830463219439,892.755046566555,0.0
6701,100.0,73.87527154509088,60.71830463219439,895.4472234086603,0.0
6702,100.0,73.87527154509088,60.71830463219439,890.5221034086603,0.0
6703,100.0,73.87527154509088,60.59863704216669,885.5221034086603,0.0
6704,100.0,73.87527154509088,67.40513704216671,880.5221034086603,0.0
6705,100.0,73.87527154509088,67.40513704216671,888.2774718297129,0.0
6706,100.0,73.87527154509088,67.40513704216671,902.1843307770813,0.0
6707,100.0,74.56497154509088,67.40513704216671,918.7843307770813,0.0
6708,100.0,74.56497154509088,80.01960304709146,927.9885544365068,0.0
6709,100.0,77.25217154509086,80.01960304709146,944.5885544365068,0.0
6710,100.0,77.25217154509086,80.01960304709146,960.4077333838752,0.0
6711,100.0,77.25217154509086,80.01960304709146,968.2837965417699,0.0
6712,100.0,77.25217154509086,78.5556695290859,963.2837965417699,0.0
6713,80.92659279778393,77.25217154509086,78.5556695290859,958.2837965417699,0.0
6714,79.47135734072022,77.25217154509086,78.5556695290859,953.2837965417699,0.0
6715,79.47135734072022,62.504747722376166,78.5556695290859,948.2837965417699,0.0
6716,79.47135734072022,62.504747722376166,70.76569722991692,943.2837965417699,0.0
6717,79.47135734072022,62.504747722376166,69.9887997229917,938.2837965417699,0.0
6718,79.47135734072022,62.504747722376166,69.9887997229917,939.2851860154541,0.0
6719,79.47135734072022,62.504747722376166,69.9887997229917,946.2407102259804,0.0
6720,79.47135734072022,62.504747722376166,69.9887997229917,956.4218344365066,0.0
6721,79.47135734072022,62.504747722376166,69.9887997229917,969.1038596996646,0.0
6722,81.0,62.504747722376166,69.9887997229917,981.7690652631578,0.0
6723,81.0,62.504747722376166,69.9887997229917,993.8240842105263,0.0
6724,81.0,62.504747722376166,69.9887997229917,1000.0,0.0
6725,81.0,62.504747722376166,69.9887997229917,997.9595789473684,0.0
6726,81.0,62.504747722376166,69.9887997229917,992.9595789473684,0.0
6727,81.0,62.504747722376166,62.7847,987.9595789473684,0.0
6728,81.0,62.504747722376166,62.7847,983.4566442105263,0.0
6729,81.0,72.76229772237616,62.7847,978.4566442105263,0.0
6730,81.0,72.76229772237616,81.0,973.4566442105263,0.0
6731,100.0,76.95369772237615,81.0,968.4566442105263,0.0
6732,100.0,76.95369772237615,81.0,982.8931957894737,0.0
6733,100.0,76.95369772237615,100.0,982.9424042105263,0.0
6734,100.0,87.47434999999999,100.0,986.7343224843272,0.0
6735,100.0,100.0,100.0,981.7343224843272,0.0
6736,100.0,95.38875346260387,100.0,976.7343224843272,0.0
6737,100.0,74.64465373961218,100.0,971.7343224843272,0.0
6738,100.0,72.2327977839335,78.94736842105263,966.7343224843272,0.0
6739,100.0,56.2180055401662,78.94736842105263,961.7343224843272,0.0
6740,100.0,56.2180055401662,78.94736842105263,956.7343224843272,0.0
6741,100.0,56.2180055401662,75.8032132963989,951.7343224843272,0.0
6742,100.0,56.2180055401662,75.8032132963989,950.8038761685377,0.0
6743,100.0,56.2180055401662,88.75571329639891,945.8038761685377,0.0
6744,100.0,75.13410554016619,88.75571329639891,940.8038761685377,0.0
6745,100.0,75.13410554016619,88.75571329639891,952.755973010643,0.0
6746,100.0,75.13410554016619,88.75571329639891,965.9474551159061,0.0
6747,100.0,75.13410554016619,88.75571329639891,977.3449245895903,0.0
6748,100.0,75.13410554016619,88.75571329639891,983.1736488001166,0.0
6749,100.0,75.13410554016619,88.75571329639891,981.2078424843271,0.0
6750,93.46354570637119,75.13410554016619,88.75571329639891,976.2078424843271,0.0
6751,93.46354570637119,75.13410554016619,88.75571329639891,971.2078424843271,0.0
6752,92.99396121883656,75.13410554016619,88.75571329639891,966.2078424843271,0.0
6753,92.99396121883656,81.0,91.22241883656511,961.2078424843271,0.0
6754,100.0,81.0,99.58814444444445,957.8658778947367,0.0
6755,100.0,81.0,99.58814444444445,970.6303999999999,0.0
6756,100.0,81.0,99.58814444444445,985.4122863157895,0.0
6757,100.0,81.0,99.58814444444445,1000.0,0.0
6758,100.0,100.0,100.0,996.73872,0.0
6759,100.0,100.0,100.0,1000.0,0.0
6760,100.0,91.09445983379501,100.0,995.0,0.0
6761,95.52193905817175,91.09445983379501,100.0,990.0,0.0
6762,95.52193905817175,70.04182825484764,94.12415512465374,985.0,0.0
6763,95.52193905817175,70.04182825484764,94.12415512465374,980.0,0.0
6764,95.52193905817175,58.3165650969529,94.12415512465374,975.0,0.0
6765,95.52193905817175,58.3165650969529,88.9291412742382,970.0,0.0
6766,95.52193905817175,58.3165650969529,88.9291412742382,967.4695621052632,0.0
6767,95.52193905817175,68.8436150969529,88.9291412742382,962.4695621052632,0.0
6768,95.52193905817175,68.8436150969529,88.9291412742382,969.5503663157896,0.0
6769,95.52193905817175,68.8436150969529,88.9291412742382,979.0487410526317,0.0
6770,100.0,68.8436150969529,88.9291412742382,986.038589601983,0.0
6771,100.0,68.8436150969529,88.9291412742382,994.8714948651408,0.0
6772,100.0,68.8436150969529,99.7551912742382,989.8714948651408,0.0
6773,100.0,68.8436150969529,99.7551912742382,985.2598022335618,0.0
6774,100.0,68.8436150969529,89.776077700831,980.2598022335618,0.0
6775,100.0,68.8436150969529,89.776077700831,975.2598022335618,0.0
6776,100.0,68.8436150969529,89.776077700831,970.2598022335618,0.0
6777,100.0,68.8436150969529,89.776077700831,969.3129853914566,0.0
6778,100.0,82.39051509695291,89.776077700831,964.3129853914566,0.0
6779,100.0,82.39051509695291,100.0,966.1655874384021,0.0
6780,100.0,82.39051509695291,100.0,977.9225642805073,0.0
6781,100.0,82.39051509695291,100.0,989.3745642805073,0.0
6782,100.0,99.7440150969529,100.0,984.3745642805073,0.0
6783,100.0,100.0,100.0,984.0643146697769,0.0
6784,100.0,100.0,86.67939058171744,979.0643146697769,0.0
6785,100.0,91.21883656509695,65.62675900277007,974.0643146697769,0.0
6786,100.0,90.45519279778392,56.343699168975064,969.0643146697769,0.0
6787,98.6886,89.84332409972298,56.343699168975064,964.0643146697769,0.0
6788,98.6886,89.84332409972298,56.343699168975064,959.0643146697769,0.0
6789,98.6886,81.0,56.343699168975064,954.0643146697769,0.0
6790,98.6886,81.0,56.343699168975064,949.7961378276716,0.0
6791,98.6886,81.0,60.62637546937542,948.7103031578945,0.0
6792,98.6886,81.0,77.1667254693754,943.7103031578945,0.0
6793,100.0,100.0,77.1667254693754,938.7103031578945,0.0
6794,100.0,100.0,77.1667254693754,950.4210484210524,0.0
6795,100.0,100.0,77.1667254693754,960.7204799999998,0.0
6796,100.0,100.0,77.1667254693754,965.4504463157893,0.0
6797,100.0,100.0,77.1667254693754,962.3993726315788,0.0
6798,100.0,100.0,77.1667254693754,957.3993726315788,0.0
6799,100.0,100.0,77.1667254693754,952.3993726315788,0.0
6800,100.0,100.0,75.43182242228399,947.3993726315788,0.0
6801,100.0,100.0,75.43182242228399,948.0387915789472,0.0
6802,100.0,100.0,91.338872422284,943.0387915789472,0.0
6803,100.0,100.0,91.338872422284,954.8637515789472,0.0
6804,100.0,100.0,91.338872422284,968.8539410526314,0.0
6805,100.0,100.0,91.338872422284,982.7724715789471,0.0
6806,100.0,100.0,91.338872422284,994.1104842105261,0.0
6807,100.0,100.0,91.338872422284,998.2715368421051,0.0
6808,100.0,100.0,85.5392048322563,993.2715368421051,0.0
6809,100.0,82.90122146814385,85.5392048322563,988.2715368421051,0.0
6810,100.0,82.90122146814385,85.12989735303191,983.2715368421051,0.0
6811,100.0,82.90122146814385,85.12989735303191,978.2715368421051,0.0
6812,92.96421052631582,82.90122146814385,85.12989735303191,973.2715368421051,0.0
6813,92.96421052631582,82.90122146814385,84.13233502616208,968.2715368421051,0.0
6814,92.96421052631582,89.95022146814384,84.13233502616208,963.2715368421051,0.0
6815,92.96421052631582,89.95022146814384,84.13233502616208,968.8139663157893,0.0
6816,93.4250455524779,89.95022146814384,100.0,963.8139663157893,0.0
6817,93.4250455524779,89.95022146814384,100.0,973.4189768421052,0.0
6818,93.4250455524779,89.95022146814384,100.0,983.8737010526315,0.0
6819,93.4250455524779,89.95022146814384,100.0,992.3321684210526,0.0
6820,93.4250455524779,89.95022146814384,100.0,995.0685305263158,0.0
6821,93.4250455524779,89.95022146814384,99.48686980609418,990.0685305263158,0.0
6822,93.4250455524779,81.0,97.22684196675878,985.0685305263158,0.0
6823,93.4250455524779,81.0,97.22684196675878,980.0685305263158,0.0
6824,88.96255247768565,81.0,97.22684196675878,975.0685305263158,0.0
6825,88.96255247768565,81.0,97.22684196675878,974.2062189473685,0.0
6826,88.96255247768565,81.0,97.22684196675878,979.7954863157895,0.0
6827,88.96255247768565,100.0,97.22684196675878,975.5173431578947,0.0
6828,88.96255247768565,100.0,97.22684196675878,987.7636547368421,0.0
6829,88.96255247768565,100.0,97.22684196675878,1000.0,0.0
6830,100.0,100.0,100.0,998.81016,0.0
6831,100.0,100.0,100.0,1000.0,0.0
6832,100.0,100.0,100.0,995.0,0.0
6833,100.0,100.0,100.0,990.0,0.0
6834,100.0,100.0,100.0,985.0,0.0
6835,100.0,100.0,100.0,980.0,0.0
6836,100.0,99.82023368728849,100.0,975.0,0.0
6837,92.82227146814404,99.82023368728849,100.0,970.0,0.0
6838,92.82227146814404,99.82023368728849,100.0,966.607987368421,0.0
6839,100.0,99.82023368728849,100.0,963.7342015337513,0.0
6840,100.0,99.82023368728849,100.0,968.5858478495408,0.0
6841,100.0,100.0,100.0,975.8517933809594,0.0
6842,100.0,100.0,100.0,984.5601386441173,0.0
6843,100.0,100.0,100.0,991.6482186441173,0.0
6844,100.0,100.0,100.0,993.1574354862225,0.0
6845,100.0,100.0,100.0,988.1574354862225,0.0
6846,90.14197222222224,100.0,96.32988373345643,983.1574354862225,0.0
6847,90.14197222222224,100.0,96.32988373345643,978.1574354862225,0.0
6848,90.14197222222224,100.0,96.32988373345643,973.1574354862225,0.0
6849,90.14197222222224,100.0,96.32988373345643,969.9581933809594,0.0
6850,90.14197222222224,100.0,96.32988373345643,973.1627070651699,0.0
6851,90.14197222222224,100.0,100.0,978.4584294736843,0.0
6852,90.14197222222224,100.0,100.0,989.2158189473685,0.0
6853,90.14197222222224,100.0,100.0,1000.0,0.0
6854,100.0,100.0,100.0,1000.0,0.0
6855,100.0,100.0,100.0,998.987132631579,0.0
6856,100.0,100.0,100.0,993.987132631579,0.0
6857,100.0,100.0,100.0,988.987132631579,0.0
6858,100.0,100.0,100.0,983.987132631579,0.0
6859,100.0,100.0,100.0,978.987132631579,0.0
6860,100.0,100.0,100.0,973.987132631579,0.0
6861,100.0,100.0,100.0,968.987132631579,0.0
6862,100.0,100.0,100.0,966.0593305263159,0.0
6863,100.0,100.0,100.0,968.6249010526317,0.0
6864,100.0,100.0,100.0,973.4752210526317,0.0
6865,100.0,100.0,100.0,980.4909221052633,0.0
6866,100.0,100.0,100.0,988.5744968421054,0.0
6867,100.0,100.0,100.0,994.6893263157897,0.0
6868,100.0,100.0,100.0,995.0976252631581,0.0
6869,100.0,100.0,100.0,990.0976252631581,0.0
6870,100.0,100.0,100.0,985.0976252631581,0.0
6871,100.0,100.0,100.0,980.0976252631581,0.0
6872,100.0,95.49383333333319,100.0,975.0976252631581,0.0
6873,100.0,95.49383333333319,100.0,970.5356884210528,0.0
6874,100.0,100.0,100.0,969.2896042105264,0.0
6875,100.0,100.0,100.0,976.3959873684211,0.0
6876,100.0,100.0,100.0,985.6611957894737,0.0
6877,100.0,100.0,100.0,994.538892631579,0.0
6878,100.0,100.0,100.0,1000.0,0.0
6879,100.0,100.0,100.0,996.7178442105263,0.0
6880,100.0,100.0,100.0,991.7178442105263,0.0
6881,100.0,100.0,100.0,986.7178442105263,0.0
6882,100.0,100.0,100.0,981.7178442105263,0.0
6883,100.0,100.0,100.0,976.7178442105263,0.0
6884,100.0,100.0,100.0,971.7178442105263,0.0
6885,100.0,100.0,100.0,966.7178442105263,0.0
6886,100.0,100.0,100.0,961.7178442105263,0.0
6887,100.0,100.0,100.0,960.0586063157895,0.0
6888,100.0,100.0,100.0,961.9816715789474,0.0
6889,100.0,100.0,100.0,966.4229936842105,0.0
6890,100.0,100.0,100.0,971.8850484210526,0.0
6891,100.0,100.0,100.0,975.3545978947368,0.0
6892,100.0,100.0,100.0,973.0439494736842,0.0
6893,100.0,100.0,100.0,968.0439494736842,0.0
6894,100.0,100.0,100.0,963.0439494736842,0.0
6895,100.0,100.0,100.0,958.0439494736842,0.0
6896,100.0,100.0,100.0,953.0439494736842,0.0
6897,100.0,100.0,100.0,948.0439494736842,0.0
6898,100.0,100.0,100.0,943.6935410526315,0.0
6899,100.0,100.0,100.0,944.2226105263157,0.0
6900,100.0,100.0,100.0,946.8703747368421,0.0
6901,100.0,100.0,100.0,949.53144,0.0
6902,100.0,100.0,100.0,949.4546105263157,0.0
6903,100.0,100.0,100.0,944.4546105263157,0.0
6904,100.0,100.0,100.0,939.4546105263157,0.0
6905,100.0,100.0,100.0,934.4546105263157,0.0
6906,100.0,100.0,100.0,929.4546105263157,0.0
6907,100.0,100.0,100.0,924.4546105263157,0.0
6908,100.0,100.0,100.0,919.4546105263157,0.0
6909,100.0,100.0,100.0,914.4546105263157,0.0
6910,100.0,100.0,100.0,909.4546105263157,0.0
6911,100.0,100.0,100.0,906.8183705263157,0.0
6912,100.0,100.0,100.0,908.0531536842104,0.0
6913,100.0,100.0,100.0,912.6158526315788,0.0
6914,100.0,100.0,100.0,919.0128842105262,0.0
6915,100.0,100.0,100.0,924.2100547368419,0.0
6916,100.0,100.0,100.0,924.6107747368419,0.0
6917,100.0,100.0,100.0,919.6107747368419,0.0
6918,100.0,100.0,100.0,914.6107747368419,0.0
6919,100.0,100.0,100.0,909.6107747368419,0.0
6920,100.0,100.0,100.0,904.6107747368419,0.0
6921,100.0,100.0,100.0,899.8822905263156,0.0
6922,100.0,100.0,100.0,901.4770357894735,0.0
6923,100.0,100.0,100.0,907.6972505263155,0.0
6924,100.0,100.0,100.0,916.0023199999997,0.0
6925,100.0,100.0,100.0,924.0536084210523,0.0
6926,100.0,100.0,100.0,929.2155368421049,0.0
6927,100.0,100.0,100.0,926.9596463157892,0.0
6928,100.0,100.0,100.0,921.9596463157892,0.0
6929,100.0,100.0,100.0,916.9596463157892,0.0
6930,100.0,100.0,100.0,911.9596463157892,0.0
6931,100.0,100.0,100.0,906.9596463157892,0.0
6932,100.0,100.0,100.0,901.9596463157892,0.0
6933,100.0,100.0,100.0,896.9596463157892,0.0
6934,100.0,100.0,100.0,895.0807326315787,0.0
6935,100.0,100.0,100.0,899.069402105263,0.0
6936,100.0,100.0,100.0,905.8855873684208,0.0
6937,100.0,100.0,100.0,914.671389473684,0.0
6938,100.0,100.0,100.0,924.1682105263156,0.0
6939,100.0,100.0,100.0,931.3693684210525,0.0
6940,100.0,100.0,100.0,932.3564336842104,0.0
6941,100.0,100.0,100.0,927.3564336842104,0.0
6942,100.0,100.0,100.0,922.3564336842104,0.0
6943,100.0,100.0,100.0,917.3564336842104,0.0
6944,100.0,100.0,100.0,912.3564336842104,0.0
6945,100.0,100.0,100.0,907.3564336842104,0.0
6946,100.0,100.0,100.0,906.1739115789472,0.0
6947,100.0,100.0,100.0,909.245907368421,0.0
6948,100.0,100.0,100.0,914.4937810526314,0.0
6949,100.0,100.0,100.0,931.0937810526315,0.0
6950,100.0,100.0,100.0,933.0931663157894,0.0
6951,100.0,100.0,100.0,928.0931663157894,0.0
6952,100.0,100.0,100.0,923.0931663157894,0.0
6953,100.0,100.0,100.0,918.0931663157894,0.0
6954,100.0,100.0,100.0,913.0931663157894,0.0
6955,100.0,100.0,100.0,908.0931663157894,0.0
6956,100.0,100.0,100.0,903.0931663157894,0.0
6957,100.0,100.0,100.0,898.0931663157894,0.0
6958,100.0,100.0,100.0,893.8219578947368,0.0
6959,100.0,100.0,100.0,895.6615031578947,0.0
6960,100.0,100.0,100.0,901.7403326315789,0.0
6961,100.0,100.0,100.0,910.2808042105263,0.0
6962,100.0,100.0,100.0,919.7016463157895,0.0
6963,100.0,100.0,100.0,927.0237642105263,0.0
6964,100.0,100.0,100.0,928.2102694736842,0.0
6965,100.0,100.0,100.0,923.2102694736842,0.0
6966,100.0,100.0,100.0,918.2102694736842,0.0
6967,100.0,100.0,100.0,913.2102694736842,0.0
6968,100.0,100.0,100.0,908.2102694736842,0.0
6969,100.0,100.0,100.0,903.2102694736842,0.0
6970,100.0,100.0,100.0,903.2434863157895,0.0
6971,100.0,100.0,100.0,908.3720294736842,0.0
6972,100.0,100.0,100.0,915.7304884210525,0.0
6973,100.0,100.0,100.0,922.9055368421052,0.0
6974,100.0,100.0,100.0,927.0753052631578,0.0
6975,100.0,100.0,100.0,923.2214315789473,0.0
6976,100.0,100.0,100.0,918.2214315789473,0.0
6977,100.0,100.0,100.0,913.2214315789473,0.0
6978,100.0,100.0,100.0,908.2214315789473,0.0
6979,100.0,100.0,100.0,903.2214315789473,0.0
6980,100.0,100.0,100.0,898.2214315789473,0.0
6981,100.0,100.0,100.0,893.2214315789473,0.0
6982,100.0,100.0,100.0,893.435027368421,0.0
6983,100.0,100.0,100.0,899.9366484210525,0.0
6984,100.0,100.0,100.0,908.7895242105262,0.0
6985,100.0,100.0,100.0,920.1889642105263,0.0
6986,100.0,100.0,100.0,932.64184,0.0
6987,100.0,100.0,100.0,943.3696715789474,0.0
6988,100.0,100.0,100.0,948.5890863157895,0.0
6989,100.0,100.0,100.0,945.851894736842,0.0
6990,100.0,100.0,100.0,940.851894736842,0.0
6991,100.0,100.0,100.0,935.851894736842,0.0
6992,100.0,100.0,100.0,930.851894736842,0.0
6993,100.0,100.0,100.0,929.0355452631578,0.0
6994,100.0,100.0,100.0,934.0117136842105,0.0
6995,100.0,100.0,100.0,944.2496042105263,0.0
6996,100.0,100.0,100.0,957.2395242105263,0.0
6997,100.0,100.0,100.0,970.4258905263157,0.0
6998,100.0,100.0,100.0,980.8542399999999,0.0
6999,100.0,100.0,100.0,983.1537894736841,0.0
7000,100.0,100.0,100.0,978.1537894736841,0.0
7001,100.0,100.0,100.0,973.1537894736841,0.0
7002,100.0,100.0,100.0,968.1537894736841,0.0
7003,100.0,100.0,100.0,963.1537894736841,0.0
7004,100.0,100.0,100.0,958.1537894736841,0.0
7005,100.0,100.0,100.0,953.1537894736841,0.0
7006,100.0,100.0,100.0,951.5883789473684,0.0
7007,100.0,100.0,100.0,955.8072589473684,0.0
7008,100.0,100.0,100.0,961.9905263157895,0.0
7009,100.0,100.0,100.0,978.4259494736843,0.0
7010,100.0,100.0,100.0,988.2572294736843,0.0
7011,100.0,100.0,100.0,996.1195747368422,0.0
7012,100.0,100.0,100.0,998.1873600000001,0.0
7013,100.0,100.0,100.0,993.1873600000001,0.0
7014,100.0,100.0,100.0,988.1873600000001,0.0
7015,100.0,100.0,100.0,983.1873600000001,0.0
7016,100.0,100.0,100.0,978.1873600000001,0.0
7017,100.0,100.0,100.0,973.1873600000001,0.0
7018,100.0,100.0,100.0,972.784597894737,0.0
7019,100.0,100.0,100.0,977.7884673684212,0.0
7020,100.0,100.0,100.0,985.7968210526317,0.0
7021,100.0,100.0,100.0,994.225465263158,0.0
7022,100.0,100.0,100.0,1000.0,0.0
7023,100.0,100.0,100.0,997.8086821052632,0.0
7024,100.0,100.0,100.0,992.8086821052632,0.0
7025,100.0,100.0,100.0,987.8086821052632,0.0
7026,100.0,100.0,100.0,982.8086821052632,0.0
7027,100.0,100.0,100.0,979.3725978947368,0.0
7028,100.0,100.0,100.0,974.3725978947368,0.0
7029,100.0,100.0,100.0,969.3725978947368,0.0
7030,100.0,100.0,100.0,965.7675031578947,0.0
7031,100.0,100.0,100.0,967.6932968421052,0.0
7032,100.0,100.0,100.0,971.089027368421,0.0
7033,100.0,100.0,100.0,976.5719999999999,0.0
7034,100.0,100.0,100.0,982.9780126315788,0.0
7035,100.0,100.0,100.0,987.5019073684209,0.0
7036,100.0,100.0,100.0,986.4636884210524,0.0
7037,100.0,100.0,100.0,981.4636884210524,0.0
7038,100.0,100.0,100.0,976.4636884210524,0.0
7039,100.0,100.0,100.0,971.4636884210524,0.0
7040,100.0,100.0,100.0,966.4636884210524,0.0
7041,100.0,100.0,100.0,961.4636884210524,0.0
7042,100.0,100.0,100.0,958.8754231578946,0.0
7043,100.0,100.0,100.0,961.0085389473683,0.0
7044,100.0,100.0,100.0,965.331402105263,0.0
7045,100.0,100.0,100.0,969.2302231578946,0.0
7046,100.0,100.0,100.0,969.7759663157893,0.0
7047,100.0,100.0,100.0,964.7759663157893,0.0
7048,100.0,100.0,100.0,959.7759663157893,0.0
7049,100.0,100.0,100.0,954.7759663157893,0.0
7050,100.0,100.0,100.0,949.7759663157893,0.0
7051,100.0,100.0,100.0,944.7759663157893,0.0
7052,100.0,100.0,100.0,939.7759663157893,0.0
7053,100.0,100.0,100.0,934.7759663157893,0.0
7054,100.0,100.0,100.0,929.7759663157893,0.0
7055,100.0,100.0,100.0,927.8753768421051,0.0
7056,100.0,100.0,100.0,929.5168463157893,0.0
7057,100.0,100.0,100.0,946.1168463157893,0.0
7058,100.0,100.0,100.0,950.5104968421051,0.0
7059,100.0,100.0,100.0,952.9450273684209,0.0
7060,100.0,100.0,100.0,949.6224757894736,0.0
7061,100.0,100.0,100.0,944.6224757894736,0.0
7062,100.0,100.0,100.0,939.6224757894736,0.0
7063,100.0,100.0,100.0,934.6224757894736,0.0
7064,100.0,100.0,100.0,929.6224757894736,0.0
7065,100.0,100.0,100.0,924.6224757894736,0.0
7066,100.0,100.0,100.0,919.6224757894736,0.0
7067,100.0,100.0,100.0,918.5299536842105,0.0
7068,100.0,100.0,100.0,920.4236505263157,0.0
7069,100.0,100.0,100.0,922.8239242105261,0.0
7070,100.0,100.0,100.0,922.1357010526314,0.0
7071,100.0,100.0,100.0,917.1357010526314,0.0
7072,100.0,100.0,100.0,912.1357010526314,0.0
7073,100.0,100.0,100.0,907.1357010526314,0.0
7074,100.0,100.0,100.0,902.1357010526314,0.0
7075,100.0,100.0,100.0,897.1357010526314,0.0
7076,100.0,100.0,100.0,892.1357010526314,0.0
7077,100.0,100.0,100.0,887.1357010526314,0.0
7078,100.0,100.0,100.0,882.2883410526314,0.0
7079,100.0,100.0,100.0,883.479242105263,0.0
7080,100.0,100.0,100.0,888.1256505263157,0.0
7081,100.0,100.0,100.0,904.7256505263157,0.0
7082,100.0,100.0,100.0,912.360134736842,0.0
7083,100.0,100.0,100.0,917.9145010526315,0.0
7084,100.0,100.0,100.0,917.589574736842,0.0
7085,100.0,100.0,100.0,923.6486231578946,0.0
7086,100.0,100.0,100.0,918.6486231578946,0.0
7087,100.0,100.0,100.0,913.6486231578946,0.0
7088,100.0,100.0,100.0,908.6486231578946,0.0
7089,100.0,100.0,100.0,903.6486231578946,0.0
7090,100.0,100.0,100.0,914.2443915789472,0.0
7091,100.0,100.0,100.0,930.8443915789472,0.0
7092,100.0,100.0,100.0,947.4443915789473,0.0
7093,100.0,100.0,100.0,964.0443915789473,0.0
7094,100.0,100.0,100.0,979.9857810526315,0.0
7095,100.0,100.0,100.0,974.9857810526315,0.0
7096,100.0,100.0,100.0,969.9857810526315,0.0
7097,100.0,100.0,100.0,964.9857810526315,0.0
7098,100.0,100.0,100.0,959.9857810526315,0.0
7099,100.0,100.0,100.0,954.9857810526315,0.0
7100,100.0,100.0,100.0,949.9857810526315,0.0
7101,100.0,100.0,100.0,951.2672126315789,0.0
7102,100.0,100.0,100.0,946.2672126315789,0.0
7103,100.0,100.0,100.0,944.8783915789473,0.0
7104,100.0,100.0,100.0,946.9345431578947,0.0
7105,100.0,100.0,100.0,951.3030694736842,0.0
7106,100.0,100.0,100.0,956.4569642105263,0.0
7107,100.0,100.0,100.0,959.6265389473684,0.0
7108,100.0,100.0,100.0,956.6542863157895,0.0
7109,100.0,100.0,100.0,951.6542863157895,0.0
7110,100.0,100.0,100.0,946.6542863157895,0.0
7111,100.0,100.0,100.0,941.6542863157895,0.0
7112,100.0,100.0,100.0,936.6542863157895,0.0
7113,100.0,100.0,100.0,931.6542863157895,0.0
7114,100.0,100.0,100.0,926.6542863157895,0.0
7115,100.0,100.0,100.0,925.9213852631578,0.0
7116,100.0,100.0,100.0,939.2443831578948,0.0
7117,100.0,100.0,100.0,941.845612631579,0.0
7118,100.0,100.0,100.0,941.2617136842106,0.0
7119,100.0,100.0,100.0,936.2617136842106,0.0
7120,100.0,100.0,100.0,931.2617136842106,0.0
7121,100.0,100.0,100.0,926.2617136842106,0.0
7122,100.0,100.0,100.0,921.2617136842106,0.0
7123,100.0,100.0,100.0,916.2617136842106,0.0
7124,100.0,100.0,100.0,911.2617136842106,0.0
7125,100.0,100.0,100.0,906.2617136842106,0.0
7126,100.0,100.0,100.0,911.3960547368422,0.0
7127,100.0,100.0,100.0,922.7027663157895,0.0
7128,100.0,100.0,100.0,924.8705557894738,0.0
7129,100.0,100.0,100.0,941.4705557894738,0.0
7130,100.0,100.0,100.0,958.0705557894738,0.0
7131,100.0,100.0,100.0,974.6705557894738,0.0
7132,100.0,100.0,100.0,974.804572631579,0.0
7133,100.0,100.0,100.0,969.804572631579,0.0
7134,100.0,100.0,100.0,964.804572631579,0.0
7135,100.0,100.0,100.0,959.804572631579,0.0
7136,100.0,100.0,100.0,954.804572631579,0.0
7137,100.0,100.0,100.0,949.804572631579,0.0
7138,100.0,100.0,100.0,947.8652547368422,0.0
7139,100.0,100.0,100.0,951.5719873684211,0.0
7140,100.0,100.0,100.0,958.1554231578948,0.0
7141,100.0,100.0,100.0,964.7825894736843,0.0
7142,100.0,100.0,100.0,981.3825894736843,0.0
7143,100.0,100.0,100.0,976.3825894736843,0.0
7144,100.0,100.0,100.0,971.3825894736843,0.0
7145,100.0,100.0,100.0,966.3825894736843,0.0
7146,100.0,100.0,100.0,961.3825894736843,0.0
7147,100.0,100.0,100.0,956.3825894736843,0.0
7148,100.0,100.0,100.0,957.6463242105265,0.0
7149,100.0,100.0,100.0,952.6463242105265,0.0
7150,100.0,100.0,100.0,950.3479915789475,0.0
7151,100.0,100.0,100.0,966.9479915789475,0.0
7152,100.0,100.0,100.0,973.1260294736843,0.0
7153,100.0,100.0,100.0,981.6578989473685,0.0
7154,100.0,100.0,100.0,991.0563452631579,0.0
7155,100.0,100.0,100.0,998.5309136842105,0.0
7156,100.0,100.0,100.0,1000.0,0.0
7157,100.0,100.0,100.0,1000.0,0.0
7158,100.0,100.0,100.0,995.0,0.0
7159,100.0,100.0,100.0,990.0,0.0
7160,100.0,100.0,100.0,987.7860968421053,0.0
7161,100.0,100.0,100.0,982.7860968421053,0.0
7162,100.0,100.0,100.0,977.7860968421053,0.0
7163,100.0,100.0,100.0,976.8082442105264,0.0
7164,100.0,100.0,100.0,978.5587368421053,0.0
7165,100.0,100.0,100.0,980.0578736842106,0.0
7166,100.0,100.0,100.0,977.9761094736842,0.0
7167,100.0,100.0,100.0,972.9761094736842,0.0
7168,100.0,100.0,100.0,967.9761094736842,0.0
7169,100.0,100.0,100.0,962.9761094736842,0.0
7170,100.0,100.0,100.0,957.9761094736842,0.0
7171,100.0,100.0,100.0,952.9761094736842,0.0
7172,100.0,100.0,100.0,947.9761094736842,0.0
7173,100.0,100.0,100.0,942.9761094736842,0.0
7174,100.0,100.0,100.0,937.9761094736842,0.0
7175,100.0,100.0,100.0,935.794947368421,0.0
7176,100.0,100.0,100.0,937.3759368421053,0.0
7177,100.0,100.0,100.0,941.6108463157894,0.0
7178,100.0,100.0,100.0,947.0539536842105,0.0
7179,100.0,100.0,100.0,950.608614736842,0.0
7180,100.0,100.0,100.0,948.7022652631579,0.0
7181,100.0,100.0,100.0,953.2891410526315,0.0
7182,100.0,100.0,100.0,948.2891410526315,0.0
7183,100.0,100.0,100.0,945.8538189473684,0.0
7184,100.0,100.0,100.0,940.8538189473684,0.0
7185,100.0,100.0,100.0,935.8538189473684,0.0
7186,100.0,100.0,100.0,931.522054736842,0.0
7187,100.0,100.0,100.0,948.1220547368421,0.0
7188,100.0,100.0,100.0,953.4810736842105,0.0
7189,100.0,100.0,100.0,959.5222736842105,0.0
7190,100.0,100.0,100.0,976.1222736842105,0.0
7191,100.0,100.0,100.0,971.1222736842105,0.0
7192,100.0,100.0,100.0,966.1222736842105,0.0
7193,100.0,100.0,100.0,961.1222736842105,0.0
7194,100.0,100.0,100.0,956.1222736842105,0.0
7195,100.0,100.0,100.0,951.1222736842105,0.0
7196,100.0,100.0,100.0,946.1222736842105,0.0
7197,100.0,100.0,100.0,941.1222736842105,0.0
7198,100.0,100.0,100.0,939.5082442105263,0.0
7199,100.0,100.0,100.0,943.6214736842105,0.0
7200,100.0,100.0,100.0,949.4235578947369,0.0
7201,100.0,100.0,100.0,966.0235578947369,0.0
7202,100.0,100.0,100.0,982.6235578947369,0.0
7203,100.0,100.0,100.0,989.7348673684211,0.0
7204,100.0,100.0,100.0,991.0950442105263,0.0
7205,100.0,100.0,100.0,986.0950442105263,0.0
7206,100.0,100.0,100.0,981.0950442105263,0.0
7207,100.0,100.0,100.0,976.0950442105263,0.0
7208,100.0,100.0,100.0,971.0950442105263,0.0
7209,100.0,100.0,100.0,966.0950442105263,0.0
7210,100.0,100.0,100.0,976.1572926315789,0.0
7211,100.0,100.0,100.0,977.0805810526315,0.0
7212,100.0,100.0,100.0,980.2358694736841,0.0
7213,100.0,100.0,100.0,983.2735705263158,0.0
7214,100.0,100.0,100.0,982.7858105263158,0.0
7215,100.0,100.0,100.0,977.7858105263158,0.0
7216,100.0,100.0,100.0,972.7858105263158,0.0
7217,100.0,100.0,100.0,967.7858105263158,0.0
7218,100.0,100.0,100.0,962.7858105263158,0.0
7219,100.0,100.0,100.0,957.7858105263158,0.0
7220,100.0,100.0,100.0,952.7858105263158,0.0
7221,100.0,100.0,100.0,947.7858105263158,0.0
7222,100.0,100.0,100.0,942.8898694736843,0.0
7223,100.0,100.0,100.0,943.918732631579,0.0
7224,100.0,100.0,100.0,947.867612631579,0.0
7225,100.0,100.0,100.0,954.5889094736843,0.0
7226,100.0,100.0,100.0,962.3718273684212,0.0
7227,100.0,100.0,100.0,968.3484926315791,0.0
7228,100.0,100.0,100.0,968.8222357894739,0.0
7229,100.0,100.0,100.0,963.8222357894739,0.0
7230,100.0,100.0,100.0,958.8222357894739,0.0
7231,100.0,100.0,100.0,953.8222357894739,0.0
7232,100.0,100.0,100.0,956.6697431578949,0.0
7233,100.0,100.0,100.0,951.6697431578949,0.0
7234,100.0,100.0,100.0,947.6438273684212,0.0
7235,100.0,100.0,100.0,962.7839326315791,0.0
7236,100.0,100.0,100.0,965.6794147368422,0.0
7237,100.0,100.0,100.0,968.0852210526317,0.0
7238,100.0,100.0,100.0,981.1567663157896,0.0
7239,100.0,100.0,100.0,976.1567663157896,0.0
7240,100.0,100.0,100.0,971.1567663157896,0.0
7241,100.0,100.0,100.0,966.1567663157896,0.0
7242,100.0,100.0,100.0,961.1567663157896,0.0
7243,100.0,100.0,100.0,956.1567663157896,0.0
7244,100.0,100.0,100.0,951.1567663157896,0.0
7245,100.0,100.0,100.0,946.1567663157896,0.0
7246,100.0,100.0,100.0,951.5274189473686,0.0
7247,100.0,100.0,100.0,962.3610905263159,0.0
7248,100.0,100.0,100.0,961.1111536842106,0.0
7249,100.0,100.0,100.0,962.0243621052632,0.0
7250,100.0,100.0,100.0,978.0205473684211,0.0
7251,100.0,100.0,100.0,977.1448968421054,0.0
7252,100.0,100.0,100.0,988.1410610526317,0.0
7253,100.0,100.0,100.0,987.158850526316,0.0
7254,100.0,100.0,100.0,982.158850526316,0.0
7255,100.0,100.0,100.0,977.158850526316,0.0
7256,100.0,100.0,100.0,972.158850526316,0.0
7257,100.0,100.0,100.0,967.158850526316,0.0
7258,100.0,100.0,100.0,962.158850526316,0.0
7259,100.0,100.0,100.0,957.158850526316,0.0
7260,100.0,100.0,100.0,952.158850526316,0.0
7261,100.0,100.0,100.0,947.158850526316,0.0
7262,100.0,100.0,100.0,942.158850526316,0.0
7263,100.0,100.0,100.0,938.1055368421055,0.0
7264,100.0,100.0,100.0,933.1055368421055,0.0
7265,100.0,100.0,100.0,928.1055368421055,0.0
7266,100.0,100.0,100.0,923.1055368421055,0.0
7267,100.0,100.0,100.0,918.1055368421055,0.0
7268,100.0,100.0,100.0,913.1055368421055,0.0
7269,100.0,100.0,100.0,909.7910189473687,0.0
7270,100.0,100.0,100.0,904.7910189473687,0.0
7271,100.0,100.0,100.0,900.2256336842108,0.0
7272,100.0,100.0,100.0,900.9040463157897,0.0
7273,100.0,100.0,100.0,904.5276378947372,0.0
7274,100.0,100.0,100.0,909.7079073684214,0.0
7275,100.0,100.0,100.0,913.3502189473687,0.0
7276,100.0,100.0,100.0,925.9413347368424,0.0
7277,100.0,100.0,100.0,942.5413347368424,0.0
7278,100.0,100.0,100.0,942.1957178947371,0.0
7279,100.0,100.0,100.0,937.1957178947371,0.0
7280,100.0,100.0,100.0,949.9753600000003,0.0
7281,100.0,100.0,100.0,949.2658400000003,0.0
7282,100.0,100.0,100.0,957.4633642105266,0.0
7283,100.0,100.0,100.0,952.8883536842108,0.0
7284,100.0,100.0,100.0,950.9847705263161,0.0
7285,100.0,100.0,100.0,949.0770947368424,0.0
7286,100.0,100.0,100.0,944.0770947368424,0.0
7287,100.0,100.0,100.0,939.0770947368424,0.0
7288,100.0,100.0,100.0,934.0770947368424,0.0
7289,100.0,100.0,100.0,929.0770947368424,0.0
7290,100.0,100.0,100.0,924.0770947368424,0.0
7291,100.0,100.0,100.0,919.0770947368424,0.0
7292,100.0,100.0,100.0,914.0770947368424,0.0
7293,100.0,100.0,100.0,909.0770947368424,0.0
7294,100.0,100.0,100.0,919.3265810526318,0.0
7295,100.0,100.0,100.0,917.7538947368423,0.0
7296,100.0,100.0,100.0,921.5435789473686,0.0
7297,100.0,100.0,100.0,927.8769852631581,0.0
7298,100.0,100.0,100.0,935.478917894737,0.0
7299,100.0,100.0,100.0,941.3649389473686,0.0
7300,100.0,100.0,100.0,956.0680042105265,0.0
7301,100.0,100.0,100.0,951.0680042105265,0.0
7302,100.0,100.0,100.0,949.8642989473686,0.0
7303,100.0,100.0,100.0,944.8642989473686,0.0
7304,100.0,100.0,100.0,941.9773852631581,0.0
7305,100.0,100.0,100.0,936.9773852631581,0.0
7306,100.0,100.0,100.0,931.9773852631581,0.0
7307,100.0,100.0,100.0,931.7471200000002,0.0
7308,100.0,100.0,100.0,948.3471200000002,0.0
7309,100.0,100.0,100.0,952.3771326315791,0.0
7310,100.0,100.0,100.0,968.9771326315791,0.0
7311,100.0,100.0,100.0,963.9771326315791,0.0
7312,100.0,100.0,100.0,959.0728547368423,0.0
7313,100.0,100.0,100.0,954.0728547368423,0.0
7314,100.0,100.0,100.0,961.5167284210528,0.0
7315,100.0,100.0,100.0,956.5167284210528,0.0
7316,100.0,100.0,100.0,955.6120126315791,0.0
7317,100.0,100.0,100.0,950.6120126315791,0.0
7318,100.0,100.0,100.0,960.452917894737,0.0
7319,100.0,100.0,100.0,961.9215494736843,0.0
7320,100.0,100.0,100.0,965.1492547368422,0.0
7321,100.0,100.0,100.0,970.6993389473685,0.0
7322,100.0,100.0,100.0,987.2993389473685,0.0
7323,100.0,100.0,100.0,991.5946147368421,0.0
7324,100.0,100.0,100.0,989.824307368421,0.0
7325,100.0,100.0,100.0,984.824307368421,0.0
7326,100.0,100.0,100.0,979.824307368421,0.0
7327,100.0,100.0,100.0,974.824307368421,0.0
7328,100.0,100.0,100.0,969.824307368421,0.0
7329,100.0,100.0,100.0,964.824307368421,0.0
7330,100.0,100.0,100.0,959.824307368421,0.0
7331,100.0,100.0,100.0,955.4699957894736,0.0
7332,100.0,100.0,100.0,968.9018821052631,0.0
7333,100.0,100.0,100.0,982.84728,0.0
7334,100.0,100.0,100.0,997.5218863157894,0.0
7335,100.0,100.0,100.0,992.5218863157894,0.0
7336,100.0,100.0,100.0,987.5218863157894,0.0
7337,100.0,100.0,100.0,982.5218863157894,0.0
7338,100.0,100.0,100.0,977.5218863157894,0.0
7339,100.0,100.0,100.0,972.5218863157894,0.0
7340,100.0,100.0,100.0,967.5218863157894,0.0
7341,100.0,100.0,100.0,962.5218863157894,0.0
7342,100.0,100.0,100.0,957.5218863157894,0.0
7343,100.0,100.0,100.0,958.0101810526315,0.0
7344,100.0,100.0,100.0,960.6562778947368,0.0
7345,100.0,100.0,100.0,977.2562778947369,0.0
7346,100.0,100.0,100.0,983.7282652631579,0.0
7347,100.0,100.0,100.0,991.9688505263158,0.0
7348,100.0,100.0,100.0,990.9451452631579,0.0
7349,100.0,100.0,100.0,1000.0,0.0
7350,100.0,100.0,100.0,995.0,0.0
7351,100.0,100.0,100.0,990.0,0.0
7352,100.0,100.0,100.0,985.0,0.0
7353,100.0,100.0,100.0,988.5736084210527,0.0
7354,100.0,100.0,100.0,998.3224294736842,0.0
7355,100.0,100.0,100.0,995.46712,0.0
7356,100.0,100.0,100.0,995.6458147368421,0.0
7357,100.0,100.0,100.0,995.9054905263158,0.0
7358,100.0,100.0,100.0,993.0299831578948,0.0
7359,100.0,100.0,100.0,988.0299831578948,0.0
7360,100.0,100.0,100.0,983.0299831578948,0.0
7361,100.0,100.0,100.0,978.0299831578948,0.0
7362,100.0,100.0,100.0,973.0299831578948,0.0
7363,100.0,100.0,100.0,978.3404126315792,0.0
7364,100.0,100.0,100.0,991.9146694736844,0.0
7365,100.0,100.0,100.0,986.9146694736844,0.0
7366,100.0,100.0,100.0,981.9146694736844,0.0
7367,100.0,100.0,100.0,994.4962736842107,0.0
7368,100.0,100.0,100.0,994.0951031578949,0.0
7369,100.0,100.0,100.0,996.1193473684211,0.0
7370,100.0,100.0,100.0,999.1232463157895,0.0
7371,100.0,100.0,100.0,1000.0,0.0
7372,100.0,100.0,100.0,995.0,0.0
7373,100.0,100.0,100.0,990.0,0.0
7374,100.0,100.0,100.0,985.0,0.0
7375,100.0,100.0,100.0,980.0,0.0
7376,100.0,100.0,100.0,975.0,0.0
7377,100.0,100.0,100.0,970.0,0.0
7378,100.0,100.0,100.0,965.0,0.0
7379,100.0,100.0,100.0,973.0673557894737,0.0
7380,100.0,100.0,100.0,970.2057936842106,0.0
7381,100.0,100.0,100.0,967.4786063157895,0.0
7382,100.0,100.0,100.0,962.4786063157895,0.0
7383,100.0,100.0,100.0,960.580252631579,0.0
7384,100.0,100.0,100.0,955.580252631579,0.0
7385,100.0,100.0,100.0,950.580252631579,0.0
7386,100.0,100.0,100.0,945.580252631579,0.0
7387,100.0,100.0,100.0,940.580252631579,0.0
7388,100.0,100.0,100.0,935.580252631579,0.0
7389,100.0,100.0,100.0,932.280892631579,0.0
7390,100.0,100.0,100.0,927.280892631579,0.0
7391,100.0,100.0,100.0,936.16632,0.0
7392,100.0,100.0,100.0,948.1835578947369,0.0
7393,100.0,100.0,100.0,948.2387536842106,0.0
7394,100.0,100.0,100.0,949.5656210526316,0.0
7395,100.0,100.0,100.0,964.0485936842106,0.0
7396,100.0,100.0,100.0,959.0485936842106,0.0
7397,100.0,100.0,100.0,954.0485936842106,0.0
7398,100.0,100.0,100.0,949.0485936842106,0.0
7399,100.0,100.0,100.0,944.0485936842106,0.0
7400,100.0,100.0,100.0,939.0485936842106,0.0
7401,100.0,100.0,100.0,936.0794105263158,0.0
7402,100.0,100.0,100.0,931.0794105263158,0.0
7403,100.0,100.0,100.0,926.0794105263158,0.0
7404,100.0,100.0,100.0,922.1306484210526,0.0
7405,100.0,100.0,100.0,918.186547368421,0.0
7406,100.0,100.0,100.0,913.186547368421,0.0
7407,100.0,100.0,100.0,915.6356294736842,0.0
7408,100.0,90.03024930747921,100.0,910.6356294736842,0.0
7409,100.0,90.03024930747921,100.0,905.6356294736842,0.0
7410,100.0,90.03024930747921,100.0,900.6356294736842,0.0
7411,100.0,90.03024930747921,100.0,895.6356294736842,0.0
7412,100.0,90.03024930747921,100.0,890.6356294736842,0.0
7413,100.0,90.03024930747921,100.0,888.7446652631578,0.0
7414,100.0,90.03024930747921,100.0,896.7758694736841,0.0
7415,100.0,90.03024930747921,100.0,907.058854736842,0.0
7416,100.0,90.03024930747921,100.0,905.9308252631578,0.0
7417,100.0,90.03024930747921,100.0,922.5308252631578,0.0
7418,100.0,90.03024930747921,100.0,925.5000126315788,0.0
7419,100.0,90.03024930747921,100.0,926.8022484210525,0.0
7420,100.0,90.03024930747921,100.0,922.4895831578946,0.0
7421,100.0,90.03024930747921,100.0,917.4895831578946,0.0
7422,100.0,90.03024930747921,100.0,912.4895831578946,0.0
7423,100.0,90.03024930747921,100.0,907.4895831578946,0.0
7424,100.0,90.03024930747921,100.0,902.4895831578946,0.0
7425,100.0,90.03024930747921,100.0,897.4895831578946,0.0
7426,100.0,90.03024930747921,100.0,892.4895831578946,0.0
7427,100.0,90.03024930747921,100.0,897.8452673684209,0.0
7428,100.0,90.03024930747921,100.0,892.8452673684209,0.0
7429,100.0,90.03024930747921,100.0,887.8452673684209,0.0
7430,100.0,90.03024930747921,100.0,882.8452673684209,0.0
7431,100.0,90.03024930747921,100.0,877.8452673684209,0.0
7432,100.0,90.03024930747921,100.0,880.6996336842103,0.0
7433,100.0,90.03024930747921,100.0,875.6996336842103,0.0
7434,100.0,90.03024930747921,100.0,870.6996336842103,0.0
7435,100.0,90.03024930747921,100.0,865.6996336842103,0.0
7436,100.0,90.03024930747921,100.0,860.6996336842103,0.0
7437,100.0,90.03024930747921,100.0,855.6996336842103,0.0
7438,100.0,90.03024930747921,100.0,850.6996336842103,0.0
7439,100.0,90.03024930747921,100.0,865.200416842105,0.0
7440,100.0,90.03024930747921,100.0,866.9257473684208,0.0
7441,100.0,90.03024930747921,100.0,871.1128715789472,0.0
7442,100.0,90.03024930747921,100.0,876.576934736842,0.0
7443,100.0,90.03024930747921,100.0,880.3000378947368,0.0
7444,100.0,90.03024930747921,100.0,896.9000378947368,0.0
7445,100.0,90.03024930747921,100.0,891.9000378947368,0.0
7446,100.0,90.03024930747921,100.0,905.1656042105262,0.0
7447,100.0,90.03024930747921,100.0,900.1656042105262,0.0
7448,100.0,90.03024930747921,93.50426592797784,895.1656042105262,0.0
7449,100.0,90.03024930747921,93.50426592797784,890.1656042105262,0.0
7450,100.0,90.03024930747921,93.50426592797784,888.9720168421052,0.0
7451,100.0,90.03024930747921,93.50426592797784,895.6308631578946,0.0
7452,100.0,90.03024930747921,93.50426592797784,904.8155452631578,0.0
7453,100.0,90.03024930747921,93.50426592797784,910.5725726315789,0.0
7454,100.0,90.03024930747921,93.50426592797784,913.1691031578946,0.0
7455,100.0,90.03024930747921,93.50426592797784,908.1691031578946,0.0
7456,100.0,90.03024930747921,93.50426592797784,903.1691031578946,0.0
7457,100.0,90.03024930747921,93.50426592797784,898.1691031578946,0.0
7458,100.0,90.03024930747921,93.50426592797784,893.1691031578946,0.0
7459,100.0,90.03024930747921,93.50426592797784,888.1691031578946,0.0
7460,100.0,90.03024930747921,93.50426592797784,883.1691031578946,0.0
7461,100.0,90.03024930747921,93.50426592797784,878.1691031578946,0.0
7462,100.0,90.03024930747921,93.50426592797784,880.4534189473683,0.0
7463,100.0,90.03024930747921,93.50426592797784,892.3353347368419,0.0
7464,100.0,90.03024930747921,93.50426592797784,906.6472505263156,0.0
7465,100.0,90.03024930747921,93.50426592797784,923.2472505263156,0.0
7466,100.0,90.03024930747921,93.50426592797784,926.8544336842103,0.0
7467,100.0,90.03024930747921,93.50426592797784,928.6200084210525,0.0
7468,100.0,90.03024930747921,93.50426592797784,924.530922105263,0.0
7469,100.0,90.03024930747921,93.50426592797784,919.530922105263,0.0
7470,100.0,90.03024930747921,93.50426592797784,914.530922105263,0.0
7471,100.0,90.03024930747921,93.50426592797784,909.530922105263,0.0
7472,100.0,90.03024930747921,93.50426592797784,904.530922105263,0.0
7473,100.0,90.03024930747921,93.50426592797784,899.530922105263,0.0
7474,100.0,90.03024930747921,93.50426592797784,894.530922105263,0.0
7475,100.0,90.03024930747921,93.50426592797784,899.4176589473683,0.0
7476,100.0,90.03024930747921,93.50426592797784,907.641027368421,0.0
7477,100.0,90.03024930747921,93.50426592797784,902.641027368421,0.0
7478,100.0,90.03024930747921,93.50426592797784,897.641027368421,0.0
7479,100.0,90.03024930747921,93.50426592797784,896.0989221052631,0.0
7480,100.0,90.03024930747921,93.50426592797784,891.0989221052631,0.0
7481,100.0,90.03024930747921,93.50426592797784,886.0989221052631,0.0
7482,100.0,90.03024930747921,93.50426592797784,881.0989221052631,0.0
7483,100.0,90.03024930747921,93.50426592797784,876.0989221052631,0.0
7484,100.0,90.03024930747921,93.50426592797784,871.0989221052631,0.0
7485,100.0,90.03024930747921,93.50426592797784,866.0989221052631,0.0
7486,100.0,90.03024930747921,93.50426592797784,878.786707368421,0.0
7487,100.0,90.03024930747921,93.50426592797784,879.59904,0.0
7488,100.0,90.03024930747921,93.50426592797784,883.0734399999999,0.0
7489,100.0,90.03024930747921,93.50426592797784,889.1421136842104,0.0
7490,100.0,90.03024930747921,93.50426592797784,896.7467368421051,0.0
7491,100.0,90.03024930747921,93.50426592797784,902.9330357894735,0.0
7492,100.0,90.03024930747921,93.50426592797784,903.8082736842103,0.0
7493,100.0,90.03024930747921,93.50426592797784,914.6318652631577,0.0
7494,100.0,90.03024930747921,93.50426592797784,916.8266357894735,0.0
7495,100.0,90.03024930747921,93.50426592797784,911.8266357894735,0.0
7496,100.0,90.03024930747921,93.50426592797784,906.8266357894735,0.0
7497,100.0,90.03024930747921,93.50426592797784,903.7036378947366,0.0
7498,100.0,90.03024930747921,93.50426592797784,898.7036378947366,0.0
7499,100.0,90.03024930747921,93.50426592797784,893.7036378947366,0.0
7500,100.0,90.03024930747921,93.50426592797784,888.7036378947366,0.0
7501,100.0,90.03024930747921,93.50426592797784,905.3036378947367,0.0
7502,100.0,90.03024930747921,93.50426592797784,900.3036378947367,0.0
7503,100.0,90.03024930747921,93.50426592797784,900.071856842105,0.0
7504,100.0,90.03024930747921,93.50426592797784,895.071856842105,0.0
7505,100.0,90.03024930747921,93.50426592797784,890.071856842105,0.0
7506,100.0,90.03024930747921,93.50426592797784,885.071856842105,0.0
7507,100.0,90.03024930747921,93.50426592797784,880.071856842105,0.0
7508,100.0,90.03024930747921,93.50426592797784,875.071856842105,0.0
7509,100.0,90.03024930747921,93.50426592797784,874.1850273684208,0.0
7510,100.0,90.03024930747921,93.50426592797784,869.1850273684208,0.0
7511,100.0,90.03024930747921,93.50426592797784,885.7850273684209,0.0
7512,100.0,90.03024930747921,93.50426592797784,884.9604210526314,0.0
7513,100.0,90.03024930747921,93.50426592797784,900.9166652631577,0.0
7514,100.0,90.03024930747921,93.50426592797784,917.5166652631577,0.0
7515,100.0,90.03024930747921,93.50426592797784,918.9704799999998,0.0
7516,100.0,90.03024930747921,93.50426592797784,914.9867410526314,0.0
7517,100.0,90.03024930747921,93.50426592797784,909.9867410526314,0.0
7518,100.0,90.03024930747921,93.50426592797784,904.9867410526314,0.0
7519,100.0,90.03024930747921,93.50426592797784,899.9867410526314,0.0
7520,100.0,90.03024930747921,93.50426592797784,894.9867410526314,0.0
7521,100.0,90.03024930747921,93.50426592797784,889.9867410526314,0.0
7522,100.0,90.03024930747921,93.50426592797784,884.9867410526314,0.0
7523,100.0,90.03024930747921,93.50426592797784,879.9867410526314,0.0
7524,100.0,90.03024930747921,93.50426592797784,892.8709726315788,0.0
7525,100.0,90.03024930747921,93.50426592797784,888.5976421052629,0.0
7526,100.0,90.03024930747921,93.50426592797784,891.0791031578943,0.0
7527,100.0,90.03024930747921,93.50426592797784,889.3690105263154,0.0
7528,100.0,90.03024930747921,93.50426592797784,884.3690105263154,0.0
7529,100.0,90.03024930747921,93.50426592797784,879.3690105263154,0.0
7530,100.0,90.03024930747921,93.50426592797784,874.3690105263154,0.0
7531,100.0,90.03024930747921,93.50426592797784,869.3690105263154,0.0
7532,100.0,90.03024930747921,93.50426592797784,864.3690105263154,0.0
7533,100.0,90.03024930747921,93.50426592797784,868.0862778947364,0.0
7534,100.0,90.03024930747921,93.50426592797784,863.5778105263154,0.0
7535,100.0,90.03024930747921,93.50426592797784,879.6769936842101,0.0
7536,100.0,90.03024930747921,93.50426592797784,896.2769936842101,0.0
7537,100.0,90.03024930747921,93.50426592797784,902.5009978947364,0.0
7538,100.0,90.03024930747921,93.50426592797784,919.1009978947365,0.0
7539,100.0,90.03024930747921,93.50426592797784,925.099566315789,0.0
7540,100.0,90.03024930747921,93.50426592797784,925.481831578947,0.0
7541,100.0,90.03024930747921,93.50426592797784,920.481831578947,0.0
7542,100.0,90.03024930747921,93.50426592797784,921.9692968421049,0.0
7543,100.0,90.03024930747921,93.50426592797784,916.9692968421049,0.0
7544,100.0,90.03024930747921,93.50426592797784,911.9692968421049,0.0
7545,100.0,90.03024930747921,93.50426592797784,906.9692968421049,0.0
7546,100.0,90.03024930747921,93.50426592797784,901.9692968421049,0.0
7547,100.0,90.03024930747921,93.50426592797784,913.9321557894733,0.0
7548,100.0,90.03024930747921,93.50426592797784,925.7150526315786,0.0
7549,100.0,90.03024930747921,93.50426592797784,941.6634147368418,0.0
7550,100.0,90.03024930747921,93.50426592797784,936.6634147368418,0.0
7551,100.0,90.03024930747921,93.50426592797784,931.6634147368418,0.0
7552,100.0,90.03024930747921,93.50426592797784,926.6634147368418,0.0
7553,100.0,90.03024930747921,93.50426592797784,930.6725094736839,0.0
7554,100.0,90.03024930747921,93.50426592797784,925.6725094736839,0.0
7555,100.0,90.03024930747921,93.50426592797784,920.6725094736839,0.0
7556,100.0,90.03024930747921,93.50426592797784,915.6725094736839,0.0
7557,100.0,90.03024930747921,93.50426592797784,910.6725094736839,0.0
7558,100.0,90.03024930747921,93.50426592797784,905.6725094736839,0.0
7559,100.0,90.03024930747921,93.50426592797784,922.272509473684,0.0
7560,100.0,90.03024930747921,93.50426592797784,925.0363073684208,0.0
7561,100.0,90.03024930747921,93.50426592797784,941.6363073684208,0.0
7562,100.0,90.03024930747921,93.50426592797784,948.6740631578945,0.0
7563,100.0,90.03024930747921,93.50426592797784,954.1994399999998,0.0
7564,100.0,90.03024930747921,93.50426592797784,954.040189473684,0.0
7565,100.0,90.03024930747921,93.50426592797784,949.040189473684,0.0
7566,100.0,90.03024930747921,93.50426592797784,946.2835199999997,0.0
7567,100.0,90.03024930747921,93.50426592797784,941.2835199999997,0.0
7568,100.0,90.03024930747921,93.50426592797784,936.2835199999997,0.0
7569,100.0,90.03024930747921,93.50426592797784,931.2835199999997,0.0
7570,100.0,90.03024930747921,93.50426592797784,926.2835199999997,0.0
7571,100.0,90.03024930747921,93.50426592797784,931.4065684210524,0.0
7572,100.0,90.03024930747921,93.50426592797784,926.4065684210524,0.0
7573,100.0,90.03024930747921,93.50426592797784,933.9838315789472,0.0
7574,100.0,90.03024930747921,93.50426592797784,928.9838315789472,0.0
7575,100.0,90.03024930747921,93.50426592797784,923.9838315789472,0.0
7576,100.0,90.03024930747921,93.50426592797784,918.9838315789472,0.0
7577,100.0,90.03024930747921,93.50426592797784,913.9838315789472,0.0
7578,100.0,90.03024930747921,93.50426592797784,908.9838315789472,0.0
7579,100.0,90.03024930747921,93.50426592797784,903.9838315789472,0.0
7580,100.0,90.03024930747921,93.50426592797784,898.9838315789472,0.0
7581,100.0,90.03024930747921,93.50426592797784,893.9838315789472,0.0
7582,100.0,90.03024930747921,93.50426592797784,888.9838315789472,0.0
7583,100.0,90.03024930747921,93.50426592797784,885.1765305263156,0.0
7584,100.0,90.03024930747921,93.50426592797784,884.0281136842103,0.0
7585,100.0,90.03024930747921,93.50426592797784,899.996522105263,0.0
7586,100.0,90.03024930747921,93.50426592797784,903.2148294736841,0.0
7587,100.0,90.03024930747921,93.50426592797784,905.188294736842,0.0
7588,100.0,90.03024930747921,93.50426592797784,916.259187368421,0.0
7589,100.0,90.03024930747921,93.50426592797784,911.259187368421,0.0
7590,100.0,90.03024930747921,93.50426592797784,906.259187368421,0.0
7591,100.0,90.03024930747921,93.50426592797784,909.597014736842,0.0
7592,100.0,90.03024930747921,93.50426592797784,904.597014736842,0.0
7593,100.0,90.03024930747921,93.50426592797784,899.597014736842,0.0
7594,100.0,90.03024930747921,93.50426592797784,916.197014736842,0.0
7595,100.0,90.03024930747921,93.50426592797784,911.197014736842,0.0
7596,100.0,90.03024930747921,93.50426592797784,919.1334063157893,0.0
7597,100.0,90.03024930747921,93.50426592797784,914.1334063157893,0.0
7598,100.0,90.03024930747921,93.50426592797784,909.1334063157893,0.0
7599,100.0,90.03024930747921,93.50426592797784,904.1334063157893,0.0
7600,100.0,90.03024930747921,93.50426592797784,899.1334063157893,0.0
7601,100.0,90.03024930747921,93.50426592797784,894.1334063157893,0.0
7602,100.0,90.03024930747921,93.50426592797784,889.1334063157893,0.0
7603,100.0,90.03024930747921,93.50426592797784,884.1334063157893,0.0
7604,100.0,90.03024930747921,93.50426592797784,879.1334063157893,0.0
7605,100.0,90.03024930747921,93.50426592797784,874.1334063157893,0.0
7606,100.0,90.03024930747921,93.50426592797784,869.1334063157893,0.0
7607,100.0,90.03024930747921,93.50426592797784,881.7531705263157,0.0
7608,100.0,90.03024930747921,93.50426592797784,897.3730989473684,0.0
7609,100.0,90.03024930747921,93.50426592797784,912.3364631578946,0.0
7610,100.0,90.03024930747921,93.50426592797784,914.7745557894735,0.0
7611,100.0,90.03024930747921,93.50426592797784,916.052122105263,0.0
7612,100.0,90.03024930747921,93.50426592797784,912.7448042105262,0.0
7613,100.0,90.03024930747921,93.50426592797784,929.3448042105263,0.0
7614,100.0,90.03024930747921,93.50426592797784,924.3448042105263,0.0
7615,100.0,90.03024930747921,93.50426592797784,919.3448042105263,0.0
7616,100.0,90.03024930747921,91.22891966759,914.3448042105263,0.0
7617,100.0,90.03024930747921,91.22891966759,922.4416042105263,0.0
7618,100.0,90.03024930747921,91.22891966759,920.8788842105263,0.0
7619,100.0,90.03024930747921,91.22891966759,927.5240505263157,0.0
7620,100.0,90.03024930747921,91.22891966759,937.7151031578946,0.0
7621,100.0,90.03024930747921,91.22891966759,948.4093599999999,0.0
7622,100.0,90.03024930747921,91.22891966759,943.4093599999999,0.0
7623,100.0,90.03024930747921,91.22891966759,938.4093599999999,0.0
7624,100.0,90.03024930747921,91.22891966759,933.4093599999999,0.0
7625,100.0,89.83650969529084,91.22891966759,928.4093599999999,0.0
7626,100.0,89.83650969529084,91.22891966759,928.6996926315788,0.0
7627,100.0,89.83650969529084,91.22891966759,923.6996926315788,0.0
7628,100.0,89.83650969529084,91.22891966759,918.6996926315788,0.0
7629,100.0,89.83650969529084,91.22891966759,913.6996926315788,0.0
7630,100.0,89.83650969529084,91.22891966759,908.6996926315788,0.0
7631,100.0,89.83650969529084,91.22891966759,903.6996926315788,0.0
7632,100.0,89.83650969529084,91.22891966759,902.7783789473683,0.0
7633,100.0,89.83650969529084,91.22891966759,918.9947326315788,0.0
7634,100.0,89.83650969529084,91.22891966759,922.4170652631577,0.0
7635,100.0,89.83650969529084,91.22891966759,939.0170652631577,0.0
7636,100.0,89.83650969529084,91.22891966759,954.1463326315788,0.0
7637,100.0,89.83650969529084,91.22891966759,957.332202105263,0.0
7638,100.0,89.83650969529084,91.22891966759,954.8944926315788,0.0
7639,100.0,89.83650969529084,91.22891966759,949.8944926315788,0.0
7640,100.0,89.83650969529084,91.22891966759,944.8944926315788,0.0
7641,100.0,89.83650969529084,91.22891966759,939.8944926315788,0.0
7642,100.0,89.83650969529084,91.22891966759,934.8944926315788,0.0
7643,100.0,89.83650969529084,91.22891966759,929.8944926315788,0.0
7644,100.0,89.83650969529084,91.22891966759,924.8944926315788,0.0
7645,100.0,89.83650969529084,91.22891966759,929.3591957894736,0.0
7646,100.0,89.83650969529084,91.22891966759,934.4070231578946,0.0
7647,100.0,89.83650969529084,91.22891966759,931.9203915789473,0.0
7648,100.0,89.83650969529084,91.22891966759,948.5203915789473,0.0
7649,100.0,89.83650969529084,91.22891966759,943.5203915789473,0.0
7650,100.0,89.83650969529084,91.22891966759,938.5203915789473,0.0
7651,100.0,89.83650969529084,91.22891966759,933.5203915789473,0.0
7652,100.0,89.83650969529084,91.22891966759,930.101587368421,0.0
7653,100.0,89.83650969529084,91.22891966759,945.3674652631578,0.0
7654,100.0,89.83650969529084,91.22891966759,948.8765010526315,0.0
7655,100.0,89.83650969529084,91.22891966759,962.2114526315789,0.0
7656,100.0,89.83650969529084,91.22891966759,960.697427368421,0.0
7657,100.0,89.83650969529084,91.22891966759,961.8779452631578,0.0
7658,100.0,89.83650969529084,91.22891966759,964.8744926315788,0.0
7659,100.0,89.83650969529084,91.22891966759,966.6836463157894,0.0
7660,100.0,89.83650969529084,91.22891966759,978.1138568421052,0.0
7661,100.0,89.83650969529084,91.22891966759,973.1138568421052,0.0
7662,100.0,89.83650969529084,91.22891966759,968.1138568421052,0.0
7663,100.0,89.83650969529084,91.22891966759,963.1138568421052,0.0
7664,100.0,89.83650969529084,91.22891966759,958.1138568421052,0.0
7665,100.0,89.83650969529084,91.22891966759,956.2254315789472,0.0
7666,100.0,89.83650969529084,91.22891966759,955.0906189473683,0.0
7667,100.0,89.83650969529084,91.22891966759,950.0906189473683,0.0
7668,100.0,89.83650969529084,91.22891966759,945.0906189473683,0.0
7669,100.0,89.83650969529084,91.22891966759,961.6906189473683,0.0
7670,100.0,89.83650969529084,91.22891966759,956.6906189473683,0.0
7671,100.0,89.83650969529084,91.22891966759,951.6906189473683,0.0
7672,100.0,89.83650969529084,91.22891966759,958.745162105263,0.0
7673,100.0,89.83650969529084,91.22891966759,953.745162105263,0.0
7674,100.0,89.83650969529084,91.22891966759,948.745162105263,0.0
7675,100.0,89.83650969529084,91.22891966759,943.745162105263,0.0
7676,100.0,89.83650969529084,91.22891966759,938.745162105263,0.0
7677,100.0,89.83650969529084,91.22891966759,933.745162105263,0.0
7678,100.0,89.83650969529084,91.22891966759,928.745162105263,0.0
7679,100.0,89.83650969529084,91.22891966759,926.7357389473683,0.0
7680,100.0,89.83650969529084,91.22891966759,926.3645431578947,0.0
7681,100.0,89.83650969529084,91.22891966759,928.29856,0.0
7682,100.0,89.83650969529084,91.22891966759,944.89856,0.0
7683,100.0,89.83650969529084,91.22891966759,946.7002863157894,0.0
7684,100.0,89.83650969529084,91.22891966759,963.3002863157894,0.0
7685,100.0,89.83650969529084,91.22891966759,958.3002863157894,0.0
7686,100.0,89.83650969529084,91.22891966759,953.3002863157894,0.0
7687,100.0,89.83650969529084,91.22891966759,948.3002863157894,0.0
7688,100.0,89.83650969529084,91.22891966759,955.6158863157895,0.0
7689,100.0,89.83650969529084,91.22891966759,950.6158863157895,0.0
7690,100.0,89.83650969529084,91.22891966759,948.6730821052631,0.0
7691,100.0,89.83650969529084,91.22891966759,943.6730821052631,0.0
7692,100.0,89.83650969529084,91.22891966759,938.6730821052631,0.0
7693,100.0,89.83650969529084,91.22891966759,933.6730821052631,0.0
7694,100.0,89.83650969529084,91.22891966759,937.8292084210526,0.0
7695,100.0,89.83650969529084,91.22891966759,932.8292084210526,0.0
7696,100.0,89.83650969529084,91.22891966759,927.8292084210526,0.0
7697,100.0,89.83650969529084,91.22891966759,922.8292084210526,0.0
7698,100.0,89.83650969529084,91.22891966759,917.8292084210526,0.0
7699,100.0,89.83650969529084,91.22891966759,912.8292084210526,0.0
7700,100.0,89.83650969529084,91.22891966759,907.8292084210526,0.0
7701,100.0,89.83650969529084,91.22891966759,906.8792842105263,0.0
7702,100.0,89.83650969529084,91.22891966759,915.9962863157895,0.0
7703,100.0,89.83650969529084,91.22891966759,913.63808,0.0
7704,100.0,89.83650969529084,91.22891966759,914.0331536842104,0.0
7705,100.0,89.83650969529084,91.22891966759,917.181507368421,0.0
7706,100.0,89.83650969529084,91.22891966759,933.781507368421,0.0
7707,100.0,89.83650969529084,91.22891966759,950.381507368421,0.0
7708,100.0,89.83650969529084,91.22891966759,948.6139284210526,0.0
7709,100.0,89.83650969529084,91.22891966759,965.2139284210526,0.0
7710,100.0,89.83650969529084,91.22891966759,964.41168,0.0
7711,100.0,89.83650969529084,91.22891966759,959.41168,0.0
7712,100.0,89.83650969529084,91.22891966759,954.41168,0.0
7713,100.0,89.83650969529084,91.22891966759,949.41168,0.0
7714,100.0,89.83650969529084,91.22891966759,944.41168,0.0
7715,100.0,89.83650969529084,91.22891966759,939.41168,0.0
7716,100.0,89.83650969529084,91.22891966759,946.7770736842106,0.0
7717,100.0,89.83650969529084,91.22891966759,941.7770736842106,0.0
7718,100.0,89.83650969529084,91.22891966759,947.0377936842106,0.0
7719,100.0,89.83650969529084,91.22891966759,942.0377936842106,0.0
7720,100.0,89.83650969529084,91.22891966759,937.0377936842106,0.0
7721,100.0,89.83650969529084,91.22891966759,932.0377936842106,0.0
7722,100.0,89.83650969529084,91.22891966759,927.0377936842106,0.0
7723,100.0,89.83650969529084,91.22891966759,922.4729768421053,0.0
7724,100.0,89.83650969529084,91.22891966759,917.4729768421053,0.0
7725,100.0,89.83650969529084,91.22891966759,934.0729768421053,0.0
7726,100.0,89.83650969529084,91.22891966759,940.5565221052632,0.0
7727,100.0,89.83650969529084,91.22891966759,938.880572631579,0.0
7728,100.0,89.83650969529084,91.22891966759,955.4416547368421,0.0
7729,100.0,89.83650969529084,91.22891966759,960.51256,0.0
7730,100.0,89.83650969529084,91.22891966759,977.11256,0.0
7731,100.0,89.83650969529084,91.22891966759,983.4,0.0
7732,100.0,89.83650969529084,91.22891966759,1000.0,0.0
7733,100.0,89.83650969529084,91.22891966759,995.0,0.0
7734,100.0,89.83650969529084,91.22891966759,990.0,0.0
7735,100.0,89.83650969529084,91.22891966759,985.0,0.0
7736,100.0,89.83650969529084,91.22891966759,982.2376463157894,0.0
7737,100.0,89.83650969529084,91.22891966759,977.2376463157894,0.0
7738,100.0,89.83650969529084,91.22891966759,991.5608757894737,0.0
7739,100.0,89.83650969529084,91.22891966759,986.5608757894737,0.0
7740,100.0,89.83650969529084,91.22891966759,981.5608757894737,0.0
7741,100.0,89.83650969529084,91.22891966759,976.5608757894737,0.0
7742,100.0,89.83650969529084,91.22891966759,979.4001978947368,0.0
7743,100.0,89.83650969529084,91.22891966759,978.3120336842105,0.0
7744,100.0,89.83650969529084,91.22891966759,973.3120336842105,0.0
7745,100.0,89.83650969529084,91.22891966759,968.3120336842105,0.0
7746,100.0,89.83650969529084,91.22891966759,963.3120336842105,0.0
7747,100.0,89.83650969529084,91.22891966759,958.3120336842105,0.0
7748,100.0,89.83650969529084,91.22891966759,953.3120336842105,0.0
7749,100.0,89.83650969529084,91.22891966759,948.3120336842105,0.0
7750,100.0,89.83650969529084,91.22891966759,952.6938610526315,0.0
7751,100.0,89.83650969529084,91.22891966759,948.7932631578947,0.0
7752,100.0,89.83650969529084,91.22891966759,962.5459663157894,0.0
7753,100.0,89.83650969529084,91.22891966759,978.6355621052631,0.0
7754,100.0,89.83650969529084,91.22891966759,982.0225389473684,0.0
7755,100.0,89.83650969529084,91.22891966759,984.5589305263157,0.0
7756,100.0,89.83650969529084,91.22891966759,982.9137136842105,0.0
7757,100.0,89.83650969529084,91.22891966759,999.5137136842105,0.0
7758,100.0,89.83650969529084,91.22891966759,1000.0,0.0
7759,100.0,89.83650969529084,91.22891966759,995.0,0.0
7760,100.0,89.83650969529084,91.22891966759,990.0,0.0
7761,100.0,89.83650969529084,91.22891966759,985.3756884210526,0.0
7762,100.0,89.83650969529084,91.22891966759,988.5972926315789,0.0
7763,100.0,89.83650969529084,91.22891966759,983.5972926315789,0.0
7764,100.0,89.83650969529084,91.22891966759,978.5972926315789,0.0
7765,100.0,89.83650969529084,91.22891966759,973.5972926315789,0.0
7766,100.0,89.83650969529084,91.22891966759,968.5972926315789,0.0
7767,100.0,89.83650969529084,91.22891966759,963.5972926315789,0.0
7768,100.0,89.83650969529084,91.22891966759,958.5972926315789,0.0
7769,100.0,89.83650969529084,91.22891966759,953.5972926315789,0.0
7770,100.0,89.83650969529084,91.22891966759,948.5972926315789,0.0
7771,100.0,89.83650969529084,91.22891966759,943.5972926315789,0.0
7772,100.0,89.83650969529084,91.22891966759,938.5972926315789,0.0
7773,100.0,89.83650969529084,91.22891966759,933.5972926315789,0.0
7774,100.0,89.83650969529084,91.22891966759,942.3381894736841,0.0
7775,100.0,89.83650969529084,91.22891966759,953.4711536842104,0.0
7776,100.0,89.83650969529084,91.22891966759,953.3193305263158,0.0
7777,100.0,89.83650969529084,91.22891966759,969.9193305263158,0.0
7778,100.0,89.83650969529084,91.22891966759,973.5920336842105,0.0
7779,100.0,89.83650969529084,91.22891966759,987.7132421052631,0.0
7780,100.0,89.83650969529084,91.22891966759,984.7113936842105,0.0
7781,100.0,89.83650969529084,91.22891966759,979.7113936842105,0.0
7782,100.0,89.83650969529084,91.22891966759,974.7113936842105,0.0
7783,100.0,89.83650969529084,91.22891966759,979.7210610526316,0.0
7784,100.0,89.83650969529084,91.22891966759,974.7210610526316,0.0
7785,100.0,89.83650969529084,91.22891966759,969.7210610526316,0.0
7786,100.0,89.83650969529084,91.22891966759,964.7210610526316,0.0
7787,100.0,89.83650969529084,91.22891966759,981.0312421052632,0.0
7788,100.0,89.83650969529084,91.22891966759,982.6297010526316,0.0
7789,100.0,89.83650969529084,91.22891966759,977.6297010526316,0.0
7790,100.0,89.83650969529084,91.22891966759,980.2874315789473,0.0
7791,100.0,89.83650969529084,91.22891966759,990.1300421052631,0.0
7792,100.0,89.83650969529084,91.22891966759,985.1300421052631,0.0
7793,100.0,89.83650969529084,91.22891966759,980.1300421052631,0.0
7794,100.0,89.83650969529084,91.22891966759,977.3441557894737,0.0
7795,100.0,89.83650969529084,91.22891966759,972.3441557894737,0.0
7796,100.0,89.83650969529084,91.22891966759,967.3441557894737,0.0
7797,100.0,89.83650969529084,91.22891966759,962.3441557894737,0.0
7798,100.0,89.83650969529084,91.22891966759,962.4199284210526,0.0
7799,100.0,89.83650969529084,91.22891966759,957.4199284210526,0.0
7800,100.0,89.83650969529084,91.22891966759,968.3672463157894,0.0
7801,100.0,89.83650969529084,91.22891966759,967.9006694736842,0.0
7802,100.0,89.83650969529084,91.22891966759,984.5006694736842,0.0
7803,100.0,89.83650969529084,91.22891966759,985.4334694736842,0.0
7804,100.0,89.83650969529084,91.22891966759,1000.0,0.0
7805,100.0,89.83650969529084,91.22891966759,995.0,0.0
7806,100.0,89.83650969529084,91.22891966759,990.0,0.0
7807,100.0,89.83650969529084,91.22891966759,985.0,0.0
7808,100.0,89.83650969529084,91.22891966759,980.0,0.0
7809,100.0,89.83650969529084,91.22891966759,975.0,0.0
7810,100.0,89.83650969529084,91.22891966759,970.0,0.0
7811,100.0,89.83650969529084,91.22891966759,968.6168252631579,0.0
7812,100.0,89.83650969529084,91.22891966759,963.6168252631579,0.0
7813,100.0,89.83650969529084,91.22891966759,979.2475536842105,0.0
7814,100.0,89.83650969529084,91.22891966759,974.2475536842105,0.0
7815,100.0,89.83650969529084,91.22891966759,969.2475536842105,0.0
7816,100.0,89.83650969529084,91.22891966759,964.2475536842105,0.0
7817,100.0,89.83650969529084,91.22891966759,959.2475536842105,0.0
7818,100.0,89.83650969529084,91.22891966759,954.2475536842105,0.0
7819,100.0,89.83650969529084,91.22891966759,949.2475536842105,0.0
7820,100.0,89.83650969529084,91.22891966759,944.2475536842105,0.0
7821,100.0,89.83650969529084,91.22891966759,939.8608421052631,0.0
7822,100.0,89.83650969529084,91.22891966759,941.2943452631579,0.0
7823,100.0,89.83650969529084,91.22891966759,948.9945768421053,0.0
7824,100.0,89.83650969529084,91.22891966759,944.846147368421,0.0
7825,100.0,89.83650969529084,91.22891966759,957.6636842105263,0.0
7826,100.0,89.83650969529084,91.22891966759,957.6711326315789,0.0
7827,100.0,89.83650969529084,91.22891966759,956.644054736842,0.0
7828,100.0,89.83650969529084,91.22891966759,951.644054736842,0.0
7829,100.0,89.83650969529084,91.22891966759,946.644054736842,0.0
7830,100.0,89.83650969529084,91.22891966759,941.644054736842,0.0
7831,100.0,89.83650969529084,91.22891966759,936.644054736842,0.0
7832,100.0,89.83650969529084,91.22891966759,931.644054736842,0.0
7833,100.0,89.83650969529084,91.22891966759,935.6348084210525,0.0
7834,100.0,89.83650969529084,91.22891966759,930.6348084210525,0.0
7835,100.0,89.83650969529084,91.22891966759,925.6348084210525,0.0
7836,100.0,89.83650969529084,91.22891966759,926.2618736842104,0.0
7837,100.0,89.83650969529084,91.22891966759,921.2618736842104,0.0
7838,100.0,89.83650969529084,91.22891966759,916.2618736842104,0.0
7839,100.0,89.83650969529084,91.22891966759,911.2618736842104,0.0
7840,100.0,89.83650969529084,91.22891966759,914.1828589473683,0.0
7841,100.0,89.83650969529084,91.22891966759,909.1828589473683,0.0
7842,100.0,89.83650969529084,91.22891966759,904.1828589473683,0.0
7843,100.0,89.83650969529084,91.22891966759,899.1828589473683,0.0
7844,100.0,89.83650969529084,91.22891966759,894.1828589473683,0.0
7845,100.0,89.83650969529084,91.22891966759,889.1828589473683,0.0
7846,100.0,89.83650969529084,91.22891966759,905.7828589473684,0.0
7847,100.0,89.83650969529084,91.22891966759,900.7828589473684,0.0
7848,100.0,89.83650969529084,91.22891966759,898.0358905263157,0.0
7849,100.0,89.83650969529084,91.22891966759,914.6358905263157,0.0
7850,100.0,89.83650969529084,91.22891966759,931.2358905263158,0.0
7851,100.0,89.83650969529084,91.22891966759,945.8517221052631,0.0
7852,100.0,89.83650969529084,91.22891966759,955.6462442105262,0.0
7853,100.0,89.83650969529084,91.22891966759,971.8224673684209,0.0
7854,100.0,89.83650969529084,91.22891966759,966.8224673684209,0.0
7855,100.0,89.83650969529084,91.22891966759,961.8224673684209,0.0
7856,100.0,89.83650969529084,91.22891966759,956.8224673684209,0.0
7857,100.0,89.83650969529084,91.22891966759,951.8224673684209,0.0
7858,100.0,89.83650969529084,91.22891966759,946.8224673684209,0.0
7859,100.0,89.83650969529084,91.22891966759,963.4224673684209,0.0
7860,100.0,89.83650969529084,91.22891966759,980.022467368421,0.0
7861,100.0,89.83650969529084,91.22891966759,983.3945136842104,0.0
7862,100.0,89.83650969529084,91.22891966759,991.0899284210525,0.0
7863,100.0,89.83650969529084,91.22891966759,989.8469263157893,0.0
7864,100.0,89.83650969529084,91.22891966759,984.8469263157893,0.0
7865,100.0,89.83650969529084,91.22891966759,979.8469263157893,0.0
7866,100.0,89.83650969529084,91.22891966759,977.666787368421,0.0
7867,100.0,89.83650969529084,91.22891966759,972.666787368421,0.0
7868,100.0,89.83650969529084,91.22891966759,967.666787368421,0.0
7869,100.0,89.83650969529084,91.22891966759,966.6674105263157,0.0
7870,100.0,89.83650969529084,91.22891966759,961.6674105263157,0.0
7871,100.0,89.83650969529084,91.22891966759,958.1887326315789,0.0
7872,100.0,89.83650969529084,91.22891966759,958.3266905263157,0.0
7873,100.0,89.83650969529084,91.22891966759,974.9266905263157,0.0
7874,100.0,89.83650969529084,91.22891966759,991.5266905263157,0.0
7875,100.0,89.83650969529084,91.22891966759,995.0064336842105,0.0
7876,100.0,89.83650969529084,91.22891966759,994.092547368421,0.0
7877,100.0,89.83650969529084,91.22891966759,999.7846231578948,0.0
7878,100.0,89.83650969529084,91.22891966759,1000.0,0.0
7879,100.0,89.83650969529084,91.22891966759,995.0,0.0
7880,100.0,89.83650969529084,91.22891966759,990.0,0.0
7881,100.0,89.83650969529084,91.22891966759,985.0,0.0
7882,100.0,89.83650969529084,91.22891966759,980.0,0.0
7883,100.0,89.83650969529084,91.22891966759,996.6,0.0
7884,100.0,89.83650969529084,91.22891966759,991.6,0.0
7885,100.0,89.83650969529084,91.22891966759,986.6,0.0
7886,100.0,89.83650969529084,91.22891966759,981.6,0.0
7887,100.0,89.83650969529084,91.22891966759,978.5188378947369,0.0
7888,100.0,89.83650969529084,91.22891966759,973.5188378947369,0.0
7889,100.0,89.83650969529084,91.22891966759,968.5188378947369,0.0
7890,100.0,89.83650969529084,91.22891966759,963.5188378947369,0.0
7891,100.0,89.83650969529084,91.22891966759,958.5188378947369,0.0
7892,100.0,89.83650969529084,91.22891966759,953.5188378947369,0.0
7893,100.0,89.83650969529084,91.22891966759,948.5188378947369,0.0
7894,100.0,89.83650969529084,91.22891966759,943.5188378947369,0.0
7895,100.0,89.83650969529084,91.22891966759,938.5188378947369,0.0
7896,100.0,89.83650969529084,91.22891966759,946.2776926315789,0.0
7897,100.0,89.83650969529084,91.22891966759,942.4060084210527,0.0
7898,100.0,89.83650969529084,91.22891966759,958.4653642105263,0.0
7899,100.0,89.83650969529084,91.22891966759,969.836572631579,0.0
7900,100.0,89.83650969529084,91.22891966759,964.836572631579,0.0
7901,100.0,89.83650969529084,91.22891966759,959.836572631579,0.0
7902,100.0,89.83650969529084,91.22891966759,954.836572631579,0.0
7903,100.0,89.83650969529084,91.22891966759,949.836572631579,0.0
7904,100.0,89.83650969529084,91.22891966759,944.836572631579,0.0
7905,100.0,89.83650969529084,91.22891966759,939.836572631579,0.0
7906,100.0,89.83650969529084,91.22891966759,934.836572631579,0.0
7907,100.0,89.83650969529084,91.22891966759,929.836572631579,0.0
7908,100.0,89.83650969529084,91.22891966759,930.2073178947369,0.0
7909,100.0,89.83650969529084,91.22891966759,927.5790357894737,0.0
7910,100.0,89.83650969529084,91.22891966759,922.5790357894737,0.0
7911,100.0,89.83650969529084,91.22891966759,917.5790357894737,0.0
7912,100.0,89.83650969529084,91.22891966759,912.5790357894737,0.0
7913,100.0,89.83650969529084,91.22891966759,907.5790357894737,0.0
7914,100.0,87.12648199445981,91.22891966759,902.5790357894737,0.0
7915,100.0,87.12648199445981,91.22891966759,897.5790357894737,0.0
7916,100.0,87.12648199445981,91.22891966759,892.5790357894737,0.0
7917,100.0,87.12648199445981,91.22891966759,887.5790357894737,0.0
7918,100.0,87.12648199445981,91.22891966759,882.5790357894737,0.0
7919,100.0,87.12648199445981,91.22891966759,877.5790357894737,0.0
7920,100.0,87.12648199445981,91.22891966759,881.8483536842106,0.0
7921,100.0,87.12648199445981,91.22891966759,892.57592,0.0
7922,100.0,87.12648199445981,91.22891966759,887.57592,0.0
7923,100.0,87.12648199445981,91.22891966759,882.57592,0.0
7924,100.0,87.12648199445981,91.22891966759,899.17592,0.0
7925,100.0,87.12648199445981,91.22891966759,896.0137768421052,0.0
7926,100.0,87.12648199445981,91.22891966759,891.0137768421052,0.0
7927,100.0,87.12648199445981,91.22891966759,886.0137768421052,0.0
7928,100.0,87.12648199445981,91.22891966759,881.0137768421052,0.0
7929,100.0,87.12648199445981,91.22891966759,876.0137768421052,0.0
7930,100.0,87.12648199445981,91.22891966759,871.0137768421052,0.0
7931,100.0,87.12648199445981,91.22891966759,866.0137768421052,0.0
7932,100.0,87.12648199445981,91.22891966759,873.8421305263158,0.0
7933,100.0,87.12648199445981,91.22891966759,886.0075368421053,0.0
7934,100.0,87.12648199445981,91.22891966759,881.0075368421053,0.0
7935,100.0,87.12648199445981,91.22891966759,876.0075368421053,0.0
7936,100.0,87.12648199445981,91.22891966759,871.0075368421053,0.0
7937,100.0,87.12648199445981,91.22891966759,866.0075368421053,0.0
7938,100.0,87.12648199445981,91.22891966759,861.0075368421053,0.0
7939,100.0,87.12648199445981,91.22891966759,859.7385010526316,0.0
7940,100.0,87.12648199445981,91.22891966759,854.7385010526316,0.0
7941,100.0,87.12648199445981,91.22891966759,862.3638652631562,0.0
7942,100.0,87.12648199445981,91.22891966759,857.3638652631562,0.0
7943,100.0,87.12648199445981,91.22891966759,873.9638652631562,0.0
7944,100.0,87.12648199445981,91.22891966759,868.9638652631562,0.0
7945,100.0,87.12648199445981,91.22891966759,878.8300084210509,0.0
7946,100.0,87.12648199445981,91.22891966759,894.6522568421035,0.0
7947,100.0,87.12648199445981,91.22891966759,892.0010484210509,0.0
7948,100.0,87.12648199445981,91.22891966759,887.0010484210509,0.0
7949,100.0,87.12648199445981,91.22891966759,882.0010484210509,0.0
7950,100.0,87.12648199445981,91.22891966759,877.0010484210509,0.0
7951,100.0,87.12648199445981,91.22891966759,872.0010484210509,0.0
7952,100.0,87.12648199445981,91.22891966759,867.0010484210509,0.0
7953,100.0,87.12648199445981,91.22891966759,862.0010484210509,0.0
7954,100.0,87.12648199445981,91.22891966759,857.0010484210509,0.0
7955,100.0,87.12648199445981,91.22891966759,852.0010484210509,0.0
7956,100.0,87.12648199445981,91.22891966759,847.0010484210509,0.0
7957,100.0,87.12648199445981,91.22891966759,842.0010484210509,0.0
7958,100.0,87.12648199445981,91.22891966759,837.0010484210509,0.0
7959,100.0,87.12648199445981,91.22891966759,832.0010484210509,0.0
7960,100.0,87.12648199445981,91.22891966759,827.0010484210509,0.0
7961,100.0,87.12648199445981,91.22891966759,822.0010484210509,0.0
7962,100.0,87.12648199445981,91.22891966759,817.0010484210509,0.0
7963,100.0,87.12648199445981,91.22891966759,812.0010484210509,0.0
7964,100.0,87.12648199445981,91.22891966759,807.0010484210509,0.0
7965,100.0,87.12648199445981,91.22891966759,802.0010484210509,0.0
7966,100.0,87.12648199445981,91.22891966759,797.0010484210509,0.0
7967,100.0,87.12648199445981,91.22891966759,792.0010484210509,0.0
7968,100.0,87.12648199445981,91.22891966759,787.0010484210509,0.0
7969,100.0,87.12648199445981,91.22891966759,792.8737684210508,0.0
7970,100.0,87.12648199445981,91.22891966759,809.4737684210509,0.0
7971,100.0,87.12648199445981,91.22891966759,804.4737684210509,0.0
7972,100.0,87.12648199445981,91.22891966759,799.4737684210509,0.0
7973,100.0,87.12648199445981,91.22891966759,794.8246357894719,0.0
7974,100.0,87.12648199445981,91.22891966759,789.8246357894719,0.0
7975,100.0,87.12648199445981,91.22891966759,784.8246357894719,0.0
7976,100.0,87.12648199445981,91.22891966759,779.8246357894719,0.0
7977,100.0,87.12648199445981,91.22891966759,774.8246357894719,0.0
7978,100.0,87.12648199445981,91.22891966759,780.7601094736824,0.0
7979,100.0,87.12648199445981,91.22891966759,775.7601094736824,0.0
7980,100.0,87.12648199445981,91.22891966759,770.7601094736824,0.0
7981,100.0,87.12648199445981,91.22891966759,783.4721852631561,0.0
7982,100.0,87.12648199445981,91.22891966759,779.151410526314,0.0
7983,100.0,87.12648199445981,91.22891966759,774.151410526314,0.0
7984,100.0,87.12648199445981,91.22891966759,769.151410526314,0.0
7985,100.0,87.12648199445981,91.22891966759,764.151410526314,0.0
7986,100.0,87.12648199445981,91.22891966759,759.151410526314,0.0
7987,100.0,87.12648199445981,91.22891966759,754.151410526314,0.0
7988,100.0,87.12648199445981,91.22891966759,759.1734694736824,0.0
7989,100.0,87.12648199445981,91.22891966759,754.1734694736824,0.0
7990,100.0,87.12648199445981,91.22891966759,749.1734694736824,0.0
7991,100.0,87.12648199445981,91.22891966759,765.7734694736824,0.0
7992,100.0,87.12648199445981,91.22891966759,775.362223157893,0.0
7993,100.0,87.12648199445981,91.22891966759,791.962223157893,0.0
7994,100.0,87.12648199445981,91.22891966759,802.744130526314,0.0
7995,100.0,87.12648199445981,91.22891966759,798.5310526315773,0.0
7996,100.0,87.12648199445981,91.22891966759,804.7793094736826,0.0
7997,100.0,87.12648199445981,91.22891966759,803.3690399999983,0.0
7998,100.0,87.12648199445981,91.22891966759,798.3690399999983,0.0
7999,100.0,87.12648199445981,91.22891966759,793.3690399999983,0.0
8000,100.0,87.12648199445981,91.22891966759,788.3690399999983,0.0
8001,100.0,87.12648199445981,91.22891966759,783.3690399999983,0.0
8002,100.0,87.12648199445981,91.22891966759,778.3690399999983,0.0
8003,100.0,87.12648199445981,91.22891966759,785.7593305263141,0.0
8004,100.0,87.12648199445981,91.22891966759,781.0707494736826,0.0
8005,100.0,87.12648199445981,91.22891966759,779.9515115789457,0.0
8006,100.0,87.12648199445981,91.22891966759,774.9515115789457,0.0
8007,100.0,87.12648199445981,91.22891966759,769.9515115789457,0.0
8008,100.0,87.12648199445981,91.22891966759,764.9515115789457,0.0
8009,100.0,87.12648199445981,83.96321329639886,759.9515115789457,0.0
8010,100.0,87.12648199445981,83.96321329639886,754.9515115789457,0.0
8011,99.33540166204985,87.12648199445981,83.96321329639886,749.9515115789457,0.0
8012,99.33540166204985,87.12648199445981,83.96321329639886,744.9515115789457,0.0
8013,99.33540166204985,87.12648199445981,83.96321329639886,739.9515115789457,0.0
8014,99.33540166204985,87.12648199445981,83.96321329639886,749.7196968421035,0.0
8015,99.33540166204985,87.12648199445981,83.96321329639886,744.7196968421035,0.0
8016,99.33540166204985,87.12648199445981,83.96321329639886,739.7196968421035,0.0
8017,99.33540166204985,87.12648199445981,83.96321329639886,734.7196968421035,0.0
8018,99.33540166204985,87.12648199445981,83.96321329639886,729.7196968421035,0.0
8019,99.33540166204985,87.12648199445981,83.96321329639886,724.7196968421035,0.0
8020,99.33540166204985,87.12648199445981,83.96321329639886,727.4078947368404,0.0
8021,99.33540166204985,87.12648199445981,83.96321329639886,736.9415115789457,0.0
8022,99.33540166204985,87.12648199445981,83.96321329639886,731.9415115789457,0.0
8023,99.33540166204985,87.12648199445981,83.96321329639886,726.9415115789457,0.0
8024,99.33540166204985,87.12648199445981,83.96321329639886,721.9415115789457,0.0
8025,99.33540166204985,87.12648199445981,83.96321329639886,716.9415115789457,0.0
8026,99.33540166204985,87.12648199445981,83.96321329639886,711.9415115789457,0.0
8027,99.33540166204985,87.12648199445981,83.96321329639886,706.9415115789457,0.0
8028,99.33540166204985,87.12648199445981,83.96321329639886,701.9415115789457,0.0
8029,99.33540166204985,87.12648199445981,83.96321329639886,696.9415115789457,0.0
8030,99.33540166204985,87.12648199445981,83.96321329639886,691.9415115789457,0.0
8031,99.33540166204985,87.12648199445981,83.96321329639886,686.9415115789457,0.0
8032,99.33540166204985,87.12648199445981,83.96321329639886,681.9415115789457,0.0
8033,99.33540166204985,87.12648199445981,83.96321329639886,676.9415115789457,0.0
8034,99.33540166204985,87.12648199445981,73.73567867036009,671.9415115789457,0.0
8035,99.33540166204985,87.12648199445981,73.73567867036009,666.9415115789457,0.0
8036,99.33540166204985,87.12648199445981,73.73567867036009,661.9415115789457,0.0
8037,99.33540166204985,87.12648199445981,73.73567867036009,656.9415115789457,0.0
8038,99.33540166204985,87.12648199445981,73.73567867036009,651.9415115789457,0.0
8039,99.33540166204985,87.12648199445981,73.73567867036009,652.7215578947352,0.0
8040,99.33540166204985,87.12648199445981,73.73567867036009,656.4141936842088,0.0
8041,99.33540166204985,87.12648199445981,73.73567867036009,662.7513515789457,0.0
8042,99.33540166204985,87.12648199445981,73.73567867036009,679.3513515789457,0.0
8043,99.33540166204985,87.12648199445981,73.73567867036009,674.3513515789457,0.0
8044,99.33540166204985,87.12648199445981,73.73567867036009,682.5894989473668,0.0
8045,99.33540166204985,87.12648199445981,73.73567867036009,697.7570399999984,0.0
8046,99.33540166204985,87.12648199445981,73.73567867036009,692.7570399999984,0.0
8047,99.33540166204985,87.12648199445981,73.73567867036009,687.7570399999984,0.0
8048,99.33540166204985,87.12648199445981,73.73567867036009,682.7570399999984,0.0
8049,99.33540166204985,87.12648199445981,73.73567867036009,677.7570399999984,0.0
8050,99.33540166204985,87.12648199445981,73.73567867036009,672.7570399999984,0.0
8051,99.33540166204985,87.12648199445981,73.73567867036009,667.7570399999984,0.0
8052,99.33540166204985,87.12648199445981,73.73567867036009,662.7570399999984,0.0
8053,99.33540166204985,87.12648199445981,73.73567867036009,657.7570399999984,0.0
8054,99.33540166204985,87.12648199445981,73.73567867036009,652.7570399999984,0.0
8055,99.33540166204985,87.12648199445981,73.73567867036009,647.7570399999984,0.0
8056,99.33540166204985,87.12648199445981,73.73567867036009,642.7570399999984,0.0
8057,99.33540166204985,87.12648199445981,73.73567867036009,637.7570399999984,0.0
8058,99.33540166204985,87.12648199445981,73.73567867036009,632.7570399999984,0.0
8059,99.33540166204985,87.12648199445981,73.73567867036009,627.7570399999984,0.0
8060,99.33540166204985,87.12648199445981,73.73567867036009,622.7570399999984,0.0
8061,99.33540166204985,87.12648199445981,73.73567867036009,617.7570399999984,0.0
8062,99.33540166204985,87.12648199445981,73.73567867036009,630.1662989473668,0.0
8063,99.33540166204985,87.12648199445981,73.73567867036009,630.6720252631563,0.0
8064,99.33540166204985,87.12648199445981,73.73567867036009,625.6720252631563,0.0
8065,99.33540166204985,87.12648199445981,73.73567867036009,642.2720252631564,0.0
8066,99.33540166204985,87.12648199445981,73.73567867036009,652.6203789473669,0.0
8067,99.33540166204985,87.12648199445981,73.73567867036009,669.220378947367,0.0
8068,99.33540166204985,87.12648199445981,73.73567867036009,664.220378947367,0.0
8069,99.33540166204985,87.12648199445981,73.73567867036009,663.7893473684196,0.0
8070,99.33540166204985,87.12648199445981,73.73567867036009,658.7893473684196,0.0
8071,99.33540166204985,87.12648199445981,73.73567867036009,661.2809473684197,0.0
8072,99.33540166204985,87.12648199445981,73.73567867036009,656.2809473684197,0.0
8073,99.33540166204985,87.12648199445981,73.73567867036009,651.2809473684197,0.0
8074,99.33540166204985,87.12648199445981,73.73567867036009,646.2809473684197,0.0
8075,99.33540166204985,87.12648199445981,73.73567867036009,641.2809473684197,0.0
8076,99.33540166204985,87.12648199445981,73.73567867036009,636.2809473684197,0.0
8077,99.33540166204985,87.12648199445981,73.73567867036009,631.2809473684197,0.0
8078,99.33540166204985,87.12648199445981,73.73567867036009,627.8255747368407,0.0
8079,99.33540166204985,87.12648199445981,73.73567867036009,622.8255747368407,0.0
8080,99.33540166204985,87.12648199445981,73.73567867036009,617.8255747368407,0.0
8081,99.33540166204985,87.12648199445981,73.73567867036009,612.8255747368407,0.0
8082,99.33540166204985,87.12648199445981,73.73567867036009,609.2567073684197,0.0
8083,99.33540166204985,87.12648199445981,73.73567867036009,604.2567073684197,0.0
8084,99.33540166204985,87.12648199445981,73.73567867036009,599.2567073684197,0.0
8085,99.33540166204985,87.12648199445981,73.73567867036009,594.2567073684197,0.0
8086,99.33540166204985,87.12648199445981,73.73567867036009,594.6847873684197,0.0
8087,99.33540166204985,87.12648199445981,73.73567867036009,611.2847873684198,0.0
8088,99.33540166204985,87.12648199445981,73.73567867036009,608.1936589473671,0.0
8089,99.33540166204985,87.12648199445981,73.73567867036009,622.094416842104,0.0
8090,99.33540166204985,87.12648199445981,73.73567867036009,638.694416842104,0.0
8091,99.33540166204985,87.12648199445981,73.73567867036009,639.3186399999988,0.0
8092,99.33540166204985,87.12648199445981,73.73567867036009,636.0057136842094,0.0
8093,99.33540166204985,87.12648199445981,73.73567867036009,639.2638484210514,0.0
8094,99.33540166204985,87.12648199445981,73.73567867036009,636.6384084210514,0.0
8095,99.33540166204985,87.12648199445981,73.73567867036009,631.6384084210514,0.0
8096,99.33540166204985,78.98997229916897,73.73567867036009,626.6384084210514,0.0
8097,99.33540166204985,78.98997229916897,73.73567867036009,621.6384084210514,0.0
8098,99.33540166204985,78.98997229916897,73.73567867036009,616.6384084210514,0.0
8099,99.33540166204985,78.98997229916897,73.73567867036009,611.7497052631567,0.0
8100,99.33540166204985,78.98997229916897,73.73567867036009,606.7497052631567,0.0
8101,99.33540166204985,78.98997229916897,73.73567867036009,623.3497052631567,0.0
8102,99.33540166204985,78.98997229916897,73.73567867036009,618.3497052631567,0.0
8103,99.33540166204985,78.98997229916897,73.73567867036009,627.0115536842094,0.0
8104,99.33540166204985,78.98997229916897,73.73567867036009,622.0115536842094,0.0
8105,99.33540166204985,78.98997229916897,73.73567867036009,617.0115536842094,0.0
8106,99.33540166204985,78.98997229916897,73.73567867036009,612.0115536842094,0.0
8107,99.33540166204985,78.98997229916897,73.73567867036009,607.0115536842094,0.0
8108,99.33540166204985,78.98997229916897,73.73567867036009,611.8304589473673,0.0
8109,99.33540166204985,78.98997229916897,73.73567867036009,606.8304589473673,0.0
8110,99.33540166204985,78.98997229916897,73.73567867036009,601.8304589473673,0.0
8111,99.33540166204985,78.98997229916897,73.73567867036009,596.8304589473673,0.0
8112,99.33540166204985,78.98997229916897,73.73567867036009,592.7277305263146,0.0
8113,99.33540166204985,78.98997229916897,73.73567867036009,605.6836589473672,0.0
8114,99.33540166204985,78.98997229916897,73.73567867036009,606.2581642105251,0.0
8115,99.33540166204985,78.98997229916897,73.73567867036009,622.8581642105252,0.0
8116,99.33540166204985,78.98997229916897,73.73567867036009,619.344509473683,0.0
8117,99.33540166204985,78.98997229916897,73.73567867036009,622.5943831578936,0.0
8118,99.33540166204985,78.98997229916897,73.73567867036009,617.5943831578936,0.0
8119,99.33540166204985,78.98997229916897,73.73567867036009,612.5943831578936,0.0
8120,99.33540166204985,78.98997229916897,73.73567867036009,613.2853389473673,0.0
8121,99.33540166204985,78.98997229916897,73.73567867036009,608.2853389473673,0.0
8122,99.33540166204985,78.98997229916897,73.73567867036009,614.8690021052621,0.0
8123,99.33540166204985,78.98997229916897,73.73567867036009,609.8690021052621,0.0
8124,99.33540166204985,78.98997229916897,73.73567867036009,604.8690021052621,0.0
8125,99.33540166204985,78.98997229916897,73.73567867036009,608.19102736842,0.0
8126,99.33540166204985,78.98997229916897,73.73567867036009,603.19102736842,0.0
8127,99.33540166204985,78.98997229916897,73.73567867036009,598.2138021052622,0.0
8128,99.33540166204985,78.98997229916897,73.73567867036009,593.2138021052622,0.0
8129,99.33540166204985,73.75468144044322,73.73567867036009,588.2138021052622,0.0
8130,99.33540166204985,73.75468144044322,73.73567867036009,583.2138021052622,0.0
8131,83.61584487534626,73.75468144044322,73.73567867036009,578.2138021052622,0.0
8132,83.61584487534626,73.75468144044322,73.73567867036009,573.2138021052622,0.0
8133,83.61584487534626,73.75468144044322,73.73567867036009,580.8255494736833,0.0
8134,83.61584487534626,73.75468144044322,73.73567867036009,575.8255494736833,0.0
8135,83.61584487534626,73.75468144044322,73.73567867036009,570.8255494736833,0.0
8136,83.61584487534626,73.75468144044322,73.73567867036009,578.599865263157,0.0
8137,83.61584487534626,73.75468144044322,73.73567867036009,595.199865263157,0.0
8138,83.61584487534626,73.75468144044322,73.73567867036009,593.3290989473675,0.0
8139,83.61584487534626,73.75468144044322,73.73567867036009,591.0609305263148,0.0
8140,83.61584487534626,73.75468144044322,73.73567867036009,602.9601263157884,0.0
8141,83.61584487534626,73.75468144044322,73.73567867036009,597.9601263157884,0.0
8142,83.61584487534626,73.75468144044322,73.73567867036009,592.9601263157884,0.0
8143,83.61584487534626,73.75468144044322,73.73567867036009,587.9601263157884,0.0
8144,83.61584487534626,73.75468144044322,73.73567867036009,582.9601263157884,0.0
8145,83.61584487534626,73.75468144044322,73.73567867036009,577.9601263157884,0.0
8146,83.61584487534626,73.75468144044322,73.73567867036009,572.9601263157884,0.0
8147,83.61584487534626,73.75468144044322,73.73567867036009,567.9601263157884,0.0
8148,83.61584487534626,73.75468144044322,73.73567867036009,562.9601263157884,0.0
8149,83.61584487534626,73.75468144044322,73.73567867036009,558.3477515789464,0.0
8150,83.61584487534626,73.75468144044322,73.73567867036009,553.3477515789464,0.0
8151,83.61584487534626,73.75468144044322,73.73567867036009,548.3477515789464,0.0
8152,83.61584487534626,73.75468144044322,73.73567867036009,543.3477515789464,0.0
8153,62.563213296398885,73.75468144044322,65.96254847645424,538.3477515789464,0.0
8154,62.563213296398885,73.62415512465375,65.96254847645424,533.3477515789464,0.0
8155,62.563213296398885,73.62415512465375,65.96254847645424,528.3477515789464,0.0
8156,62.563213296398885,73.62415512465375,65.96254847645424,523.3477515789464,0.0
8157,62.563213296398885,73.62415512465375,65.96254847645424,518.3477515789464,0.0
8158,62.563213296398885,73.62415512465375,65.96254847645424,513.3477515789464,0.0
8159,62.563213296398885,73.62415512465375,65.96254847645424,508.34775157894643,0.0
8160,62.563213296398885,73.62415512465375,65.96254847645424,503.34775157894643,0.0
8161,62.563213296398885,73.62415512465375,65.96254847645424,498.4999368421043,0.0
8162,62.563213296398885,73.62415512465375,65.96254847645424,510.16191157894644,0.0
8163,62.563213296398885,73.62415512465375,65.96254847645424,507.2078484210517,0.0
8164,62.563213296398885,73.62415512465375,65.96254847645424,518.7174484210517,0.0
8165,62.563213296398885,73.62415512465375,65.96254847645424,519.1110821052622,0.0
8166,62.563213296398885,73.62415512465375,65.96254847645424,514.1110821052622,0.0
8167,62.563213296398885,73.62415512465375,65.96254847645424,509.1110821052622,0.0
8168,62.563213296398885,73.62415512465375,65.96254847645424,504.1110821052622,0.0
8169,62.563213296398885,73.62415512465375,65.96254847645424,507.2960042105254,0.0
8170,62.563213296398885,73.62415512465375,65.96254847645424,502.2960042105254,0.0
8171,62.563213296398885,73.62415512465375,65.96254847645424,512.927772631578,0.0
8172,62.563213296398885,73.62415512465375,65.96254847645424,507.927772631578,0.0
8173,62.563213296398885,73.62415512465375,65.96254847645424,521.7043115789464,0.0
8174,62.563213296398885,73.62415512465375,65.96254847645424,517.8831031578937,0.0
8175,62.563213296398885,73.62415512465375,65.96254847645424,512.8831031578937,0.0
8176,62.563213296398885,73.62415512465375,65.96254847645424,507.88310315789374,0.0
8177,62.563213296398885,73.62415512465375,65.96254847645424,502.88310315789374,0.0
8178,62.563213296398885,73.62415512465375,65.96254847645424,497.88310315789374,0.0
8179,62.563213296398885,73.62415512465375,64.8144044321329,492.88310315789374,0.0
8180,62.563213296398885,73.62415512465375,64.8144044321329,487.88310315789374,0.0
8181,62.563213296398885,73.62415512465375,64.8144044321329,482.88310315789374,0.0
8182,62.563213296398885,73.62415512465375,64.8144044321329,491.7256336842095,0.0
8183,62.563213296398885,73.62415512465375,64.8144044321329,492.2397726315779,0.0
8184,62.563213296398885,73.62415512465375,64.8144044321329,487.2397726315779,0.0
8185,62.563213296398885,73.62415512465375,64.8144044321329,482.2397726315779,0.0
8186,62.563213296398885,73.62415512465375,64.8144044321329,477.2397726315779,0.0
8187,62.563213296398885,73.62415512465375,64.8144044321329,485.9326189473674,0.0
8188,62.563213296398885,73.62415512465375,64.8144044321329,490.84929263157795,0.0
8189,62.563213296398885,73.62415512465375,64.8144044321329,505.8164463157885,0.0
8190,62.563213296398885,73.62415512465375,64.8144044321329,500.8164463157885,0.0
8191,62.563213296398885,73.62415512465375,64.8144044321329,495.8164463157885,0.0
8192,62.563213296398885,73.62415512465375,64.8144044321329,490.8164463157885,0.0
8193,62.563213296398885,73.62415512465375,64.8144044321329,485.8164463157885,0.0
8194,62.563213296398885,73.62415512465375,64.8144044321329,480.8164463157885,0.0
8195,62.563213296398885,73.62415512465375,64.8144044321329,475.8164463157885,0.0
8196,62.563213296398885,73.62415512465375,64.8144044321329,481.2904757894727,0.0
8197,62.563213296398885,73.62415512465375,64.8144044321329,476.2904757894727,0.0
8198,62.563213296398885,73.62415512465375,64.8144044321329,471.2904757894727,0.0
8199,62.563213296398885,73.62415512465375,64.8144044321329,466.2904757894727,0.0
8200,62.563213296398885,73.62415512465375,59.18238227146807,461.2904757894727,0.0
8201,62.563213296398885,73.62415512465375,59.18238227146807,456.2904757894727,0.0
8202,62.563213296398885,66.54293628808864,59.18238227146807,451.2904757894727,0.0
8203,62.563213296398885,66.54293628808864,59.18238227146807,446.2904757894727,0.0
8204,62.563213296398885,66.54293628808864,59.18238227146807,441.2904757894727,0.0
8205,62.563213296398885,66.54293628808864,59.18238227146807,436.2904757894727,0.0
8206,62.563213296398885,66.54293628808864,59.18238227146807,431.2904757894727,0.0
8207,62.563213296398885,66.54293628808864,59.18238227146807,426.2904757894727,0.0
8208,62.563213296398885,66.54293628808864,59.18238227146807,428.87389473684107,0.0
8209,62.563213296398885,66.54293628808864,59.18238227146807,423.87389473684107,0.0
8210,62.563213296398885,66.54293628808864,59.18238227146807,440.4738947368411,0.0
8211,62.563213296398885,66.54293628808864,59.18238227146807,435.4738947368411,0.0
8212,62.563213296398885,66.54293628808864,59.18238227146807,430.4738947368411,0.0
8213,62.563213296398885,66.54293628808864,59.18238227146807,426.3971242105253,0.0
8214,62.563213296398885,66.54293628808864,59.18238227146807,421.3971242105253,0.0
8215,62.563213296398885,66.54293628808864,59.18238227146807,416.3971242105253,0.0
8216,62.563213296398885,66.54293628808864,59.18238227146807,411.3971242105253,0.0
8217,62.563213296398885,66.54293628808864,59.18238227146807,406.3971242105253,0.0
8218,62.563213296398885,66.54293628808864,59.18238227146807,401.3971242105253,0.0
8219,62.563213296398885,66.54293628808864,59.18238227146807,396.3971242105253,0.0
8220,62.563213296398885,66.54293628808864,59.18238227146807,402.63310315789374,0.0
8221,62.563213296398885,66.54293628808864,59.18238227146807,398.9117852631569,0.0
8222,62.563213296398885,66.54293628808864,59.18238227146807,393.9117852631569,0.0
8223,62.563213296398885,66.54293628808864,59.18238227146807,388.9117852631569,0.0
8224,62.563213296398885,66.54293628808864,59.18238227146807,383.9117852631569,0.0
8225,62.563213296398885,66.54293628808864,59.18238227146807,378.9117852631569,0.0
8226,62.563213296398885,66.54293628808864,48.420498614958376,373.9117852631569,0.0
8227,62.563213296398885,66.54293628808864,48.420498614958376,368.9117852631569,0.0
8228,62.563213296398885,66.54293628808864,48.420498614958376,372.66183157894636,0.0
8229,62.563213296398885,66.54293628808864,48.420498614958376,367.66183157894636,0.0
8230,62.563213296398885,66.54293628808864,48.420498614958376,362.75406736842007,0.0
8231,62.563213296398885,66.54293628808864,48.420498614958376,379.3540673684201,0.0
8232,62.563213296398885,66.54293628808864,48.420498614958376,374.3540673684201,0.0
8233,62.563213296398885,66.54293628808864,48.420498614958376,369.3540673684201,0.0
8234,62.563213296398885,66.54293628808864,48.420498614958376,385.9540673684201,0.0
8235,62.563213296398885,66.54293628808864,48.420498614958376,400.7696421052622,0.0
8236,62.563213296398885,66.54293628808864,48.420498614958376,408.92203368420957,0.0
8237,62.563213296398885,66.54293628808864,48.420498614958376,409.77131368420953,0.0
8238,62.563213296398885,66.54293628808864,48.420498614958376,404.77131368420953,0.0
8239,62.563213296398885,66.54293628808864,48.420498614958376,408.3354863157885,0.0
8240,62.563213296398885,66.54293628808864,48.420498614958376,410.7020715789464,0.0
8241,62.563213296398885,66.54293628808864,48.420498614958376,405.7020715789464,0.0
8242,62.563213296398885,66.54293628808864,48.420498614958376,400.7020715789464,0.0
8243,62.563213296398885,66.54293628808864,48.420498614958376,398.8239157894727,0.0
8244,62.563213296398885,66.54293628808864,48.420498614958376,393.8239157894727,0.0
8245,62.563213296398885,66.54293628808864,48.420498614958376,388.8239157894727,0.0
8246,62.563213296398885,66.54293628808864,48.420498614958376,383.8239157894727,0.0
8247,62.563213296398885,66.54293628808864,48.420498614958376,378.8239157894727,0.0
8248,62.563213296398885,66.54293628808864,48.420498614958376,373.8239157894727,0.0
8249,62.563213296398885,66.54293628808864,48.420498614958376,368.8239157894727,0.0
8250,62.563213296398885,66.54293628808864,48.420498614958376,363.8239157894727,0.0
8251,62.563213296398885,66.54293628808864,48.420498614958376,358.8239157894727,0.0
8252,62.563213296398885,66.54293628808864,48.420498614958376,353.8239157894727,0.0
8253,62.563213296398885,66.54293628808864,48.420498614958376,348.9578736842096,0.0
8254,62.563213296398885,66.54293628808864,48.420498614958376,343.9578736842096,0.0
8255,62.563213296398885,66.54293628808864,48.420498614958376,349.9393136842096,0.0
8256,62.563213296398885,66.54293628808864,48.420498614958376,366.5393136842096,0.0
8257,62.563213296398885,66.54293628808864,48.420498614958376,361.5393136842096,0.0
8258,62.563213296398885,66.54293628808864,48.420498614958376,358.47622736842015,0.0
8259,62.563213296398885,66.54293628808864,48.420498614958376,355.44614736842016,0.0
8260,62.563213296398885,66.54293628808864,48.420498614958376,363.35980210526225,0.0
8261,62.563213296398885,66.54293628808864,48.420498614958376,358.35980210526225,0.0
8262,62.563213296398885,66.54293628808864,48.420498614958376,353.35980210526225,0.0
8263,62.563213296398885,66.54293628808864,48.420498614958376,354.7258905263149,0.0
8264,62.563213296398885,66.54293628808864,48.420498614958376,349.7258905263149,0.0
8265,62.563213296398885,66.54293628808864,48.420498614958376,344.7258905263149,0.0
8266,62.563213296398885,66.54293628808864,48.420498614958376,344.6310231578939,0.0
8267,62.563213296398885,66.54293628808864,48.420498614958376,347.3612463157886,0.0
8268,62.563213296398885,66.54293628808864,48.420498614958376,342.3612463157886,0.0
8269,62.563213296398885,66.54293628808864,48.420498614958376,337.3612463157886,0.0
8270,62.563213296398885,66.54293628808864,48.420498614958376,332.3612463157886,0.0
8271,62.563213296398885,66.54293628808864,48.420498614958376,327.3612463157886,0.0
8272,62.563213296398885,66.54293628808864,48.420498614958376,322.3612463157886,0.0
8273,62.563213296398885,66.54293628808864,48.420498614958376,326.62082526315703,0.0
8274,62.563213296398885,66.54293628808864,48.420498614958376,321.62082526315703,0.0
8275,62.563213296398885,66.54293628808864,48.420498614958376,316.62082526315703,0.0
8276,62.563213296398885,66.54293628808864,48.420498614958376,311.62082526315703,0.0
8277,62.563213296398885,66.54293628808864,48.420498614958376,306.62082526315703,0.0
8278,62.563213296398885,66.54293628808864,48.420498614958376,301.62082526315703,0.0
8279,62.563213296398885,66.54293628808864,48.420498614958376,307.24336421052544,0.0
8280,62.563213296398885,66.54293628808864,48.420498614958376,313.3917305263149,0.0
8281,62.563213296398885,66.54293628808864,48.420498614958376,322.11167157894647,0.0
8282,62.563213296398885,66.54293628808864,48.420498614958376,333.3642315789465,0.0
8283,62.563213296398885,66.54293628808864,48.420498614958376,330.2223621052623,0.0
8284,62.563213296398885,66.54293628808864,48.420498614958376,346.8223621052623,0.0
8285,62.563213296398885,66.54293628808864,48.420498614958376,341.8223621052623,0.0
8286,62.563213296398885,66.54293628808864,48.420498614958376,336.8223621052623,0.0
8287,62.563213296398885,66.54293628808864,48.420498614958376,331.8223621052623,0.0
8288,62.563213296398885,66.54293628808864,48.420498614958376,326.8223621052623,0.0
8289,62.563213296398885,66.54293628808864,48.420498614958376,321.8223621052623,0.0
8290,62.563213296398885,66.54293628808864,48.420498614958376,316.8223621052623,0.0
8291,62.563213296398885,66.54293628808864,48.420498614958376,311.8223621052623,0.0
8292,62.563213296398885,66.54293628808864,48.420498614958376,310.463477894736,0.0
8293,62.563213296398885,66.54293628808864,48.420498614958376,305.463477894736,0.0
8294,62.563213296398885,66.54293628808864,48.420498614958376,300.463477894736,0.0
8295,62.563213296398885,66.54293628808864,48.420498614958376,295.463477894736,0.0
8296,62.563213296398885,66.54293628808864,48.420498614958376,290.463477894736,0.0
8297,62.563213296398885,66.54293628808864,40.135180055401584,285.463477894736,0.0
8298,62.563213296398885,65.31024930747921,40.135180055401584,280.463477894736,0.0
8299,62.563213296398885,65.31024930747921,40.135180055401584,275.463477894736,0.0
8300,62.563213296398885,65.31024930747921,40.135180055401584,281.47909894736756,0.0
8301,62.563213296398885,65.31024930747921,40.135180055401584,276.47909894736756,0.0
8302,62.563213296398885,65.31024930747921,40.135180055401584,271.47909894736756,0.0
8303,62.563213296398885,65.31024930747921,40.135180055401584,266.47909894736756,0.0
8304,62.563213296398885,65.31024930747921,40.135180055401584,262.57630315789385,0.0
8305,62.563213296398885,65.31024930747921,40.135180055401584,261.91600842105174,0.0
8306,62.563213296398885,65.31024930747921,40.135180055401584,263.84907789473596,0.0
8307,62.563213296398885,65.31024930747921,40.135180055401584,266.01341894736754,0.0
8308,62.563213296398885,65.31024930747921,40.135180055401584,264.7409726315781,0.0
8309,62.563213296398885,65.31024930747921,40.135180055401584,259.7409726315781,0.0
8310,62.563213296398885,65.31024930747921,40.135180055401584,254.7409726315781,0.0
8311,62.563213296398885,65.31024930747921,40.135180055401584,249.7409726315781,0.0
8312,62.563213296398885,65.31024930747921,40.135180055401584,244.7409726315781,0.0
8313,62.563213296398885,65.31024930747921,40.135180055401584,239.7409726315781,0.0
8314,62.563213296398885,65.31024930747921,40.135180055401584,234.7409726315781,0.0
8315,62.563213296398885,65.31024930747921,40.135180055401584,232.4050484210518,0.0
8316,62.563213296398885,65.31024930747921,40.135180055401584,232.70727999999917,0.0
8317,62.563213296398885,65.31024930747921,40.135180055401584,248.1620631578939,0.0
8318,62.563213296398885,65.31024930747921,40.135180055401584,243.1620631578939,0.0
8319,62.563213296398885,65.31024930747921,40.135180055401584,238.1620631578939,0.0
8320,62.563213296398885,65.31024930747921,40.135180055401584,233.1620631578939,0.0
8321,62.563213296398885,65.31024930747921,40.135180055401584,228.1620631578939,0.0
8322,62.563213296398885,65.31024930747921,40.135180055401584,223.1620631578939,0.0
8323,62.563213296398885,65.31024930747921,40.135180055401584,228.0087831578939,0.0
8324,62.563213296398885,65.31024930747921,40.135180055401584,224.4288884210518,0.0
8325,62.563213296398885,65.31024930747921,40.135180055401584,219.4288884210518,0.0
8326,62.563213296398885,65.31024930747921,40.135180055401584,214.4288884210518,0.0
8327,62.563213296398885,65.31024930747921,40.135180055401584,221.97352421052548,0.0
8328,62.563213296398885,65.31024930747921,40.135180055401584,232.32813052631496,0.0
8329,62.563213296398885,65.31024930747921,40.135180055401584,248.84529263157813,0.0
8330,62.563213296398885,65.31024930747921,40.135180055401584,265.4452926315781,0.0
8331,62.563213296398885,65.31024930747921,40.135180055401584,280.77047578947287,0.0
8332,62.563213296398885,65.31024930747921,40.135180055401584,278.3819157894729,0.0
8333,62.563213296398885,65.31024930747921,40.135180055401584,283.09755789473604,0.0
8334,62.563213296398885,65.31024930747921,40.135180055401584,296.49768842105186,0.0
8335,62.563213296398885,65.31024930747921,40.135180055401584,291.49768842105186,0.0
8336,62.563213296398885,65.31024930747921,40.135180055401584,286.49768842105186,0.0
8337,62.563213296398885,65.31024930747921,40.135180055401584,281.49768842105186,0.0
8338,62.563213296398885,65.31024930747921,40.135180055401584,276.49768842105186,0.0
8339,62.563213296398885,65.31024930747921,40.135180055401584,271.49768842105186,0.0
8340,62.563213296398885,65.31024930747921,40.135180055401584,266.49768842105186,0.0
8341,62.563213296398885,65.31024930747921,40.135180055401584,261.49768842105186,0.0
8342,62.563213296398885,65.31024930747921,40.135180055401584,256.49768842105186,0.0
8343,62.563213296398885,65.31024930747921,40.135180055401584,251.49768842105186,0.0
8344,62.563213296398885,65.31024930747921,40.135180055401584,246.49768842105186,0.0
8345,62.563213296398885,65.31024930747921,39.89379501385032,241.49768842105186,0.0
8346,62.563213296398885,65.31024930747921,39.89379501385032,236.49768842105186,0.0
8347,62.563213296398885,65.31024930747921,39.89379501385032,231.49768842105186,0.0
8348,62.563213296398885,65.31024930747921,39.89379501385032,226.49768842105186,0.0
8349,62.563213296398885,65.31024930747921,39.89379501385032,221.49768842105186,0.0
8350,62.563213296398885,65.31024930747921,39.89379501385032,216.49768842105186,0.0
8351,62.563213296398885,65.31024930747921,39.89379501385032,211.49768842105186,0.0
8352,62.563213296398885,65.31024930747921,39.89379501385032,220.80026105263082,0.0
8353,62.563213296398885,65.31024930747921,39.89379501385032,218.50514947368345,0.0
8354,62.563213296398885,65.31024930747921,39.89379501385032,218.42021052631503,0.0
8355,62.563213296398885,65.31024930747921,39.89379501385032,235.02021052631503,0.0
8356,62.563213296398885,65.31024930747921,39.89379501385032,249.3581978947361,0.0
8357,62.563213296398885,65.31024930747921,39.89379501385032,252.46103999999926,0.0
8358,62.563213296398885,65.31024930747921,39.89379501385032,247.46103999999926,0.0
8359,62.563213296398885,65.31024930747921,39.89379501385032,242.46103999999926,0.0
8360,62.563213296398885,65.31024930747921,39.89379501385032,237.46103999999926,0.0
8361,62.563213296398885,65.31024930747921,39.89379501385032,232.46103999999926,0.0
8362,62.563213296398885,65.31024930747921,39.89379501385032,236.58215157894662,0.0
8363,62.563213296398885,65.31024930747921,39.89379501385032,231.58215157894662,0.0
8364,62.563213296398885,65.31024930747921,39.89379501385032,226.58215157894662,0.0
8365,62.563213296398885,65.31024930747921,39.89379501385032,240.8677684210519,0.0
8366,62.563213296398885,65.31024930747921,39.89379501385032,252.8865978947361,0.0
8367,62.563213296398885,65.31024930747921,39.89379501385032,247.8865978947361,0.0
8368,62.563213296398885,65.31024930747921,39.89379501385032,242.8865978947361,0.0
8369,62.563213296398885,65.31024930747921,39.89379501385032,237.8865978947361,0.0
8370,45.96349030470913,65.31024930747921,35.72132963988911,232.8865978947361,0.0
8371,45.96349030470913,65.31024930747921,35.72132963988911,227.8865978947361,0.0
8372,45.96349030470913,65.31024930747921,35.72132963988911,222.8865978947361,0.0
8373,45.96349030470913,65.31024930747921,35.72132963988911,217.8865978947361,0.0
8374,45.96349030470913,65.31024930747921,35.72132963988911,234.4865978947361,0.0
8375,45.96349030470913,65.31024930747921,35.72132963988911,239.80139368420976,0.0
8376,45.96349030470913,65.31024930747921,35.72132963988911,248.75192421052554,0.0
8377,45.96349030470913,65.31024930747921,35.72132963988911,260.7180042105255,0.0
8378,45.96349030470913,65.31024930747921,35.72132963988911,277.31800421052554,0.0
8379,45.96349030470913,65.31024930747921,35.72132963988911,278.4806357894729,0.0
8380,45.96349030470913,65.31024930747921,35.72132963988911,291.0539789473676,0.0
8381,45.96349030470913,65.31024930747921,35.72132963988911,286.0539789473676,0.0
8382,45.96349030470913,65.31024930747921,35.72132963988911,281.62130105263077,0.0
8383,45.96349030470913,65.31024930747921,35.72132963988911,288.5131999999992,0.0
8384,45.96349030470913,65.31024930747921,35.72132963988911,283.5131999999992,0.0
8385,45.96349030470913,65.31024930747921,35.72132963988911,278.5131999999992,0.0
8386,45.96349030470913,65.31024930747921,35.72132963988911,273.5131999999992,0.0
8387,45.96349030470913,65.31024930747921,35.72132963988911,272.9670063157887,0.0
8388,45.96349030470913,65.31024930747921,35.72132963988911,267.9670063157887,0.0
8389,45.96349030470913,65.31024930747921,35.72132963988911,262.9670063157887,0.0
8390,45.96349030470913,65.31024930747921,35.72132963988911,258.75123789473605,0.0
8391,45.96349030470913,65.31024930747921,35.72132963988911,253.75123789473608,0.0
8392,45.96349030470913,65.31024930747921,35.72132963988911,248.75123789473608,0.0
8393,45.96349030470913,65.31024930747921,35.72132963988911,243.75123789473608,0.0
8394,45.96349030470913,65.31024930747921,35.72132963988911,238.75123789473608,0.0
8395,45.96349030470913,65.31024930747921,35.72132963988911,233.75123789473608,0.0
8396,45.96349030470913,65.31024930747921,35.72132963988911,228.75123789473608,0.0
8397,45.96349030470913,65.31024930747921,35.72132963988911,223.75123789473608,0.0
8398,45.96349030470913,65.31024930747921,35.72132963988911,223.47871999999924,0.0
8399,45.96349030470913,65.31024930747921,35.72132963988911,240.07871999999924,0.0
8400,45.96349030470913,65.31024930747921,35.72132963988911,236.50841263157818,0.0
8401,45.96349030470913,65.31024930747921,35.72132963988911,235.48906526315713,0.0
8402,45.96349030470913,65.31024930747921,35.72132963988911,251.21411368420976,0.0
8403,45.96349030470913,65.31024930747921,35.72132963988911,267.81411368420976,0.0
8404,45.96349030470913,65.31024930747921,35.72132963988911,265.89548631578873,0.0
8405,45.96349030470913,65.31024930747921,35.72132963988911,260.89548631578873,0.0
8406,45.96349030470913,65.31024930747921,35.72132963988911,255.89548631578876,0.0
8407,45.96349030470913,65.31024930747921,35.72132963988911,250.89548631578876,0.0
8408,45.96349030470913,65.31024930747921,35.72132963988911,245.89548631578876,0.0
8409,45.96349030470913,65.31024930747921,35.72132963988911,240.89548631578876,0.0
8410,45.96349030470913,65.31024930747921,35.72132963988911,235.89548631578876,0.0
8411,45.96349030470913,65.31024930747921,35.72132963988911,230.89548631578876,0.0
8412,45.96349030470913,65.31024930747921,35.72132963988911,240.28972631578878,0.0
8413,45.96349030470913,65.31024930747921,35.72132963988911,236.01374315789403,0.0
8414,45.96349030470913,65.31024930747921,35.72132963988911,231.01374315789403,0.0
8415,45.96349030470913,65.31024930747921,35.72132963988911,226.01374315789403,0.0
8416,45.96349030470913,65.31024930747921,35.72132963988911,221.01374315789403,0.0
8417,45.96349030470913,65.31024930747921,35.72132963988911,216.01374315789403,0.0
8418,45.96349030470913,65.31024930747921,35.72132963988911,211.01374315789403,0.0
8419,45.96349030470913,65.31024930747921,35.72132963988911,206.01374315789403,0.0
8420,45.96349030470913,65.31024930747921,35.72132963988911,201.01374315789403,0.0
8421,45.96349030470913,65.31024930747921,35.72132963988911,202.2084336842098,0.0
8422,45.96349030470913,65.31024930747921,35.72132963988911,218.8084336842098,0.0
8423,45.96349030470913,65.31024930747921,35.72132963988911,228.74282526315716,0.0
8424,45.96349030470913,65.31024930747921,35.72132963988911,245.34282526315715,0.0
8425,45.96349030470913,65.31024930747921,35.72132963988911,261.94282526315715,0.0
8426,45.96349030470913,65.31024930747921,35.72132963988911,268.58435368420976,0.0
8427,45.96349030470913,65.31024930747921,35.72132963988911,275.832690526315,0.0
8428,45.96349030470913,65.31024930747921,35.72132963988911,280.8064336842097,0.0
8429,45.96349030470913,65.31024930747921,35.72132963988911,297.40643368420973,0.0
8430,45.96349030470913,65.31024930747921,35.72132963988911,292.40643368420973,0.0
8431,45.96349030470913,65.31024930747921,35.72132963988911,291.44889263157813,0.0
8432,45.96349030470913,65.31024930747921,35.72132963988911,308.04889263157816,0.0
8433,45.96349030470913,65.31024930747921,35.72132963988911,303.04889263157816,0.0
8434,45.96349030470913,65.31024930747921,35.72132963988911,298.04889263157816,0.0
8435,45.96349030470913,65.31024930747921,35.72132963988911,297.8481094736834,0.0
8436,45.96349030470913,65.31024930747921,35.72132963988911,299.913090526315,0.0
8437,45.96349030470913,65.31024930747921,35.72132963988911,302.20597052631496,0.0
8438,45.96349030470913,65.31024930747921,35.72132963988911,318.805970526315,0.0
8439,45.96349030470913,65.31024930747921,35.72132963988911,313.805970526315,0.0
8440,45.96349030470913,65.31024930747921,35.72132963988911,308.805970526315,0.0
8441,45.96349030470913,65.31024930747921,35.72132963988911,303.805970526315,0.0
8442,45.96349030470913,65.31024930747921,35.72132963988911,298.805970526315,0.0
8443,45.96349030470913,65.31024930747921,35.72132963988911,293.805970526315,0.0
8444,45.96349030470913,65.31024930747921,35.72132963988911,288.805970526315,0.0
8445,45.96349030470913,65.31024930747921,35.72132963988911,293.4259284210518,0.0
8446,45.96349030470913,65.31024930747921,35.72132963988911,310.02592842105184,0.0
8447,45.96349030470913,65.31024930747921,35.72132963988911,323.1412799999992,0.0
8448,45.96349030470913,65.31024930747921,35.72132963988911,339.7412799999992,0.0
8449,45.96349030470913,65.31024930747921,35.72132963988911,345.3938694736834,0.0
8450,45.96349030470913,65.31024930747921,35.72132963988911,361.99386947368345,0.0
8451,45.96349030470913,65.31024930747921,35.72132963988911,378.59386947368347,0.0
8452,45.96349030470913,65.31024930747921,35.72132963988911,395.1938694736835,0.0
8453,45.96349030470913,65.31024930747921,35.72132963988911,411.7938694736835,0.0
8454,45.96349030470913,65.31024930747921,35.72132963988911,415.40078736842037,0.0
8455,45.96349030470913,65.31024930747921,35.72132963988911,416.06597473684144,0.0
8456,45.96349030470913,65.31024930747921,35.72132963988911,411.06597473684144,0.0
8457,45.96349030470913,65.31024930747921,35.72132963988911,411.69421473684145,0.0
8458,45.96349030470913,65.31024930747921,35.72132963988911,411.48062315789406,0.0
8459,45.96349030470913,65.31024930747921,35.72132963988911,406.48062315789406,0.0
8460,45.96349030470913,65.31024930747921,35.72132963988911,414.91282947368353,0.0
8461,45.96349030470913,65.31024930747921,35.72132963988911,421.04516631578883,0.0
8462,45.96349030470913,65.31024930747921,35.72132963988911,416.04516631578883,0.0
8463,45.96349030470913,65.31024930747921,35.72132963988911,411.04516631578883,0.0
8464,45.96349030470913,65.31024930747921,35.72132963988911,406.04516631578883,0.0
8465,45.96349030470913,65.31024930747921,35.72132963988911,401.04516631578883,0.0
8466,45.96349030470913,65.31024930747921,35.72132963988911,396.04516631578883,0.0
8467,45.96349030470913,65.31024930747921,35.72132963988911,391.04516631578883,0.0
8468,45.96349030470913,65.31024930747921,35.72132963988911,393.97911157894674,0.0
8469,45.96349030470913,65.31024930747921,35.72132963988911,400.5961221052625,0.0
8470,45.96349030470913,65.31024930747921,35.72132963988911,408.5108378947362,0.0
8471,45.96349030470913,65.31024930747921,35.72132963988911,408.37652210526255,0.0
8472,45.96349030470913,65.31024930747921,35.72132963988911,424.9765221052626,0.0
8473,45.96349030470913,65.31024930747921,35.72132963988911,441.5765221052626,0.0
8474,45.96349030470913,65.31024930747921,35.72132963988911,458.1765221052626,0.0
8475,45.96349030470913,65.31024930747921,35.72132963988911,467.45442526315736,0.0
8476,45.96349030470913,65.31024930747921,35.72132963988911,473.7011284210521,0.0
8477,45.96349030470913,65.31024930747921,35.72132963988911,472.6136842105258,0.0
8478,45.96349030470913,65.31024930747921,35.72132963988911,489.2136842105258,0.0
8479,45.96349030470913,65.31024930747921,35.72132963988911,489.43823157894684,0.0
8480,45.96349030470913,65.31024930747921,35.72132963988911,484.43823157894684,0.0
8481,45.96349030470913,65.31024930747921,35.72132963988911,497.87284631578893,0.0
8482,45.96349030470913,65.31024930747921,35.72132963988911,492.87284631578893,0.0
8483,45.96349030470913,65.31024930747921,35.72132963988911,487.87284631578893,0.0
8484,45.96349030470913,65.31024930747921,35.72132963988911,504.47284631578896,0.0
8485,45.96349030470913,65.31024930747921,35.72132963988911,512.6551368421048,0.0
8486,45.96349030470913,65.31024930747921,35.72132963988911,529.2551368421048,0.0
8487,45.96349030470913,65.31024930747921,35.72132963988911,527.7667284210521,0.0
8488,45.96349030470913,65.31024930747921,35.72132963988911,522.7667284210521,0.0
8489,45.96349030470913,65.31024930747921,35.72132963988911,517.7667284210521,0.0
8490,45.96349030470913,65.31024930747921,35.72132963988911,517.0339031578942,0.0
8491,45.96349030470913,65.31024930747921,35.72132963988911,512.0339031578942,0.0
8492,45.96349030470913,65.31024930747921,35.72132963988911,507.0339031578942,0.0
8493,45.96349030470913,65.31024930747921,35.72132963988911,511.1320126315784,0.0
8494,45.96349030470913,65.31024930747921,35.72132963988911,516.0172336842099,0.0
8495,45.96349030470913,65.31024930747921,35.72132963988911,512.5687957894731,0.0
8496,45.96349030470913,65.31024930747921,35.72132963988911,511.5009052631574,0.0
8497,45.96349030470913,65.31024930747921,35.72132963988911,528.1009052631574,0.0
8498,45.96349030470913,65.31024930747921,35.72132963988911,544.7009052631574,0.0
8499,45.96349030470913,65.31024930747921,35.72132963988911,561.3009052631575,0.0
8500,45.96349030470913,65.31024930747921,35.72132963988911,577.9009052631575,0.0
8501,45.96349030470913,65.31024930747921,35.72132963988911,592.0269094736838,0.0
8502,45.96349030470913,65.31024930747921,35.72132963988911,592.8141936842101,0.0
8503,45.96349030470913,65.31024930747921,35.72132963988911,587.8141936842101,0.0
8504,45.96349030470913,65.31024930747921,35.72132963988911,582.8141936842101,0.0
8505,45.96349030470913,65.31024930747921,35.72132963988911,577.8141936842101,0.0
8506,45.96349030470913,65.31024930747921,35.72132963988911,573.4141810526311,0.0
8507,45.96349030470913,65.31024930747921,35.72132963988911,568.4141810526311,0.0
8508,45.96349030470913,65.31024930747921,35.72132963988911,563.4141810526311,0.0
8509,45.96349030470913,65.31024930747921,35.72132963988911,558.4141810526311,0.0
8510,45.96349030470913,65.31024930747921,35.72132963988911,561.338501052631,0.0
8511,45.96349030470913,65.31024930747921,35.72132963988911,556.338501052631,0.0
8512,45.96349030470913,65.31024930747921,35.72132963988911,551.338501052631,0.0
8513,45.96349030470913,65.31024930747921,35.72132963988911,548.5625431578942,0.0
8514,45.96349030470913,65.31024930747921,35.72132963988911,546.5151115789469,0.0
8515,45.96349030470913,65.31024930747921,35.72132963988911,541.5151115789469,0.0
8516,45.96349030470913,65.31024930747921,35.72132963988911,536.5151115789469,0.0
8517,45.96349030470913,65.31024930747921,35.72132963988911,536.1259915789468,0.0
8518,45.96349030470913,65.31024930747921,35.72132963988911,536.742901052631,0.0
8519,45.96349030470913,65.31024930747921,35.72132963988911,531.742901052631,0.0
8520,45.96349030470913,65.31024930747921,35.72132963988911,527.1950231578942,0.0
8521,45.96349030470913,65.31024930747921,35.72132963988911,525.4862189473679,0.0
8522,45.96349030470913,65.31024930747921,35.72132963988911,540.9511957894731,0.0
8523,45.96349030470913,65.31024930747921,35.72132963988911,556.5068547368415,0.0
8524,45.96349030470913,65.31024930747921,35.72132963988911,569.2677389473679,0.0
8525,45.96349030470913,65.31024930747921,35.72132963988911,574.5927663157889,0.0
8526,45.96349030470913,65.31024930747921,35.72132963988911,569.5927663157889,0.0
8527,45.96349030470913,65.31024930747921,35.72132963988911,576.243578947368,0.0
8528,45.96349030470913,65.31024930747921,35.72132963988911,577.2202610526311,0.0
8529,45.96349030470913,61.35096952908586,35.72132963988911,572.2202610526311,0.0
8530,45.96349030470913,61.35096952908586,35.72132963988911,567.2202610526311,0.0
8531,45.96349030470913,61.35096952908586,35.72132963988911,562.2202610526311,0.0
8532,45.96349030470913,61.35096952908586,35.72132963988911,557.2202610526311,0.0
8533,45.96349030470913,61.35096952908586,35.72132963988911,555.9528168421048,0.0
8534,45.96349030470913,61.35096952908586,35.72132963988911,550.9528168421048,0.0
8535,45.96349030470913,61.35096952908586,35.72132963988911,545.9528168421048,0.0
8536,45.96349030470913,61.35096952908586,35.72132963988911,540.9528168421048,0.0
8537,45.96349030470913,61.35096952908586,35.72132963988911,535.9528168421048,0.0
8538,45.96349030470913,61.35096952908586,35.72132963988911,530.9528168421048,0.0
8539,45.96349030470913,61.35096952908586,35.72132963988911,525.9528168421048,0.0
8540,45.96349030470913,61.35096952908586,35.72132963988911,520.9528168421048,0.0
8541,45.96349030470913,61.35096952908586,35.72132963988911,517.2100505263153,0.0
8542,45.96349030470913,61.35096952908586,35.72132963988911,532.7439578947364,0.0
8543,45.96349030470913,61.35096952908586,35.72132963988911,527.7439578947364,0.0
8544,45.96349030470913,61.35096952908586,35.72132963988911,524.2510694736837,0.0
8545,45.96349030470913,61.35096952908586,35.72132963988911,540.8510694736838,0.0
8546,45.96349030470913,61.35096952908586,35.72132963988911,557.4510694736838,0.0
8547,45.96349030470913,61.35096952908586,35.72132963988911,574.0510694736838,0.0
8548,45.96349030470913,61.35096952908586,35.72132963988911,575.0207410526311,0.0
8549,45.96349030470913,61.35096952908586,35.72132963988911,570.0207410526311,0.0
8550,45.96349030470913,61.35096952908586,35.72132963988911,586.227166315789,0.0
8551,45.96349030470913,61.35096952908586,35.72132963988911,581.227166315789,0.0
8552,45.96349030470913,61.35096952908586,35.72132963988911,576.227166315789,0.0
8553,45.96349030470913,61.35096952908586,35.72132963988911,571.227166315789,0.0
8554,45.96349030470913,61.35096952908586,35.72132963988911,566.227166315789,0.0
8555,45.96349030470913,61.35096952908586,35.72132963988911,563.2030357894731,0.0
8556,45.96349030470913,61.35096952908586,35.72132963988911,558.2030357894731,0.0
8557,45.96349030470913,61.35096952908586,35.72132963988911,561.7482231578941,0.0
8558,45.96349030470913,61.35096952908586,35.72132963988911,559.712501052631,0.0
8559,45.96349030470913,61.35096952908586,35.72132963988911,554.712501052631,0.0
8560,45.96349030470913,61.35096952908586,35.72132963988911,549.712501052631,0.0
8561,45.96349030470913,61.35096952908586,35.72132963988911,544.712501052631,0.0
8562,45.96349030470913,61.35096952908586,35.72132963988911,539.712501052631,0.0
8563,45.96349030470913,61.35096952908586,35.72132963988911,534.712501052631,0.0
8564,45.96349030470913,61.35096952908586,35.72132963988911,529.712501052631,0.0
8565,45.96349030470913,61.35096952908586,35.72132963988911,524.712501052631,0.0
8566,45.96349030470913,61.35096952908586,35.72132963988911,525.0370905263152,0.0
8567,45.96349030470913,61.35096952908586,35.72132963988911,535.4286821052625,0.0
8568,45.96349030470913,61.35096952908586,35.72132963988911,552.0286821052625,0.0
8569,45.96349030470913,61.35096952908586,35.72132963988911,550.3818736842098,0.0
8570,45.96349030470913,61.35096952908586,35.72132963988911,566.9818736842099,0.0
8571,45.96349030470913,61.35096952908586,35.72132963988911,568.153675789473,0.0
8572,45.96349030470913,61.35096952908586,35.72132963988911,584.4461599999994,0.0
8573,45.96349030470913,61.35096952908586,35.72132963988911,579.4461599999994,0.0
8574,45.96349030470913,61.35096952908586,35.72132963988911,574.4461599999994,0.0
8575,45.96349030470913,61.35096952908586,35.72132963988911,569.4461599999994,0.0
8576,45.96349030470913,61.35096952908586,35.72132963988911,564.4461599999994,0.0
8577,45.96349030470913,61.35096952908586,35.72132963988911,559.4461599999994,0.0
8578,45.96349030470913,61.35096952908586,35.72132963988911,554.4461599999994,0.0
8579,45.96349030470913,61.35096952908586,35.72132963988911,549.4461599999994,0.0
8580,45.96349030470913,61.35096952908586,35.72132963988911,547.7753642105257,0.0
8581,45.96349030470913,61.35096952908586,35.72132963988911,542.7753642105257,0.0
8582,45.96349030470913,61.35096952908586,35.72132963988911,537.7753642105257,0.0
8583,45.96349030470913,61.35096952908586,35.72132963988911,532.7753642105257,0.0
8584,45.96349030470913,61.35096952908586,35.72132963988911,527.7753642105257,0.0
8585,45.96349030470913,61.35096952908586,35.72132963988911,522.7753642105257,0.0
8586,45.96349030470913,61.35096952908586,35.72132963988911,517.7753642105257,0.0
8587,45.96349030470913,61.35096952908586,35.72132963988911,512.7753642105257,0.0
8588,45.96349030470913,61.35096952908586,35.72132963988911,507.7753642105257,0.0
8589,45.96349030470913,61.35096952908586,35.72132963988911,502.7753642105257,0.0
8590,45.96349030470913,61.35096952908586,35.72132963988911,497.7753642105257,0.0
8591,45.96349030470913,61.35096952908586,35.72132963988911,501.71996210526254,0.0
8592,45.96349030470913,61.35096952908586,35.72132963988911,496.71996210526254,0.0
8593,45.96349030470913,61.35096952908586,35.72132963988911,507.51774736842043,0.0
8594,45.96349030470913,61.35096952908586,35.72132963988911,521.5285136842099,0.0
8595,45.96349030470913,61.35096952908586,35.72132963988911,538.1285136842099,0.0
8596,45.96349030470913,61.35096952908586,35.72132963988911,535.8942989473678,0.0
8597,45.96349030470913,61.35096952908586,35.72132963988911,530.8942989473678,0.0
8598,45.96349030470913,61.35096952908586,35.72132963988911,525.8942989473678,0.0
8599,45.96349030470913,61.35096952908586,35.72132963988911,520.8942989473678,0.0
8600,45.96349030470913,61.35096952908586,35.72132963988911,515.8942989473678,0.0
8601,45.96349030470913,61.35096952908586,35.72132963988911,510.8942989473678,0.0
8602,45.96349030470913,61.35096952908586,35.72132963988911,506.26979789473626,0.0
8603,45.96349030470913,61.35096952908586,35.72132963988911,515.6911705263152,0.0
8604,45.96349030470913,61.35096952908586,35.72132963988911,513.4009094736837,0.0
8605,45.96349030470913,61.35096952908586,35.72132963988911,515.2972589473679,0.0
8606,45.96349030470913,61.35096952908586,35.72132963988911,510.297258947368,0.0
8607,45.96349030470913,61.35096952908586,35.72132963988911,505.297258947368,0.0
8608,45.96349030470913,61.35096952908586,35.72132963988911,500.297258947368,0.0
8609,45.96349030470913,61.35096952908586,35.72132963988911,495.297258947368,0.0
8610,45.96349030470913,61.35096952908586,35.72132963988911,490.297258947368,0.0
8611,45.96349030470913,61.35096952908586,35.72132963988911,485.297258947368,0.0
8612,45.96349030470913,61.35096952908586,35.72132963988911,481.4549810526311,0.0
8613,45.96349030470913,61.35096952908586,35.72132963988911,478.23834526315744,0.0
8614,45.96349030470913,61.35096952908586,35.72132963988911,479.91698947368377,0.0
8615,45.96349030470913,61.35096952908586,35.72132963988911,492.0467368421048,0.0
8616,45.96349030470913,61.35096952908586,35.72132963988911,503.90762105263116,0.0
8617,45.96349030470913,61.35096952908586,35.72132963988911,504.3167157894733,0.0
8618,45.96349030470913,61.35096952908586,35.72132963988911,520.9167157894733,0.0
8619,45.96349030470913,61.35096952908586,35.72132963988911,537.5167157894733,0.0
8620,45.96349030470913,61.35096952908586,35.72132963988911,554.1167157894733,0.0
8621,45.96349030470913,61.35096952908586,35.72132963988911,567.5187410526312,0.0
8622,45.96349030470913,61.35096952908586,35.72132963988911,567.3740799999996,0.0
8623,45.96349030470913,61.35096952908586,35.72132963988911,562.3740799999996,0.0
8624,45.96349030470913,61.35096952908586,35.72132963988911,557.3740799999996,0.0
8625,45.96349030470913,61.35096952908586,35.72132963988911,567.7259578947364,0.0
8626,45.96349030470913,61.35096952908586,35.72132963988911,577.2083031578943,0.0
8627,45.96349030470913,61.35096952908586,35.72132963988911,593.0339242105259,0.0
8628,45.96349030470913,61.35096952908586,35.72132963988911,588.0339242105259,0.0
8629,45.96349030470913,61.35096952908586,35.72132963988911,583.0339242105259,0.0
8630,45.96349030470913,61.35096952908586,35.72132963988911,578.0339242105259,0.0
8631,45.96349030470913,61.35096952908586,35.72132963988911,574.7571873684207,0.0
8632,45.96349030470913,61.35096952908586,35.72132963988911,569.7571873684207,0.0
8633,45.96349030470913,61.35096952908586,35.72132963988911,564.7571873684207,0.0
8634,45.96349030470913,61.35096952908586,35.72132963988911,559.7571873684207,0.0
8635,45.96349030470913,61.35096952908586,35.72132963988911,554.7571873684207,0.0
8636,45.96349030470913,61.35096952908586,35.72132963988911,549.7571873684207,0.0
8637,45.96349030470913,61.35096952908586,35.72132963988911,544.7571873684207,0.0
8638,45.96349030470913,61.35096952908586,35.72132963988911,543.8804378947365,0.0
8639,45.96349030470913,61.35096952908586,35.72132963988911,560.4804378947365,0.0
8640,45.96349030470913,61.35096952908586,35.72132963988911,555.5142399999996,0.0
8641,45.96349030470913,61.35096952908586,35.72132963988911,571.3516084210522,0.0
8642,45.96349030470913,61.35096952908586,35.72132963988911,571.8929936842101,0.0
8643,45.96349030470913,61.35096952908586,35.72132963988911,572.8820673684206,0.0
8644,45.96349030470913,61.35096952908586,35.72132963988911,585.9423957894733,0.0
8645,45.96349030470913,61.35096952908586,35.72132963988911,580.9423957894733,0.0
8646,45.96349030470913,61.35096952908586,35.72132963988911,575.9423957894733,0.0
8647,45.96349030470913,61.35096952908586,35.72132963988911,570.9423957894733,0.0
8648,45.96349030470913,61.35096952908586,35.72132963988911,565.9423957894733,0.0
8649,45.96349030470913,61.35096952908586,35.72132963988911,560.9423957894733,0.0
8650,45.96349030470913,61.35096952908586,35.72132963988911,555.9423957894733,0.0
8651,45.96349030470913,61.35096952908586,35.72132963988911,550.9423957894733,0.0
8652,45.96349030470913,61.35096952908586,35.72132963988911,545.9423957894733,0.0
8653,45.96349030470913,61.35096952908586,35.72132963988911,561.0944378947364,0.0
8654,45.96349030470913,61.35096952908586,35.72132963988911,556.0944378947364,0.0
8655,45.96349030470913,61.35096952908586,35.72132963988911,551.0944378947364,0.0
8656,45.96349030470913,61.35096952908586,35.72132963988911,546.0944378947364,0.0
8657,45.96349030470913,61.35096952908586,35.72132963988911,541.0944378947364,0.0
8658,45.96349030470913,61.35096952908586,35.72132963988911,536.0944378947364,0.0
8659,45.96349030470913,61.35096952908586,35.72132963988911,531.0944378947364,0.0
8660,45.96349030470913,61.35096952908586,35.72132963988911,526.0944378947364,0.0
8661,45.96349030470913,61.35096952908586,35.72132963988911,521.0944378947364,0.0
8662,45.96349030470913,61.35096952908586,35.72132963988911,517.5430399999996,0.0
8663,45.96349030470913,61.35096952908586,35.72132963988911,512.5430399999996,0.0
8664,45.96349030470913,61.35096952908586,35.72132963988911,507.5430399999996,0.0
8665,45.96349030470913,61.35096952908586,35.72132963988911,502.5430399999996,0.0
8666,45.96349030470913,61.35096952908586,35.72132963988911,517.2348884210522,0.0
8667,45.96349030470913,61.35096952908586,35.72132963988911,529.0160042105259,0.0
8668,45.96349030470913,61.35096952908586,35.72132963988911,538.7081726315786,0.0
8669,45.96349030470913,61.35096952908586,35.72132963988911,545.0287326315786,0.0
8670,45.96349030470913,58.61324099722991,35.72132963988911,540.0287326315786,0.0
8671,45.96349030470913,58.61324099722991,35.72132963988911,535.0287326315786,0.0
8672,45.96349030470913,58.61324099722991,35.72132963988911,530.0287326315786,0.0
8673,45.96349030470913,58.61324099722991,35.72132963988911,525.0287326315786,0.0
8674,45.96349030470913,58.61324099722991,35.72132963988911,520.0287326315786,0.0
8675,45.96349030470913,58.61324099722991,35.72132963988911,515.0287326315786,0.0
8676,45.96349030470913,58.61324099722991,35.72132963988911,510.0287326315786,0.0
8677,45.96349030470913,58.61324099722991,35.72132963988911,508.762311578947,0.0
8678,45.96349030470913,58.61324099722991,35.72132963988911,503.762311578947,0.0
8679,45.96349030470913,58.61324099722991,35.72132963988911,498.762311578947,0.0
8680,45.96349030470913,58.61324099722991,35.72132963988911,493.762311578947,0.0
8681,45.96349030470913,58.61324099722991,35.72132963988911,488.762311578947,0.0
8682,45.96349030470913,58.61324099722991,35.72132963988911,483.762311578947,0.0
8683,45.96349030470913,58.61324099722991,35.72132963988911,483.09352842105227,0.0
8684,45.96349030470913,58.61324099722991,35.72132963988911,489.17258526315754,0.0
8685,45.96349030470913,58.61324099722991,35.72132963988911,499.0438821052628,0.0
8686,45.96349030470913,58.61324099722991,35.72132963988911,494.0438821052628,0.0
8687,45.96349030470913,58.61324099722991,35.72132963988911,497.16525473684175,0.0
8688,45.96349030470913,58.61324099722991,35.72132963988911,503.0449473684207,0.0
8689,45.96349030470913,58.61324099722991,35.72132963988911,498.0449473684207,0.0
8690,45.96349030470913,58.61324099722991,35.72132963988911,495.4197726315786,0.0
8691,45.96349030470913,58.61324099722991,35.72132963988911,493.3974652631575,0.0
8692,45.96349030470913,58.61324099722991,35.72132963988911,489.3031873684207,0.0
8693,45.96349030470913,58.61324099722991,35.72132963988911,492.49637052631545,0.0
8694,45.96349030470913,58.61324099722991,35.72132963988911,503.457444210526,0.0
8695,45.96349030470913,58.61324099722991,35.72132963988911,498.457444210526,0.0
8696,45.96349030470913,58.61324099722991,35.72132963988911,493.457444210526,0.0
8697,45.96349030470913,58.61324099722991,35.72132963988911,510.057444210526,0.0
8698,45.96349030470913,58.61324099722991,35.72132963988911,505.057444210526,0.0
8699,45.96349030470913,58.61324099722991,35.72132963988911,500.057444210526,0.0
8700,45.96349030470913,58.61324099722991,35.72132963988911,495.057444210526,0.0
8701,45.96349030470913,58.61324099722991,35.72132963988911,506.5419957894734,0.0
8702,45.96349030470913,58.61324099722991,35.72132963988911,501.5419957894734,0.0
8703,45.96349030470913,58.61324099722991,35.72132963988911,496.5419957894734,0.0
8704,45.96349030470913,58.61324099722991,35.72132963988911,491.5419957894734,0.0
8705,45.96349030470913,58.61324099722991,35.72132963988911,486.5419957894734,0.0
8706,45.96349030470913,58.61324099722991,35.72132963988911,481.5419957894734,0.0
8707,45.96349030470913,58.61324099722991,35.72132963988911,476.5419957894734,0.0
8708,45.96349030470913,58.61324099722991,35.72132963988911,471.5419957894734,0.0
8709,45.96349030470913,58.61324099722991,35.72132963988911,466.5419957894734,0.0
8710,45.96349030470913,58.61324099722991,35.72132963988911,467.5256505263155,0.0
8711,45.96349030470913,58.61324099722991,35.72132963988911,462.5256505263155,0.0
8712,45.96349030470913,58.61324099722991,35.72132963988911,479.1256505263155,0.0
8713,45.96349030470913,58.61324099722991,35.72132963988911,489.26255157894707,0.0
8714,45.96349030470913,58.61324099722991,35.72132963988911,502.54842947368394,0.0
8715,45.96349030470913,58.61324099722991,35.72132963988911,502.0281936842103,0.0
8716,45.96349030470913,58.61324099722991,35.72132963988911,499.4498947368419,0.0
8717,45.96349030470913,58.61324099722991,35.72132963988911,516.0498947368419,0.0
8718,45.96349030470913,58.61324099722991,35.72132963988911,511.04989473684185,0.0
8719,45.96349030470913,58.61324099722991,35.72132963988911,516.2987915789471,0.0
8720,45.96349030470913,58.61324099722991,35.72132963988911,515.5904463157892,0.0
8721,45.96349030470913,58.61324099722991,35.72132963988911,520.6115957894734,0.0
8722,45.96349030470913,58.61324099722991,35.72132963988911,515.6115957894734,0.0
8723,45.96349030470913,58.61324099722991,35.72132963988911,510.6115957894734,0.0
8724,45.96349030470913,58.61324099722991,35.72132963988911,505.6115957894734,0.0
8725,45.96349030470913,58.61324099722991,35.72132963988911,518.1320757894734,0.0
8726,45.96349030470913,58.61324099722991,35.72132963988911,513.1320757894734,0.0
8727,45.96349030470913,58.61324099722991,35.72132963988911,508.1320757894735,0.0
8728,45.96349030470913,58.61324099722991,35.72132963988911,503.1320757894735,0.0
8729,45.96349030470913,58.61324099722991,35.72132963988911,498.1320757894735,0.0
8730,45.96349030470913,58.61324099722991,35.72132963988911,493.1320757894735,0.0
8731,45.96349030470913,58.61324099722991,35.72132963988911,488.1320757894735,0.0
8732,45.96349030470913,58.61324099722991,35.72132963988911,483.1320757894735,0.0
8733,45.96349030470913,58.61324099722991,35.72132963988911,480.6448757894735,0.0
8734,45.96349030470913,58.61324099722991,35.72132963988911,475.6448757894735,0.0
8735,45.96349030470913,58.61324099722991,35.72132963988911,484.65948631578925,0.0
8736,45.96349030470913,58.61324099722991,35.72132963988911,493.95447999999976,0.0
8737,45.96349030470913,58.61324099722991,35.72132963988911,506.5552589473682,0.0
8738,45.96349030470913,58.61324099722991,35.72132963988911,508.34770105263135,0.0
8739,45.96349030470913,58.61324099722991,35.72132963988911,524.9477010526314,0.0
8740,45.96349030470913,58.61324099722991,35.72132963988911,526.054362105263,0.0
8741,45.96349030470913,58.61324099722991,35.72132963988911,521.054362105263,0.0
8742,45.96349030470913,58.61324099722991,35.72132963988911,536.5059999999997,0.0
8743,45.96349030470913,58.61324099722991,35.72132963988911,531.5059999999997,0.0
8744,45.96349030470913,58.61324099722991,35.72132963988911,526.5059999999997,0.0
8745,45.96349030470913,58.61324099722991,35.72132963988911,521.5059999999997,0.0
8746,45.96349030470913,58.61324099722991,35.72132963988911,516.5059999999997,0.0
8747,45.96349030470913,58.61324099722991,35.72132963988911,511.50599999999974,0.0
8748,45.96349030470913,58.61324099722991,35.72132963988911,506.50599999999974,0.0
8749,45.96349030470913,58.61324099722991,35.72132963988911,507.5008715789471,0.0
8750,45.96349030470913,58.61324099722991,35.72132963988911,502.5008715789471,0.0
8751,45.96349030470913,58.61324099722991,35.72132963988911,497.5008715789471,0.0
8752,45.96349030470913,58.61324099722991,35.72132963988911,492.5008715789471,0.0
8753,45.96349030470913,58.61324099722991,35.72132963988911,500.3520757894734,0.0
8754,45.96349030470913,58.61324099722991,35.72132963988911,508.6834063157892,0.0
8755,45.96349030470913,58.61324099722991,35.72132963988911,505.1696378947366,0.0
8756,45.96349030470913,58.61324099722991,35.72132963988911,500.1696378947366,0.0
8757,45.96349030470913,58.61324099722991,35.72132963988911,495.1696378947366,0.0
8758,45.96349030470913,58.61324099722991,35.72132963988911,495.22384842105237,0.0
8759,45.96349030470913,58.61324099722991,35.72132963988911,490.22384842105237,0.0
