hoy,battery_soc_r2_gwh_target,battery_soc_r5_gwh_target,battery_soc_r6_gwh_target,climatology_eue_gwh
0,10.8639768698056,78.87945235457073,49.21800110803327,0.0
1,10.8639768698056,78.87945235457073,49.21800110803327,0.0
2,10.8639768698056,78.87945235457073,52.30975110803327,0.0
3,10.8639768698056,78.87945235457073,56.77735110803326,0.0
4,10.8639768698056,81.44730235457072,56.77735110803326,0.0
5,10.8639768698056,81.44730235457072,56.77735110803326,0.0
6,10.8639768698056,81.44730235457072,56.77735110803326,0.0
7,10.8639768698056,81.44730235457072,56.77735110803326,0.0
8,10.8639768698056,81.44730235457072,56.77735110803326,0.0
9,10.8639768698056,81.44730235457072,56.77735110803326,0.0
10,10.8639768698056,81.44730235457072,56.77735110803326,0.0
11,10.8639768698056,81.44730235457072,56.77735110803326,0.0
12,10.8639768698056,81.44730235457072,56.77735110803326,0.0
13,10.8639768698056,81.44730235457072,56.77735110803326,0.0
14,10.8639768698056,81.44730235457072,56.77735110803326,0.0
15,10.8639768698056,74.17899210526326,56.77735110803326,0.0
16,10.8639768698056,74.17899210526326,56.77735110803326,0.0
17,10.8639768698056,74.17899210526326,56.77735110803326,0.0
18,10.8639768698056,53.12636052631589,50.94926246537398,0.0
19,10.8639768698056,53.12636052631589,50.94926246537398,0.0
20,10.8639768698056,53.12636052631589,50.94926246537398,0.0
21,10.8639768698056,53.12636052631589,50.94926246537398,0.0
22,10.8639768698056,53.12636052631589,50.94926246537398,0.0
23,10.8639768698056,53.12636052631589,50.94926246537398,0.0
24,10.8639768698056,54.31306052631589,50.94926246537398,0.0
25,10.8639768698056,59.58586052631588,50.94926246537398,0.0
26,20.5344268698056,59.58586052631588,50.94926246537398,0.0
27,20.5344268698056,70.26971052631586,50.94926246537398,0.0
28,20.5344268698056,70.26971052631586,58.948462465373986,0.0
29,20.5344268698056,70.26971052631586,58.948462465373986,0.0
30,20.5344268698056,70.26971052631586,58.948462465373986,0.0
31,20.5344268698056,70.26971052631586,58.948462465373986,0.0
32,20.5344268698056,70.26971052631586,58.948462465373986,0.0
33,20.5344268698056,70.26971052631586,58.948462465373986,0.0
34,20.5344268698056,70.26971052631586,58.948462465373986,0.0
35,20.5344268698056,70.26971052631586,58.948462465373986,0.0
36,20.5344268698056,70.26971052631586,58.948462465373986,0.0
37,20.5344268698056,70.26971052631586,58.948462465373986,0.0
38,20.5344268698056,70.26971052631586,58.948462465373986,0.0
39,20.5344268698056,70.26971052631586,58.948462465373986,0.0
40,20.5344268698056,70.26971052631586,58.948462465373986,0.0
41,20.5344268698056,67.85813157894744,58.948462465373986,0.0
42,20.5344268698056,67.85813157894744,58.948462465373986,0.0
43,20.5344268698056,67.85813157894744,58.948462465373986,0.0
44,20.5344268698056,67.85813157894744,58.948462465373986,0.0
45,20.5344268698056,67.85813157894744,58.948462465373986,0.0
46,20.5344268698056,67.85813157894744,58.948462465373986,0.0
47,20.5344268698056,67.85813157894744,58.948462465373986,0.0
48,20.5344268698056,67.85813157894744,58.948462465373986,0.0
49,20.5344268698056,71.03033157894741,58.948462465373986,0.0
50,28.094276869805586,71.03033157894741,58.948462465373986,0.0
51,28.094276869805586,80.05718157894741,58.948462465373986,0.0
52,34.76267686980556,80.05718157894741,58.948462465373986,0.0
53,34.76267686980556,80.05718157894741,58.948462465373986,0.0
54,34.76267686980556,80.05718157894741,58.948462465373986,0.0
55,34.76267686980556,80.05718157894741,58.948462465373986,0.0
56,34.76267686980556,80.05718157894741,58.948462465373986,0.0
57,30.137247506924666,59.004550000000044,58.948462465373986,0.0
58,30.137247506924666,59.004550000000044,58.948462465373986,0.0
59,30.137247506924666,59.004550000000044,58.948462465373986,0.0
60,30.137247506924666,59.004550000000044,58.948462465373986,0.0
61,30.137247506924666,59.004550000000044,58.948462465373986,0.0
62,30.137247506924666,59.004550000000044,58.948462465373986,0.0
63,30.137247506924666,59.004550000000044,58.948462465373986,0.0
64,30.137247506924666,59.004550000000044,58.948462465373986,0.0
65,30.137247506924666,59.004550000000044,58.948462465373986,0.0
66,30.137247506924666,59.004550000000044,58.948462465373986,0.0
67,30.137247506924666,59.004550000000044,58.948462465373986,0.0
68,30.137247506924666,59.004550000000044,58.948462465373986,0.0
69,30.137247506924666,59.004550000000044,58.948462465373986,0.0
70,30.137247506924666,59.004550000000044,58.948462465373986,0.0
71,30.137247506924666,59.004550000000044,61.47946246537397,0.0
72,37.596997506924666,59.004550000000044,61.47946246537397,0.0
73,48.85769750692466,59.004550000000044,61.47946246537397,0.0
74,48.85769750692466,74.31920000000002,61.47946246537397,0.0
75,65.19019750692466,74.31920000000002,61.47946246537397,0.0
76,78.98764750692467,74.31920000000002,61.47946246537397,0.0
77,78.98764750692467,74.31920000000002,65.66301246537395,0.0
78,78.98764750692467,74.31920000000002,65.66301246537395,0.0
79,78.98764750692467,74.31920000000002,65.66301246537395,0.0
80,78.98764750692467,74.31920000000002,65.66301246537395,0.0
81,78.98764750692467,74.31920000000002,65.66301246537395,0.0
82,78.98764750692467,74.31920000000002,65.66301246537395,0.0
83,78.98764750692467,74.31920000000002,65.66301246537395,0.0
84,78.98764750692467,74.31920000000002,65.66301246537395,0.0
85,78.98764750692467,74.31920000000002,65.66301246537395,0.0
86,78.98764750692467,74.31920000000002,65.66301246537395,0.0
87,78.98764750692467,74.31920000000002,65.66301246537395,0.0
88,78.98764750692467,74.31920000000002,65.66301246537395,0.0
89,78.98764750692467,74.31920000000002,65.66301246537395,0.0
90,78.98764750692467,74.31920000000002,65.66301246537395,0.0
91,78.98764750692467,74.31920000000002,65.66301246537395,0.0
92,78.98764750692467,74.31920000000002,65.66301246537395,0.0
93,78.98764750692467,74.31920000000002,65.66301246537395,0.0
94,78.98764750692467,74.31920000000002,65.66301246537395,0.0
95,78.98764750692467,74.31920000000002,65.66301246537395,0.0
96,84.63679750692468,74.31920000000002,65.66301246537395,0.0
97,84.63679750692468,83.50605000000002,65.66301246537395,0.0
98,84.63679750692468,83.50605000000002,78.36571246537395,0.0
99,84.63679750692468,83.50605000000002,91.60631246537393,0.0
100,94.91499750692466,83.50605000000002,91.60631246537393,0.0
101,94.91499750692466,83.50605000000002,92.09201246537393,0.0
102,94.91499750692466,83.50605000000002,92.09201246537393,0.0
103,94.91499750692466,83.50605000000002,92.09201246537393,0.0
104,94.91499750692466,83.50605000000002,92.09201246537393,0.0
105,93.01452908587257,83.50605000000002,92.09201246537393,0.0
106,93.01452908587257,83.50605000000002,92.09201246537393,0.0
107,93.01452908587257,83.50605000000002,92.09201246537393,0.0
108,93.01452908587257,83.50605000000002,92.09201246537393,0.0
109,93.01452908587257,83.50605000000002,92.09201246537393,0.0
110,93.01452908587257,83.50605000000002,92.09201246537393,0.0
111,93.01452908587257,83.50605000000002,92.09201246537393,0.0
112,93.01452908587257,83.50605000000002,92.09201246537393,0.0
113,93.01452908587257,83.50605000000002,92.09201246537393,0.0
114,74.34500000000001,83.50605000000002,92.09201246537393,0.0
115,74.34500000000001,83.50605000000002,92.09201246537393,0.0
116,74.34500000000001,83.50605000000002,92.09201246537393,0.0
117,74.34500000000001,83.50605000000002,92.09201246537393,0.0
118,74.34500000000001,83.50605000000002,92.09201246537393,0.0
119,74.97395000000002,83.50605000000002,92.09201246537393,0.0
120,74.97395000000002,83.50605000000002,96.22756246537392,0.0
121,74.97395000000002,90.92895000000001,96.22756246537392,0.0
122,85.85700000000001,90.92895000000001,96.22756246537392,0.0
123,97.51615,90.92895000000001,96.22756246537392,0.0
124,97.51615,100.0,96.22756246537392,0.0
125,97.51615,100.0,96.22756246537392,0.0
126,97.51615,100.0,96.22756246537392,0.0
127,97.51615,99.88219459833795,96.08980000000001,0.0
128,97.51615,99.88219459833795,96.08980000000001,0.0
129,97.51615,99.88219459833795,96.08980000000001,0.0
130,97.51615,99.88219459833795,96.08980000000001,0.0
131,97.51615,99.88219459833795,96.08980000000001,0.0
132,97.51615,99.88219459833795,96.08980000000001,0.0
133,97.51615,99.88219459833795,96.08980000000001,0.0
134,97.51615,99.88219459833795,96.08980000000001,0.0
135,97.51615,99.88219459833795,96.08980000000001,0.0
136,97.51615,99.88219459833795,96.08980000000001,0.0
137,97.51615,99.88219459833795,96.08980000000001,0.0
138,97.51615,98.52225000000003,96.08980000000001,0.0
139,97.51615,98.52225000000003,96.08980000000001,0.0
140,97.51615,98.52225000000003,96.08980000000001,0.0
141,97.51615,98.52225000000003,96.08980000000001,0.0
142,97.51615,98.52225000000003,96.08980000000001,0.0
143,97.51615,98.52225000000003,96.08980000000001,0.0
144,97.51615,98.52225000000003,96.08980000000001,0.0
145,97.51615,98.52225000000003,96.08980000000001,0.0
146,100.0,98.52225000000003,96.08980000000001,0.0
147,100.0,98.52225000000003,100.0,0.0
148,100.0,100.0,100.0,0.0
149,100.0,100.0,100.0,0.0
150,100.0,100.0,100.0,0.0
151,100.0,100.0,100.0,0.0
152,100.0,100.0,100.0,0.0
153,100.0,100.0,100.0,0.0
154,100.0,100.0,100.0,0.0
155,100.0,100.0,100.0,0.0
156,100.0,100.0,100.0,0.0
157,100.0,100.0,100.0,0.0
158,100.0,100.0,100.0,0.0
159,100.0,100.0,89.5068698060942,0.0
160,100.0,100.0,89.5068698060942,0.0
161,100.0,90.6205540166205,89.5068698060942,0.0
162,100.0,90.6205540166205,89.5068698060942,0.0
163,100.0,86.60260387811637,89.5068698060942,0.0
164,100.0,86.60260387811637,89.5068698060942,0.0
165,100.0,86.60260387811637,89.5068698060942,0.0
166,100.0,86.60260387811637,89.5068698060942,0.0
167,100.0,86.60260387811637,89.5068698060942,0.0
168,100.0,86.60260387811637,89.5068698060942,0.0
169,100.0,86.60260387811637,89.5068698060942,0.0
170,100.0,86.60260387811637,89.6819198060942,0.0
171,100.0,86.60260387811637,91.24631980609419,0.0
172,100.0,86.60260387811637,91.24631980609419,0.0
173,100.0,86.60260387811637,91.24631980609419,0.0
174,100.0,86.60260387811637,91.24631980609419,0.0
175,100.0,86.60260387811637,91.24631980609419,0.0
176,95.3604850415513,86.60260387811637,84.58677354570636,0.0
177,95.3604850415513,86.60260387811637,84.58677354570636,0.0
178,95.3604850415513,86.40188365650971,84.58677354570636,0.0
179,95.3604850415513,86.40188365650971,84.58677354570636,0.0
180,95.3604850415513,86.40188365650971,84.58677354570636,0.0
181,95.3604850415513,86.40188365650971,84.58677354570636,0.0
182,95.3604850415513,86.40188365650971,84.58677354570636,0.0
183,95.3604850415513,86.40188365650971,84.58677354570636,0.0
184,79.31876759002776,86.40188365650971,84.58677354570636,0.0
185,79.31876759002776,86.40188365650971,80.55525000000002,0.0
186,79.31876759002776,86.40188365650971,80.55525000000002,0.0
187,79.31876759002776,86.40188365650971,80.55525000000002,0.0
188,79.31876759002776,86.40188365650971,80.55525000000002,0.0
189,79.31876759002776,86.40188365650971,80.55525000000002,0.0
190,79.31876759002776,86.40188365650971,80.55525000000002,0.0
191,79.31876759002776,86.40188365650971,80.55525000000002,0.0
192,79.31876759002776,86.40188365650971,82.60430000000001,0.0
193,85.53626759002776,86.40188365650971,82.60430000000001,0.0
194,85.53626759002776,86.40188365650971,93.26425,0.0
195,97.45521759002776,86.40188365650971,93.26425,0.0
196,97.45521759002776,95.56258365650969,93.26425,0.0
197,97.45521759002776,95.56258365650969,93.26425,0.0
198,97.45521759002776,95.56258365650969,93.26425,0.0
199,97.45521759002776,95.56258365650969,93.26425,0.0
200,97.45521759002776,95.56258365650969,93.26425,0.0
201,97.45521759002776,95.56258365650969,93.26425,0.0
202,97.45521759002776,95.56258365650969,93.26425,0.0
203,97.45521759002776,95.56258365650969,93.26425,0.0
204,97.45521759002776,95.56258365650969,93.26425,0.0
205,97.45521759002776,95.56258365650969,93.26425,0.0
206,97.45521759002776,95.56258365650969,93.26425,0.0
207,97.45521759002776,95.56258365650969,93.26425,0.0
208,97.45521759002776,95.56258365650969,93.26425,0.0
209,97.45521759002776,95.56258365650969,93.26425,0.0
210,97.45521759002776,95.56258365650969,93.26425,0.0
211,97.45521759002776,95.56258365650969,93.26425,0.0
212,97.45521759002776,95.56258365650969,93.26425,0.0
213,97.45521759002776,95.56258365650969,93.26425,0.0
214,97.45521759002776,95.56258365650969,93.26425,0.0
215,97.45521759002776,95.56258365650969,93.26425,0.0
216,92.42225360110808,95.56258365650969,93.26425,0.0
217,92.42225360110808,95.56258365650969,93.26425,0.0
218,94.13113725761771,97.32905000000002,93.26425,0.0
219,94.13113725761771,97.32905000000002,98.19144999999999,0.0
220,94.13113725761771,100.0,98.19144999999999,0.0
221,94.13113725761771,100.0,98.19144999999999,0.0
222,94.13113725761771,100.0,98.19144999999999,0.0
223,94.13113725761771,100.0,98.19144999999999,0.0
224,94.13113725761771,88.5050969529086,98.19144999999999,0.0
225,91.9521344875346,88.5050969529086,98.19144999999999,0.0
226,91.9521344875346,88.5050969529086,98.19144999999999,0.0
227,91.9521344875346,88.5050969529086,98.19144999999999,0.0
228,91.9521344875346,88.5050969529086,98.19144999999999,0.0
229,91.9521344875346,88.5050969529086,98.19144999999999,0.0
230,91.9521344875346,88.5050969529086,98.19144999999999,0.0
231,91.9521344875346,88.5050969529086,98.19144999999999,0.0
232,91.9521344875346,88.5050969529086,98.19144999999999,0.0
233,91.9521344875346,88.5050969529086,98.19144999999999,0.0
234,91.9521344875346,88.5050969529086,98.19144999999999,0.0
235,91.9521344875346,88.5050969529086,98.19144999999999,0.0
236,91.9521344875346,88.5050969529086,98.19144999999999,0.0
237,91.9521344875346,88.5050969529086,98.19144999999999,0.0
238,91.9521344875346,88.5050969529086,98.19144999999999,0.0
239,91.9521344875346,88.5050969529086,98.19144999999999,0.0
240,91.9521344875346,88.5050969529086,98.19144999999999,0.0
241,91.9521344875346,88.5050969529086,100.0,0.0
242,91.9521344875346,94.41214695290861,100.0,0.0
243,98.74688448753459,94.41214695290861,100.0,0.0
244,98.74688448753459,98.4061969529086,100.0,0.0
245,98.74688448753459,98.4061969529086,100.0,0.0
246,98.74688448753459,98.4061969529086,100.0,0.0
247,89.85187063711908,98.4061969529086,100.0,0.0
248,89.85187063711908,92.73705567867042,100.0,0.0
249,89.85187063711908,92.73705567867042,100.0,0.0
250,89.85187063711908,92.73705567867042,100.0,0.0
251,89.85187063711908,92.73705567867042,100.0,0.0
252,89.85187063711908,92.73705567867042,100.0,0.0
253,89.85187063711908,92.73705567867042,100.0,0.0
254,89.85187063711908,92.73705567867042,100.0,0.0
255,89.85187063711908,92.73705567867042,100.0,0.0
256,89.85187063711908,92.73705567867042,100.0,0.0
257,68.79923905817171,71.68442409972305,92.49119113573406,0.0
258,68.79923905817171,71.68442409972305,92.49119113573406,0.0
259,68.79923905817171,67.52439999999999,79.79055041551253,0.0
260,68.79923905817171,67.52439999999999,79.79055041551253,0.0
261,68.79923905817171,67.52439999999999,79.79055041551253,0.0
262,68.79923905817171,67.52439999999999,79.79055041551253,0.0
263,68.79923905817171,67.52439999999999,79.79055041551253,0.0
264,68.79923905817171,67.52439999999999,79.79055041551253,0.0
265,68.79923905817171,69.37575000000001,79.79055041551253,0.0
266,73.86063947368426,69.37575000000001,80.75214999999999,0.0
267,81.46833947368427,69.37575000000001,80.75214999999999,0.0
268,81.46833947368427,75.12155000000001,80.75214999999999,0.0
269,81.46833947368427,75.12155000000001,80.75214999999999,0.0
270,81.46833947368427,75.12155000000001,80.75214999999999,0.0
271,81.46833947368427,75.12155000000001,80.75214999999999,0.0
272,81.46833947368427,75.12155000000001,80.75214999999999,0.0
273,81.46833947368427,75.12155000000001,80.75214999999999,0.0
274,81.46833947368427,75.12155000000001,80.75214999999999,0.0
275,81.46833947368427,75.12155000000001,80.75214999999999,0.0
276,81.46833947368427,75.12155000000001,80.75214999999999,0.0
277,81.46833947368427,75.12155000000001,80.75214999999999,0.0
278,81.46833947368427,75.12155000000001,80.75214999999999,0.0
279,81.46833947368427,75.12155000000001,80.75214999999999,0.0
280,81.46833947368427,75.12155000000001,80.75214999999999,0.0
281,81.46833947368427,75.12155000000001,80.75214999999999,0.0
282,81.46833947368427,75.12155000000001,80.75214999999999,0.0
283,81.46833947368427,75.12155000000001,80.75214999999999,0.0
284,81.46833947368427,75.12155000000001,80.75214999999999,0.0
285,81.46833947368427,75.12155000000001,80.75214999999999,0.0
286,81.46833947368427,75.12155000000001,80.75214999999999,0.0
287,81.46833947368427,75.12155000000001,80.75214999999999,0.0
288,81.46833947368427,75.12155000000001,80.75214999999999,0.0
289,81.46833947368427,75.12155000000001,80.75214999999999,0.0
290,84.74428947368428,75.12155000000001,80.75214999999999,0.0
291,84.74428947368428,79.27855000000001,80.75214999999999,0.0
292,84.74428947368428,79.27855000000001,82.08184999999999,0.0
293,84.74428947368428,79.27855000000001,82.08184999999999,0.0
294,84.74428947368428,79.27855000000001,82.08184999999999,0.0
295,84.74428947368428,79.27855000000001,82.08184999999999,0.0
296,84.74428947368428,79.27855000000001,82.08184999999999,0.0
297,84.74428947368428,79.27855000000001,82.08184999999999,0.0
298,84.74428947368428,79.27855000000001,82.08184999999999,0.0
299,84.74428947368428,79.27855000000001,82.08184999999999,0.0
300,84.74428947368428,79.27855000000001,82.08184999999999,0.0
301,84.74428947368428,79.27855000000001,82.08184999999999,0.0
302,84.74428947368428,79.27855000000001,82.08184999999999,0.0
303,84.74428947368428,79.27855000000001,82.08184999999999,0.0
304,84.74428947368428,79.27855000000001,82.08184999999999,0.0
305,84.74428947368428,79.27855000000001,82.08184999999999,0.0
306,84.74428947368428,79.27855000000001,82.08184999999999,0.0
307,84.74428947368428,79.27855000000001,82.08184999999999,0.0
308,84.74428947368428,79.27855000000001,82.08184999999999,0.0
309,84.74428947368428,79.27855000000001,82.08184999999999,0.0
310,84.74428947368428,79.27855000000001,82.08184999999999,0.0
311,84.74428947368428,79.27855000000001,82.08184999999999,0.0
312,84.74428947368428,79.27855000000001,82.08184999999999,0.0
313,84.74428947368428,82.83005,82.08184999999999,0.0
314,84.74428947368428,82.83005,90.45785,0.0
315,84.74428947368428,92.1652,90.45785,0.0
316,91.70113947368428,92.1652,90.45785,0.0
317,91.70113947368428,92.1652,90.45785,0.0
318,91.70113947368428,92.1652,90.45785,0.0
319,86.64535000000004,92.1652,90.45785,0.0
320,86.64535000000004,92.1652,90.45785,0.0
321,86.64535000000004,92.1652,90.45785,0.0
322,86.64535000000004,92.1652,90.45785,0.0
323,86.64535000000004,92.1652,90.45785,0.0
324,86.64535000000004,92.1652,90.45785,0.0
325,86.64535000000004,92.1652,90.45785,0.0
326,86.64535000000004,92.1652,90.45785,0.0
327,86.64535000000004,92.1652,90.45785,0.0
328,86.64535000000004,92.1652,90.45785,0.0
329,86.64535000000004,92.1652,90.45785,0.0
330,86.64535000000004,92.1652,90.45785,0.0
331,86.64535000000004,92.1652,90.45785,0.0
332,86.64535000000004,92.1652,90.45785,0.0
333,86.64535000000004,92.1652,90.45785,0.0
334,86.64535000000004,92.1652,90.45785,0.0
335,86.64535000000004,92.1652,90.45785,0.0
336,86.64535000000004,93.24975,90.45785,0.0
337,91.34730000000002,93.24975,90.45785,0.0
338,100.0,93.24975,90.45785,0.0
339,100.0,93.24975,100.0,0.0
340,100.0,100.0,100.0,0.0
341,100.0,100.0,100.0,0.0
342,100.0,100.0,100.0,0.0
343,100.0,100.0,100.0,0.0
344,100.0,100.0,100.0,0.0
345,100.0,100.0,100.0,0.0
346,100.0,100.0,100.0,0.0
347,100.0,100.0,100.0,0.0
348,100.0,100.0,100.0,0.0
349,100.0,100.0,100.0,0.0
350,100.0,100.0,100.0,0.0
351,100.0,100.0,100.0,0.0
352,98.52584999999999,89.37221828254843,95.61135000000002,0.0
353,98.52584999999999,89.37221828254843,95.61135000000002,0.0
354,98.52584999999999,89.37221828254843,95.61135000000002,0.0
355,98.52584999999999,89.37221828254843,95.61135000000002,0.0
356,98.52584999999999,89.37221828254843,95.61135000000002,0.0
357,98.52584999999999,89.37221828254843,95.61135000000002,0.0
358,98.52584999999999,89.37221828254843,95.61135000000002,0.0
359,98.52584999999999,89.37221828254843,95.61135000000002,0.0
360,98.52584999999999,89.37221828254843,95.61135000000002,0.0
361,99.00125000000001,89.37221828254843,95.61135000000002,0.0
362,99.00125000000001,93.3950182825484,95.61135000000002,0.0
363,99.00125000000001,93.3950182825484,100.0,0.0
364,100.0,93.3950182825484,100.0,0.0
365,100.0,93.3950182825484,100.0,0.0
366,100.0,93.3950182825484,100.0,0.0
367,100.0,93.3950182825484,100.0,0.0
368,100.0,93.3950182825484,100.0,0.0
369,87.88626038781166,93.3950182825484,100.0,0.0
370,87.88626038781166,93.3950182825484,100.0,0.0
371,87.88626038781166,93.3950182825484,100.0,0.0
372,87.88626038781166,93.3950182825484,100.0,0.0
373,87.88626038781166,93.3950182825484,100.0,0.0
374,87.88626038781166,93.3950182825484,100.0,0.0
375,87.88626038781166,93.3950182825484,100.0,0.0
376,87.88626038781166,93.3950182825484,100.0,0.0
377,87.88626038781166,89.81939653739602,96.95745000000004,0.0
378,87.88626038781166,89.81939653739602,96.95745000000004,0.0
379,87.88626038781166,89.81939653739602,96.95745000000004,0.0
380,87.88626038781166,89.81939653739602,96.95745000000004,0.0
381,87.88626038781166,89.81939653739602,96.95745000000004,0.0
382,87.88626038781166,89.81939653739602,96.95745000000004,0.0
383,87.88626038781166,89.81939653739602,96.95745000000004,0.0
384,87.88626038781166,89.81939653739602,96.95745000000004,0.0
385,87.88626038781166,89.81939653739602,96.95745000000004,0.0
386,90.48396038781166,89.81939653739602,96.95745000000004,0.0
387,94.06046038781167,89.81939653739602,96.95745000000004,0.0
388,94.95656038781168,89.81939653739602,96.95745000000004,0.0
389,94.95656038781168,89.81939653739602,96.95745000000004,0.0
390,94.95656038781168,89.81939653739602,96.95745000000004,0.0
391,94.95656038781168,89.81939653739602,96.95745000000004,0.0
392,94.95656038781168,89.81939653739602,96.95745000000004,0.0
393,94.95656038781168,89.81939653739602,96.95745000000004,0.0
394,94.95656038781168,89.81939653739602,96.95745000000004,0.0
395,94.95656038781168,89.81939653739602,96.95745000000004,0.0
396,94.95656038781168,89.81939653739602,96.95745000000004,0.0
397,94.95656038781168,89.81939653739602,96.95745000000004,0.0
398,94.95656038781168,89.81939653739602,96.95745000000004,0.0
399,94.95656038781168,89.81939653739602,96.95745000000004,0.0
400,94.95656038781168,89.81939653739602,96.95745000000004,0.0
401,94.95656038781168,89.81939653739602,96.95745000000004,0.0
402,73.90392880886431,81.69319155124644,96.95745000000004,0.0
403,73.90392880886431,81.69319155124644,96.95745000000004,0.0
404,63.65007839335185,81.69319155124644,96.95745000000004,0.0
405,63.65007839335185,81.69319155124644,96.95745000000004,0.0
406,63.65007839335185,81.69319155124644,96.95745000000004,0.0
407,63.65007839335185,81.69319155124644,96.95745000000004,0.0
408,63.65007839335185,81.69319155124644,96.95745000000004,0.0
409,63.65007839335185,81.69319155124644,96.95745000000004,0.0
410,63.65007839335185,81.69319155124644,97.39505000000001,0.0
411,63.65007839335185,81.69319155124644,100.0,0.0
412,64.26942839335184,81.69319155124644,100.0,0.0
413,64.26942839335184,81.69319155124644,100.0,0.0
414,64.26942839335184,81.69319155124644,100.0,0.0
415,64.26942839335184,81.69319155124644,100.0,0.0
416,64.26942839335184,81.69319155124644,100.0,0.0
417,64.26942839335184,81.69319155124644,100.0,0.0
418,64.26942839335184,81.69319155124644,100.0,0.0
419,64.26942839335184,81.69319155124644,100.0,0.0
420,64.26942839335184,81.69319155124644,100.0,0.0
421,64.26942839335184,81.69319155124644,100.0,0.0
422,64.26942839335184,81.69319155124644,100.0,0.0
423,64.26942839335184,81.69319155124644,93.25728531855957,0.0
424,64.26942839335184,81.69319155124644,93.25728531855957,0.0
425,64.26942839335184,78.69391177285313,93.25728531855957,0.0
426,64.26942839335184,78.69391177285313,93.25728531855957,0.0
427,64.26942839335184,78.69391177285313,93.25728531855957,0.0
428,64.26942839335184,78.69391177285313,93.25728531855957,0.0
429,64.26942839335184,78.69391177285313,93.25728531855957,0.0
430,64.26942839335184,78.69391177285313,93.25728531855957,0.0
431,64.26942839335184,78.69391177285313,93.25728531855957,0.0
432,64.26942839335184,78.69391177285313,93.25728531855957,0.0
433,64.26942839335184,78.69391177285313,93.59853531855957,0.0
434,68.25052839335184,78.69391177285313,93.59853531855957,0.0
435,73.14737839335186,78.69391177285313,93.59853531855957,0.0
436,73.59410096952902,80.40113919667596,93.59853531855957,0.0
437,73.59410096952902,80.40113919667596,93.59853531855957,0.0
438,73.59410096952902,80.40113919667596,93.59853531855957,0.0
439,73.59410096952902,80.40113919667596,93.59853531855957,0.0
440,73.59410096952902,80.40113919667596,93.59853531855957,0.0
441,73.59410096952902,80.40113919667596,93.59853531855957,0.0
442,73.59410096952902,80.40113919667596,93.59853531855957,0.0
443,73.59410096952902,80.40113919667596,93.59853531855957,0.0
444,73.59410096952902,80.40113919667596,93.59853531855957,0.0
445,73.59410096952902,80.40113919667596,93.59853531855957,0.0
446,73.59410096952902,80.40113919667596,93.59853531855957,0.0
447,73.59410096952902,80.40113919667596,93.59853531855957,0.0
448,73.59410096952902,80.40113919667596,93.59853531855957,0.0
449,73.59410096952902,80.40113919667596,93.59853531855957,0.0
450,73.59410096952902,80.40113919667596,93.59853531855957,0.0
451,73.59410096952902,80.40113919667596,93.59853531855957,0.0
452,73.59410096952902,80.40113919667596,93.59853531855957,0.0
453,73.59410096952902,80.40113919667596,93.59853531855957,0.0
454,73.59410096952902,80.40113919667596,93.59853531855957,0.0
455,73.59410096952902,80.40113919667596,93.59853531855957,0.0
456,73.59410096952902,80.40113919667596,93.59853531855957,0.0
457,73.59410096952902,80.40113919667596,93.59853531855957,0.0
458,75.589150969529,80.40113919667596,93.59853531855957,0.0
459,78.563800969529,80.40113919667596,93.59853531855957,0.0
460,78.563800969529,80.40113919667596,94.28173531855956,0.0
461,78.563800969529,80.40113919667596,94.28173531855956,0.0
462,78.563800969529,80.40113919667596,94.28173531855956,0.0
463,78.563800969529,66.58235803324104,94.28173531855956,0.0
464,78.563800969529,66.58235803324104,94.28173531855956,0.0
465,78.563800969529,66.58235803324104,94.28173531855956,0.0
466,78.563800969529,66.58235803324104,94.28173531855956,0.0
467,78.563800969529,66.58235803324104,94.28173531855956,0.0
468,78.563800969529,66.58235803324104,94.28173531855956,0.0
469,78.563800969529,66.58235803324104,94.28173531855956,0.0
470,78.563800969529,66.58235803324104,94.28173531855956,0.0
471,78.563800969529,66.58235803324104,94.28173531855956,0.0
472,78.563800969529,66.58235803324104,94.28173531855956,0.0
473,78.563800969529,66.58235803324104,94.28173531855956,0.0
474,78.563800969529,63.271388504155155,94.28173531855956,0.0
475,78.563800969529,63.271388504155155,94.28173531855956,0.0
476,78.563800969529,63.271388504155155,94.28173531855956,0.0
477,78.563800969529,63.271388504155155,94.28173531855956,0.0
478,78.563800969529,63.271388504155155,94.28173531855956,0.0
479,78.563800969529,63.271388504155155,94.28173531855956,0.0
480,78.563800969529,63.271388504155155,94.28173531855956,0.0
481,78.563800969529,64.49213850415515,94.28173531855956,0.0
482,83.72760096952899,64.49213850415515,94.28173531855956,0.0
483,89.54775096952899,64.49213850415515,94.28173531855956,0.0
484,92.81805096952901,64.49213850415515,94.28173531855956,0.0
485,92.81805096952901,64.49213850415515,94.28173531855956,0.0
486,92.81805096952901,64.49213850415515,94.28173531855956,0.0
487,83.44264930747917,64.49213850415515,94.28173531855956,0.0
488,83.44264930747917,64.49213850415515,94.28173531855956,0.0
489,83.44264930747917,64.49213850415515,94.28173531855956,0.0
490,83.44264930747917,64.49213850415515,94.28173531855956,0.0
491,83.44264930747917,64.49213850415515,94.28173531855956,0.0
492,83.44264930747917,64.49213850415515,94.28173531855956,0.0
493,83.44264930747917,64.49213850415515,94.28173531855956,0.0
494,83.44264930747917,64.49213850415515,94.28173531855956,0.0
495,83.44264930747917,64.49213850415515,94.28173531855956,0.0
496,83.44264930747917,53.86992243767317,94.28173531855956,0.0
497,77.87550249307472,53.86992243767317,73.22910373961219,0.0
498,77.87550249307472,53.86992243767317,73.22910373961219,0.0
499,77.87550249307472,53.86992243767317,73.22910373961219,0.0
500,77.87550249307472,53.86992243767317,73.22910373961219,0.0
501,77.87550249307472,53.86992243767317,73.22910373961219,0.0
502,77.87550249307472,53.86992243767317,73.22910373961219,0.0
503,77.87550249307472,53.86992243767317,73.22910373961219,0.0
504,77.87550249307472,53.86992243767317,73.22910373961219,0.0
505,77.87550249307472,57.49472243767318,73.22910373961219,0.0
506,77.87550249307472,57.49472243767318,80.91570373961217,0.0
507,77.87550249307472,66.34892243767318,80.91570373961217,0.0
508,77.87550249307472,66.34892243767318,87.25520373961217,0.0
509,77.87550249307472,66.34892243767318,87.25520373961217,0.0
510,77.87550249307472,66.34892243767318,87.25520373961217,0.0
511,77.87550249307472,66.34892243767318,87.25520373961217,0.0
512,77.87550249307472,66.34892243767318,87.25520373961217,0.0
513,77.87550249307472,66.34892243767318,87.25520373961217,0.0
514,77.87550249307472,66.34892243767318,87.25520373961217,0.0
515,77.87550249307472,66.34892243767318,87.25520373961217,0.0
516,77.87550249307472,66.34892243767318,87.25520373961217,0.0
517,77.87550249307472,66.34892243767318,87.25520373961217,0.0
518,77.87550249307472,66.34892243767318,87.25520373961217,0.0
519,77.87550249307472,66.34892243767318,87.25520373961217,0.0
520,77.87550249307472,66.34892243767318,87.25520373961217,0.0
521,77.87550249307472,66.34892243767318,87.25520373961217,0.0
522,72.73245540166197,45.29629085872581,87.25520373961217,0.0
523,72.73245540166197,45.29629085872581,87.25520373961217,0.0
524,72.73245540166197,45.29629085872581,87.25520373961217,0.0
525,72.73245540166197,45.29629085872581,87.25520373961217,0.0
526,72.73245540166197,45.29629085872581,87.25520373961217,0.0
527,72.73245540166197,45.29629085872581,87.25520373961217,0.0
528,72.73245540166197,45.29629085872581,87.25520373961217,0.0
529,72.73245540166197,45.65824085872578,87.25520373961217,0.0
530,72.73245540166197,45.65824085872578,91.79925373961217,0.0
531,78.52635540166196,45.65824085872578,91.79925373961217,0.0
532,78.52635540166196,50.100090858725764,91.79925373961217,0.0
533,78.52635540166196,50.100090858725764,91.79925373961217,0.0
534,78.52635540166196,50.100090858725764,91.79925373961217,0.0
535,78.52635540166196,50.100090858725764,91.79925373961217,0.0
536,78.52635540166196,50.100090858725764,91.79925373961217,0.0
537,78.52635540166196,50.100090858725764,91.79925373961217,0.0
538,78.52635540166196,50.100090858725764,91.79925373961217,0.0
539,78.52635540166196,50.100090858725764,91.79925373961217,0.0
540,78.52635540166196,50.100090858725764,91.79925373961217,0.0
541,78.52635540166196,50.100090858725764,91.79925373961217,0.0
542,78.52635540166196,50.100090858725764,91.79925373961217,0.0
543,78.52635540166196,50.100090858725764,91.79925373961217,0.0
544,78.52635540166196,50.100090858725764,91.79925373961217,0.0
545,78.52635540166196,50.100090858725764,90.34706537396121,0.0
546,78.52635540166196,50.100090858725764,90.34706537396121,0.0
547,78.52635540166196,50.100090858725764,90.34706537396121,0.0
548,78.52635540166196,50.100090858725764,90.34706537396121,0.0
549,78.52635540166196,50.100090858725764,90.34706537396121,0.0
550,78.52635540166196,50.100090858725764,90.34706537396121,0.0
551,78.52635540166196,50.100090858725764,90.34706537396121,0.0
552,78.52635540166196,50.100090858725764,90.34706537396121,0.0
553,80.32955540166196,50.100090858725764,90.34706537396121,0.0
554,80.32955540166196,55.94714085872576,90.34706537396121,0.0
555,87.02960540166197,55.94714085872576,90.34706537396121,0.0
556,87.02960540166197,59.73549085872579,90.34706537396121,0.0
557,87.02960540166197,59.73549085872579,90.34706537396121,0.0
558,87.02960540166197,59.73549085872579,90.34706537396121,0.0
559,87.02960540166197,59.73549085872579,90.34706537396121,0.0
560,87.02960540166197,59.73549085872579,90.34706537396121,0.0
561,87.02960540166197,59.73549085872579,90.34706537396121,0.0
562,87.02960540166197,59.73549085872579,90.34706537396121,0.0
563,87.02960540166197,59.73549085872579,90.34706537396121,0.0
564,87.02960540166197,59.73549085872579,90.34706537396121,0.0
565,87.02960540166197,59.73549085872579,90.34706537396121,0.0
566,87.02960540166197,59.73549085872579,90.34706537396121,0.0
567,87.02960540166197,59.73549085872579,90.34706537396121,0.0
568,87.02960540166197,59.73549085872579,90.34706537396121,0.0
569,87.02960540166197,59.73549085872579,90.34706537396121,0.0
570,87.02960540166197,59.73549085872579,80.28767479224375,0.0
571,86.02960540166197,59.73549085872579,80.28767479224375,0.0
572,86.02960540166197,59.73549085872579,80.28767479224375,0.0
573,86.02960540166197,59.73549085872579,80.28767479224375,0.0
574,86.02960540166197,59.73549085872579,80.28767479224375,0.0
575,86.02960540166197,59.73549085872579,80.28767479224375,0.0
576,86.02960540166197,59.73549085872579,80.28767479224375,0.0
577,86.02960540166197,59.73549085872579,80.28767479224375,0.0
578,86.02960540166197,59.73549085872579,82.48467479224375,0.0
579,89.55680540166198,59.73549085872579,82.48467479224375,0.0
580,89.55680540166198,59.73549085872579,83.20592479224374,0.0
581,89.55680540166198,59.73549085872579,83.20592479224374,0.0
582,89.55680540166198,59.73549085872579,83.20592479224374,0.0
583,89.55680540166198,59.73549085872579,83.20592479224374,0.0
584,89.55680540166198,59.73549085872579,83.20592479224374,0.0
585,89.55680540166198,59.73549085872579,83.20592479224374,0.0
586,89.55680540166198,59.73549085872579,83.20592479224374,0.0
587,89.55680540166198,59.73549085872579,83.20592479224374,0.0
588,89.55680540166198,59.73549085872579,83.20592479224374,0.0
589,89.55680540166198,59.73549085872579,83.20592479224374,0.0
590,89.55680540166198,59.73549085872579,83.20592479224374,0.0
591,89.55680540166198,59.73549085872579,83.20592479224374,0.0
592,89.55680540166198,59.73549085872579,83.20592479224374,0.0
593,89.55680540166198,59.73549085872579,83.20592479224374,0.0
594,89.55680540166198,59.73549085872579,83.20592479224374,0.0
595,89.55680540166198,59.73549085872579,83.20592479224374,0.0
596,89.55680540166198,59.73549085872579,83.20592479224374,0.0
597,89.55680540166198,59.137983933518015,83.20592479224374,0.0
598,89.55680540166198,59.137983933518015,83.20592479224374,0.0
599,89.55680540166198,59.137983933518015,83.20592479224374,0.0
600,89.55680540166198,59.137983933518015,83.20592479224374,0.0
601,89.55680540166198,59.137983933518015,83.20592479224374,0.0
602,89.55680540166198,59.137983933518015,87.50462479224373,0.0
603,89.55680540166198,64.92088393351801,87.50462479224373,0.0
604,89.55680540166198,68.43778393351802,87.50462479224373,0.0
605,89.55680540166198,68.43778393351802,87.50462479224373,0.0
606,89.55680540166198,68.43778393351802,87.50462479224373,0.0
607,89.55680540166198,68.43778393351802,87.50462479224373,0.0
608,89.55680540166198,68.43778393351802,87.50462479224373,0.0
609,89.55680540166198,68.43778393351802,87.50462479224373,0.0
610,89.55680540166198,68.43778393351802,87.50462479224373,0.0
611,89.55680540166198,68.43778393351802,87.50462479224373,0.0
612,89.55680540166198,68.43778393351802,87.50462479224373,0.0
613,89.55680540166198,68.43778393351802,87.50462479224373,0.0
614,89.55680540166198,68.43778393351802,87.50462479224373,0.0
615,89.55680540166198,68.43778393351802,87.50462479224373,0.0
616,73.57658379501376,68.43778393351802,87.50462479224373,0.0
617,73.57658379501376,61.00814404432134,87.50462479224373,0.0
618,73.57658379501376,61.00814404432134,87.50462479224373,0.0
619,73.57658379501376,61.00814404432134,87.50462479224373,0.0
620,73.57658379501376,61.00814404432134,87.50462479224373,0.0
621,71.04206855955672,61.00814404432134,87.50462479224373,0.0
622,71.04206855955672,61.00814404432134,87.50462479224373,0.0
623,71.04206855955672,61.00814404432134,87.50462479224373,0.0
624,71.04206855955672,61.00814404432134,87.50462479224373,0.0
625,71.04206855955672,61.00814404432134,87.50462479224373,0.0
626,71.04206855955672,61.00814404432134,87.50462479224373,0.0
627,71.04206855955672,61.00814404432134,87.50462479224373,0.0
628,71.04206855955672,61.00814404432134,87.50462479224373,0.0
629,71.04206855955672,61.00814404432134,87.50462479224373,0.0
630,71.04206855955672,61.00814404432134,87.50462479224373,0.0
631,71.04206855955672,61.00814404432134,76.53135872576212,0.0
632,71.04206855955672,61.00814404432134,76.53135872576212,0.0
633,71.04206855955672,61.00814404432134,59.75944736842141,0.0
634,71.04206855955672,61.00814404432134,59.75944736842141,0.0
635,71.04206855955672,61.00814404432134,59.75944736842141,0.0
636,71.04206855955672,61.00814404432134,59.75944736842141,0.0
637,71.04206855955672,61.00814404432134,59.75944736842141,0.0
638,71.04206855955672,61.00814404432134,59.75944736842141,0.0
639,54.64921537396114,39.95551246537397,59.75944736842141,0.0
640,54.64921537396114,39.95551246537397,59.75944736842141,0.0
641,54.64921537396114,39.95551246537397,59.75944736842141,0.0
642,54.64921537396114,39.95551246537397,39.26659418282584,0.0
643,54.64921537396114,34.60476454293631,39.26659418282584,0.0
644,54.64921537396114,34.60476454293631,39.26659418282584,0.0
645,54.64921537396114,34.60476454293631,39.26659418282584,0.0
646,54.64921537396114,34.60476454293631,39.26659418282584,0.0
647,54.64921537396114,34.60476454293631,39.26659418282584,0.0
648,54.64921537396114,34.60476454293631,39.26659418282584,0.0
649,54.64921537396114,34.60476454293631,39.26659418282584,0.0
650,54.64921537396114,34.60476454293631,39.26659418282584,0.0
651,54.64921537396114,34.60476454293631,39.26659418282584,0.0
652,54.64921537396114,34.60476454293631,39.26659418282584,0.0
653,54.64921537396114,34.60476454293631,39.26659418282584,0.0
654,52.10583587257611,34.60476454293631,39.26659418282584,0.0
655,52.10583587257611,34.60476454293631,39.26659418282584,0.0
656,52.10583587257611,34.60476454293631,39.26659418282584,0.0
657,52.10583587257611,34.60476454293631,39.26659418282584,0.0
658,52.10583587257611,34.60476454293631,39.26659418282584,0.0
659,52.10583587257611,34.60476454293631,39.26659418282584,0.0
660,52.10583587257611,34.60476454293631,39.26659418282584,0.0
661,52.10583587257611,34.60476454293631,39.26659418282584,0.0
662,52.10583587257611,34.60476454293631,38.574849030471256,0.0
663,52.10583587257611,34.60476454293631,38.574849030471256,0.0
664,38.452409972299186,34.60476454293631,31.34478462603904,0.0
665,38.452409972299186,34.60476454293631,31.34478462603904,0.0
666,38.452409972299186,34.60476454293631,31.34478462603904,0.0
667,38.452409972299186,13.552132963988942,25.363011772853444,0.0
668,25.743213296398906,13.552132963988942,25.363011772853444,0.0
669,25.743213296398906,13.552132963988942,12.037748614958717,0.0
670,25.743213296398906,13.552132963988942,12.037748614958717,0.0
671,25.743213296398906,13.552132963988942,12.037748614958717,0.0
672,25.743213296398906,13.552132963988942,12.037748614958717,0.0
673,25.743213296398906,13.552132963988942,12.037748614958717,0.0
674,25.743213296398906,13.552132963988942,12.037748614958717,0.0
675,25.743213296398906,13.552132963988942,12.037748614958717,0.0
676,25.743213296398906,13.552132963988942,12.037748614958717,0.0
677,25.743213296398906,13.552132963988942,12.037748614958717,0.0
678,25.743213296398906,13.552132963988942,12.037748614958717,0.0
679,25.743213296398906,13.552132963988942,12.037748614958717,0.0
680,25.743213296398906,13.552132963988942,12.037748614958717,0.0
681,25.743213296398906,13.552132963988942,12.037748614958717,0.0
682,25.743213296398906,13.552132963988942,12.037748614958717,0.0
683,25.743213296398906,13.552132963988942,12.037748614958717,0.0
684,25.743213296398906,13.552132963988942,12.037748614958717,0.0
685,25.743213296398906,13.552132963988942,12.037748614958717,0.0
686,25.743213296398906,13.552132963988942,12.037748614958717,0.0
687,25.743213296398906,13.552132963988942,12.037748614958717,0.0
688,25.743213296398906,13.552132963988942,12.037748614958717,0.0
689,25.743213296398906,0.0,12.037748614958717,0.0
690,25.743213296398906,-0.0,12.037748614958717,0.0
691,7.645706371191142,-0.0,12.037748614958717,0.0
692,7.645706371191142,-0.0,12.037748614958717,0.0
693,0.0,-0.0,12.037748614958717,0.0
694,-0.0,-0.0,12.037748614958717,0.0
695,-0.0,-0.0,12.037748614958717,0.0
696,-0.0,-0.0,12.037748614958717,0.0
697,-0.0,-0.0,12.037748614958717,0.0
698,-0.0,2.6294499999999847,12.037748614958717,0.0
699,-0.0,6.412499999999985,12.037748614958717,0.0
700,-0.0,7.895949999999977,12.037748614958717,0.0
701,-0.0,7.895949999999977,12.037748614958717,0.0
702,-0.0,7.895949999999977,12.037748614958717,0.0
703,-0.0,7.895949999999977,12.037748614958717,0.0
704,-0.0,7.895949999999977,12.037748614958717,0.0
705,-0.0,7.895949999999977,12.037748614958717,0.0
706,-0.0,7.895949999999977,12.037748614958717,0.0
707,-0.0,7.895949999999977,12.037748614958717,0.0
708,-0.0,7.895949999999977,12.037748614958717,0.0
709,-0.0,7.895949999999977,12.037748614958717,0.0
710,-0.0,7.895949999999977,12.037748614958717,0.0
711,-0.0,7.895949999999977,12.037748614958717,0.0
712,-0.0,7.895949999999977,12.037748614958717,0.0
713,-0.0,7.895949999999977,12.037748614958717,0.0
714,-0.0,7.895949999999977,12.037748614958717,0.0
715,-0.0,7.895949999999977,12.037748614958717,0.0
716,-0.0,7.895949999999977,12.037748614958717,0.0
717,-0.0,7.895949999999977,12.037748614958717,0.0
718,-0.0,7.895949999999977,12.037748614958717,0.0
719,-0.0,7.895949999999977,12.037748614958717,0.0
720,-0.0,7.895949999999977,12.037748614958717,0.0
721,-0.0,7.895949999999977,12.355748614958697,0.0
722,-0.0,12.010149999999982,12.355748614958697,0.0
723,4.505850000000009,12.010149999999982,12.355748614958697,0.0
724,6.097750000000019,12.010149999999982,12.355748614958697,0.0
725,6.097750000000019,12.010149999999982,12.355748614958697,0.0
726,6.097750000000019,12.010149999999982,12.355748614958697,0.0
727,6.097750000000019,12.010149999999982,12.355748614958697,0.0
728,6.097750000000019,12.010149999999982,12.355748614958697,0.0
729,6.097750000000019,12.010149999999982,12.355748614958697,0.0
730,6.097750000000019,12.010149999999982,12.355748614958697,0.0
731,6.097750000000019,12.010149999999982,12.355748614958697,0.0
732,6.097750000000019,12.010149999999982,12.355748614958697,0.0
733,6.097750000000019,12.010149999999982,12.355748614958697,0.0
734,6.097750000000019,12.010149999999982,12.355748614958697,0.0
735,6.097750000000019,12.010149999999982,12.355748614958697,0.0
736,6.097750000000019,12.010149999999982,12.355748614958697,0.0
737,6.097750000000019,12.010149999999982,12.355748614958697,0.0
738,6.097750000000019,12.010149999999982,12.355748614958697,0.0
739,6.097750000000019,12.010149999999982,12.355748614958697,0.0
740,6.097750000000019,12.010149999999982,12.355748614958697,0.0
741,6.097750000000019,12.010149999999982,12.355748614958697,0.0
742,6.097750000000019,12.010149999999982,12.355748614958697,0.0
743,6.097750000000019,12.010149999999982,12.355748614958697,0.0
744,6.097750000000019,12.010149999999982,12.355748614958697,0.0
745,6.097750000000019,12.010149999999982,12.355748614958697,0.0
746,6.097750000000019,12.010149999999982,13.179398614958698,0.0
747,8.00825000000002,12.010149999999982,13.179398614958698,0.0
748,8.00825000000002,12.010149999999982,13.179398614958698,0.0
749,8.00825000000002,12.010149999999982,13.179398614958698,0.0
750,8.00825000000002,12.010149999999982,13.179398614958698,0.0
751,8.00825000000002,12.010149999999982,13.179398614958698,0.0
752,8.00825000000002,12.010149999999982,13.179398614958698,0.0
753,8.00825000000002,12.010149999999982,13.179398614958698,0.0
754,8.00825000000002,12.010149999999982,13.179398614958698,0.0
755,8.00825000000002,12.010149999999982,13.179398614958698,0.0
756,8.00825000000002,12.010149999999982,13.179398614958698,0.0
757,8.00825000000002,12.010149999999982,13.179398614958698,0.0
758,8.00825000000002,12.010149999999982,13.179398614958698,0.0
759,8.00825000000002,12.010149999999982,13.179398614958698,0.0
760,8.00825000000002,12.010149999999982,13.179398614958698,0.0
761,8.00825000000002,12.010149999999982,4.8833321329642345,0.0
762,8.00825000000002,12.010149999999982,4.8833321329642345,0.0
763,8.00825000000002,12.010149999999982,3.1843847645432017,0.0
764,8.00825000000002,12.010149999999982,3.1843847645432017,0.0
765,8.00825000000002,12.010149999999982,3.1843847645432017,0.0
766,8.00825000000002,12.010149999999982,3.1843847645432017,0.0
767,8.00825000000002,12.010149999999982,3.1843847645432017,0.0
768,8.00825000000002,12.010149999999982,3.1843847645432017,0.0
769,8.274749999999992,12.010149999999982,3.1843847645432017,0.0
770,8.274749999999992,17.122099999999982,3.1843847645432017,0.0
771,8.274749999999992,23.72029999999998,3.1843847645432017,0.0
772,8.274749999999992,28.12264999999997,3.1843847645432017,0.0
773,8.274749999999992,28.12264999999997,3.1843847645432017,0.0
774,8.274749999999992,28.12264999999997,3.1843847645432017,0.0
775,8.274749999999992,28.12264999999997,3.1843847645432017,0.0
776,8.274749999999992,28.12264999999997,3.1843847645432017,0.0
777,8.274749999999992,28.12264999999997,3.1843847645432017,0.0
778,8.274749999999992,28.12264999999997,3.1843847645432017,0.0
779,8.274749999999992,28.12264999999997,3.1843847645432017,0.0
780,8.274749999999992,28.12264999999997,3.1843847645432017,0.0
781,8.274749999999992,28.12264999999997,3.1843847645432017,0.0
782,8.274749999999992,28.12264999999997,3.1843847645432017,0.0
783,8.274749999999992,28.12264999999997,3.1843847645432017,0.0
784,8.274749999999992,28.12264999999997,3.1843847645432017,0.0
785,8.274749999999992,28.12264999999997,3.1843847645432017,0.0
786,8.274749999999992,28.12264999999997,3.1843847645432017,0.0
787,8.274749999999992,28.12264999999997,3.1843847645432017,0.0
788,8.274749999999992,28.12264999999997,3.1843847645432017,0.0
789,8.274749999999992,28.12264999999997,3.1843847645432017,0.0
790,8.274749999999992,28.12264999999997,3.1843847645432017,0.0
791,8.274749999999992,28.12264999999997,3.1843847645432017,0.0
792,8.274749999999992,28.12264999999997,3.1843847645432017,0.0
793,8.274749999999992,28.12264999999997,7.4765847645431815,0.0
794,16.770049999999987,28.12264999999997,7.4765847645431815,0.0
795,16.770049999999987,28.12264999999997,17.537434764543175,0.0
796,24.38765,28.12264999999997,17.537434764543175,0.0
797,24.38765,28.12264999999997,17.537434764543175,0.0
798,24.38765,28.12264999999997,17.537434764543175,0.0
799,24.38765,28.12264999999997,17.537434764543175,0.0
800,24.38765,28.12264999999997,17.537434764543175,0.0
801,24.38765,28.12264999999997,17.537434764543175,0.0
802,24.38765,28.12264999999997,17.537434764543175,0.0
803,24.38765,28.12264999999997,17.537434764543175,0.0
804,24.38765,28.12264999999997,17.537434764543175,0.0
805,24.38765,28.12264999999997,17.537434764543175,0.0
806,24.38765,28.12264999999997,17.537434764543175,0.0
807,24.38765,28.12264999999997,17.537434764543175,0.0
808,24.38765,28.12264999999997,17.537434764543175,0.0
809,24.38765,28.12264999999997,17.537434764543175,0.0
810,24.38765,28.12264999999997,17.537434764543175,0.0
811,24.38765,28.12264999999997,17.537434764543175,0.0
812,24.38765,28.12264999999997,17.537434764543175,0.0
813,24.38765,28.12264999999997,17.537434764543175,0.0
814,24.38765,28.12264999999997,17.537434764543175,0.0
815,24.38765,28.12264999999997,17.537434764543175,0.0
816,24.38765,28.12264999999997,17.537434764543175,0.0
817,24.38765,28.12264999999997,19.47863476454317,0.0
818,24.38765,34.31004999999998,19.47863476454317,0.0
819,24.38765,40.71580895660208,20.46937580794105,0.0
820,24.38765,40.71580895660208,25.324175807941053,0.0
821,24.38765,40.71580895660208,25.324175807941053,0.0
822,24.38765,40.71580895660208,25.324175807941053,0.0
823,24.38765,40.71580895660208,25.324175807941053,0.0
824,24.38765,40.71580895660208,25.324175807941053,0.0
825,24.38765,40.71580895660208,25.324175807941053,0.0
826,24.38765,40.71580895660208,25.324175807941053,0.0
827,24.38765,40.71580895660208,25.324175807941053,0.0
828,24.38765,40.71580895660208,25.324175807941053,0.0
829,24.38765,40.71580895660208,25.324175807941053,0.0
830,24.38765,40.71580895660208,25.324175807941053,0.0
831,24.38765,40.71580895660208,25.324175807941053,0.0
832,24.38765,40.71580895660208,25.324175807941053,0.0
833,24.38765,40.71580895660208,23.045339242844108,0.0
834,24.38765,40.71580895660208,23.045339242844108,0.0
835,24.38765,40.71580895660208,23.045339242844108,0.0
836,24.38765,40.71580895660208,23.045339242844108,0.0
837,24.38765,40.71580895660208,23.045339242844108,0.0
838,24.38765,40.71580895660208,23.045339242844108,0.0
839,24.38765,40.71580895660208,23.045339242844108,0.0
840,24.38765,42.964958956602096,23.045339242844108,0.0
841,24.38765,42.964958956602096,29.401039242844117,0.0
842,35.17279999999999,42.964958956602096,29.401039242844117,0.0
843,47.34694999999999,42.964958956602096,29.401039242844117,0.0
844,56.714600000000004,42.964958956602096,29.401039242844117,0.0
845,56.714600000000004,42.964958956602096,29.401039242844117,0.0
846,56.714600000000004,42.964958956602096,29.401039242844117,0.0
847,56.714600000000004,42.964958956602096,29.401039242844117,0.0
848,56.714600000000004,42.964958956602096,29.401039242844117,0.0
849,56.714600000000004,42.964958956602096,29.401039242844117,0.0
850,56.714600000000004,42.964958956602096,29.401039242844117,0.0
851,56.714600000000004,42.964958956602096,29.401039242844117,0.0
852,56.714600000000004,42.964958956602096,29.401039242844117,0.0
853,56.714600000000004,42.964958956602096,29.846139242844135,0.0
854,56.714600000000004,42.964958956602096,29.846139242844135,0.0
855,56.714600000000004,42.964958956602096,29.846139242844135,0.0
856,56.714600000000004,42.964958956602096,29.846139242844135,0.0
857,56.714600000000004,42.964958956602096,29.846139242844135,0.0
858,56.714600000000004,42.964958956602096,29.846139242844135,0.0
859,56.714600000000004,42.964958956602096,29.846139242844135,0.0
860,56.714600000000004,42.964958956602096,29.846139242844135,0.0
861,56.714600000000004,42.964958956602096,29.846139242844135,0.0
862,56.714600000000004,42.964958956602096,29.846139242844135,0.0
863,56.714600000000004,42.964958956602096,29.846139242844135,0.0
864,56.714600000000004,42.964958956602096,32.43908924284413,0.0
865,56.714600000000004,42.964958956602096,39.199839242844135,0.0
866,56.714600000000004,54.24930895660209,39.199839242844135,0.0
867,60.119202908587404,54.24930895660209,48.64078633425674,0.0
868,60.119202908587404,64.34990895660206,48.64078633425674,0.0
869,60.119202908587404,65.49090895660206,48.64078633425674,0.0
870,60.119202908587404,65.49090895660206,48.64078633425674,0.0
871,60.119202908587404,65.49090895660206,48.64078633425674,0.0
872,60.119202908587404,65.49090895660206,48.64078633425674,0.0
873,60.119202908587404,65.49090895660206,48.64078633425674,0.0
874,60.119202908587404,65.49090895660206,48.64078633425674,0.0
875,60.119202908587404,65.49090895660206,48.64078633425674,0.0
876,60.119202908587404,65.49090895660206,49.59763633425671,0.0
877,61.75375290858738,65.49090895660206,49.59763633425671,0.0
878,61.75375290858738,65.49090895660206,49.59763633425671,0.0
879,61.75375290858738,65.49090895660206,49.59763633425671,0.0
880,61.75375290858738,65.49090895660206,49.59763633425671,0.0
881,61.75375290858738,65.49090895660206,49.59763633425671,0.0
882,61.75375290858738,65.49090895660206,49.59763633425671,0.0
883,61.75375290858738,65.49090895660206,49.59763633425671,0.0
884,61.75375290858738,65.49090895660206,49.59763633425671,0.0
885,61.75375290858738,65.49090895660206,49.59763633425671,0.0
886,61.75375290858738,65.49090895660206,49.59763633425671,0.0
887,61.75375290858738,65.49090895660206,49.972186334256705,0.0
888,66.86755290858738,65.49090895660206,49.972186334256705,0.0
889,75.14625290858736,65.49090895660206,49.972186334256705,0.0
890,86.94490290858737,65.49090895660206,49.972186334256705,0.0
891,86.94490290858737,77.41975895660204,49.972186334256705,0.0
892,86.94490290858737,86.43280895660203,49.972186334256705,0.0
893,86.94490290858737,86.43280895660203,49.972186334256705,0.0
894,86.94490290858737,86.43280895660203,49.972186334256705,0.0
895,86.94490290858737,86.43280895660203,49.972186334256705,0.0
896,86.94490290858737,86.43280895660203,49.972186334256705,0.0
897,86.94490290858737,86.43280895660203,49.972186334256705,0.0
898,86.94490290858737,86.43280895660203,49.972186334256705,0.0
899,86.94490290858737,86.43280895660203,49.972186334256705,0.0
900,86.94490290858737,88.20345895660203,49.972186334256705,0.0
901,86.94490290858737,88.20345895660203,52.28388633425671,0.0
902,86.94490290858737,88.20345895660203,52.28388633425671,0.0
903,86.94490290858737,88.20345895660203,52.28388633425671,0.0
904,86.94490290858737,88.20345895660203,52.28388633425671,0.0
905,86.94490290858737,88.20345895660203,52.28388633425671,0.0
906,86.94490290858737,88.20345895660203,52.28388633425671,0.0
907,86.94490290858737,88.20345895660203,52.28388633425671,0.0
908,86.94490290858737,88.20345895660203,52.28388633425671,0.0
909,86.94490290858737,88.20345895660203,52.28388633425671,0.0
910,86.94490290858737,88.20345895660203,52.28388633425671,0.0
911,86.94490290858737,88.20345895660203,52.28388633425671,0.0
912,86.94490290858737,89.87185895660203,52.28388633425671,0.0
913,86.94490290858737,89.87185895660203,58.18973633425668,0.0
914,86.94490290858737,89.87185895660203,68.19488633425668,0.0
915,86.94490290858737,89.87185895660203,79.28303633425668,0.0
916,86.94490290858737,98.02160895660202,79.28303633425668,0.0
917,86.94490290858737,98.02160895660202,79.28303633425668,0.0
918,86.94490290858737,98.02160895660202,79.28303633425668,0.0
919,86.94490290858737,98.02160895660202,79.28303633425668,0.0
920,86.94490290858737,98.02160895660202,79.28303633425668,0.0
921,86.94490290858737,98.02160895660202,79.28303633425668,0.0
922,86.94490290858737,98.02160895660202,79.28303633425668,0.0
923,86.94490290858737,98.02160895660202,79.28303633425668,0.0
924,86.94490290858737,98.02160895660202,79.28303633425668,0.0
925,86.94490290858737,98.02160895660202,79.28303633425668,0.0
926,86.94490290858737,98.02160895660202,79.28303633425668,0.0
927,86.94490290858737,98.02160895660202,79.28303633425668,0.0
928,86.94490290858737,98.02160895660202,79.28303633425668,0.0
929,86.94490290858737,98.02160895660202,79.28303633425668,0.0
930,86.94490290858737,98.02160895660202,79.28303633425668,0.0
931,86.94490290858737,87.17075023084026,79.28303633425668,0.0
932,86.94490290858737,87.17075023084026,79.28303633425668,0.0
933,86.94490290858737,87.17075023084026,79.28303633425668,0.0
934,86.94490290858737,87.17075023084026,79.28303633425668,0.0
935,86.94490290858737,87.17075023084026,79.28303633425668,0.0
936,86.94490290858737,87.17075023084026,79.28303633425668,0.0
937,86.94490290858737,87.17075023084026,80.2499863342567,0.0
938,86.94490290858737,87.17075023084026,84.90608633425668,0.0
939,86.94490290858737,87.17075023084026,89.77753633425671,0.0
940,87.80740290858733,87.17075023084026,89.77753633425671,0.0
941,87.80740290858733,87.17075023084026,89.77753633425671,0.0
942,87.80740290858733,87.17075023084026,89.77753633425671,0.0
943,87.80740290858733,87.17075023084026,89.77753633425671,0.0
944,87.80740290858733,87.17075023084026,89.77753633425671,0.0
945,87.80740290858733,87.17075023084026,89.77753633425671,0.0
946,87.80740290858733,87.17075023084026,89.77753633425671,0.0
947,87.80740290858733,87.17075023084026,89.77753633425671,0.0
948,87.80740290858733,87.17075023084026,89.77753633425671,0.0
949,87.80740290858733,87.17075023084026,89.77753633425671,0.0
950,87.80740290858733,87.17075023084026,89.77753633425671,0.0
951,87.80740290858733,66.11811865189289,89.64850586334259,0.0
952,87.80740290858733,66.11811865189289,89.64850586334259,0.0
953,87.80740290858733,66.11811865189289,89.64850586334259,0.0
954,87.80740290858733,66.11811865189289,88.49919838411823,0.0
955,87.80740290858733,66.11811865189289,88.49919838411823,0.0
956,87.80740290858733,66.11811865189289,88.49919838411823,0.0
957,87.80740290858733,66.11811865189289,88.49919838411823,0.0
958,87.80740290858733,66.11811865189289,88.49919838411823,0.0
959,87.80740290858733,66.11811865189289,88.49919838411823,0.0
960,87.80740290858733,66.11811865189289,88.49919838411823,0.0
961,87.80740290858733,66.11811865189289,88.49919838411823,0.0
962,87.80740290858733,69.26181865189288,88.49919838411823,0.0
963,87.80740290858733,73.01196865189287,88.49919838411823,0.0
964,87.80740290858733,73.01196865189287,88.49919838411823,0.0
965,87.80740290858733,73.01196865189287,88.49919838411823,0.0
966,87.80740290858733,73.01196865189287,88.49919838411823,0.0
967,87.80740290858733,73.01196865189287,88.49919838411823,0.0
968,87.80740290858733,73.01196865189287,88.49919838411823,0.0
969,87.80740290858733,73.01196865189287,88.49919838411823,0.0
970,87.80740290858733,73.01196865189287,88.49919838411823,0.0
971,87.80740290858733,73.01196865189287,88.49919838411823,0.0
972,87.80740290858733,73.01196865189287,88.49919838411823,0.0
973,87.80740290858733,73.01196865189287,88.49919838411823,0.0
974,87.80740290858733,73.01196865189287,88.49919838411823,0.0
975,87.80740290858733,73.01196865189287,88.49919838411823,0.0
976,87.80740290858733,73.01196865189287,88.49919838411823,0.0
977,87.80740290858733,73.01196865189287,85.96717622345341,0.0
978,87.80740290858733,73.01196865189287,85.96717622345341,0.0
979,87.80740290858733,73.01196865189287,85.96717622345341,0.0
980,87.80740290858733,73.01196865189287,85.96717622345341,0.0
981,87.80740290858733,73.01196865189287,85.96717622345341,0.0
982,87.80740290858733,73.01196865189287,85.96717622345341,0.0
983,87.80740290858733,73.01196865189287,85.96717622345341,0.0
984,87.80740290858733,73.01196865189287,85.96717622345341,0.0
985,87.80740290858733,73.01196865189287,85.96717622345341,0.0
986,87.80740290858733,74.78136865189288,85.96717622345341,0.0
987,87.80740290858733,77.25686865189287,85.96717622345341,0.0
988,87.80740290858733,77.25686865189287,85.96717622345341,0.0
989,87.80740290858733,77.25686865189287,85.96717622345341,0.0
990,66.75477132963996,77.25686865189287,80.68501555863345,0.0
991,66.75477132963996,77.25686865189287,80.68501555863345,0.0
992,66.75477132963996,77.25686865189287,80.68501555863345,0.0
993,66.75477132963996,77.25686865189287,80.68501555863345,0.0
994,66.75477132963996,77.25686865189287,80.68501555863345,0.0
995,66.75477132963996,77.25686865189287,80.68501555863345,0.0
996,66.75477132963996,77.25686865189287,80.68501555863345,0.0
997,66.75477132963996,77.25686865189287,80.68501555863345,0.0
998,66.75477132963996,77.25686865189287,80.68501555863345,0.0
999,66.75477132963996,77.25686865189287,80.68501555863345,0.0
1000,66.75477132963996,77.25686865189287,80.68501555863345,0.0
1001,66.75477132963996,77.25686865189287,80.68501555863345,0.0
1002,66.75477132963996,77.25686865189287,80.68501555863345,0.0
1003,66.75477132963996,77.25686865189287,80.68501555863345,0.0
1004,66.75477132963996,77.25686865189287,80.68501555863345,0.0
1005,58.970450000000085,77.25686865189287,80.68501555863345,0.0
1006,58.970450000000085,77.25686865189287,80.68501555863345,0.0
1007,58.970450000000085,77.25686865189287,80.68501555863345,0.0
1008,58.970450000000085,77.25686865189287,80.68501555863345,0.0
1009,58.970450000000085,77.25686865189287,80.68501555863345,0.0
1010,62.096950000000085,77.25686865189287,80.68501555863345,0.0
1011,62.096950000000085,81.19686865189287,80.68501555863345,0.0
1012,62.096950000000085,82.28776865189285,80.68501555863345,0.0
1013,62.096950000000085,82.28776865189285,80.68501555863345,0.0
1014,62.096950000000085,82.28776865189285,80.68501555863345,0.0
1015,62.096950000000085,82.28776865189285,80.68501555863345,0.0
1016,62.096950000000085,82.28776865189285,74.83448924284397,0.0
1017,62.096950000000085,82.28776865189285,74.83448924284397,0.0
1018,62.096950000000085,82.28776865189285,74.83448924284397,0.0
1019,62.096950000000085,82.28776865189285,74.83448924284397,0.0
1020,62.096950000000085,82.28776865189285,74.83448924284397,0.0
1021,62.096950000000085,82.28776865189285,74.83448924284397,0.0
1022,62.096950000000085,82.28776865189285,74.83448924284397,0.0
1023,62.096950000000085,82.28776865189285,74.83448924284397,0.0
1024,62.096950000000085,82.28776865189285,74.83448924284397,0.0
1025,62.096950000000085,76.99343808864265,54.89131288088644,0.0
1026,62.096950000000085,76.99343808864265,54.89131288088644,0.0
1027,62.096950000000085,76.99343808864265,54.89131288088644,0.0
1028,62.096950000000085,76.99343808864265,54.89131288088644,0.0
1029,62.096950000000085,76.99343808864265,54.89131288088644,0.0
1030,62.096950000000085,76.99343808864265,54.89131288088644,0.0
1031,62.096950000000085,76.99343808864265,54.89131288088644,0.0
1032,62.096950000000085,76.99343808864265,54.89131288088644,0.0
1033,62.096950000000085,76.99343808864265,54.89131288088644,0.0
1034,63.136500000000076,76.99343808864265,54.89131288088644,0.0
1035,64.61465000000007,76.99343808864265,54.89131288088644,0.0
1036,64.61465000000007,76.99343808864265,54.89131288088644,0.0
1037,64.61465000000007,76.99343808864265,54.89131288088644,0.0
1038,64.61465000000007,76.99343808864265,54.89131288088644,0.0
1039,64.61465000000007,76.99343808864265,54.89131288088644,0.0
1040,64.61465000000007,76.99343808864265,54.89131288088644,0.0
1041,64.61465000000007,76.99343808864265,54.89131288088644,0.0
1042,64.61465000000007,76.99343808864265,54.89131288088644,0.0
1043,64.61465000000007,76.99343808864265,54.89131288088644,0.0
1044,64.61465000000007,76.99343808864265,54.89131288088644,0.0
1045,64.61465000000007,76.99343808864265,54.89131288088644,0.0
1046,53.8365890581718,76.99343808864265,54.89131288088644,0.0
1047,53.8365890581718,76.99343808864265,54.89131288088644,0.0
1048,53.8365890581718,76.99343808864265,54.89131288088644,0.0
1049,53.8365890581718,76.99343808864265,54.89131288088644,0.0
1050,53.8365890581718,76.99343808864265,54.89131288088644,0.0
1051,53.8365890581718,76.99343808864265,54.89131288088644,0.0
1052,53.8365890581718,76.99343808864265,54.89131288088644,0.0
1053,53.8365890581718,76.99343808864265,54.89131288088644,0.0
1054,53.8365890581718,76.99343808864265,54.89131288088644,0.0
1055,53.8365890581718,76.99343808864265,54.89131288088644,0.0
1056,53.8365890581718,76.99343808864265,54.89131288088644,0.0
1057,53.8365890581718,76.99343808864265,54.89131288088644,0.0
1058,53.8365890581718,76.99343808864265,54.89131288088644,0.0
1059,54.04648905817179,76.99343808864265,54.89131288088644,0.0
1060,54.04648905817179,76.99343808864265,54.89131288088644,0.0
1061,54.04648905817179,76.99343808864265,54.89131288088644,0.0
1062,54.04648905817179,76.99343808864265,54.89131288088644,0.0
1063,54.04648905817179,76.99343808864265,54.89131288088644,0.0
1064,54.04648905817179,76.99343808864265,54.89131288088644,0.0
1065,54.04648905817179,76.99343808864265,54.89131288088644,0.0
1066,54.04648905817179,76.99343808864265,54.89131288088644,0.0
1067,54.04648905817179,76.99343808864265,54.89131288088644,0.0
1068,54.04648905817179,76.99343808864265,54.89131288088644,0.0
1069,54.04648905817179,76.99343808864265,54.89131288088644,0.0
1070,54.04648905817179,76.99343808864265,54.89131288088644,0.0
1071,54.04648905817179,76.99343808864265,54.89131288088644,0.0
1072,54.04648905817179,76.99343808864265,54.89131288088644,0.0
1073,32.993857479224424,67.10518324099722,54.89131288088644,0.0
1074,32.993857479224424,67.10518324099722,54.89131288088644,0.0
1075,32.993857479224424,67.10518324099722,54.23978933518008,0.0
1076,32.993857479224424,67.10518324099722,54.23978933518008,0.0
1077,32.993857479224424,67.10518324099722,54.23978933518008,0.0
1078,32.993857479224424,67.10518324099722,54.23978933518008,0.0
1079,32.993857479224424,67.10518324099722,54.23978933518008,0.0
1080,32.993857479224424,67.10518324099722,54.23978933518008,0.0
1081,32.993857479224424,67.10518324099722,54.23978933518008,0.0
1082,35.58835747922441,67.10518324099722,54.23978933518008,0.0
1083,35.58835747922441,70.84048324099722,54.23978933518008,0.0
1084,35.58835747922441,70.84048324099722,54.897839335180066,0.0
1085,35.58835747922441,70.84048324099722,54.897839335180066,0.0
1086,35.58835747922441,70.84048324099722,54.897839335180066,0.0
1087,35.58835747922441,70.84048324099722,54.897839335180066,0.0
1088,35.58835747922441,70.84048324099722,54.897839335180066,0.0
1089,35.58835747922441,70.84048324099722,54.897839335180066,0.0
1090,35.58835747922441,70.84048324099722,54.897839335180066,0.0
1091,35.58835747922441,70.84048324099722,54.897839335180066,0.0
1092,35.58835747922441,70.84048324099722,54.897839335180066,0.0
1093,35.58835747922441,70.84048324099722,54.897839335180066,0.0
1094,35.58835747922441,70.84048324099722,54.897839335180066,0.0
1095,35.58835747922441,70.84048324099722,54.897839335180066,0.0
1096,35.58835747922441,70.84048324099722,54.897839335180066,0.0
1097,35.58835747922441,66.79366883656512,54.897839335180066,0.0
1098,35.58835747922441,63.53466606648202,54.897839335180066,0.0
1099,35.58835747922441,63.53466606648202,54.897839335180066,0.0
1100,35.58835747922441,63.53466606648202,54.897839335180066,0.0
1101,35.58835747922441,63.53466606648202,54.897839335180066,0.0
1102,35.58835747922441,63.53466606648202,54.897839335180066,0.0
1103,35.58835747922441,63.53466606648202,54.897839335180066,0.0
1104,35.58835747922441,63.53466606648202,54.897839335180066,0.0
1105,35.58835747922441,63.53466606648202,54.897839335180066,0.0
1106,35.58835747922441,63.53466606648202,54.897839335180066,0.0
1107,35.58835747922441,63.53466606648202,54.897839335180066,0.0
1108,35.58835747922441,63.53466606648202,54.897839335180066,0.0
1109,35.58835747922441,63.53466606648202,54.897839335180066,0.0
1110,35.58835747922441,63.53466606648202,44.9962326869806,0.0
1111,35.58835747922441,63.53466606648202,44.9962326869806,0.0
1112,35.58835747922441,63.53466606648202,44.9962326869806,0.0
1113,35.58835747922441,63.53466606648202,44.9962326869806,0.0
1114,35.58835747922441,63.53466606648202,44.9962326869806,0.0
1115,35.58835747922441,63.53466606648202,44.9962326869806,0.0
1116,35.58835747922441,63.53466606648202,44.9962326869806,0.0
1117,35.58835747922441,63.53466606648202,44.9962326869806,0.0
1118,35.58835747922441,63.53466606648202,44.9962326869806,0.0
1119,35.58835747922441,63.53466606648202,43.58997229916896,0.0
1120,35.58835747922441,63.53466606648202,43.58997229916896,0.0
1121,26.871072160664845,63.53466606648202,22.537340720221597,0.0
1122,13.289853324099731,63.53466606648202,1.4847091412742304,0.0
1123,13.289853324099731,63.53466606648202,1.4847091412742304,0.0
1124,13.289853324099731,63.53466606648202,1.4847091412742304,0.0
1125,13.289853324099731,63.53466606648202,1.4847091412742304,0.0
1126,13.289853324099731,63.53466606648202,1.4847091412742304,0.0
1127,13.289853324099731,63.53466606648202,1.4847091412742304,0.0
1128,13.289853324099731,63.53466606648202,1.4847091412742304,0.0
1129,13.289853324099731,63.53466606648202,1.4847091412742304,0.0
1130,13.289853324099731,63.53466606648202,1.4847091412742304,0.0
1131,13.289853324099731,63.53466606648202,1.4847091412742304,0.0
1132,13.289853324099731,63.53466606648202,1.4847091412742304,0.0
1133,13.289853324099731,63.53466606648202,1.4847091412742304,0.0
1134,13.289853324099731,63.53466606648202,1.4847091412742304,0.0
1135,13.289853324099731,63.53466606648202,1.4847091412742304,0.0
1136,13.289853324099731,63.53466606648202,1.4847091412742304,0.0
1137,13.289853324099731,63.53466606648202,1.4847091412742304,0.0
1138,13.289853324099731,63.53466606648202,1.4847091412742304,0.0
1139,13.289853324099731,63.53466606648202,1.4847091412742304,0.0
1140,13.289853324099731,63.53466606648202,1.4847091412742304,0.0
1141,13.289853324099731,63.53466606648202,1.4847091412742304,0.0
1142,13.289853324099731,63.53466606648202,1.4847091412742304,0.0
1143,13.289853324099731,63.53466606648202,1.4847091412742304,0.0
1144,13.289853324099731,63.53466606648202,0.0,0.0
1145,13.289853324099731,63.53466606648202,-0.0,0.0
1146,13.289853324099731,55.40746385041555,-0.0,0.0
1147,13.289853324099731,55.40746385041555,-0.0,0.0
1148,13.289853324099731,55.40746385041555,-0.0,0.0
1149,13.289853324099731,55.40746385041555,-0.0,0.0
1150,13.289853324099731,55.40746385041555,-0.0,0.0
1151,13.289853324099731,55.40746385041555,-0.0,0.0
1152,13.289853324099731,55.40746385041555,-0.0,0.0
1153,13.289853324099731,55.40746385041555,-0.0,0.0
1154,13.289853324099731,55.40746385041555,-0.0,0.0
1155,13.289853324099731,55.40746385041555,-0.0,0.0
1156,13.289853324099731,55.40746385041555,-0.0,0.0
1157,13.289853324099731,55.40746385041555,-0.0,0.0
1158,13.289853324099731,55.40746385041555,-0.0,0.0
1159,13.289853324099731,55.40746385041555,-0.0,0.0
1160,13.289853324099731,55.40746385041555,-0.0,0.0
1161,13.289853324099731,55.40746385041555,-0.0,0.0
1162,13.289853324099731,55.40746385041555,-0.0,0.0
1163,13.289853324099731,55.40746385041555,-0.0,0.0
1164,13.289853324099731,55.40746385041555,-0.0,0.0
1165,13.289853324099731,55.40746385041555,-0.0,0.0
1166,13.289853324099731,55.40746385041555,-0.0,0.0
1167,13.289853324099731,55.40746385041555,-0.0,0.0
1168,13.289853324099731,55.40746385041555,-0.0,0.0
1169,7.547914265927989,34.35483227146819,-0.0,0.0
1170,7.547914265927989,34.35483227146819,-0.0,0.0
1171,7.547914265927989,34.35483227146819,-0.0,0.0
1172,7.547914265927989,34.35483227146819,-0.0,0.0
1173,7.547914265927989,34.35483227146819,-0.0,0.0
1174,7.547914265927989,34.35483227146819,-0.0,0.0
1175,7.547914265927989,34.35483227146819,-0.0,0.0
1176,7.547914265927989,34.35483227146819,-0.0,0.0
1177,7.547914265927989,34.35483227146819,-0.0,0.0
1178,8.993964265927984,34.35483227146819,-0.0,0.0
1179,8.993964265927984,36.31648227146819,-0.0,0.0
1180,8.993964265927984,36.31648227146819,-0.0,0.0
1181,8.993964265927984,36.31648227146819,-0.0,0.0
1182,8.993964265927984,36.31648227146819,-0.0,0.0
1183,8.993964265927984,36.31648227146819,-0.0,0.0
1184,8.993964265927984,36.31648227146819,-0.0,0.0
1185,8.993964265927984,36.31648227146819,-0.0,0.0
1186,8.993964265927984,36.31648227146819,-0.0,0.0
1187,8.993964265927984,36.31648227146819,-0.0,0.0
1188,9.019314265927967,36.31648227146819,-0.0,0.0
1189,9.509564265927978,36.31648227146819,-0.0,0.0
1190,9.509564265927978,36.31648227146819,-0.0,0.0
1191,9.509564265927978,36.31648227146819,-0.0,0.0
1192,9.509564265927978,36.31648227146819,-0.0,0.0
1193,9.509564265927978,36.31648227146819,-0.0,0.0
1194,9.509564265927978,36.31648227146819,-0.0,0.0
1195,9.509564265927978,36.31648227146819,-0.0,0.0
1196,9.509564265927978,36.31648227146819,-0.0,0.0
1197,9.509564265927978,36.31648227146819,-0.0,0.0
1198,9.509564265927978,36.31648227146819,-0.0,0.0
1199,9.509564265927978,36.31648227146819,-0.0,0.0
1200,9.509564265927978,36.31648227146819,-0.0,0.0
1201,9.509564265927978,36.31648227146819,-0.0,0.0
1202,9.509564265927978,36.31648227146819,-0.0,0.0
1203,9.509564265927978,36.72138227146819,-0.0,0.0
1204,9.509564265927978,36.72138227146819,-0.0,0.0
1205,9.509564265927978,36.72138227146819,-0.0,0.0
1206,9.509564265927978,36.72138227146819,-0.0,0.0
1207,9.509564265927978,36.72138227146819,-0.0,0.0
1208,9.509564265927978,36.72138227146819,-0.0,0.0
1209,9.509564265927978,36.72138227146819,-0.0,0.0
1210,9.509564265927978,36.72138227146819,-0.0,0.0
1211,9.509564265927978,36.72138227146819,-0.0,0.0
1212,9.509564265927978,36.72138227146819,0.11689999999999107,0.0
1213,10.348864265927967,36.72138227146819,0.11689999999999107,0.0
1214,10.348864265927967,36.72138227146819,0.11689999999999107,0.0
1215,10.348864265927967,36.72138227146819,0.11689999999999107,0.0
1216,10.348864265927967,36.72138227146819,0.11689999999999107,0.0
1217,10.348864265927967,36.72138227146819,0.11689999999999107,0.0
1218,10.348864265927967,36.72138227146819,0.11689999999999107,0.0
1219,10.348864265927967,34.07102216066485,0.11689999999999107,0.0
1220,10.348864265927967,34.07102216066485,0.11689999999999107,0.0
1221,10.348864265927967,34.07102216066485,0.11689999999999107,0.0
1222,10.348864265927967,34.07102216066485,0.11689999999999107,0.0
1223,10.348864265927967,34.07102216066485,0.11689999999999107,0.0
1224,10.348864265927967,34.07102216066485,0.11689999999999107,0.0
1225,10.348864265927967,34.07102216066485,0.11689999999999107,0.0
1226,10.348864265927967,34.07102216066485,0.11689999999999107,0.0
1227,10.348864265927967,34.07102216066485,0.11689999999999107,0.0
1228,10.348864265927967,34.07102216066485,0.11689999999999107,0.0
1229,10.348864265927967,34.07102216066485,0.11689999999999107,0.0
1230,10.348864265927967,34.07102216066485,0.11689999999999107,0.0
1231,10.348864265927967,34.07102216066485,0.11689999999999107,0.0
1232,10.348864265927967,34.07102216066485,0.11689999999999107,0.0
1233,10.348864265927967,31.09351523545707,0.11689999999999107,0.0
1234,10.348864265927967,31.09351523545707,0.11689999999999107,0.0
1235,10.348864265927967,31.09351523545707,0.11689999999999107,0.0
1236,10.348864265927967,31.09351523545707,0.11689999999999107,0.0
1237,10.348864265927967,31.09351523545707,0.11689999999999107,0.0
1238,10.348864265927967,31.09351523545707,0.11689999999999107,0.0
1239,10.348864265927967,31.09351523545707,0.11689999999999107,0.0
1240,10.348864265927967,31.09351523545707,0.11689999999999107,0.0
1241,10.348864265927967,31.09351523545707,0.11689999999999107,0.0
1242,10.348864265927967,31.09351523545707,0.11689999999999107,0.0
1243,10.348864265927967,31.09351523545707,0.11689999999999107,0.0
1244,10.348864265927967,31.09351523545707,0.11689999999999107,0.0
1245,10.348864265927967,31.09351523545707,0.11689999999999107,0.0
1246,10.348864265927967,31.09351523545707,0.11689999999999107,0.0
1247,10.348864265927967,31.09351523545707,0.11689999999999107,0.0
1248,10.348864265927967,31.09351523545707,0.11689999999999107,0.0
1249,10.348864265927967,31.09351523545707,0.11689999999999107,0.0
1250,10.348864265927967,31.09351523545707,0.11689999999999107,0.0
1251,10.348864265927967,31.09351523545707,0.11689999999999107,0.0
1252,10.348864265927967,31.09351523545707,0.11689999999999107,0.0
1253,10.348864265927967,31.09351523545707,0.11689999999999107,0.0
1254,10.348864265927967,31.09351523545707,0.11689999999999107,0.0
1255,10.348864265927967,31.09351523545707,0.11689999999999107,0.0
1256,10.348864265927967,31.09351523545707,0.11689999999999107,0.0
1257,10.348864265927967,31.09351523545707,0.11689999999999107,0.0
1258,10.348864265927967,31.09351523545707,0.11689999999999107,0.0
1259,10.348864265927967,31.09351523545707,0.11689999999999107,0.0
1260,10.348864265927967,31.09351523545707,0.11689999999999107,0.0
1261,10.348864265927967,31.09351523545707,0.11689999999999107,0.0
1262,10.348864265927967,31.09351523545707,0.11689999999999107,0.0
1263,10.348864265927967,31.09351523545707,0.11689999999999107,0.0
1264,10.348864265927967,31.09351523545707,0.11689999999999107,0.0
1265,0.0,31.09351523545707,0.11689999999999107,0.0
1266,-0.0,31.09351523545707,0.11689999999999107,0.0
1267,-0.0,31.09351523545707,0.11689999999999107,0.0
1268,-0.0,31.09351523545707,0.11689999999999107,0.0
1269,-0.0,31.09351523545707,0.11689999999999107,0.0
1270,-0.0,31.09351523545707,0.11689999999999107,0.0
1271,-0.0,31.09351523545707,0.11689999999999107,0.0
1272,-0.0,31.09351523545707,0.11689999999999107,0.0
1273,-0.0,31.09351523545707,0.11689999999999107,0.0
1274,2.747749999999992,31.09351523545707,0.11689999999999107,0.0
1275,5.604699999999974,31.09351523545707,0.11689999999999107,0.0
1276,5.604699999999974,31.09351523545707,0.11689999999999107,0.0
1277,5.604699999999974,31.09351523545707,0.11689999999999107,0.0
1278,5.604699999999974,31.09351523545707,0.11689999999999107,0.0
1279,5.604699999999974,31.09351523545707,0.11689999999999107,0.0
1280,5.604699999999974,31.09351523545707,0.11689999999999107,0.0
1281,5.604699999999974,31.09351523545707,0.11689999999999107,0.0
1282,5.604699999999974,31.09351523545707,0.11689999999999107,0.0
1283,5.604699999999974,31.09351523545707,0.11689999999999107,0.0
1284,5.604699999999974,31.09351523545707,0.11689999999999107,0.0
1285,5.604699999999974,31.09351523545707,0.11689999999999107,0.0
1286,5.604699999999974,31.09351523545707,0.11689999999999107,0.0
1287,5.604699999999974,31.09351523545707,0.11689999999999107,0.0
1288,5.604699999999974,31.09351523545707,0.11689999999999107,0.0
1289,5.604699999999974,28.417227146814415,0.11689999999999107,0.0
1290,5.604699999999974,28.417227146814415,0.11689999999999107,0.0
1291,5.604699999999974,28.417227146814415,0.11689999999999107,0.0
1292,5.604699999999974,28.417227146814415,0.11689999999999107,0.0
1293,5.604699999999974,28.417227146814415,0.11689999999999107,0.0
1294,5.604699999999974,28.417227146814415,0.11689999999999107,0.0
1295,5.604699999999974,28.417227146814415,0.11689999999999107,0.0
1296,5.604699999999974,28.417227146814415,0.11689999999999107,0.0
1297,5.604699999999974,28.417227146814415,0.11689999999999107,0.0
1298,5.604699999999974,28.417227146814415,0.11689999999999107,0.0
1299,5.604699999999974,28.417227146814415,0.11689999999999107,0.0
1300,5.604699999999974,28.417227146814415,0.11689999999999107,0.0
1301,5.604699999999974,28.417227146814415,0.11689999999999107,0.0
1302,5.604699999999974,28.417227146814415,0.11689999999999107,0.0
1303,5.604699999999974,28.417227146814415,0.11689999999999107,0.0
1304,5.604699999999974,28.417227146814415,0.11689999999999107,0.0
1305,5.604699999999974,28.417227146814415,0.11689999999999107,0.0
1306,5.604699999999974,28.417227146814415,0.11689999999999107,0.0
1307,5.604699999999974,28.417227146814415,0.11689999999999107,0.0
1308,5.604699999999974,28.417227146814415,0.11689999999999107,0.0
1309,5.604699999999974,28.417227146814415,0.11689999999999107,0.0
1310,5.604699999999974,28.417227146814415,0.11689999999999107,0.0
1311,5.604699999999974,28.417227146814415,0.11689999999999107,0.0
1312,5.604699999999974,28.417227146814415,0.11689999999999107,0.0
1313,5.604699999999974,18.095066481994483,0.11689999999999107,0.0
1314,5.604699999999974,18.095066481994483,0.11689999999999107,0.0
1315,5.604699999999974,18.095066481994483,0.11689999999999107,0.0
1316,5.604699999999974,18.095066481994483,0.11689999999999107,0.0
1317,5.604699999999974,18.095066481994483,0.11689999999999107,0.0
1318,5.604699999999974,18.095066481994483,0.11689999999999107,0.0
1319,5.604699999999974,18.095066481994483,0.11689999999999107,0.0
1320,5.604699999999974,18.095066481994483,0.11689999999999107,0.0
1321,5.604699999999974,18.095066481994483,0.11689999999999107,0.0
1322,5.604699999999974,18.095066481994483,0.11689999999999107,0.0
1323,5.604699999999974,18.095066481994483,0.11689999999999107,0.0
1324,5.604699999999974,18.095066481994483,0.11689999999999107,0.0
1325,5.604699999999974,18.095066481994483,0.11689999999999107,0.0
1326,5.604699999999974,18.095066481994483,0.11689999999999107,0.0
1327,5.604699999999974,18.095066481994483,0.11689999999999107,0.0
1328,5.604699999999974,18.095066481994483,0.11689999999999107,0.0
1329,5.604699999999974,18.095066481994483,0.11689999999999107,0.0
1330,5.604699999999974,18.095066481994483,0.11689999999999107,0.0
1331,5.604699999999974,18.095066481994483,0.11689999999999107,0.0
1332,5.604699999999974,18.095066481994483,0.11689999999999107,0.0
1333,5.604699999999974,18.095066481994483,0.11689999999999107,0.0
1334,5.604699999999974,18.095066481994483,0.11689999999999107,0.0
1335,5.604699999999974,18.095066481994483,0.11689999999999107,0.0
1336,5.604699999999974,18.095066481994483,0.11689999999999107,0.0
1337,5.604699999999974,18.095066481994483,0.11689999999999107,0.0
1338,5.604699999999974,18.095066481994483,0.11689999999999107,0.0
1339,5.604699999999974,18.095066481994483,0.11689999999999107,0.0
1340,5.604699999999974,18.095066481994483,0.11689999999999107,0.0
1341,5.604699999999974,18.095066481994483,0.11689999999999107,0.0
1342,5.604699999999974,18.095066481994483,0.11689999999999107,0.0
1343,5.604699999999974,18.095066481994483,0.11689999999999107,0.0
1344,5.604699999999974,18.095066481994483,0.11689999999999107,0.0
1345,5.604699999999974,18.095066481994483,0.11689999999999107,0.0
1346,5.604699999999974,18.095066481994483,0.11689999999999107,0.0
1347,5.604699999999974,18.095066481994483,0.11689999999999107,0.0
1348,5.604699999999974,18.095066481994483,0.11689999999999107,0.0
1349,5.604699999999974,18.095066481994483,0.11689999999999107,0.0
1350,5.604699999999974,18.095066481994483,0.11689999999999107,0.0
1351,5.604699999999974,18.095066481994483,0.11689999999999107,0.0
1352,5.604699999999974,18.095066481994483,0.11689999999999107,0.0
1353,5.604699999999974,18.095066481994483,0.11689999999999107,0.0
1354,5.604699999999974,18.095066481994483,0.11689999999999107,0.0
1355,5.604699999999974,18.095066481994483,0.11689999999999107,0.0
1356,5.604699999999974,18.095066481994483,0.11689999999999107,0.0
1357,5.604699999999974,18.095066481994483,0.11689999999999107,0.0
1358,0.763931024930728,11.615835457063715,0.11689999999999107,0.0
1359,0.24947368421050584,11.615835457063715,-0.0,0.0
1360,0.24947368421050584,11.615835457063715,-0.0,0.0
1361,0.24947368421050584,11.615835457063715,-0.0,0.0
1362,0.24947368421050584,11.615835457063715,-0.0,0.0
1363,-0.0,11.615835457063715,0.0,0.0
1364,-0.0,11.615835457063715,-0.0,0.0
1365,-0.0,11.615835457063715,-0.0,0.0
1366,-0.0,11.615835457063715,-0.0,0.0
1367,-0.0,11.615835457063715,-0.0,0.0
1368,-0.0,11.615835457063715,-0.0,0.0
1369,0.0,11.615835457063715,-0.0,0.0
1370,1.3861999999999917,11.615835457063715,-0.0,0.0
1371,1.3861999999999917,12.849035457063728,-0.0,0.0
1372,1.3861999999999917,12.849035457063728,-0.0,0.0
1373,-0.0,0.0,-0.0,0.0
1374,-0.0,-0.0,-0.0,0.0
1375,-0.0,-0.0,-0.0,0.0
1376,-0.0,-0.0,-0.0,0.0
1377,-0.0,-0.0,-0.0,0.0
1378,-0.0,-0.0,-0.0,0.0
1379,0.0,-0.0,0.0,0.0
1380,0.0,-0.0,3.0864999999999987,0.0
1381,3.5310499999999747,-0.0,3.0864999999999987,0.0
1382,3.5310499999999747,0.6838500000000103,3.0864999999999987,0.0
1383,3.5310499999999747,0.6838500000000103,3.0864999999999987,0.0
1384,3.5310499999999747,0.6838500000000103,3.0864999999999987,0.0
1385,3.5310499999999747,0.6838500000000103,3.0864999999999987,0.0
1386,3.5310499999999747,0.6838500000000103,3.0864999999999987,0.0
1387,0.0,-0.0,0.0,0.0
1388,-0.0,-0.0,-0.0,0.0
1389,-0.0,-0.0,-0.0,0.0
1390,-0.0,0.0,-0.0,0.0
1391,-0.0,-0.0,-0.0,0.0
1392,2.085899999999994,-0.0,-0.0,0.0
1393,2.085899999999994,-0.0,6.384250000000007,0.0
1394,2.085899999999994,-0.0,16.672349999999987,0.0
1395,2.085899999999994,-0.0,27.257899999999978,0.0
1396,8.129899999999985,-0.0,27.257899999999978,0.0
1397,8.129899999999985,-0.0,27.257899999999978,0.0
1398,8.129899999999985,-0.0,27.257899999999978,0.0
1399,8.129899999999985,-0.0,27.257899999999978,0.0
1400,8.129899999999985,-0.0,27.257899999999978,0.0
1401,8.129899999999985,-0.0,27.257899999999978,0.0
1402,8.129899999999985,-0.0,27.257899999999978,0.0
1403,12.462199999999992,-0.0,27.257899999999978,0.0
1404,14.861281578947363,-0.0,32.9619184210526,0.0
1405,14.861281578947363,9.195499999999981,32.9619184210526,0.0
1406,21.052631578947366,9.195499999999981,32.9619184210526,0.0
1407,21.052631578947366,9.195499999999981,32.9619184210526,0.0
1408,21.052631578947366,9.195499999999981,32.9619184210526,0.0
1409,0.0,1.7990581717451521,25.768332548476398,0.0
1410,-0.0,1.7990581717451521,8.708720360110746,0.0
1411,-0.0,1.7990581717451521,4.86883116343485,0.0
1412,-0.0,1.7990581717451521,4.86883116343485,0.0
1413,-0.0,1.7990581717451521,4.86883116343485,0.0
1414,-0.0,1.7990581717451521,4.86883116343485,0.0
1415,0.0,0.0,4.86883116343485,0.0
1416,-0.0,-0.0,10.946081163434833,0.0
1417,-0.0,9.405200000000013,10.946081163434833,0.0
1418,12.536349999999999,9.405200000000013,10.946081163434833,0.0
1419,12.536349999999999,21.862300000000012,10.946081163434833,0.0
1420,20.34789999999998,21.862300000000012,10.946081163434833,0.0
1421,20.34789999999998,21.862300000000012,10.946081163434833,0.0
1422,20.34789999999998,21.862300000000012,10.946081163434833,0.0
1423,20.34789999999998,21.862300000000012,10.946081163434833,0.0
1424,20.34789999999998,21.862300000000012,10.946081163434833,0.0
1425,20.34789999999998,21.862300000000012,10.946081163434833,0.0
1426,20.34789999999998,21.862300000000012,12.908531163434812,0.0
1427,20.34789999999998,21.862300000000012,20.60753116343482,0.0
1428,32.16449999999997,21.862300000000012,20.60753116343482,0.0
1429,45.382899999999935,21.862300000000012,20.60753116343482,0.0
1430,45.382899999999935,32.327100000000016,20.60753116343482,0.0
1431,45.382899999999935,32.327100000000016,21.888081163434805,0.0
1432,45.382899999999935,32.327100000000016,21.888081163434805,0.0
1433,45.382899999999935,32.327100000000016,21.888081163434805,0.0
1434,45.382899999999935,32.327100000000016,21.888081163434805,0.0
1435,45.382899999999935,32.327100000000016,21.888081163434805,0.0
1436,45.382899999999935,32.327100000000016,21.888081163434805,0.0
1437,45.382899999999935,32.327100000000016,21.888081163434805,0.0
1438,45.382899999999935,32.327100000000016,21.888081163434805,0.0
1439,45.382899999999935,32.327100000000016,22.32688116343481,0.0
1440,45.382899999999935,35.042550000000006,22.32688116343481,0.0
1441,45.382899999999935,35.042550000000006,28.340881163434823,0.0
1442,54.70919999999993,35.042550000000006,28.340881163434823,0.0
1443,54.70919999999993,44.33160000000001,28.340881163434823,0.0
1444,54.70919999999993,44.33160000000001,33.45278116343482,0.0
1445,54.70919999999993,44.33160000000001,33.45278116343482,0.0
1446,54.70919999999993,44.33160000000001,33.45278116343482,0.0
1447,54.70919999999993,44.33160000000001,33.45278116343482,0.0
1448,54.70919999999993,44.33160000000001,33.45278116343482,0.0
1449,54.70919999999993,44.33160000000001,33.45278116343482,0.0
1450,54.70919999999993,44.33160000000001,39.664331163434824,0.0
1451,64.88899999999995,44.33160000000001,39.664331163434824,0.0
1452,77.79284999999996,44.33160000000001,39.664331163434824,0.0
1453,90.74999999999997,44.33160000000001,39.664331163434824,0.0
1454,90.74999999999997,44.33160000000001,49.41933116343482,0.0
1455,91.11229999999996,44.33160000000001,49.41933116343482,0.0
1456,91.11229999999996,44.33160000000001,49.41933116343482,0.0
1457,84.85612493074778,43.49370304709153,49.41933116343482,0.0
1458,84.85612493074778,28.037581163434997,49.41933116343482,0.0
1459,84.85612493074778,28.037581163434997,49.41933116343482,0.0
1460,84.85612493074778,28.037581163434997,49.41933116343482,0.0
1461,84.85612493074778,28.037581163434997,49.41933116343482,0.0
1462,84.85612493074778,28.037581163434997,49.41933116343482,0.0
1463,84.85612493074778,28.037581163434997,49.41933116343482,0.0
1464,84.85612493074778,29.629881163434995,49.41933116343482,0.0
1465,84.85612493074778,34.57703116343499,49.41933116343482,0.0
1466,92.5932249307478,34.57703116343499,49.41933116343482,0.0
1467,99.77167493074779,34.57703116343499,49.41933116343482,0.0
1468,99.77167493074779,34.57703116343499,51.4007811634348,0.0
1469,99.77167493074779,34.57703116343499,51.4007811634348,0.0
1470,99.77167493074779,34.57703116343499,51.4007811634348,0.0
1471,99.77167493074779,34.57703116343499,51.4007811634348,0.0
1472,99.77167493074779,34.57703116343499,51.4007811634348,0.0
1473,99.77167493074779,34.57703116343499,51.4007811634348,0.0
1474,99.77167493074779,34.57703116343499,51.4007811634348,0.0
1475,99.77167493074779,34.57703116343499,53.91568116343481,0.0
1476,99.77167493074779,34.57703116343499,59.89638116343478,0.0
1477,99.77167493074779,41.40058116343498,59.89638116343478,0.0
1478,99.77167493074779,45.177231163434946,59.89638116343478,0.0
1479,99.77167493074779,45.177231163434946,59.89638116343478,0.0
1480,99.77167493074779,45.177231163434946,59.89638116343478,0.0
1481,98.23704889196662,45.177231163434946,59.89638116343478,0.0
1482,98.14591315789461,45.177231163434946,59.89638116343478,0.0
1483,98.14591315789461,45.177231163434946,59.89638116343478,0.0
1484,98.14591315789461,45.177231163434946,59.89638116343478,0.0
1485,98.14591315789461,45.177231163434946,59.89638116343478,0.0
1486,98.14591315789461,45.177231163434946,59.89638116343478,0.0
1487,98.14591315789461,45.177231163434946,59.89638116343478,0.0
1488,98.14591315789461,45.177231163434946,59.89638116343478,0.0
1489,98.14591315789461,45.177231163434946,59.89638116343478,0.0
1490,98.14591315789461,45.177231163434946,59.89638116343478,0.0
1491,98.14591315789461,45.177231163434946,59.89638116343478,0.0
1492,98.14591315789461,45.177231163434946,59.89638116343478,0.0
1493,98.14591315789461,45.177231163434946,59.89638116343478,0.0
1494,98.14591315789461,31.97313144044324,59.89638116343478,0.0
1495,98.14591315789461,31.97313144044324,59.89638116343478,0.0
1496,98.14591315789461,23.811136980609437,59.89638116343478,0.0
1497,98.14591315789461,23.811136980609437,40.25798781163424,0.0
1498,98.14591315789461,23.811136980609437,40.25798781163424,0.0
1499,98.14591315789461,23.811136980609437,40.25798781163424,0.0
1500,98.14591315789461,23.811136980609437,40.25798781163424,0.0
1501,98.14591315789461,23.811136980609437,40.25798781163424,0.0
1502,98.14591315789461,23.811136980609437,40.25798781163424,0.0
1503,98.14591315789461,23.811136980609437,40.25798781163424,0.0
1504,98.14591315789461,23.811136980609437,40.25798781163424,0.0
1505,98.14591315789461,23.811136980609437,40.25798781163424,0.0
1506,98.14591315789461,2.758505401662071,35.68879113573395,0.0
1507,77.09328157894724,2.758505401662071,32.639816066481885,0.0
1508,77.09328157894724,2.758505401662071,32.639816066481885,0.0
1509,77.09328157894724,2.758505401662071,32.639816066481885,0.0
1510,77.09328157894724,2.758505401662071,32.639816066481885,0.0
1511,77.09328157894724,2.758505401662071,32.639816066481885,0.0
1512,77.09328157894724,2.758505401662071,32.639816066481885,0.0
1513,77.09328157894724,2.758505401662071,32.639816066481885,0.0
1514,77.09328157894724,2.758505401662071,32.639816066481885,0.0
1515,77.09328157894724,2.758505401662071,32.639816066481885,0.0
1516,77.09328157894724,2.758505401662071,32.639816066481885,0.0
1517,77.09328157894724,2.758505401662071,32.639816066481885,0.0
1518,77.09328157894724,2.758505401662071,32.639816066481885,0.0
1519,77.09328157894724,2.758505401662071,32.639816066481885,0.0
1520,77.09328157894724,2.758505401662071,32.639816066481885,0.0
1521,77.09328157894724,2.758505401662071,32.639816066481885,0.0
1522,77.09328157894724,2.758505401662071,32.639816066481885,0.0
1523,77.22628157894722,2.758505401662071,32.639816066481885,0.0
1524,77.22628157894722,7.067105401662037,32.639816066481885,0.0
1525,82.74928157894723,7.067105401662037,32.639816066481885,0.0
1526,82.74928157894723,9.880055401662036,32.639816066481885,0.0
1527,82.74928157894723,9.880055401662036,32.639816066481885,0.0
1528,61.69664999999986,5.994958448753448,32.639816066481885,0.0
1529,61.69664999999986,5.994958448753448,32.639816066481885,0.0
1530,45.43033753462614,5.994958448753448,28.34075457063677,0.0
1531,45.43033753462614,5.994958448753448,28.34075457063677,0.0
1532,45.43033753462614,0.0,28.34075457063677,0.0
1533,45.43033753462614,-0.0,28.34075457063677,0.0
1534,45.43033753462614,-0.0,28.34075457063677,0.0
1535,45.43033753462614,-0.0,28.34075457063677,0.0
1536,47.390437534626116,-0.0,28.34075457063677,0.0
1537,47.390437534626116,-0.0,33.90130457063674,0.0
1538,55.664537534626106,-0.0,33.90130457063674,0.0
1539,55.664537534626106,-0.0,41.590004570636744,0.0
1540,55.664537534626106,-0.0,43.93690457063674,0.0
1541,55.664537534626106,-0.0,43.93690457063674,0.0
1542,55.664537534626106,-0.0,43.93690457063674,0.0
1543,55.664537534626106,-0.0,43.93690457063674,0.0
1544,55.664537534626106,-0.0,43.93690457063674,0.0
1545,55.664537534626106,-0.0,43.93690457063674,0.0
1546,55.664537534626106,-0.0,43.93690457063674,0.0
1547,55.664537534626106,4.312850000000004,43.93690457063674,0.0
1548,55.664537534626106,12.585999999999991,43.93690457063674,0.0
1549,64.9205875346261,12.585999999999991,43.93690457063674,0.0
1550,64.9205875346261,12.585999999999991,50.36765457063675,0.0
1551,64.9205875346261,12.585999999999991,50.36765457063675,0.0
1552,64.9205875346261,12.585999999999991,50.32898421052593,0.0
1553,54.81571218836571,12.585999999999991,50.32898421052593,0.0
1554,36.96790055401668,12.585999999999991,50.32898421052593,0.0
1555,36.96790055401668,12.585999999999991,50.32898421052593,0.0
1556,36.96790055401668,12.585999999999991,50.32898421052593,0.0
1557,36.96790055401668,12.585999999999991,50.32898421052593,0.0
1558,36.96790055401668,12.585999999999991,50.32898421052593,0.0
1559,36.96790055401668,12.585999999999991,50.32898421052593,0.0
1560,41.98140055401667,12.585999999999991,50.32898421052593,0.0
1561,49.85005055401667,12.585999999999991,50.32898421052593,0.0
1562,49.85005055401667,22.721149999999987,50.32898421052593,0.0
1563,49.85005055401667,22.721149999999987,59.126434210525915,0.0
1564,52.71925055401666,22.721149999999987,59.126434210525915,0.0
1565,52.71925055401666,22.721149999999987,59.126434210525915,0.0
1566,52.71925055401666,22.721149999999987,59.126434210525915,0.0
1567,50.84130041551249,22.721149999999987,59.126434210525915,0.0
1568,50.84130041551249,22.721149999999987,59.126434210525915,0.0
1569,50.84130041551249,22.721149999999987,59.126434210525915,0.0
1570,50.84130041551249,22.721149999999987,59.126434210525915,0.0
1571,50.84130041551249,27.456999999999983,59.126434210525915,0.0
1572,50.84130041551249,35.97831842105213,59.16026578947377,0.0
1573,61.00840041551248,35.97831842105213,59.16026578947377,0.0
1574,61.00840041551248,44.14386842105213,59.16026578947377,0.0
1575,61.00840041551248,44.235868421052096,59.16026578947377,0.0
1576,61.00840041551248,44.235868421052096,59.16026578947377,0.0
1577,61.00840041551248,44.235868421052096,45.61688628808874,0.0
1578,61.00840041551248,27.23758587257565,45.61688628808874,0.0
1579,55.851004293628826,27.23758587257565,45.61688628808874,0.0
1580,55.851004293628826,27.23758587257565,45.61688628808874,0.0
1581,55.851004293628826,14.013715373961286,45.61688628808874,0.0
1582,55.851004293628826,14.013715373961286,45.61688628808874,0.0
1583,55.851004293628826,14.013715373961286,45.61688628808874,0.0
1584,57.19775429362883,14.013715373961286,45.61688628808874,0.0
1585,57.19775429362883,18.27936537396127,45.61688628808874,0.0
1586,63.717254293628834,18.27936537396127,45.61688628808874,0.0
1587,63.717254293628834,18.27936537396127,51.18443628808873,0.0
1588,63.717254293628834,18.27936537396127,51.18443628808873,0.0
1589,63.717254293628834,6.4188667590028174,51.18443628808873,0.0
1590,63.717254293628834,6.4188667590028174,51.18443628808873,0.0
1591,63.717254293628834,3.423465096952947,51.18443628808873,0.0
1592,63.717254293628834,3.423465096952947,51.18443628808873,0.0
1593,63.717254293628834,3.423465096952947,51.18443628808873,0.0
1594,63.717254293628834,3.423465096952947,54.312236288088734,0.0
1595,63.717254293628834,12.242915096952956,54.312236288088734,0.0
1596,63.717254293628834,24.48331509695298,54.312236288088734,0.0
1597,63.717254293628834,37.12066509695296,54.312236288088734,0.0
1598,73.2611542936288,37.12066509695296,54.312236288088734,0.0
1599,73.31365429362882,37.12066509695296,54.312236288088734,0.0
1600,73.31365429362882,37.12066509695296,54.312236288088734,0.0
1601,73.31365429362882,37.12066509695296,54.312236288088734,0.0
1602,73.31365429362882,37.12066509695296,54.312236288088734,0.0
1603,64.48096731301939,37.12066509695296,54.312236288088734,0.0
1604,64.48096731301939,37.12066509695296,54.312236288088734,0.0
1605,64.48096731301939,37.12066509695296,54.312236288088734,0.0
1606,64.48096731301939,37.12066509695296,54.312236288088734,0.0
1607,64.48096731301939,37.12066509695296,54.312236288088734,0.0
1608,64.48096731301939,37.12066509695296,54.312236288088734,0.0
1609,64.48096731301939,37.12066509695296,54.312236288088734,0.0
1610,64.48096731301939,37.12066509695296,54.946536288088744,0.0
1611,64.48096731301939,36.21905844875352,54.946536288088744,0.0
1612,64.48096731301939,36.21905844875352,54.946536288088744,0.0
1613,64.48096731301939,36.21905844875352,54.946536288088744,0.0
1614,53.7818537396122,36.21905844875352,54.946536288088744,0.0
1615,53.7818537396122,36.21905844875352,54.946536288088744,0.0
1616,53.7818537396122,33.4094739612189,54.946536288088744,0.0
1617,53.7818537396122,33.4094739612189,54.946536288088744,0.0
1618,53.7818537396122,33.4094739612189,54.946536288088744,0.0
1619,53.7818537396122,33.4094739612189,54.946536288088744,0.0
1620,53.7818537396122,33.4094739612189,58.323186288088735,0.0
1621,57.959953739612175,33.4094739612189,58.323186288088735,0.0
1622,57.959953739612175,33.4094739612189,59.24583628808874,0.0
1623,57.959953739612175,33.4094739612189,59.24583628808874,0.0
1624,57.959953739612175,33.4094739612189,59.24583628808874,0.0
1625,36.90732216066481,28.4086983379502,59.24583628808874,0.0
1626,36.90732216066481,28.4086983379502,54.670323822714764,0.0
1627,36.90732216066481,28.4086983379502,36.65348171745161,0.0
1628,36.90732216066481,28.4086983379502,36.65348171745161,0.0
1629,36.90732216066481,28.4086983379502,36.65348171745161,0.0
1630,36.90732216066481,28.4086983379502,36.65348171745161,0.0
1631,36.90732216066481,28.4086983379502,36.65348171745161,0.0
1632,36.90732216066481,28.4086983379502,36.65348171745161,0.0
1633,36.90732216066481,28.4086983379502,36.65348171745161,0.0
1634,36.90732216066481,28.4086983379502,36.65348171745161,0.0
1635,36.90732216066481,28.4086983379502,36.65348171745161,0.0
1636,36.90732216066481,28.4086983379502,36.65348171745161,0.0
1637,36.90732216066481,28.4086983379502,36.65348171745161,0.0
1638,36.90732216066481,28.4086983379502,36.65348171745161,0.0
1639,36.90732216066481,28.4086983379502,36.65348171745161,0.0
1640,36.90732216066481,28.4086983379502,36.65348171745161,0.0
1641,36.90732216066481,28.4086983379502,36.65348171745161,0.0
1642,36.90732216066481,28.99404833795016,36.65348171745161,0.0
1643,36.90732216066481,35.52244833795017,36.65348171745161,0.0
1644,36.90732216066481,45.79859833795015,36.65348171745161,0.0
1645,47.91772216066483,45.79859833795015,36.65348171745161,0.0
1646,55.53202216066481,45.79859833795015,36.65348171745161,0.0
1647,55.53202216066481,45.79859833795015,36.65348171745161,0.0
1648,34.64121883656509,45.79859833795015,36.65348171745161,0.0
1649,13.588587257617721,28.791894736842124,36.65348171745161,0.0
1650,13.588587257617721,28.791894736842124,36.65348171745161,0.0
1651,0.0,7.739263157894757,36.65348171745161,0.0
1652,-0.0,1.521202216066519,36.65348171745161,0.0
1653,-0.0,1.521202216066519,36.65348171745161,0.0
1654,-0.0,1.521202216066519,36.65348171745161,0.0
1655,-0.0,1.521202216066519,36.65348171745161,0.0
1656,-0.0,1.521202216066519,37.177181717451596,0.0
1657,0.0,4.821352216066507,37.177181717451596,0.0
1658,5.239399999999989,4.821352216066507,37.177181717451596,0.0
1659,5.239399999999989,8.907202216066498,37.177181717451596,0.0
1660,5.239399999999989,8.907202216066498,37.177181717451596,0.0
1661,5.239399999999989,8.907202216066498,37.177181717451596,0.0
1662,5.239399999999989,8.907202216066498,37.177181717451596,0.0
1663,5.239399999999989,8.907202216066498,37.177181717451596,0.0
1664,5.239399999999989,8.907202216066498,37.177181717451596,0.0
1665,5.239399999999989,-0.0,37.177181717451596,0.0
1666,5.239399999999989,0.0,37.177181717451596,0.0
1667,5.239399999999989,3.9557999999999875,37.177181717451596,0.0
1668,5.239399999999989,3.9557999999999875,44.38148171745161,0.0
1669,12.603899999999996,3.9557999999999875,44.38148171745161,0.0
1670,12.603899999999996,7.708149999999961,44.38148171745161,0.0
1671,12.603899999999996,7.708149999999961,44.38148171745161,0.0
1672,12.603899999999996,7.708149999999961,44.38148171745161,0.0
1673,12.603899999999996,-0.0,33.329631717451534,0.0
1674,12.603899999999996,-0.0,33.329631717451534,0.0
1675,12.603899999999996,-0.0,17.197720360110807,0.0
1676,12.603899999999996,-0.0,17.197720360110807,0.0
1677,12.603899999999996,-0.0,17.197720360110807,0.0
1678,12.603899999999996,0.0,17.197720360110807,0.0
1679,12.603899999999996,-0.0,17.197720360110807,0.0
1680,12.603899999999996,-0.0,17.197720360110807,0.0
1681,12.603899999999996,-0.0,17.197720360110807,0.0
1682,13.874949999999998,-0.0,17.197720360110807,0.0
1683,13.874949999999998,-0.0,17.197720360110807,0.0
1684,13.874949999999998,-0.0,17.197720360110807,0.0
1685,13.874949999999998,-0.0,17.197720360110807,0.0
1686,13.874949999999998,-0.0,17.197720360110807,0.0
1687,0.040149584487551904,0.0,0.0,0.0
1688,0.040149584487551904,-0.0,-0.0,0.0
1689,0.040149584487551904,-0.0,-0.0,0.0
1690,0.040149584487551904,-0.0,-0.0,0.0
1691,1.9119995844875737,-0.0,-0.0,0.0
1692,6.979749584487569,-0.0,-0.0,0.0
1693,6.979749584487569,-0.0,5.486499999999985,0.0
1694,9.675149584487544,-0.0,5.486499999999985,0.0
1695,9.675149584487544,-0.0,5.486499999999985,0.0
1696,9.675149584487544,-0.0,5.486499999999985,0.0
1697,9.675149584487544,-0.0,5.486499999999985,0.0
1698,9.093006925207758,-0.0,3.009639889196662,0.0
1699,9.093006925207758,-0.0,3.009639889196662,0.0
1700,9.093006925207758,-0.0,3.009639889196662,0.0
1701,9.093006925207758,0.0,0.0,0.0
1702,9.093006925207758,-0.0,-0.0,0.0
1703,9.093006925207758,-0.0,-0.0,0.0
1704,9.093006925207758,-0.0,-0.0,0.0
1705,9.494706925207758,-0.0,-0.0,0.0
1706,12.452206925207747,-0.0,-0.0,0.0
1707,12.452206925207747,1.8452999999999946,-0.0,0.0
1708,12.452206925207747,1.8452999999999946,-0.0,0.0
1709,12.452206925207747,1.8452999999999946,-0.0,0.0
1710,12.452206925207747,1.8452999999999946,-0.0,0.0
1711,12.452206925207747,1.8452999999999946,-0.0,0.0
1712,-0.0,-0.0,-0.0,0.0
1713,0.0,0.0,0.0,0.0
1714,4.74754999999996,0.0,0.0,0.0
1715,4.74754999999996,1.2542667590027428,8.771033240997255,0.0
1716,4.74754999999996,1.2542667590027428,22.057983240997252,0.0
1717,4.74754999999996,15.110816759002752,22.057983240997252,0.0
1718,4.74754999999996,15.110816759002752,33.01058324099723,0.0
1719,4.74754999999996,17.491966759002786,33.01058324099723,0.0
1720,4.74754999999996,17.491966759002786,33.01058324099723,0.0
1721,4.74754999999996,17.491966759002786,33.01058324099723,0.0
1722,4.74754999999996,-0.0,11.957951662049862,0.0
1723,4.74754999999996,-0.0,11.957951662049862,0.0
1724,4.74754999999996,-0.0,11.957951662049862,0.0
1725,4.74754999999996,-0.0,11.957951662049862,0.0
1726,4.74754999999996,-0.0,11.957951662049862,0.0
1727,3.421899030470864,0.0,11.957951662049862,0.0
1728,3.421899030470864,3.184149999999991,11.957951662049862,0.0
1729,9.262799030470852,3.184149999999991,11.957951662049862,0.0
1730,9.262799030470852,10.83779999999998,11.957951662049862,0.0
1731,9.262799030470852,16.991249999999987,11.957951662049862,0.0
1732,9.262799030470852,16.991249999999987,11.957951662049862,0.0
1733,9.262799030470852,16.991249999999987,11.957951662049862,0.0
1734,9.262799030470852,16.991249999999987,11.957951662049862,0.0
1735,9.262799030470852,16.40698407202212,11.957951662049862,0.0
1736,9.262799030470852,16.40698407202212,11.957951662049862,0.0
1737,9.262799030470852,16.40698407202212,11.957951662049862,0.0
1738,9.262799030470852,21.630184072022107,11.957951662049862,0.0
1739,19.74049903047085,21.630184072022107,11.957951662049862,0.0
1740,33.37659903047084,21.630184072022107,11.957951662049862,0.0
1741,33.37659903047084,35.34733407202211,11.957951662049862,0.0
1742,33.37659903047084,45.54173407202211,11.957951662049862,0.0
1743,33.37659903047084,45.54173407202211,12.585951662049844,0.0
1744,33.37659903047084,45.54173407202211,12.585951662049844,0.0
1745,33.37659903047084,45.54173407202211,12.585951662049844,0.0
1746,33.37659903047084,29.070265927977804,12.585951662049844,0.0
1747,33.37659903047084,29.070265927977804,12.585951662049844,0.0
1748,33.37659903047084,29.070265927977804,4.071104016620474,0.0
1749,33.37659903047084,29.070265927977804,4.071104016620474,0.0
1750,33.37659903047084,29.070265927977804,4.071104016620474,0.0
1751,33.37659903047084,29.070265927977804,4.071104016620474,0.0
1752,33.37659903047084,29.070265927977804,4.071104016620474,0.0
1753,33.37659903047084,29.070265927977804,6.173204016620467,0.0
1754,33.588467590027996,29.070265927977804,10.521135457063295,0.0
1755,37.22761759002798,29.070265927977804,10.521135457063295,0.0
1756,37.22761759002798,29.070265927977804,10.521135457063295,0.0
1757,37.22761759002798,29.070265927977804,10.521135457063295,0.0
1758,35.54351786703631,29.070265927977804,10.521135457063295,0.0
1759,35.54351786703631,29.070265927977804,10.521135457063295,0.0
1760,35.54351786703631,29.070265927977804,10.521135457063295,0.0
1761,35.54351786703631,29.307815927977796,10.521135457063295,0.0
1762,35.54351786703631,29.307815927977796,19.10028545706332,0.0
1763,49.56544127423847,29.71329252077564,19.10028545706332,0.0
1764,49.56544127423847,29.71329252077564,37.0787354570633,0.0
1765,68.05229127423844,29.71329252077564,37.0787354570633,0.0
1766,68.05229127423844,44.850742520775626,37.0787354570633,0.0
1767,68.05229127423844,50.83469252077563,37.0787354570633,0.0
1768,68.05229127423844,50.83469252077563,25.451477839334764,0.0
1769,68.05229127423844,50.83469252077563,25.451477839334764,0.0
1770,46.99965969529107,36.268044321329626,25.451477839334764,0.0
1771,25.94702811634371,27.888155124653697,25.451477839334764,0.0
1772,23.96564307479244,6.83552354570633,25.451477839334764,0.0
1773,23.96564307479244,6.83552354570633,25.451477839334764,0.0
1774,23.96564307479244,6.83552354570633,16.29097922437633,0.0
1775,23.96564307479244,6.83552354570633,16.29097922437633,0.0
1776,23.96564307479244,6.83552354570633,18.799529224376343,0.0
1777,23.96564307479244,12.212923545706328,18.799529224376343,0.0
1778,23.96564307479244,19.658473545706318,18.799529224376343,0.0
1779,30.524293074792432,19.658473545706318,18.799529224376343,0.0
1780,31.19049307479241,19.658473545706318,18.799529224376343,0.0
1781,31.19049307479241,19.658473545706318,18.799529224376343,0.0
1782,31.19049307479241,19.658473545706318,18.799529224376343,0.0
1783,31.19049307479241,19.658473545706318,18.799529224376343,0.0
1784,22.134371191135887,19.658473545706318,18.799529224376343,0.0
1785,23.33712119113587,19.658473545706318,18.799529224376343,0.0
1786,31.952271191135843,19.658473545706318,18.799529224376343,0.0
1787,31.952271191135843,19.658473545706318,32.11542922437634,0.0
1788,31.952271191135843,19.658473545706318,47.94597922437632,0.0
1789,31.952271191135843,19.658473545706318,63.93312922437631,0.0
1790,45.06872119113581,19.658473545706318,63.93312922437631,0.0
1791,49.6686711911358,19.658473545706318,63.93312922437631,0.0
1792,49.6686711911358,19.658473545706318,63.93312922437631,0.0
1793,49.6686711911358,19.658473545706318,56.06193808864223,0.0
1794,49.6686711911358,19.658473545706318,41.699555817174044,0.0
1795,49.6686711911358,16.74999709141271,41.699555817174044,0.0
1796,28.616039612188434,16.74999709141271,40.11451426592752,0.0
1797,28.616039612188434,16.74999709141271,40.11451426592752,0.0
1798,28.616039612188434,16.74999709141271,40.11451426592752,0.0
1799,28.616039612188434,16.74999709141271,40.11451426592752,0.0
1800,28.616039612188434,16.74999709141271,42.18936426592752,0.0
1801,28.616039612188434,16.74999709141271,46.84836426592753,0.0
1802,28.616039612188434,16.74999709141271,53.14776426592753,0.0
1803,28.616039612188434,21.668097091412697,53.14776426592753,0.0
1804,28.616039612188434,21.668097091412697,53.14776426592753,0.0
1805,28.616039612188434,21.668097091412697,38.863498337949686,0.0
1806,28.616039612188434,21.668097091412697,38.863498337949686,0.0
1807,28.616039612188434,20.066989058171707,38.863498337949686,0.0
1808,28.616039612188434,20.066989058171707,38.863498337949686,0.0
1809,28.616039612188434,16.964274376731304,38.863498337949686,0.0
1810,32.902589612188436,16.964274376731304,38.863498337949686,0.0
1811,41.745889612188435,16.964274376731304,38.863498337949686,0.0
1812,41.745889612188435,28.067924376731312,38.863498337949686,0.0
1813,41.745889612188435,28.067924376731312,49.72559833794968,0.0
1814,41.745889612188435,35.97922437673131,49.72559833794968,0.0
1815,41.745889612188435,35.97922437673131,49.72559833794968,0.0
1816,41.745889612188435,35.97922437673131,49.72559833794968,0.0
1817,41.745889612188435,35.97922437673131,49.72559833794968,0.0
1818,41.745889612188435,17.29711911357341,28.67296675900231,0.0
1819,41.745889612188435,17.29711911357341,28.67296675900231,0.0
1820,41.745889612188435,17.29711911357341,28.67296675900231,0.0
1821,21.25209459833802,17.29711911357341,28.67296675900231,0.0
1822,21.25209459833802,17.29711911357341,28.67296675900231,0.0
1823,21.25209459833802,17.29711911357341,28.67296675900231,0.0
1824,21.25209459833802,17.29711911357341,28.67296675900231,0.0
1825,23.498894598338005,17.29711911357341,28.67296675900231,0.0
1826,23.498894598338005,17.29711911357341,32.956466759002296,0.0
1827,23.498894598338005,17.29711911357341,35.877666759002295,0.0
1828,23.498894598338005,17.29711911357341,35.877666759002295,0.0
1829,23.498894598338005,17.29711911357341,35.877666759002295,0.0
1830,23.498894598338005,13.561939058171758,14.825035180054929,0.0
1831,23.498894598338005,13.561939058171758,14.825035180054929,0.0
1832,23.498894598338005,0.0,14.825035180054929,0.0
1833,19.898174376731355,-0.0,14.825035180054929,0.0
1834,19.898174376731355,-0.0,18.5714351800549,0.0
1835,19.898174376731355,-0.0,27.37943518005492,0.0
1836,19.898174376731355,10.930945429362362,28.720989750692542,0.0
1837,19.898174376731355,23.62914542936233,28.720989750692542,0.0
1838,19.898174376731355,33.21544542936233,28.720989750692542,0.0
1839,19.898174376731355,33.21544542936233,29.71168975069255,0.0
1840,19.898174376731355,33.21544542936233,29.71168975069255,0.0
1841,19.898174376731355,12.162813850414967,18.153795013850427,0.0
1842,19.898174376731355,12.162813850414967,-0.0,0.0
1843,12.930418144044351,12.162813850414967,-0.0,0.0
1844,12.930418144044351,12.162813850414967,-0.0,0.0
1845,12.930418144044351,12.162813850414967,0.0,0.0
1846,12.930418144044351,12.162813850414967,-0.0,0.0
1847,12.930418144044351,12.162813850414967,-0.0,0.0
1848,12.930418144044351,14.83046385041495,-0.0,0.0
1849,12.930418144044351,20.761263850414927,-0.0,0.0
1850,12.930418144044351,28.66646385041491,-0.0,0.0
1851,19.43726814404433,28.66646385041491,-0.0,0.0
1852,19.676068144044347,28.66646385041491,-0.0,0.0
1853,19.676068144044347,28.66646385041491,-0.0,0.0
1854,19.676068144044347,28.66646385041491,-0.0,0.0
1855,1.5354033240997376,28.66646385041491,0.0,0.0
1856,1.5354033240997376,28.66646385041491,-0.0,0.0
1857,2.8236533240997375,28.66646385041491,-0.0,0.0
1858,2.8236533240997375,28.66646385041491,8.506099999999996,0.0
1859,16.45985332409974,28.66646385041491,8.506099999999996,0.0
1860,33.17220332409973,28.66646385041491,8.506099999999996,0.0
1861,33.17220332409973,46.12426385041489,8.506099999999996,0.0
1862,33.17220332409973,46.12426385041489,23.01599999999999,0.0
1863,33.17220332409973,46.12426385041489,28.790349999999997,0.0
1864,33.17220332409973,46.12426385041489,28.790349999999997,0.0
1865,33.17220332409973,46.12426385041489,20.70209515235456,0.0
1866,16.896469252077576,25.071632271467525,20.70209515235456,0.0
1867,6.00804819944599,25.071632271467525,20.70209515235456,0.0
1868,6.00804819944599,25.071632271467525,20.70209515235456,0.0
1869,6.00804819944599,25.071632271467525,3.779590304709906,0.0
1870,6.00804819944599,25.071632271467525,3.779590304709906,0.0
1871,6.00804819944599,25.071632271467525,3.779590304709906,0.0
1872,7.822248199445996,25.071632271467525,3.779590304709906,0.0
1873,12.826648199445989,25.071632271467525,3.779590304709906,0.0
1874,12.826648199445989,25.071632271467525,11.0346903047099,0.0
1875,12.826648199445989,30.687582271467498,11.0346903047099,0.0
1876,12.826648199445989,30.687582271467498,11.0346903047099,0.0
1877,12.826648199445989,30.687582271467498,11.0346903047099,0.0
1878,12.826648199445989,30.687582271467498,11.0346903047099,0.0
1879,12.826648199445989,30.687582271467498,11.0346903047099,0.0
1880,-0.0,30.687582271467498,11.0346903047099,0.0
1881,-0.0,30.687582271467498,11.0346903047099,0.0
1882,0.0,36.84493227146748,11.0346903047099,0.0
1883,11.592849999999988,36.84493227146748,11.0346903047099,0.0
1884,26.74549999999998,36.84493227146748,11.0346903047099,0.0
1885,26.74549999999998,36.84493227146748,26.704390304709893,0.0
1886,38.90179999999995,36.84493227146748,26.704390304709893,0.0
1887,38.90179999999995,39.131332271467464,26.704390304709893,0.0
1888,38.90179999999995,39.131332271467464,26.704390304709893,0.0
1889,38.90179999999995,39.131332271467464,10.42954265928054,0.0
1890,17.849168421052585,18.078700692520098,5.94666177285392,0.0
1891,17.849168421052585,18.078700692520098,5.94666177285392,0.0
1892,17.849168421052585,18.078700692520098,5.94666177285392,0.0
1893,17.849168421052585,18.078700692520098,5.94666177285392,0.0
1894,17.849168421052585,18.078700692520098,5.94666177285392,0.0
1895,17.849168421052585,18.078700692520098,5.94666177285392,0.0
1896,17.849168421052585,18.078700692520098,5.94666177285392,0.0
1897,17.849168421052585,18.078700692520098,5.94666177285392,0.0
1898,19.839068421052573,18.078700692520098,5.94666177285392,0.0
1899,19.839068421052573,18.078700692520098,7.28511177285391,0.0
1900,19.839068421052573,18.078700692520098,7.28511177285391,0.0
1901,19.839068421052573,18.078700692520098,7.28511177285391,0.0
1902,13.741425623267958,-0.0,7.28511177285391,0.0
1903,0.0,0.0,-0.0,0.0
1904,-0.0,-0.0,0.0,0.0
1905,-0.0,0.9181999999999654,0.0,0.0
1906,9.338899999999999,0.9181999999999654,-0.0,0.0
1907,9.338899999999999,0.9181999999999654,14.983000000000006,0.0
1908,27.324850000000005,0.9181999999999654,14.983000000000006,0.0
1909,27.324850000000005,19.064299999999953,14.983000000000006,0.0
1910,27.324850000000005,19.064299999999953,29.563850000000006,0.0
1911,27.324850000000005,24.70789999999993,29.563850000000006,0.0
1912,27.324850000000005,24.70789999999993,18.04927936288086,0.0
1913,27.324850000000005,24.70789999999993,18.04927936288086,0.0
1914,20.014062603878166,21.052631578947366,12.972535180055424,0.0
1915,20.014062603878166,21.052631578947366,12.972535180055424,0.0
1916,20.014062603878166,0.0,7.924114127423838,0.0
1917,20.014062603878166,-0.0,7.924114127423838,0.0
1918,20.014062603878166,-0.0,7.924114127423838,0.0
1919,20.014062603878166,-0.0,7.924114127423838,0.0
1920,20.014062603878166,-0.0,9.330914127423826,0.0
1921,20.014062603878166,4.12815,9.330914127423826,0.0
1922,26.103412603878162,4.12815,9.330914127423826,0.0
1923,31.105312603878136,4.12815,9.330914127423826,0.0
1924,31.105312603878136,4.12815,9.330914127423826,0.0
1925,17.63201620498617,4.12815,9.330914127423826,0.0
1926,0.0,0.0,9.330914127423826,0.0
1927,-0.0,-0.0,9.330914127423826,0.0
1928,0.0,0.0,0.0,0.0
1929,2.351700000000028,-0.0,-0.0,0.0
1930,6.65885470914127,-0.0,7.031195290858744,0.0
1931,6.65885470914127,17.403700000000015,7.031195290858744,0.0
1932,25.65885470914127,17.403700000000015,8.59419529085874,0.0
1933,27.135304709141288,17.403700000000015,27.594195290858742,0.0
1934,44.03925470914126,17.403700000000015,27.594195290858742,0.0
1935,44.03925470914126,17.403700000000015,35.70324529085874,0.0
1936,44.03925470914126,8.86486343490305,35.70324529085874,0.0
1937,22.986623130193898,8.774182825484795,31.307554709141264,0.0
1938,22.986623130193898,8.774182825484795,27.885621052631656,0.0
1939,1.9339915512465335,0.0,27.885621052631656,0.0
1940,1.9339915512465335,-0.0,25.61448531855962,0.0
1941,1.9339915512465335,-0.0,8.560524099723064,0.0
1942,1.9339915512465335,-0.0,8.560524099723064,0.0
1943,1.9339915512465335,-0.0,9.589374099723061,0.0
1944,1.9339915512465335,4.311749999999983,9.589374099723061,0.0
1945,1.9339915512465335,4.311749999999983,17.14032409972305,0.0
1946,11.731441551246533,4.311749999999983,17.14032409972305,0.0
1947,11.731441551246533,12.762999999999977,17.14032409972305,0.0
1948,13.725041551246544,12.762999999999977,17.14032409972305,0.0
1949,13.725041551246544,3.6538033240996874,17.14032409972305,0.0
1950,13.725041551246544,3.6538033240996874,0.10708310249311011,0.0
1951,0.0,3.6538033240996874,0.10708310249311011,0.0
1952,0.0,0.0,0.0,0.0
1953,-0.0,-0.0,5.83255000000001,0.0
1954,12.546900000000006,-0.0,5.83255000000001,0.0
1955,12.546900000000006,17.17815000000002,5.83255000000001,0.0
1956,13.930249999999985,17.17815000000002,24.832550000000012,0.0
1957,21.699556094182807,22.961610387811636,32.44393351800556,0.0
1958,40.569806094182795,22.961610387811636,32.44393351800556,0.0
1959,40.569806094182795,33.98046038781165,32.44393351800556,0.0
1960,40.569806094182795,29.55087590027707,32.44393351800556,0.0
1961,40.569806094182795,10.439113573407221,32.44393351800556,0.0
1962,19.517174515235425,2.758393351800551,32.44393351800556,0.0
1963,19.517174515235425,0.0,11.39130193905819,0.0
1964,1.7081994459833763,0.0,11.39130193905819,0.0
1965,1.7081994459833763,-0.0,0.0,0.0
1966,0.0,0.0,0.0,0.0
1967,4.889916666666664,0.0,0.0,0.0
1968,4.889916666666664,2.2061631117267098,4.3871702216066275,0.0
1969,4.889916666666664,11.51509644506006,4.3871702216066275,0.0
1970,4.889916666666664,11.51509644506006,19.00072022160665,0.0
1971,13.68346666666666,11.51509644506006,19.00072022160665,0.0
1972,20.742416666666646,11.51509644506006,19.00072022160665,0.0
1973,20.742416666666646,11.51509644506006,14.66415512465375,0.0
1974,20.742416666666646,11.51509644506006,1.7838227146814498,0.0
1975,20.742416666666646,1.0680604339797206,1.7838227146814498,0.0
1976,20.742416666666646,1.0680604339797206,0.0,0.0
1977,20.742416666666646,1.0680604339797206,8.021150000000011,0.0
1978,20.742416666666646,1.0680604339797206,21.587566666666675,0.0
1979,20.742416666666646,19.797777100646403,21.587566666666675,0.0
1980,20.742416666666646,38.7977771006464,23.4384,0.0
1981,23.829049999999967,38.7977771006464,42.4384,0.0
1982,42.82904999999997,41.66069376731307,42.4384,0.0
1983,42.82904999999997,41.66069376731307,57.02756666666664,0.0
1984,42.82904999999997,41.66069376731307,57.02756666666664,0.0
1985,42.82904999999997,28.52628933518013,57.02756666666664,0.0
1986,42.82904999999997,27.05415637119122,35.974935087719274,0.0
1987,42.82904999999997,8.132217313019463,35.974935087719274,0.0
1988,29.87098905817171,8.132217313019463,35.974935087719274,0.0
1989,23.18622451523543,8.132217313019463,35.974935087719274,0.0
1990,23.18622451523543,8.132217313019463,36.090101754385955,0.0
1991,23.18622451523543,8.132217313019463,43.721468421052634,0.0
1992,23.18622451523543,8.132217313019463,52.86688508771928,0.0
1993,23.18622451523543,20.012433979686136,52.86688508771928,0.0
1994,36.20694118190208,20.012433979686136,52.86688508771928,0.0
1995,38.48585794090488,30.341717220683357,52.86688508771928,0.0
1996,44.31015304709142,30.341717220683357,52.86688508771928,0.0
1997,38.993587950138505,30.341717220683357,52.86688508771928,0.0
1998,38.993587950138505,30.341717220683357,39.664281209602926,0.0
1999,38.993587950138505,30.341717220683357,30.68500143120957,0.0
2000,38.993587950138505,32.41796722068333,30.68500143120957,0.0
2001,38.993587950138505,42.260583887349995,30.68500143120957,0.0
2002,38.993587950138505,51.88540198522626,39.59383333333331,0.0
2003,57.993587950138505,51.88540198522626,41.34321666666666,0.0
2004,76.9935879501385,51.88540198522626,48.10278333333335,0.0
2005,76.9935879501385,60.40770198522626,67.10278333333335,0.0
2006,76.9935879501385,65.51905198522626,86.10278333333335,0.0
2007,76.9935879501385,65.51905198522626,100.0,0.0
2008,76.9935879501385,65.51905198522626,100.0,0.0
2009,60.49281232686982,65.51905198522626,100.0,0.0
2010,54.54289542936287,65.51905198522626,78.94736842105263,0.0
2011,33.4902638504155,64.15618776546631,77.59998333333334,0.0
2012,33.4902638504155,46.88283596491229,77.59998333333334,0.0
2013,33.4902638504155,36.36460881809789,77.59998333333334,0.0
2014,33.4902638504155,34.82178333333334,77.59998333333334,0.0
2015,39.32611385041549,34.82178333333334,77.59998333333334,0.0
2016,46.712080517082164,34.82178333333334,77.59998333333334,0.0
2017,46.712080517082164,44.650400000000005,77.59998333333334,0.0
2018,46.712080517082164,44.650400000000005,90.49748333333332,0.0
2019,46.712080517082164,44.650400000000005,100.0,0.0
2020,51.54878051708217,44.650400000000005,100.0,0.0
2021,45.04800489381347,44.650400000000005,100.0,0.0
2022,45.04800489381347,44.650400000000005,85.95052631578949,0.0
2023,35.1632403508772,44.650400000000005,85.95052631578949,0.0
2024,35.7612903508772,44.650400000000005,85.95052631578949,0.0
2025,45.41660701754387,44.650400000000005,85.95052631578949,0.0
2026,45.41660701754387,60.77436666666665,85.95052631578949,0.0
2027,64.41660701754387,60.77436666666665,89.39882631578946,0.0
2028,69.39187368421052,79.77436666666665,89.39882631578946,0.0
2029,69.39187368421052,98.77436666666665,96.78737631578944,0.0
2030,88.39187368421052,100.0,96.78737631578944,0.0
2031,100.0,100.0,100.0,0.0
2032,98.28587257617728,100.0,100.0,0.0
2033,77.23324099722991,99.9996675900277,100.0,0.0
2034,77.23324099722991,88.18958448753463,78.94736842105263,0.0
2035,69.13036011080332,88.18958448753463,57.89473684210526,0.0
2036,67.53174515235455,67.13695290858726,57.89473684210526,0.0
2037,55.609729362880984,67.13695290858726,53.720741551246405,0.0
2038,55.609729362880984,59.82060941828254,53.720741551246405,0.0
2039,56.81437936288099,59.82060941828254,53.720741551246405,0.0
2040,62.39847936288099,59.82060941828254,53.720741551246405,0.0
2041,70.81032936288098,59.82060941828254,53.720741551246405,0.0
2042,70.81032936288098,59.82060941828254,63.575391551246405,0.0
2043,70.81032936288098,59.82060941828254,71.98039155124641,0.0
2044,70.81032936288098,61.13275941828255,71.98039155124641,0.0
2045,70.81032936288098,61.13275941828255,61.298175484764414,0.0
2046,70.81032936288098,43.04411675900275,61.298175484764414,0.0
2047,70.81032936288098,29.288105678670348,61.298175484764414,0.0
2048,67.59465069252084,29.288105678670348,61.298175484764414,0.0
2049,67.59465069252084,36.32480567867032,61.298175484764414,0.0
2050,67.59465069252084,49.99970567867031,61.298175484764414,0.0
2051,86.31080069252087,49.99970567867031,61.298175484764414,0.0
2052,89.38675069252085,68.99970567867031,61.298175484764414,0.0
2053,93.12070069252083,68.99970567867031,80.29817548476441,0.0
2054,93.12070069252083,80.24564722991693,88.7600339335178,0.0
2055,93.12070069252083,91.12374722991696,88.7600339335178,0.0
2056,93.12070069252083,86.7280131578948,88.7600339335178,0.0
2057,90.75250124653743,65.67538157894742,88.7600339335178,0.0
2058,90.75250124653743,65.67538157894742,80.0423608033239,0.0
2059,90.75250124653743,44.62275000000005,68.80513088642641,0.0
2060,85.94175332409975,44.62275000000005,47.75249930747904,0.0
2061,85.94175332409975,44.62275000000005,29.272111495844687,0.0
2062,85.94175332409975,44.62275000000005,25.339050000000032,0.0
2063,85.94175332409975,44.62275000000005,26.317050000000023,0.0
2064,85.94175332409975,44.62275000000005,30.77385000000001,0.0
2065,93.61410332409974,44.62275000000005,30.77385000000001,0.0
2066,93.61410332409974,44.62275000000005,39.960700000000024,0.0
2067,93.61410332409974,51.98090000000004,39.960700000000024,0.0
2068,93.61410332409974,51.98090000000004,40.58355000000001,0.0
2069,93.61410332409974,51.98090000000004,40.58355000000001,0.0
2070,93.61410332409974,51.98090000000004,40.58355000000001,0.0
2071,80.1029675900277,51.98090000000004,40.58355000000001,0.0
2072,77.50330000000001,51.98090000000004,40.58355000000001,0.0
2073,77.50330000000001,60.88590000000002,40.58355000000001,0.0
2074,77.50330000000001,60.88590000000002,56.01865000000004,0.0
2075,96.50330000000001,60.88590000000002,57.17555000000003,0.0
2076,96.50330000000001,79.88590000000002,62.0,0.0
2077,96.50330000000001,85.80095,81.0,0.0
2078,100.0,85.80095,100.0,0.0
2079,100.0,99.9639,100.0,0.0
2080,100.0,100.0,100.0,0.0
2081,100.0,100.0,84.81271011080351,0.0
2082,100.0,78.94736842105263,75.57769626038797,0.0
2083,100.0,71.44576177285315,54.5250646814406,0.0
2084,86.87534487534617,61.10570775623273,54.5250646814406,0.0
2085,81.75453808864272,61.10570775623273,41.93700720221607,0.0
2086,81.75453808864272,52.11684349030475,41.93700720221607,0.0
2087,81.75453808864272,52.11684349030475,41.369638781163445,0.0
2088,84.8932880886427,52.11684349030475,41.369638781163445,0.0
2089,84.8932880886427,52.11684349030475,47.24078878116344,0.0
2090,84.8932880886427,59.77569349030475,47.24078878116344,0.0
2091,91.1193380886427,59.77569349030475,47.24078878116344,0.0
2092,91.1193380886427,59.77569349030475,47.28163878116344,0.0
2093,91.1193380886427,59.77569349030475,36.035599999999995,0.0
2094,72.98305000000005,59.77569349030475,36.035599999999995,0.0
2095,72.98305000000005,59.77569349030475,36.035599999999995,0.0
2096,72.98305000000005,59.099350000000015,36.035599999999995,0.0
2097,72.98305000000005,59.099350000000015,45.66340000000001,0.0
2098,72.98305000000005,59.099350000000015,62.0,0.0
2099,75.03030000000003,59.099350000000015,81.0,0.0
2100,80.43280000000001,78.09935000000002,81.0,0.0
2101,86.33860000000001,97.09935000000002,81.0,0.0
2102,86.33860000000001,100.0,100.0,0.0
2103,100.0,100.0,100.0,0.0
2104,100.0,100.0,100.0,0.0
2105,80.49656509695292,100.0,100.0,0.0
2106,80.49656509695292,78.94736842105263,89.29080332409973,0.0
2107,80.49656509695292,78.94736842105263,89.29080332409973,0.0
2108,69.38188988919676,76.40049224376735,89.29080332409973,0.0
2109,69.38188988919676,58.70570000000001,89.29080332409973,0.0
2110,69.38188988919676,58.70570000000001,89.29080332409973,0.0
2111,69.38188988919676,58.70570000000001,89.29080332409973,0.0
2112,71.33708988919673,58.70570000000001,89.29080332409973,0.0
2113,75.75293988919671,58.70570000000001,89.29080332409973,0.0
2114,75.75293988919671,58.70570000000001,95.28020332409972,0.0
2115,75.75293988919671,62.621849999999995,95.28020332409972,0.0
2116,75.75293988919671,62.621849999999995,91.52347202216066,0.0
2117,75.75293988919671,62.621849999999995,75.72313961218838,0.0
2118,74.41742742382276,62.621849999999995,75.72313961218838,0.0
2119,74.41742742382276,62.621849999999995,75.72313961218838,0.0
2120,67.06956038781165,62.621849999999995,75.72313961218838,0.0
2121,70.52726038781165,62.621849999999995,75.72313961218838,0.0
2122,80.90366038781164,62.621849999999995,75.72313961218838,0.0
2123,96.58151038781163,62.621849999999995,75.72313961218838,0.0
2124,96.61161038781162,81.62185,75.72313961218838,0.0
2125,96.61161038781162,82.65765,94.72313961218838,0.0
2126,96.61161038781162,100.0,94.72313961218838,0.0
2127,100.0,100.0,100.0,0.0
2128,100.0,92.19717451523543,100.0,0.0
2129,100.0,91.71774390581632,94.50702063711992,0.0
2130,100.0,91.71774390581632,81.90064944598419,0.0
2131,78.94736842105263,81.42427950138503,81.90064944598419,0.0
2132,78.94736842105263,60.37164792243766,73.73538628808942,0.0
2133,78.94736842105263,39.31901634349029,72.25344722991765,0.0
2134,78.94736842105263,39.31901634349029,72.25344722991765,0.0
2135,78.94736842105263,34.17120470914126,72.25344722991765,0.0
2136,78.06155124653739,34.17120470914126,72.25344722991765,0.0
2137,78.06155124653739,34.17120470914126,73.71379722991766,0.0
2138,78.06155124653739,34.17120470914126,76.24889722991766,0.0
2139,78.06155124653739,34.72065470914127,76.24889722991766,0.0
2140,78.06155124653739,26.899048060941823,76.24889722991766,0.0
2141,78.06155124653739,6.340710110803318,76.24889722991766,0.0
2142,71.01091412742382,6.340710110803318,55.1962656509703,0.0
2143,49.95828254847645,6.340710110803318,52.59388337950214,0.0
2144,36.771246537396095,6.340710110803318,52.59388337950214,0.0
2145,36.771246537396095,6.340710110803318,52.59388337950214,0.0
2146,36.771246537396095,6.340710110803318,59.35253337950215,0.0
2147,49.537296537396074,6.340710110803318,59.35253337950215,0.0
2148,49.537296537396074,23.22956011080331,59.35253337950215,0.0
2149,49.537296537396074,41.42486011080332,59.35253337950215,0.0
2150,65.26579653739606,41.42486011080332,59.35253337950215,0.0
2151,72.86324653739604,41.42486011080332,59.35253337950215,0.0
2152,72.86324653739604,41.42486011080332,59.35253337950215,0.0
2153,72.86324653739604,20.372228531855953,56.47530346260466,0.0
2154,72.86324653739604,20.372228531855953,56.47530346260466,0.0
2155,51.81061495844867,20.372228531855953,42.56328130193984,0.0
2156,51.81061495844867,20.372228531855953,39.826716204986944,0.0
2157,50.2416398891966,20.372228531855953,39.826716204986944,0.0
2158,50.2416398891966,20.372228531855953,39.826716204986944,0.0
2159,50.2416398891966,20.372228531855953,35.64560817174595,0.0
2160,50.2416398891966,20.372228531855953,35.64560817174595,0.0
2161,52.387289889196595,20.372228531855953,35.64560817174595,0.0
2162,56.56918988919658,20.372228531855953,35.64560817174595,0.0
2163,56.56918988919658,22.797728531855938,35.64560817174595,0.0
2164,56.56918988919658,17.893628808864268,35.64560817174595,0.0
2165,40.103372714681335,17.893628808864268,35.64560817174595,0.0
2166,38.275394875346144,17.893628808864268,35.64560817174595,0.0
2167,38.275394875346144,0.0,35.64560817174595,0.0
2168,38.275394875346144,-0.0,35.64560817174595,0.0
2169,42.85044487534614,-0.0,35.64560817174595,0.0
2170,42.85044487534614,11.12659999999997,35.64560817174595,0.0
2171,58.99389487534611,11.12659999999997,35.64560817174595,0.0
2172,59.61054487534609,11.12659999999997,54.64560817174595,0.0
2173,78.6105448753461,12.504349999999972,54.64560817174595,0.0
2174,78.6105448753461,12.504349999999972,72.52055817174595,0.0
2175,78.6105448753461,12.504349999999972,83.05565817174593,0.0
2176,78.6105448753461,12.504349999999972,83.05565817174593,0.0
2177,78.6105448753461,12.504349999999972,63.91255567867114,0.0
2178,78.6105448753461,12.504349999999972,53.79150304709218,0.0
2179,67.84732742382296,12.504349999999972,35.52436038781196,0.0
2180,67.84732742382296,12.504349999999972,35.52436038781196,0.0
2181,50.547715235457304,12.504349999999972,35.52436038781196,0.0
2182,42.20743822714706,12.504349999999972,35.52436038781196,0.0
2183,42.1447235457066,12.504349999999972,35.52436038781196,0.0
2184,42.1447235457066,14.261149999999962,35.52436038781196,0.0
2185,42.1447235457066,14.261149999999962,39.51221038781195,0.0
2186,42.1447235457066,19.593799999999966,39.51221038781195,0.0
2187,42.1447235457066,22.827899999999953,39.51221038781195,0.0
2188,42.1447235457066,22.827899999999953,39.51221038781195,0.0
2189,42.1447235457066,22.827899999999953,23.26727963988952,0.0
2190,42.1447235457066,21.791334903047073,23.26727963988952,0.0
2191,42.1447235457066,21.791334903047073,23.26727963988952,0.0
2192,42.1447235457066,21.791334903047073,23.26727963988952,0.0
2193,42.1447235457066,26.530534903047066,23.26727963988952,0.0
2194,42.1447235457066,26.530534903047066,34.71387963988951,0.0
2195,42.1447235457066,26.530534903047066,51.42927963988948,0.0
2196,43.33362354570661,45.53053490304707,51.42927963988948,0.0
2197,44.97072354570659,64.53053490304707,51.42927963988948,0.0
2198,44.97072354570659,82.29283490304707,51.42927963988948,0.0
2199,44.97072354570659,82.29283490304707,61.16457963988947,0.0
2200,44.97072354570659,82.29283490304707,61.16457963988947,0.0
2201,44.97072354570659,82.29283490304707,40.571117036011344,0.0
2202,26.72723614958467,68.64906468144049,40.571117036011344,0.0
2203,26.72723614958467,68.64906468144049,31.097986842105517,0.0
2204,26.72723614958467,47.59643310249313,27.252668282548715,0.0
2205,26.72723614958467,29.24635000000005,27.252668282548715,0.0
2206,26.72723614958467,29.24635000000005,27.252668282548715,0.0
2207,26.099258310249482,29.24635000000005,27.252668282548715,0.0
2208,28.15165831024948,29.24635000000005,27.252668282548715,0.0
2209,32.49730831024947,29.24635000000005,27.252668282548715,0.0
2210,32.49730831024947,29.24635000000005,33.047218282548705,0.0
2211,32.49730831024947,33.213300000000054,33.047218282548705,0.0
2212,32.49730831024947,33.213300000000054,33.047218282548705,0.0
2213,32.49730831024947,33.213300000000054,33.047218282548705,0.0
2214,32.49730831024947,33.213300000000054,33.047218282548705,0.0
2215,32.49730831024947,33.213300000000054,33.047218282548705,0.0
2216,30.80977368421068,33.213300000000054,33.047218282548705,0.0
2217,39.628523684210656,33.213300000000054,33.047218282548705,0.0
2218,39.628523684210656,47.91715000000005,33.047218282548705,0.0
2219,58.628523684210656,47.91715000000005,33.55491828254868,0.0
2220,62.746973684210644,66.91715000000005,33.55491828254868,0.0
2221,67.98102368421065,66.91715000000005,52.55491828254868,0.0
2222,70.91732368421063,85.91715000000005,52.55491828254868,0.0
2223,70.91732368421063,100.0,52.55491828254868,0.0
2224,71.57442368421061,100.0,52.55491828254868,0.0
2225,71.57442368421061,100.0,52.55491828254868,0.0
2226,71.57442368421061,95.2228808864266,52.55491828254868,0.0
2227,57.386470360110785,77.32014168975081,52.55491828254868,0.0
2228,51.31489141274236,77.32014168975081,52.55491828254868,0.0
2229,30.262259833794996,77.32014168975081,52.413699445983575,0.0
2230,30.262259833794996,77.32014168975081,52.413699445983575,0.0
2231,30.262259833794996,77.32014168975081,52.413699445983575,0.0
2232,30.262259833794996,77.32014168975081,52.646249445983536,0.0
2233,30.262259833794996,80.40059168975081,52.646249445983536,0.0
2234,30.262259833794996,84.7776416897508,52.646249445983536,0.0
2235,32.434459833794996,84.7776416897508,52.646249445983536,0.0
2236,26.86526315789471,84.7776416897508,52.646249445983536,0.0
2237,26.86526315789471,67.27886052631587,52.646249445983536,0.0
2238,24.472631578947347,67.27886052631587,52.646249445983536,0.0
2239,6.497894736842092,67.27886052631587,52.646249445983536,0.0
2240,-0.0,67.27886052631587,52.646249445983536,0.0
2241,0.0,71.59781052631587,52.646249445983536,0.0
2242,10.322750000000005,71.59781052631587,52.646249445983536,0.0
2243,25.435450000000003,71.59781052631587,52.646249445983536,0.0
2244,25.435450000000003,90.40406052631586,52.646249445983536,0.0
2245,44.43545,91.54576052631583,52.646249445983536,0.0
2246,50.830796814404444,91.54576052631583,64.58110263157907,0.0
2247,50.830796814404444,91.54576052631583,75.66585263157904,0.0
2248,50.830796814404444,91.54576052631583,75.66585263157904,0.0
2249,50.830796814404444,91.54576052631583,75.66585263157904,0.0
2250,50.830796814404444,91.54576052631583,64.94923213296408,0.0
2251,50.830796814404444,81.87418157894739,64.94923213296408,0.0
2252,50.830796814404444,81.87418157894739,61.39920443213305,0.0
2253,50.830796814404444,81.87418157894739,61.39920443213305,0.0
2254,50.830796814404444,81.87418157894739,61.39920443213305,0.0
2255,50.830796814404444,81.87418157894739,61.39920443213305,0.0
2256,50.830796814404444,81.87418157894739,65.15045443213303,0.0
2257,56.86119681440444,81.87418157894739,65.15045443213303,0.0
2258,63.81539681440442,81.87418157894739,65.15045443213303,0.0
2259,63.81539681440442,81.87418157894739,70.08830443213301,0.0
2260,61.028249999999986,81.87418157894739,70.08830443213301,0.0
2261,61.028249999999986,81.87418157894739,70.08830443213301,0.0
2262,61.028249999999986,60.82155000000002,69.97390000000004,0.0
2263,61.028249999999986,60.82155000000002,69.97390000000004,0.0
2264,61.028249999999986,60.82155000000002,69.97390000000004,0.0
2265,67.98949999999999,60.82155000000002,69.97390000000004,0.0
2266,81.0,60.82155000000002,69.97390000000004,0.0
2267,81.0,60.82155000000002,87.62100000000005,0.0
2268,100.0,62.59585000000003,87.62100000000005,0.0
2269,100.0,81.59585000000003,89.78320000000002,0.0
2270,100.0,100.0,89.78320000000002,0.0
2271,100.0,100.0,100.0,0.0
2272,100.0,100.0,100.0,0.0
2273,78.94736842105263,98.67130193905815,100.0,0.0
2274,78.94736842105263,98.67130193905815,100.0,0.0
2275,78.94736842105263,82.92808864265925,100.0,0.0
2276,57.89473684210526,82.92808864265925,90.07745152354572,0.0
2277,57.89473684210526,82.92808864265925,90.07745152354572,0.0
2278,57.89473684210526,82.92808864265925,90.07745152354572,0.0
2279,57.89473684210526,82.92808864265925,90.07745152354572,0.0
2280,57.89473684210526,82.92808864265925,90.07745152354572,0.0
2281,57.89473684210526,79.84343490304704,90.07745152354572,0.0
2282,57.89473684210526,79.84343490304704,87.99340720221606,0.0
2283,57.89473684210526,79.84343490304704,83.14742382271467,0.0
2284,57.89473684210526,70.65049861495845,79.06999999999996,0.0
2285,57.89473684210526,70.65049861495845,79.06999999999996,0.0
2286,57.89473684210526,70.65049861495845,79.06999999999996,0.0
2287,57.89473684210526,70.65049861495845,79.06999999999996,0.0
2288,57.89473684210526,70.65049861495845,79.06999999999996,0.0
2289,57.89473684210526,68.73504155124652,79.06999999999996,0.0
2290,62.86568684210522,68.73504155124652,79.06999999999996,0.0
2291,62.86568684210522,68.73504155124652,88.86264999999997,0.0
2292,73.73030969529088,70.76266869806085,88.86264999999997,0.0
2293,87.28150969529084,70.76266869806085,88.86264999999997,0.0
2294,87.28150969529084,70.76266869806085,100.0,0.0
2295,90.62560969529085,70.76266869806085,100.0,0.0
2296,90.62560969529085,70.76266869806085,100.0,0.0
2297,90.62560969529085,70.76266869806085,91.56265927977839,0.0
2298,69.57297811634348,68.91629750692513,70.51002770083102,0.0
2299,68.03558199445985,47.86366592797776,49.45739612188365,0.0
2300,68.03558199445985,47.86366592797776,33.02975069252079,0.0
2301,68.03558199445985,43.46333351800547,33.02975069252079,0.0
2302,68.03558199445985,43.46333351800547,33.02975069252079,0.0
2303,68.03558199445985,43.46333351800547,33.02975069252079,0.0
2304,68.03558199445985,43.46333351800547,25.128144044321314,0.0
2305,63.37414155124655,43.46333351800547,25.128144044321314,0.0
2306,63.37414155124655,43.46333351800547,25.128144044321314,0.0
2307,63.37414155124655,43.46333351800547,25.128144044321314,0.0
2308,51.00112216066485,43.46333351800547,25.128144044321314,0.0
2309,51.00112216066485,43.46333351800547,25.128144044321314,0.0
2310,51.00112216066485,36.34383213296393,25.128144044321314,0.0
2311,51.00112216066485,15.291200554016566,23.691855955678662,0.0
2312,51.00112216066485,15.291200554016566,23.691855955678662,0.0
2313,51.00112216066485,15.291200554016566,25.217855955678644,0.0
2314,59.10147216066488,15.291200554016566,25.217855955678644,0.0
2315,59.10147216066488,28.40850055401658,25.217855955678644,0.0
2316,59.10147216066488,28.40850055401658,41.76980595567863,0.0
2317,59.10147216066488,28.40850055401658,58.683855955678624,0.0
2318,59.10147216066488,42.264650554016576,58.683855955678624,0.0
2319,59.10147216066488,48.18695055401658,58.683855955678624,0.0
2320,59.10147216066488,48.18695055401658,58.683855955678624,0.0
2321,59.10147216066488,48.18695055401658,58.683855955678624,0.0
2322,59.10147216066488,48.18695055401658,47.61737396121879,0.0
2323,59.10147216066488,46.60959058171746,39.19977548476445,0.0
2324,50.17155526315797,46.60959058171746,18.147143905817085,0.0
2325,50.17155526315797,46.60959058171746,18.147143905817085,0.0
2326,50.17155526315797,46.60959058171746,18.147143905817085,0.0
2327,50.17155526315797,40.83180664819943,18.147143905817085,0.0
2328,50.17155526315797,40.83180664819943,18.147143905817085,0.0
2329,50.17155526315797,40.83180664819943,18.147143905817085,0.0
2330,51.12700526315797,40.83180664819943,18.147143905817085,0.0
2331,51.12700526315797,40.83180664819943,17.693348891966657,0.0
2332,51.12700526315797,32.60105872576177,17.693348891966657,0.0
2333,51.12700526315797,32.60105872576177,17.693348891966657,0.0
2334,30.0743736842106,29.008260941828233,17.693348891966657,0.0
2335,30.0743736842106,29.008260941828233,17.693348891966657,0.0
2336,30.0743736842106,29.008260941828233,11.392628670360004,0.0
2337,30.0743736842106,29.008260941828233,15.867478670359983,0.0
2338,30.0743736842106,29.008260941828233,26.580228670359965,0.0
2339,30.0743736842106,29.008260941828233,42.04437867035996,0.0
2340,49.0743736842106,29.07206094182824,42.04437867035996,0.0
2341,68.0743736842106,30.467060941828272,42.04437867035996,0.0
2342,86.80712368421061,30.467060941828272,42.04437867035996,0.0
2343,86.80712368421061,30.467060941828272,53.76772867035996,0.0
2344,86.80712368421061,30.467060941828272,53.76772867035996,0.0
2345,86.80712368421061,30.467060941828272,33.49659293628792,0.0
2346,86.80712368421061,30.467060941828272,33.49659293628792,0.0
2347,75.07848102493085,30.467060941828272,33.49659293628792,0.0
2348,63.49166662049871,30.467060941828272,33.49659293628792,0.0
2349,63.49166662049871,30.467060941828272,33.378864404431965,0.0
2350,63.49166662049871,30.467060941828272,33.378864404431965,0.0
2351,63.49166662049871,30.467060941828272,33.378864404431965,0.0
2352,63.49166662049871,30.467060941828272,33.378864404431965,0.0
2353,63.49166662049871,30.467060941828272,33.378864404431965,0.0
2354,61.92186052631587,30.467060941828272,33.378864404431965,0.0
2355,61.92186052631587,30.467060941828272,33.378864404431965,0.0
2356,61.92186052631587,30.467060941828272,32.51029044321343,0.0
2357,61.92186052631587,30.467060941828272,30.543420637119247,0.0
2358,61.92186052631587,29.106783933518038,30.543420637119247,0.0
2359,61.92186052631587,29.106783933518038,30.543420637119247,0.0
2360,61.92186052631587,20.741963988919686,30.543420637119247,0.0
2361,64.59466052631586,20.741963988919686,30.543420637119247,0.0
2362,64.59466052631586,20.741963988919686,40.18127063711924,0.0
2363,64.59466052631586,35.57011398891968,40.18127063711924,0.0
2364,64.59466052631586,53.404263988919666,40.18127063711924,0.0
2365,64.59466052631586,71.32931398891967,40.18127063711924,0.0
2366,79.33231052631587,71.32931398891967,40.18127063711924,0.0
2367,79.33231052631587,78.05296398891967,40.18127063711924,0.0
2368,72.45408337950144,78.05296398891967,40.18127063711924,0.0
2369,51.40145180055407,78.05296398891967,36.32071662049874,0.0
2370,51.40145180055407,78.05296398891967,36.32071662049874,0.0
2371,30.348820221606704,78.05296398891967,17.367475623268824,0.0
2372,30.348820221606704,65.37401662049862,17.367475623268824,0.0
2373,30.348820221606704,44.32138504155126,11.590965927977972,0.0
2374,30.348820221606704,44.32138504155126,11.590965927977972,0.0
2375,21.66499750692526,44.32138504155126,11.590965927977972,0.0
2376,21.66499750692526,44.32138504155126,11.590965927977972,0.0
2377,21.66499750692526,43.497562326869826,11.590965927977972,0.0
2378,22.376897506925225,43.497562326869826,11.590965927977972,0.0
2379,20.842437673130195,43.497562326869826,11.590965927977972,0.0
2380,20.842437673130195,43.497562326869826,2.0560628808865666,0.0
2381,-0.0,43.497562326869826,2.0560628808865666,0.0
2382,-0.0,43.497562326869826,2.0560628808865666,0.0
2383,-0.0,22.981440443213298,2.0560628808865666,0.0
2384,-0.0,22.981440443213298,2.0560628808865666,0.0
2385,0.0,22.981440443213298,3.76141288088656,0.0
2386,8.550999999999997,22.981440443213298,3.76141288088656,0.0
2387,22.778999999999957,22.981440443213298,3.76141288088656,0.0
2388,40.91319999999995,22.981440443213298,3.76141288088656,0.0
2389,41.15959999999994,22.981440443213298,22.76141288088656,0.0
2390,41.15959999999994,22.981440443213298,39.43801288088652,0.0
2391,50.37134999999993,22.981440443213298,39.43801288088652,0.0
2392,50.37134999999993,19.63789473684211,39.43801288088652,0.0
2393,50.37134999999993,-0.0,39.43801288088652,0.0
2394,39.91168240997222,-0.0,18.385381301939148,0.0
2395,18.859050831024856,-0.0,8.368151385041632,0.0
2396,18.859050831024856,0.0,8.368151385041632,0.0
2397,9.078781163434915,-0.0,0.0,0.0
2398,-0.0,0.0,0.0,0.0
2399,0.0,-0.0,-0.0,0.0
2400,0.0,-0.0,3.2679499999999884,0.0
2401,6.186099999999996,-0.0,3.2679499999999884,0.0
2402,8.670761357340698,-0.0,8.668088642659287,0.0
2403,14.862061357340696,-0.0,8.668088642659287,0.0
2404,14.042947783933485,-0.0,8.668088642659287,0.0
2405,14.042947783933485,-0.0,8.668088642659287,0.0
2406,14.042947783933485,-0.0,8.668088642659287,0.0
2407,14.042947783933485,0.0,0.0,0.0
2408,14.042947783933485,-0.0,3.5884999999999994,0.0
2409,14.042947783933485,14.161099999999992,3.5884999999999994,0.0
2410,33.042947783933485,16.323050000000002,3.5884999999999994,0.0
2411,40.97629778393349,35.32305,3.5884999999999994,0.0
2412,40.97629778393349,54.32305,15.441899999999997,0.0
2413,59.97629778393349,54.32305,28.105049999999974,0.0
2414,59.97629778393349,73.32305,38.09404999999998,0.0
2415,61.68639778393349,92.32305,38.09404999999998,0.0
2416,61.68639778393349,99.10214999999998,38.09404999999998,0.0
2417,61.68639778393349,99.10214999999998,38.09404999999998,0.0
2418,61.68639778393349,94.09699764542937,38.09404999999998,0.0
2419,48.77363407202218,78.17796080332405,38.09404999999998,0.0
2420,45.78083628808864,78.17796080332405,38.09404999999998,0.0
2421,27.177844598337966,78.17796080332405,38.09404999999998,0.0
2422,27.177844598337966,78.17796080332405,27.98524113573406,0.0
2423,27.177844598337966,78.17796080332405,27.98524113573406,0.0
2424,27.177844598337966,78.25616080332405,27.98524113573406,0.0
2425,29.185894598337956,78.25616080332405,27.98524113573406,0.0
2426,31.656244598337945,78.25616080332405,27.98524113573406,0.0
2427,31.656244598337945,78.25616080332405,27.98524113573406,0.0
2428,23.36898698060942,78.25616080332405,27.98524113573406,0.0
2429,23.36898698060942,66.47551426592801,27.095598753463108,0.0
2430,23.36898698060942,64.06665000000004,6.0429671745157405,0.0
2431,23.36898698060942,64.06665000000004,6.0429671745157405,0.0
2432,23.36898698060942,64.06665000000004,6.0429671745157405,0.0
2433,23.36898698060942,64.06665000000004,12.377817174515734,0.0
2434,23.36898698060942,76.40470000000002,12.377817174515734,0.0
2435,23.36898698060942,76.40470000000002,29.746417174515727,0.0
2436,23.36898698060942,78.20714999999998,48.74641717451573,0.0
2437,23.36898698060942,81.0,67.74641717451573,0.0
2438,23.798936980609408,100.0,67.74641717451573,0.0
2439,35.74723698060941,100.0,67.74641717451573,0.0
2440,35.74723698060941,100.0,66.9120681440448,0.0
2441,35.74723698060941,100.0,66.9120681440448,0.0
2442,22.24980609418283,80.10768019390578,66.9120681440448,0.0
2443,22.24980609418283,71.4816968144044,66.9120681440448,0.0
2444,1.1971745152354623,71.4816968144044,59.21522603878163,0.0
2445,-0.0,71.4816968144044,59.21522603878163,0.0
2446,-0.0,71.4816968144044,59.21522603878163,0.0
2447,-0.0,71.4816968144044,59.21522603878163,0.0
2448,0.0,71.4816968144044,59.21522603878163,0.0
2449,0.42230000000000056,71.4816968144044,59.21522603878163,0.0
2450,1.8858500000000098,71.4816968144044,59.21522603878163,0.0
2451,1.332609002770098,71.4816968144044,59.21522603878163,0.0
2452,1.332609002770098,71.4816968144044,59.21522603878163,0.0
2453,1.332609002770098,52.47576883656508,59.21522603878163,0.0
2454,0.2857945983379584,52.47576883656508,59.21522603878163,0.0
2455,0.2857945983379584,52.47576883656508,59.21522603878163,0.0
2456,0.2857945983379584,52.47576883656508,57.278550138504606,0.0
2457,0.2857945983379584,52.47576883656508,65.29795013850459,0.0
2458,14.377394598337968,52.47576883656508,65.29795013850459,0.0
2459,14.377394598337968,70.9646188365651,65.29795013850459,0.0
2460,33.37739459833797,70.9646188365651,67.63215013850457,0.0
2461,33.37739459833797,73.48121883656509,86.63215013850457,0.0
2462,51.73614459833797,73.48121883656509,86.63215013850457,0.0
2463,51.73614459833797,73.48121883656509,96.75800013850457,0.0
2464,51.73614459833797,73.48121883656509,92.8334572022165,0.0
2465,50.0257290858726,73.48121883656509,92.8334572022165,0.0
2466,50.0257290858726,73.48121883656509,92.8334572022165,0.0
2467,50.0257290858726,52.42858725761773,73.64531315789515,0.0
2468,36.71752963988923,52.42858725761773,73.64531315789515,0.0
2469,29.987224930747928,31.375955678670362,73.64531315789515,0.0
2470,29.987224930747928,31.375955678670362,73.64531315789515,0.0
2471,29.987224930747928,21.052631578947366,73.64531315789515,0.0
2472,29.987224930747928,21.052631578947366,73.64531315789515,0.0
2473,29.987224930747928,21.052631578947366,69.65162894736882,0.0
2474,29.987224930747928,21.052631578947366,67.24730761772891,0.0
2475,29.987224930747928,21.052631578947366,67.24730761772891,0.0
2476,29.987224930747928,21.052631578947366,55.36354030470953,0.0
2477,29.987224930747928,21.052631578947366,54.276781301939465,0.0
2478,29.987224930747928,0.0,50.202210664820356,0.0
2479,29.987224930747928,-0.0,50.202210664820356,0.0
2480,29.987224930747928,-0.0,50.202210664820356,0.0
2481,29.987224930747928,5.051549999999994,50.202210664820356,0.0
2482,29.987224930747928,5.051549999999994,62.000510664820325,0.0
2483,46.81247493074792,5.051549999999994,62.000510664820325,0.0
2484,47.95537493074789,5.051549999999994,81.00051066482033,0.0
2485,66.9553749307479,5.051549999999994,82.73756066482032,0.0
2486,66.9553749307479,23.138549999999963,82.73756066482032,0.0
2487,66.9553749307479,33.47159999999996,82.73756066482032,0.0
2488,66.9553749307479,33.47159999999996,82.73756066482032,0.0
2489,66.9553749307479,33.47159999999996,82.73756066482032,0.0
2490,66.9553749307479,12.418968421052593,67.96470747922474,0.0
2491,55.70296495844872,12.418968421052593,67.96470747922474,0.0
2492,55.70296495844872,12.418968421052593,67.96470747922474,0.0
2493,52.19049958448748,12.418968421052593,46.91207590027737,0.0
2494,52.19049958448748,12.418968421052593,46.91207590027737,0.0
2495,52.19049958448748,6.1574171745151824,46.91207590027737,0.0
2496,52.19049958448748,6.1574171745151824,46.91207590027737,0.0
2497,53.388749584487485,6.1574171745151824,46.91207590027737,0.0
2498,53.388749584487485,6.1574171745151824,49.80902590027736,0.0
2499,53.388749584487485,7.1830671745151715,49.80902590027736,0.0
2500,53.388749584487485,7.1830671745151715,49.80902590027736,0.0
2501,35.4583340720221,7.1830671745151715,49.80902590027736,0.0
2502,14.405702493074731,7.1830671745151715,48.82160207756268,0.0
2503,14.405702493074731,7.1830671745151715,48.82160207756268,0.0
2504,14.405702493074731,7.1830671745151715,48.82160207756268,0.0
2505,14.405702493074731,7.1830671745151715,55.90620207756265,0.0
2506,14.405702493074731,21.021617174515153,55.90620207756265,0.0
2507,14.405702493074731,32.06380581717461,64.11036343490318,0.0
2508,33.40570249307473,36.26085581717457,64.11036343490318,0.0
2509,38.881402493074724,55.26085581717457,64.11036343490318,0.0
2510,55.513190997229906,55.26085581717457,69.42622493074798,0.0
2511,55.513190997229906,55.26085581717457,83.24227493074798,0.0
2512,55.513190997229906,55.26085581717457,83.39242493074798,0.0
2513,55.513190997229906,55.26085581717457,83.39242493074798,0.0
2514,55.513190997229906,55.26085581717457,83.39242493074798,0.0
2515,55.513190997229906,38.821243628808936,83.39242493074798,0.0
2516,55.513190997229906,28.22462313019396,62.33979335180061,0.0
2517,51.49762313019391,28.22462313019396,62.33979335180061,0.0
2518,51.49762313019391,12.837476315789496,62.33979335180061,0.0
2519,51.49762313019391,6.093431994459863,62.33979335180061,0.0
2520,51.49762313019391,6.093431994459863,62.33979335180061,0.0
2521,51.49762313019391,6.396531994459844,62.33979335180061,0.0
2522,51.49762313019391,7.897981994459848,62.33979335180061,0.0
2523,51.49762313019391,7.3318324099723196,62.33979335180061,0.0
2524,51.49762313019391,7.3318324099723196,62.33979335180061,0.0
2525,51.49762313019391,7.3318324099723196,42.861344598338,0.0
2526,51.49762313019391,7.3318324099723196,42.861344598338,0.0
2527,51.49762313019391,7.3318324099723196,42.861344598338,0.0
2528,50.96416052631581,7.3318324099723196,42.861344598338,0.0
2529,50.96416052631581,16.952282409972334,42.861344598338,0.0
2530,50.96416052631581,33.45988240997235,42.861344598338,0.0
2531,50.96416052631581,52.45988240997235,45.643844598338006,0.0
2532,69.96416052631581,52.45988240997235,51.599994598338,0.0
2533,69.96416052631581,58.74603240997236,70.599994598338,0.0
2534,73.1992105263158,77.74603240997236,70.599994598338,0.0
2535,73.1992105263158,77.74603240997236,84.40659459833799,0.0
2536,73.1992105263158,77.84263240997232,84.40659459833799,0.0
2537,73.1992105263158,77.84263240997232,84.40659459833799,0.0
2538,73.1992105263158,70.72867119113573,84.40659459833799,0.0
2539,57.5557756232687,70.72867119113573,84.40659459833799,0.0
2540,57.5557756232687,60.8502778393352,84.40659459833799,0.0
2541,57.5557756232687,60.8502778393352,84.40659459833799,0.0
2542,43.081925207756235,60.8502778393352,84.40659459833799,0.0
2543,43.081925207756235,60.8502778393352,84.40659459833799,0.0
2544,43.081925207756235,60.8502778393352,84.40659459833799,0.0
2545,42.975000000000016,60.8502778393352,84.40659459833799,0.0
2546,42.975000000000016,61.77662783933522,84.40659459833799,0.0
2547,42.975000000000016,61.77662783933522,84.40659459833799,0.0
2548,42.975000000000016,61.77662783933522,74.78665000000005,0.0
2549,42.975000000000016,61.77662783933522,74.78665000000005,0.0
2550,42.975000000000016,60.34887160664825,74.78665000000005,0.0
2551,42.975000000000016,60.34887160664825,74.78665000000005,0.0
2552,42.975000000000016,59.36865000000002,74.78665000000005,0.0
2553,42.975000000000016,68.01325,74.78665000000005,0.0
2554,57.28560000000002,68.01325,74.78665000000005,0.0
2555,57.28560000000002,87.01325,75.04105000000004,0.0
2556,76.28560000000002,87.01325,78.92835000000002,0.0
2557,81.0,87.01325,97.92835000000002,0.0
2558,100.0,87.01325,100.0,0.0
2559,100.0,100.0,100.0,0.0
2560,100.0,100.0,100.0,0.0
2561,100.0,100.0,100.0,0.0
2562,100.0,78.94736842105263,85.5756786703601,0.0
2563,100.0,78.94736842105263,66.50725761772851,0.0
2564,95.1660296398889,69.51164349030499,66.50725761772851,0.0
2565,86.64691606648171,48.45901191135763,66.50725761772851,0.0
2566,76.86093614958418,48.45901191135763,55.36875000000002,0.0
2567,64.06908019390549,48.45901191135763,55.36875000000002,0.0
2568,64.06908019390549,39.87718365650998,55.36875000000002,0.0
2569,64.06908019390549,34.43397036011109,55.36875000000002,0.0
2570,64.06908019390549,30.644773684210804,55.36875000000002,0.0
2571,64.06908019390549,30.644773684210804,55.36875000000002,0.0
2572,64.06908019390549,30.644773684210804,55.36875000000002,0.0
2573,64.06908019390549,30.644773684210804,55.36875000000002,0.0
2574,64.06908019390549,30.644773684210804,55.36875000000002,0.0
2575,46.34392783933485,30.644773684210804,55.36875000000002,0.0
2576,46.34392783933485,30.644773684210804,55.36875000000002,0.0
2577,46.34392783933485,30.644773684210804,58.36000000000003,0.0
2578,54.884427839334876,30.644773684210804,58.36000000000003,0.0
2579,54.884427839334876,43.76257368421079,58.36000000000003,0.0
2580,71.41007783933487,43.76257368421079,58.36000000000003,0.0
2581,88.89707783933487,43.76257368421079,58.36000000000003,0.0
2582,88.89707783933487,58.71692368421079,58.36000000000003,0.0
2583,88.89707783933487,66.34017368421077,58.36000000000003,0.0
2584,88.89707783933487,66.34017368421077,58.36000000000003,0.0
2585,88.89707783933487,66.34017368421077,58.36000000000003,0.0
2586,67.8444462603875,66.34017368421077,44.18033240997232,0.0
2587,67.8444462603875,49.22122631578971,23.12770083102496,0.0
2588,67.8444462603875,37.28299916897531,2.0750692520775953,0.0
2589,67.8444462603875,32.04216814404454,2.0750692520775953,0.0
2590,67.8444462603875,32.04216814404454,2.0750692520775953,0.0
2591,67.8444462603875,32.04216814404454,2.0750692520775953,0.0
2592,67.8444462603875,32.04216814404454,0.0,0.0
2593,67.8444462603875,33.002418144044526,-0.0,0.0
2594,67.8444462603875,33.002418144044526,2.3230500000000096,0.0
2595,67.8444462603875,33.002418144044526,2.7426000000000053,0.0
2596,67.8444462603875,33.002418144044526,2.7426000000000053,0.0
2597,67.8444462603875,33.002418144044526,2.7426000000000053,0.0
2598,67.8444462603875,11.99931565096972,2.7426000000000053,0.0
2599,67.8444462603875,11.99931565096972,2.7426000000000053,0.0
2600,67.8444462603875,11.647345013850593,0.0,0.0
2601,67.8444462603875,11.647345013850593,6.169949999999968,0.0
2602,67.8444462603875,11.647345013850593,18.303799999999967,0.0
2603,67.8444462603875,28.548745013850585,18.303799999999967,0.0
2604,67.8444462603875,47.548745013850585,19.332899999999945,0.0
2605,69.51614626038749,47.548745013850585,38.332899999999945,0.0
2606,69.51614626038749,65.49184501385056,38.332899999999945,0.0
2607,69.51614626038749,76.00919501385057,38.332899999999945,0.0
2608,69.51614626038749,74.02526149584506,38.332899999999945,0.0
2609,69.51614626038749,74.02526149584506,38.332899999999945,0.0
2610,59.11991357340684,74.02526149584506,38.332899999999945,0.0
2611,59.11991357340684,52.97262991689769,24.011016343490233,0.0
2612,49.72550914127384,31.919998337950318,24.011016343490233,0.0
2613,46.545730747922015,31.919998337950318,24.011016343490233,0.0
2614,31.706007756232268,31.919998337950318,24.011016343490233,0.0
2615,31.706007756232268,25.849638227146972,24.011016343490233,0.0
2616,31.706007756232268,22.15639722991704,24.011016343490233,0.0
2617,31.706007756232268,21.65412576177302,24.011016343490233,0.0
2618,31.706007756232268,21.65412576177302,25.181916343490226,0.0
2619,31.121464819944183,21.65412576177302,25.181916343490226,0.0
2620,31.121464819944183,21.65412576177302,25.181916343490226,0.0
2621,31.121464819944183,21.65412576177302,25.181916343490226,0.0
2622,31.121464819944183,21.65412576177302,25.181916343490226,0.0
2623,18.215315235456643,21.65412576177302,25.181916343490226,0.0
2624,17.867060387811183,21.65412576177302,25.181916343490226,0.0
2625,17.867060387811183,21.65412576177302,33.48386634349021,0.0
2626,17.867060387811183,28.927118975069348,40.4637231301939,0.0
2627,36.79046038781119,28.927118975069348,40.4637231301939,0.0
2628,36.79046038781119,31.86701897506935,59.4637231301939,0.0
2629,55.79046038781119,31.86701897506935,62.73617313019388,0.0
2630,74.79046038781118,32.26886897506935,62.73617313019388,0.0
2631,74.79046038781118,43.779168975069325,62.73617313019388,0.0
2632,73.46868753462556,43.779168975069325,62.73617313019388,0.0
2633,73.46868753462556,43.779168975069325,62.73617313019388,0.0
2634,73.46868753462556,43.779168975069325,49.29090997229916,0.0
2635,73.46868753462556,25.921163434903104,28.23827839335179,0.0
2636,60.80331357340671,25.921163434903104,28.23827839335179,0.0
2637,54.91273185595518,25.921163434903104,7.185646814404426,0.0
2638,54.91273185595518,25.921163434903104,7.185646814404426,0.0
2639,48.68548434903042,25.921163434903104,7.185646814404426,0.0
2640,48.68548434903042,20.76686980609422,7.185646814404426,0.0
2641,48.68548434903042,20.76686980609422,7.185646814404426,0.0
2642,48.68548434903042,20.76686980609422,6.313015235457064,0.0
2643,48.68548434903042,17.62326869806099,6.313015235457064,0.0
2644,48.68548434903042,17.62326869806099,6.313015235457064,0.0
2645,27.632852770083048,17.068808864265957,6.313015235457064,0.0
2646,27.632852770083048,17.068808864265957,6.313015235457064,0.0
2647,27.632852770083048,0.0,6.313015235457064,0.0
2648,27.632852770083048,0.0,2.8587770083102413,0.0
2649,27.632852770083048,6.8807500000000115,2.8587770083102413,0.0
2650,27.632852770083048,20.090300000000006,2.8587770083102413,0.0
2651,27.632852770083048,20.090300000000006,20.74877700831024,0.0
2652,27.632852770083048,39.090300000000006,22.327577008310243,0.0
2653,27.632852770083048,40.883099999999985,41.32757700831024,0.0
2654,31.879929224376692,54.231523545706374,41.32757700831024,0.0
2655,40.9074792243767,54.231523545706374,41.32757700831024,0.0
2656,40.9074792243767,54.231523545706374,41.32757700831024,0.0
2657,19.854847645429338,53.31994459833797,41.32757700831024,0.0
2658,5.817617728531857,32.2673130193906,41.32757700831024,0.0
2659,5.817617728531857,32.2673130193906,24.049737673130203,0.0
2660,5.817617728531857,11.214681440443233,12.16923905817178,0.0
2661,5.817617728531857,11.094349030470925,12.16923905817178,0.0
2662,5.817617728531857,11.094349030470925,12.16923905817178,0.0
2663,5.817617728531857,11.094349030470925,12.16923905817178,0.0
2664,5.817617728531857,11.094349030470925,12.16923905817178,0.0
2665,5.817617728531857,11.094349030470925,12.16923905817178,0.0
2666,5.817617728531857,11.094349030470925,12.16923905817178,0.0
2667,5.817617728531857,11.094349030470925,12.16923905817178,0.0
2668,5.817617728531857,-0.0,12.16923905817178,0.0
2669,5.817617728531857,-0.0,12.16923905817178,0.0
2670,5.817617728531857,-0.0,9.028408033241018,0.0
2671,5.817617728531857,-0.0,9.028408033241018,0.0
2672,0.0,0.0,9.028408033241018,0.0
2673,-0.0,-0.0,12.864208033240985,0.0
2674,-0.0,-0.0,22.951708033240976,0.0
2675,-0.0,-0.0,38.44345803324098,0.0
2676,19.0,0.6174000000000085,38.44345803324098,0.0
2677,36.60774584487535,3.7824041551246648,38.44345803324098,0.0
2678,36.60774584487535,3.7824041551246648,56.43485803324097,0.0
2679,36.60774584487535,13.558504155124652,56.43485803324097,0.0
2680,36.60774584487535,13.558504155124652,56.43485803324097,0.0
2681,36.60774584487535,13.558504155124652,35.42250346260386,0.0
2682,22.312898199445996,13.558504155124652,14.369871883656497,0.0
2683,16.65168975069252,13.558504155124652,1.7089750692520935,0.0
2684,9.03163434903049,13.558504155124652,1.7089750692520935,0.0
2685,9.03163434903049,13.558504155124652,0.8777285318559538,0.0
2686,9.03163434903049,13.558504155124652,0.8777285318559538,0.0
2687,0.0,13.558504155124652,0.8777285318559538,0.0
2688,-0.0,13.558504155124652,0.8777285318559538,0.0
2689,-0.0,11.334736842105263,0.8777285318559538,0.0
2690,-0.0,11.334736842105263,0.8777285318559538,0.0
2691,-0.0,11.334736842105263,0.8777285318559538,0.0
2692,-0.0,0.7041551246537305,0.8777285318559538,0.0
2693,-0.0,0.7041551246537305,0.8777285318559538,0.0
2694,0.0,-0.0,0.8777285318559538,0.0
2695,-0.0,0.0,0.8777285318559538,0.0
2696,0.0,0.0,0.0,0.0
2697,9.752950000000018,-0.0,-0.0,0.0
2698,9.752950000000018,-0.0,16.75134999999998,0.0
2699,20.81789238227152,-0.0,27.753457617728465,0.0
2700,27.55574238227151,19.0,27.753457617728465,0.0
2701,27.55574238227151,26.291850000000004,46.753457617728465,0.0
2702,31.401392382271517,26.291850000000004,65.75345761772846,0.0
2703,31.401392382271517,39.91134999999998,65.75345761772846,0.0
2704,31.401392382271517,39.91134999999998,65.75345761772846,0.0
2705,12.514799584487562,39.91134999999998,65.75345761772846,0.0
2706,12.514799584487562,26.634286288088614,44.70082603878109,0.0
2707,12.514799584487562,26.634286288088614,31.76952409972293,0.0
2708,12.514799584487562,26.634286288088614,18.93982880886421,0.0
2709,12.514799584487562,26.634286288088614,2.4908033240997307,0.0
2710,12.514799584487562,26.634286288088614,2.4908033240997307,0.0
2711,12.514799584487562,26.634286288088614,2.4908033240997307,0.0
2712,12.514799584487562,26.634286288088614,2.4908033240997307,0.0
2713,12.514799584487562,26.634286288088614,2.4908033240997307,0.0
2714,11.601613988919707,26.634286288088614,2.4908033240997307,0.0
2715,11.601613988919707,26.634286288088614,-0.0,0.0
2716,11.601613988919707,26.634286288088614,0.0,0.0
2717,11.601613988919707,8.53744418282545,-0.0,0.0
2718,0.0,0.0,0.0,0.0
2719,-0.0,-0.0,-0.0,0.0
2720,-0.0,-0.0,-0.0,0.0
2721,0.0,8.787050000000006,-0.0,0.0
2722,0.0,23.423349999999992,-0.0,0.0
2723,15.348975207756258,23.423349999999992,3.6207247922437595,0.0
2724,18.75612520775625,42.42334999999999,3.6207247922437595,0.0
2725,37.75612520775625,46.697050000000004,3.6207247922437595,0.0
2726,37.75612520775625,48.57959999999998,22.62072479224376,0.0
2727,49.21724903047087,50.28577617728536,22.62072479224376,0.0
2728,49.21724903047087,50.612576177285334,22.62072479224376,0.0
2729,49.21724903047087,50.612576177285334,22.62072479224376,0.0
2730,49.21724903047087,50.612576177285334,22.62072479224376,0.0
2731,34.99785844875342,29.559944598337964,22.62072479224376,0.0
2732,13.945226869806053,20.61545706371193,22.62072479224376,0.0
2733,0.0,20.61545706371193,22.62072479224376,0.0
2734,-0.0,6.095678670360125,22.62072479224376,0.0
2735,0.0,0.0,22.62072479224376,0.0
2736,-0.0,-0.0,22.62072479224376,0.0
2737,-0.0,-0.0,23.377324792243762,0.0
2738,-0.0,-0.0,25.213074792243756,0.0
2739,-0.0,-0.0,25.213074792243756,0.0
2740,0.0,0.0,16.880110803324097,0.0
2741,0.0,0.0,0.0,0.0
2742,-0.0,-0.0,-0.0,0.0
2743,-0.0,-0.0,-0.0,0.0
2744,0.1187500000000135,-0.0,-0.0,0.0
2745,0.1187500000000135,-0.0,9.178349999999991,0.0
2746,14.688350000000025,-0.0,9.178349999999991,0.0
2747,14.688350000000025,0.06274999999999409,28.17834999999999,0.0
2748,32.57418711911356,4.4197628808864415,28.17834999999999,0.0
2749,32.57418711911356,8.51941288088644,47.178349999999995,0.0
2750,51.57418711911356,10.589362880886432,47.178349999999995,0.0
2751,65.26243711911356,10.589362880886432,47.178349999999995,0.0
2752,66.15423711911356,10.589362880886432,47.178349999999995,0.0
2753,66.15423711911356,10.589362880886432,47.178349999999995,0.0
2754,66.15423711911356,10.589362880886432,47.178349999999995,0.0
2755,45.10160554016619,10.589362880886432,33.50283753462601,0.0
2756,24.048973961218824,1.9674792243767425,33.50283753462601,0.0
2757,24.048973961218824,-0.0,33.50283753462601,0.0
2758,10.149361772853156,-0.0,33.50283753462601,0.0
2759,10.149361772853156,-0.0,28.144277977839288,0.0
2760,10.149361772853156,0.0,28.144277977839288,0.0
2761,12.739711772853155,-0.0,28.144277977839288,0.0
2762,12.740567728531845,4.162494044321308,28.144277977839288,0.0
2763,15.277617728531837,4.162494044321308,28.144277977839288,0.0
2764,15.277617728531837,4.162494044321308,23.128377700830967,0.0
2765,15.277617728531837,4.162494044321308,9.57469349030465,0.0
2766,-0.0,4.162494044321308,9.57469349030465,0.0
2767,0.0,0.0,5.776688919667488,0.0
2768,-0.0,-0.0,10.66048891966746,0.0
2769,-0.0,14.146099999999981,10.66048891966746,0.0
2770,-0.0,33.14609999999998,11.700988919667452,0.0
2771,19.0,34.80527714681438,15.46301177285305,0.0
2772,27.379899999999978,34.80527714681438,34.46301177285305,0.0
2773,46.37989999999998,43.758227146814406,34.46301177285305,0.0
2774,52.676899999999975,62.758227146814406,34.46301177285305,0.0
2775,70.20599999999999,62.758227146814406,34.46301177285305,0.0
2776,75.00925,62.758227146814406,34.46301177285305,0.0
2777,75.00925,62.758227146814406,34.46301177285305,0.0
2778,75.00925,62.758227146814406,34.46301177285305,0.0
2779,64.30625831024929,41.70559556786704,34.46301177285305,0.0
2780,62.27660554016609,20.652963988919677,30.59443739612188,0.0
2781,62.27660554016609,0.0,30.59443739612188,0.0
2782,62.27660554016609,-0.0,30.59443739612188,0.0
2783,62.27660554016609,-0.0,30.59443739612188,0.0
2784,60.34042825484752,-0.0,30.59443739612188,0.0
2785,61.04477825484749,-0.0,30.59443739612188,0.0
2786,61.04477825484749,-0.0,32.32653739612189,0.0
2787,60.40727132963974,-0.0,32.32653739612189,0.0
2788,51.537299030470756,-0.0,32.32653739612189,0.0
2789,51.537299030470756,-0.0,32.32653739612189,0.0
2790,51.537299030470756,-0.0,12.220000000000002,0.0
2791,51.537299030470756,0.0,0.0,0.0
2792,52.62439903047074,-0.0,-0.0,0.0
2793,62.50249903047074,-0.0,-0.0,0.0
2794,62.50249903047074,7.9176775623272775,7.892772437672707,0.0
2795,81.50249903047074,7.9176775623272775,9.35162243767268,0.0
2796,81.50249903047074,12.672477562327238,28.35162243767268,0.0
2797,81.50249903047074,17.854277562327216,47.35162243767268,0.0
2798,84.00499903047077,17.854277562327216,66.35162243767269,0.0
2799,84.00499903047077,17.854277562327216,80.37932243767268,0.0
2800,84.00499903047077,19.853627562327205,80.37932243767268,0.0
2801,84.00499903047077,19.853627562327205,80.37932243767268,0.0
2802,84.00499903047077,19.853627562327205,65.09838102493092,0.0
2803,69.52134252077548,19.853627562327205,44.04574944598355,0.0
2804,69.52134252077548,19.853627562327205,34.42464141274254,0.0
2805,48.46871094182811,19.853627562327205,31.54946135734089,0.0
2806,40.706421745152504,13.183229778393386,31.54946135734089,0.0
2807,34.959219529086,13.183229778393386,31.54946135734089,0.0
2808,32.12143559556796,13.183229778393386,31.54946135734089,0.0
2809,32.12143559556796,13.629379778393375,31.54946135734089,0.0
2810,32.12143559556796,13.629379778393375,33.79871135734088,0.0
2811,32.63598559556795,13.629379778393375,33.79871135734088,0.0
2812,32.63598559556795,6.81010000000001,33.79871135734088,0.0
2813,32.63598559556795,6.81010000000001,18.797769529086025,0.0
2814,16.53864487534632,6.81010000000001,18.797769529086025,0.0
2815,16.53864487534632,6.81010000000001,11.060428808864389,0.0
2816,16.53864487534632,12.101300000000013,11.060428808864389,0.0
2817,16.53864487534632,12.101300000000013,25.919828808864395,0.0
2818,16.53864487534632,14.147800000000004,44.919828808864395,0.0
2819,16.53864487534632,33.147800000000004,51.56972880886437,0.0
2820,26.14909487534632,52.147800000000004,51.56972880886437,0.0
2821,26.14909487534632,62.32545000000003,70.56972880886437,0.0
2822,26.14909487534632,81.32545000000003,78.09247880886437,0.0
2823,26.14909487534632,100.0,78.09247880886437,0.0
2824,26.14909487534632,100.0,83.54852880886436,0.0
2825,26.14909487534632,100.0,71.74825180055412,0.0
2826,26.14909487534632,100.0,71.74825180055412,0.0
2827,26.14909487534632,78.94736842105263,57.65977534626049,0.0
2828,26.14909487534632,78.94736842105263,47.79955373961228,0.0
2829,22.717903739612254,78.94736842105263,26.746922160664916,0.0
2830,22.717903739612254,63.49617728531855,26.746922160664916,0.0
2831,22.717903739612254,63.49617728531855,19.60465069252087,0.0
2832,22.717903739612254,58.954847645429346,19.60465069252087,0.0
2833,22.717903739612254,57.089252077562314,19.60465069252087,0.0
2834,22.717903739612254,56.382437673130156,19.60465069252087,0.0
2835,22.717903739612254,53.2796121883656,19.60465069252087,0.0
2836,22.717903739612254,53.2796121883656,8.617116066482092,0.0
2837,3.002834487534672,53.2796121883656,8.617116066482092,0.0
2838,3.002834487534672,32.226980609418234,8.457060664820046,0.0
2839,3.002834487534672,23.77273781163437,3.40581869806097,0.0
2840,3.002834487534672,23.77273781163437,2.286538919667636,0.0
2841,3.002834487534672,31.87303781163436,2.286538919667636,0.0
2842,17.12048448753467,31.87303781163436,2.286538919667636,0.0
2843,17.12048448753467,50.87303781163436,2.4561889196676248,0.0
2844,17.12048448753467,54.74038781163438,21.456188919667625,0.0
2845,21.96198448753464,54.74038781163438,40.456188919667625,0.0
2846,24.199984487534653,54.74038781163438,59.456188919667625,0.0
2847,24.199984487534653,54.74038781163438,72.70398891966762,0.0
2848,24.249584487534655,54.74038781163438,72.70398891966762,0.0
2849,24.249584487534655,54.74038781163438,72.70398891966762,0.0
2850,24.249584487534655,54.74038781163438,61.162382271468175,0.0
2851,24.249584487534655,33.68775623268701,43.58409972299169,0.0
2852,3.1969529085872903,33.68775623268701,30.35357340720222,0.0
2853,3.1969529085872903,27.240443213296416,9.300941828254851,0.0
2854,3.1969529085872903,9.221163434903064,9.300941828254851,0.0
2855,3.1969529085872903,0.0,9.300941828254851,0.0
2856,-0.0,-0.0,9.300941828254851,0.0
2857,-0.0,-0.0,9.289196675900271,0.0
2858,-0.0,1.7238499999999966,9.289196675900271,0.0
2859,-0.0,1.7238499999999966,9.289196675900271,0.0
2860,-0.0,1.7238499999999966,9.289196675900271,0.0
2861,-0.0,1.7238499999999966,9.289196675900271,0.0
2862,-0.0,0.0,9.289196675900271,0.0
2863,0.0,0.0,0.0,0.0
2864,-0.0,-0.0,-0.0,0.0
2865,-0.0,-0.0,7.5695499999999845,0.0
2866,-0.0,-0.0,21.966199999999976,0.0
2867,0.912450000000014,19.0,21.966199999999976,0.0
2868,5.774700000000011,38.0,21.966199999999976,0.0
2869,5.774700000000011,47.441709510618644,37.574090489381334,0.0
2870,5.774700000000011,50.93685951061863,56.574090489381334,0.0
2871,20.723650000000013,50.93685951061863,56.574090489381334,0.0
2872,21.052631578947366,52.73237793167127,56.574090489381334,0.0
2873,21.052631578947366,52.73237793167127,42.00422899353647,0.0
2874,21.052631578947366,47.15313508771926,20.95159741458911,0.0
2875,21.052631578947366,26.10050350877189,11.8804247460757,0.0
2876,0.0,20.027133240997195,11.8804247460757,0.0
2877,-0.0,0.13381837488453385,11.8804247460757,0.0
2878,-0.0,0.13381837488453385,3.3314127423822457,0.0
2879,-0.0,0.13381837488453385,0.0,0.0
2880,-0.0,1.938668374884537,-0.0,0.0
2881,4.757300000000005,1.938668374884537,-0.0,0.0
2882,4.757300000000005,1.938668374884537,6.265700000000022,0.0
2883,4.757300000000005,6.632668374884531,6.265700000000022,0.0
2884,4.757300000000005,6.632668374884531,6.265700000000022,0.0
2885,0.368771929824567,6.632668374884531,2.428901338873565,0.0
2886,0.368771929824567,0.0,-0.0,0.0
2887,0.0,0.0,0.0,0.0
2888,6.932162880886414,3.3736871191136015,-0.0,0.0
2889,7.782662880886396,3.3736871191136015,19.0,0.0
2890,15.139412880886404,3.3736871191136015,38.0,0.0
2891,15.139412880886404,22.3736871191136,45.84081620498615,0.0
2892,34.139412880886404,37.968337119113606,45.84081620498615,0.0
2893,50.1303628808864,56.968337119113606,45.84081620498615,0.0
2894,63.17256288088642,75.96833711911361,45.84081620498615,0.0
2895,63.17256288088642,88.95630000000001,56.697703324099734,0.0
2896,63.17256288088642,100.0,56.697703324099734,0.0
2897,58.17488975069253,100.0,56.697703324099734,0.0
2898,37.704585041551276,100.0,56.697703324099734,0.0
2899,37.704585041551276,93.9971191135734,35.64507174515237,0.0
2900,35.783200000000036,93.9971191135734,14.592440166205007,0.0
2901,35.783200000000036,77.51440443213298,14.592440166205007,0.0
2902,35.783200000000036,69.47041551246537,14.592440166205007,0.0
2903,35.783200000000036,69.07274238227146,14.592440166205007,0.0
2904,35.783200000000036,69.07274238227146,16.798890166205027,0.0
2905,35.783200000000036,69.07274238227146,21.184840166205007,0.0
2906,35.783200000000036,74.71544238227145,21.184840166205007,0.0
2907,35.783200000000036,78.34059238227145,21.184840166205007,0.0
2908,35.783200000000036,74.91134030470913,21.184840166205007,0.0
2909,35.783200000000036,63.85926274238224,21.184840166205007,0.0
2910,35.783200000000036,52.38535692520773,21.184840166205007,0.0
2911,35.783200000000036,49.082309833794994,21.184840166205007,0.0
2912,43.88135000000003,49.082309833794994,21.184840166205007,0.0
2913,43.88135000000003,49.082309833794994,38.266390166205014,0.0
2914,47.75965000000003,49.082309833794994,57.266390166205014,0.0
2915,56.51905000000003,68.082309833795,57.266390166205014,0.0
2916,68.56290000000001,68.082309833795,76.26639016620501,0.0
2917,81.0,87.082309833795,76.26639016620501,0.0
2918,81.0,98.85885,92.84495000000001,0.0
2919,100.0,100.0,92.84495000000001,0.0
2920,100.0,100.0,100.0,0.0
2921,91.55748845798708,100.0,100.0,0.0
2922,88.45735918744231,78.94736842105263,100.0,0.0
2923,80.0143859649123,57.89473684210526,100.0,0.0
2924,80.0143859649123,49.65950138504154,78.94736842105263,0.0
2925,80.0143859649123,49.50385964912278,57.89473684210526,0.0
2926,66.12613111726687,49.50385964912278,57.89473684210526,0.0
2927,66.12613111726687,47.40022160664814,57.89473684210526,0.0
2928,66.12613111726687,47.40022160664814,57.89473684210526,0.0
2929,66.12613111726687,47.40022160664814,58.32748684210526,0.0
2930,66.12613111726687,49.12722160664814,58.32748684210526,0.0
2931,66.12613111726687,49.12722160664814,58.32748684210526,0.0
2932,66.12613111726687,49.12722160664814,52.53998915050787,0.0
2933,53.47375807940906,49.12722160664814,52.53998915050787,0.0
2934,44.37800000000003,49.12722160664814,46.81890512465376,0.0
2935,44.37800000000003,49.12722160664814,43.504328393351855,0.0
2936,48.97055000000003,49.12722160664814,43.504328393351855,0.0
2937,48.97055000000003,57.870900000000006,47.437499999999986,0.0
2938,48.97055000000003,57.870900000000006,65.71104999999999,0.0
2939,48.97055000000003,62.0,84.71104999999999,0.0
2940,56.86175000000003,81.0,84.71104999999999,0.0
2941,56.86175000000003,100.0,93.55725,0.0
2942,75.86175000000003,100.0,100.0,0.0
2943,94.06680000000001,100.0,100.0,0.0
2944,100.0,100.0,100.0,0.0
2945,100.0,94.33612188365653,100.0,0.0
2946,83.71724949215142,94.33612188365653,89.85155937211451,0.0
2947,83.71724949215142,73.28349030470916,79.45059907663901,0.0
2948,62.664617913204054,73.28349030470916,74.30890009233613,0.0
2949,61.30433915050783,73.28349030470916,53.25626851338877,0.0
2950,61.30433915050783,64.26731301939061,53.25626851338877,0.0
2951,58.88973157894733,64.26731301939061,53.25626851338877,0.0
2952,58.88973157894733,64.26731301939061,53.25626851338877,0.0
2953,58.88973157894733,64.26731301939061,53.25626851338877,0.0
2954,59.86778157894735,64.26731301939061,53.25626851338877,0.0
2955,59.86778157894735,64.26731301939061,53.25626851338877,0.0
2956,59.86778157894735,64.26731301939061,48.00182714681443,0.0
2957,59.86778157894735,64.26731301939061,33.42047903970454,0.0
2958,59.86778157894735,64.26731301939061,20.023600000000016,0.0
2959,57.40783698060939,64.26731301939061,20.023600000000016,0.0
2960,57.40783698060939,68.28056301939061,20.023600000000016,0.0
2961,69.93138698060939,68.28056301939061,20.023600000000016,0.0
2962,88.30483698060938,68.28056301939061,20.023600000000016,0.0
2963,92.61558698060936,68.28056301939061,39.023600000000016,0.0
2964,94.1493,74.54840000000002,58.023600000000016,0.0
2965,94.1493,82.95195000000001,77.02360000000002,0.0
2966,100.0,82.95195000000001,96.02360000000002,0.0
2967,100.0,100.0,96.02360000000002,0.0
2968,100.0,100.0,100.0,0.0
2969,92.21008310249306,100.0,100.0,0.0
2970,88.3697137580794,78.94736842105263,100.0,0.0
2971,67.31708217913203,78.94736842105263,88.60096029547553,0.0
2972,58.945133887349954,78.94736842105263,67.54832871652816,0.0
2973,37.892502308402584,78.67883656509696,67.54832871652816,0.0
2974,37.892502308402584,78.67883656509696,53.10845798707293,0.0
2975,37.892502308402584,74.19634349030471,53.10845798707293,0.0
2976,35.953887349953824,74.19634349030471,53.10845798707293,0.0
2977,35.953887349953824,72.88893813481072,53.10845798707293,0.0
2978,35.953887349953824,72.88893813481072,53.10845798707293,0.0
2979,35.953887349953824,72.88893813481072,51.288402585410886,0.0
2980,35.953887349953824,61.16230840258542,51.288402585410886,0.0
2981,35.953887349953824,61.16230840258542,31.655512465373953,0.0
2982,35.953887349953824,42.69599261311171,31.655512465373953,0.0
2983,35.953887349953824,33.4342197599261,31.655512465373953,0.0
2984,35.953887349953824,33.4342197599261,31.655512465373953,0.0
2985,35.953887349953824,39.81856975992612,31.655512465373953,0.0
2986,35.953887349953824,52.05361975992615,31.655512465373953,0.0
2987,35.953887349953824,52.05361975992615,49.315912465373955,0.0
2988,35.953887349953824,71.05361975992615,52.25776246537394,0.0
2989,35.953887349953824,75.84236975992614,71.25776246537394,0.0
2990,54.953887349953824,78.88566975992615,71.25776246537394,0.0
2991,69.60523734995382,78.88566975992615,71.25776246537394,0.0
2992,69.60523734995382,81.42921975992616,71.25776246537394,0.0
2993,69.60523734995382,81.42921975992616,63.079701523545694,0.0
2994,68.04512654662973,81.42921975992616,42.027069944598324,0.0
2995,46.99249496768236,72.8267266851339,42.027069944598324,0.0
2996,46.99249496768236,67.41060480147738,20.974438365650958,0.0
2997,46.99249496768236,46.357973222530006,20.410855724838388,0.0
2998,46.99249496768236,34.12890581717449,20.410855724838388,0.0
2999,46.99249496768236,32.15843490304706,20.410855724838388,0.0
3000,46.99249496768236,32.15843490304706,20.410855724838388,0.0
3001,46.99249496768236,32.15843490304706,20.410855724838388,0.0
3002,47.31959496768236,32.15843490304706,20.410855724838388,0.0
3003,47.31959496768236,32.15843490304706,20.410855724838388,0.0
3004,47.31959496768236,28.143698060941787,20.410855724838388,0.0
3005,34.25955803324097,28.143698060941787,20.410855724838388,0.0
3006,22.834294875346238,28.143698060941787,20.410855724838388,0.0
3007,22.834294875346238,25.714224376731252,20.410855724838388,0.0
3008,22.834294875346238,30.252674376731285,20.410855724838388,0.0
3009,22.834294875346238,30.252674376731285,33.08075572483839,0.0
3010,22.834294875346238,30.252674376731285,51.2311057248384,0.0
3011,41.83429487534624,30.252674376731285,54.70885572483842,0.0
3012,60.83429487534624,30.252674376731285,61.066805724838424,0.0
3013,79.83429487534625,36.746774376731274,61.066805724838424,0.0
3014,83.09114487534627,36.746774376731274,80.06680572483842,0.0
3015,97.18689487534624,36.746774376731274,80.06680572483842,0.0
3016,97.18689487534624,36.746774376731274,81.58050572483843,0.0
3017,97.18689487534624,36.746774376731274,71.86621209602956,0.0
3018,97.18689487534624,33.199793767313,50.81358051708219,0.0
3019,83.90375544783008,33.199793767313,29.76094893813482,0.0
3020,83.90375544783008,12.14716218836563,19.541909233610358,0.0
3021,62.85112386888271,6.643376408125567,19.541909233610358,0.0
3022,53.276652677746966,6.643376408125567,15.444967682363819,0.0
3023,48.1042427054478,6.643376408125567,15.444967682363819,0.0
3024,48.1042427054478,5.454512142197583,15.444967682363819,0.0
3025,48.1042427054478,5.454512142197583,15.444967682363819,0.0
3026,48.1042427054478,5.454512142197583,15.444967682363819,0.0
3027,47.86874870729454,5.454512142197583,15.444967682363819,0.0
3028,42.25423347183745,5.454512142197583,15.444967682363819,0.0
3029,30.151186380424704,5.454512142197583,15.444967682363819,0.0
3030,30.151186380424704,5.454512142197583,2.093351800554036,0.0
3031,30.151186380424704,5.454512142197583,0.0,0.0
3032,34.131136380424685,5.454512142197583,-0.0,0.0
3033,34.131136380424685,5.454512142197583,12.389199999999976,0.0
3034,52.61643638042469,5.454512142197583,12.389199999999976,0.0
3035,52.61643638042469,9.54141214219759,31.389199999999974,0.0
3036,52.61643638042469,16.615412142197577,50.389199999999974,0.0
3037,52.61643638042469,35.61541214219758,57.92294999999998,0.0
3038,71.61643638042469,35.61541214219758,62.85479999999997,0.0
3039,87.94078638042473,35.61541214219758,62.85479999999997,0.0
3040,87.94078638042473,35.61541214219758,66.71914999999997,0.0
3041,79.1519959833795,35.61541214219758,66.71914999999997,0.0
3042,58.09936440443214,34.13374958448746,66.57213296398893,0.0
3043,58.09936440443214,27.75967756232678,45.519501385041565,0.0
3044,37.04673282548477,27.75967756232678,42.93440443213298,0.0
3045,37.04673282548477,27.75967756232678,26.19950138504158,0.0
3046,37.04673282548477,27.75967756232678,16.624007386888294,0.0
3047,37.04673282548477,27.75967756232678,16.624007386888294,0.0
3048,37.04673282548477,27.75967756232678,16.624007386888294,0.0
3049,37.59013282548479,27.75967756232678,16.624007386888294,0.0
3050,38.62283282548479,27.75967756232678,16.624007386888294,0.0
3051,38.62283282548479,27.75967756232678,16.624007386888294,0.0
3052,38.62283282548479,23.646602770083,16.624007386888294,0.0
3053,38.62283282548479,23.646602770083,2.3469252077562626,0.0
3054,26.97984113573408,23.646602770083,2.3469252077562626,0.0
3055,26.97984113573408,23.646602770083,0.0,0.0
3056,31.242341135734073,23.646602770083,-0.0,0.0
3057,31.242341135734073,23.646602770083,12.416800000000011,0.0
3058,31.242341135734073,23.646602770083,30.155250000000002,0.0
3059,50.24234113573407,26.907752770082986,30.155250000000002,0.0
3060,69.24234113573408,33.02575277008301,30.155250000000002,0.0
3061,69.24234113573408,52.02575277008301,36.398549999999986,0.0
3062,72.40584113573408,52.02575277008301,55.398549999999986,0.0
3063,72.40584113573408,66.03530277008298,55.398549999999986,0.0
3064,72.40584113573408,66.03530277008298,56.37504999999998,0.0
3065,60.055333287165304,66.03530277008298,56.37504999999998,0.0
3066,57.038633425669474,44.98267119113561,55.19701301939052,0.0
3067,44.956251154201325,23.930039612188242,55.19701301939052,0.0
3068,35.408328716528175,23.930039612188242,34.144381440443155,0.0
3069,35.408328716528175,11.088585410895465,22.496361957525412,0.0
3070,20.2560295475531,11.088585410895465,22.496361957525412,0.0
3071,20.2560295475531,11.088585410895465,15.93209602954758,0.0
3072,20.2560295475531,8.462751615881814,15.93209602954758,0.0
3073,20.2560295475531,8.462751615881814,15.93209602954758,0.0
3074,20.2560295475531,8.462751615881814,15.93209602954758,0.0
3075,20.2560295475531,8.462751615881814,14.631892890120048,0.0
3076,20.2560295475531,0.0,14.631892890120048,0.0
3077,5.435549399815344,-0.0,14.631892890120048,0.0
3078,5.435549399815344,-0.0,-0.0,0.0
3079,0.0,0.0,0.0,0.0
3080,-0.0,-0.0,2.0268999999999924,0.0
3081,-0.0,-0.0,11.849050000000007,0.0
3082,-0.0,15.876349999999997,11.849050000000007,0.0
3083,-0.0,34.876349999999995,13.993650000000004,0.0
3084,19.0,34.876349999999995,19.884000000000015,0.0
3085,19.0,53.876349999999995,26.86840000000002,0.0
3086,19.0,67.87840530932603,36.48349469067398,0.0
3087,34.71634999999999,67.87840530932603,36.48349469067398,0.0
3088,34.71634999999999,67.87840530932603,39.592794690673976,0.0
3089,31.38792243767317,63.48838411819024,39.592794690673976,0.0
3090,30.746592797783947,42.43575253924287,39.592794690673976,0.0
3091,9.693961218836582,34.189824561403526,39.592794690673976,0.0
3092,9.693961218836582,26.184635272391514,18.54016311172661,0.0
3093,9.693961218836582,5.249289012003693,18.54016311172661,0.0
3094,9.693961218836582,5.249289012003693,7.613570313942676,0.0
3095,9.693961218836582,5.249289012003693,5.060235041551268,0.0
3096,9.693961218836582,5.249289012003693,5.060235041551268,0.0
3097,9.693961218836582,5.249289012003693,6.4095850415512725,0.0
3098,9.693961218836582,5.249289012003693,8.865635041551258,0.0
3099,9.693961218836582,5.249289012003693,9.181385041551254,0.0
3100,9.693961218836582,1.5056509695290885,9.181385041551254,0.0
3101,9.693961218836582,1.5056509695290885,0.0,0.0
3102,0.0,1.5056509695290885,0.0,0.0
3103,0.0,0.0,0.0,0.0
3104,0.0,-0.0,-0.0,0.0
3105,-0.0,13.138499999999985,-0.0,0.0
3106,-0.0,13.138499999999985,18.46655000000001,0.0
3107,11.357700138504116,24.60474986149586,18.46655000000001,0.0
3108,17.954100138504117,24.60474986149586,37.46655000000001,0.0
3109,36.95410013850412,31.481849861495885,37.46655000000001,0.0
3110,36.95410013850412,31.481849861495885,52.8813325484764,0.0
3111,36.95410013850412,47.087099861495886,52.8813325484764,0.0
3112,36.95410013850412,51.2708998614959,52.8813325484764,0.0
3113,36.95410013850412,40.701758587257665,52.8813325484764,0.0
3114,36.95410013850412,21.052631578947366,49.483922160664825,0.0
3115,15.901468559556747,21.052631578947366,40.48442077562326,0.0
3116,15.901468559556747,0.0,34.171290581717415,0.0
3117,15.901468559556747,-0.0,13.723534349030446,0.0
3118,4.992881301939047,-0.0,13.723534349030446,0.0
3119,2.671440858725742,-0.0,13.723534349030446,0.0
3120,2.671440858725742,-0.0,13.723534349030446,0.0
3121,5.807540858725746,-0.0,13.723534349030446,0.0
3122,5.807540858725746,4.3877500000000085,13.723534349030446,0.0
3123,5.807540858725746,4.3877500000000085,16.231634349030458,0.0
3124,5.807540858725746,4.3877500000000085,11.986869806094184,0.0
3125,5.807540858725746,4.3877500000000085,1.4198337950138369,0.0
3126,0.0,0.0,1.4198337950138369,0.0
3127,0.0,0.0,0.0,0.0
3128,-0.0,-0.0,-0.0,0.0
3129,-0.0,19.0,0.5043499999999952,0.0
3130,-0.0,19.0,0.5043499999999952,0.0
3131,0.0,19.0,0.5043499999999952,0.0
3132,8.596422991689716,38.0,6.782877008310283,0.0
3133,24.22542299168971,38.0,6.782877008310283,0.0
3134,43.22542299168971,38.0,19.94522700831027,0.0
3135,62.22542299168971,38.0,25.500277008310253,0.0
3136,62.22542299168971,38.0,25.500277008310253,0.0
3137,60.46963351800551,38.0,25.500277008310253,0.0
3138,45.0029299168975,38.0,25.500277008310253,0.0
3139,23.950298337950134,38.0,23.94670360110805,0.0
3140,23.950298337950134,38.0,3.727645429362884,0.0
3141,23.950298337950134,24.478947368421053,3.727645429362884,0.0
3142,23.950298337950134,24.478947368421053,0.0,0.0
3143,23.950298337950134,24.478947368421053,4.210200000000001,0.0
3144,23.950298337950134,24.478947368421053,4.210200000000001,0.0
3145,23.950298337950134,24.478947368421053,4.210200000000001,0.0
3146,23.950298337950134,24.478947368421053,4.210200000000001,0.0
3147,23.950298337950134,24.478947368421053,4.210200000000001,0.0
3148,23.950298337950134,24.478947368421053,4.210200000000001,0.0
3149,20.87522908587256,24.478947368421053,4.210200000000001,0.0
3150,20.87522908587256,21.058448753462617,4.210200000000001,0.0
3151,20.87522908587256,21.058448753462617,4.210200000000001,0.0
3152,20.87522908587256,21.058448753462617,20.166700000000017,0.0
3153,20.87522908587256,21.058448753462617,20.166700000000017,0.0
3154,27.56583047091422,21.058448753462617,39.16670000000002,0.0
3155,46.56583047091422,37.0190487534626,39.16670000000002,0.0
3156,46.91563047091421,37.0190487534626,39.16670000000002,0.0
3157,65.91563047091421,52.74971842105268,43.28438033240995,0.0
3158,84.91563047091421,69.84801842105266,43.28438033240995,0.0
3159,94.4778804709142,69.84801842105266,62.28438033240995,0.0
3160,94.4778804709142,69.84801842105266,62.28438033240995,0.0
3161,94.4778804709142,69.84801842105266,64.77163033240996,0.0
3162,83.53771426592805,69.84801842105266,64.77163033240996,0.0
3163,83.53771426592805,50.345746952908605,64.77163033240996,0.0
3164,64.86242340720227,50.345746952908605,64.77163033240996,0.0
3165,51.594223961218894,50.345746952908605,64.77163033240996,0.0
3166,46.998766897507004,50.345746952908605,64.77163033240996,0.0
3167,49.75296689750701,50.345746952908605,64.77163033240996,0.0
3168,49.75296689750701,50.345746952908605,64.77163033240996,0.0
3169,49.75296689750701,57.31989695290861,64.77163033240996,0.0
3170,57.69531689750701,57.31989695290861,64.77163033240996,0.0
3171,63.09576689750701,57.31989695290861,64.77163033240996,0.0
3172,63.09576689750701,55.93164210526318,64.77163033240996,0.0
3173,63.09576689750701,55.93164210526318,57.51063310249305,0.0
3174,63.09576689750701,48.9348,57.51063310249305,0.0
3175,63.09576689750701,48.9348,57.51063310249305,0.0
3176,63.09576689750701,48.9348,57.51063310249305,0.0
3177,63.947166897506996,48.9348,76.51063310249305,0.0
3178,69.78711689750699,48.9348,76.51063310249305,0.0
3179,79.85611689750696,48.9348,76.51063310249305,0.0
3180,88.11344999999999,48.9348,81.0,0.0
3181,88.11344999999999,62.0,100.0,0.0
3182,98.08834999999999,81.0,100.0,0.0
3183,100.0,100.0,100.0,0.0
3184,100.0,100.0,100.0,0.0
3185,100.0,100.0,93.17595567867035,0.0
3186,86.99617728531857,100.0,84.67274238227144,0.0
3187,86.99617728531857,90.78044321329642,63.62011080332407,0.0
3188,65.9435457063712,83.41729099722984,63.46304141274244,0.0
3189,65.9435457063712,62.36465941828247,62.53622700831028,0.0
3190,53.34692520775624,62.36465941828247,62.53622700831028,0.0
3191,48.85529085872577,62.36465941828247,62.53622700831028,0.0
3192,48.85529085872577,62.36465941828247,62.112625900277024,0.0
3193,48.85529085872577,62.36465941828247,62.112625900277024,0.0
3194,48.85529085872577,65.08875941828248,62.112625900277024,0.0
3195,48.85529085872577,65.08875941828248,63.04707590027701,0.0
3196,43.0,65.08875941828248,63.04707590027701,0.0
3197,43.0,53.491086288088596,63.04707590027701,0.0
3198,43.0,53.491086288088596,51.25040000000001,0.0
3199,43.0,50.73490900277002,51.25040000000001,0.0
3200,43.0,50.73490900277002,60.03989999999999,0.0
3201,43.0,50.73490900277002,77.2576,0.0
3202,43.0,69.73490900277002,81.0,0.0
3203,62.0,78.08705900277002,81.0,0.0
3204,62.0,82.20854999999999,100.0,0.0
3205,62.0,82.20854999999999,100.0,0.0
3206,81.0,91.32839999999999,100.0,0.0
3207,100.0,92.5792,100.0,0.0
3208,100.0,100.0,100.0,0.0
3209,91.89800554016621,100.0,100.0,0.0
3210,91.89800554016621,78.94736842105263,98.20581717451523,0.0
3211,81.12132963988918,57.89473684210526,98.20581717451523,0.0
3212,81.12132963988918,48.646426592797795,77.15318559556786,0.0
3213,73.72431509695286,32.32837188365657,77.15318559556786,0.0
3214,59.82630955678665,32.32837188365657,77.15318559556786,0.0
3215,59.82630955678665,32.32837188365657,71.8660941828255,0.0
3216,59.82630955678665,31.443607340720284,71.8660941828255,0.0
3217,59.82630955678665,31.443607340720284,71.8660941828255,0.0
3218,62.73515955678664,31.443607340720284,71.8660941828255,0.0
3219,62.73515955678664,32.131107340720284,71.8660941828255,0.0
3220,62.73515955678664,25.924292936288158,71.8660941828255,0.0
3221,62.73515955678664,25.924292936288158,60.06210526315792,0.0
3222,62.73515955678664,25.924292936288158,48.89667590027703,0.0
3223,59.876599999999954,25.924292936288158,48.89667590027703,0.0
3224,68.10569999999997,25.924292936288158,48.89667590027703,0.0
3225,68.10569999999997,42.705342936288176,48.89667590027703,0.0
3226,68.10569999999997,61.705342936288176,53.11087590027704,0.0
3227,68.10569999999997,61.705342936288176,62.688975900277036,0.0
3228,81.0,61.705342936288176,81.68897590027703,0.0
3229,100.0,72.57665000000001,84.18651883656521,0.0
3230,100.0,91.57665000000001,94.56446883656521,0.0
3231,100.0,91.57665000000001,100.0,0.0
3232,100.0,100.0,100.0,0.0
3233,94.5187072945522,100.0,100.0,0.0
3234,94.5187072945522,81.42871652816251,100.0,0.0
3235,94.5187072945522,75.05793167128347,78.94736842105263,0.0
3236,73.46607571560483,75.05793167128347,73.46301015697136,0.0
3237,73.46607571560483,56.15809787626962,73.46301015697136,0.0
3238,73.46589686057253,56.15809787626962,58.47759344413664,0.0
3239,73.46589686057253,56.15809787626962,55.27389999999998,0.0
3240,73.46589686057253,56.15809787626962,55.27389999999998,0.0
3241,73.46589686057253,56.677547876269614,55.27389999999998,0.0
3242,73.46589686057253,57.78839787626963,55.27389999999998,0.0
3243,73.46589686057253,57.78839787626963,55.27389999999998,0.0
3244,69.6003012927055,57.78839787626963,55.27389999999998,0.0
3245,62.74953956602032,51.198365512465415,55.27389999999998,0.0
3246,62.74953956602032,41.40346246537399,55.27389999999998,0.0
3247,59.26845,41.40346246537399,55.27389999999998,0.0
3248,59.26845,41.40346246537399,59.21509999999998,0.0
3249,59.26845,53.400412465373975,59.21509999999998,0.0
3250,59.26845,70.77021246537399,59.21509999999998,0.0
3251,78.26845,70.77021246537399,62.0,0.0
3252,97.26845,76.23881246537397,62.0,0.0
3253,97.26845,81.73196246537397,81.0,0.0
3254,97.26845,84.44756246537398,100.0,0.0
3255,97.26845,98.68961246537397,100.0,0.0
3256,100.0,98.68961246537397,100.0,0.0
3257,93.53988919667589,98.68961246537397,100.0,0.0
3258,72.48725761772852,98.68961246537397,97.76541089566018,0.0
3259,72.48725761772852,77.6369808864266,90.544909787627,0.0
3260,51.43462603878115,69.91184699907663,90.544909787627,0.0
3261,51.43462603878115,49.62104367497692,90.544909787627,0.0
3262,41.068144044321315,49.62104367497692,90.544909787627,0.0
3263,39.302936288088624,49.62104367497692,90.544909787627,0.0
3264,39.302936288088624,49.62104367497692,90.544909787627,0.0
3265,40.48443628808863,49.62104367497692,90.544909787627,0.0
3266,42.471486288088634,49.62104367497692,90.544909787627,0.0
3267,42.52663628808863,49.62104367497692,90.544909787627,0.0
3268,37.795205078485665,49.62104367497692,90.544909787627,0.0
3269,30.381797876269577,49.62104367497692,90.544909787627,0.0
3270,30.381797876269577,49.62104367497692,80.95113324099727,0.0
3271,29.568723084025788,49.62104367497692,80.95113324099727,0.0
3272,29.568723084025788,49.62104367497692,84.7482832409973,0.0
3273,29.568723084025788,60.92249367497692,84.7482832409973,0.0
3274,29.568723084025788,77.59759367497693,84.7482832409973,0.0
3275,39.91564999999999,77.59759367497693,95.42270632502309,0.0
3276,44.6425,96.59759367497693,95.42270632502309,0.0
3277,63.6425,97.24325000000003,100.0,0.0
3278,82.6425,100.0,100.0,0.0
3279,97.05879999999999,100.0,100.0,0.0
3280,100.0,100.0,100.0,0.0
3281,100.0,93.856675900277,100.0,0.0
3282,81.72975069252075,93.856675900277,100.0,0.0
3283,78.07889196675899,93.856675900277,78.94736842105263,0.0
3284,78.07889196675899,72.80404432132963,76.93235457063713,0.0
3285,61.4123545706371,72.80404432132963,76.93235457063713,0.0
3286,54.02598337950136,72.80404432132963,76.93235457063713,0.0
3287,54.02598337950136,72.80404432132963,76.93235457063713,0.0
3288,54.02598337950136,72.80404432132963,76.93235457063713,0.0
3289,54.02598337950136,72.80404432132963,76.93235457063713,0.0
3290,54.02598337950136,73.37524432132963,76.93235457063713,0.0
3291,54.02598337950136,73.37524432132963,76.93235457063713,0.0
3292,54.02598337950136,69.58471800554014,76.93235457063713,0.0
3293,54.02598337950136,69.58471800554014,66.644432132964,0.0
3294,54.02598337950136,69.58471800554014,55.64664819944599,0.0
3295,54.02598337950136,69.58471800554014,51.20742382271468,0.0
3296,54.02598337950136,69.58471800554014,51.20742382271468,0.0
3297,54.02598337950136,69.58471800554014,59.89545715604801,0.0
3298,54.02598337950136,82.1470180055401,59.89545715604801,0.0
3299,54.02598337950136,82.1470180055401,78.77469048938134,0.0
3300,73.02598337950135,85.23200133887345,78.77469048938134,0.0
3301,79.25108471837483,100.0,78.77469048938134,0.0
3302,97.50128471837485,100.0,78.77469048938134,0.0
3303,97.50128471837485,100.0,89.22779048938133,0.0
3304,97.50128471837485,100.0,89.22779048938133,0.0
3305,86.99674178208676,100.0,89.22779048938133,0.0
3306,85.55092460757152,100.0,68.17515891043396,0.0
3307,76.75236505078482,78.94736842105263,68.17515891043396,0.0
3308,76.75236505078482,71.12991689750692,47.122527331486594,0.0
3309,55.69973347183745,69.5727977839335,47.122527331486594,0.0
3310,55.69973347183745,69.5727977839335,34.30596223453368,0.0
3311,55.69973347183745,65.03229916897506,34.30596223453368,0.0
3312,55.69973347183745,62.59778393351799,34.30596223453368,0.0
3313,55.69973347183745,62.59778393351799,34.30596223453368,0.0
3314,55.69973347183745,62.59778393351799,34.30596223453368,0.0
3315,55.69973347183745,61.66764542936286,34.30596223453368,0.0
3316,55.69973347183745,53.435844875346234,34.30596223453368,0.0
3317,51.07539224376724,53.435844875346234,23.817062465373965,0.0
3318,34.817497506925115,53.435844875346234,23.817062465373965,0.0
3319,34.817497506925115,43.489972299168926,23.817062465373965,0.0
3320,34.817497506925115,43.489972299168926,23.817062465373965,0.0
3321,34.817497506925115,47.40265563250228,23.817062465373965,0.0
3322,34.817497506925115,47.40265563250228,31.426812465373974,0.0
3323,34.817497506925115,59.74855563250229,31.426812465373974,0.0
3324,50.391247506925154,59.74855563250229,31.426812465373974,0.0
3325,50.391247506925154,59.74855563250229,47.67551246537397,0.0
3326,50.391247506925154,75.64717059095125,47.67551246537397,0.0
3327,58.393980840258465,75.64717059095125,47.67551246537397,0.0
3328,58.393980840258465,75.64717059095125,47.67551246537397,0.0
3329,58.393980840258465,62.28318167128362,47.67551246537397,0.0
3330,54.70131698984314,42.194017266851304,47.67551246537397,0.0
3331,46.38979344413675,21.141385687903938,47.67551246537397,0.0
3332,39.35926712834728,21.141385687903938,26.6228808864266,0.0
3333,18.30663554939991,21.141385687903938,26.192853185595574,0.0
3334,18.30663554939991,21.141385687903938,14.277617728531862,0.0
3335,14.905028901200458,21.141385687903938,14.277617728531862,0.0
3336,14.905028901200458,21.141385687903938,12.717617728531847,0.0
3337,14.905028901200458,21.141385687903938,12.717617728531847,0.0
3338,14.905028901200458,21.141385687903938,12.717617728531847,0.0
3339,14.905028901200458,21.141385687903938,12.717617728531847,0.0
3340,14.905028901200458,14.49739676823636,12.717617728531847,0.0
3341,14.905028901200458,14.49739676823636,-0.0,0.0
3342,2.0438100646353714,14.49739676823636,-0.0,0.0
3343,2.0438100646353714,8.959225023083997,-0.0,0.0
3344,2.0438100646353714,9.69115835641734,-0.0,0.0
3345,8.047310064635353,9.69115835641734,0.0,0.0
3346,8.047310064635353,9.69115835641734,10.936349999999967,0.0
3347,8.047310064635353,24.95310835641733,10.936349999999967,0.0
3348,8.816043397968684,24.95310835641733,29.93634999999997,0.0
3349,27.816043397968684,26.602991689750667,29.93634999999997,0.0
3350,27.816043397968684,26.602991689750667,47.035099999999986,0.0
3351,37.929393397968674,26.602991689750667,47.035099999999986,0.0
3352,37.929393397968674,26.602991689750667,47.035099999999986,0.0
3353,28.704019436749817,26.602991689750667,47.035099999999986,0.0
3354,9.025767636195763,26.602991689750667,46.4616620498615,0.0
3355,9.025767636195763,21.052631578947366,25.40903047091414,0.0
3356,5.086432456140361,-0.0,25.40903047091414,0.0
3357,5.086432456140361,-0.0,7.506038781163442,0.0
3358,5.086432456140361,-0.0,-0.0,0.0
3359,5.086432456140361,-0.0,-0.0,0.0
3360,5.086432456140361,0.0,0.0,0.0
3361,5.086432456140361,0.0,2.1078000000000086,0.0
3362,6.435069252077566,0.45573407202216215,4.9915124653739715,0.0
3363,6.435069252077566,0.45573407202216215,5.935512465373977,0.0
3364,6.435069252077566,0.0,5.935512465373977,0.0
3365,0.0,-0.0,5.935512465373977,0.0
3366,0.0,0.0,-0.0,0.0
3367,0.0,0.0,0.0,0.0
3368,5.336899999999974,-0.0,-0.0,0.0
3369,17.32764999999997,-0.0,-0.0,0.0
3370,17.32764999999997,16.104900000000008,-0.0,0.0
3371,17.32764999999997,16.104900000000008,11.506108171745105,0.0
3372,36.32764999999997,16.104900000000008,14.906808171745112,0.0
3373,38.76264584487542,17.960454155124552,33.90680817174511,0.0
3374,40.950645844875424,36.96045415512455,33.90680817174511,0.0
3375,40.950645844875424,36.96045415512455,48.2099081717451,0.0
3376,40.950645844875424,40.61685415512454,48.2099081717451,0.0
3377,40.950645844875424,40.61685415512454,39.11705498614954,0.0
3378,20.880950554016703,40.61685415512454,39.11705498614954,0.0
3379,4.646481994459853,40.61685415512454,29.15590027700832,0.0
3380,-0.0,40.61685415512454,8.103268698060953,0.0
3381,-0.0,21.093086842105173,8.103268698060953,0.0
3382,-0.0,11.539624238227056,8.103268698060953,0.0
3383,-0.0,11.539624238227056,6.863379501385045,0.0
3384,0.0,14.27972423822706,6.863379501385045,0.0
3385,5.536900000000007,14.27972423822706,6.863379501385045,0.0
3386,11.907900000000014,14.27972423822706,6.863379501385045,0.0
3387,15.80615000000001,14.27972423822706,6.863379501385045,0.0
3388,13.295457479224378,14.27972423822706,6.863379501385045,0.0
3389,13.295457479224378,6.1410538781162565,6.863379501385045,0.0
3390,13.295457479224378,6.1410538781162565,0.0,0.0
3391,13.295457479224378,6.1410538781162565,0.9388499999999919,0.0
3392,23.099257479224377,6.1410538781162565,0.9388499999999919,0.0
3393,23.099257479224377,23.167353878116266,0.9388499999999919,0.0
3394,23.099257479224377,26.606103878116272,19.93884999999999,0.0
3395,31.36555747922438,45.60610387811627,19.93884999999999,0.0
3396,50.36555747922438,45.60610387811627,31.074349999999985,0.0
3397,69.36555747922438,45.60610387811627,42.60094999999998,0.0
3398,86.46359418282549,45.60610387811627,53.14491329639887,0.0
3399,87.0937441828255,64.60610387811627,53.14491329639887,0.0
3400,87.0937441828255,64.60610387811627,60.267613296398864,0.0
3401,79.1716389196676,64.60610387811627,60.267613296398864,0.0
3402,58.11900734072023,64.57552216066476,60.267613296398864,0.0
3403,49.52609875346262,64.57552216066476,39.214981717451494,0.0
3404,28.473467174515253,64.57552216066476,30.102627146814378,0.0
3405,28.473467174515253,43.52289058171739,26.822571745152345,0.0
3406,13.988370221606658,43.52289058171739,26.822571745152345,0.0
3407,13.988370221606658,43.52289058171739,20.71243324099721,0.0
3408,13.988370221606658,43.020231301939,20.71243324099721,0.0
3409,13.988370221606658,45.384631301939,20.71243324099721,0.0
3410,13.988370221606658,48.63588130193904,20.71243324099721,0.0
3411,13.988370221606658,48.63588130193904,21.649333240997215,0.0
3412,13.988370221606658,42.71737714681441,21.649333240997215,0.0
3413,2.289866066481986,42.71737714681441,21.649333240997215,0.0
3414,2.289866066481986,30.696823130193913,21.649333240997215,0.0
3415,0.0,28.04679999999999,21.649333240997215,0.0
3416,-0.0,28.04679999999999,27.458983240997217,0.0
3417,14.233350000000005,28.04679999999999,27.458983240997217,0.0
3418,15.47624999999999,28.04679999999999,27.458983240997217,0.0
3419,15.47624999999999,47.04679999999999,33.45743324099722,0.0
3420,15.47624999999999,66.04679999999999,42.395733240997245,0.0
3421,34.47624999999999,75.26100000000001,42.395733240997245,0.0
3422,34.47624999999999,81.84535,61.395733240997245,0.0
3423,34.47624999999999,100.0,61.395733240997245,0.0
3424,41.01579999999999,100.0,61.395733240997245,0.0
3425,41.01579999999999,92.23673130193906,61.395733240997245,0.0
3426,41.01579999999999,72.09113573407201,61.395733240997245,0.0
3427,41.01579999999999,51.03850415512464,54.648918836565116,0.0
3428,41.01579999999999,29.985872576177275,47.77218753462605,0.0
3429,37.44572022160661,20.88875290858727,38.83030110803325,0.0
3430,37.44572022160661,20.88875290858727,26.812350969529106,0.0
3431,33.68965373961213,20.88875290858727,26.812350969529106,0.0
3432,33.68965373961213,22.25185290858727,26.812350969529106,0.0
3433,33.68965373961213,22.25185290858727,31.177200969529103,0.0
3434,33.68965373961213,22.25185290858727,36.6382509695291,0.0
3435,33.68965373961213,26.001702908587266,36.6382509695291,0.0
3436,31.40765927977836,26.001702908587266,36.6382509695291,0.0
3437,31.40765927977836,26.001702908587266,28.665231578947385,0.0
3438,23.76499999999998,26.001702908587266,28.665231578947385,0.0
3439,23.76499999999998,26.001702908587266,28.665231578947385,0.0
3440,33.47709999999999,26.001702908587266,28.665231578947385,0.0
3441,50.382400000000004,26.001702908587266,28.665231578947385,0.0
3442,69.3824,29.559702908587255,28.665231578947385,0.0
3443,88.3824,29.559702908587255,37.64798157894735,0.0
3444,88.3824,48.559702908587255,50.29423157894736,0.0
3445,88.3824,62.271052908587244,50.29423157894736,0.0
3446,100.0,62.271052908587244,69.29423157894736,0.0
3447,100.0,62.271052908587244,69.29423157894736,0.0
3448,100.0,62.271052908587244,80.18298157894738,0.0
3449,100.0,62.271052908587244,77.04048850415514,0.0
3450,100.0,62.271052908587244,61.45661038781165,0.0
3451,97.79224376731301,62.271052908587244,40.40397880886428,0.0
3452,87.44290055401663,62.271052908587244,27.180579639889192,0.0
3453,69.59215263157895,62.271052908587244,27.180579639889192,0.0
3454,69.59215263157895,62.271052908587244,18.91476246537394,0.0
3455,69.59215263157895,61.93409999999998,18.91476246537394,0.0
3456,69.59215263157895,63.74449999999998,18.91476246537394,0.0
3457,69.59215263157895,63.74449999999998,23.40001246537394,0.0
3458,74.72900263157895,63.74449999999998,23.40001246537394,0.0
3459,74.72900263157895,63.74449999999998,23.40001246537394,0.0
3460,71.31947354570637,63.74449999999998,23.40001246537394,0.0
3461,71.31947354570637,63.74449999999998,14.390372576177281,0.0
3462,62.02795,63.74449999999998,14.390372576177281,0.0
3463,62.02795,63.74449999999998,12.324499999999997,0.0
3464,62.02795,63.74449999999998,19.32244999999999,0.0
3465,76.0458,63.74449999999998,19.32244999999999,0.0
3466,76.23894999999999,63.74449999999998,38.32244999999999,0.0
3467,76.23894999999999,68.4838,57.32244999999999,0.0
3468,95.23894999999999,68.4838,64.9139,0.0
3469,95.23894999999999,76.2269,83.9139,0.0
3470,100.0,95.2269,83.9139,0.0
3471,100.0,95.2269,100.0,0.0
3472,100.0,100.0,100.0,0.0
3473,100.0,91.06952908587256,100.0,0.0
3474,100.0,70.18542936288087,100.0,0.0
3475,92.2447645429363,70.18542936288087,78.94736842105263,0.0
3476,84.06038781163437,49.1327977839335,78.94736842105263,0.0
3477,63.007756232687,47.111080332409955,78.94736842105263,0.0
3478,63.007756232687,47.111080332409955,66.12963988919668,0.0
3479,63.007756232687,47.111080332409955,61.89002770083103,0.0
3480,63.007756232687,45.258282548476444,61.89002770083103,0.0
3481,64.193356232687,45.258282548476444,61.89002770083103,0.0
3482,64.193356232687,47.45888254847646,61.89002770083103,0.0
3483,64.40645623268702,47.45888254847646,61.89002770083103,0.0
3484,64.40645623268702,41.391403324099734,61.89002770083103,0.0
3485,64.40645623268702,41.391403324099734,50.65634349030469,0.0
3486,60.64429002770086,41.391403324099734,42.942,0.0
3487,60.64429002770086,36.63123711911359,42.942,0.0
3488,60.64429002770086,41.34308711911357,42.942,0.0
3489,60.64429002770086,41.34308711911357,54.4334,0.0
3490,60.64429002770086,41.34308711911357,70.7714,0.0
3491,62.45484002770087,41.34308711911357,89.7714,0.0
3492,67.06769002770085,60.34308711911357,89.7714,0.0
3493,86.06769002770085,60.34308711911357,94.81415000000001,0.0
3494,86.06769002770085,79.34308711911356,97.35240000000002,0.0
3495,86.06769002770085,93.30188711911359,97.35240000000002,0.0
3496,86.06769002770085,93.30188711911359,100.0,0.0
3497,75.56944639889204,93.30188711911359,99.49652617728528,0.0
3498,54.51681481994467,93.30188711911359,98.70034889196671,0.0
3499,46.7346541551247,72.24925554016622,98.70034889196671,0.0
3500,46.7346541551247,51.19662396121885,90.2149195290858,0.0
3501,46.7346541551247,48.726873268698085,69.16228795013843,0.0
3502,32.976316204986205,48.726873268698085,69.16228795013843,0.0
3503,32.976316204986205,48.726873268698085,63.91962867036005,0.0
3504,32.976316204986205,48.726873268698085,60.010709002770035,0.0
3505,32.66878157894742,48.726873268698085,60.010709002770035,0.0
3506,32.66878157894742,48.726873268698085,60.981609002770035,0.0
3507,32.66878157894742,48.726873268698085,60.26637354570632,0.0
3508,26.08080373961222,48.726873268698085,60.26637354570632,0.0
3509,26.08080373961222,36.70764889196678,60.26637354570632,0.0
3510,26.08080373961222,36.70764889196678,48.01484999999995,0.0
3511,21.125845290858727,36.70764889196678,48.01484999999995,0.0
3512,21.125845290858727,36.70764889196678,51.69784999999996,0.0
3513,21.125845290858727,47.147698891966776,51.69784999999996,0.0
3514,21.125845290858727,62.804398891966784,51.69784999999996,0.0
3515,21.125845290858727,64.5091488919668,70.69784999999996,0.0
3516,21.125845290858727,69.70894889196678,89.69784999999996,0.0
3517,21.125845290858727,88.70894889196678,95.98819999999998,0.0
3518,40.12584529085873,88.70894889196678,100.0,0.0
3519,55.73579529085871,88.70894889196678,100.0,0.0
3520,55.73579529085871,93.56339889196677,100.0,0.0
3521,55.73579529085871,93.56339889196677,91.887756232687,0.0
3522,55.73579529085871,93.56339889196677,72.47401662049862,0.0
3523,49.46465955678671,72.5107673130194,72.47401662049862,0.0
3524,41.887595844875364,72.5107673130194,51.42138504155125,0.0
3525,41.887595844875364,51.45813573407203,49.28675900277008,0.0
3526,41.887595844875364,38.14982548476456,49.28675900277008,0.0
3527,37.16172326869808,38.14982548476456,49.28675900277008,0.0
3528,37.16172326869808,36.62605817174518,49.28675900277008,0.0
3529,38.83647326869811,36.62605817174518,49.28675900277008,0.0
3530,38.83647326869811,36.62605817174518,51.482371606648066,0.0
3531,38.83647326869811,36.99225817174518,51.482371606648066,0.0
3532,38.83647326869811,36.99225817174518,45.16879819944586,0.0
3533,38.83647326869811,36.99225817174518,33.2213743767312,0.0
3534,38.83647326869811,36.99225817174518,22.724310664819864,0.0
3535,38.83647326869811,34.44439113573409,22.724310664819864,0.0
3536,38.83647326869811,40.812541135734065,22.724310664819864,0.0
3537,51.51447326869812,40.812541135734065,22.724310664819864,0.0
3538,51.51447326869812,45.63605180055393,35.188649999999996,0.0
3539,51.51447326869812,48.40185180055393,54.188649999999996,0.0
3540,57.35087326869812,48.40185180055393,73.18865,0.0
3541,63.83637326869812,48.40185180055393,92.18865,0.0
3542,63.83637326869812,67.40185180055393,96.07110000000002,0.0
3543,63.83637326869812,82.70510180055393,96.07110000000002,0.0
3544,63.83637326869812,82.70510180055393,100.0,0.0
3545,54.60695498614962,82.70510180055393,100.0,0.0
3546,54.60695498614962,82.70510180055393,78.99573407202216,0.0
3547,46.21637326869811,61.65247022160657,78.99573407202216,0.0
3548,46.21637326869811,52.11706855955669,57.94310249307479,0.0
3549,46.21637326869811,48.30720706371182,36.89047091412742,0.0
3550,46.21637326869811,48.30720706371182,22.07163434903046,0.0
3551,46.21637326869811,48.30720706371182,15.360498614958443,0.0
3552,46.21637326869811,46.165932825484674,15.360498614958443,0.0
3553,46.649373268698106,46.165932825484674,15.360498614958443,0.0
3554,47.50832326869812,46.165932825484674,15.360498614958443,0.0
3555,47.50832326869812,44.28100207756223,15.360498614958443,0.0
3556,47.50832326869812,35.77258102493064,15.360498614958443,0.0
3557,47.50832326869812,21.31241481994449,15.360498614958443,0.0
3558,32.74455595567872,21.31241481994449,15.360498614958443,0.0
3559,24.79901578947375,21.31241481994449,15.360498614958443,0.0
3560,24.79901578947375,22.630814819944487,15.360498614958443,0.0
3561,32.828015789473746,22.630814819944487,15.360498614958443,0.0
3562,32.828015789473746,35.66846481994446,15.360498614958443,0.0
3563,32.828015789473746,47.719113573407185,21.01439986149572,0.0
3564,35.12101578947378,47.719113573407185,40.01439986149572,0.0
3565,38.76251578947378,66.71911357340718,40.01439986149572,0.0
3566,57.76251578947378,66.71911357340718,42.093749861495716,0.0
3567,57.76251578947378,66.71911357340718,56.286399861495724,0.0
3568,60.7917657894738,66.71911357340718,56.286399861495724,0.0
3569,50.33304002770093,66.71911357340718,56.286399861495724,0.0
3570,49.30013144044332,45.66648199445982,56.286399861495724,0.0
3571,49.30013144044332,36.1375623268698,35.23376828254836,0.0
3572,38.14949432132977,36.1375623268698,14.181136703600995,0.0
3573,17.323595013850444,36.1375623268698,8.30537396121884,0.0
3574,17.323595013850444,19.447811634349023,8.30537396121884,0.0
3575,17.323595013850444,19.447811634349023,-0.0,0.0
3576,17.323595013850444,16.251080332409956,0.0,0.0
3577,17.323595013850444,16.251080332409956,0.15095000000000205,0.0
3578,18.09290858725765,16.251080332409956,0.6808864265927937,0.0
3579,18.09290858725765,16.251080332409956,-0.0,0.0
3580,11.294404432132978,16.251080332409956,-0.0,0.0
3581,11.294404432132978,4.128753462603879,-0.0,0.0
3582,0.0,4.128753462603879,0.0,0.0
3583,0.0,0.0,0.0,0.0
3584,-0.0,-0.0,4.931149999999998,0.0
3585,9.687988227146818,2.1954617728532004,4.931149999999998,0.0
3586,9.687988227146818,19.156511772853214,4.931149999999998,0.0
3587,28.687988227146818,19.156511772853214,5.711411772853128,0.0
3588,28.687988227146818,23.303933518005543,7.709640027700807,0.0
3589,47.68798822714682,23.303933518005543,14.647590027700808,0.0
3590,52.03043822714682,42.30393351800554,14.647590027700808,0.0
3591,67.89423822714681,42.30393351800554,14.647590027700808,0.0
3592,67.89423822714681,42.30393351800554,14.647590027700808,0.0
3593,67.89423822714681,33.46127423822715,14.647590027700808,0.0
3594,47.41202216066482,33.46127423822715,14.647590027700808,0.0
3595,26.35939058171745,33.46127423822715,7.916897506925203,0.0
3596,5.306759002770081,33.46127423822715,0.0,0.0
3597,3.453795013850418,12.408642659279783,0.0,0.0
3598,3.453795013850418,0.0,-0.0,0.0
3599,0.0,-0.0,-0.0,0.0
3600,-0.0,2.0328499999999985,-0.0,0.0
3601,-0.0,6.835542936288083,0.15710706371191563,0.0
3602,-0.0,12.548492936288069,0.15710706371191563,0.0
3603,3.376050000000003,12.548492936288069,0.15710706371191563,0.0
3604,0.9876289473684334,12.548492936288069,0.15710706371191563,0.0
3605,0.9876289473684334,5.3565261772852955,0.15710706371191563,0.0
3606,0.0,0.0,0.15710706371191563,0.0
3607,0.8853000000000051,-0.0,0.15710706371191563,0.0
3608,11.038250000000007,-0.0,0.15710706371191563,0.0
3609,28.50240000000001,-0.0,0.15710706371191563,0.0
3610,28.50240000000001,19.0,3.671257063711904,0.0
3611,28.50240000000001,19.0,3.671257063711904,0.0
3612,28.50240000000001,29.812349999999988,3.671257063711904,0.0
3613,39.68924999999998,29.812349999999988,22.671257063711906,0.0
3614,58.68924999999998,30.378084626038817,30.350922437673088,0.0
3615,58.68924999999998,30.622334626038803,49.35092243767309,0.0
3616,58.68924999999998,30.622334626038803,49.35092243767309,0.0
3617,53.107477146814404,30.622334626038803,49.35092243767309,0.0
3618,53.107477146814404,30.622334626038803,32.29773684210521,0.0
3619,32.054845567867034,30.622334626038803,27.74122714681436,0.0
3620,32.054845567867034,9.569703047091437,20.908817174515217,0.0
3621,17.341647783933475,9.569703047091437,13.37913407202217,0.0
3622,17.341647783933475,9.569703047091437,1.292430470914136,0.0
3623,14.061315373961172,9.569703047091437,1.292430470914136,0.0
3624,14.061315373961172,8.94089418282552,1.292430470914136,0.0
3625,14.061315373961172,8.94089418282552,3.9290304709141375,0.0
3626,17.848265373961176,8.94089418282552,3.9290304709141375,0.0
3627,17.848265373961176,10.88609418282552,3.9290304709141375,0.0
3628,17.848265373961176,10.88609418282552,-0.0,0.0
3629,8.256686426592761,10.88609418282552,-0.0,0.0
3630,8.256686426592761,1.7976731301939257,-0.0,0.0
3631,8.256686426592761,-0.0,0.0,0.0
3632,8.256686426592761,-0.0,7.011600000000004,0.0
3633,8.256686426592761,0.0,7.011600000000004,0.0
3634,8.256686426592761,18.863400000000016,7.011600000000004,0.0
3635,8.256686426592761,18.863400000000016,22.634449445983275,0.0
3636,27.25668642659276,18.863400000000016,30.461149445983295,0.0
3637,35.75263642659277,18.863400000000016,49.461149445983295,0.0
3638,35.75263642659277,37.86340000000001,55.2595994459833,0.0
3639,52.82883642659277,37.86340000000001,55.2595994459833,0.0
3640,58.43528642659281,37.86340000000001,55.2595994459833,0.0
3641,58.43528642659281,37.86340000000001,48.24862991689743,0.0
3642,52.22891966759002,26.138741828254872,48.24862991689743,0.0
3643,52.22891966759002,5.086110249307506,42.27749418282542,0.0
3644,31.176288088642654,5.086110249307506,33.59278504155118,0.0
3645,10.123656509695287,5.086110249307506,30.733726869806034,0.0
3646,10.123656509695287,2.2509342105263124,19.7021993074792,0.0
3647,10.123656509695287,2.2509342105263124,14.36502479224375,0.0
3648,10.123656509695287,2.2509342105263124,12.191783795013844,0.0
3649,10.123656509695287,2.2509342105263124,13.679833795013856,0.0
3650,10.123656509695287,2.2509342105263124,13.679833795013856,0.0
3651,10.123656509695287,3.3936842105263048,13.679833795013856,0.0
3652,10.123656509695287,3.3936842105263048,9.424265927977848,0.0
3653,10.123656509695287,3.3936842105263048,0.0,0.0
3654,0.0,3.3936842105263048,0.0,0.0
3655,0.0,0.0,0.0,0.0
3656,-0.0,-0.0,5.444000000000028,0.0
3657,-0.0,-0.0,17.902500000000032,0.0
3658,-0.0,-0.0,35.75665000000005,0.0
3659,19.0,4.1672500000000126,35.75665000000005,0.0
3660,38.0,11.661200000000026,35.75665000000005,0.0
3661,46.226600000000005,30.661200000000026,35.75665000000005,0.0
3662,46.226600000000005,30.661200000000026,41.572000000000074,0.0
3663,46.226600000000005,30.661200000000026,58.878850000000085,0.0
3664,46.226600000000005,36.54735000000003,58.878850000000085,0.0
3665,39.25784653739615,36.54735000000003,58.878850000000085,0.0
3666,21.95817894736848,36.54735000000003,58.878850000000085,0.0
3667,21.95817894736848,33.13178213296402,37.826218421052715,0.0
3668,0.9055473684211144,28.08430290858726,37.826218421052715,0.0
3669,0.9055473684211144,28.08430290858726,17.401509279778473,0.0
3670,0.9055473684211144,28.08430290858726,7.475082686980679,0.0
3671,0.0,28.08430290858726,7.348330886426725,0.0
3672,-0.0,28.08430290858726,7.348330886426725,0.0
3673,-0.0,28.08430290858726,11.416930886426726,0.0
3674,-0.0,28.08430290858726,16.712380886426743,0.0
3675,3.5075499999999953,28.08430290858726,16.712380886426743,0.0
3676,3.5075499999999953,28.08430290858726,14.501799168975213,0.0
3677,3.5075499999999953,28.08430290858726,7.023627423822875,0.0
3678,3.5075499999999953,20.876768282548483,7.023627423822875,0.0
3679,3.5075499999999953,20.893518282548488,7.023627423822875,0.0
3680,3.5075499999999953,28.973718282548475,7.023627423822875,0.0
3681,3.5075499999999953,28.973718282548475,21.018227423822857,0.0
3682,10.873234072022322,28.973718282548475,31.982193351800532,0.0
3683,29.87323407202232,28.973718282548475,35.55509335180052,0.0
3684,48.87323407202232,28.973718282548475,41.81794335180051,0.0
3685,48.87323407202232,28.973718282548475,41.81794335180051,0.0
3686,67.87323407202231,28.973718282548475,45.39849335180052,0.0
3687,67.87323407202231,42.829030470914155,46.72173116343484,0.0
3688,67.87323407202231,42.829030470914155,46.72173116343484,0.0
3689,67.87323407202231,42.829030470914155,38.21375332409967,0.0
3690,67.87323407202231,24.692188365650996,38.21375332409967,0.0
3691,67.87323407202231,21.440055401662065,17.161121745152304,0.0
3692,46.820602493074944,21.440055401662065,12.08987520775619,0.0
3693,46.820602493074944,1.2784487534626003,12.08987520775619,0.0
3694,37.254175900277154,1.2784487534626003,12.08987520775619,0.0
3695,36.55467451523562,1.2784487534626003,12.08987520775619,0.0
3696,36.55467451523562,1.2784487534626003,12.08987520775619,0.0
3697,36.55467451523562,1.2784487534626003,17.5750752077562,0.0
3698,36.55467451523562,1.2784487534626003,17.5750752077562,0.0
3699,36.55467451523562,1.2784487534626003,21.969975207756193,0.0
3700,36.55467451523562,0.0,21.969975207756193,0.0
3701,29.391738227146963,-0.0,21.969975207756193,0.0
3702,29.391738227146963,-0.0,14.898894875346222,0.0
3703,28.95484072022177,-0.0,14.898894875346222,0.0
3704,28.95484072022177,7.235750000000003,14.898894875346222,0.0
3705,28.95484072022177,20.9965,14.898894875346222,0.0
3706,47.77164072022176,20.9965,14.898894875346222,0.0
3707,47.77164072022176,20.9965,14.898894875346222,0.0
3708,47.77164072022176,27.574950000000022,14.898894875346222,0.0
3709,54.10459072022174,27.574950000000022,33.89889487534622,0.0
3710,54.10459072022174,46.57495000000002,37.273644875346214,0.0
3711,68.70604072022174,46.57495000000002,37.273644875346214,0.0
3712,68.70604072022174,50.1022,37.273644875346214,0.0
3713,68.70604072022174,40.798765096952906,37.273644875346214,0.0
3714,48.524877285318695,40.798765096952906,37.273644875346214,0.0
3715,41.6653204986151,40.798765096952906,16.221013296398848,0.0
3716,20.612688919667736,40.798765096952906,6.83741218836562,0.0
3717,20.612688919667736,22.759279778393335,-0.0,0.0
3718,6.2116362880888065,22.759279778393335,-0.0,0.0
3719,6.2116362880888065,17.198282548476442,0.0,0.0
3720,6.2116362880888065,15.672243767313034,-0.0,0.0
3721,8.186666066481981,15.672243767313034,-0.0,0.0
3722,8.186666066481981,15.672243767313034,-0.0,0.0
3723,9.762216066481976,15.672243767313034,-0.0,0.0
3724,9.762216066481976,11.442216066482011,-0.0,0.0
3725,0.0,11.442216066482011,-0.0,0.0
3726,-0.0,2.172243767313016,0.0,0.0
3727,0.0,0.0,0.0,0.0
3728,5.980999999999998,-0.0,-0.0,0.0
3729,5.980999999999998,-0.0,-0.0,0.0
3730,5.980999999999998,-0.0,4.046799445983375,0.0
3731,9.175100000000027,0.0,23.046799445983375,0.0
3732,13.702770083102507,19.0,24.60882936288087,0.0
3733,13.702770083102507,24.840811772853158,43.60882936288087,0.0
3734,32.70277008310251,24.840811772853158,48.185429362880875,0.0
3735,32.70277008310251,24.840811772853158,48.185429362880875,0.0
3736,32.70277008310251,30.50576177285315,48.185429362880875,0.0
3737,26.260554016620496,30.50576177285315,48.185429362880875,0.0
3738,26.260554016620496,30.50576177285315,32.198116343490284,0.0
3739,26.260554016620496,9.453130193905782,30.373905817174496,0.0
3740,26.260554016620496,5.370083102493062,9.32127423822713,0.0
3741,6.893019390581713,5.370083102493062,9.32127423822713,0.0
3742,6.893019390581713,5.370083102493062,-0.0,0.0
3743,6.026038781163444,5.370083102493062,-0.0,0.0
3744,6.026038781163444,5.370083102493062,-0.0,0.0
3745,6.026038781163444,5.370083102493062,-0.0,0.0
3746,6.026038781163444,5.370083102493062,-0.0,0.0
3747,6.026038781163444,5.370083102493062,-0.0,0.0
3748,5.77540166204986,5.370083102493062,-0.0,0.0
3749,0.0,5.370083102493062,-0.0,0.0
3750,0.0,0.0,0.0,0.0
3751,-0.0,-0.0,-0.0,0.0
3752,-0.0,10.326349999999975,-0.0,0.0
3753,-0.0,10.326349999999975,-0.0,0.0
3754,-0.0,13.301599999999963,-0.0,0.0
3755,7.522550000000012,13.301599999999963,-0.0,0.0
3756,7.522550000000012,13.301599999999963,0.0,0.0
3757,26.522550000000013,23.565749999999948,-0.0,0.0
3758,34.26500000000003,23.565749999999948,19.0,0.0
3759,34.26500000000003,25.207700831024923,36.624399168975025,0.0
3760,34.26500000000003,25.207700831024923,36.624399168975025,0.0
3761,34.26500000000003,21.052631578947366,36.624399168975025,0.0
3762,21.052631578947366,21.052631578947366,35.83360969529085,0.0
3763,-0.0,21.052631578947366,35.55150443213296,0.0
3764,-0.0,0.0,33.10341578947366,0.0
3765,0.0,-0.0,15.597875623268692,0.0
3766,-0.0,-0.0,8.836712188365654,0.0
3767,-0.0,-0.0,8.836712188365654,0.0
3768,6.904500000000003,-0.0,8.836712188365654,0.0
3769,6.904500000000003,-0.0,8.836712188365654,0.0
3770,6.904500000000003,-0.0,8.836712188365654,0.0
3771,6.904500000000003,-0.0,8.836712188365654,0.0
3772,9.808649999999991,-0.0,8.836712188365654,0.0
3773,9.808649999999991,-0.0,6.457099999999988,0.0
3774,9.808649999999991,-0.0,4.134551523545701,0.0
3775,14.45244999999999,-0.0,4.134551523545701,0.0
3776,14.45244999999999,-0.0,4.134551523545701,0.0
3777,14.45244999999999,-0.0,23.134551523545703,0.0
3778,14.45244999999999,-0.0,23.134551523545703,0.0
3779,14.45244999999999,-0.0,34.574701523545684,0.0
3780,14.45244999999999,-0.0,34.574701523545684,0.0
3781,31.08437548476451,17.248874515235457,34.574701523545684,0.0
3782,31.08437548476451,29.157274515235468,53.574701523545684,0.0
3783,36.71402839335183,29.157274515235468,70.25729861495836,0.0
3784,36.71402839335183,29.157274515235468,70.25729861495836,0.0
3785,36.71402839335183,29.157274515235468,66.60909916897499,0.0
3786,36.71402839335183,29.157274515235468,52.5571878116343,0.0
3787,36.46904224376734,29.157274515235468,31.504556232686934,0.0
3788,36.46904224376734,26.129795290858752,10.451924653739567,0.0
3789,17.630261080332435,26.129795290858752,10.451924653739567,0.0
3790,17.630261080332435,18.022094459833816,10.451924653739567,0.0
3791,17.630261080332435,18.022094459833816,10.451924653739567,0.0
3792,17.630261080332435,18.022094459833816,10.451924653739567,0.0
3793,17.630261080332435,18.022094459833816,10.451924653739567,0.0
3794,24.72051108033243,18.022094459833816,10.451924653739567,0.0
3795,24.72051108033243,18.022094459833816,10.451924653739567,0.0
3796,24.72051108033243,17.924698337950165,10.451924653739567,0.0
3797,24.72051108033243,12.591124930747938,10.451924653739567,0.0
3798,20.03103739612189,12.591124930747938,10.451924653739567,0.0
3799,20.03103739612189,12.591124930747938,10.451924653739567,0.0
3800,30.737387396121882,12.591124930747938,10.451924653739567,0.0
3801,30.737387396121882,12.591124930747938,27.962024653739597,0.0
3802,30.737387396121882,12.591124930747938,27.962024653739597,0.0
3803,30.737387396121882,12.591124930747938,27.962024653739597,0.0
3804,42.106537396121865,12.591124930747938,27.962024653739597,0.0
3805,42.106537396121865,12.591124930747938,39.8286746537396,0.0
3806,42.106537396121865,22.01812493074794,39.8286746537396,0.0
3807,42.106537396121865,22.01812493074794,41.8751246537396,0.0
3808,42.106537396121865,22.01812493074794,41.8751246537396,0.0
3809,42.106537396121865,19.555742659279787,41.8751246537396,0.0
3810,28.899390581717444,19.555742659279787,41.8751246537396,0.0
3811,28.899390581717444,19.555742659279787,21.052631578947366,0.0
3812,28.899390581717444,16.867432409972302,0.0,0.0
3813,10.630249307479229,16.867432409972302,-0.0,0.0
3814,3.034958448753466,16.867432409972302,-0.0,0.0
3815,3.034958448753466,16.867432409972302,-0.0,0.0
3816,3.034958448753466,16.867432409972302,-0.0,0.0
3817,3.034958448753466,16.867432409972302,-0.0,0.0
3818,3.034958448753466,16.867432409972302,-0.0,0.0
3819,3.034958448753466,16.867432409972302,-0.0,0.0
3820,3.034958448753466,16.867432409972302,-0.0,0.0
3821,0.0,16.867432409972302,-0.0,0.0
3822,0.0,15.05180914127425,-0.0,0.0
3823,-0.0,15.05180914127425,-0.0,0.0
3824,-0.0,28.45865914127425,-0.0,0.0
3825,-0.0,28.45865914127425,-0.0,0.0
3826,19.0,28.45865914127425,7.038850000000023,0.0
3827,31.664500000000007,28.45865914127425,26.038850000000025,0.0
3828,31.664500000000007,28.45865914127425,41.966049999999996,0.0
3829,31.664500000000007,28.45865914127425,41.966049999999996,0.0
3830,50.664500000000004,41.713109141274266,41.966049999999996,0.0
3831,50.664500000000004,41.713109141274266,47.146950000000004,0.0
3832,50.664500000000004,41.713109141274266,47.146950000000004,0.0
3833,50.664500000000004,41.79405914127428,47.146950000000004,0.0
3834,39.846716066481996,41.79405914127428,47.146950000000004,0.0
3835,39.846716066481996,23.746912326869865,47.146950000000004,0.0
3836,39.846716066481996,10.074626038781135,39.083336011080426,0.0
3837,39.846716066481996,10.074626038781135,22.305385872576274,0.0
3838,39.846716066481996,3.467590027700806,22.305385872576274,0.0
3839,39.846716066481996,3.467590027700806,22.305385872576274,0.0
3840,43.804266066482,3.467590027700806,22.305385872576274,0.0
3841,43.804266066482,3.467590027700806,22.305385872576274,0.0
3842,43.804266066482,3.467590027700806,22.305385872576274,0.0
3843,49.657166066481985,3.467590027700806,22.305385872576274,0.0
3844,49.657166066481985,3.467590027700806,22.305385872576274,0.0
3845,49.657166066481985,-0.0,22.305385872576274,0.0
3846,49.657166066481985,0.0,20.317075623268803,0.0
3847,49.657166066481985,5.6074500000000045,20.317075623268803,0.0
3848,49.657166066481985,5.6074500000000045,20.317075623268803,0.0
3849,51.67481606648198,5.6074500000000045,20.317075623268803,0.0
3850,51.67481606648198,5.6074500000000045,20.317075623268803,0.0
3851,51.67481606648198,22.984331301938887,20.317075623268803,0.0
3852,51.67481606648198,22.984331301938887,20.317075623268803,0.0
3853,51.67481606648198,22.984331301938887,20.317075623268803,0.0
3854,51.67481606648198,22.984331301938887,31.9215256232688,0.0
3855,55.658766066482,22.984331301938887,31.9215256232688,0.0
3856,55.658766066482,22.984331301938887,31.9215256232688,0.0
3857,55.658766066482,22.984331301938887,31.065015927977925,0.0
3858,44.38120373961222,22.984331301938887,31.065015927977925,0.0
3859,24.93145304709144,22.984331301938887,31.065015927977925,0.0
3860,24.93145304709144,20.41158891966742,10.012384349030558,0.0
3861,24.93145304709144,2.2105362880884774,10.012384349030558,0.0
3862,18.7991638504154,-0.0,10.012384349030558,0.0
3863,18.418831440443107,-0.0,10.012384349030558,0.0
3864,18.418831440443107,-0.0,10.012384349030558,0.0
3865,18.418831440443107,-0.0,15.197284349030562,0.0
3866,18.418831440443107,-0.0,15.197284349030562,0.0
3867,18.418831440443107,-0.0,15.197284349030562,0.0
3868,16.734233102492993,-0.0,15.197284349030562,0.0
3869,9.631352216066379,-0.0,15.197284349030562,0.0
3870,3.2138452908586252,-0.0,15.197284349030562,0.0
3871,3.2138452908586252,-0.0,15.197284349030562,0.0
3872,3.2138452908586252,-0.0,15.197284349030562,0.0
3873,3.2138452908586252,-0.0,15.197284349030562,0.0
3874,3.2138452908586252,-0.0,15.197284349030562,0.0
3875,19.71176357340721,0.0,21.49461606648199,0.0
3876,38.71176357340721,7.507600000000006,21.49461606648199,0.0
3877,38.71176357340721,7.507600000000006,21.49461606648199,0.0
3878,45.81911357340722,7.507600000000006,40.49461606648199,0.0
3879,45.81911357340722,7.507600000000006,40.49461606648199,0.0
3880,45.81911357340722,7.507600000000006,40.49461606648199,0.0
3881,42.413019390581724,7.507600000000006,40.49461606648199,0.0
3882,42.413019390581724,4.170193905817158,30.83612188365651,0.0
3883,21.397229916897516,4.170193905817158,30.83612188365651,0.0
3884,21.397229916897516,-0.0,9.783490304709142,0.0
3885,1.0583379501385155,-0.0,9.783490304709142,0.0
3886,1.0583379501385155,-0.0,0.0,0.0
3887,0.0,-0.0,0.0,0.0
3888,-0.0,0.0,-0.0,0.0
3889,3.8633240997229956,0.009651939058218595,2.7459239612187827,0.0
3890,3.8633240997229956,7.615501939058207,2.7459239612187827,0.0
3891,3.8633240997229956,7.615501939058207,2.7459239612187827,0.0
3892,3.8633240997229956,7.615501939058207,2.7459239612187827,0.0
3893,0.0,7.615501939058207,2.7459239612187827,0.0
3894,0.0,5.9544493074792415,2.7459239612187827,0.0
3895,-0.0,5.9544493074792415,2.7459239612187827,0.0
3896,9.832258448753452,5.9544493074792415,6.752515512465344,0.0
3897,9.832258448753452,7.336599307479243,6.752515512465344,0.0
3898,9.832258448753452,7.336599307479243,13.090965512465345,0.0
3899,21.013508448753463,7.336599307479243,32.090965512465345,0.0
3900,21.013508448753463,7.336599307479243,46.23041551246536,0.0
3901,21.013508448753463,7.336599307479243,46.23041551246536,0.0
3902,21.013508448753463,7.336599307479243,46.23041551246536,0.0
3903,21.013508448753463,7.336599307479243,46.23041551246536,0.0
3904,21.013508448753463,7.336599307479243,46.23041551246536,0.0
3905,21.013508448753463,7.336599307479243,46.23041551246536,0.0
3906,21.013508448753463,7.336599307479243,37.97850415512464,0.0
3907,21.013508448753463,7.336599307479243,21.052631578947366,0.0
3908,20.159713434903058,7.336599307479243,-0.0,0.0
3909,3.22309293628809,7.336599307479243,-0.0,0.0
3910,3.22309293628809,0.6454635734072224,-0.0,0.0
3911,3.22309293628809,0.6454635734072224,-0.0,0.0
3912,9.053492936288077,0.6454635734072224,-0.0,0.0
3913,9.053492936288077,0.6454635734072224,-0.0,0.0
3914,9.053492936288077,0.6454635734072224,-0.0,0.0
3915,16.097392936288088,0.6454635734072224,0.0,0.0
3916,16.097392936288088,0.6454635734072224,1.9336499999999945,0.0
3917,16.097392936288088,0.0,0.0,0.0
3918,15.191243351800566,-0.0,-0.0,0.0
3919,15.191243351800566,5.630149999999994,-0.0,0.0
3920,15.191243351800566,18.974199999999996,-0.0,0.0
3921,15.191243351800566,19.636600000000012,19.0,0.0
3922,15.191243351800566,19.636600000000012,19.0,0.0
3923,15.191243351800566,19.636600000000012,19.0,0.0
3924,15.191243351800566,33.45235000000001,19.0,0.0
3925,15.191243351800566,33.45235000000001,33.7962,0.0
3926,15.191243351800566,33.45235000000001,46.44595000000001,0.0
3927,15.191243351800566,33.45235000000001,46.44595000000001,0.0
3928,15.191243351800566,33.45235000000001,46.44595000000001,0.0
3929,15.191243351800566,33.45235000000001,46.44595000000001,0.0
3930,15.191243351800566,33.45235000000001,38.20329072022163,0.0
3931,-0.0,31.30220831024933,38.20329072022163,0.0
3932,0.0,10.249576731301964,37.15996662049864,0.0
3933,-0.0,10.249576731301964,20.28273670360115,0.0
3934,-0.0,10.249576731301964,13.60694722991693,0.0
3935,-0.0,10.249576731301964,13.60694722991693,0.0
3936,6.691100000000005,10.249576731301964,13.60694722991693,0.0
3937,6.691100000000005,10.249576731301964,13.60694722991693,0.0
3938,17.640200000000007,10.249576731301964,13.60694722991693,0.0
3939,17.640200000000007,10.249576731301964,13.60694722991693,0.0
3940,17.640200000000007,10.249576731301964,13.60694722991693,0.0
3941,17.640200000000007,10.249576731301964,13.60694722991693,0.0
3942,17.640200000000007,10.249576731301964,13.60694722991693,0.0
3943,17.640200000000007,10.249576731301964,13.60694722991693,0.0
3944,17.640200000000007,10.249576731301964,13.60694722991693,0.0
3945,17.640200000000007,14.30667673130197,32.606947229916926,0.0
3946,17.640200000000007,14.30667673130197,32.606947229916926,0.0
3947,36.64020000000001,14.30667673130197,46.60309722991694,0.0
3948,55.64020000000001,14.30667673130197,63.88819722991697,0.0
3949,55.64020000000001,14.30667673130197,63.88819722991697,0.0
3950,55.64020000000001,30.014926731301966,63.88819722991697,0.0
3951,55.64020000000001,38.328626731301966,63.88819722991697,0.0
3952,55.64020000000001,38.328626731301966,63.88819722991697,0.0
3953,55.64020000000001,38.328626731301966,67.92694722991695,0.0
3954,48.80950747922439,38.328626731301966,67.92694722991695,0.0
3955,48.80950747922439,38.328626731301966,50.96739044321336,0.0
3956,47.91582326869808,38.328626731301966,29.914758864265995,0.0
3957,47.91582326869808,21.328128116343535,29.914758864265995,0.0
3958,47.91582326869808,14.350842797783994,29.914758864265995,0.0
3959,47.91582326869808,14.350842797783994,29.914758864265995,0.0
3960,47.91582326869808,14.350842797783994,29.914758864265995,0.0
3961,47.91582326869808,14.350842797783994,29.914758864265995,0.0
3962,55.757173268698075,14.350842797783994,29.914758864265995,0.0
3963,55.757173268698075,14.350842797783994,29.914758864265995,0.0
3964,55.757173268698075,14.350842797783994,29.914758864265995,0.0
3965,55.757173268698075,11.189069944598398,29.914758864265995,0.0
3966,55.757173268698075,10.224914819944653,29.914758864265995,0.0
3967,57.83279238227137,10.224914819944653,33.773789750692714,0.0
3968,57.83279238227137,10.224914819944653,33.773789750692714,0.0
3969,57.83279238227137,10.638814819944654,33.773789750692714,0.0
3970,57.83279238227137,10.638814819944654,39.44768975069272,0.0
3971,57.83279238227137,10.638814819944654,39.44768975069272,0.0
3972,57.83279238227137,10.638814819944654,39.44768975069272,0.0
3973,57.83279238227137,25.223664819944666,58.44768975069272,0.0
3974,69.78424238227139,44.223664819944666,58.44768975069272,0.0
3975,88.78424238227139,48.68771481994468,58.44768975069272,0.0
3976,88.78424238227139,48.68771481994468,58.44768975069272,0.0
3977,88.78424238227139,48.68771481994468,58.44768975069272,0.0
3978,78.85382686980601,48.68771481994468,58.44768975069272,0.0
3979,75.66803504155125,33.13112437673131,58.44768975069272,0.0
3980,73.54665,33.13112437673131,37.39505817174535,0.0
3981,73.54665,33.13112437673131,19.503645429363086,0.0
3982,73.54665,33.13112437673131,12.312288088642873,0.0
3983,73.54665,33.13112437673131,12.312288088642873,0.0
3984,73.54665,33.13112437673131,12.312288088642873,0.0
3985,73.54665,33.13112437673131,12.312288088642873,0.0
3986,73.54665,39.82847437673133,12.312288088642873,0.0
3987,73.54665,44.17697437673132,12.312288088642873,0.0
3988,73.54665,43.615090720221616,12.312288088642873,0.0
3989,73.54665,43.615090720221616,6.639102493075017,0.0
3990,73.54665,43.615090720221616,2.659213296399111,0.0
3991,73.54665,43.615090720221616,2.659213296399111,0.0
3992,73.54665,43.615090720221616,12.206713296399101,0.0
3993,73.54665,58.185590720221604,12.206713296399101,0.0
3994,73.54665,76.9173907202216,12.206713296399101,0.0
3995,73.54665,81.26914072022163,12.206713296399101,0.0
3996,81.0,81.26914072022163,31.2067132963991,0.0
3997,100.0,81.26914072022163,39.12316329639909,0.0
3998,100.0,86.63734072022163,39.12316329639909,0.0
3999,100.0,86.63734072022163,39.12316329639909,0.0
4000,100.0,86.63734072022163,39.12316329639909,0.0
4001,100.0,80.59783933518007,39.12316329639909,0.0
4002,84.38991689750694,80.59783933518007,39.12316329639909,0.0
4003,63.337285318559566,78.12814404432133,39.12316329639909,0.0
4004,42.284653739612196,78.12814404432133,33.28881426592817,0.0
4005,42.284653739612196,57.07551246537396,32.5328585872578,0.0
4006,30.974349030470925,57.07551246537396,32.5328585872578,0.0
4007,30.974349030470925,54.486869806094184,32.5328585872578,0.0
4008,30.39844875346262,54.486869806094184,32.5328585872578,0.0
4009,30.39844875346262,54.486869806094184,32.5328585872578,0.0
4010,30.39844875346262,54.486869806094184,32.5328585872578,0.0
4011,30.39844875346262,54.486869806094184,32.5328585872578,0.0
4012,30.39844875346262,54.486869806094184,27.83524085872594,0.0
4013,30.39844875346262,54.486869806094184,17.805490166205168,0.0
4014,30.39844875346262,46.643545706371185,17.805490166205168,0.0
4015,30.39844875346262,46.643545706371185,16.143440304709305,0.0
4016,30.39844875346262,46.643545706371185,16.143440304709305,0.0
4017,41.89379875346261,46.643545706371185,16.143440304709305,0.0
4018,41.89379875346261,46.643545706371185,33.11889030470928,0.0
4019,41.89379875346261,46.643545706371185,33.11889030470928,0.0
4020,49.27604875346259,46.643545706371185,33.11889030470928,0.0
4021,49.27604875346259,46.643545706371185,42.21144030470931,0.0
4022,68.27604875346259,46.643545706371185,49.812740304709315,0.0
4023,87.27604875346259,46.643545706371185,50.580340304709345,0.0
4024,87.27604875346259,46.643545706371185,50.580340304709345,0.0
4025,87.27604875346259,46.643545706371185,47.53635138504177,0.0
4026,73.83145041551245,46.643545706371185,47.53635138504177,0.0
4027,73.47056398891964,25.590914127423822,47.53635138504177,0.0
4028,52.417932409972266,20.933850415512467,47.53635138504177,0.0
4029,52.417932409972266,0.0,47.53635138504177,0.0
4030,52.417932409972266,-0.0,36.85452313019413,0.0
4031,52.417932409972266,-0.0,34.56371980609443,0.0
4032,52.417932409972266,1.8296000000000048,34.56371980609443,0.0
4033,52.417932409972266,1.8296000000000048,34.56371980609443,0.0
4034,52.417932409972266,1.8296000000000048,34.56371980609443,0.0
4035,56.51308240997227,1.8296000000000048,34.56371980609443,0.0
4036,56.51308240997227,1.8296000000000048,33.57563116343515,0.0
4037,56.51308240997227,1.8296000000000048,27.546102077562583,0.0
4038,55.62584903047079,1.8296000000000048,23.146465650969887,0.0
4039,55.62584903047079,1.8296000000000048,23.146465650969887,0.0
4040,55.62584903047079,1.8296000000000048,23.146465650969887,0.0
4041,55.62584903047079,1.8296000000000048,23.146465650969887,0.0
4042,74.23749903047079,1.8296000000000048,23.146465650969887,0.0
4043,74.23749903047079,1.8296000000000048,41.49444432132965,0.0
4044,81.3648990304708,1.8296000000000048,41.49444432132965,0.0
4045,81.3648990304708,1.8296000000000048,41.49444432132965,0.0
4046,81.3648990304708,20.829600000000006,47.94279432132964,0.0
4047,81.3648990304708,20.829600000000006,47.94279432132964,0.0
4048,81.3648990304708,20.829600000000006,47.94279432132964,0.0
4049,81.3648990304708,17.10666371191138,47.94279432132964,0.0
4050,81.3648990304708,17.10666371191138,34.65431786703601,0.0
4051,81.3648990304708,16.949101385041573,13.601686288088644,0.0
4052,60.312267451523425,11.991040443213308,13.601686288088644,0.0
4053,39.259635872576055,11.860846537396128,13.601686288088644,0.0
4054,28.440356094182697,11.860846537396128,13.601686288088644,0.0
4055,28.440356094182697,9.564392243767312,13.601686288088644,0.0
4056,28.440356094182697,9.564392243767312,13.601686288088644,0.0
4057,28.440356094182697,9.564392243767312,13.601686288088644,0.0
4058,28.440356094182697,16.05714224376732,13.601686288088644,0.0
4059,28.440356094182697,16.05714224376732,13.601686288088644,0.0
4060,28.440356094182697,16.05714224376732,13.601686288088644,0.0
4061,28.440356094182697,16.05714224376732,9.148888504155131,0.0
4062,28.440356094182697,16.05714224376732,5.354594875346265,0.0
4063,28.440356094182697,16.05714224376732,5.354594875346265,0.0
4064,28.440356094182697,16.05714224376732,5.354594875346265,0.0
4065,28.440356094182697,32.26594224376732,5.354594875346265,0.0
4066,28.440356094182697,32.26594224376732,7.393644875346261,0.0
4067,28.440356094182697,39.19949224376734,26.39364487534626,0.0
4068,38.4071560941827,58.19949224376734,26.39364487534626,0.0
4069,48.76575609418269,58.19949224376734,45.39364487534626,0.0
4070,48.76575609418269,58.19949224376734,45.39364487534626,0.0
4071,48.76575609418269,58.19949224376734,45.39364487534626,0.0
4072,48.76575609418269,58.19949224376734,45.39364487534626,0.0
4073,48.76575609418269,58.19949224376734,40.63984986149585,0.0
4074,48.76575609418269,58.19949224376734,25.637800000000016,0.0
4075,35.26780193905815,48.34963476454285,25.637800000000016,0.0
4076,14.215170360110784,41.51899764542929,25.637800000000016,0.0
4077,14.215170360110784,39.91539653739605,4.585168421052651,0.0
4078,2.018771468144024,39.91539653739605,4.585168421052651,0.0
4079,2.018771468144024,39.91539653739605,0.8497113573407298,0.0
4080,2.018771468144024,39.91539653739605,1.360161357340723,0.0
4081,2.018771468144024,39.91539653739605,1.360161357340723,0.0
4082,2.018771468144024,39.91539653739605,5.579711357340727,0.0
4083,2.018771468144024,39.91539653739605,7.451911357340725,0.0
4084,2.018771468144024,36.37750180055394,7.451911357340725,0.0
4085,2.018771468144024,27.533014265927928,7.451911357340725,0.0
4086,2.018771468144024,27.533014265927928,0.0,0.0
4087,2.018771468144024,27.512626454293564,0.0,0.0
4088,2.018771468144024,27.512626454293564,-0.0,0.0
4089,2.018771468144024,27.512626454293564,-0.0,0.0
4090,2.3622714681440313,27.512626454293564,19.0,0.0
4091,2.3622714681440313,33.08312645429358,38.0,0.0
4092,2.3622714681440313,33.08312645429358,38.0,0.0
4093,2.3622714681440313,33.08312645429358,38.0,0.0
4094,2.3622714681440313,40.10847645429358,38.0,0.0
4095,2.3622714681440313,40.10847645429358,38.0,0.0
4096,2.3622714681440313,40.10847645429358,38.0,0.0
4097,2.3622714681440313,40.10847645429358,36.16055401662052,0.0
4098,2.3622714681440313,29.14775623268696,36.16055401662052,0.0
4099,2.3622714681440313,29.14775623268696,17.269085872576195,0.0
4100,0.0,8.09512465373959,17.269085872576195,0.0
4101,-0.0,0.0,6.956398891966759,0.0
4102,0.0,0.0,0.0,0.0
4103,-0.0,-0.0,-0.0,0.0
4104,-0.0,-0.0,-0.0,0.0
4105,-0.0,-0.0,-0.0,0.0
4106,-0.0,-0.0,-0.0,0.0
4107,-0.0,-0.0,-0.0,0.0
4108,4.96135,-0.0,-0.0,0.0
4109,4.96135,-0.0,-0.0,0.0
4110,7.311650000000004,-0.0,-0.0,0.0
4111,7.311650000000004,-0.0,8.30785,0.0
4112,7.311650000000004,-0.0,8.30785,0.0
4113,9.895400000000016,-0.0,8.30785,0.0
4114,9.895400000000016,-0.0,8.30785,0.0
4115,9.895400000000016,-0.0,8.30785,0.0
4116,9.895400000000016,-0.0,8.30785,0.0
4117,28.895400000000016,16.868150000000007,8.30785,0.0
4118,43.67970000000001,16.868150000000007,8.30785,0.0
4119,43.67970000000001,24.385250000000006,8.30785,0.0
4120,43.67970000000001,24.385250000000006,8.30785,0.0
4121,43.67970000000001,24.385250000000006,8.30785,0.0
4122,43.67970000000001,22.038546398891963,8.30785,0.0
4123,32.676486703601114,22.038546398891963,8.30785,0.0
4124,15.230170914127434,22.038546398891963,8.30785,0.0
4125,2.1732180055401855,22.038546398891963,8.30785,0.0
4126,2.1732180055401855,20.30763227146814,8.30785,0.0
4127,2.1732180055401855,20.30763227146814,8.30785,0.0
4128,10.895068005540185,20.30763227146814,8.30785,0.0
4129,10.895068005540185,20.30763227146814,8.30785,0.0
4130,24.40751800554018,20.30763227146814,8.30785,0.0
4131,24.40751800554018,20.30763227146814,8.30785,0.0
4132,24.40751800554018,20.30763227146814,8.30785,0.0
4133,24.40751800554018,20.30763227146814,8.30785,0.0
4134,24.40751800554018,24.58858227146815,8.30785,0.0
4135,24.40751800554018,24.58858227146815,8.30785,0.0
4136,24.40751800554018,24.58858227146815,8.30785,0.0
4137,24.40751800554018,29.930532271468152,8.30785,0.0
4138,24.40751800554018,39.620232271468154,27.307850000000002,0.0
4139,24.40751800554018,53.77713227146814,46.30785,0.0
4140,24.40751800554018,71.11033227146814,46.30785,0.0
4141,28.80430567867038,71.11033227146814,60.24661232686981,0.0
4142,47.80430567867038,87.32223227146811,60.24661232686981,0.0
4143,56.75280567867037,87.32223227146811,60.24661232686981,0.0
4144,56.75280567867037,87.32223227146811,60.24661232686981,0.0
4145,63.33530567867038,87.32223227146811,60.24661232686981,0.0
4146,61.7436713296399,87.32223227146811,60.24661232686981,0.0
4147,51.59563808864268,87.32223227146811,60.24661232686981,0.0
4148,51.59563808864268,71.22727382271465,60.24661232686981,0.0
4149,51.59563808864268,62.316100000000006,57.25534847645425,0.0
4150,51.59563808864268,62.316100000000006,55.50288310249304,0.0
4151,51.59563808864268,62.316100000000006,61.43318310249303,0.0
4152,51.59563808864268,62.316100000000006,61.43318310249303,0.0
4153,51.59563808864268,62.316100000000006,61.43318310249303,0.0
4154,51.59563808864268,74.1089,61.43318310249303,0.0
4155,60.919788088642655,74.1089,61.43318310249303,0.0
4156,60.919788088642655,74.1089,61.43318310249303,0.0
4157,60.34349999999999,74.1089,61.43318310249303,0.0
4158,60.34349999999999,74.1089,61.43318310249303,0.0
4159,60.34349999999999,74.1089,61.43318310249303,0.0
4160,75.34419999999999,74.1089,61.43318310249303,0.0
4161,75.34419999999999,74.1089,62.92013310249305,0.0
4162,81.0,74.1089,62.92013310249305,0.0
4163,81.0,74.1089,62.92013310249305,0.0
4164,81.0,86.7695,62.92013310249305,0.0
4165,100.0,100.0,62.92013310249305,0.0
4166,100.0,100.0,73.44013310249305,0.0
4167,100.0,100.0,73.44013310249305,0.0
4168,100.0,100.0,73.44013310249305,0.0
4169,100.0,100.0,71.20855415512465,0.0
4170,100.0,88.45811634349033,71.20855415512465,0.0
4171,90.16669889196677,78.49030941828255,71.20855415512465,0.0
4172,90.16669889196677,57.43767783933519,66.58218296398888,0.0
4173,69.1140673130194,57.43767783933519,66.39010540166204,0.0
4174,69.1140673130194,57.43767783933519,55.863789612188334,0.0
4175,69.1140673130194,57.43767783933519,53.85603337950134,0.0
4176,69.1140673130194,57.43767783933519,53.85603337950134,0.0
4177,69.1140673130194,57.43767783933519,53.85603337950134,0.0
4178,69.1140673130194,57.43767783933519,53.85603337950134,0.0
4179,69.1140673130194,60.524527839335185,53.85603337950134,0.0
4180,69.1140673130194,58.39859986149585,53.85603337950134,0.0
4181,69.1140673130194,58.39859986149585,46.80689210526312,0.0
4182,69.1140673130194,53.44463864265927,46.80689210526312,0.0
4183,71.1191673130194,53.44463864265927,46.80689210526312,0.0
4184,71.1191673130194,53.44463864265927,46.80689210526312,0.0
4185,71.1191673130194,53.44463864265927,60.7020921052631,0.0
4186,71.1191673130194,53.44463864265927,60.7020921052631,0.0
4187,71.1191673130194,53.44463864265927,60.7020921052631,0.0
4188,71.1191673130194,53.44463864265927,60.7020921052631,0.0
4189,78.59426731301943,53.44463864265927,60.7020921052631,0.0
4190,78.59426731301943,72.44463864265927,65.83869210526308,0.0
4191,78.59426731301943,72.44463864265927,65.83869210526308,0.0
4192,78.59426731301943,72.44463864265927,65.83869210526308,0.0
4193,78.59426731301943,72.44463864265927,60.706392936288026,0.0
4194,78.59426731301943,72.44463864265927,47.117584072022076,0.0
4195,78.59426731301943,51.3920070637119,46.84007714681434,0.0
4196,68.60657603878106,51.3920070637119,30.372976177285395,0.0
4197,68.60657603878106,30.33937548476453,29.63541385041558,0.0
4198,57.355384903046975,30.33937548476453,29.63541385041558,0.0
4199,57.355384903046975,30.33937548476453,26.85724210526321,0.0
4200,57.355384903046975,30.33937548476453,26.85724210526321,0.0
4201,57.355384903046975,30.33937548476453,32.475492105263214,0.0
4202,57.355384903046975,30.33937548476453,32.475492105263214,0.0
4203,57.355384903046975,30.33937548476453,37.158242105263206,0.0
4204,57.3066314404431,30.33937548476453,37.158242105263206,0.0
4205,57.3066314404431,30.33937548476453,32.03718947368425,0.0
4206,57.3066314404431,30.33937548476453,27.524502493074813,0.0
4207,57.3066314404431,30.33937548476453,27.524502493074813,0.0
4208,57.3066314404431,30.33937548476453,27.524502493074813,0.0
4209,57.3066314404431,30.33937548476453,27.524502493074813,0.0
4210,76.3066314404431,31.941925484764532,27.524502493074813,0.0
4211,76.3066314404431,31.941925484764532,34.27115249307482,0.0
4212,76.3066314404431,31.941925484764532,34.27115249307482,0.0
4213,76.3066314404431,31.941925484764532,34.27115249307482,0.0
4214,85.8303314404431,31.941925484764532,34.27115249307482,0.0
4215,85.8303314404431,34.16402548476455,34.27115249307482,0.0
4216,85.8303314404431,34.16402548476455,34.27115249307482,0.0
4217,85.8303314404431,34.16402548476455,34.27115249307482,0.0
4218,85.8303314404431,25.76485650969529,34.27115249307482,0.0
4219,85.8303314404431,9.296269252077561,34.27115249307482,0.0
4220,85.8303314404431,7.982585041551256,13.218520914127453,0.0
4221,67.59160567867025,7.982585041551256,13.218520914127453,0.0
4222,67.59160567867025,7.982585041551256,4.873811772853213,0.0
4223,67.59160567867025,7.982585041551256,4.773313157894774,0.0
4224,67.59160567867025,7.982585041551256,4.773313157894774,0.0
4225,67.59160567867025,7.982585041551256,4.773313157894774,0.0
4226,67.59160567867025,7.982585041551256,12.265263157894758,0.0
4227,67.59160567867025,7.982585041551256,12.265263157894758,0.0
4228,67.59160567867025,7.982585041551256,12.265263157894758,0.0
4229,67.59160567867025,7.982585041551256,7.020166204986161,0.0
4230,67.59160567867025,3.4412000000000127,7.020166204986161,0.0
4231,67.59160567867025,3.4412000000000127,7.020166204986161,0.0
4232,77.64365567867023,3.4412000000000127,7.020166204986161,0.0
4233,88.48064155124663,3.4412000000000127,7.020166204986161,0.0
4234,88.48064155124663,3.4412000000000127,7.020166204986161,0.0
4235,88.48064155124663,11.06320000000001,7.020166204986161,0.0
4236,88.48064155124663,21.480000000000032,26.02016620498616,0.0
4237,88.48064155124663,21.480000000000032,26.02016620498616,0.0
4238,88.48064155124663,21.480000000000032,26.02016620498616,0.0
4239,89.27514155124662,21.480000000000032,26.02016620498616,0.0
4240,89.27514155124662,21.480000000000032,26.02016620498616,0.0
4241,89.27514155124662,21.052631578947366,26.02016620498616,0.0
4242,89.27514155124662,21.052631578947366,17.67113573407203,0.0
4243,72.68683130193912,21.052631578947366,17.67113573407203,0.0
4244,71.39142963988927,0.0,17.67113573407203,0.0
4245,71.39142963988927,-0.0,-0.0,0.0
4246,64.71142963988926,-0.0,-0.0,0.0
4247,66.71922963988925,-0.0,-0.0,0.0
4248,66.71922963988925,-0.0,-0.0,0.0
4249,66.71922963988925,-0.0,-0.0,0.0
4250,66.71922963988925,-0.0,0.0,0.0
4251,66.71922963988925,-0.0,7.735699999999998,0.0
4252,66.71922963988925,-0.0,7.735699999999998,0.0
4253,63.80432659279786,-0.0,7.735699999999998,0.0
4254,61.47208282548484,-0.0,7.735699999999998,0.0
4255,61.47208282548484,-0.0,7.735699999999998,0.0
4256,61.47208282548484,-0.0,7.735699999999998,0.0
4257,61.47208282548484,-0.0,7.735699999999998,0.0
4258,61.47208282548484,-0.0,7.735699999999998,0.0
4259,61.47208282548484,-0.0,7.735699999999998,0.0
4260,61.47208282548484,-0.0,7.735699999999998,0.0
4261,61.47208282548484,-0.0,7.735699999999998,0.0
4262,61.47208282548484,-0.0,7.735699999999998,0.0
4263,61.47208282548484,-0.0,7.735699999999998,0.0
4264,61.47208282548484,-0.0,7.735699999999998,0.0
4265,61.47208282548484,-0.0,6.946337119113568,0.0
4266,52.59989445983387,-0.0,6.946337119113568,0.0
4267,36.64664819944596,0.0,6.608780055401732,0.0
4268,15.708088642659277,-0.0,6.608780055401732,0.0
4269,0.0,-0.0,6.608780055401732,0.0
4270,-0.0,-0.0,2.114597229916966,0.0
4271,-0.0,-0.0,2.114597229916966,0.0
4272,-0.0,-0.0,2.114597229916966,0.0
4273,12.211249999999993,-0.0,2.114597229916966,0.0
4274,25.05124999999999,-0.0,2.114597229916966,0.0
4275,25.05124999999999,10.577050000000002,2.114597229916966,0.0
4276,25.05124999999999,10.577050000000002,8.210647229916967,0.0
4277,25.05124999999999,10.577050000000002,10.661797229916974,0.0
4278,25.05124999999999,10.577050000000002,10.661797229916974,0.0
4279,25.05124999999999,22.891200000000005,10.661797229916974,0.0
4280,25.05124999999999,22.891200000000005,10.661797229916974,0.0
4281,25.05124999999999,22.891200000000005,10.661797229916974,0.0
4282,35.189099999999996,22.891200000000005,10.661797229916974,0.0
4283,35.189099999999996,22.891200000000005,25.38764722991697,0.0
4284,35.189099999999996,22.891200000000005,25.38764722991697,0.0
4285,35.189099999999996,22.891200000000005,25.38764722991697,0.0
4286,35.189099999999996,22.891200000000005,25.38764722991697,0.0
4287,35.189099999999996,29.317000000000014,25.38764722991697,0.0
4288,35.189099999999996,43.66475,25.38764722991697,0.0
4289,35.189099999999996,43.66475,25.38764722991697,0.0
4290,35.189099999999996,43.66475,20.086372991689817,0.0
4291,35.189099999999996,30.78552562326871,20.086372991689817,0.0
4292,17.392867313019394,30.78552562326871,20.086372991689817,0.0
4293,17.392867313019394,30.78552562326871,6.960278808864334,0.0
4294,15.022396398891981,30.78552562326871,6.960278808864334,0.0
4295,15.022396398891981,30.78552562326871,6.960278808864334,0.0
4296,15.022396398891981,30.78552562326871,6.960278808864334,0.0
4297,15.022396398891981,30.78552562326871,6.960278808864334,0.0
4298,15.022396398891981,30.78552562326871,6.960278808864334,0.0
4299,15.022396398891981,30.78552562326871,6.960278808864334,0.0
4300,15.022396398891981,30.78552562326871,12.737678808864343,0.0
4301,15.022396398891981,30.78552562326871,12.737678808864343,0.0
4302,15.022396398891981,30.78552562326871,12.737678808864343,0.0
4303,15.022396398891981,30.78552562326871,12.737678808864343,0.0
4304,15.022396398891981,30.78552562326871,12.737678808864343,0.0
4305,20.72059639889198,30.78552562326871,12.737678808864343,0.0
4306,20.72059639889198,30.78552562326871,23.498578808864337,0.0
4307,20.72059639889198,30.78552562326871,23.498578808864337,0.0
4308,20.903896398891973,49.78552562326871,42.49857880886434,0.0
4309,21.724946398891976,49.78552562326871,61.49857880886434,0.0
4310,21.724946398891976,49.78552562326871,61.49857880886434,0.0
4311,40.72494639889197,49.78552562326871,70.75317880886433,0.0
4312,40.72494639889197,49.78552562326871,70.75317880886433,0.0
4313,40.72494639889197,49.78552562326871,70.75317880886433,0.0
4314,40.72494639889197,44.98375277008311,70.75317880886433,0.0
4315,40.72494639889197,44.98375277008311,56.888691274238305,0.0
4316,40.72494639889197,25.480816481994452,56.888691274238305,0.0
4317,26.098630609418294,25.480816481994452,56.888691274238305,0.0
4318,26.098630609418294,25.480816481994452,53.02076883656518,0.0
4319,26.098630609418294,25.480816481994452,53.02076883656518,0.0
4320,26.098630609418294,25.480816481994452,53.02076883656518,0.0
4321,26.098630609418294,25.480816481994452,53.02076883656518,0.0
4322,26.098630609418294,25.480816481994452,53.02076883656518,0.0
4323,26.098630609418294,33.23331648199445,53.02076883656518,0.0
4324,26.098630609418294,33.23331648199445,53.02076883656518,0.0
4325,26.098630609418294,33.23331648199445,51.36209847645436,0.0
4326,26.098630609418294,32.7913774238227,51.36209847645436,0.0
4327,26.098630609418294,32.7913774238227,51.36209847645436,0.0
4328,26.098630609418294,32.7913774238227,51.36209847645436,0.0
4329,26.098630609418294,32.7913774238227,51.51044847645435,0.0
4330,26.098630609418294,32.7913774238227,51.51044847645435,0.0
4331,26.098630609418294,32.7913774238227,51.51044847645435,0.0
4332,26.098630609418294,32.7913774238227,51.51044847645435,0.0
4333,26.098630609418294,32.7913774238227,51.51044847645435,0.0
4334,26.098630609418294,32.7913774238227,51.51044847645435,0.0
4335,26.098630609418294,32.7913774238227,53.980948476454344,0.0
4336,26.098630609418294,32.7913774238227,53.980948476454344,0.0
4337,26.098630609418294,32.7913774238227,53.980948476454344,0.0
4338,26.098630609418294,32.7913774238227,45.65341385041555,0.0
4339,10.241012880886425,32.7913774238227,45.65341385041555,0.0
4340,10.241012880886425,32.7913774238227,25.013635457063767,0.0
4341,10.241012880886425,16.74655747922437,25.013635457063767,0.0
4342,5.09259182825484,16.74655747922437,25.013635457063767,0.0
4343,5.09259182825484,16.74655747922437,25.013635457063767,0.0
4344,5.09259182825484,22.430457479224366,25.013635457063767,0.0
4345,5.09259182825484,22.430457479224366,25.013635457063767,0.0
4346,5.09259182825484,22.430457479224366,34.788385457063775,0.0
4347,5.09259182825484,22.430457479224366,34.788385457063775,0.0
4348,5.09259182825484,22.430457479224366,34.788385457063775,0.0
4349,5.09259182825484,19.942036426592782,34.788385457063775,0.0
4350,5.09259182825484,19.942036426592782,33.85193116343497,0.0
4351,5.09259182825484,19.942036426592782,33.85193116343497,0.0
4352,5.09259182825484,19.942036426592782,33.85193116343497,0.0
4353,5.09259182825484,19.942036426592782,33.85193116343497,0.0
4354,5.09259182825484,25.15078642659275,33.85193116343497,0.0
4355,5.09259182825484,25.15078642659275,33.85193116343497,0.0
4356,18.290741828254845,25.15078642659275,52.85193116343497,0.0
4357,18.290741828254845,39.149686426592766,52.85193116343497,0.0
4358,30.32169182825485,39.149686426592766,52.85193116343497,0.0
4359,35.076091828254825,39.149686426592766,52.85193116343497,0.0
4360,35.076091828254825,52.04148642659276,52.85193116343497,0.0
4361,35.076091828254825,52.04148642659276,52.85193116343497,0.0
4362,35.076091828254825,52.04148642659276,45.02378711911362,0.0
4363,17.616812049861487,52.04148642659276,45.02378711911362,0.0
4364,15.330274653739583,30.988854847645396,45.02378711911362,0.0
4365,15.330274653739583,14.618324653739629,42.59980207756231,0.0
4366,15.330274653739583,14.618324653739629,35.089275761772846,0.0
4367,15.330274653739583,14.618324653739629,35.089275761772846,0.0
4368,15.330274653739583,14.618324653739629,35.089275761772846,0.0
4369,15.330274653739583,14.618324653739629,35.089275761772846,0.0
4370,15.330274653739583,14.618324653739629,35.089275761772846,0.0
4371,15.330274653739583,14.618324653739629,35.089275761772846,0.0
4372,15.330274653739583,14.618324653739629,35.089275761772846,0.0
4373,15.330274653739583,14.618324653739629,29.76838933518004,0.0
4374,15.330274653739583,10.774945152354583,29.76838933518004,0.0
4375,15.330274653739583,10.774945152354583,32.86443933518004,0.0
4376,15.330274653739583,10.774945152354583,32.86443933518004,0.0
4377,15.330274653739583,10.774945152354583,32.86443933518004,0.0
4378,15.330274653739583,10.774945152354583,32.86443933518004,0.0
4379,15.330274653739583,10.774945152354583,36.79658933518002,0.0
4380,15.330274653739583,29.774945152354583,42.942689335180035,0.0
4381,15.330274653739583,29.774945152354583,61.942689335180035,0.0
4382,15.330274653739583,29.774945152354583,61.942689335180035,0.0
4383,15.330274653739583,29.774945152354583,61.942689335180035,0.0
4384,15.330274653739583,29.774945152354583,61.942689335180035,0.0
4385,15.330274653739583,23.110623822714693,61.942689335180035,0.0
4386,15.330274653739583,23.110623822714693,47.79188601108034,0.0
4387,15.330274653739583,2.0579922437673277,46.8209718836565,0.0
4388,-0.0,2.0579922437673277,34.590083102493054,0.0
4389,0.0,0.6728398891966694,13.537451523545686,0.0
4390,-0.0,0.6728398891966694,2.152022160664814,0.0
4391,0.0,0.6728398891966694,-0.0,0.0
4392,-0.0,0.6728398891966694,0.0,0.0
4393,-0.0,4.0423822714681465,3.3472576177285425,0.0
4394,-0.0,4.0423822714681465,3.3472576177285425,0.0
4395,-0.0,4.0423822714681465,3.3472576177285425,0.0
4396,-0.0,4.0423822714681465,3.3472576177285425,0.0
4397,-0.0,0.0,3.3472576177285425,0.0
4398,0.0,0.0,0.0,0.0
4399,-0.0,-0.0,-0.0,0.0
4400,-0.0,-0.0,-0.0,0.0
4401,-0.0,-0.0,-0.0,0.0
4402,-0.0,-0.0,-0.0,0.0
4403,-0.0,8.850899999999994,-0.0,0.0
4404,-0.0,8.850899999999994,-0.0,0.0
4405,19.0,8.850899999999994,13.380099999999986,0.0
4406,20.522148060941873,27.850899999999996,23.520251939058117,0.0
4407,20.522148060941873,32.79034999999998,23.520251939058117,0.0
4408,20.522148060941873,32.79034999999998,23.520251939058117,0.0
4409,20.522148060941873,32.79034999999998,23.520251939058117,0.0
4410,20.522148060941873,26.245308448753434,23.520251939058117,0.0
4411,20.522148060941873,26.245308448753434,7.873659141274162,0.0
4412,20.522148060941873,8.156862326869703,4.815955678670373,0.0
4413,4.479710387811664,8.156862326869703,4.815955678670373,0.0
4414,4.479710387811664,8.156862326869703,-0.0,0.0
4415,4.479710387811664,8.156862326869703,-0.0,0.0
4416,4.479710387811664,8.156862326869703,-0.0,0.0
4417,4.479710387811664,8.156862326869703,-0.0,0.0
4418,4.479710387811664,8.156862326869703,-0.0,0.0
4419,4.479710387811664,8.156862326869703,-0.0,0.0
4420,4.479710387811664,8.156862326869703,-0.0,0.0
4421,4.479710387811664,8.156862326869703,-0.0,0.0
4422,4.479710387811664,8.156862326869703,-0.0,0.0
4423,4.479710387811664,8.156862326869703,-0.0,0.0
4424,23.479710387811664,8.24016232686972,-0.0,0.0
4425,30.181710387811673,8.24016232686972,-0.0,0.0
4426,42.56416038781164,8.24016232686972,-0.0,0.0
4427,61.56416038781164,21.774080055401615,0.0,0.0
4428,80.56416038781164,24.445280055401632,19.0,0.0
4429,80.56416038781164,24.445280055401632,19.0,0.0
4430,80.56416038781164,24.445280055401632,19.0,0.0
4431,80.56416038781164,35.92538005540164,19.0,0.0
4432,80.56416038781164,35.92538005540164,19.0,0.0
4433,80.56416038781164,35.92538005540164,19.0,0.0
4434,80.56416038781164,33.93319168975067,19.0,0.0
4435,69.51806620498617,33.93319168975067,19.0,0.0
4436,69.51806620498617,33.93319168975067,2.568476454293645,0.0
4437,69.51806620498617,22.242997783933507,2.568476454293645,0.0
4438,69.51806620498617,22.242997783933507,1.7434349030470944,0.0
4439,69.51806620498617,22.242997783933507,1.7434349030470944,0.0
4440,69.51806620498617,22.242997783933507,13.726884903047093,0.0
4441,69.95565110803328,22.242997783933507,28.78634999999999,0.0
4442,69.95565110803328,22.242997783933507,28.78634999999999,0.0
4443,69.95565110803328,22.242997783933507,28.78634999999999,0.0
4444,69.95565110803328,22.242997783933507,28.78634999999999,0.0
4445,69.95565110803328,22.242997783933507,28.78634999999999,0.0
4446,69.95565110803328,22.242997783933507,28.78634999999999,0.0
4447,69.95565110803328,22.242997783933507,28.78634999999999,0.0
4448,69.95565110803328,23.736447783933514,28.78634999999999,0.0
4449,69.95565110803328,23.736447783933514,28.78634999999999,0.0
4450,88.95565110803328,23.736447783933514,43.0,0.0
4451,89.37120110803328,42.736447783933514,62.0,0.0
4452,92.81965110803327,61.736447783933514,81.0,0.0
4453,96.68360110803327,61.736447783933514,100.0,0.0
4454,96.68360110803327,61.736447783933514,100.0,0.0
4455,96.68360110803327,61.736447783933514,100.0,0.0
4456,96.68360110803327,63.28524778393353,100.0,0.0
4457,96.68360110803327,63.28524778393353,100.0,0.0
4458,96.68360110803327,63.28524778393353,100.0,0.0
4459,89.37700831024934,63.28524778393353,100.0,0.0
4460,89.37700831024934,63.28524778393353,86.78720221606645,0.0
4461,81.0,63.28524778393353,86.78720221606645,0.0
4462,81.0,63.28524778393353,86.78720221606645,0.0
4463,81.0,63.28524778393353,86.78720221606645,0.0
4464,81.0,63.28524778393353,86.78720221606645,0.0
4465,81.0,63.28524778393353,86.78720221606645,0.0
4466,81.0,63.28524778393353,86.78720221606645,0.0
4467,81.0,63.28524778393353,86.78720221606645,0.0
4468,81.0,63.28524778393353,86.78720221606645,0.0
4469,81.0,63.28524778393353,86.78720221606645,0.0
4470,81.0,65.62724778393354,86.78720221606645,0.0
4471,81.0,65.62724778393354,86.78720221606645,0.0
4472,81.0,65.62724778393354,86.78720221606645,0.0
4473,81.0,65.62724778393354,86.78720221606645,0.0
4474,81.0,65.62724778393354,86.78720221606645,0.0
4475,81.0,84.62724778393354,99.45735221606645,0.0
4476,81.0,84.62724778393354,99.45735221606645,0.0
4477,100.0,100.0,100.0,0.0
4478,100.0,100.0,100.0,0.0
4479,100.0,100.0,100.0,0.0
4480,100.0,100.0,100.0,0.0
4481,100.0,100.0,100.0,0.0
4482,100.0,100.0,94.87412742382271,0.0
4483,85.31085872576178,100.0,94.87412742382271,0.0
4484,85.31085872576178,79.20670360110805,94.87412742382271,0.0
4485,85.31085872576178,62.87440443213299,94.87412742382271,0.0
4486,79.67645429362881,62.87440443213299,94.87412742382271,0.0
4487,79.67645429362881,62.87440443213299,94.87412742382271,0.0
4488,79.67645429362881,62.87440443213299,94.87412742382271,0.0
4489,79.67645429362881,62.87440443213299,94.87412742382271,0.0
4490,79.67645429362881,62.87440443213299,94.87412742382271,0.0
4491,79.67645429362881,62.87440443213299,94.87412742382271,0.0
4492,79.67645429362881,62.87440443213299,94.87412742382271,0.0
4493,79.67645429362881,60.162603878116386,94.87412742382271,0.0
4494,78.18072022160665,60.162603878116386,94.87412742382271,0.0
4495,78.18072022160665,60.162603878116386,94.87412742382271,0.0
4496,78.18072022160665,60.162603878116386,94.87412742382271,0.0
4497,78.18072022160665,60.162603878116386,94.87412742382271,0.0
4498,78.18072022160665,60.162603878116386,94.87412742382271,0.0
4499,78.18072022160665,60.162603878116386,94.87412742382271,0.0
4500,78.18072022160665,60.162603878116386,94.87412742382271,0.0
4501,78.18072022160665,60.162603878116386,94.87412742382271,0.0
4502,78.18072022160665,60.162603878116386,94.87412742382271,0.0
4503,78.18072022160665,60.162603878116386,94.87412742382271,0.0
4504,78.18072022160665,60.162603878116386,94.87412742382271,0.0
4505,75.70271468144041,60.162603878116386,94.87412742382271,0.0
4506,64.43124653739609,60.162603878116386,94.87412742382271,0.0
4507,64.43124653739609,60.162603878116386,75.22238227146815,0.0
4508,60.98343490304707,39.109972299169016,75.22238227146815,0.0
4509,60.05705664819948,39.109972299169016,56.153968282548426,0.0
4510,60.05705664819948,29.805318559556827,56.153968282548426,0.0
4511,60.05705664819948,29.805318559556827,55.25092119113569,0.0
4512,60.05705664819948,29.805318559556827,55.25092119113569,0.0
4513,60.05705664819948,29.805318559556827,55.25092119113569,0.0
4514,60.05705664819948,29.805318559556827,55.25092119113569,0.0
4515,60.05705664819948,29.805318559556827,55.25092119113569,0.0
4516,60.05705664819948,29.805318559556827,52.909923961218794,0.0
4517,60.05705664819948,22.140831024930797,52.909923961218794,0.0
4518,53.15240290858728,22.140831024930797,52.909923961218794,0.0
4519,53.15240290858728,21.598060941828308,52.909923961218794,0.0
4520,59.79540290858728,21.598060941828308,52.909923961218794,0.0
4521,59.79540290858728,21.598060941828308,52.909923961218794,0.0
4522,59.79540290858728,21.598060941828308,52.909923961218794,0.0
4523,59.79540290858728,21.598060941828308,57.61702396121879,0.0
4524,59.79540290858728,29.48656094182832,57.61702396121879,0.0
4525,59.79540290858728,29.48656094182832,66.2817239612188,0.0
4526,59.79540290858728,35.7711609418283,66.2817239612188,0.0
4527,73.87787396121887,39.5788898891967,66.2817239612188,0.0
4528,73.87787396121887,39.5788898891967,66.2817239612188,0.0
4529,73.87787396121887,36.91589819944601,66.2817239612188,0.0
4530,73.87787396121887,36.91589819944601,55.77053282548473,0.0
4531,56.483580332409986,36.91589819944601,55.77053282548473,0.0
4532,35.430948753462616,36.55484556786706,55.77053282548473,0.0
4533,19.543358725761802,36.55484556786706,55.77053282548473,0.0
4534,19.543358725761802,31.774457756232707,55.77053282548473,0.0
4535,19.543358725761802,31.774457756232707,55.77053282548473,0.0
4536,19.543358725761802,31.774457756232707,55.77053282548473,0.0
4537,19.543358725761802,31.774457756232707,55.77053282548473,0.0
4538,19.543358725761802,31.774457756232707,55.77053282548473,0.0
4539,19.543358725761802,31.774457756232707,55.77053282548473,0.0
4540,19.543358725761802,35.1577077562327,55.77053282548473,0.0
4541,19.543358725761802,33.54856648199447,55.77053282548473,0.0
4542,18.16950831024934,33.54856648199447,55.77053282548473,0.0
4543,18.16950831024934,33.54856648199447,55.77053282548473,0.0
4544,18.16950831024934,45.74581648199446,55.77053282548473,0.0
4545,18.16950831024934,45.74581648199446,55.77053282548473,0.0
4546,18.16950831024934,45.74581648199446,55.77053282548473,0.0
4547,18.16950831024934,45.74581648199446,55.77053282548473,0.0
4548,18.16950831024934,45.74581648199446,55.77053282548473,0.0
4549,18.16950831024934,59.75091648199446,55.77053282548473,0.0
4550,18.16950831024934,59.75091648199446,55.77053282548473,0.0
4551,23.00790831024935,59.75091648199446,55.77053282548473,0.0
4552,23.00790831024935,59.75091648199446,55.77053282548473,0.0
4553,23.00790831024935,59.75091648199446,55.77053282548473,0.0
4554,23.00790831024935,54.208368005540166,55.77053282548473,0.0
4555,23.00790831024935,39.934295983379506,55.77053282548473,0.0
4556,23.00790831024935,39.934295983379506,36.13308130193903,0.0
4557,23.00790831024935,39.934295983379506,21.292748891966735,0.0
4558,19.11505512465378,39.934295983379506,21.292748891966735,0.0
4559,19.11505512465378,39.934295983379506,25.769598891966723,0.0
4560,19.11505512465378,39.934295983379506,25.769598891966723,0.0
4561,19.11505512465378,39.934295983379506,25.769598891966723,0.0
4562,19.11505512465378,39.934295983379506,25.769598891966723,0.0
4563,19.11505512465378,39.934295983379506,25.769598891966723,0.0
4564,19.11505512465378,39.934295983379506,25.769598891966723,0.0
4565,19.11505512465378,39.49485000000003,25.769598891966723,0.0
4566,19.11505512465378,39.49485000000003,25.769598891966723,0.0
4567,19.11505512465378,39.49485000000003,25.769598891966723,0.0
4568,19.11505512465378,39.49485000000003,25.769598891966723,0.0
4569,19.11505512465378,39.49485000000003,25.769598891966723,0.0
4570,25.067905124653787,39.49485000000003,25.769598891966723,0.0
4571,25.067905124653787,58.49485000000003,36.48044889196672,0.0
4572,38.2175551246538,58.49485000000003,36.48044889196672,0.0
4573,38.2175551246538,58.49485000000003,36.48044889196672,0.0
4574,38.2175551246538,58.49485000000003,36.48044889196672,0.0
4575,38.2175551246538,58.49485000000003,36.48044889196672,0.0
4576,48.12390512465381,58.49485000000003,36.48044889196672,0.0
4577,47.74495775623276,58.49485000000003,36.48044889196672,0.0
4578,47.74495775623276,58.49485000000003,27.967540304709097,0.0
4579,47.74495775623276,58.49485000000003,11.715795152354524,0.0
4580,26.69232617728539,58.49485000000003,11.668759141274187,0.0
4581,10.93116274238235,58.49485000000003,11.668759141274187,0.0
4582,10.93116274238235,58.49485000000003,7.034797922437611,0.0
4583,10.93116274238235,58.49485000000003,7.034797922437611,0.0
4584,10.93116274238235,58.49485000000003,7.034797922437611,0.0
4585,10.93116274238235,70.12215000000003,7.034797922437611,0.0
4586,10.93116274238235,70.12215000000003,7.034797922437611,0.0
4587,10.93116274238235,70.12215000000003,17.34389792243763,0.0
4588,10.93116274238235,70.12215000000003,17.34389792243763,0.0
4589,10.680747229916973,70.12215000000003,17.34389792243763,0.0
4590,10.39454224376738,70.12215000000003,17.34389792243763,0.0
4591,10.39454224376738,70.12215000000003,17.34389792243763,0.0
4592,10.39454224376738,70.12215000000003,17.34389792243763,0.0
4593,10.39454224376738,70.12215000000003,34.62194792243764,0.0
4594,10.39454224376738,70.12215000000003,34.62194792243764,0.0
4595,10.39454224376738,70.12215000000003,34.62194792243764,0.0
4596,10.39454224376738,80.90855000000002,34.62194792243764,0.0
4597,10.39454224376738,99.90855000000002,45.29709792243765,0.0
4598,10.39454224376738,99.90855000000002,45.29709792243765,0.0
4599,29.39454224376738,100.0,45.29709792243765,0.0
4600,29.39454224376738,100.0,45.29709792243765,0.0
4601,29.39454224376738,98.09263157894739,45.29709792243765,0.0
4602,29.39454224376738,89.02254847645432,45.29709792243765,0.0
4603,29.39454224376738,72.5105263157895,45.29709792243765,0.0
4604,29.39454224376738,72.5105263157895,24.262305678670337,0.0
4605,29.39454224376738,56.19512465373964,24.262305678670337,0.0
4606,23.748004847645497,56.19512465373964,24.262305678670337,0.0
4607,23.748004847645497,56.19512465373964,24.262305678670337,0.0
4608,23.748004847645497,56.19512465373964,24.262305678670337,0.0
4609,23.748004847645497,56.19512465373964,24.262305678670337,0.0
4610,23.748004847645497,56.19512465373964,35.912705678670335,0.0
4611,23.748004847645497,56.19512465373964,35.912705678670335,0.0
4612,23.748004847645497,56.19512465373964,35.912705678670335,0.0
4613,22.593988227146887,56.19512465373964,35.912705678670335,0.0
4614,22.593988227146887,56.19512465373964,35.912705678670335,0.0
4615,22.593988227146887,56.19512465373964,35.912705678670335,0.0
4616,22.593988227146887,56.19512465373964,35.912705678670335,0.0
4617,22.593988227146887,56.19512465373964,54.912705678670335,0.0
4618,22.593988227146887,63.6613746537396,54.912705678670335,0.0
4619,34.91468822714687,63.6613746537396,54.912705678670335,0.0
4620,34.91468822714687,63.6613746537396,54.912705678670335,0.0
4621,34.91468822714687,73.22636814404426,60.92836218836567,0.0
4622,34.91468822714687,73.22636814404426,60.92836218836567,0.0
4623,34.91468822714687,73.22636814404426,66.22956218836568,0.0
4624,34.91468822714687,73.22636814404426,66.22956218836568,0.0
4625,34.91468822714687,73.22636814404426,66.22956218836568,0.0
4626,34.91468822714687,73.22636814404426,59.44900817174516,0.0
4627,34.91468822714687,73.22636814404426,45.23449293628808,0.0
4628,34.91468822714687,73.22636814404426,26.37139044321328,0.0
4629,34.91468822714687,73.22636814404426,11.951833656509681,0.0
4630,34.91468822714687,69.56775318559549,11.951833656509681,0.0
4631,34.91468822714687,69.56775318559549,11.951833656509681,0.0
4632,34.91468822714687,69.56775318559549,11.951833656509681,0.0
4633,34.91468822714687,69.56775318559549,23.126333656509683,0.0
4634,34.91468822714687,69.56775318559549,34.79893365650969,0.0
4635,34.91468822714687,69.56775318559549,34.79893365650969,0.0
4636,34.91468822714687,69.56775318559549,34.79893365650969,0.0
4637,33.52549155124657,69.56775318559549,34.79893365650969,0.0
4638,33.08050540166208,69.56775318559549,34.79893365650969,0.0
4639,33.08050540166208,74.8840531855955,34.79893365650969,0.0
4640,33.08050540166208,74.8840531855955,34.79893365650969,0.0
4641,33.08050540166208,74.8840531855955,34.79893365650969,0.0
4642,33.08050540166208,81.0300031855955,34.79893365650969,0.0
4643,33.08050540166208,81.0300031855955,46.26063365650967,0.0
4644,33.08050540166208,81.0300031855955,46.26063365650967,0.0
4645,48.13085540166209,81.0300031855955,46.26063365650967,0.0
4646,48.13085540166209,81.0300031855955,46.26063365650967,0.0
4647,48.13085540166209,81.0300031855955,46.26063365650967,0.0
4648,48.13085540166209,81.0300031855955,46.26063365650967,0.0
4649,48.13085540166209,81.0300031855955,46.26063365650967,0.0
4650,48.13085540166209,81.0300031855955,42.093597645429334,0.0
4651,48.13085540166209,68.2478979224376,42.093597645429334,0.0
4652,48.13085540166209,68.2478979224376,24.57448407202213,0.0
4653,48.13085540166209,68.2478979224376,11.709941135734066,0.0
4654,48.13085540166209,68.2478979224376,9.41874999999999,0.0
4655,48.13085540166209,68.2478979224376,9.41874999999999,0.0
4656,56.456505401662085,68.2478979224376,9.41874999999999,0.0
4657,56.456505401662085,68.2478979224376,9.41874999999999,0.0
4658,56.456505401662085,68.2478979224376,9.41874999999999,0.0
4659,56.456505401662085,78.55924792243759,9.41874999999999,0.0
4660,56.456505401662085,78.55924792243759,14.080199999999977,0.0
4661,56.456505401662085,78.54395706371182,14.080199999999977,0.0
4662,56.456505401662085,78.54395706371182,14.080199999999977,0.0
4663,56.456505401662085,78.54395706371182,14.080199999999977,0.0
4664,72.2304054016621,78.54395706371182,14.080199999999977,0.0
4665,72.2304054016621,78.54395706371182,14.080199999999977,0.0
4666,72.2304054016621,78.54395706371182,14.080199999999977,0.0
4667,72.2304054016621,78.54395706371182,14.080199999999977,0.0
4668,72.2304054016621,78.54395706371182,14.080199999999977,0.0
4669,72.2304054016621,79.89755000000001,33.08019999999998,0.0
4670,72.2304054016621,93.73290000000001,33.08019999999998,0.0
4671,91.2304054016621,100.0,33.08019999999998,0.0
4672,91.2304054016621,100.0,47.54859999999998,0.0
4673,91.2304054016621,100.0,51.60049999999998,0.0
4674,91.2304054016621,95.39041551246535,51.60049999999998,0.0
4675,91.2304054016621,81.80786703601105,51.60049999999998,0.0
4676,91.2304054016621,62.67019390581712,51.60049999999998,0.0
4677,91.2304054016621,48.407977839335125,51.60049999999998,0.0
4678,87.76059930747927,48.407977839335125,51.60049999999998,0.0
4679,87.76059930747927,48.407977839335125,51.60049999999998,0.0
4680,87.76059930747927,48.407977839335125,51.60049999999998,0.0
4681,87.76059930747927,48.407977839335125,51.60049999999998,0.0
4682,87.76059930747927,48.407977839335125,51.60049999999998,0.0
4683,87.76059930747927,55.92917783933512,51.60049999999998,0.0
4684,87.76059930747927,55.92917783933512,51.60049999999998,0.0
4685,84.2466380886427,55.92917783933512,51.60049999999998,0.0
4686,84.2466380886427,54.584911911357274,51.60049999999998,0.0
4687,84.2466380886427,54.584911911357274,51.60049999999998,0.0
4688,84.2466380886427,54.584911911357274,51.60049999999998,0.0
4689,84.55858808864272,54.584911911357274,70.60049999999998,0.0
4690,84.55858808864272,59.93101191135729,70.60049999999998,0.0
4691,84.55858808864272,70.11136191135729,89.60049999999998,0.0
4692,84.55858808864272,83.16606191135729,89.60049999999998,0.0
4693,100.0,100.0,89.60049999999998,0.0
4694,100.0,100.0,100.0,0.0
4695,100.0,100.0,100.0,0.0
4696,100.0,100.0,100.0,0.0
4697,100.0,100.0,100.0,0.0
4698,100.0,91.13362880886427,100.0,0.0
4699,100.0,91.13362880886427,81.81872576177288,0.0
4700,97.71872576177286,91.13362880886427,60.76609418282551,0.0
4701,97.71872576177286,72.60609418282547,60.76609418282551,0.0
4702,97.71872576177286,72.60609418282547,53.19850415512469,0.0
4703,97.71872576177286,72.60609418282547,53.19850415512469,0.0
4704,97.71872576177286,72.60609418282547,53.19850415512469,0.0
4705,97.71872576177286,72.60609418282547,53.19850415512469,0.0
4706,97.71872576177286,80.55829418282546,53.19850415512469,0.0
4707,97.71872576177286,80.55829418282546,53.19850415512469,0.0
4708,96.59440443213296,80.55829418282546,53.19850415512469,0.0
4709,96.59440443213296,73.71380664819944,53.19850415512469,0.0
4710,91.15734072022163,73.71380664819944,53.19850415512469,0.0
4711,91.15734072022163,73.71380664819944,53.19850415512469,0.0
4712,91.15734072022163,73.71380664819944,53.19850415512469,0.0
4713,91.15734072022163,73.71380664819944,53.19850415512469,0.0
4714,91.15734072022163,73.71380664819944,53.19850415512469,0.0
4715,91.15734072022163,80.41660664819943,72.19850415512468,0.0
4716,91.15734072022163,80.41660664819943,72.19850415512468,0.0
4717,91.15734072022163,80.41660664819943,72.19850415512468,0.0
4718,91.15734072022163,88.86040664819944,72.19850415512468,0.0
4719,91.15734072022163,88.86040664819944,72.19850415512468,0.0
4720,91.15734072022163,88.86040664819944,72.19850415512468,0.0
4721,89.67839335180057,88.86040664819944,72.19850415512468,0.0
4722,80.01307479224377,88.86040664819944,72.19850415512468,0.0
4723,80.01307479224377,71.02738725761773,72.19850415512468,0.0
4724,79.20415512465371,49.97475567867036,72.19850415512468,0.0
4725,62.44027700831022,49.97475567867036,72.19850415512468,0.0
4726,56.200775623268676,49.97475567867036,72.19850415512468,0.0
4727,56.200775623268676,49.97475567867036,72.19850415512468,0.0
4728,56.200775623268676,49.97475567867036,72.19850415512468,0.0
4729,56.200775623268676,49.97475567867036,72.19850415512468,0.0
4730,56.200775623268676,49.97475567867036,72.19850415512468,0.0
4731,56.200775623268676,49.97475567867036,72.19850415512468,0.0
4732,58.71012562326868,49.97475567867036,72.19850415512468,0.0
4733,56.375776592797756,49.97475567867036,72.19850415512468,0.0
4734,56.375776592797756,49.97475567867036,71.74980609418286,0.0
4735,56.375776592797756,49.97475567867036,71.74980609418286,0.0
4736,56.375776592797756,49.97475567867036,71.74980609418286,0.0
4737,56.375776592797756,49.97475567867036,71.74980609418286,0.0
4738,56.375776592797756,49.97475567867036,79.58935609418283,0.0
4739,56.375776592797756,62.921055678670385,79.58935609418283,0.0
4740,56.375776592797756,62.921055678670385,79.58935609418283,0.0
4741,56.375776592797756,62.921055678670385,96.22425609418285,0.0
4742,56.375776592797756,62.921055678670385,96.22425609418285,0.0
4743,63.07217659279776,81.92105567867038,96.22425609418285,0.0
4744,63.07217659279776,81.92105567867038,96.22425609418285,0.0
4745,63.07217659279776,81.92105567867038,96.22425609418285,0.0
4746,60.75793836565094,81.92105567867038,96.22425609418285,0.0
4747,60.75793836565094,71.02958753462607,96.22425609418285,0.0
4748,60.75793836565094,71.02958753462607,80.37799570637122,0.0
4749,60.75793836565094,59.5683132963989,80.37799570637122,0.0
4750,60.75793836565094,58.9653216066482,80.37799570637122,0.0
4751,60.75793836565094,58.9653216066482,80.37799570637122,0.0
4752,60.75793836565094,58.9653216066482,80.37799570637122,0.0
4753,60.75793836565094,58.9653216066482,80.37799570637122,0.0
4754,60.75793836565094,58.9653216066482,80.37799570637122,0.0
4755,60.75793836565094,58.9653216066482,80.37799570637122,0.0
4756,60.75793836565094,58.9653216066482,80.37799570637122,0.0
4757,60.75793836565094,58.9653216066482,80.37799570637122,0.0
4758,60.75793836565094,58.9653216066482,80.37799570637122,0.0
4759,60.75793836565094,58.9653216066482,80.37799570637122,0.0
4760,60.75793836565094,58.9653216066482,80.37799570637122,0.0
4761,60.75793836565094,58.9653216066482,80.37799570637122,0.0
4762,60.75793836565094,58.9653216066482,80.37799570637122,0.0
4763,60.75793836565094,74.03132160664822,80.37799570637122,0.0
4764,60.75793836565094,91.42956731301945,81.0,0.0
4765,79.42568836565096,91.42956731301945,100.0,0.0
4766,79.42568836565096,91.42956731301945,100.0,0.0
4767,79.42568836565096,91.42956731301945,100.0,0.0
4768,79.42568836565096,91.42956731301945,100.0,0.0
4769,79.42568836565096,91.42956731301945,100.0,0.0
4770,79.42568836565096,86.83798836565103,100.0,0.0
4771,79.42568836565096,75.60634958448755,96.357788365651,0.0
4772,76.6542382271468,75.60634958448755,79.47810277008311,0.0
4773,62.0,75.60634958448755,79.47810277008311,0.0
4774,62.0,71.34961828254849,79.47810277008311,0.0
4775,62.0,71.34961828254849,79.47810277008311,0.0
4776,62.0,71.34961828254849,79.47810277008311,0.0
4777,62.0,71.34961828254849,79.47810277008311,0.0
4778,62.0,83.3036682825485,79.47810277008311,0.0
4779,62.0,83.3036682825485,79.47810277008311,0.0
4780,62.0,83.3036682825485,79.47810277008311,0.0
4781,62.0,83.3036682825485,78.0391,0.0
4782,62.0,83.3036682825485,78.0391,0.0
4783,62.0,83.3036682825485,78.0391,0.0
4784,62.0,83.3036682825485,78.0391,0.0
4785,62.0,83.3036682825485,80.67549999999999,0.0
4786,62.0,83.3036682825485,80.67549999999999,0.0
4787,62.0,83.3036682825485,80.67549999999999,0.0
4788,81.0,83.57420000000002,80.67549999999999,0.0
4789,100.0,100.0,80.67549999999999,0.0
4790,100.0,100.0,94.2896,0.0
4791,100.0,100.0,100.0,0.0
4792,100.0,100.0,100.0,0.0
4793,100.0,100.0,100.0,0.0
4794,100.0,91.25551246537394,100.0,0.0
4795,87.08878254847644,86.24944459833794,100.0,0.0
4796,86.36484903047086,65.19681301939058,100.0,0.0
4797,86.36484903047086,65.19681301939058,82.87667590027702,0.0
4798,86.36484903047086,65.19681301939058,76.03601108033246,0.0
4799,86.36484903047086,65.19681301939058,76.03601108033246,0.0
4800,86.36484903047086,65.19681301939058,76.03601108033246,0.0
4801,86.36484903047086,65.19681301939058,76.03601108033246,0.0
4802,86.36484903047086,65.19681301939058,76.03601108033246,0.0
4803,86.36484903047086,65.19681301939058,76.03601108033246,0.0
4804,86.36484903047086,63.24096814404431,76.03601108033246,0.0
4805,78.70601246537392,63.24096814404431,76.03601108033246,0.0
4806,78.70601246537392,56.049499999999995,76.03601108033246,0.0
4807,78.70601246537392,56.049499999999995,76.03601108033246,0.0
4808,78.70601246537392,56.049499999999995,84.00401108033245,0.0
4809,78.70601246537392,56.049499999999995,84.00401108033245,0.0
4810,78.70601246537392,56.049499999999995,84.00401108033245,0.0
4811,84.61596246537391,75.0495,84.00401108033245,0.0
4812,84.61596246537391,75.0495,84.00401108033245,0.0
4813,84.61596246537391,75.0495,93.33291108033245,0.0
4814,84.61596246537391,81.76195000000001,93.33291108033245,0.0
4815,84.61596246537391,100.0,93.33291108033245,0.0
4816,84.61596246537391,100.0,93.33291108033245,0.0
4817,83.93594764542924,97.21735554016627,93.33291108033245,0.0
4818,83.93594764542924,85.41563808864272,93.33291108033245,0.0
4819,83.93594764542924,65.49358822714689,93.33291108033245,0.0
4820,81.56719418282536,44.44095664819952,93.33291108033245,0.0
4821,81.56719418282536,44.44095664819952,74.76011329639894,0.0
4822,73.6730113573406,44.44095664819952,74.76011329639894,0.0
4823,73.6730113573406,44.44095664819952,74.76011329639894,0.0
4824,73.6730113573406,44.44095664819952,74.76011329639894,0.0
4825,73.6730113573406,44.44095664819952,74.76011329639894,0.0
4826,73.6730113573406,44.44095664819952,74.76011329639894,0.0
4827,73.6730113573406,44.44095664819952,74.76011329639894,0.0
4828,73.6730113573406,41.77552728531863,74.76011329639894,0.0
4829,73.6730113573406,33.139405401662124,74.76011329639894,0.0
4830,73.6730113573406,25.526940027700924,74.76011329639894,0.0
4831,73.47057368421042,25.526940027700924,74.76011329639894,0.0
4832,73.47057368421042,25.526940027700924,82.76456329639893,0.0
4833,73.47057368421042,25.526940027700924,82.76456329639893,0.0
4834,73.47057368421042,25.526940027700924,82.76456329639893,0.0
4835,73.47057368421042,25.526940027700924,82.76456329639893,0.0
4836,73.47057368421042,25.526940027700924,82.76456329639893,0.0
4837,73.47057368421042,25.526940027700924,82.76456329639893,0.0
4838,73.47057368421042,32.79859002770092,82.76456329639893,0.0
4839,73.47057368421042,32.79859002770092,82.76456329639893,0.0
4840,73.47057368421042,32.79859002770092,82.76456329639893,0.0
4841,73.47057368421042,32.79859002770092,79.1387461218837,0.0
4842,60.75905013850405,32.79859002770092,79.1387461218837,0.0
4843,60.75905013850405,11.91565373961227,79.1387461218837,0.0
4844,60.75905013850405,8.812108033241076,58.08611454293633,0.0
4845,52.0795887811634,8.812108033241076,47.66003573407199,0.0
4846,52.0795887811634,8.812108033241076,39.34142077562325,0.0
4847,52.0795887811634,8.812108033241076,39.34142077562325,0.0
4848,52.0795887811634,8.812108033241076,39.34142077562325,0.0
4849,52.0795887811634,8.812108033241076,39.34142077562325,0.0
4850,52.0795887811634,8.812108033241076,39.34142077562325,0.0
4851,52.0795887811634,8.812108033241076,39.34142077562325,0.0
4852,52.0795887811634,8.812108033241076,38.34164238227147,0.0
4853,44.98867465373958,8.812108033241076,38.34164238227147,0.0
4854,44.98867465373958,8.812108033241076,31.752334903047096,0.0
4855,44.98867465373958,8.812108033241076,31.752334903047096,0.0
4856,44.98867465373958,8.812108033241076,31.752334903047096,0.0
4857,44.98867465373958,23.838658033241067,31.752334903047096,0.0
4858,44.98867465373958,42.83865803324107,31.752334903047096,0.0
4859,63.98867465373958,49.437758033241096,31.752334903047096,0.0
4860,82.98867465373958,58.55625803324109,31.752334903047096,0.0
4861,92.0655246537396,58.55625803324109,31.752334903047096,0.0
4862,92.0655246537396,58.55625803324109,37.4434349030471,0.0
4863,92.0655246537396,58.55625803324109,37.4434349030471,0.0
4864,92.0655246537396,58.55625803324109,37.4434349030471,0.0
4865,92.0655246537396,58.55625803324109,30.09357340720223,0.0
4866,75.52247756232686,58.55625803324109,30.09357340720223,0.0
4867,72.93267146814404,37.50362645429372,30.09357340720223,0.0
4868,68.5851922437673,16.450994875346357,30.09357340720223,0.0
4869,68.5851922437673,16.450994875346357,10.127257617728533,0.0
4870,68.5851922437673,16.450994875346357,0.9286980609418324,0.0
4871,68.5851922437673,16.450994875346357,0.0,0.0
4872,68.5851922437673,16.450994875346357,2.7009499999999935,0.0
4873,68.5851922437673,16.450994875346357,2.7009499999999935,0.0
4874,68.5851922437673,16.450994875346357,2.7009499999999935,0.0
4875,68.5851922437673,20.726444875346335,2.7009499999999935,0.0
4876,66.72713130193905,20.726444875346335,2.7009499999999935,0.0
4877,59.00546925207756,20.726444875346335,2.7009499999999935,0.0
4878,59.00546925207756,12.694976731302,2.7009499999999935,0.0
4879,59.00546925207756,10.488106925207816,2.7009499999999935,0.0
4880,59.00546925207756,10.488106925207816,2.7009499999999935,0.0
4881,59.00546925207756,10.488106925207816,3.008491274238061,0.0
4882,59.00546925207756,10.488106925207816,3.008491274238061,0.0
4883,64.19416925207757,29.488106925207816,3.008491274238061,0.0
4884,64.19416925207757,48.488106925207816,11.188641274238067,0.0
4885,64.19416925207757,48.488106925207816,19.440091274238085,0.0
4886,69.67506925207758,48.488106925207816,19.440091274238085,0.0
4887,69.67506925207758,48.488106925207816,19.440091274238085,0.0
4888,69.67506925207758,48.488106925207816,24.752441274238077,0.0
4889,69.67506925207758,42.575918559556825,24.752441274238077,0.0
4890,69.67506925207758,28.536029362880946,24.752441274238077,0.0
4891,69.33030470914132,7.4833977839335795,24.752441274238077,0.0
4892,48.277673130193946,4.62539224376739,24.752441274238077,0.0
4893,48.277673130193946,4.62539224376739,6.752607479224234,0.0
4894,48.277673130193946,4.62539224376739,0.567399722991559,0.0
4895,48.277673130193946,4.62539224376739,0.567399722991559,0.0
4896,48.277673130193946,4.62539224376739,0.567399722991559,0.0
4897,48.277673130193946,4.62539224376739,0.567399722991559,0.0
4898,48.277673130193946,4.62539224376739,0.567399722991559,0.0
4899,48.277673130193946,7.092087396121825,5.963354570637131,0.0
4900,48.277673130193946,8.33573739612182,5.963354570637131,0.0
4901,48.277673130193946,8.33573739612182,1.3854044321329777,0.0
4902,44.983933518005585,8.33573739612182,1.3854044321329777,0.0
4903,44.983933518005585,8.33573739612182,1.3854044321329777,0.0
4904,44.983933518005585,8.33573739612182,1.3854044321329777,0.0
4905,44.983933518005585,8.33573739612182,1.3854044321329777,0.0
4906,44.983933518005585,10.069937396121842,1.3854044321329777,0.0
4907,44.983933518005585,16.006537396121843,1.3854044321329777,0.0
4908,44.983933518005585,35.00653739612184,9.314404432132985,0.0
4909,44.983933518005585,35.00653739612184,9.314404432132985,0.0
4910,44.983933518005585,35.00653739612184,9.314404432132985,0.0
4911,44.983933518005585,35.00653739612184,9.314404432132985,0.0
4912,44.983933518005585,35.00653739612184,9.314404432132985,0.0
4913,39.19722991689753,35.00653739612184,9.314404432132985,0.0
4914,39.19722991689753,20.9646537396122,9.314404432132985,0.0
4915,39.19722991689753,0.0,9.314404432132985,0.0
4916,18.144598337950157,-0.0,7.011855955678682,0.0
4917,0.0,0.0,7.011855955678682,0.0
4918,0.0,0.0,0.0,0.0
4919,-0.0,-0.0,-0.0,0.0
4920,-0.0,-0.0,-0.0,0.0
4921,8.148864265927994,-0.0,-0.0,0.0
4922,8.148864265927994,-0.0,-0.0,0.0
4923,8.148864265927994,-0.0,-0.0,0.0
4924,8.148864265927994,-0.0,-0.0,0.0
4925,3.822216066481991,-0.0,-0.0,0.0
4926,0.0,0.0,0.0,0.0
4927,-0.0,-0.0,-0.0,0.0
4928,-0.0,-0.0,10.865850000000016,0.0
4929,-0.0,-0.0,10.865850000000016,0.0
4930,5.516400000000003,-0.0,10.865850000000016,0.0
4931,6.870519252077558,9.814680747922454,29.865850000000016,0.0
4932,6.870519252077558,9.814680747922454,29.865850000000016,0.0
4933,6.870519252077558,9.814680747922454,29.865850000000016,0.0
4934,6.870519252077558,28.814680747922452,41.763900000000014,0.0
4935,11.295069252077555,28.814680747922452,41.763900000000014,0.0
4936,11.295069252077555,28.814680747922452,41.763900000000014,0.0
4937,11.295069252077555,28.814680747922452,41.763900000000014,0.0
4938,11.295069252077555,28.814680747922452,35.03952326869807,0.0
4939,11.295069252077555,28.814680747922452,20.91719639889197,0.0
4940,11.295069252077555,28.814680747922452,4.211323822714693,0.0
4941,-0.0,28.814680747922452,4.211323822714693,0.0
4942,0.0,28.362990997229918,4.211323822714693,0.0
4943,-0.0,28.362990997229918,4.211323822714693,0.0
4944,-0.0,28.362990997229918,4.211323822714693,0.0
4945,-0.0,28.362990997229918,4.211323822714693,0.0
4946,-0.0,28.362990997229918,4.211323822714693,0.0
4947,-0.0,28.362990997229918,4.211323822714693,0.0
4948,-0.0,28.362990997229918,4.211323822714693,0.0
4949,-0.0,28.362990997229918,4.211323822714693,0.0
4950,-0.0,28.362990997229918,4.211323822714693,0.0
4951,-0.0,28.362990997229918,4.211323822714693,0.0
4952,-0.0,28.362990997229918,4.211323822714693,0.0
4953,-0.0,28.362990997229918,4.211323822714693,0.0
4954,-0.0,36.76894099722994,23.211323822714693,0.0
4955,-0.0,36.76894099722994,36.34232382271471,0.0
4956,-0.0,36.76894099722994,36.34232382271471,0.0
4957,-0.0,36.76894099722994,53.96692382271472,0.0
4958,-0.0,36.76894099722994,53.96692382271472,0.0
4959,-0.0,36.76894099722994,53.96692382271472,0.0
4960,-0.0,36.76894099722994,53.96692382271472,0.0
4961,-0.0,41.44309099722993,53.96692382271472,0.0
4962,-0.0,41.44309099722993,49.59877977839338,0.0
4963,-0.0,28.69123504155126,49.59877977839338,0.0
4964,-0.0,13.484476038781162,49.59877977839338,0.0
4965,-0.0,13.484476038781162,40.570912742382305,0.0
4966,-0.0,13.484476038781162,40.570912742382305,0.0
4967,9.348400000000003,13.484476038781162,40.570912742382305,0.0
4968,9.348400000000003,13.484476038781162,40.570912742382305,0.0
4969,9.348400000000003,13.484476038781162,40.570912742382305,0.0
4970,9.348400000000003,13.484476038781162,40.570912742382305,0.0
4971,9.348400000000003,13.484476038781162,40.570912742382305,0.0
4972,9.348400000000003,13.484476038781162,40.570912742382305,0.0
4973,9.348400000000003,13.484476038781162,40.570912742382305,0.0
4974,9.348400000000003,13.484476038781162,40.570912742382305,0.0
4975,9.348400000000003,13.484476038781162,40.570912742382305,0.0
4976,9.348400000000003,13.484476038781162,40.570912742382305,0.0
4977,12.668599999999989,13.484476038781162,59.570912742382305,0.0
4978,12.668599999999989,13.484476038781162,59.570912742382305,0.0
4979,25.595149999999975,13.484476038781162,59.570912742382305,0.0
4980,44.595149999999975,29.323776038781144,59.570912742382305,0.0
4981,44.595149999999975,45.30712603878115,78.5709127423823,0.0
4982,44.595149999999975,45.30712603878115,78.5709127423823,0.0
4983,44.595149999999975,45.30712603878115,78.5709127423823,0.0
4984,44.595149999999975,45.30712603878115,78.5709127423823,0.0
4985,44.595149999999975,45.30712603878115,78.5709127423823,0.0
4986,38.26451288088638,45.30712603878115,78.5709127423823,0.0
4987,38.26451288088638,45.30712603878115,63.79900138504159,0.0
4988,38.26451288088638,45.30712603878115,45.985040166205025,0.0
4989,38.26451288088638,31.91887119113573,45.985040166205025,0.0
4990,35.13337714681435,31.91887119113573,45.985040166205025,0.0
4991,35.13337714681435,36.32667119113574,45.985040166205025,0.0
4992,35.13337714681435,43.08422119113573,45.985040166205025,0.0
4993,35.13337714681435,43.08422119113573,45.985040166205025,0.0
4994,35.13337714681435,53.57932119113572,45.985040166205025,0.0
4995,35.13337714681435,53.57932119113572,45.985040166205025,0.0
4996,35.13337714681435,53.57932119113572,45.985040166205025,0.0
4997,28.498695706371144,53.57932119113572,45.985040166205025,0.0
4998,21.192878531855914,53.57932119113572,45.985040166205025,0.0
4999,21.192878531855914,52.26297770083101,45.985040166205025,0.0
5000,21.192878531855914,52.26297770083101,45.985040166205025,0.0
5001,21.192878531855914,52.26297770083101,45.985040166205025,0.0
5002,21.192878531855914,52.26297770083101,45.985040166205025,0.0
5003,40.19287853185591,55.760527700831,45.985040166205025,0.0
5004,40.19287853185591,55.760527700831,45.985040166205025,0.0
5005,40.19287853185591,74.760527700831,52.41119016620503,0.0
5006,40.19287853185591,74.760527700831,52.41119016620503,0.0
5007,40.19287853185591,74.760527700831,52.41119016620503,0.0
5008,40.19287853185591,74.760527700831,52.41119016620503,0.0
5009,40.19287853185591,66.92335318559554,52.41119016620503,0.0
5010,40.19287853185591,66.92335318559554,35.798835595567894,0.0
5011,40.19287853185591,45.870721606648175,33.73107936288091,0.0
5012,36.55232451523542,24.81809002770081,33.73107936288091,0.0
5013,36.55232451523542,24.81809002770081,14.36609321329641,0.0
5014,36.55232451523542,16.31404570637116,14.36609321329641,0.0
5015,36.55232451523542,16.31404570637116,14.36609321329641,0.0
5016,36.55232451523542,16.31404570637116,14.36609321329641,0.0
5017,36.55232451523542,16.31404570637116,14.36609321329641,0.0
5018,36.55232451523542,16.31404570637116,22.161743213296425,0.0
5019,36.55232451523542,16.31404570637116,22.161743213296425,0.0
5020,35.31177049861491,16.31404570637116,22.161743213296425,0.0
5021,27.85459598337946,16.31404570637116,22.161743213296425,0.0
5022,27.85459598337946,16.31404570637116,14.569721052631625,0.0
5023,27.85459598337946,16.31404570637116,14.569721052631625,0.0
5024,27.85459598337946,16.31404570637116,14.569721052631625,0.0
5025,27.85459598337946,16.31404570637116,32.667171052631645,0.0
5026,27.85459598337946,16.31404570637116,32.667171052631645,0.0
5027,46.85459598337946,28.23689570637114,32.667171052631645,0.0
5028,46.85459598337946,28.23689570637114,32.667171052631645,0.0
5029,62.910745983379464,28.23689570637114,32.667171052631645,0.0
5030,62.910745983379464,41.27719570637116,51.667171052631645,0.0
5031,81.91074598337946,45.95594570637118,51.667171052631645,0.0
5032,81.91074598337946,45.95594570637118,51.667171052631645,0.0
5033,81.91074598337946,45.95594570637118,51.667171052631645,0.0
5034,81.91074598337946,37.35317562326868,51.667171052631645,0.0
5035,66.21407008310246,37.35317562326868,51.667171052631645,0.0
5036,66.21407008310246,19.23744155124652,51.667171052631645,0.0
5037,66.21407008310246,19.23744155124652,38.51525969529093,0.0
5038,63.24963795013847,19.23744155124652,38.51525969529093,0.0
5039,63.24963795013847,19.23744155124652,38.51525969529093,0.0
5040,63.24963795013847,19.23744155124652,38.51525969529093,0.0
5041,63.24963795013847,19.23744155124652,38.51525969529093,0.0
5042,63.24963795013847,19.23744155124652,38.51525969529093,0.0
5043,63.24963795013847,19.23744155124652,38.51525969529093,0.0
5044,63.24963795013847,19.23744155124652,38.51525969529093,0.0
5045,58.981833379501424,18.77405498614948,38.51525969529093,0.0
5046,58.981833379501424,18.77405498614948,34.721298476454365,0.0
5047,58.981833379501424,18.77405498614948,34.721298476454365,0.0
5048,58.981833379501424,18.77405498614948,34.721298476454365,0.0
5049,58.981833379501424,18.77405498614948,34.721298476454365,0.0
5050,58.981833379501424,18.77405498614948,34.721298476454365,0.0
5051,71.49328337950142,18.77405498614948,34.721298476454365,0.0
5052,71.49328337950142,37.77405498614948,50.58264847645438,0.0
5053,71.49328337950142,37.77405498614948,50.58264847645438,0.0
5054,71.49328337950142,37.77405498614948,64.53579847645439,0.0
5055,90.49328337950142,43.63055498614946,64.53579847645439,0.0
5056,90.49328337950142,43.63055498614946,64.53579847645439,0.0
5057,90.49328337950142,43.63055498614946,64.53579847645439,0.0
5058,81.73106731301947,43.63055498614946,64.53579847645439,0.0
5059,66.20984847645437,43.63055498614946,64.53579847645439,0.0
5060,66.20984847645437,43.63055498614946,47.182225069252155,0.0
5061,66.20984847645437,43.63055498614946,34.86288988919674,0.0
5062,66.20984847645437,43.63055498614946,32.55325000000007,0.0
5063,66.20984847645437,43.63055498614946,32.55325000000007,0.0
5064,66.20984847645437,43.63055498614946,32.55325000000007,0.0
5065,66.20984847645437,43.63055498614946,44.639600000000065,0.0
5066,66.20984847645437,43.63055498614946,44.639600000000065,0.0
5067,76.03039847645438,43.63055498614946,44.639600000000065,0.0
5068,76.03039847645438,43.63055498614946,44.639600000000065,0.0
5069,76.03039847645438,39.87404529085859,44.639600000000065,0.0
5070,76.03039847645438,39.87404529085859,41.49732853185602,0.0
5071,76.03039847645438,43.72959529085862,41.49732853185602,0.0
5072,76.03039847645438,43.72959529085862,41.49732853185602,0.0
5073,76.03039847645438,43.72959529085862,42.459728531856,0.0
5074,82.45384847645438,43.72959529085862,61.459728531856,0.0
5075,82.45384847645438,43.72959529085862,61.459728531856,0.0
5076,82.45384847645438,43.72959529085862,61.459728531856,0.0
5077,82.45384847645438,43.72959529085862,61.459728531856,0.0
5078,82.45384847645438,56.35274529085859,80.459728531856,0.0
5079,82.45384847645438,56.35274529085859,85.65517853185601,0.0
5080,82.45384847645438,56.35274529085859,85.65517853185601,0.0
5081,82.45384847645438,56.35274529085859,85.65517853185601,0.0
5082,82.45384847645438,56.35274529085859,75.29335027700834,0.0
5083,82.45384847645438,38.55512756232673,75.29335027700834,0.0
5084,82.45384847645438,38.55512756232673,55.54055249307481,0.0
5085,82.45384847645438,23.723160803323964,55.54055249307481,0.0
5086,82.45384847645438,23.723160803323964,50.78382119113574,0.0
5087,82.45384847645438,23.723160803323964,50.78382119113574,0.0
5088,82.45384847645438,23.723160803323964,50.78382119113574,0.0
5089,82.45384847645438,23.723160803323964,50.78382119113574,0.0
5090,82.45384847645438,23.723160803323964,50.78382119113574,0.0
5091,82.45384847645438,23.723160803323964,50.78382119113574,0.0
5092,82.45384847645438,23.723160803323964,50.78382119113574,0.0
5093,82.45384847645438,23.723160803323964,44.36797631578946,0.0
5094,79.53558157894743,23.723160803323964,40.53965041551249,0.0
5095,79.53558157894743,23.723160803323964,40.53965041551249,0.0
5096,79.53558157894743,31.64791080332396,40.53965041551249,0.0
5097,93.48328157894743,31.64791080332396,40.53965041551249,0.0
5098,93.48328157894743,31.64791080332396,40.53965041551249,0.0
5099,98.35978157894743,31.64791080332396,59.53965041551249,0.0
5100,98.35978157894743,50.64791080332396,67.37535041551249,0.0
5101,98.35978157894743,50.64791080332396,75.72135041551246,0.0
5102,98.35978157894743,50.64791080332396,75.72135041551246,0.0
5103,98.35978157894743,67.89271080332395,75.72135041551246,0.0
5104,98.35978157894743,74.26326080332396,75.72135041551246,0.0
5105,98.35978157894743,74.26326080332396,70.67065789473682,0.0
5106,98.35978157894743,74.26326080332396,57.583400277008295,0.0
5107,98.35978157894743,74.26326080332396,38.53032548476454,0.0
5108,77.30715000000006,74.26326080332396,38.517250692520776,0.0
5109,77.30715000000006,58.03905027700816,38.517250692520776,0.0
5110,71.18410290858729,58.03905027700816,38.517250692520776,0.0
5111,71.18410290858729,58.03905027700816,38.517250692520776,0.0
5112,71.18410290858729,58.03905027700816,38.517250692520776,0.0
5113,81.27445290858729,58.03905027700816,38.517250692520776,0.0
5114,81.27445290858729,58.03905027700816,38.517250692520776,0.0
5115,81.27445290858729,58.03905027700816,38.517250692520776,0.0
5116,81.27445290858729,58.03905027700816,38.517250692520776,0.0
5117,81.27445290858729,58.03905027700816,33.11193213296399,0.0
5118,81.27445290858729,51.80907797783919,33.11193213296399,0.0
5119,81.13750000000002,51.80907797783919,33.11193213296399,0.0
5120,81.13750000000002,51.80907797783919,33.11193213296399,0.0
5121,81.13750000000002,65.57232797783917,33.11193213296399,0.0
5122,100.0,65.57232797783917,33.11193213296399,0.0
5123,100.0,70.46827797783916,33.11193213296399,0.0
5124,100.0,70.46827797783916,33.11193213296399,0.0
5125,100.0,78.06062797783913,52.11193213296399,0.0
5126,100.0,82.85077797783914,52.11193213296399,0.0
5127,100.0,82.85077797783914,52.11193213296399,0.0
5128,100.0,82.85077797783914,52.11193213296399,0.0
5129,100.0,82.85077797783914,45.44334487534626,0.0
5130,100.0,68.18501620498597,45.44334487534626,0.0
5131,100.0,48.85293864265911,45.44334487534626,0.0
5132,88.06086052631566,40.56847700831019,45.44334487534626,0.0
5133,88.06086052631566,25.732742936288027,45.44334487534626,0.0
5134,83.92196855955666,25.732742936288027,45.44334487534626,0.0
5135,83.92196855955666,25.732742936288027,45.44334487534626,0.0
5136,83.92196855955666,25.732742936288027,45.44334487534626,0.0
5137,83.92196855955666,25.732742936288027,54.735894875346254,0.0
5138,83.92196855955666,35.68139293628802,54.735894875346254,0.0
5139,83.92196855955666,35.68139293628802,54.735894875346254,0.0
5140,83.92196855955666,35.68139293628802,54.735894875346254,0.0
5141,77.15072202216054,35.68139293628802,54.735894875346254,0.0
5142,77.15072202216054,35.68139293628802,47.92775083102492,0.0
5143,77.15072202216054,35.68139293628802,47.73766772853183,0.0
5144,77.15072202216054,35.68139293628802,56.10891772853185,0.0
5145,77.15072202216054,51.46539293628803,56.10891772853185,0.0
5146,77.15072202216054,54.57239293628804,75.10891772853185,0.0
5147,86.19092202216052,54.57239293628804,75.10891772853185,0.0
5148,86.19092202216052,54.57239293628804,87.79711772853186,0.0
5149,86.19092202216052,68.09884293628804,87.79711772853186,0.0
5150,97.3975220221605,68.09884293628804,87.79711772853186,0.0
5151,97.3975220221605,68.09884293628804,91.49321772853185,0.0
5152,97.3975220221605,79.60554293628803,91.49321772853185,0.0
5153,97.16018130193889,79.60554293628803,91.49321772853185,0.0
5154,97.16018130193889,79.60554293628803,81.53931191135732,0.0
5155,80.92555526315775,79.60554293628803,81.53931191135732,0.0
5156,63.18943337950123,79.60554293628803,81.53931191135732,0.0
5157,63.18943337950123,66.93041828254843,81.53931191135732,0.0
5158,60.403228393351654,66.93041828254843,81.53931191135732,0.0
5159,60.403228393351654,66.93041828254843,81.53931191135732,0.0
5160,60.403228393351654,66.93041828254843,81.53931191135732,0.0
5161,60.403228393351654,66.93041828254843,81.53931191135732,0.0
5162,60.403228393351654,66.93041828254843,91.71216191135733,0.0
5163,60.403228393351654,66.93041828254843,91.71216191135733,0.0
5164,60.403228393351654,66.93041828254843,91.52844999999999,0.0
5165,52.89342229916881,66.93041828254843,91.52844999999999,0.0
5166,52.89342229916881,59.50099999999998,91.52844999999999,0.0
5167,52.89342229916881,59.50099999999998,91.52844999999999,0.0
5168,52.89342229916881,59.50099999999998,91.52844999999999,0.0
5169,68.6506222991688,59.50099999999998,91.52844999999999,0.0
5170,68.6506222991688,62.045199999999994,91.52844999999999,0.0
5171,68.6506222991688,69.8831,91.52844999999999,0.0
5172,87.6506222991688,80.855,91.52844999999999,0.0
5173,97.22809487534629,80.855,91.52844999999999,0.0
5174,97.22809487534629,99.855,100.0,0.0
5175,97.22809487534629,100.0,100.0,0.0
5176,97.22809487534629,100.0,100.0,0.0
5177,95.03883988919664,96.99989210526321,100.0,0.0
5178,95.03883988919664,81.7724682825485,100.0,0.0
5179,73.98620831024927,81.7724682825485,99.75889196675901,0.0
5180,53.586872714681405,81.7724682825485,98.24587299168975,0.0
5181,53.586872714681405,65.86155415512468,98.24587299168975,0.0
5182,49.26066772853182,65.86155415512468,98.24587299168975,0.0
5183,49.26066772853182,65.86155415512468,98.24587299168975,0.0
5184,49.26066772853182,65.86155415512468,98.24587299168975,0.0
5185,49.26066772853182,65.86155415512468,98.24587299168975,0.0
5186,49.26066772853182,65.86155415512468,98.24587299168975,0.0
5187,49.26066772853182,65.86155415512468,98.24587299168975,0.0
5188,49.26066772853182,65.86155415512468,98.24587299168975,0.0
5189,45.98304999999998,65.86155415512468,98.24587299168975,0.0
5190,45.98304999999998,65.86155415512468,95.10615000000001,0.0
5191,50.2346,65.86155415512468,95.10615000000001,0.0
5192,50.2346,65.86155415512468,95.10615000000001,0.0
5193,50.2346,65.86155415512468,95.10615000000001,0.0
5194,50.2346,71.35925415512469,95.10615000000001,0.0
5195,50.2346,71.35925415512469,95.10615000000001,0.0
5196,50.2346,71.35925415512469,95.10615000000001,0.0
5197,50.2346,71.35925415512469,95.10615000000001,0.0
5198,69.2346,84.56870415512468,95.10615000000001,0.0
5199,88.2346,84.56870415512468,100.0,0.0
5200,100.0,84.56870415512468,100.0,0.0
5201,100.0,83.82859335180058,100.0,0.0
5202,88.75130193905818,83.82859335180058,100.0,0.0
5203,88.75130193905818,66.12260997229922,100.0,0.0
5204,88.75130193905818,66.12260997229922,81.17357340720223,0.0
5205,74.74249307479224,66.12260997229922,81.17357340720223,0.0
5206,74.74249307479224,62.19834404432138,81.17357340720223,0.0
5207,74.74249307479224,62.19834404432138,81.17357340720223,0.0
5208,74.74249307479224,62.19834404432138,81.17357340720223,0.0
5209,74.74249307479224,62.19834404432138,81.17357340720223,0.0
5210,74.74249307479224,62.19834404432138,92.39962340720223,0.0
5211,74.74249307479224,62.19834404432138,92.39962340720223,0.0
5212,74.74249307479224,62.19834404432138,92.39962340720223,0.0
5213,68.37119113573405,62.19834404432138,92.39962340720223,0.0
5214,62.418282548476434,62.19834404432138,92.39962340720223,0.0
5215,63.416532548476425,62.19834404432138,92.39962340720223,0.0
5216,63.416532548476425,62.19834404432138,92.39962340720223,0.0
5217,63.416532548476425,76.96089404432136,92.39962340720223,0.0
5218,63.416532548476425,95.09961745152359,94.06054999999999,0.0
5219,69.06053254847642,95.09961745152359,94.06054999999999,0.0
5220,69.06053254847642,95.09961745152359,94.06054999999999,0.0
5221,69.06053254847642,95.09961745152359,94.06054999999999,0.0
5222,88.06053254847642,95.09961745152359,100.0,0.0
5223,100.0,100.0,100.0,0.0
5224,100.0,100.0,100.0,0.0
5225,93.24626038781166,100.0,100.0,0.0
5226,93.24626038781166,83.6512465373961,100.0,0.0
5227,72.7196767313018,81.3809880886428,100.0,0.0
5228,72.7196767313018,73.47706606648195,84.42347880886443,0.0
5229,72.7196767313018,55.16404667590024,84.42347880886443,0.0
5230,72.7196767313018,55.16404667590024,76.15295249307495,0.0
5231,72.7196767313018,55.16404667590024,75.99040401662064,0.0
5232,72.7196767313018,55.16404667590024,75.99040401662064,0.0
5233,72.7196767313018,61.968696675900254,75.99040401662064,0.0
5234,72.7196767313018,61.968696675900254,75.99040401662064,0.0
5235,72.7196767313018,61.968696675900254,75.99040401662064,0.0
5236,72.7196767313018,61.968696675900254,72.65223227146828,0.0
5237,72.7196767313018,51.0354002770083,72.65223227146828,0.0
5238,72.7196767313018,38.89639750692521,72.65223227146828,0.0
5239,72.7196767313018,38.89639750692521,66.90890817174528,0.0
5240,72.7196767313018,38.89639750692521,66.90890817174528,0.0
5241,72.7196767313018,38.89639750692521,66.90890817174528,0.0
5242,86.35097673130181,38.89639750692521,66.90890817174528,0.0
5243,86.35097673130181,57.43629750692519,66.90890817174528,0.0
5244,86.35097673130181,57.43629750692519,81.62414999999999,0.0
5245,86.35097673130181,57.43629750692519,81.62414999999999,0.0
5246,86.35097673130181,57.43629750692519,100.0,0.0
5247,86.35097673130181,57.43629750692519,100.0,0.0
5248,86.35097673130181,57.43629750692519,98.79950138504155,0.0
5249,86.35097673130181,44.02122825484764,98.79950138504155,0.0
5250,86.35097673130181,22.968596675900276,98.74404432132964,0.0
5251,81.17851135734058,22.968596675900276,77.69141274238227,0.0
5252,60.12587977839322,22.968596675900276,72.58825484764542,0.0
5253,45.02364612188351,22.968596675900276,66.88023919667589,0.0
5254,45.02364612188351,12.442724099722993,66.88023919667589,0.0
5255,45.02364612188351,12.442724099722993,64.9328153739612,0.0
5256,45.02364612188351,12.442724099722993,64.9328153739612,0.0
5257,45.02364612188351,12.442724099722993,70.77926537396121,0.0
5258,51.63959612188351,12.442724099722993,70.77926537396121,0.0
5259,55.7986461218835,12.442724099722993,70.77926537396121,0.0
5260,52.04490650969514,12.442724099722993,70.77926537396121,0.0
5261,52.04490650969514,12.442724099722993,58.71976398891965,0.0
5262,39.40861842105248,12.442724099722993,58.71976398891965,0.0
5263,39.40861842105248,12.442724099722993,53.37721551246537,0.0
5264,39.40861842105248,12.442724099722993,53.37721551246537,0.0
5265,39.40861842105248,12.442724099722993,63.20021551246537,0.0
5266,54.27201842105249,12.442724099722993,63.20021551246537,0.0
5267,54.27201842105249,13.215574099722993,63.20021551246537,0.0
5268,73.2720184210525,13.215574099722993,67.08231551246537,0.0
5269,73.2720184210525,13.215574099722993,67.08231551246537,0.0
5270,73.2720184210525,13.215574099722993,67.08231551246537,0.0
5271,73.2720184210525,13.215574099722993,67.08231551246537,0.0
5272,73.2720184210525,14.844724099722985,67.08231551246537,0.0
5273,73.2720184210525,14.844724099722985,55.54586121883656,0.0
5274,53.868528116343356,14.844724099722985,55.54586121883656,0.0
5275,51.71728157894723,14.844724099722985,34.49322963988919,0.0
5276,51.71728157894723,13.030652077562326,13.44059806094183,0.0
5277,34.26514861495832,13.030652077562326,13.44059806094183,0.0
5278,34.26514861495832,13.030652077562326,6.153340443213309,0.0
5279,34.81004861495832,13.030652077562326,6.153340443213309,0.0
5280,34.81004861495832,13.030652077562326,11.346840443213289,0.0
5281,34.81004861495832,13.030652077562326,19.5312404432133,0.0
5282,43.33374861495833,13.030652077562326,19.5312404432133,0.0
5283,43.33374861495833,13.030652077562326,19.5312404432133,0.0
5284,43.33374861495833,10.48882382271469,19.5312404432133,0.0
5285,32.74488434903037,10.48882382271469,19.5312404432133,0.0
5286,32.74488434903037,10.48882382271469,8.314176731301922,0.0
5287,27.57635249307472,10.48882382271469,8.314176731301922,0.0
5288,27.57635249307472,10.48882382271469,8.314176731301922,0.0
5289,27.57635249307472,10.48882382271469,8.314176731301922,0.0
5290,27.57635249307472,27.48742382271469,8.314176731301922,0.0
5291,27.57635249307472,46.48742382271469,11.79167673130193,0.0
5292,27.57635249307472,46.48742382271469,11.79167673130193,0.0
5293,27.57635249307472,65.48742382271469,19.085026731301937,0.0
5294,32.12050249307474,65.48742382271469,19.085026731301937,0.0
5295,32.12050249307474,65.48742382271469,19.085026731301937,0.0
5296,32.12050249307474,65.48742382271469,19.085026731301937,0.0
5297,32.12050249307474,55.783822714681435,19.085026731301937,0.0
5298,32.12050249307474,38.24487534626037,19.085026731301937,0.0
5299,31.798563434902995,17.192243767313006,19.085026731301937,0.0
5300,10.745931855955629,16.96526315789471,19.085026731301937,0.0
5301,10.745931855955629,16.96526315789471,3.4636970914127367,0.0
5302,10.745931855955629,11.837229916897492,3.4636970914127367,0.0
5303,13.843081855955623,11.837229916897492,3.4636970914127367,0.0
5304,13.843081855955623,11.837229916897492,3.4636970914127367,0.0
5305,13.843081855955623,11.837229916897492,3.4636970914127367,0.0
5306,13.843081855955623,11.837229916897492,13.346797091412727,0.0
5307,13.843081855955623,11.837229916897492,20.60294709141273,0.0
5308,13.359203739612129,11.837229916897492,20.60294709141273,0.0
5309,13.359203739612129,2.9754570637119047,20.60294709141273,0.0
5310,3.3648547091412215,2.9754570637119047,20.60294709141273,0.0
5311,3.3648547091412215,-0.0,20.60294709141273,0.0
5312,3.3648547091412215,-0.0,20.60294709141273,0.0
5313,3.3648547091412215,-0.0,20.60294709141273,0.0
5314,5.241004709141219,0.0,20.60294709141273,0.0
5315,5.241004709141219,-0.0,20.60294709141273,0.0
5316,24.24100470914122,10.054295706371187,22.359501385041533,0.0
5317,24.24100470914122,10.054295706371187,22.359501385041533,0.0
5318,24.24100470914122,19.370095706371195,22.359501385041533,0.0
5319,25.064054709141228,38.370095706371195,22.359501385041533,0.0
5320,25.064054709141228,46.303545706371196,22.359501385041533,0.0
5321,25.064054709141228,46.303545706371196,17.899722991689746,0.0
5322,25.064054709141228,32.62132963988919,17.899722991689746,0.0
5323,25.064054709141228,13.947423822714672,17.899722991689746,0.0
5324,25.064054709141228,13.947423822714672,-0.0,0.0
5325,25.064054709141228,1.8805540166204828,-0.0,0.0
5326,25.064054709141228,0.0,-0.0,0.0
5327,25.538361495844825,4.9536432132964086,-0.0,0.0
5328,25.538361495844825,12.421593213296399,-0.0,0.0
5329,25.538361495844825,23.240193213296404,-0.0,0.0
5330,25.538361495844825,23.240193213296404,-0.0,0.0
5331,25.538361495844825,23.240193213296404,-0.0,0.0
5332,25.538361495844825,23.974043213296415,-0.0,0.0
5333,18.707613573407155,23.974043213296415,-0.0,0.0
5334,11.781907202216026,23.974043213296415,-0.0,0.0
5335,11.781907202216026,23.360137396121893,-0.0,0.0
5336,11.781907202216026,23.360137396121893,-0.0,0.0
5337,11.781907202216026,23.360137396121893,-0.0,0.0
5338,14.815907202216025,23.360137396121893,-0.0,0.0
5339,14.815907202216025,31.834787396121882,-0.0,0.0
5340,14.815907202216025,31.834787396121882,-0.0,0.0
5341,26.626507202216047,50.83478739612188,0.0,0.0
5342,45.62650720221605,50.83478739612188,8.635399999999986,0.0
5343,45.62650720221605,50.83478739612188,27.498349999999974,0.0
5344,45.62650720221605,50.83478739612188,27.498349999999974,0.0
5345,45.62650720221605,50.83478739612188,19.03823919667589,0.0
5346,27.341133240997216,50.83478739612188,19.03823919667589,0.0
5347,26.192268975069258,29.78215581717452,19.03823919667589,0.0
5348,25.844900554016643,8.729524238227153,19.03823919667589,0.0
5349,25.844900554016643,8.729524238227153,3.1892087257617643,0.0
5350,25.844900554016643,3.0549536011080356,3.1892087257617643,0.0
5351,25.844900554016643,3.0549536011080356,3.1892087257617643,0.0
5352,25.869525346260392,3.0549536011080356,7.888033933517999,0.0
5353,25.869525346260392,3.0549536011080356,7.888033933517999,0.0
5354,25.869525346260392,3.0549536011080356,16.92053393351799,0.0
5355,25.869525346260392,3.0549536011080356,16.92053393351799,0.0
5356,24.74271094182826,3.0549536011080356,16.92053393351799,0.0
5357,15.64354196675901,3.0549536011080356,16.92053393351799,0.0
5358,15.64354196675901,3.0549536011080356,6.627791551246544,0.0
5359,15.64354196675901,3.0549536011080356,3.554218144044338,0.0
5360,15.64354196675901,3.0549536011080356,3.554218144044338,0.0
5361,15.64354196675901,3.0549536011080356,3.554218144044338,0.0
5362,17.018891966759018,22.054953601108036,3.554218144044338,0.0
5363,17.018891966759018,22.054953601108036,3.554218144044338,0.0
5364,17.018891966759018,33.08495360110803,3.554218144044338,0.0
5365,17.018891966759018,33.08495360110803,3.554218144044338,0.0
5366,17.018891966759018,33.08495360110803,13.011468144044336,0.0
5367,17.018891966759018,34.78670360110804,13.011468144044336,0.0
5368,17.018891966759018,34.78670360110804,13.011468144044336,0.0
5369,17.018891966759018,30.679667590027726,13.011468144044336,0.0
5370,17.018891966759018,30.679667590027726,-0.0,0.0
5371,17.018891966759018,13.871800554016641,-0.0,0.0
5372,0.0,13.871800554016641,-0.0,0.0
5373,-0.0,1.8499168975069467,-0.0,0.0
5374,0.0,0.0,0.0,0.0
5375,-0.0,5.666649999999993,-0.0,0.0
5376,-0.0,5.666649999999993,-0.0,0.0
5377,-0.0,5.666649999999993,-0.0,0.0
5378,-0.0,5.666649999999993,-0.0,0.0
5379,4.237314404432137,5.666649999999993,6.473185595567873,0.0
5380,4.237314404432137,5.666649999999993,6.473185595567873,0.0
5381,4.237314404432137,5.666649999999993,0.0,0.0
5382,1.429781578947388,1.2770083102493033,-0.0,0.0
5383,1.429781578947388,0.0,0.0,0.0
5384,1.429781578947388,-0.0,-0.0,0.0
5385,1.429781578947388,12.195664265927944,1.2902357340720574,0.0
5386,5.162991689750729,12.195664265927944,17.27972562326874,0.0
5387,24.16299168975073,12.195664265927944,24.174975623268722,0.0
5388,24.16299168975073,12.195664265927944,24.174975623268722,0.0
5389,24.16299168975073,23.31056426592795,24.174975623268722,0.0
5390,24.16299168975073,42.31056426592795,32.37592562326872,0.0
5391,24.16299168975073,42.31056426592795,51.00077562326871,0.0
5392,24.16299168975073,42.31056426592795,51.00077562326871,0.0
5393,24.16299168975073,42.31056426592795,42.10526315789473,0.0
5394,4.100110803324122,42.31056426592795,42.10526315789473,0.0
5395,-0.0,42.31056426592795,21.052631578947366,0.0
5396,-0.0,39.61926232686981,0.0,0.0
5397,-0.0,22.163583656509683,-0.0,0.0
5398,0.0,15.204802493074778,-0.0,0.0
5399,1.4712000000000236,15.204802493074778,-0.0,0.0
5400,1.4712000000000236,15.204802493074778,-0.0,0.0
5401,1.4712000000000236,15.204802493074778,-0.0,0.0
5402,1.4712000000000236,15.204802493074778,9.97104999999999,0.0
5403,1.4712000000000236,15.204802493074778,17.26884999999998,0.0
5404,0.9065462603878475,15.204802493074778,17.26884999999998,0.0
5405,0.0,8.537262465374004,15.374626038781145,0.0
5406,0.0,8.537262465374004,4.986703601108027,0.0
5407,-0.0,8.537262465374004,0.0,0.0
5408,-0.0,8.537262465374004,-0.0,0.0
5409,-0.0,8.537262465374004,-0.0,0.0
5410,12.231042382271426,8.537262465374004,5.869207617728578,0.0
5411,17.115844875346255,27.486309972299182,5.869207617728578,0.0
5412,36.115844875346255,35.65420997229917,5.869207617728578,0.0
5413,36.115844875346255,35.65420997229917,14.367457617728583,0.0
5414,36.115844875346255,35.65420997229917,14.367457617728583,0.0
5415,36.115844875346255,35.65420997229917,25.546094182825478,0.0
5416,36.115844875346255,37.19240997229916,25.546094182825478,0.0
5417,23.738891966759002,37.19240997229916,25.546094182825478,0.0
5418,23.738891966759002,37.19240997229916,4.61013850415512,0.0
5419,21.052631578947366,16.13977839335179,4.61013850415512,0.0
5420,0.0,15.464487534626054,4.61013850415512,0.0
5421,-0.0,0.0,4.61013850415512,0.0
5422,0.0,0.0,0.0,0.0
5423,-0.0,4.062350000000012,-0.0,0.0
5424,8.929149999999998,4.062350000000012,-0.0,0.0
5425,8.929149999999998,4.062350000000012,-0.0,0.0
5426,8.929149999999998,4.062350000000012,-0.0,0.0
5427,8.929149999999998,4.062350000000012,-0.0,0.0
5428,8.929149999999998,7.6904,-0.0,0.0
5429,4.533194321329634,7.6904,-0.0,0.0
5430,4.533194321329634,2.0874083102493026,-0.0,0.0
5431,5.235994321329636,2.0874083102493026,-0.0,0.0
5432,5.235994321329636,2.0874083102493026,-0.0,0.0
5433,5.235994321329636,2.0874083102493026,-0.0,0.0
5434,5.235994321329636,2.0874083102493026,0.0,0.0
5435,5.235994321329636,9.595208310249289,19.0,0.0
5436,5.235994321329636,26.562900277008367,31.757908033240938,0.0
5437,16.382594321329652,45.56290027700837,31.757908033240938,0.0
5438,16.382594321329652,45.56290027700837,39.78335803324096,0.0
5439,16.382594321329652,45.56290027700837,39.78335803324096,0.0
5440,16.382594321329652,45.56290027700837,45.02110803324096,0.0
5441,16.382594321329652,45.56290027700837,36.20016620498613,0.0
5442,16.382594321329652,27.220351800554077,36.20016620498613,0.0
5443,15.986527839335203,27.220351800554077,15.147534626038768,0.0
5444,15.986527839335203,6.833869806094253,15.147534626038768,0.0
5445,15.986527839335203,6.833869806094253,0.0,0.0
5446,15.277538088642748,2.8967653739611983,-0.0,0.0
5447,18.929338088642755,2.8967653739611983,-0.0,0.0
5448,27.47798808864276,2.8967653739611983,-0.0,0.0
5449,27.47798808864276,2.8967653739611983,12.147799999999993,0.0
5450,27.47798808864276,2.8967653739611983,12.147799999999993,0.0
5451,27.47798808864276,2.8967653739611983,12.147799999999993,0.0
5452,27.47798808864276,5.592465373961218,12.147799999999993,0.0
5453,27.47798808864276,-0.0,12.147799999999993,0.0
5454,27.47798808864276,0.0,5.29245373961217,0.0
5455,27.47798808864276,-0.0,5.29245373961217,0.0
5456,27.47798808864276,-0.0,14.455303739612198,0.0
5457,27.47798808864276,-0.0,14.455303739612198,0.0
5458,46.47798808864276,-0.0,19.62895373961219,0.0
5459,57.51863808864276,19.0,19.62895373961219,0.0
5460,57.51863808864276,33.143249999999966,38.628953739612186,0.0
5461,71.65403808864276,52.143249999999966,38.628953739612186,0.0
5462,71.65403808864276,71.14324999999997,49.145453739612186,0.0
5463,71.65403808864276,73.10479335180037,51.84860193905812,0.0
5464,71.65403808864276,73.10479335180037,51.84860193905812,0.0
5465,71.65403808864276,73.10479335180037,44.03729999999996,0.0
5466,71.65403808864276,55.10202326869788,44.03729999999996,0.0
5467,71.03453670360119,34.049391689750514,44.03729999999996,0.0
5468,71.03453670360119,13.806233795013677,44.03729999999996,0.0
5469,56.32445360110811,13.806233795013677,44.03729999999996,0.0
5470,56.32445360110811,9.754544044321156,44.03729999999996,0.0
5471,60.428103601108106,9.754544044321156,44.03729999999996,0.0
5472,67.49235360110812,9.754544044321156,44.03729999999996,0.0
5473,67.49235360110812,20.53174404432115,44.03729999999996,0.0
5474,67.49235360110812,20.53174404432115,55.739249999999984,0.0
5475,67.49235360110812,20.53174404432115,55.739249999999984,0.0
5476,67.49235360110812,20.53174404432115,55.739249999999984,0.0
5477,67.49235360110812,13.572519667589848,55.739249999999984,0.0
5478,59.809971329639964,13.572519667589848,55.739249999999984,0.0
5479,59.54171648199454,13.572519667589848,55.739249999999984,0.0
5480,59.54171648199454,13.572519667589848,55.739249999999984,0.0
5481,59.54171648199454,30.31201966758985,55.739249999999984,0.0
5482,63.334016481994546,30.31201966758985,74.73924999999998,0.0
5483,63.334016481994546,39.54976966758985,74.73924999999998,0.0
5484,63.334016481994546,39.54976966758985,87.20214999999999,0.0
5485,63.334016481994546,58.54976966758985,100.0,0.0
5486,72.99771648199457,58.54976966758985,100.0,0.0
5487,91.99771648199457,59.54891966758986,100.0,0.0
5488,91.99771648199457,59.54891966758986,100.0,0.0
5489,91.99771648199457,59.54891966758986,91.43246537396121,0.0
5490,72.0678549861497,59.54891966758986,91.43246537396121,0.0
5491,63.879365373961214,43.54699376731297,91.43246537396121,0.0
5492,61.971719944598334,43.54699376731297,70.37983379501384,0.0
5493,61.971719944598334,25.42837880886421,70.37983379501384,0.0
5494,53.95216315789473,25.42837880886421,70.37983379501384,0.0
5495,53.95216315789473,25.42837880886421,70.37983379501384,0.0
5496,53.95216315789473,25.42837880886421,70.37983379501384,0.0
5497,60.50276315789473,25.42837880886421,70.37983379501384,0.0
5498,60.50276315789473,25.42837880886421,70.37983379501384,0.0
5499,60.50276315789473,25.42837880886421,70.37983379501384,0.0
5500,60.50276315789473,24.24863850415513,68.6555297783933,0.0
5501,48.3336218836565,24.24863850415513,68.6555297783933,0.0
5502,34.449854570637115,24.24863850415513,68.6555297783933,0.0
5503,26.44713988919665,24.24863850415513,68.6555297783933,0.0
5504,26.44713988919665,24.24863850415513,68.6555297783933,0.0
5505,26.44713988919665,24.24863850415513,68.6555297783933,0.0
5506,26.44713988919665,38.22813850415512,68.6555297783933,0.0
5507,26.669639889196638,38.22813850415512,68.6555297783933,0.0
5508,26.669639889196638,57.22813850415512,71.9101797783933,0.0
5509,45.66963988919664,57.22813850415512,71.9101797783933,0.0
5510,45.66963988919664,58.12093850415512,90.9101797783933,0.0
5511,45.66963988919664,58.12093850415512,90.9101797783933,0.0
5512,45.66963988919664,58.12093850415512,90.42541523545704,0.0
5513,45.66963988919664,58.12093850415512,76.28336537396119,0.0
5514,44.063711911357316,58.12093850415512,55.230733795013826,0.0
5515,44.063711911357316,37.06830692520775,51.090456786703584,0.0
5516,41.77074792243765,16.015675346260387,51.090456786703584,0.0
5517,23.631966759002736,16.015675346260387,51.090456786703584,0.0
5518,23.631966759002736,16.015675346260387,43.06541523545706,0.0
5519,23.631966759002736,16.54487534626038,43.06541523545706,0.0
5520,23.631966759002736,16.54487534626038,43.06541523545706,0.0
5521,23.631966759002736,16.54487534626038,43.06541523545706,0.0
5522,23.631966759002736,16.54487534626038,43.06541523545706,0.0
5523,23.631966759002736,16.54487534626038,47.93106523545707,0.0
5524,23.631966759002736,13.118448753462605,47.93106523545707,0.0
5525,23.631966759002736,0.0,47.93106523545707,0.0
5526,9.086038781163412,-0.0,47.93106523545707,0.0
5527,-0.0,-0.0,47.93106523545707,0.0
5528,0.0,-0.0,48.59876523545707,0.0
5529,-0.0,-0.0,48.59876523545707,0.0
5530,16.13229999999999,-0.0,48.59876523545707,0.0
5531,16.13229999999999,-0.0,48.59876523545707,0.0
5532,16.13229999999999,-0.0,48.59876523545707,0.0
5533,23.17174999999998,19.0,48.59876523545707,0.0
5534,23.17174999999998,22.929200000000023,48.59876523545707,0.0
5535,23.17174999999998,22.929200000000023,48.59876523545707,0.0
5536,24.966549999999977,22.929200000000023,48.59876523545707,0.0
5537,21.052631578947366,17.8483102493075,44.39207756232686,0.0
5538,21.052631578947366,16.221108033241,23.3394459833795,0.0
5539,0.0,13.837285318559568,23.3394459833795,0.0
5540,-0.0,13.837285318559568,3.142049861495846,0.0
5541,-0.0,0.0,3.142049861495846,0.0
5542,0.0,0.0,0.0,0.0
5543,5.4413499999999955,-0.0,-0.0,0.0
5544,15.503050000000016,-0.0,-0.0,0.0
5545,15.503050000000016,-0.0,-0.0,0.0
5546,15.503050000000016,-0.0,-0.0,0.0
5547,15.503050000000016,-0.0,-0.0,0.0
5548,15.503050000000016,-0.0,-0.0,0.0
5549,13.764268836565122,-0.0,-0.0,0.0
5550,11.076789612188382,-0.0,-0.0,0.0
5551,11.076789612188382,-0.0,-0.0,0.0
5552,11.076789612188382,-0.0,-0.0,0.0
5553,11.076789612188382,-0.0,-0.0,0.0
5554,11.076789612188382,-0.0,0.0,0.0
5555,11.076789612188382,-0.0,15.796149999999994,0.0
5556,11.076789612188382,-0.0,15.796149999999994,0.0
5557,30.07678961218838,0.09280000000000825,15.796149999999994,0.0
5558,30.07678961218838,0.626600000000009,30.992799999999995,0.0
5559,30.07678961218838,0.626600000000009,30.992799999999995,0.0
5560,43.31053961218836,0.626600000000009,30.992799999999995,0.0
5561,43.31053961218836,0.626600000000009,30.41246759002772,0.0
5562,33.097741828254826,0.626600000000009,30.41246759002772,0.0
5563,33.097741828254826,0.626600000000009,18.400777839335195,0.0
5564,33.097741828254826,0.626600000000009,8.729531301939069,0.0
5565,28.39945927977837,0.626600000000009,8.729531301939069,0.0
5566,28.39945927977837,0.626600000000009,8.729531301939069,0.0
5567,28.39945927977837,0.626600000000009,8.729531301939069,0.0
5568,28.39945927977837,0.626600000000009,8.729531301939069,0.0
5569,33.28554459833794,0.626600000000009,22.633945983379498,0.0
5570,33.79804459833795,0.626600000000009,22.633945983379498,0.0
5571,33.79804459833795,0.626600000000009,39.5844459833795,0.0
5572,33.79804459833795,0.626600000000009,39.5844459833795,0.0
5573,33.7381,0.626600000000009,39.5844459833795,0.0
5574,33.7381,0.0,38.45315124653744,0.0
5575,33.7381,-0.0,38.45315124653744,0.0
5576,33.7381,12.471150000000007,38.45315124653744,0.0
5577,52.7381,13.42390000000001,38.45315124653744,0.0
5578,71.7381,20.476500000000023,38.45315124653744,0.0
5579,71.7381,39.47650000000002,50.98965124653745,0.0
5580,71.7381,39.47650000000002,66.63055124653745,0.0
5581,71.7381,39.47650000000002,66.63055124653745,0.0
5582,71.7381,39.47650000000002,66.63055124653745,0.0
5583,90.7381,43.053450000000005,66.63055124653745,0.0
5584,100.0,43.053450000000005,66.63055124653745,0.0
5585,94.25861495844875,43.053450000000005,66.63055124653745,0.0
5586,77.57030470914125,43.053450000000005,66.63055124653745,0.0
5587,57.84736842105261,43.053450000000005,66.63055124653745,0.0
5588,57.84736842105261,25.572009556786714,66.63055124653745,0.0
5589,45.33318559556786,25.572009556786714,66.63055124653745,0.0
5590,45.33318559556786,25.572009556786714,63.850606648199516,0.0
5591,50.42233559556786,25.572009556786714,63.850606648199516,0.0
5592,50.42233559556786,25.572009556786714,63.850606648199516,0.0
5593,50.42233559556786,25.572009556786714,63.850606648199516,0.0
5594,50.42233559556786,25.572009556786714,63.850606648199516,0.0
5595,50.42233559556786,25.572009556786714,63.850606648199516,0.0
5596,50.42233559556786,25.572009556786714,63.850606648199516,0.0
5597,50.42233559556786,25.572009556786714,56.75520498614964,0.0
5598,50.42233559556786,25.572009556786714,47.752656509695356,0.0
5599,50.42233559556786,22.82026440443215,47.752656509695356,0.0
5600,50.42233559556786,30.678964404432147,47.752656509695356,0.0
5601,50.42233559556786,30.678964404432147,47.752656509695356,0.0
5602,69.42233559556786,34.95861440443215,47.752656509695356,0.0
5603,69.42233559556786,34.95861440443215,47.752656509695356,0.0
5604,69.42233559556786,34.95861440443215,47.752656509695356,0.0
5605,69.42233559556786,34.95861440443215,60.68545650969534,0.0
5606,79.05623559556786,53.95861440443215,60.68545650969534,0.0
5607,79.83778559556785,53.95861440443215,79.68545650969534,0.0
5608,86.35478559556785,53.95861440443215,79.68545650969534,0.0
5609,78.29683545706368,53.95861440443215,79.68545650969534,0.0
5610,60.152569529085824,53.95861440443215,79.68545650969534,0.0
5611,60.152569529085824,53.95861440443215,58.70457008310255,0.0
5612,60.152569529085824,35.9511351800554,58.70457008310255,0.0
5613,60.152569529085824,35.9511351800554,46.43060886426597,0.0
5614,60.152569529085824,33.64337894736842,46.43060886426597,0.0
5615,60.152569529085824,33.64337894736842,51.70395886426598,0.0
5616,60.152569529085824,33.64337894736842,51.70395886426598,0.0
5617,60.152569529085824,33.64337894736842,64.33790886426598,0.0
5618,60.152569529085824,33.64337894736842,64.33790886426598,0.0
5619,60.152569529085824,33.64337894736842,64.33790886426598,0.0
5620,60.152569529085824,33.64337894736842,64.33790886426598,0.0
5621,52.577334072022126,33.64337894736842,64.33790886426598,0.0
5622,42.97910692520774,33.64337894736842,64.33790886426598,0.0
5623,42.97910692520774,30.703378947368428,64.33790886426598,0.0
5624,42.97910692520774,30.703378947368428,64.33790886426598,0.0
5625,42.97910692520774,30.703378947368428,64.33790886426598,0.0
5626,61.78535692520772,30.703378947368428,64.33790886426598,0.0
5627,80.78535692520772,30.703378947368428,69.20475886426595,0.0
5628,88.4388569252077,30.703378947368428,69.20475886426595,0.0
5629,88.4388569252077,30.703378947368428,76.63915886426594,0.0
5630,88.4388569252077,30.703378947368428,81.21435886426595,0.0
5631,88.4388569252077,30.703378947368428,81.21435886426595,0.0
5632,88.4388569252077,30.703378947368428,81.21435886426595,0.0
5633,75.41791509695287,30.703378947368428,81.21435886426595,0.0
5634,54.3652835180055,29.157561772853207,81.21435886426595,0.0
5635,33.31265193905813,25.900775069252095,81.21435886426595,0.0
5636,33.31265193905813,25.900775069252095,60.17214279778397,0.0
5637,18.306003739612173,25.900775069252095,60.17214279778397,0.0
5638,18.306003739612173,25.900775069252095,55.84859709141279,0.0
5639,18.306003739612173,25.900775069252095,55.84859709141279,0.0
5640,18.306003739612173,25.900775069252095,55.84859709141279,0.0
5641,18.306003739612173,36.12617506925208,55.84859709141279,0.0
5642,18.306003739612173,36.12617506925208,55.84859709141279,0.0
5643,18.306003739612173,45.13057506925206,55.84859709141279,0.0
5644,18.306003739612173,45.13057506925206,55.84859709141279,0.0
5645,18.306003739612173,45.13057506925206,47.16759986149589,0.0
5646,18.306003739612173,34.75179390581716,47.16759986149589,0.0
5647,14.863399861495841,34.75179390581716,47.16759986149589,0.0
5648,14.863399861495841,34.75179390581716,54.3229998614959,0.0
5649,14.863399861495841,34.75179390581716,54.3229998614959,0.0
5650,17.440749861495835,34.75179390581716,73.3229998614959,0.0
5651,17.440749861495835,34.75179390581716,73.3229998614959,0.0
5652,36.44074986149583,34.75179390581716,84.17659986149589,0.0
5653,42.413373822714675,39.842269944598335,84.17659986149589,0.0
5654,42.413373822714675,58.842269944598335,92.45034986149588,0.0
5655,42.413373822714675,70.41456980609424,100.0,0.0
5656,42.413373822714675,70.41456980609424,100.0,0.0
5657,42.413373822714675,70.41456980609424,90.79506925207757,0.0
5658,23.03259819944598,70.41456980609424,90.79506925207757,0.0
5659,23.03259819944598,49.361938227146865,89.67041551246541,0.0
5660,23.03259819944598,29.994403601108083,89.67041551246541,0.0
5661,23.03259819944598,16.237561495844936,89.67041551246541,0.0
5662,23.03259819944598,16.237561495844936,86.8346260387812,0.0
5663,23.03259819944598,16.237561495844936,86.8346260387812,0.0
5664,23.03259819944598,16.237561495844936,86.8346260387812,0.0
5665,23.03259819944598,16.237561495844936,86.8346260387812,0.0
5666,23.03259819944598,16.237561495844936,86.8346260387812,0.0
5667,35.20184819944598,16.237561495844936,86.8346260387812,0.0
5668,35.20184819944598,16.237561495844936,86.8346260387812,0.0
5669,30.456917451523573,16.237561495844936,86.8346260387812,0.0
5670,30.456917451523573,16.237561495844936,79.82144044321332,0.0
5671,30.456917451523573,16.237561495844936,79.82144044321332,0.0
5672,30.456917451523573,25.940011495844942,79.82144044321332,0.0
5673,30.456917451523573,25.940011495844942,79.82144044321332,0.0
5674,30.456917451523573,25.940011495844942,79.82144044321332,0.0
5675,30.456917451523573,34.34896149584494,79.82144044321332,0.0
5676,41.65666745152358,53.34896149584494,79.82144044321332,0.0
5677,41.65666745152358,53.34896149584494,79.82144044321332,0.0
5678,41.65666745152358,72.34896149584495,88.40289044321331,0.0
5679,41.84171745152358,91.34896149584495,88.40289044321331,0.0
5680,41.84171745152358,91.34896149584495,94.07024044321332,0.0
5681,41.84171745152358,91.34896149584495,83.81373074792245,0.0
5682,41.77855955678672,70.29632991689758,83.81373074792245,0.0
5683,20.72592797783935,68.4909005540167,83.81373074792245,0.0
5684,20.72592797783935,48.34968171745163,83.81373074792245,0.0
5685,5.737396121883672,48.34968171745163,83.81373074792245,0.0
5686,0.0,48.34968171745163,83.81373074792245,0.0
5687,-0.0,48.34968171745163,83.81373074792245,0.0
5688,-0.0,48.34968171745163,88.32903074792246,0.0
5689,7.742699999999985,48.34968171745163,88.32903074792246,0.0
5690,7.742699999999985,48.34968171745163,88.32903074792246,0.0
5691,13.888949999999998,48.34968171745163,88.32903074792246,0.0
5692,13.888949999999998,46.30741024930759,88.32903074792246,0.0
5693,13.888949999999998,46.30741024930759,76.02903074792246,0.0
5694,13.888949999999998,31.71954321329651,76.02903074792246,0.0
5695,13.888949999999998,31.71954321329651,67.72581745152357,0.0
5696,15.616599999999972,31.71954321329651,67.72581745152357,0.0
5697,15.616599999999972,31.71954321329651,67.72581745152357,0.0
5698,15.616599999999972,31.71954321329651,67.72581745152357,0.0
5699,15.811849999999955,31.71954321329651,67.72581745152357,0.0
5700,15.811849999999955,31.71954321329651,70.34681745152355,0.0
5701,15.811849999999955,31.71954321329651,70.34681745152355,0.0
5702,34.73839999999995,31.71954321329651,70.34681745152355,0.0
5703,34.73839999999995,31.71954321329651,70.34681745152355,0.0
5704,34.73839999999995,31.71954321329651,69.13285623268699,0.0
5705,18.789092520775576,31.71954321329651,69.13285623268699,0.0
5706,14.919785041551199,31.71954321329651,48.08022465373962,0.0
5707,10.46876011080326,31.71954321329651,27.027593074792254,0.0
5708,10.375297506925138,31.71954321329651,5.974961495844887,0.0
5709,0.0,27.248691135734123,5.974961495844887,0.0
5710,-0.0,27.248691135734123,1.3728562326869929,0.0
5711,-0.0,27.248691135734123,1.3728562326869929,0.0
5712,-0.0,27.248691135734123,1.3728562326869929,0.0
5713,-0.0,27.248691135734123,1.3728562326869929,0.0
5714,-0.0,27.248691135734123,1.3728562326869929,0.0
5715,-0.0,27.248691135734123,1.3728562326869929,0.0
5716,-0.0,27.248691135734123,1.3728562326869929,0.0
5717,-0.0,21.662873961218892,1.3728562326869929,0.0
5718,-0.0,13.913732686980662,1.3728562326869929,0.0
5719,-0.0,13.913732686980662,1.4571062326869941,0.0
5720,-0.0,13.913732686980662,1.4571062326869941,0.0
5721,15.153735041551267,13.913732686980662,1.4571062326869941,0.0
5722,18.860685041551246,13.913732686980662,1.4571062326869941,0.0
5723,18.860685041551246,22.541832686980662,1.4571062326869941,0.0
5724,18.860685041551246,22.541832686980662,1.4571062326869941,0.0
5725,30.74838504155126,22.541832686980662,20.457106232686993,0.0
5726,30.74838504155126,22.541832686980662,29.393406232686985,0.0
5727,30.74838504155126,22.541832686980662,29.393406232686985,0.0
5728,30.74838504155126,22.541832686980662,29.393406232686985,0.0
5729,21.799188365650974,22.541832686980662,29.393406232686985,0.0
5730,3.1632326869806033,22.541832686980662,29.393406232686985,0.0
5731,3.1632326869806033,2.5402814404432412,29.393406232686985,0.0
5732,3.1632326869806033,0.0,15.3806682825485,0.0
5733,3.1632326869806033,-0.0,4.4237707756232805,0.0
5734,2.164617728531857,-0.0,4.4237707756232805,0.0
5735,8.695667728531863,-0.0,4.4237707756232805,0.0
5736,8.695667728531863,-0.0,14.249470775623289,0.0
5737,8.695667728531863,-0.0,14.249470775623289,0.0
5738,8.695667728531863,-0.0,14.249470775623289,0.0
5739,16.177873822714744,-0.0,18.338314681440387,0.0
5740,16.177873822714744,3.3546000000000076,18.338314681440387,0.0
5741,9.253164681440497,3.3546000000000076,18.338314681440387,0.0
5742,0.01826163434908554,3.3546000000000076,18.338314681440387,0.0
5743,0.0,1.785437811634404,18.338314681440387,0.0
5744,-0.0,1.785437811634404,18.338314681440387,0.0
5745,-0.0,1.785437811634404,18.338314681440387,0.0
5746,-0.0,1.785437811634404,18.338314681440387,0.0
5747,-0.0,12.298937811634396,18.338314681440387,0.0
5748,-0.0,25.992887811634397,37.33831468144039,0.0
5749,14.207649999999985,25.992887811634397,56.33831468144039,0.0
5750,14.207649999999985,25.992887811634397,56.33831468144039,0.0
5751,16.81664999999997,44.9928878116344,56.33831468144039,0.0
5752,24.46259999999998,44.9928878116344,56.33831468144039,0.0
5753,24.46259999999998,44.9928878116344,47.96213739612186,0.0
5754,24.46259999999998,26.013663434903094,47.96213739612186,0.0
5755,24.46259999999998,5.678483379501419,47.96213739612186,0.0
5756,24.46259999999998,5.678483379501419,31.714381163434883,0.0
5757,24.46259999999998,5.678483379501419,21.202081994459817,0.0
5758,24.46259999999998,5.120644044321368,21.202081994459817,0.0
5759,28.172577008310274,8.387867036011075,21.202081994459817,0.0
5760,28.172577008310274,8.387867036011075,21.202081994459817,0.0
5761,28.172577008310274,8.387867036011075,21.202081994459817,0.0
5762,28.172577008310274,8.387867036011075,21.202081994459817,0.0
5763,28.172577008310274,8.387867036011075,21.202081994459817,0.0
5764,28.172577008310274,8.387867036011075,21.202081994459817,0.0
5765,22.816122714681477,8.387867036011075,21.202081994459817,0.0
5766,22.816122714681477,0.3747922437672981,21.202081994459817,0.0
5767,22.816122714681477,-0.0,21.202081994459817,0.0
5768,22.816122714681477,0.0,21.202081994459817,0.0
5769,22.816122714681477,16.5639,21.202081994459817,0.0
5770,22.816122714681477,16.5639,21.202081994459817,0.0
5771,22.816122714681477,24.847300000000004,40.20208199445982,0.0
5772,22.816122714681477,35.7474,40.20208199445982,0.0
5773,22.816122714681477,35.7474,51.38648199445983,0.0
5774,31.073222714681464,54.7474,51.38648199445983,0.0
5775,31.073222714681464,54.7474,51.38648199445983,0.0
5776,31.073222714681464,54.7474,51.38648199445983,0.0
5777,31.073222714681464,54.7474,39.15872576177284,0.0
5778,29.926075900277038,33.69476842105263,39.15872576177284,0.0
5779,28.72308421052635,33.69476842105263,18.106094182825476,0.0
5780,28.72308421052635,33.69476842105263,0.0,0.0
5781,28.72308421052635,21.749893074792254,-0.0,0.0
5782,27.09582659279782,21.749893074792254,-0.0,0.0
5783,27.09582659279782,21.749893074792254,-0.0,0.0
5784,27.09582659279782,27.459171606648162,6.838621468144105,0.0
5785,27.09582659279782,43.68862160664817,6.838621468144105,0.0
5786,27.09582659279782,43.68862160664817,6.838621468144105,0.0
5787,41.138747506925284,43.68862160664817,8.011800554016629,0.0
5788,41.138747506925284,43.68862160664817,8.011800554016629,0.0
5789,41.138747506925284,43.68862160664817,5.359279778393335,0.0
5790,41.138747506925284,43.68862160664817,0.0,0.0
5791,41.138747506925284,43.68862160664817,-0.0,0.0
5792,41.138747506925284,43.68862160664817,11.297200000000002,0.0
5793,41.138747506925284,43.68862160664817,11.297200000000002,0.0
5794,47.37824750692527,62.68862160664817,11.297200000000002,0.0
5795,47.37824750692527,62.68862160664817,11.297200000000002,0.0
5796,47.37824750692527,62.68862160664817,11.297200000000002,0.0
5797,47.37824750692527,76.50182160664818,30.297200000000004,0.0
5798,47.37824750692527,95.50182160664818,40.61725000000001,0.0
5799,47.37824750692527,95.50182160664818,40.61725000000001,0.0
5800,47.37824750692527,95.50182160664818,40.61725000000001,0.0
5801,47.37824750692527,95.50182160664818,30.727665512465386,0.0
5802,47.37824750692527,77.36592132963987,30.727665512465386,0.0
5803,47.37824750692527,60.220879778393346,30.727665512465386,0.0
5804,47.37824750692527,60.220879778393346,17.65326108033242,0.0
5805,47.37824750692527,60.220879778393346,10.474923130193897,0.0
5806,47.37824750692527,60.220879778393346,10.474923130193897,0.0
5807,47.37824750692527,60.220879778393346,20.0277731301939,0.0
5808,47.37824750692527,60.220879778393346,20.0277731301939,0.0
5809,47.37824750692527,74.98932977839334,20.0277731301939,0.0
5810,47.37824750692527,74.98932977839334,20.0277731301939,0.0
5811,59.87459750692527,74.98932977839334,20.0277731301939,0.0
5812,59.87459750692527,74.98932977839334,20.0277731301939,0.0
5813,53.25016537396128,74.98932977839334,20.0277731301939,0.0
5814,43.56379418282556,74.98932977839334,20.0277731301939,0.0
5815,43.56379418282556,71.95448213296399,20.0277731301939,0.0
5816,43.56379418282556,71.95448213296399,20.0277731301939,0.0
5817,43.56379418282556,86.79323213296398,20.0277731301939,0.0
5818,43.56379418282556,88.05278213296398,20.0277731301939,0.0
5819,43.56379418282556,88.05278213296398,20.0277731301939,0.0
5820,43.56379418282556,88.05278213296398,27.468773130193902,0.0
5821,43.56379418282556,88.05278213296398,27.468773130193902,0.0
5822,47.023094182825545,88.05278213296398,46.4687731301939,0.0
5823,47.023094182825545,88.05278213296398,46.4687731301939,0.0
5824,47.023094182825545,88.05278213296398,46.4687731301939,0.0
5825,32.52591966759006,88.05278213296398,46.4687731301939,0.0
5826,30.800545706371228,88.05278213296398,25.416141551246536,0.0
5827,9.747914127423861,88.05278213296398,25.312540443213287,0.0
5828,9.747914127423861,72.01937493074793,25.312540443213287,0.0
5829,9.747914127423861,72.01937493074793,15.668052908587235,0.0
5830,9.747914127423861,72.01937493074793,15.668052908587235,0.0
5831,9.747914127423861,72.01937493074793,15.668052908587235,0.0
5832,9.747914127423861,83.07902493074793,15.668052908587235,0.0
5833,9.747914127423861,83.07902493074793,15.668052908587235,0.0
5834,9.747914127423861,83.07902493074793,15.668052908587235,0.0
5835,9.747914127423861,83.07902493074793,15.668052908587235,0.0
5836,15.271614127423843,83.07902493074793,15.668052908587235,0.0
5837,15.271614127423843,83.07902493074793,10.93237423822713,0.0
5838,15.271614127423843,75.62800000000003,10.93237423822713,0.0
5839,15.271614127423843,75.62800000000003,9.729714958448728,0.0
5840,15.271614127423843,83.48235000000001,9.729714958448728,0.0
5841,15.271614127423843,83.48235000000001,9.729714958448728,0.0
5842,17.273814127423833,83.48235000000001,28.729714958448728,0.0
5843,24.155764127423822,83.48235000000001,47.729714958448724,0.0
5844,24.155764127423822,83.48235000000001,47.729714958448724,0.0
5845,24.155764127423822,83.48235000000001,47.729714958448724,0.0
5846,24.155764127423822,83.48235000000001,47.729714958448724,0.0
5847,24.155764127423822,100.0,47.729714958448724,0.0
5848,26.295164127423803,100.0,47.729714958448724,0.0
5849,16.67680221606651,100.0,41.97893559556779,0.0
5850,16.67680221606651,78.94736842105263,38.41295221606641,0.0
5851,16.67680221606651,57.89473684210526,36.03716274238221,0.0
5852,16.67680221606651,57.89473684210526,16.37322922437667,0.0
5853,16.67680221606651,43.284542936288084,16.37322922437667,0.0
5854,16.67680221606651,38.36642659279776,16.37322922437667,0.0
5855,16.67680221606651,38.36642659279776,16.37322922437667,0.0
5856,16.67680221606651,38.36642659279776,23.165429224376684,0.0
5857,26.907202216066498,38.36642659279776,23.165429224376684,0.0
5858,26.907202216066498,38.36642659279776,23.165429224376684,0.0
5859,26.907202216066498,38.36642659279776,23.165429224376684,0.0
5860,26.907202216066498,38.36642659279776,23.165429224376684,0.0
5861,17.918725761772862,38.36642659279776,23.165429224376684,0.0
5862,17.918725761772862,38.36642659279776,10.541606509695246,0.0
5863,17.918725761772862,31.295346260387788,10.541606509695246,0.0
5864,17.918725761772862,31.295346260387788,10.541606509695246,0.0
5865,17.918725761772862,41.94804626038779,10.541606509695246,0.0
5866,17.918725761772862,41.94804626038779,10.541606509695246,0.0
5867,17.918725761772862,41.94804626038779,13.458956509695266,0.0
5868,17.918725761772862,47.62659626038781,13.458956509695266,0.0
5869,17.918725761772862,47.62659626038781,13.458956509695266,0.0
5870,36.91872576177286,50.200046260387815,13.458956509695266,0.0
5871,36.91872576177286,50.200046260387815,13.458956509695266,0.0
5872,36.91872576177286,49.11084958448755,13.458956509695266,0.0
5873,36.91872576177286,31.22619584487537,13.458956509695266,0.0
5874,15.866094182825499,25.833841274238246,13.458956509695266,0.0
5875,13.667479224376736,4.78120969529088,13.458956509695266,0.0
5876,13.667479224376736,0.0,-0.0,0.0
5877,1.8005540166204899,-0.0,-0.0,0.0
5878,0.0,-0.0,-0.0,0.0
5879,-0.0,-0.0,-0.0,0.0
5880,-0.0,0.0,0.0,0.0
5881,-0.0,14.758049999999976,-0.0,0.0
5882,-0.0,14.758049999999976,-0.0,0.0
5883,-0.0,14.758049999999976,0.0,0.0
5884,-0.0,14.758049999999976,7.089850000000004,0.0
5885,-0.0,14.758049999999976,4.119434487534631,0.0
5886,-0.0,8.4654738227147,4.119434487534631,0.0
5887,-0.0,8.4654738227147,3.993672714681439,0.0
5888,-0.0,17.162873822714687,3.993672714681439,0.0
5889,-0.0,17.162873822714687,3.993672714681439,0.0
5890,-0.0,21.576673822714685,22.993672714681438,0.0
5891,9.124649999999994,21.576673822714685,22.993672714681438,0.0
5892,9.124649999999994,21.576673822714685,22.993672714681438,0.0
5893,9.124649999999994,21.576673822714685,22.993672714681438,0.0
5894,9.124649999999994,21.576673822714685,22.993672714681438,0.0
5895,28.124649999999995,21.576673822714685,23.35787271468144,0.0
5896,33.70014999999998,21.576673822714685,23.35787271468144,0.0
5897,23.4466319944598,21.576673822714685,23.35787271468144,0.0
5898,23.4466319944598,8.186236288088649,17.737008310249312,0.0
5899,23.4466319944598,8.186236288088649,-0.0,0.0
5900,10.467463019390543,8.186236288088649,-0.0,0.0
5901,3.7730585872575695,8.186236288088649,-0.0,0.0
5902,3.7730585872575695,8.186236288088649,-0.0,0.0
5903,4.332666620498562,8.186236288088649,0.0,0.0
5904,4.332666620498562,8.186236288088649,13.517150000000004,0.0
5905,4.332666620498562,8.186236288088649,13.517150000000004,0.0
5906,4.332666620498562,8.186236288088649,13.517150000000004,0.0
5907,4.332666620498562,8.186236288088649,13.517150000000004,0.0
5908,4.332666620498562,8.186236288088649,13.517150000000004,0.0
5909,4.332666620498562,8.186236288088649,9.134989335180073,0.0
5910,0.0,4.605986703601098,9.124692243767297,0.0
5911,-0.0,3.772357894736821,9.124692243767297,0.0
5912,-0.0,3.772357894736821,9.124692243767297,0.0
5913,-0.0,3.772357894736821,9.124692243767297,0.0
5914,-0.0,3.772357894736821,9.124692243767297,0.0
5915,13.285226869806069,18.633531024930747,9.124692243767297,0.0
5916,13.285226869806069,37.63353102493075,20.894792243767302,0.0
5917,13.285226869806069,37.63353102493075,20.894792243767302,0.0
5918,21.682326869806086,37.63353102493075,20.894792243767302,0.0
5919,21.682326869806086,37.63353102493075,20.894792243767302,0.0
5920,21.682326869806086,37.63353102493075,20.894792243767302,0.0
5921,8.626204986149581,37.63353102493075,20.894792243767302,0.0
5922,8.626204986149581,37.63353102493075,0.0,0.0
5923,8.626204986149581,18.944722160664824,-0.0,0.0
5924,8.626204986149581,4.848821883656513,-0.0,0.0
5925,-0.0,4.848821883656513,0.0,0.0
5926,0.0,5.443921883656506,-0.0,0.0
5927,-0.0,13.396121883656528,-0.0,0.0
5928,-0.0,13.396121883656528,-0.0,0.0
5929,-0.0,13.396121883656528,-0.0,0.0
5930,-0.0,13.396121883656528,-0.0,0.0
5931,-0.0,13.396121883656528,-0.0,0.0
5932,-0.0,13.396121883656528,-0.0,0.0
5933,-0.0,9.52448753462604,-0.0,0.0
5934,-0.0,1.7823822714681405,-0.0,0.0
5935,-0.0,0.0,-0.0,0.0
5936,-0.0,-0.0,-0.0,0.0
5937,0.0,16.397000000000016,0.0,0.0
5938,3.2688,16.397000000000016,19.0,0.0
5939,3.2688,26.61825138504158,35.57864861495845,0.0
5940,13.498349999999995,45.61825138504158,35.57864861495845,0.0
5941,23.237099999999977,45.61825138504158,35.57864861495845,0.0
5942,23.237099999999977,45.61825138504158,35.57864861495845,0.0
5943,23.237099999999977,45.61825138504158,35.57864861495845,0.0
5944,23.237099999999977,45.61825138504158,35.57864861495845,0.0
5945,8.542086149584442,45.61825138504158,35.57864861495845,0.0
5946,5.021717451523536,24.58870318559559,35.57864861495845,0.0
5947,5.021717451523536,23.15596080332412,14.526017036011087,0.0
5948,5.021717451523536,5.294686565096992,14.526017036011087,0.0
5949,5.021717451523536,5.294686565096992,2.759978254847648,0.0
5950,5.021717451523536,3.4636062326870025,2.759978254847648,0.0
5951,5.021717451523536,3.4636062326870025,2.759978254847648,0.0
5952,5.021717451523536,3.4636062326870025,2.759978254847648,0.0
5953,5.021717451523536,3.4636062326870025,2.759978254847648,0.0
5954,5.021717451523536,19.854206232687027,2.759978254847648,0.0
5955,5.021717451523536,19.854206232687027,2.759978254847648,0.0
5956,5.021717451523536,19.854206232687027,8.60182825484765,0.0
5957,0.0,19.854206232687027,8.60182825484765,0.0
5958,-0.0,19.854206232687027,-0.0,0.0
5959,-0.0,17.726394598337993,-0.0,0.0
5960,-0.0,17.726394598337993,-0.0,0.0
5961,-0.0,36.688294598338004,0.0,0.0
5962,6.602650000000018,36.688294598338004,19.0,0.0
5963,6.602650000000018,55.688294598338004,30.91385,0.0
5964,13.039228393351593,55.688294598338004,33.99939058171745,0.0
5965,13.039228393351593,70.65214459833797,33.99939058171745,0.0
5966,32.03922839335159,82.14934459833796,33.99939058171745,0.0
5967,34.29002839335162,82.14934459833796,33.99939058171745,0.0
5968,34.29002839335162,82.14934459833796,33.99939058171745,0.0
5969,23.349363573407,82.14934459833796,33.99939058171745,0.0
5970,3.369031163434702,82.14934459833796,33.99939058171745,0.0
5971,3.369031163434702,82.14934459833796,17.06243767313019,0.0
5972,3.369031163434702,82.14934459833796,5.282603878116343,0.0
5973,3.369031163434702,82.14934459833796,-0.0,0.0
5974,3.369031163434702,82.14934459833796,-0.0,0.0
5975,3.369031163434702,82.14934459833796,-0.0,0.0
5976,3.369031163434702,82.14934459833796,-0.0,0.0
5977,21.20233116343471,82.14934459833796,-0.0,0.0
5978,39.9780811634347,82.14934459833796,0.0,0.0
5979,39.9780811634347,82.14934459833796,16.094100000000008,0.0
5980,39.9780811634347,82.14934459833796,16.094100000000008,0.0
5981,39.9780811634347,82.14934459833796,13.788836842105265,0.0
5982,33.78057423822693,82.14934459833796,13.788836842105265,0.0
5983,33.78057423822693,82.14934459833796,13.565346537396131,0.0
5984,33.78057423822693,82.14934459833796,13.565346537396131,0.0
5985,52.02842423822696,82.14934459833796,13.565346537396131,0.0
5986,57.25932423822695,82.14934459833796,32.56534653739613,0.0
5987,57.25932423822695,82.14934459833796,32.56534653739613,0.0
5988,57.25932423822695,100.0,46.63259113573409,0.0
5989,57.25932423822695,100.0,46.63259113573409,0.0
5990,57.25932423822695,100.0,46.63259113573409,0.0
5991,57.25932423822695,100.0,46.63259113573409,0.0
5992,57.25932423822695,100.0,46.63259113573409,0.0
5993,44.369961357340536,100.0,46.63259113573409,0.0
5994,44.02082008310229,100.0,25.579959556786722,0.0
5995,44.02082008310229,92.14804224376735,15.007263573407203,0.0
5996,44.02082008310229,78.46704501385045,15.007263573407203,0.0
5997,36.322925346260185,78.46704501385045,15.007263573407203,0.0
5998,36.322925346260185,78.46704501385045,15.007263573407203,0.0
5999,36.322925346260185,78.46704501385045,15.007263573407203,0.0
6000,36.322925346260185,78.46704501385045,15.007263573407203,0.0
6001,36.322925346260185,78.46704501385045,30.96366357340718,0.0
6002,36.322925346260185,78.46704501385045,30.96366357340718,0.0
6003,36.322925346260185,78.46704501385045,30.96366357340718,0.0
6004,36.322925346260185,78.46704501385045,30.96366357340718,0.0
6005,36.322925346260185,78.46704501385045,26.22920373961218,0.0
6006,36.322925346260185,69.89779293628811,26.22920373961218,0.0
6007,36.322925346260185,69.89779293628811,23.151364404432133,0.0
6008,36.322925346260185,69.89779293628811,23.151364404432133,0.0
6009,36.322925346260185,69.89779293628811,23.151364404432133,0.0
6010,36.322925346260185,69.89779293628811,23.151364404432133,0.0
6011,36.322925346260185,69.89779293628811,23.151364404432133,0.0
6012,36.322925346260185,69.89779293628811,23.151364404432133,0.0
6013,36.322925346260185,69.89779293628811,23.151364404432133,0.0
6014,36.322925346260185,88.89779293628811,31.546814404432133,0.0
6015,36.322925346260185,88.89779293628811,31.546814404432133,0.0
6016,36.322925346260185,88.89779293628811,31.546814404432133,0.0
6017,36.322925346260185,71.80543836565101,31.546814404432133,0.0
6018,31.189074930747708,71.80543836565101,10.494182825484769,0.0
6019,31.189074930747708,50.752806786703644,8.726094182825483,0.0
6020,13.775556925207553,50.752806786703644,8.726094182825483,0.0
6021,13.775556925207553,39.624995152354614,8.726094182825483,0.0
6022,12.866027839334967,39.624995152354614,8.726094182825483,0.0
6023,12.866027839334967,39.624995152354614,8.726094182825483,0.0
6024,12.866027839334967,39.624995152354614,8.726094182825483,0.0
6025,12.866027839334967,39.624995152354614,8.726094182825483,0.0
6026,28.62427783933495,39.624995152354614,8.726094182825483,0.0
6027,28.62427783933495,39.624995152354614,8.726094182825483,0.0
6028,28.62427783933495,39.624995152354614,8.726094182825483,0.0
6029,28.62427783933495,39.624995152354614,3.8092520775623258,0.0
6030,28.62427783933495,30.406712603878162,3.8092520775623258,0.0
6031,28.62427783933495,30.406712603878162,0.0,0.0
6032,28.62427783933495,30.406712603878162,-0.0,0.0
6033,28.62427783933495,30.406712603878162,-0.0,0.0
6034,28.62427783933495,30.406712603878162,-0.0,0.0
6035,38.66177783933493,30.406712603878162,-0.0,0.0
6036,57.66177783933493,30.406712603878162,12.604400000000005,0.0
6037,57.66177783933493,49.40671260387816,25.031000000000013,0.0
6038,57.66177783933493,49.40671260387816,25.031000000000013,0.0
6039,57.66177783933493,49.40671260387816,25.031000000000013,0.0
6040,57.66177783933493,53.03216260387816,25.031000000000013,0.0
6041,57.66177783933493,38.76939252077568,25.031000000000013,0.0
6042,57.66177783933493,17.716760941828316,23.082024930747917,0.0
6043,37.938896952908344,17.716760941828316,23.082024930747917,0.0
6044,22.66776121883633,17.716760941828316,23.082024930747917,0.0
6045,22.66776121883633,17.716760941828316,13.228506925207745,0.0
6046,22.66776121883633,17.716760941828316,12.802301939058152,0.0
6047,22.66776121883633,17.716760941828316,12.802301939058152,0.0
6048,22.66776121883633,29.738010941828307,12.802301939058152,0.0
6049,22.66776121883633,45.394810941828325,12.802301939058152,0.0
6050,22.66776121883633,45.394810941828325,12.802301939058152,0.0
6051,22.66776121883633,45.394810941828325,27.95970193905815,0.0
6052,30.65346121883632,45.394810941828325,27.95970193905815,0.0
6053,28.437117728531625,45.394810941828325,27.95970193905815,0.0
6054,28.437117728531625,45.394810941828325,21.56995124653737,0.0
6055,27.53490166204962,45.394810941828325,21.56995124653737,0.0
6056,27.53490166204962,45.394810941828325,21.56995124653737,0.0
6057,27.53490166204962,45.394810941828325,21.56995124653737,0.0
6058,27.53490166204962,45.394810941828325,21.56995124653737,0.0
6059,46.53490166204962,45.394810941828325,32.81365124653736,0.0
6060,60.08100166204962,64.39481094182833,32.81365124653736,0.0
6061,60.08100166204962,77.51721094182832,51.81365124653736,0.0
6062,60.08100166204962,77.51721094182832,61.28040124653737,0.0
6063,60.08100166204962,77.51721094182832,61.28040124653737,0.0
6064,64.71965166204961,77.51721094182832,61.28040124653737,0.0
6065,64.71965166204961,77.51721094182832,50.182561911357325,0.0
6066,64.71965166204961,77.51721094182832,32.86865609418279,0.0
6067,52.06153531855931,77.51721094182832,32.86865609418279,0.0
6068,52.06153531855931,70.18912229916903,32.86865609418279,0.0
6069,52.06153531855931,70.18912229916903,31.702395706371153,0.0
6070,52.06153531855931,78.00897229916905,31.702395706371153,0.0
6071,52.06153531855931,78.00897229916905,46.668595706371164,0.0
6072,52.06153531855931,78.00897229916905,65.19724570637116,0.0
6073,52.06153531855931,78.00897229916905,65.19724570637116,0.0
6074,54.57988531855932,78.00897229916905,65.19724570637116,0.0
6075,54.57988531855932,78.00897229916905,65.19724570637116,0.0
6076,54.57988531855932,78.00897229916905,65.19724570637116,0.0
6077,54.57988531855932,75.88099445983389,65.19724570637116,0.0
6078,46.44376343490279,75.88099445983389,65.19724570637116,0.0
6079,46.44376343490279,75.88099445983389,61.35220415512464,0.0
6080,46.848357894736665,81.0,61.35220415512464,0.0
6081,46.848357894736665,81.0,76.97475415512464,0.0
6082,65.84835789473667,81.0,76.97475415512464,0.0
6083,84.84835789473667,81.0,85.35075415512466,0.0
6084,84.84835789473667,81.0,85.35075415512466,0.0
6085,95.82485789473667,100.0,85.35075415512466,0.0
6086,95.82485789473667,100.0,92.80600415512464,0.0
6087,95.82485789473667,100.0,92.80600415512464,0.0
6088,95.82485789473667,100.0,92.80600415512464,0.0
6089,95.82485789473667,82.98775623268699,92.80600415512464,0.0
6090,90.9590574792243,62.73754556786696,92.80600415512464,0.0
6091,90.9590574792243,42.1779887811634,92.80600415512464,0.0
6092,75.81396052631573,42.1779887811634,92.80600415512464,0.0
6093,69.52846897506923,42.1779887811634,89.97897493074788,0.0
6094,69.52846897506923,42.1779887811634,90.75622493074789,0.0
6095,69.52846897506923,42.1779887811634,90.75622493074789,0.0
6096,69.52846897506923,42.1779887811634,90.75622493074789,0.0
6097,69.52846897506923,42.1779887811634,90.75622493074789,0.0
6098,69.52846897506923,42.1779887811634,90.75622493074789,0.0
6099,69.52846897506923,42.1779887811634,90.75622493074789,0.0
6100,69.52846897506923,42.1779887811634,90.75622493074789,0.0
6101,69.52846897506923,42.1779887811634,86.61218060941826,0.0
6102,69.52846897506923,42.1779887811634,76.94519999999999,0.0
6103,64.3842030470914,42.1779887811634,76.94519999999999,0.0
6104,64.3842030470914,42.1779887811634,76.94519999999999,0.0
6105,64.3842030470914,42.1779887811634,76.94519999999999,0.0
6106,64.3842030470914,42.1779887811634,76.94519999999999,0.0
6107,70.1801030470914,42.1779887811634,76.94519999999999,0.0
6108,70.1801030470914,42.1779887811634,84.9474,0.0
6109,70.1801030470914,42.1779887811634,84.9474,0.0
6110,70.1801030470914,46.579038781163405,84.9474,0.0
6111,70.1801030470914,46.579038781163405,100.0,0.0
6112,70.99425304709142,46.579038781163405,100.0,0.0
6113,70.99425304709142,46.579038781163405,84.47168975069253,0.0
6114,49.94162146814406,46.579038781163405,83.46869806094186,0.0
6115,49.94162146814406,46.579038781163405,66.60914127423824,0.0
6116,49.94162146814406,46.579038781163405,55.628033240997254,0.0
6117,49.94162146814406,46.579038781163405,51.28116343490307,0.0
6118,49.94162146814406,46.579038781163405,51.28116343490307,0.0
6119,49.94162146814406,46.579038781163405,51.28116343490307,0.0
6120,49.94162146814406,46.579038781163405,51.28116343490307,0.0
6121,49.94162146814406,48.00918878116342,51.28116343490307,0.0
6122,49.94162146814406,50.293288781163405,70.28116343490308,0.0
6123,49.94162146814406,50.293288781163405,70.28116343490308,0.0
6124,49.94162146814406,50.293288781163405,70.28116343490308,0.0
6125,49.94162146814406,50.293288781163405,70.28116343490308,0.0
6126,49.94162146814406,50.293288781163405,64.71229916897511,0.0
6127,49.37935000000002,50.293288781163405,64.71229916897511,0.0
6128,49.37935000000002,50.293288781163405,64.71229916897511,0.0
6129,49.37935000000002,50.293288781163405,64.71229916897511,0.0
6130,68.37935000000002,50.293288781163405,70.6787491689751,0.0
6131,68.37935000000002,50.293288781163405,70.6787491689751,0.0
6132,87.37935000000002,50.293288781163405,83.63719916897513,0.0
6133,100.0,50.293288781163405,83.63719916897513,0.0
6134,100.0,53.9290609418283,88.91622700831024,0.0
6135,100.0,53.9290609418283,88.91622700831024,0.0
6136,100.0,53.9290609418283,88.91622700831024,0.0
6137,100.0,53.9290609418283,74.28852617728532,0.0
6138,78.94736842105263,53.31354847645434,74.28852617728532,0.0
6139,78.94736842105263,53.31354847645434,57.51096385041552,0.0
6140,78.94736842105263,53.31354847645434,46.346587119113586,0.0
6141,78.94736842105263,48.351000000000035,46.346587119113586,0.0
6142,78.94736842105263,48.351000000000035,46.346587119113586,0.0
6143,78.94736842105263,60.21755000000003,46.346587119113586,0.0
6144,78.94736842105263,60.21755000000003,46.346587119113586,0.0
6145,78.94736842105263,60.21755000000003,46.346587119113586,0.0
6146,85.16523614958452,60.21755000000003,60.17331939058172,0.0
6147,85.16523614958452,60.21755000000003,77.8700193905817,0.0
6148,95.1156361495845,60.21755000000003,77.8700193905817,0.0
6149,95.1156361495845,60.21755000000003,77.00409141274237,0.0
6150,87.89065000000001,60.21755000000003,77.00409141274237,0.0
6151,87.89065000000001,60.21755000000003,74.73700000000002,0.0
6152,87.89065000000001,60.21755000000003,74.73700000000002,0.0
6153,87.89065000000001,60.21755000000003,74.73700000000002,0.0
6154,87.89065000000001,60.21755000000003,79.37860000000002,0.0
6155,87.89065000000001,60.21755000000003,79.37860000000002,0.0
6156,87.89065000000001,60.21755000000003,91.46180000000001,0.0
6157,100.0,79.21755000000003,91.46180000000001,0.0
6158,100.0,79.21755000000003,100.0,0.0
6159,100.0,97.3914,100.0,0.0
6160,100.0,100.0,100.0,0.0
6161,84.9378947368421,100.0,100.0,0.0
6162,84.9378947368421,99.17900277008312,78.94736842105263,0.0
6163,67.66038781163432,99.17900277008312,78.94736842105263,0.0
6164,67.30938227146807,87.39660110803332,78.94736842105263,0.0
6165,67.30938227146807,81.08020221606654,78.94736842105263,0.0
6166,67.30938227146807,84.11805221606653,78.94736842105263,0.0
6167,67.30938227146807,84.11805221606653,78.94736842105263,0.0
6168,67.30938227146807,84.11805221606653,78.94736842105263,0.0
6169,67.30938227146807,84.11805221606653,78.94736842105263,0.0
6170,67.30938227146807,84.11805221606653,78.94736842105263,0.0
6171,82.12943227146805,84.11805221606653,78.94736842105263,0.0
6172,82.12943227146805,84.11805221606653,78.94736842105263,0.0
6173,77.44162063711903,84.11805221606653,78.94736842105263,0.0
6174,77.44162063711903,73.0225951523546,78.94736842105263,0.0
6175,77.44162063711903,73.0225951523546,72.08592797783932,0.0
6176,77.44162063711903,73.0225951523546,72.08592797783932,0.0
6177,77.44162063711903,81.0,72.08592797783932,0.0
6178,77.44162063711903,81.0,72.08592797783932,0.0
6179,96.44162063711903,81.0,78.15362797783932,0.0
6180,96.44162063711903,81.0,78.15362797783932,0.0
6181,96.44162063711903,100.0,89.20027797783932,0.0
6182,96.44162063711903,100.0,97.4169279778393,0.0
6183,96.44162063711903,100.0,97.4169279778393,0.0
6184,96.44162063711903,100.0,97.4169279778393,0.0
6185,96.44162063711903,100.0,81.08845152354564,0.0
6186,79.81694265927979,93.00595221606639,81.08845152354564,0.0
6187,79.81694265927979,93.00595221606639,62.01648476454288,0.0
6188,65.5483,93.00595221606639,62.01648476454288,0.0
6189,65.5483,93.00595221606639,53.154379501384994,0.0
6190,65.5483,93.00595221606639,53.154379501384994,0.0
6191,65.5483,93.00595221606639,53.154379501384994,0.0
6192,75.73095,93.00595221606639,53.154379501384994,0.0
6193,75.73095,93.00595221606639,66.495329501385,0.0
6194,90.34570000000001,93.00595221606639,66.495329501385,0.0
6195,90.34570000000001,93.00595221606639,66.495329501385,0.0
6196,90.34570000000001,93.00595221606639,71.315779501385,0.0
6197,90.34570000000001,86.79315443213287,71.315779501385,0.0
6198,90.34570000000001,79.47271149584475,66.01600083102493,0.0
6199,90.34570000000001,79.47271149584475,56.928299999999986,0.0
6200,90.34570000000001,79.51101149584477,56.928299999999986,0.0
6201,90.34570000000001,79.51101149584477,56.928299999999986,0.0
6202,90.34570000000001,79.51101149584477,56.928299999999986,0.0
6203,92.31230000000001,98.51101149584477,56.928299999999986,0.0
6204,92.31230000000001,98.51101149584477,62.0,0.0
6205,97.79189999999998,98.51101149584477,81.0,0.0
6206,100.0,98.51101149584477,100.0,0.0
6207,100.0,98.51101149584477,100.0,0.0
6208,95.25584487534626,98.51101149584477,100.0,0.0
6209,93.90094182825484,77.4583799168974,100.0,0.0
6210,86.12079999999999,56.63181814404425,100.0,0.0
6211,86.12079999999999,54.18034999999993,78.94736842105263,0.0
6212,86.12079999999999,54.18034999999993,61.11983379501384,0.0
6213,86.12079999999999,54.18034999999993,49.42083102493072,0.0
6214,86.12079999999999,54.18034999999993,47.54221606648198,0.0
6215,86.12079999999999,54.18034999999993,53.892366066482,0.0
6216,86.12079999999999,65.78669999999994,53.892366066482,0.0
6217,86.12079999999999,65.78669999999994,53.892366066482,0.0
6218,86.12079999999999,65.78669999999994,70.424516066482,0.0
6219,100.0,65.78669999999994,70.424516066482,0.0
6220,100.0,65.78669999999994,70.424516066482,0.0
6221,100.0,65.78669999999994,64.19243850415513,0.0
6222,86.24066481994461,65.78669999999994,64.19243850415513,0.0
6223,86.24066481994461,55.60681080332404,64.19243850415513,0.0
6224,86.24066481994461,55.60681080332404,63.14218919667593,0.0
6225,86.24066481994461,55.60681080332404,63.14218919667593,0.0
6226,86.24066481994461,70.54601080332404,63.14218919667593,0.0
6227,86.24066481994461,70.54601080332404,82.14218919667593,0.0
6228,96.84915,70.54601080332404,82.14218919667593,0.0
6229,100.0,89.54601080332404,82.14218919667593,0.0
6230,100.0,100.0,90.57174999999997,0.0
6231,100.0,100.0,100.0,0.0
6232,92.59185595567867,100.0,100.0,0.0
6233,86.00945858725774,100.0,79.6976882271467,0.0
6234,64.95682700831037,85.94631578947366,79.6976882271467,0.0
6235,57.08910415512463,85.52988351800566,58.64505664819933,0.0
6236,36.03647257617726,85.52988351800566,56.38483504155114,0.0
6237,36.03647257617726,85.52988351800566,39.485776869805996,0.0
6238,36.03647257617726,85.52988351800566,32.5370234072021,0.0
6239,36.03647257617726,85.52988351800566,32.5370234072021,0.0
6240,43.57787257617728,85.52988351800566,32.5370234072021,0.0
6241,43.57787257617728,85.52988351800566,32.5370234072021,0.0
6242,56.48747257617728,85.52988351800566,32.5370234072021,0.0
6243,67.05712257617728,85.52988351800566,32.5370234072021,0.0
6244,67.05712257617728,85.52988351800566,35.1996234072021,0.0
6245,58.36343836565096,85.52988351800566,35.1996234072021,0.0
6246,43.52288434903046,85.52988351800566,35.1996234072021,0.0
6247,43.52288434903046,85.52988351800566,25.736465512465276,0.0
6248,43.52288434903046,86.56873351800566,25.736465512465276,0.0
6249,43.52288434903046,86.56873351800566,25.736465512465276,0.0
6250,43.52288434903046,86.56873351800566,43.58671551246527,0.0
6251,47.15628434903047,86.56873351800566,43.58671551246527,0.0
6252,47.15628434903047,100.0,43.58671551246527,0.0
6253,47.15628434903047,100.0,43.58671551246527,0.0
6254,47.15628434903047,100.0,43.58671551246527,0.0
6255,47.15628434903047,100.0,53.993615512465254,0.0
6256,47.15628434903047,100.0,48.471399445983266,0.0
6257,45.184650000000005,78.94736842105263,48.471399445983266,0.0
6258,45.184650000000005,71.75972299168974,27.4187678670359,0.0
6259,45.184650000000005,50.70709141274237,26.48635789473675,0.0
6260,45.184650000000005,50.70709141274237,10.502922991689656,0.0
6261,45.184650000000005,41.0470735457064,10.31147271468133,0.0
6262,45.184650000000005,40.34081315789474,10.31147271468133,0.0
6263,45.184650000000005,40.34081315789474,10.31147271468133,0.0
6264,45.184650000000005,40.34081315789474,22.416422714681335,0.0
6265,60.3537,40.34081315789474,22.416422714681335,0.0
6266,60.3537,40.34081315789474,38.62232271468134,0.0
6267,60.3537,40.34081315789474,38.62232271468134,0.0
6268,60.3537,46.17561315789473,38.62232271468134,0.0
6269,60.3537,46.17561315789473,33.51523130193897,0.0
6270,60.3537,34.854006509695296,33.51523130193897,0.0
6271,60.3537,34.854006509695296,25.89046675900268,0.0
6272,60.3537,34.854006509695296,27.509416759002683,0.0
6273,60.3537,34.854006509695296,39.91086675900269,0.0
6274,60.3537,34.854006509695296,39.91086675900269,0.0
6275,60.3537,40.33720650969529,58.91086675900269,0.0
6276,68.47980000000003,40.33720650969529,58.91086675900269,0.0
6277,87.47980000000003,48.03540650969529,58.91086675900269,0.0
6278,87.47980000000003,48.03540650969529,58.91086675900269,0.0
6279,100.0,48.03540650969529,58.91086675900269,0.0
6280,100.0,43.96565581717452,58.91086675900269,0.0
6281,99.30504155124655,43.96565581717452,37.858235180055324,0.0
6282,78.25240997229918,43.96565581717452,31.455298891966684,0.0
6283,57.19977839335181,43.96565581717452,31.325049584487463,0.0
6284,57.19977839335181,28.412913434903036,31.325049584487463,0.0
6285,47.58094182825488,28.412913434903036,31.325049584487463,0.0
6286,47.18853185595568,28.412913434903036,31.325049584487463,0.0
6287,54.61093185595568,28.412913434903036,31.325049584487463,0.0
6288,54.61093185595568,28.412913434903036,44.55934958448748,0.0
6289,54.61093185595568,44.68531343490304,44.55934958448748,0.0
6290,54.61093185595568,44.68531343490304,44.55934958448748,0.0
6291,54.61093185595568,44.68531343490304,44.55934958448748,0.0
6292,54.61093185595568,51.20711343490302,44.55934958448748,0.0
6293,54.61093185595568,51.20711343490302,39.551593351800506,0.0
6294,42.157026038781154,51.20711343490302,39.551593351800506,0.0
6295,42.157026038781154,42.29437105263153,39.551593351800506,0.0
6296,41.85043324099721,42.29437105263153,39.551593351800506,0.0
6297,41.85043324099721,42.29437105263153,39.551593351800506,0.0
6298,41.85043324099721,59.54772105263155,39.551593351800506,0.0
6299,60.85043324099721,63.844721052631535,39.551593351800506,0.0
6300,60.85043324099721,71.15457105263152,58.551593351800506,0.0
6301,69.05134722991687,89.20560706371187,58.551593351800506,0.0
6302,72.4248972299169,89.20560706371187,77.5515933518005,0.0
6303,72.4248972299169,89.20560706371187,90.1662933518005,0.0
6304,67.8439,89.20560706371187,90.1662933518005,0.0
6305,67.8439,68.1529754847645,89.40235983379496,0.0
6306,67.8439,47.100343905817134,83.28812160664816,0.0
6307,67.8439,47.100343905817134,62.34191662049858,0.0
6308,67.8439,31.833806509695243,62.34191662049858,0.0
6309,67.8439,31.833806509695243,53.40812160664818,0.0
6310,67.8439,31.833806509695243,53.98362160664819,0.0
6311,75.8064,31.833806509695243,53.98362160664819,0.0
6312,75.8064,31.833806509695243,53.98362160664819,0.0
6313,75.8064,31.833806509695243,53.98362160664819,0.0
6314,92.10685,31.833806509695243,53.98362160664819,0.0
6315,92.10685,45.96320650969524,53.98362160664819,0.0
6316,92.10685,45.96320650969524,53.98362160664819,0.0
6317,92.10685,45.96320650969524,49.28339999999999,0.0
6318,92.10685,33.86143365650966,49.28339999999999,0.0
6319,92.10685,25.97954999999999,49.28339999999999,0.0
6320,92.10685,25.97954999999999,49.28339999999999,0.0
6321,92.10685,25.97954999999999,49.28339999999999,0.0
6322,92.10685,44.97954999999999,50.991600000000005,0.0
6323,100.0,63.97954999999999,50.991600000000005,0.0
6324,100.0,82.97954999999999,62.0,0.0
6325,100.0,93.659,81.0,0.0
6326,100.0,100.0,100.0,0.0
6327,100.0,100.0,100.0,0.0
6328,96.53806094182826,100.0,100.0,0.0
6329,75.4854293628809,100.0,99.58127423822715,0.0
6330,69.67523545706374,100.0,78.52864265927978,0.0
6331,49.26626038781164,100.0,78.52864265927978,0.0
6332,49.26626038781164,100.0,64.11301939058171,0.0
6333,49.26626038781164,91.65318559556786,64.11301939058171,0.0
6334,49.53271038781163,91.65318559556786,64.11301939058171,0.0
6335,49.53271038781163,98.05452936288091,65.04497562326866,0.0
6336,49.53271038781163,98.05452936288091,75.02347562326867,0.0
6337,62.73211038781162,98.05452936288091,75.02347562326867,0.0
6338,77.14731038781163,98.05452936288091,75.02347562326867,0.0
6339,77.14731038781163,98.05452936288091,75.76364279778393,0.0
6340,77.14731038781163,98.05452936288091,75.76364279778393,0.0
6341,77.14731038781163,98.05452936288091,67.47272867036011,0.0
6342,77.14731038781163,98.05452936288091,51.03427991689752,0.0
6343,77.14731038781163,98.05452936288091,37.55078961218837,0.0
6344,77.14731038781163,93.50910000000002,37.55078961218837,0.0
6345,83.73001038781163,93.50910000000002,37.55078961218837,0.0
6346,97.98496038781163,93.50910000000002,37.55078961218837,0.0
6347,98.55396038781166,93.50910000000002,56.55078961218837,0.0
6348,98.55396038781166,96.79950000000002,56.55078961218837,0.0
6349,98.55396038781166,100.0,75.55078961218837,0.0
6350,100.0,100.0,92.31850000000001,0.0
6351,100.0,100.0,100.0,0.0
6352,99.31964145891035,100.0,95.41454136657441,0.0
6353,78.26700987996298,100.0,93.14761615881817,0.0
6354,69.68562483841174,78.94736842105263,93.14761615881817,0.0
6355,63.99940138504148,78.94736842105263,72.0949845798708,0.0
6356,45.394901754386,78.94736842105263,72.0949845798708,0.0
6357,45.394901754386,68.58481994459832,72.0949845798708,0.0
6358,45.394901754386,65.74467220683287,72.0949845798708,0.0
6359,45.394901754386,65.74467220683287,74.0474345798708,0.0
6360,49.98930175438599,65.74467220683287,74.0474345798708,0.0
6361,49.98930175438599,74.01512220683286,74.0474345798708,0.0
6362,49.98930175438599,83.99057220683287,74.0474345798708,0.0
6363,49.98930175438599,83.99057220683287,81.87443457987081,0.0
6364,49.98930175438599,83.99057220683287,81.87443457987081,0.0
6365,49.98930175438599,83.99057220683287,74.35498859649128,0.0
6366,49.98930175438599,67.59788522622345,74.35498859649128,0.0
6367,49.98930175438599,52.59192031394275,74.35498859649128,0.0
6368,49.98930175438599,52.59192031394275,68.46730623268705,0.0
6369,49.98930175438599,54.77872031394276,68.46730623268705,0.0
6370,49.98930175438599,64.09457031394277,68.46730623268705,0.0
6371,49.98930175438599,78.53537031394279,68.46730623268705,0.0
6372,49.98930175438599,78.53537031394279,85.70005623268706,0.0
6373,67.99375175438598,78.53537031394279,85.70005623268706,0.0
6374,83.37415175438596,78.53537031394279,85.70005623268706,0.0
6375,83.37415175438596,78.53537031394279,92.24020623268706,0.0
6376,77.49924870729454,78.53537031394279,92.24020623268706,0.0
6377,74.67487197599257,78.53537031394279,71.18757465373969,0.0
6378,66.70988582640811,78.53537031394279,50.13494307479232,0.0
6379,66.70988582640811,57.48273873499542,46.580390904893875,0.0
6380,66.70988582640811,49.692555540166275,37.68254085872579,0.0
6381,66.70988582640811,39.78912063711918,37.68254085872579,0.0
6382,66.70988582640811,39.78912063711918,37.64553254847648,0.0
6383,66.70988582640811,43.148170637119165,37.64553254847648,0.0
6384,75.17348582640813,43.148170637119165,37.64553254847648,0.0
6385,75.17348582640813,43.148170637119165,49.46763254847647,0.0
6386,88.53483582640813,43.148170637119165,49.46763254847647,0.0
6387,88.53483582640813,54.275270637119156,49.46763254847647,0.0
6388,92.43643582640813,54.275270637119156,49.46763254847647,0.0
6389,92.43643582640813,54.275270637119156,47.70935,0.0
6390,81.0,54.275270637119156,47.70935,0.0
6391,81.0,47.86070000000002,47.70935,0.0
6392,81.0,47.86070000000002,47.70935,0.0
6393,81.0,47.86070000000002,56.283300000000025,0.0
6394,81.0,63.91315000000002,56.283300000000025,0.0
6395,81.0,66.30215,75.28330000000003,0.0
6396,100.0,66.30215,80.294,0.0
6397,100.0,71.0754,99.294,0.0
6398,100.0,90.0754,100.0,0.0
6399,100.0,100.0,100.0,0.0
6400,100.0,98.03324099722991,100.0,0.0
6401,78.94736842105263,98.03324099722991,100.0,0.0
6402,78.94736842105263,76.98060941828254,92.92783010156971,0.0
6403,78.94736842105263,76.98060941828254,72.3534810710988,0.0
6404,78.94736842105263,61.949750692520766,72.3534810710988,0.0
6405,78.94736842105263,52.45739612188365,72.3534810710988,0.0
6406,78.94736842105263,52.45739612188365,71.62528162511542,0.0
6407,78.94736842105263,52.45739612188365,73.11078162511541,0.0
6408,78.94736842105263,52.45739612188365,78.5603816251154,0.0
6409,78.94736842105263,52.45739612188365,86.6144316251154,0.0
6410,78.94736842105263,61.31449612188363,86.6144316251154,0.0
6411,84.74356842105261,61.31449612188363,86.6144316251154,0.0
6412,84.74356842105261,61.31449612188363,86.6144316251154,0.0
6413,84.74356842105261,51.33172603878114,86.6144316251154,0.0
6414,84.74356842105261,51.33172603878114,67.53969478301013,0.0
6415,81.40296939058173,37.31725581717446,67.53969478301013,0.0
6416,72.72995,37.31725581717446,67.53969478301013,0.0
6417,72.72995,37.31725581717446,67.53969478301013,0.0
6418,72.72995,44.231105817174466,67.53969478301013,0.0
6419,72.72995,56.80055581717447,67.53969478301013,0.0
6420,72.72995,56.80055581717447,82.90034478301011,0.0
6421,88.26105,56.80055581717447,82.90034478301011,0.0
6422,100.0,56.80055581717447,82.90034478301011,0.0
6423,100.0,56.80055581717447,84.44074478301012,0.0
6424,100.0,56.80055581717447,71.74811320406275,0.0
6425,100.0,47.141885457063665,50.69548162511538,0.0
6426,86.18315789473682,47.141885457063665,29.64285004616801,0.0
6427,65.13052631578945,40.978672160664765,29.64285004616801,0.0
6428,65.13052631578945,40.978672160664765,9.538805724838387,0.0
6429,52.20565096952907,40.978672160664765,9.538805724838387,0.0
6430,49.64487534626035,40.978672160664765,9.538805724838387,0.0
6431,49.64487534626035,42.42197216066478,9.538805724838387,0.0
6432,49.64487534626035,42.42197216066478,16.987805724838395,0.0
6433,49.64487534626035,42.42197216066478,28.339605724838385,0.0
6434,49.64487534626035,55.538222160664795,28.339605724838385,0.0
6435,49.64487534626035,66.63677216066479,28.339605724838385,0.0
6436,49.64487534626035,66.63677216066479,31.79240572483839,0.0
6437,49.64487534626035,64.14452839335178,31.79240572483839,0.0
6438,49.64487534626035,52.94386357340717,31.79240572483839,0.0
6439,40.84570637119108,52.94386357340717,31.79240572483839,0.0
6440,40.72670360110797,52.94386357340717,31.79240572483839,0.0
6441,40.72670360110797,52.94386357340717,35.60160572483838,0.0
6442,51.437903601107955,52.94386357340717,35.60160572483838,0.0
6443,51.437903601107955,52.94386357340717,50.9750557248384,0.0
6444,51.437903601107955,52.94386357340717,68.87355572483838,0.0
6445,51.437903601107955,70.96746357340716,68.87355572483838,0.0
6446,51.437903601107955,85.71071357340718,68.87355572483838,0.0
6447,51.437903601107955,91.0075135734072,68.87355572483838,0.0
6448,44.27557673130184,91.0075135734072,68.87355572483838,0.0
6449,40.867598891966665,69.95488199445983,68.87355572483838,0.0
6450,40.867598891966665,48.902250415512455,60.887849353647226,0.0
6451,19.8149673130193,48.902250415512455,59.535882594644455,0.0
6452,19.8149673130193,48.902250415512455,41.915679455216946,0.0
6453,10.884274792243664,48.902250415512455,41.915679455216946,0.0
6454,10.884274792243664,48.902250415512455,41.915679455216946,0.0
6455,14.321524792243661,48.902250415512455,41.915679455216946,0.0
6456,14.321524792243661,48.902250415512455,50.57037945521693,0.0
6457,14.321524792243661,60.83675041551245,50.57037945521693,0.0
6458,27.313974792243663,60.83675041551245,50.57037945521693,0.0
6459,27.313974792243663,60.83675041551245,60.855979455216925,0.0
6460,29.687124792243658,60.83675041551245,60.855979455216925,0.0
6461,25.502803462603765,60.83675041551245,60.855979455216925,0.0
6462,25.502803462603765,60.83675041551245,47.56445590951054,0.0
6463,25.502803462603765,60.83675041551245,34.330900969529004,0.0
6464,21.99565664819932,60.83675041551245,34.330900969529004,0.0
6465,23.15645664819933,60.83675041551245,34.330900969529004,0.0
6466,23.15645664819933,67.90135000000002,35.107301385041424,0.0
6467,33.76804833795015,67.90135000000002,37.34945969529061,0.0
6468,33.76804833795015,83.8649,37.34945969529061,0.0
6469,33.76804833795015,100.0,37.34945969529061,0.0
6470,46.35449833795015,100.0,37.34945969529061,0.0
6471,49.35359833795014,100.0,37.34945969529061,0.0
6472,39.12257340720222,100.0,37.34945969529061,0.0
6473,33.540024930747926,78.94736842105263,37.34945969529061,0.0
6474,24.481243767313018,78.94736842105263,16.296828116343246,0.0
6475,3.4286121883656513,77.05434903047092,16.296828116343246,0.0
6476,3.4286121883656513,60.28077562326871,16.296828116343246,0.0
6477,3.4286121883656513,60.28077562326871,5.7690718836562365,0.0
6478,2.2609667590027773,60.28077562326871,5.7690718836562365,0.0
6479,4.32286675900278,60.28077562326871,5.7690718836562365,0.0
6480,4.32286675900278,65.4331756232687,5.7690718836562365,0.0
6481,4.32286675900278,65.4331756232687,14.457571883656223,0.0
6482,14.50751675900278,65.4331756232687,14.457571883656223,0.0
6483,22.565516759002776,65.4331756232687,14.457571883656223,0.0
6484,22.565516759002776,66.1807756232687,14.457571883656223,0.0
6485,22.565516759002776,60.811412742382274,14.457571883656223,0.0
6486,8.34679099722992,60.811412742382274,14.457571883656223,0.0
6487,8.34679099722992,49.17407202216065,14.457571883656223,0.0
6488,8.34679099722992,45.56238227146811,14.457571883656223,0.0
6489,8.34679099722992,47.812232271468105,14.457571883656223,0.0
6490,8.34679099722992,57.8962322714681,14.457571883656223,0.0
6491,8.34679099722992,73.1390822714681,14.457571883656223,0.0
6492,26.237240997229918,73.1390822714681,14.457571883656223,0.0
6493,26.237240997229918,73.1390822714681,32.3888218836562,0.0
6494,40.73324099722991,73.1390822714681,32.3888218836562,0.0
6495,40.73324099722991,73.1390822714681,37.792321883656186,0.0
6496,40.73324099722991,73.1390822714681,28.1471325946442,0.0
6497,40.73324099722991,52.08645069252073,24.132007940904565,0.0
6498,19.68060941828255,45.326893905817116,24.132007940904565,0.0
6499,0.0,45.326893905817116,24.132007940904565,0.0
6500,-0.0,32.74368060941819,24.132007940904565,0.0
6501,-0.0,27.074539335179974,24.132007940904565,0.0
6502,-0.0,27.074539335179974,24.132007940904565,0.0
6503,-0.0,33.22653933517998,24.132007940904565,0.0
6504,0.1164030470914379,33.22653933517998,33.670354893813126,0.0
6505,0.1164030470914379,33.22653933517998,46.44800489381312,0.0
6506,0.1164030470914379,33.22653933517998,60.241154893813125,0.0
6507,0.1164030470914379,33.22653933517998,71.32490489381313,0.0
6508,3.4549030470914412,33.22653933517998,71.32490489381313,0.0
6509,3.4549030470914412,33.22653933517998,68.12800738688792,0.0
6510,3.4549030470914412,20.63158088642652,68.12800738688792,0.0
6511,3.4549030470914412,20.63158088642652,57.01066666666631,0.0
6512,-0.0,20.63158088642652,57.01066666666631,0.0
6513,0.0,21.750680886426515,57.01066666666631,0.0
6514,8.331449999999977,21.750680886426515,57.01066666666631,0.0
6515,21.951199999999965,21.750680886426515,57.01066666666631,0.0
6516,21.951199999999965,21.750680886426515,72.91386666666631,0.0
6517,37.39209999999997,21.750680886426515,72.91386666666631,0.0
6518,37.39209999999997,21.750680886426515,83.99746666666631,0.0
6519,37.39209999999997,21.750680886426515,84.5992666666663,0.0
6520,37.39209999999997,21.750680886426515,71.12026389658318,0.0
6521,28.09149058171741,21.750680886426515,50.06763231763581,0.0
6522,7.038859002770042,9.720265373961137,50.06763231763581,0.0
6523,7.038859002770042,3.903374653739613,30.856378993535987,0.0
6524,7.038859002770042,3.903374653739613,12.891337442289455,0.0
6525,7.038859002770042,3.903374653739613,2.0844122345331986,0.0
6526,5.861850692520738,3.903374653739613,2.0844122345331986,0.0
6527,5.861850692520738,3.903374653739613,4.481812234533194,0.0
6528,5.861850692520738,10.143724653739621,4.481812234533194,0.0
6529,15.86935069252075,10.143724653739621,4.481812234533194,0.0
6530,24.445733702677174,10.143724653739621,7.483529224376772,0.0
6531,24.445733702677174,10.143724653739621,16.527479224376766,0.0
6532,24.445733702677174,11.675124653739616,16.527479224376766,0.0
6533,19.92296361957468,11.675124653739616,16.527479224376766,0.0
6534,19.92296361957468,11.675124653739616,3.02958448753465,0.0
6535,19.92296361957468,0.0,3.02958448753465,0.0
6536,19.92296361957468,-0.0,0.0,0.0
6537,19.92296361957468,2.8683999999999874,-0.0,0.0
6538,19.92296361957468,2.8683999999999874,11.299299999999977,0.0
6539,36.83181361957466,2.8683999999999874,11.299299999999977,0.0
6540,36.83181361957466,4.318720036933743,29.80612996306622,0.0
6541,36.83181361957466,5.358620036933759,48.80612996306622,0.0
6542,36.83181361957466,21.511720036933745,48.80612996306622,0.0
6543,36.83181361957466,21.511720036933745,54.60982996306621,0.0
6544,36.83181361957466,21.511720036933745,46.42423439519915,0.0
6545,36.83181361957466,14.942936288088662,25.37160281625178,0.0
6546,21.052631578947366,14.942936288088662,10.516214219759934,0.0
6547,0.0,14.942936288088662,7.488088642659292,0.0
6548,-0.0,-0.0,7.488088642659292,0.0
6549,0.0,-0.0,-0.0,0.0
6550,0.0,0.0,0.0,0.0
6551,0.0,1.124098199445995,4.6333518005539975,0.0
6552,11.428099999999999,1.124098199445995,4.6333518005539975,0.0
6553,26.481750000000012,1.124098199445995,4.6333518005539975,0.0
6554,26.481750000000012,17.79764819944598,4.6333518005539975,0.0
6555,26.481750000000012,31.967598199445977,4.6333518005539975,0.0
6556,32.90935,31.967598199445977,4.6333518005539975,0.0
6557,32.90935,31.967598199445977,-0.0,0.0
6558,32.90935,17.55219653739612,-0.0,0.0
6559,32.90935,4.953415373961212,-0.0,0.0
6560,32.90935,0.7526397506925138,-0.0,0.0
6561,32.90935,6.139389750692528,-0.0,0.0
6562,32.90935,19.265439750692536,-0.0,0.0
6563,51.36850000000001,19.265439750692536,0.0,0.0
6564,53.4391,19.265439750692536,19.0,0.0
6565,53.4391,20.90918975069255,19.0,0.0
6566,53.4391,20.90918975069255,35.24219999999998,0.0
6567,53.4391,23.80660637119113,38.0851833795014,0.0
6568,53.4391,10.816357063711884,38.0851833795014,0.0
6569,46.15156537396122,10.816357063711884,17.032551800554035,0.0
6570,27.390803324099707,0.0,17.032551800554035,0.0
6571,6.578393351800556,-0.0,17.032551800554035,0.0
6572,6.578393351800556,-0.0,3.603521329639907,0.0
6573,0.0,-0.0,3.603521329639907,0.0
6574,-0.0,-0.0,6.185921329639905,0.0
6575,-0.0,2.6926307479224683,13.834540581717434,0.0
6576,14.582450000000001,2.6926307479224683,13.834540581717434,0.0
6577,32.094999999999985,2.6926307479224683,13.834540581717434,0.0
6578,32.094999999999985,2.6926307479224683,32.32994058171744,0.0
6579,32.094999999999985,18.24493074792246,32.32994058171744,0.0
6580,39.533949999999976,18.24493074792246,32.32994058171744,0.0
6581,39.533949999999976,13.940166204986147,32.32994058171744,0.0
6582,24.81799432132961,13.940166204986147,32.32994058171744,0.0
6583,24.81799432132961,0.0,32.32994058171744,0.0
6584,24.81799432132961,-0.0,25.6421289473684,0.0
6585,24.81799432132961,-0.0,28.957428947368406,0.0
6586,24.81799432132961,-0.0,40.998328947368414,0.0
6587,30.918546398891934,11.689297922437673,40.998328947368414,0.0
6588,30.918546398891934,12.998247922437685,59.998328947368414,0.0
6589,31.58754639889195,12.998247922437685,78.9983289473684,0.0
6590,37.567266620498636,12.998247922437685,78.9983289473684,0.0
6591,37.567266620498636,18.170747922437666,78.9983289473684,0.0
6592,37.567266620498636,18.170747922437666,64.8581073407202,0.0
6593,27.732972991689785,18.170747922437666,43.805475761772826,0.0
6594,6.680341412742418,18.170747922437666,31.44885526315786,0.0
6595,0.0,18.170747922437666,12.834681440443227,0.0
6596,-0.0,0.0,12.834681440443227,0.0
6597,0.0,-0.0,1.5527977839335143,0.0
6598,0.0,0.0,0.0,0.0
6599,-0.0,6.590149999999998,-0.0,0.0
6600,0.0,13.10733531855955,4.573364681440466,0.0
6601,14.063799999999988,13.10733531855955,4.573364681440466,0.0
6602,27.455654986149536,14.811080332409992,4.573364681440466,0.0
6603,27.455654986149536,14.811080332409992,17.07816468144044,0.0
6604,32.15780498614954,14.811080332409992,17.07816468144044,0.0
6605,25.444896398891935,14.811080332409992,17.07816468144044,0.0
6606,9.134314681440433,14.811080332409992,17.07816468144044,0.0
6607,9.134314681440433,0.0,17.07816468144044,0.0
6608,9.134314681440433,-0.0,10.955228393351778,0.0
6609,9.134314681440433,-0.0,10.955228393351778,0.0
6610,9.134314681440433,-0.0,24.761178393351777,0.0
6611,9.134314681440433,-0.0,33.33888074792245,0.0
6612,13.655464681440442,19.0,33.33888074792245,0.0
6613,13.655464681440442,38.0,37.974280747922464,0.0
6614,32.65546468144044,38.63065000000001,37.974280747922464,0.0
6615,41.48271468144044,38.63065000000001,37.974280747922464,0.0
6616,29.613905817174516,38.63065000000001,37.974280747922464,0.0
6617,21.052631578947366,38.63065000000001,16.9216491689751,0.0
6618,21.052631578947366,17.578018421052644,6.282812603878138,0.0
6619,-0.0,15.754195706371194,6.282812603878138,0.0
6620,0.0,0.857353601108036,6.282812603878138,0.0
6621,0.0,0.0,0.0,0.0
6622,-0.0,-0.0,-0.0,0.0
6623,-0.0,9.898649999999991,-0.0,0.0
6624,-0.0,25.663649999999976,-0.0,0.0
6625,19.0,25.663649999999976,1.0091499999999967,0.0
6626,19.0,28.962349999999986,1.0091499999999967,0.0
6627,19.0,30.28235,1.0091499999999967,0.0
6628,31.790350000000004,30.28235,1.0091499999999967,0.0
6629,31.790350000000004,32.421050000000015,1.0091499999999967,0.0
6630,24.696056371191148,32.421050000000015,1.0091499999999967,0.0
6631,24.696056371191148,26.379000138504182,1.0091499999999967,0.0
6632,24.696056371191148,27.823850138504213,1.0091499999999967,0.0
6633,24.696056371191148,27.823850138504213,1.0091499999999967,0.0
6634,24.696056371191148,28.2659501385042,1.0091499999999967,0.0
6635,24.696056371191148,28.2659501385042,1.0091499999999967,0.0
6636,24.696056371191148,30.229469667590063,20.009149999999998,0.0
6637,24.696056371191148,30.229469667590063,20.009149999999998,0.0
6638,38.200779639889205,30.229469667590063,29.225476731301946,0.0
6639,38.200779639889205,30.229469667590063,29.225476731301946,0.0
6640,31.42886828254849,30.229469667590063,29.225476731301946,0.0
6641,10.376236703601123,28.49007908587261,29.225476731301946,0.0
6642,8.204657756232685,7.437447506925243,29.225476731301946,0.0
6643,0.9882548476454345,0.0,29.225476731301946,0.0
6644,0.9882548476454345,-0.0,21.441432409972315,0.0
6645,-0.0,-0.0,21.441432409972315,0.0
6646,-0.0,-0.0,29.199282409972298,0.0
6647,-0.0,15.364849999999986,29.199282409972298,0.0
6648,0.0,15.364849999999986,29.199282409972298,0.0
6649,19.0,15.364849999999986,31.769432409972293,0.0
6650,19.0,15.364849999999986,35.69373240997231,0.0
6651,38.0,15.364849999999986,37.06603240997231,0.0
6652,38.0,15.364849999999986,37.06603240997231,0.0
6653,38.0,15.364849999999986,37.06603240997231,0.0
6654,38.0,15.364849999999986,26.76365013850416,0.0
6655,38.0,15.364849999999986,16.928082271468163,0.0
6656,35.696509695290835,15.364849999999986,16.928082271468163,0.0
6657,35.696509695290835,22.926399999999973,16.928082271468163,0.0
6658,35.696509695290835,22.926399999999973,33.28618227146816,0.0
6659,39.017909695290825,41.92639999999997,33.28618227146816,0.0
6660,39.017909695290825,48.38914999999999,33.28618227146816,0.0
6661,39.017909695290825,48.38914999999999,33.28618227146816,0.0
6662,39.017909695290825,48.38914999999999,36.662382271468175,0.0
6663,39.017909695290825,59.70750000000001,36.662382271468175,0.0
6664,39.017909695290825,59.70750000000001,29.44537396121885,0.0
6665,37.32284044321326,59.70750000000001,8.392742382271482,0.0
6666,34.20261883656504,38.65486842105264,8.392742382271482,0.0
6667,18.549710249307402,38.65486842105264,8.392742382271482,0.0
6668,18.549710249307402,38.65486842105264,0.0,0.0
6669,17.06128919667581,38.65486842105264,0.0,0.0
6670,17.06128919667581,45.51751842105264,-0.0,0.0
6671,17.06128919667581,45.51751842105264,-0.0,0.0
6672,35.24203919667579,45.51751842105264,-0.0,0.0
6673,54.24203919667579,48.23731842105266,-0.0,0.0
6674,58.42263919667579,48.23731842105266,19.0,0.0
6675,60.33928919667581,48.23731842105266,19.0,0.0
6676,60.33928919667581,48.23731842105266,32.462899999999976,0.0
6677,60.33928919667581,48.23731842105266,35.20964999999997,0.0
6678,53.50244709141265,48.23731842105266,35.20964999999997,0.0
6679,53.50244709141265,48.23731842105266,28.829262188365593,0.0
6680,53.50244709141265,48.23731842105266,28.829262188365593,0.0
6681,53.50244709141265,48.23731842105266,28.829262188365593,0.0
6682,53.50244709141265,48.23731842105266,28.829262188365593,0.0
6683,53.50244709141265,48.23731842105266,28.829262188365593,0.0
6684,61.658247091412676,48.23731842105266,28.829262188365593,0.0
6685,69.76514709141269,48.23731842105266,28.829262188365593,0.0
6686,69.76514709141269,48.23731842105266,28.829262188365593,0.0
6687,69.76514709141269,48.23731842105266,43.23276218836559,0.0
6688,68.13567340720216,48.23731842105266,43.23276218836559,0.0
6689,50.67910831024926,48.23731842105266,43.23276218836559,0.0
6690,50.67910831024926,28.043301800554048,43.23276218836559,0.0
6691,50.67910831024926,28.043301800554048,31.400130609418223,0.0
6692,46.69090886426587,28.043301800554048,31.400130609418223,0.0
6693,46.69090886426587,31.10965180055403,31.400130609418223,0.0
6694,46.69090886426587,31.10965180055403,31.400130609418223,0.0
6695,46.69090886426587,31.10965180055403,32.676380609418224,0.0
6696,50.50255886426586,31.10965180055403,51.676380609418224,0.0
6697,50.50255886426586,31.10965180055403,58.90388060941822,0.0
6698,55.98798947368409,50.10965180055403,62.0,0.0
6699,61.42983947368408,69.10965180055403,62.0,0.0
6700,61.42983947368408,69.10965180055403,62.0,0.0
6701,61.42983947368408,74.50905180055403,62.0,0.0
6702,56.276155263157754,74.50905180055403,62.0,0.0
6703,56.276155263157754,69.1262263157895,62.0,0.0
6704,56.276155263157754,69.1262263157895,62.0,0.0
6705,56.276155263157754,69.1262263157895,62.0,0.0
6706,56.276155263157754,70.32277631578951,81.0,0.0
6707,75.27615526315776,70.32277631578951,81.0,0.0
6708,75.27615526315776,84.04099999999998,81.0,0.0
6709,81.0,84.04099999999998,100.0,0.0
6710,100.0,87.76074999999999,100.0,0.0
6711,100.0,100.0,100.0,0.0
6712,100.0,100.0,93.2729085872576,0.0
6713,100.0,96.71606648199447,72.22027700831023,0.0
6714,100.0,75.6634349030471,65.50188365650966,0.0
6715,90.00399999999999,75.6634349030471,55.48730193905814,0.0
6716,90.00399999999999,62.61030470914129,55.48730193905814,0.0
6717,90.00399999999999,56.57024930747924,55.48730193905814,0.0
6718,90.00399999999999,56.57024930747924,58.655801939058136,0.0
6719,90.00399999999999,56.57024930747924,58.655801939058136,0.0
6720,90.00399999999999,56.57024930747924,73.93645193905816,0.0
6721,90.00399999999999,56.57024930747924,92.51690193905816,0.0
6722,90.00399999999999,69.1740512465374,100.0,0.0
6723,90.00399999999999,86.92720124653741,100.0,0.0
6724,100.0,86.92720124653741,100.0,0.0
6725,100.0,85.99091315789475,100.0,0.0
6726,100.0,85.99091315789475,88.01795013850418,0.0
6727,87.98720124653738,85.53645429362882,88.01795013850418,0.0
6728,87.98720124653738,81.0,88.01795013850418,0.0
6729,87.98720124653738,81.0,88.01795013850418,0.0
6730,87.98720124653738,81.0,88.01795013850418,0.0
6731,87.98720124653738,81.0,96.1924,0.0
6732,87.98720124653738,81.0,98.08785,0.0
6733,87.98720124653738,100.0,100.0,0.0
6734,87.98720124653738,100.0,100.0,0.0
6735,95.7628512465374,100.0,100.0,0.0
6736,85.88844681440443,100.0,100.0,0.0
6737,85.88844681440443,78.94736842105263,95.04537396121889,0.0
6738,64.83581523545706,78.94736842105263,87.37036011080338,0.0
6739,64.61049667590027,78.94736842105263,66.317728531856,0.0
6740,64.61049667590027,64.03396121883655,66.317728531856,0.0
6741,64.61049667590027,64.03396121883655,57.91041551246543,0.0
6742,64.61049667590027,64.03396121883655,58.52996551246542,0.0
6743,64.61049667590027,64.03396121883655,58.52996551246542,0.0
6744,64.61049667590027,64.03396121883655,72.69606551246541,0.0
6745,64.61049667590027,64.03396121883655,72.69606551246541,0.0
6746,64.61049667590027,79.9486686980609,72.69606551246541,0.0
6747,64.61049667590027,79.9486686980609,89.58161551246539,0.0
6748,74.14839667590027,79.9486686980609,89.58161551246539,0.0
6749,73.32119445983379,79.9486686980609,89.58161551246539,0.0
6750,72.4986,68.97165096952907,89.58161551246539,0.0
6751,72.4986,55.82832686980605,89.58161551246539,0.0
6752,72.4986,50.0955844875346,89.58161551246539,0.0
6753,72.4986,53.678184487534615,89.58161551246539,0.0
6754,72.4986,53.678184487534615,89.58161551246539,0.0
6755,72.4986,64.044,97.9051,0.0
6756,74.84969999999998,83.044,97.9051,0.0
6757,93.84969999999998,83.044,100.0,0.0
6758,93.84969999999998,100.0,100.0,0.0
6759,100.0,100.0,100.0,0.0
6760,100.0,100.0,87.58568790397045,0.0
6761,92.01316712834719,78.94736842105263,87.58568790397045,0.0
6762,82.62855032317637,78.94736842105263,66.53305632502308,0.0
6763,62.2848568790397,78.94736842105263,66.53305632502308,0.0
6764,58.26546846722065,67.73272174515238,66.53305632502308,0.0
6765,58.26546846722065,57.274550000000005,66.53305632502308,0.0
6766,58.26546846722065,57.274550000000005,66.53305632502308,0.0
6767,58.26546846722065,63.05159999999999,66.53305632502308,0.0
6768,69.45541846722067,63.05159999999999,66.53305632502308,0.0
6769,69.45541846722067,63.05159999999999,80.91285632502309,0.0
6770,69.45541846722067,78.5996,80.91285632502309,0.0
6771,69.94607479224376,78.5996,93.92394999999999,0.0
6772,69.94607479224376,78.5996,100.0,0.0
6773,69.94607479224376,78.5996,95.3045429362881,0.0
6774,69.94607479224376,78.5996,81.81665743305633,0.0
6775,53.66540997229916,78.5996,81.81665743305633,0.0
6776,48.1584774238227,78.5996,81.34865000000002,0.0
6777,48.75642742382271,78.5996,81.34865000000002,0.0
6778,48.75642742382271,87.3965,81.34865000000002,0.0
6779,63.27197742382269,87.3965,81.34865000000002,0.0
6780,80.6318774238227,87.3965,81.34865000000002,0.0
6781,80.6318774238227,87.3965,98.30614999999999,0.0
6782,80.6318774238227,100.0,98.30614999999999,0.0
6783,80.6318774238227,100.0,100.0,0.0
6784,63.802496075715595,100.0,100.0,0.0
6785,42.749864496768225,98.42706518928905,89.28299944598336,0.0
6786,29.19438896583563,77.37443361034168,89.28299944598336,0.0
6787,8.141757386888262,77.37443361034168,85.60534478301014,0.0
6788,4.201222945521714,61.82686094182827,85.60534478301014,0.0
6789,4.201222945521714,61.82686094182827,71.49886278855033,0.0
6790,4.201222945521714,61.82686094182827,69.0600077562327,0.0
6791,4.201222945521714,61.82686094182827,73.7572077562327,0.0
6792,4.201222945521714,73.61721094182826,73.7572077562327,0.0
6793,19.76262294552171,73.61721094182826,73.7572077562327,0.0
6794,37.06152294552171,73.61721094182826,73.7572077562327,0.0
6795,37.06152294552171,89.05396094182824,73.7572077562327,0.0
6796,37.06152294552171,97.14211094182825,73.7572077562327,0.0
6797,36.40205849492152,97.14211094182825,73.7572077562327,0.0
6798,25.040987396121892,97.14211094182825,73.7572077562327,0.0
6799,25.040987396121892,97.14211094182825,61.333698984302885,0.0
6800,25.040987396121892,90.14405,61.333698984302885,0.0
6801,27.731887396121913,90.14405,61.333698984302885,0.0
6802,27.731887396121913,90.14405,72.49074898430288,0.0
6803,45.181487396121895,90.14405,72.49074898430288,0.0
6804,45.181487396121895,91.45054999999998,91.49074898430288,0.0
6805,64.1814873961219,92.6625,91.49074898430288,0.0
6806,80.98858739612189,92.6625,91.49074898430288,0.0
6807,80.98858739612189,100.0,91.49074898430288,0.0
6808,80.98858739612189,92.44594644506002,91.49074898430288,0.0
6809,80.98858739612189,71.39331486611265,89.75536578947371,0.0
6810,80.98858739612189,50.34068328716528,87.59167234533703,0.0
6811,80.98858739612189,50.34068328716528,70.5563630193906,0.0
6812,80.98858739612189,42.87623070175442,67.4762542012927,0.0
6813,80.98858739612189,42.87623070175442,62.96991994459833,0.0
6814,80.98858739612189,45.17523070175441,62.96991994459833,0.0
6815,80.98858739612189,54.33538070175443,62.96991994459833,0.0
6816,80.98858739612189,65.91388070175444,62.96991994459833,0.0
6817,80.98858739612189,65.91388070175444,77.49041994459833,0.0
6818,80.98858739612189,81.55553070175444,77.49041994459833,0.0
6819,80.98858739612189,94.56323070175443,77.49041994459833,0.0
6820,80.98858739612189,94.56323070175443,82.94811994459833,0.0
6821,76.96668527239152,94.56323070175443,82.94811994459833,0.0
6822,64.00205000000001,94.56323070175443,82.94811994459833,0.0
6823,64.00205000000001,80.67095000000005,82.94811994459833,0.0
6824,64.00205000000001,80.67095000000005,76.69014999999999,0.0
6825,64.00205000000001,81.38040000000004,76.69014999999999,0.0
6826,64.00205000000001,81.38040000000004,85.91209999999998,0.0
6827,64.00205000000001,96.58285000000002,85.91209999999998,0.0
6828,82.00760000000001,96.58285000000002,85.91209999999998,0.0
6829,100.0,96.58285000000002,85.91209999999998,0.0
6830,100.0,96.58285000000002,100.0,0.0
6831,100.0,100.0,100.0,0.0
6832,100.0,100.0,88.43529085872575,0.0
6833,94.02321329639886,78.94736842105263,88.43529085872575,0.0
6834,72.9705817174515,78.94736842105263,81.47379501385039,0.0
6835,72.9705817174515,58.79196675900277,81.47379501385039,0.0
6836,72.9705817174515,45.08393351800552,81.47379501385039,0.0
6837,72.9705817174515,37.90620498614957,81.47379501385039,0.0
6838,72.9705817174515,37.90620498614957,81.47379501385039,0.0
6839,74.92919921514306,37.90620498614957,86.33166084949215,0.0
6840,74.92919921514306,50.904904986149546,86.33166084949215,0.0
6841,74.92919921514306,65.68557165281624,86.33166084949215,0.0
6842,86.02442719298236,69.51107700831027,86.33166084949215,0.0
6843,97.22397719298236,69.51107700831027,86.33166084949215,0.0
6844,97.22397719298236,74.9329603416436,86.33166084949215,0.0
6845,97.22397719298236,74.9329603416436,84.08556666666667,0.0
6846,83.69583314866102,74.9329603416436,84.08556666666667,0.0
6847,83.69583314866102,60.052683333333356,84.08556666666667,0.0
6848,76.04026528162501,60.052683333333356,84.08556666666667,0.0
6849,76.04026528162501,60.052683333333356,84.08556666666667,0.0
6850,76.04026528162501,67.71141666666668,84.08556666666667,0.0
6851,76.04026528162501,67.71141666666668,98.17365,0.0
6852,76.24793194829167,86.71141666666668,98.17365,0.0
6853,95.24793194829167,86.71141666666668,100.0,0.0
6854,95.24793194829167,100.0,100.0,0.0
6855,100.0,100.0,100.0,0.0
6856,95.7464739612189,100.0,90.19757036011072,0.0
6857,88.19456260387818,100.0,69.14493878116335,0.0
6858,67.14193102493081,92.89030470914126,69.14493878116335,0.0
6859,67.14193102493081,73.09883656509695,69.14493878116335,0.0
6860,54.36708337950146,73.09883656509695,69.14493878116335,0.0
6861,54.36708337950146,67.17684210526315,69.14493878116335,0.0
6862,54.36708337950146,68.3276587719298,69.14493878116335,0.0
6863,54.36708337950146,68.3276587719298,79.12728878116333,0.0
6864,54.36708337950146,81.3246087719298,79.12728878116333,0.0
6865,54.36708337950146,81.3246087719298,92.32122807017552,0.0
6866,71.63013337950144,81.3246087719298,92.32122807017552,0.0
6867,71.63013337950144,95.9900087719298,92.32122807017552,0.0
6868,71.63013337950144,100.0,95.44718684210531,0.0
6869,71.63013337950144,100.0,92.14646662049866,0.0
6870,71.63013337950144,86.19872576177283,92.14646662049866,0.0
6871,71.63013337950144,86.19872576177283,76.47245000000004,0.0
6872,62.86542423822718,86.19872576177283,76.47245000000004,0.0
6873,62.86542423822718,86.19872576177283,77.05045,0.0
6874,62.86542423822718,86.19872576177283,86.50970000000001,0.0
6875,62.86542423822718,86.19872576177283,99.31673333333333,0.0
6876,81.68757423822717,86.19872576177283,99.31673333333333,0.0
6877,99.99842423822717,86.19872576177283,99.31673333333333,0.0
6878,100.0,100.0,99.31673333333333,0.0
6879,100.0,100.0,100.0,0.0
6880,100.0,100.0,82.87096952908587,0.0
6881,80.31371565096948,100.0,70.62046717451527,0.0
6882,59.261084072022115,88.09972299168975,70.62046717451527,0.0
6883,40.92444792243852,88.09972299168975,70.62046717451527,0.0
6884,40.92444792243852,88.09972299168975,51.57038407202221,0.0
6885,28.36594376731387,88.09972299168975,51.57038407202221,0.0
6886,28.36594376731387,84.63689750692518,51.57038407202221,0.0
6887,28.36594376731387,84.63689750692518,55.9783340720222,0.0
6888,28.36594376731387,84.63689750692518,65.11293407202218,0.0
6889,40.823243767313876,84.63689750692518,65.11293407202218,0.0
6890,40.823243767313876,84.63689750692518,78.91703407202219,0.0
6891,40.823243767313876,95.81199750692517,78.91703407202219,0.0
6892,44.37169376731387,95.81199750692517,78.91703407202219,0.0
6893,36.157455540167064,95.81199750692517,78.91703407202219,0.0
6894,36.157455540167064,95.81199750692517,59.436147645429386,0.0
6895,34.880779639890065,74.7593659279778,59.436147645429386,0.0
6896,34.880779639890065,74.7593659279778,59.436147645429386,0.0
6897,34.880779639890065,67.02413047091406,59.436147645429386,0.0
6898,35.73787963989006,67.02413047091406,59.436147645429386,0.0
6899,35.73787963989006,74.31943047091404,59.436147645429386,0.0
6900,35.73787963989006,74.31943047091404,69.52694764542939,0.0
6901,35.73787963989006,74.31943047091404,79.6352976454294,0.0
6902,35.73787963989006,74.31943047091404,86.13114764542941,0.0
6903,35.73787963989006,74.31943047091404,82.22294819944602,0.0
6904,33.28718711911446,53.26679889196667,82.22294819944602,0.0
6905,21.052631578947366,48.257864127424625,61.17031662049865,0.0
6906,21.052631578947366,27.205232548477262,44.40383462603883,0.0
6907,21.052631578947366,18.118196537396912,23.351203047091467,0.0
6908,0.0,16.07298878116422,23.351203047091467,0.0
6909,-0.0,16.07298878116422,7.442837396121924,0.0
6910,-0.0,10.144678531856716,7.442837396121924,0.0
6911,-0.0,13.263528531856704,7.442837396121924,0.0
6912,7.7788843490305215,13.711094182826162,7.442837396121924,0.0
6913,20.39633434903051,13.711094182826162,7.442837396121924,0.0
6914,20.39633434903051,13.711094182826162,22.48058739612192,0.0
6915,33.85093434903051,13.711094182826162,22.48058739612192,0.0
6916,33.85093434903051,13.711094182826162,29.60653739612191,0.0
6917,33.85093434903051,13.711094182826162,27.209085872576214,0.0
6918,33.85093434903051,13.711094182826162,14.719279778393371,0.0
6919,33.85093434903051,13.711094182826162,-0.0,0.0
6920,33.85093434903051,5.162839335180712,0.0,0.0
6921,33.85093434903051,5.162839335180712,0.3582500000000085,0.0
6922,33.85093434903051,5.162839335180712,9.059649999999973,0.0
6923,33.85093434903051,19.96728933518069,9.059649999999973,0.0
6924,33.85093434903051,37.52258933518066,9.059649999999973,0.0
6925,33.85093434903051,37.52258933518066,26.28009999999995,0.0
6926,33.85093434903051,38.0301939058172,39.18059542936341,0.0
6927,37.4716343490305,38.0301939058172,39.18059542936341,0.0
6928,23.047091412742393,38.0301939058172,39.18059542936341,0.0
6929,23.047091412742393,16.977562326869837,32.61239598338001,0.0
6930,23.047091412742393,11.712409972299184,11.559764404432647,0.0
6931,4.807368421052639,11.712409972299184,11.559764404432647,0.0
6932,4.807368421052639,-0.0,11.559764404432647,0.0
6933,0.0,-0.0,11.559764404432647,0.0
6934,-0.0,-0.0,15.677864404432638,0.0
6935,-0.0,0.0,27.53791440443264,0.0
6936,-0.0,15.59080000000001,27.53791440443264,0.0
6937,18.1896,15.59080000000001,27.53791440443264,0.0
6938,18.31734999999999,15.59080000000001,46.53791440443264,0.0
6939,18.31734999999999,31.689550000000025,46.53791440443264,0.0
6940,26.216949999999983,31.689550000000025,46.53791440443264,0.0
6941,26.216949999999983,31.689550000000025,46.53791440443264,0.0
6942,11.407365512465358,31.689550000000025,46.53791440443264,0.0
6943,3.9576566481999045,21.47105941828208,46.53791440443264,0.0
6944,3.9576566481999045,21.47105941828208,34.53824681440496,0.0
6945,3.9576566481999045,21.47105941828208,34.53824681440496,0.0
6946,3.9576566481999045,26.508009418282064,34.53824681440496,0.0
6947,14.608206648199886,26.508009418282064,34.53824681440496,0.0
6948,14.608206648199886,26.508009418282064,48.05974681440497,0.0
6949,28.024706648199867,26.508009418282064,48.05974681440497,0.0
6950,37.260006648199855,26.508009418282064,48.05974681440497,0.0
6951,35.92942493074833,26.508009418282064,48.05974681440497,0.0
6952,35.92942493074833,23.172686980609434,32.0307479224377,0.0
6953,35.92942493074833,23.172686980609434,19.813518005540175,0.0
6954,35.92942493074833,2.120055401662066,9.045429362880897,0.0
6955,14.876793351800966,-0.0,9.045429362880897,0.0
6956,14.876793351800966,-0.0,9.045429362880897,0.0
6957,14.876793351800966,-0.0,0.0,0.0
6958,14.876793351800966,-0.0,0.9615999999999959,0.0
6959,14.876793351800966,-0.0,9.985999999999995,0.0
6960,29.49469335180098,-0.0,9.985999999999995,0.0
6961,47.36059335180096,0.0,9.985999999999995,0.0
6962,47.36059335180096,19.0,10.013499999999995,0.0
6963,63.61894335180096,19.0,10.013499999999995,0.0
6964,63.61894335180096,19.0,18.17624999999999,0.0
6965,60.714843628809234,19.0,18.17624999999999,0.0
6966,46.48254445983415,19.0,18.17624999999999,0.0
6967,46.48254445983415,2.0240997229916857,18.17624999999999,0.0
6968,46.48254445983415,2.0240997229916857,7.005945290858721,0.0
6969,43.87606246537432,2.0240997229916857,7.005945290858721,0.0
6970,43.87606246537432,2.0240997229916857,13.646995290858708,0.0
6971,57.240112465374295,2.0240997229916857,13.646995290858708,0.0
6972,57.240112465374295,2.0240997229916857,29.95329529085869,0.0
6973,57.240112465374295,2.0240997229916857,46.01759529085871,0.0
6974,57.240112465374295,13.122819252077607,47.01787576177281,0.0
6975,57.240112465374295,14.635069252077617,47.01787576177281,0.0
6976,40.32088808864296,14.635069252077617,47.01787576177281,0.0
6977,40.32088808864296,7.098005540166211,47.01787576177281,0.0
6978,40.32088808864296,2.310415512465385,25.96524418282544,0.0
6979,40.32088808864296,2.310415512465385,8.789510110803256,0.0
6980,30.5424947368424,2.310415512465385,8.789510110803256,0.0
6981,30.5424947368424,0.0,8.789510110803256,0.0
6982,30.5424947368424,-0.0,15.668560110803238,0.0
6983,45.718244736842394,-0.0,15.668560110803238,0.0
6984,45.718244736842394,-0.0,33.94666011080325,0.0
6985,47.410499999999985,19.0,34.89255484764566,0.0
6986,66.41049999999998,23.028100000000006,34.89255484764566,0.0
6987,66.41049999999998,42.02810000000001,36.64455484764566,0.0
6988,79.89444999999998,42.02810000000001,36.64455484764566,0.0
6989,79.89444999999998,42.02810000000001,39.63020484764564,0.0
6990,79.89444999999998,42.02810000000001,31.692254709141498,0.0
6991,79.89444999999998,42.02810000000001,21.010869667590264,0.0
6992,79.89444999999998,42.02810000000001,16.142171606648425,0.0
6993,79.89444999999998,46.228750000000005,16.142171606648425,0.0
6994,79.89444999999998,59.39174999999999,16.142171606648425,0.0
6995,81.0,59.39174999999999,35.142171606648425,0.0
6996,81.0,64.12844999999996,54.142171606648425,0.0
6997,100.0,69.12434999999995,54.142171606648425,0.0
6998,100.0,88.12434999999995,55.49902160664844,0.0
6999,100.0,88.12434999999995,65.13037160664842,0.0
7000,91.112243767313,88.12434999999995,65.13037160664842,0.0
7001,91.112243767313,85.96119210526311,44.07774002770106,0.0
7002,70.05961218836563,85.96119210526311,41.70627188365673,0.0
7003,70.05961218836563,70.03731398891959,41.70627188365673,0.0
7004,70.05961218836563,60.07603975069246,41.70627188365673,0.0
7005,70.05961218836563,60.07603975069246,37.59674279778417,0.0
7006,70.05961218836563,60.07603975069246,42.12849279778416,0.0
7007,70.05961218836563,60.07603975069246,54.29229279778416,0.0
7008,84.81531218836562,60.07603975069246,54.29229279778416,0.0
7009,84.81531218836562,73.56082576177296,58.82620678670365,0.0
7010,85.38436218836561,73.56082576177296,77.82620678670365,0.0
7011,85.38436218836561,73.56082576177296,94.79735678670365,0.0
7012,85.38436218836561,82.88637576177294,94.79735678670365,0.0
7013,85.38436218836561,82.88637576177294,93.11214903047093,0.0
7014,85.38436218836561,82.88637576177294,79.71780000000003,0.0
7015,68.38275554016616,82.88637576177294,79.71780000000003,0.0
7016,68.38275554016616,82.88637576177294,79.71780000000003,0.0
7017,68.38275554016616,79.82964445983387,79.71780000000003,0.0
7018,68.38275554016616,79.82964445983387,85.78360000000002,0.0
7019,81.58230554016616,79.82964445983387,85.78360000000002,0.0
7020,98.74610554016614,79.82964445983387,85.78360000000002,0.0
7021,100.0,96.2941,85.78360000000002,0.0
7022,100.0,96.2941,100.0,0.0
7023,100.0,100.0,100.0,0.0
7024,100.0,100.0,100.0,0.0
7025,92.17133157894737,79.45503961218836,100.0,0.0
7026,71.1187,73.83858531855955,100.0,0.0
7027,71.1187,73.83858531855955,81.23379501385043,0.0
7028,71.1187,61.24767119113572,81.23379501385043,0.0
7029,71.1187,61.24767119113572,81.23379501385043,0.0
7030,71.1187,63.08817119113573,81.23379501385043,0.0
7031,71.1187,63.08817119113573,90.37199501385041,0.0
7032,71.1187,74.16587119113572,90.37199501385041,0.0
7033,84.95039999999999,74.16587119113572,90.37199501385041,0.0
7034,100.0,74.16587119113572,90.37199501385041,0.0
7035,100.0,86.73212119113572,90.37199501385041,0.0
7036,100.0,86.73212119113572,95.5993450138504,0.0
7037,100.0,86.73212119113572,89.6575721606648,0.0
7038,100.0,86.73212119113572,89.6575721606648,0.0
7039,78.94736842105263,86.28275831024928,89.6575721606648,0.0
7040,78.94736842105263,86.28275831024928,89.6575721606648,0.0
7041,78.94736842105263,80.5483538781163,89.6575721606648,0.0
7042,80.80599445983373,80.94120000000001,90.58825000000002,0.0
7043,80.80599445983373,80.94120000000001,100.0,0.0
7044,93.10699445983371,80.94120000000001,100.0,0.0
7045,93.10699445983371,92.6827,100.0,0.0
7046,93.10699445983371,100.0,100.0,0.0
7047,93.10699445983371,100.0,100.0,0.0
7048,93.10699445983371,96.78265927977839,100.0,0.0
7049,82.48505540166198,96.78265927977839,100.0,0.0
7050,61.43242382271461,96.78265927977839,86.09523545706371,0.0
7051,55.699736842105175,96.78265927977839,65.04260387811634,0.0
7052,55.699736842105175,96.78265927977839,65.04260387811634,0.0
7053,55.699736842105175,96.78265927977839,65.04260387811634,0.0
7054,55.699736842105175,96.78265927977839,65.04260387811634,0.0
7055,55.699736842105175,96.78265927977839,69.13210387811631,0.0
7056,64.46278684210517,96.78265927977839,69.13210387811631,0.0
7057,75.93748684210516,96.78265927977839,69.13210387811631,0.0
7058,88.33188684210518,96.78265927977839,69.13210387811631,0.0
7059,98.14133684210518,96.78265927977839,69.13210387811631,0.0
7060,98.14133684210518,98.99595927977838,69.13210387811631,0.0
7061,98.14133684210518,98.99595927977838,69.13210387811631,0.0
7062,77.0887052631578,98.70809224376731,69.13210387811631,0.0
7063,77.0887052631578,90.23575000000004,52.3703740997229,0.0
7064,77.0887052631578,90.23575000000004,52.3703740997229,0.0
7065,64.39596288088632,90.23575000000004,52.3703740997229,0.0
7066,64.39596288088632,90.23575000000004,50.18400290858718,0.0
7067,64.39596288088632,90.23575000000004,55.339702908587185,0.0
7068,64.39596288088632,90.23575000000004,64.43555290858718,0.0
7069,64.39596288088632,100.0,64.43555290858718,0.0
7070,70.0851128808863,100.0,64.43555290858718,0.0
7071,70.0851128808863,100.0,64.43555290858718,0.0
7072,61.548200415513065,100.0,64.43555290858718,0.0
7073,40.495568836565695,85.71135734072021,64.43555290858718,0.0
7074,40.495568836565695,85.71135734072021,58.690455955678594,0.0
7075,40.495568836565695,85.71135734072021,58.690455955678594,0.0
7076,40.495568836565695,85.71135734072021,58.690455955678594,0.0
7077,40.495568836565695,85.71135734072021,48.94613462603868,0.0
7078,40.69696883656569,85.71135734072021,48.94613462603868,0.0
7079,40.69696883656569,85.71135734072021,57.11468462603869,0.0
7080,53.424868836565686,85.71135734072021,57.11468462603869,0.0
7081,68.98111883656567,85.71135734072021,57.11468462603869,0.0
7082,85.65161883656566,85.71135734072021,57.11468462603869,0.0
7083,85.65161883656566,85.71135734072021,71.04058462603871,0.0
7084,91.82011883656565,85.71135734072021,71.04058462603871,0.0
7085,91.82011883656565,85.71135734072021,66.1561524930747,0.0
7086,91.82011883656565,68.94548476454293,66.1561524930747,0.0
7087,91.82011883656565,68.94548476454293,66.1561524930747,0.0
7088,91.82011883656565,68.94548476454293,66.1561524930747,0.0
7089,89.71724999999998,68.94548476454293,60.537691689751185,0.0
7090,91.29499999999999,68.94548476454293,60.537691689751185,0.0
7091,100.0,68.94548476454293,60.537691689751185,0.0
7092,100.0,68.94548476454293,73.04424168975117,0.0
7093,100.0,81.56453476454291,73.04424168975117,0.0
7094,100.0,90.19553476454291,73.04424168975117,0.0
7095,100.0,90.19553476454291,73.04424168975117,0.0
7096,100.0,90.19553476454291,52.829615650970005,0.0
7097,100.0,77.49121343490305,52.829615650970005,0.0
7098,100.0,65.8887203601108,31.77698407202264,0.0
7099,86.44976980609458,65.8887203601108,20.42992894736849,0.0
7100,86.44976980609458,65.8887203601108,20.42992894736849,0.0
7101,74.5805177285322,65.8887203601108,20.42992894736849,0.0
7102,71.79065623268731,65.8887203601108,20.42992894736849,0.0
7103,71.79065623268731,65.8887203601108,25.194678947368487,0.0
7104,71.79065623268731,65.8887203601108,34.50487894736848,0.0
7105,71.79065623268731,65.8887203601108,46.86612894736848,0.0
7106,71.79065623268731,65.8887203601108,60.263628947368474,0.0
7107,71.79065623268731,76.66802036011079,60.263628947368474,0.0
7108,71.79065623268731,76.66802036011079,62.939128947368474,0.0
7109,71.79065623268731,76.66802036011079,62.939128947368474,0.0
7110,51.13093324099755,76.66802036011079,62.939128947368474,0.0
7111,51.13093324099755,76.66802036011079,62.939128947368474,0.0
7112,30.804174238227468,76.66802036011079,62.939128947368474,0.0
7113,18.937581440443523,76.66802036011079,62.939128947368474,0.0
7114,18.937581440443523,76.66802036011079,62.939128947368474,0.0
7115,24.567781440443508,76.66802036011079,62.939128947368474,0.0
7116,24.567781440443508,86.29232036011076,62.939128947368474,0.0
7117,24.567781440443508,86.29232036011076,72.96852894736845,0.0
7118,24.567781440443508,92.11912036011074,72.96852894736845,0.0
7119,17.019027977839603,92.11912036011074,72.96852894736845,0.0
7120,17.019027977839603,90.58953587257612,72.96852894736845,0.0
7121,17.019027977839603,90.58953587257612,72.96852894736845,0.0
7122,17.019027977839603,79.56133642659273,72.96852894736845,0.0
7123,17.019027977839603,79.56133642659273,63.972019252077594,0.0
7124,17.019027977839603,58.50870484764536,61.746202077562344,0.0
7125,17.019027977839603,58.50870484764536,45.78393060941829,0.0
7126,17.019027977839603,58.50870484764536,45.78393060941829,0.0
7127,17.019027977839603,61.02450484764537,45.78393060941829,0.0
7128,17.019027977839603,61.02450484764537,55.2414306094183,0.0
7129,30.38217797783961,61.02450484764537,55.2414306094183,0.0
7130,45.7421779778396,61.02450484764537,55.2414306094183,0.0
7131,59.50457797783959,61.02450484764537,55.2414306094183,0.0
7132,66.27862797783958,61.02450484764537,55.2414306094183,0.0
7133,66.27862797783958,57.322510387811576,55.2414306094183,0.0
7134,51.381730470914334,57.322510387811576,55.2414306094183,0.0
7135,51.381730470914334,57.322510387811576,36.33356357340722,0.0
7136,37.75419584487557,57.322510387811576,36.33356357340722,0.0
7137,37.75419584487557,57.322510387811576,36.33356357340722,0.0
7138,37.75419584487557,61.360910387811586,36.33356357340722,0.0
7139,49.24224584487558,61.360910387811586,36.33356357340722,0.0
7140,49.24224584487558,61.360910387811586,51.61726357340724,0.0
7141,49.24224584487558,76.70231038781158,51.61726357340724,0.0
7142,60.539245844875566,76.70231038781158,51.61726357340724,0.0
7143,60.539245844875566,76.70231038781158,51.61726357340724,0.0
7144,60.539245844875566,76.70231038781158,51.61726357340724,0.0
7145,39.4866142659282,69.23566218836557,51.61726357340724,0.0
7146,39.4866142659282,69.23566218836557,46.75393947368424,0.0
7147,39.4866142659282,69.23566218836557,46.75393947368424,0.0
7148,39.4866142659282,69.23566218836557,46.75393947368424,0.0
7149,39.4866142659282,69.23566218836557,41.25815000000003,0.0
7150,43.05131426592818,69.23566218836557,41.25815000000003,0.0
7151,54.49216426592817,69.23566218836557,41.25815000000003,0.0
7152,54.49216426592817,69.23566218836557,56.006950000000025,0.0
7153,64.37152645429371,77.21085000000004,56.006950000000025,0.0
7154,64.37152645429371,77.21085000000004,75.00490000000002,0.0
7155,64.37152645429371,77.21085000000004,91.46440000000001,0.0
7156,64.37152645429371,77.21085000000004,100.0,0.0
7157,64.37152645429371,77.21085000000004,100.0,0.0
7158,63.31271232686983,77.21085000000004,86.03648725761778,0.0
7159,63.31271232686983,77.21085000000004,65.62446509695295,0.0
7160,63.31271232686983,77.21085000000004,65.62446509695295,0.0
7161,63.31271232686983,77.21085000000004,65.62446509695295,0.0
7162,63.31271232686983,77.21085000000004,63.923911080332445,0.0
7163,63.31271232686983,82.51785000000001,63.923911080332445,0.0
7164,63.31271232686983,91.42475,63.923911080332445,0.0
7165,63.31271232686983,100.0,63.923911080332445,0.0
7166,63.31271232686983,100.0,67.77436108033245,0.0
7167,63.31271232686983,100.0,67.77436108033245,0.0
7168,63.31271232686983,100.0,58.95807299168978,0.0
7169,56.02700360110806,92.69518240997229,58.95807299168978,0.0
7170,56.02700360110806,75.55191371191137,58.95807299168978,0.0
7171,56.02700360110806,71.61412977839338,58.95807299168978,0.0
7172,34.97437202216069,69.7090328254848,58.95807299168978,0.0
7173,34.97437202216069,69.7090328254848,58.95807299168978,0.0
7174,34.97437202216069,69.7090328254848,53.79131398891969,0.0
7175,38.69367202216069,69.7090328254848,53.79131398891969,0.0
7176,38.69367202216069,69.7090328254848,62.47456398891969,0.0
7177,38.69367202216069,81.89398282548478,62.47456398891969,0.0
7178,52.47277202216071,81.89398282548478,62.47456398891969,0.0
7179,52.47277202216071,81.89398282548478,73.76196398891969,0.0
7180,52.47277202216071,85.97588282548479,73.76196398891969,0.0
7181,52.47277202216071,85.97588282548479,73.76196398891969,0.0
7182,52.47277202216071,67.73992714681441,73.76196398891969,0.0
7183,52.47277202216071,67.73992714681441,73.76196398891969,0.0
7184,34.50667783933524,67.73992714681441,73.76196398891969,0.0
7185,24.813658448753525,67.73992714681441,73.76196398891969,0.0
7186,24.813658448753525,67.73992714681441,74.64366398891968,0.0
7187,24.813658448753525,67.73992714681441,83.7011639889197,0.0
7188,24.813658448753525,81.4080771468144,83.7011639889197,0.0
7189,24.813658448753525,81.4080771468144,98.2694139889197,0.0
7190,24.813658448753525,92.45382714681443,98.2694139889197,0.0
7191,24.813658448753525,91.83343933518006,98.2694139889197,0.0
7192,24.813658448753525,91.83343933518006,80.01146385041554,0.0
7193,24.813658448753525,91.83343933518006,71.48199016620501,0.0
7194,24.805902216066528,91.83343933518006,71.48199016620501,0.0
7195,24.805902216066528,91.83343933518006,71.48199016620501,0.0
7196,24.805902216066528,91.83343933518006,71.48199016620501,0.0
7197,24.805902216066528,87.97559999999999,71.48199016620501,0.0
7198,29.273502216066532,87.97559999999999,71.48199016620501,0.0
7199,29.273502216066532,100.0,71.48199016620501,0.0
7200,43.52625221606651,100.0,71.48199016620501,0.0
7201,43.52625221606651,100.0,89.077340166205,0.0
7202,62.31770221606651,100.0,89.077340166205,0.0
7203,78.2979022160665,100.0,89.077340166205,0.0
7204,78.2979022160665,100.0,97.469240166205,0.0
7205,78.2979022160665,100.0,97.469240166205,0.0
7206,63.571863434903044,100.0,97.469240166205,0.0
7207,63.571863434903044,100.0,77.73489113573407,0.0
7208,63.571863434903044,100.0,77.73489113573407,0.0
7209,63.571863434903044,100.0,77.73489113573407,0.0
7210,64.44566343490303,100.0,77.73489113573407,0.0
7211,72.26111343490302,100.0,77.73489113573407,0.0
7212,83.02156343490303,100.0,77.73489113573407,0.0
7213,93.62686343490303,100.0,77.73489113573407,0.0
7214,93.62686343490303,100.0,83.68854113573407,0.0
7215,93.62686343490303,100.0,83.68854113573407,0.0
7216,91.38714044321328,78.94736842105263,83.68854113573407,0.0
7217,91.38714044321328,78.94736842105263,71.32516163434903,0.0
7218,86.94880249307478,78.94736842105263,71.32516163434903,0.0
7219,86.94880249307478,78.94736842105263,69.35735000000001,0.0
7220,86.94880249307478,78.94736842105263,69.35735000000001,0.0
7221,77.75833157894735,78.94736842105263,69.35735000000001,0.0
7222,77.75833157894735,79.08466842105264,69.35735000000001,0.0
7223,77.75833157894735,79.08466842105264,77.31209999999999,0.0
7224,83.13364999999999,85.51689999999999,77.31209999999999,0.0
7225,83.13364999999999,85.51689999999999,92.77769999999998,0.0
7226,100.0,85.51689999999999,92.77769999999998,0.0
7227,100.0,100.0,92.77769999999998,0.0
7228,100.0,100.0,100.0,0.0
7229,100.0,96.57695290858724,100.0,0.0
7230,100.0,96.57695290858724,100.0,0.0
7231,100.0,87.77559944598342,100.0,0.0
7232,89.58235,87.77559944598342,95.57482451523545,0.0
7233,89.58235,87.77559944598342,88.7494505540166,0.0
7234,89.58235,89.06084944598341,88.7494505540166,0.0
7235,89.58235,96.63459944598338,88.7494505540166,0.0
7236,100.0,96.63459944598338,88.7494505540166,0.0
7237,100.0,100.0,95.15559999999999,0.0
7238,100.0,100.0,100.0,0.0
7239,100.0,100.0,100.0,0.0
7240,78.94736842105263,100.0,94.35340720221608,0.0
7241,78.94736842105263,100.0,94.35340720221608,0.0
7242,57.89473684210526,86.61396121883652,94.35340720221608,0.0
7243,56.29122229916927,65.56132963988915,92.2395587257618,0.0
7244,56.29122229916927,65.56132963988915,92.2395587257618,0.0
7245,41.27050207756262,65.56132963988915,92.2395587257618,0.0
7246,41.27050207756262,65.56132963988915,86.34870000000002,0.0
7247,41.27050207756262,67.45297963988915,86.34870000000002,0.0
7248,41.27050207756262,67.45297963988915,91.29670000000002,0.0
7249,41.27050207756262,75.25512963988912,91.29670000000002,0.0
7250,41.27050207756262,75.25512963988912,100.0,0.0
7251,41.27050207756262,80.69697963988911,100.0,0.0
7252,41.27050207756262,80.69697963988911,97.07041551246537,0.0
7253,41.27050207756262,80.69697963988911,97.07041551246537,0.0
7254,41.27050207756262,80.69697963988911,97.07041551246537,0.0
7255,41.27050207756262,80.69697963988911,97.07041551246537,0.0
7256,41.27050207756262,80.69697963988911,88.67950138504156,0.0
7257,41.27050207756262,79.75609321329631,88.67950138504156,0.0
7258,41.27050207756262,79.75609321329631,88.67950138504156,0.0
7259,41.27050207756262,79.75609321329631,88.67950138504156,0.0
7260,41.27050207756262,79.75609321329631,88.67950138504156,0.0
7261,41.27050207756262,79.75609321329631,88.67950138504156,0.0
7262,41.27050207756262,79.75609321329631,88.67950138504156,0.0
7263,41.27050207756262,79.75609321329631,88.67950138504156,0.0
7264,41.27050207756262,79.75609321329631,73.86836565096957,0.0
7265,22.140141966759284,79.75609321329631,73.86836565096957,0.0
7266,22.140141966759284,74.0274684210528,58.97560540166184,0.0
7267,10.055709833795284,52.97483684210543,58.97560540166184,0.0
7268,10.055709833795284,52.97483684210543,58.97560540166184,0.0
7269,10.055709833795284,52.97483684210543,58.97560540166184,0.0
7270,10.055709833795284,52.97483684210543,58.97560540166184,0.0
7271,10.055709833795284,53.54828684210542,58.97560540166184,0.0
7272,10.055709833795284,61.040636842105414,58.97560540166184,0.0
7273,21.43405983379528,61.040636842105414,58.97560540166184,0.0
7274,21.43405983379528,61.040636842105414,72.40790540166184,0.0
7275,32.837109833795274,61.040636842105414,72.40790540166184,0.0
7276,32.837109833795274,65.25113684210541,72.40790540166184,0.0
7277,25.21971371191163,65.25113684210541,72.40790540166184,0.0
7278,25.21971371191163,65.25113684210541,72.40790540166184,0.0
7279,25.21971371191163,65.25113684210541,72.40790540166184,0.0
7280,25.21971371191163,65.25113684210541,72.40790540166184,0.0
7281,25.21971371191163,65.25113684210541,72.40790540166184,0.0
7282,25.21971371191163,65.25113684210541,72.40790540166184,0.0
7283,25.21971371191163,65.25113684210541,72.96865540166183,0.0
7284,25.21971371191163,65.25113684210541,77.05420540166185,0.0
7285,25.21971371191163,69.33128684210538,77.05420540166185,0.0
7286,25.21971371191163,69.33128684210538,77.05420540166185,0.0
7287,25.21971371191163,69.33128684210538,77.05420540166185,0.0
7288,25.21971371191163,69.33128684210538,77.05420540166185,0.0
7289,25.21971371191163,51.23117603878128,77.05420540166185,0.0
7290,25.21971371191163,51.23117603878128,77.05420540166185,0.0
7291,25.21971371191163,49.189236980609536,77.05420540166185,0.0
7292,25.21971371191163,49.189236980609536,77.05420540166185,0.0
7293,25.21971371191163,49.189236980609536,77.05420540166185,0.0
7294,25.21971371191163,49.189236980609536,77.05420540166185,0.0
7295,25.21971371191163,53.71138698060953,77.05420540166185,0.0
7296,36.81721371191162,53.71138698060953,77.05420540166185,0.0
7297,51.77101371191161,53.71138698060953,77.05420540166185,0.0
7298,51.77101371191161,53.71138698060953,93.68175540166186,0.0
7299,61.900550000000045,53.71138698060953,97.91571911357342,0.0
7300,61.900550000000045,60.70848698060952,97.91571911357342,0.0
7301,61.900550000000045,60.70848698060952,97.91571911357342,0.0
7302,61.900550000000045,60.70848698060952,97.91571911357342,0.0
7303,61.900550000000045,60.70848698060952,97.91571911357342,0.0
7304,61.900550000000045,60.70848698060952,97.91571911357342,0.0
7305,61.900550000000045,60.70848698060952,97.91571911357342,0.0
7306,61.900550000000045,60.70848698060952,95.7386,0.0
7307,61.900550000000045,67.0018869806095,95.7386,0.0
7308,61.900550000000045,78.0660369806095,95.7386,0.0
7309,73.81515,78.0660369806095,95.7386,0.0
7310,73.81515,85.79253698060948,95.7386,0.0
7311,73.81515,85.79253698060948,95.7386,0.0
7312,73.81515,64.87985000000008,95.7386,0.0
7313,73.81515,64.87985000000008,95.7386,0.0
7314,73.81515,64.87985000000008,95.7386,0.0
7315,73.81515,64.87985000000008,95.7386,0.0
7316,73.81515,64.87985000000008,95.7386,0.0
7317,73.81515,64.87985000000008,95.7386,0.0
7318,73.81515,65.46160000000005,95.7386,0.0
7319,73.81515,73.99660000000003,95.7386,0.0
7320,73.81515,84.85260000000002,95.7386,0.0
7321,87.73540000000001,84.85260000000002,95.7386,0.0
7322,87.73540000000001,100.0,95.7386,0.0
7323,100.0,100.0,95.7386,0.0
7324,100.0,100.0,100.0,0.0
7325,100.0,100.0,100.0,0.0
7326,100.0,100.0,80.14216066481993,0.0
7327,100.0,100.0,80.14216066481993,0.0
7328,97.92243767313023,100.0,80.14216066481993,0.0
7329,94.00259999999999,88.41740000000004,80.14216066481993,0.0
7330,94.00259999999999,88.41740000000004,80.14216066481993,0.0
7331,94.00259999999999,88.41740000000004,80.9941106648199,0.0
7332,94.00259999999999,88.41740000000004,86.3139606648199,0.0
7333,100.0,88.41740000000004,86.3139606648199,0.0
7334,100.0,90.62695000000001,86.3139606648199,0.0
7335,100.0,90.62695000000001,76.22443157894732,0.0
7336,100.0,90.20019099722994,76.22443157894732,0.0
7337,100.0,90.20019099722994,60.65346204986143,0.0
7338,88.00376731301938,90.20019099722994,60.65346204986143,0.0
7339,72.18557202216066,81.35035304709145,60.65346204986143,0.0
7340,72.18557202216066,81.35035304709145,60.65346204986143,0.0
7341,72.18557202216066,81.35035304709145,60.65346204986143,0.0
7342,72.18557202216066,80.35545000000003,60.65346204986143,0.0
7343,79.42707202216064,80.35545000000003,60.65346204986143,0.0
7344,79.42707202216064,80.35545000000003,70.74206204986143,0.0
7345,79.42707202216064,80.35545000000003,84.28061204986142,0.0
7346,94.56372202216065,80.35545000000003,84.28061204986142,0.0
7347,94.56372202216065,93.16700000000002,84.28061204986142,0.0
7348,99.81022202216064,93.16700000000002,84.28061204986142,0.0
7349,99.81022202216064,93.16700000000002,84.28061204986142,0.0
7350,99.81022202216064,93.16700000000002,84.28061204986142,0.0
7351,98.13157216066487,93.16700000000002,84.28061204986142,0.0
7352,98.13157216066487,93.16700000000002,84.28061204986142,0.0
7353,98.13157216066487,93.16700000000002,84.28061204986142,0.0
7354,98.13157216066487,93.16700000000002,84.28061204986142,0.0
7355,98.13157216066487,93.16700000000002,87.11041204986142,0.0
7356,98.13157216066487,100.0,87.11041204986142,0.0
7357,100.0,100.0,92.1818342105263,0.0
7358,100.0,100.0,94.9849842105263,0.0
7359,100.0,90.70265927977839,94.9849842105263,0.0
7360,100.0,90.70265927977839,94.9849842105263,0.0
7361,89.65800554016622,90.70265927977839,94.9849842105263,0.0
7362,89.65800554016622,90.70265927977839,87.39877922437672,0.0
7363,89.51117077562328,85.24135000000001,87.39877922437672,0.0
7364,89.51117077562328,85.24135000000001,87.39877922437672,0.0
7365,89.51117077562328,85.24135000000001,87.39877922437672,0.0
7366,89.51117077562328,85.24135000000001,87.39877922437672,0.0
7367,89.51117077562328,89.4393,87.39877922437672,0.0
7368,92.24595000000001,89.4393,90.73190000000001,0.0
7369,92.24595000000001,89.4393,100.0,0.0
7370,92.24595000000001,100.0,100.0,0.0
7371,100.0,100.0,100.0,0.0
7372,100.0,100.0,100.0,0.0
7373,100.0,100.0,100.0,0.0
7374,96.99966759002768,100.0,100.0,0.0
7375,96.99966759002768,100.0,95.80559556786704,0.0
7376,96.99966759002768,93.80759002770081,95.80559556786704,0.0
7377,96.99966759002768,93.80759002770081,95.80559556786704,0.0
7378,96.99966759002768,93.80759002770081,95.80559556786704,0.0
7379,96.99966759002768,93.80759002770081,95.80559556786704,0.0
7380,96.99966759002768,93.80759002770081,98.62714556786703,0.0
7381,96.99966759002768,96.80644002770082,98.62714556786703,0.0
7382,96.99966759002768,96.80644002770082,98.62714556786703,0.0
7383,96.99966759002768,96.80644002770082,98.62714556786703,0.0
7384,96.99966759002768,96.80644002770082,98.62714556786703,0.0
7385,96.99966759002768,96.80644002770082,98.62714556786703,0.0
7386,96.99966759002768,96.80644002770082,85.24404307479223,0.0
7387,96.99966759002768,86.21425166204983,85.24404307479223,0.0
7388,96.99966759002768,86.21425166204983,85.24404307479223,0.0
7389,96.99966759002768,86.21425166204983,85.24404307479223,0.0
7390,96.99966759002768,86.21425166204983,85.24404307479223,0.0
7391,96.2473684210526,86.21425166204983,85.24404307479223,0.0
7392,96.2473684210526,89.66755166204982,85.24404307479223,0.0
7393,100.0,89.66755166204982,88.16146149584483,0.0
7394,100.0,98.0155016620498,88.16146149584483,0.0
7395,100.0,98.0155016620498,94.86816149584484,0.0
7396,100.0,98.0155016620498,94.86816149584484,0.0
7397,100.0,91.68587590027687,89.63052963988923,0.0
7398,97.97102493074793,70.6332443213295,89.63052963988923,0.0
7399,89.99301939058172,70.6332443213295,89.63052963988923,0.0
7400,89.99301939058172,70.6332443213295,89.63052963988923,0.0
7401,89.99301939058172,70.6332443213295,89.63052963988923,0.0
7402,89.99301939058172,70.6332443213295,89.63052963988923,0.0
7403,89.99301939058172,70.6332443213295,89.63052963988923,0.0
7404,89.99301939058172,70.6332443213295,91.01757963988922,0.0
7405,91.38621939058169,70.6332443213295,91.01757963988922,0.0
7406,91.38621939058169,70.6332443213295,91.01757963988922,0.0
7407,91.38621939058169,70.6332443213295,91.01757963988922,0.0
7408,91.38621939058169,70.6332443213295,86.31098684210528,0.0
7409,91.38621939058169,70.6332443213295,86.31098684210528,0.0
7410,91.38621939058169,54.092247091412595,86.31098684210528,0.0
7411,91.38621939058169,45.24050193905802,86.31098684210528,0.0
7412,91.38621939058169,45.24050193905802,84.37625,0.0
7413,91.38621939058169,45.24050193905802,84.37625,0.0
7414,91.38621939058169,45.24050193905802,84.37625,0.0
7415,92.55126939058168,45.24050193905802,84.37625,0.0
7416,92.55126939058168,45.24050193905802,89.48509999999999,0.0
7417,92.55126939058168,53.942351939058014,89.48509999999999,0.0
7418,92.55126939058168,53.942351939058014,100.0,0.0
7419,92.55126939058168,62.25780193905801,100.0,0.0
7420,93.45816939058169,62.25780193905801,100.0,0.0
7421,93.45816939058169,51.581846260387636,100.0,0.0
7422,93.45816939058169,49.72273268698039,100.0,0.0
7423,93.45816939058169,49.72273268698039,100.0,0.0
7424,72.40553781163432,49.72273268698039,93.78747922437672,0.0
7425,72.40553781163432,49.72273268698039,93.78747922437672,0.0
7426,72.40553781163432,49.72273268698039,93.78747922437672,0.0
7427,72.40553781163432,49.72273268698039,93.78747922437672,0.0
7428,71.21124418282545,49.72273268698039,93.78747922437672,0.0
7429,71.21124418282545,49.72273268698039,93.78747922437672,0.0
7430,71.21124418282545,49.72273268698039,93.78747922437672,0.0
7431,71.21124418282545,49.72273268698039,93.78747922437672,0.0
7432,71.21124418282545,49.72273268698039,93.78747922437672,0.0
7433,52.464318975069204,49.72273268698039,93.78747922437672,0.0
7434,52.464318975069204,28.670101108033027,77.44986149584487,0.0
7435,52.464318975069204,28.670101108033027,77.44986149584487,0.0
7436,52.464318975069204,28.670101108033027,77.44986149584487,0.0
7437,52.464318975069204,28.670101108033027,77.44986149584487,0.0
7438,45.647421468143975,28.670101108033027,77.44986149584487,0.0
7439,47.627621468143964,28.670101108033027,77.44986149584487,0.0
7440,47.627621468143964,28.670101108033027,86.32356149584487,0.0
7441,47.627621468143964,40.79200110803302,86.32356149584487,0.0
7442,47.627621468143964,54.59875110803301,86.32356149584487,0.0
7443,59.13727146814397,54.59875110803301,86.32356149584487,0.0
7444,62.84237146814396,54.59875110803301,86.32356149584487,0.0
7445,62.84237146814396,54.59875110803301,86.32356149584487,0.0
7446,62.84237146814396,54.59875110803301,86.32356149584487,0.0
7447,62.84237146814396,54.59875110803301,86.32356149584487,0.0
7448,62.84237146814396,54.59875110803301,86.32356149584487,0.0
7449,62.84237146814396,54.59875110803301,85.22710720221605,0.0
7450,62.84237146814396,54.59875110803301,85.22710720221605,0.0
7451,62.84237146814396,54.59875110803301,85.22710720221605,0.0
7452,62.84237146814396,54.59875110803301,85.22710720221605,0.0
7453,62.84237146814396,54.59875110803301,85.22710720221605,0.0
7454,62.84237146814396,54.59875110803301,85.22710720221605,0.0
7455,62.84237146814396,54.59875110803301,85.22710720221605,0.0
7456,48.12320249307469,54.59875110803301,85.22710720221605,0.0
7457,46.253451800553904,54.59875110803301,85.22710720221605,0.0
7458,46.253451800553904,54.59875110803301,85.22710720221605,0.0
7459,34.23334099722978,54.59875110803301,85.22710720221605,0.0
7460,31.29417437673178,54.59875110803301,85.22710720221605,0.0
7461,31.29417437673178,54.59875110803301,85.22710720221605,0.0
7462,31.29417437673178,54.59875110803301,85.22710720221605,0.0
7463,31.29417437673178,54.59875110803301,85.22710720221605,0.0
7464,31.29417437673178,54.59875110803301,91.70810720221607,0.0
7465,31.29417437673178,64.44395110803302,91.70810720221607,0.0
7466,31.29417437673178,75.80065110803301,91.70810720221607,0.0
7467,31.29417437673178,84.727451108033,91.70810720221607,0.0
7468,31.29417437673178,84.727451108033,92.91000720221608,0.0
7469,31.29417437673178,84.727451108033,92.91000720221608,0.0
7470,31.29417437673178,84.727451108033,92.91000720221608,0.0
7471,31.29417437673178,84.727451108033,92.91000720221608,0.0
7472,25.78749335180066,83.21695761772864,92.91000720221608,0.0
7473,25.78749335180066,83.21695761772864,92.91000720221608,0.0
7474,25.78749335180066,83.21695761772864,92.91000720221608,0.0
7475,25.78749335180066,83.21695761772864,86.31166925207756,0.0
7476,25.78749335180066,83.21695761772864,86.31166925207756,0.0
7477,25.78749335180066,83.21695761772864,86.31166925207756,0.0
7478,25.78749335180066,83.21695761772864,86.31166925207756,0.0
7479,25.78749335180066,83.21695761772864,86.31166925207756,0.0
7480,25.78749335180066,83.21695761772864,86.31166925207756,0.0
7481,23.218003739612328,62.16432603878127,73.1024885041551,0.0
7482,16.392518975069375,62.16432603878127,73.1024885041551,0.0
7483,16.392518975069375,62.16432603878127,73.1024885041551,0.0
7484,16.392518975069375,62.16432603878127,55.65234999999999,0.0
7485,16.392518975069375,62.16432603878127,55.65234999999999,0.0
7486,16.392518975069375,62.16432603878127,55.65234999999999,0.0
7487,24.061568975069363,62.16432603878127,55.65234999999999,0.0
7488,24.061568975069363,73.34582603878125,55.65234999999999,0.0
7489,24.061568975069363,73.34582603878125,70.25684999999999,0.0
7490,40.692668975069324,73.34582603878125,70.25684999999999,0.0
7491,40.692668975069324,73.34582603878125,85.01654999999997,0.0
7492,48.444718975069335,73.34582603878125,85.01654999999997,0.0
7493,48.444718975069335,73.34582603878125,85.01654999999997,0.0
7494,32.64759986149593,73.34582603878125,85.01654999999997,0.0
7495,32.64759986149593,73.34582603878125,85.01654999999997,0.0
7496,32.64759986149593,73.34582603878125,85.01654999999997,0.0
7497,32.64759986149593,73.34582603878125,85.01654999999997,0.0
7498,32.64759986149593,73.34582603878125,85.01654999999997,0.0
7499,32.64759986149593,73.34582603878125,85.01654999999997,0.0
7500,32.64759986149593,73.34582603878125,85.01654999999997,0.0
7501,32.64759986149593,73.34582603878125,85.01654999999997,0.0
7502,32.64759986149593,73.34582603878125,85.01654999999997,0.0
7503,32.64759986149593,73.34582603878125,85.01654999999997,0.0
7504,32.64759986149593,73.34582603878125,85.01654999999997,0.0
7505,32.64759986149593,73.34582603878125,85.01654999999997,0.0
7506,32.64759986149593,73.34582603878125,85.01654999999997,0.0
7507,32.64759986149593,73.34582603878125,85.01654999999997,0.0
7508,32.401671883656576,73.34582603878125,85.01654999999997,0.0
7509,32.401671883656576,73.34582603878125,85.01654999999997,0.0
7510,32.401671883656576,73.34582603878125,85.01654999999997,0.0
7511,32.401671883656576,75.87897603878126,85.01654999999997,0.0
7512,32.401671883656576,75.87897603878126,90.52574999999997,0.0
7513,41.05227188365657,75.87897603878126,90.52574999999997,0.0
7514,41.05227188365657,86.27302603878125,90.52574999999997,0.0
7515,41.05227188365657,86.27302603878125,99.04119999999998,0.0
7516,42.39317188365657,86.27302603878125,99.04119999999998,0.0
7517,32.282590166205054,86.27302603878125,99.04119999999998,0.0
7518,32.282590166205054,86.27302603878125,99.04119999999998,0.0
7519,32.282590166205054,83.23020055401669,99.04119999999998,0.0
7520,32.282590166205054,83.23020055401669,99.04119999999998,0.0
7521,32.282590166205054,83.23020055401669,99.04119999999998,0.0
7522,32.282590166205054,83.23020055401669,99.04119999999998,0.0
7523,32.282590166205054,83.23020055401669,99.04119999999998,0.0
7524,32.282590166205054,83.23020055401669,99.04119999999998,0.0
7525,32.282590166205054,83.23020055401669,100.0,0.0
7526,32.282590166205054,83.23020055401669,100.0,0.0
7527,32.282590166205054,83.23020055401669,100.0,0.0
7528,32.282590166205054,83.23020055401669,100.0,0.0
7529,32.282590166205054,67.25756897506933,100.0,0.0
7530,32.282590166205054,67.25756897506933,100.0,0.0
7531,32.282590166205054,65.25935997229924,99.35145,0.0
7532,32.282590166205054,49.82273947368428,99.35145,0.0
7533,32.282590166205054,49.82273947368428,99.35145,0.0
7534,32.282590166205054,49.82273947368428,100.0,0.0
7535,41.121790166205045,49.82273947368428,100.0,0.0
7536,52.669840166205034,49.82273947368428,100.0,0.0
7537,52.669840166205034,64.63218947368426,100.0,0.0
7538,69.12119016620504,64.63218947368426,100.0,0.0
7539,83.63319016620503,64.63218947368426,100.0,0.0
7540,83.63319016620503,71.73378947368425,100.0,0.0
7541,83.63319016620503,71.73378947368425,100.0,0.0
7542,83.63319016620503,71.73378947368425,100.0,0.0
7543,83.63319016620503,71.73378947368425,100.0,0.0
7544,82.53612645429368,71.73378947368425,100.0,0.0
7545,82.53612645429368,71.73378947368425,100.0,0.0
7546,82.53612645429368,71.73378947368425,100.0,0.0
7547,82.53612645429368,71.73378947368425,100.0,0.0
7548,85.68022645429366,71.73378947368425,100.0,0.0
7549,85.68022645429366,75.62398947368423,100.0,0.0
7550,85.68022645429366,75.62398947368423,100.0,0.0
7551,85.68022645429366,75.62398947368423,100.0,0.0
7552,85.68022645429366,75.62398947368423,100.0,0.0
7553,85.68022645429366,75.62398947368423,100.0,0.0
7554,85.68022645429366,65.78820000000002,100.0,0.0
7555,85.68022645429366,65.78820000000002,100.0,0.0
7556,85.68022645429366,65.78820000000002,82.65152354570637,0.0
7557,85.68022645429366,65.78820000000002,82.65152354570637,0.0
7558,85.68022645429366,65.78820000000002,82.65152354570637,0.0
7559,91.22142645429365,65.78820000000002,82.65152354570637,0.0
7560,91.22142645429365,65.78820000000002,92.89542354570636,0.0
7561,91.22142645429365,79.72525000000002,92.89542354570636,0.0
7562,100.0,79.72525000000002,100.0,0.0
7563,100.0,93.6129,100.0,0.0
7564,100.0,100.0,100.0,0.0
7565,100.0,100.0,100.0,0.0
7566,100.0,100.0,100.0,0.0
7567,100.0,100.0,100.0,0.0
7568,100.0,100.0,100.0,0.0
7569,100.0,100.0,100.0,0.0
7570,87.9178947368421,100.0,100.0,0.0
7571,81.66504155124657,100.0,100.0,0.0
7572,81.66504155124657,100.0,100.0,0.0
7573,81.66504155124657,100.0,100.0,0.0
7574,81.66504155124657,100.0,100.0,0.0
7575,81.66504155124657,100.0,100.0,0.0
7576,81.66504155124657,94.38177285318562,100.0,0.0
7577,81.66504155124657,74.90011080332411,78.94736842105263,0.0
7578,81.66504155124657,74.90011080332411,78.94736842105263,0.0
7579,81.66504155124657,74.90011080332411,78.94736842105263,0.0
7580,80.17457063711912,74.90011080332411,78.94736842105263,0.0
7581,80.17457063711912,74.90011080332411,78.94736842105263,0.0
7582,80.17457063711912,74.90011080332411,78.94736842105263,0.0
7583,81.7482706371191,74.90011080332411,78.94736842105263,0.0
7584,81.7482706371191,79.98206080332409,78.94736842105263,0.0
7585,81.7482706371191,79.98206080332409,87.61401842105263,0.0
7586,85.42825803324085,79.98206080332409,94.77763102493087,0.0
7587,94.62935803324083,79.98206080332409,94.77763102493087,0.0
7588,94.62935803324083,82.18671080332409,94.77763102493087,0.0
7589,94.62935803324083,82.18671080332409,94.77763102493087,0.0
7590,94.62935803324083,82.18671080332409,94.77763102493087,0.0
7591,94.62935803324083,82.18671080332409,94.77763102493087,0.0
7592,94.62935803324083,82.18671080332409,94.77763102493087,0.0
7593,94.62935803324083,64.33568795013859,90.42605,0.0
7594,94.62935803324083,64.33568795013859,90.42605,0.0
7595,94.62935803324083,64.33568795013859,90.42605,0.0
7596,94.62935803324083,64.33568795013859,90.42605,0.0
7597,94.62935803324083,64.33568795013859,90.42605,0.0
7598,94.62935803324083,64.33568795013859,90.42605,0.0
7599,94.62935803324083,64.33568795013859,90.42605,0.0
7600,94.62935803324083,64.33568795013859,90.42605,0.0
7601,94.62935803324083,64.33568795013859,90.42605,0.0
7602,94.62935803324083,51.86106191135741,90.42605,0.0
7603,94.62935803324083,51.86106191135741,90.42605,0.0
7604,94.62935803324083,51.86106191135741,90.42605,0.0
7605,94.62935803324083,51.86106191135741,90.42605,0.0
7606,94.62935803324083,51.86106191135741,90.42605,0.0
7607,94.62935803324083,51.86106191135741,90.42605,0.0
7608,94.62935803324083,55.31791191135741,90.42605,0.0
7609,94.62935803324083,55.31791191135741,97.7666,0.0
7610,94.62935803324083,65.13206191135741,97.7666,0.0
7611,94.62935803324083,73.4149619113574,97.7666,0.0
7612,94.62935803324083,73.4149619113574,100.0,0.0
7613,94.62935803324083,73.4149619113574,100.0,0.0
7614,94.62935803324083,73.4149619113574,100.0,0.0
7615,94.62935803324083,70.28964335180062,100.0,0.0
7616,94.62935803324083,70.28964335180062,100.0,0.0
7617,94.62935803324083,70.28964335180062,100.0,0.0
7618,94.62935803324083,70.28964335180062,100.0,0.0
7619,94.62935803324083,70.28964335180062,100.0,0.0
7620,94.62935803324083,70.28964335180062,100.0,0.0
7621,94.62935803324083,70.28964335180062,100.0,0.0
7622,94.62935803324083,70.28964335180062,100.0,0.0
7623,94.62935803324083,70.28964335180062,100.0,0.0
7624,94.62935803324083,70.28964335180062,100.0,0.0
7625,94.62935803324083,70.09590373961225,78.94736842105263,0.0
7626,94.62935803324083,70.09590373961225,78.94736842105263,0.0
7627,94.62935803324083,59.178950831025006,57.89473684210526,0.0
7628,94.62935803324083,59.178950831025006,57.89473684210526,0.0
7629,94.62935803324083,59.178950831025006,57.89473684210526,0.0
7630,94.62935803324083,59.178950831025006,57.89473684210526,0.0
7631,94.62935803324083,59.178950831025006,57.89473684210526,0.0
7632,100.0,59.178950831025006,57.90569487534609,0.0
7633,100.0,59.178950831025006,66.8994948753461,0.0
7634,100.0,70.29175083102498,66.8994948753461,0.0
7635,100.0,70.29175083102498,76.56524487534608,0.0
7636,100.0,73.10120083102498,76.56524487534608,0.0
7637,100.0,73.10120083102498,76.56524487534608,0.0
7638,100.0,73.10120083102498,76.56524487534608,0.0
7639,100.0,73.10120083102498,71.88917839335163,0.0
7640,100.0,73.10120083102498,71.88917839335163,0.0
7641,100.0,73.10120083102498,71.88917839335163,0.0
7642,100.0,73.10120083102498,52.3359373961217,0.0
7643,100.0,73.10120083102498,52.3359373961217,0.0
7644,100.0,73.10120083102498,52.3359373961217,0.0
7645,100.0,73.10120083102498,45.12059113573392,0.0
7646,100.0,73.10120083102498,45.12059113573392,0.0
7647,100.0,73.10120083102498,45.12059113573392,0.0
7648,100.0,73.10120083102498,45.12059113573392,0.0
7649,100.0,72.37604847645436,45.12059113573392,0.0
7650,100.0,72.37604847645436,26.59754404432118,0.0
7651,95.0519667590028,72.37604847645436,26.59754404432118,0.0
7652,95.0519667590028,72.37604847645436,26.59754404432118,0.0
7653,95.0519667590028,72.37604847645436,26.59754404432118,0.0
7654,95.0519667590028,72.37604847645436,26.59754404432118,0.0
7655,95.0519667590028,72.37604847645436,27.039494044321184,0.0
7656,95.0519667590028,72.37604847645436,31.63904404432118,0.0
7657,95.0519667590028,72.37604847645436,39.793894044321185,0.0
7658,95.0519667590028,82.92704847645436,39.793894044321185,0.0
7659,95.0519667590028,91.91134847645435,39.793894044321185,0.0
7660,95.0519667590028,94.59009847645436,39.793894044321185,0.0
7661,95.0519667590028,94.59009847645436,39.793894044321185,0.0
7662,95.0519667590028,94.59009847645436,39.793894044321185,0.0
7663,95.0519667590028,94.59009847645436,39.793894044321185,0.0
7664,94.08891966759005,94.59009847645436,39.793894044321185,0.0
7665,93.37484764542934,94.59009847645436,39.793894044321185,0.0
7666,93.37484764542934,94.59009847645436,39.793894044321185,0.0
7667,93.37484764542934,94.59009847645436,39.793894044321185,0.0
7668,93.37484764542934,94.59009847645436,39.793894044321185,0.0
7669,93.37484764542934,94.59009847645436,39.793894044321185,0.0
7670,93.37484764542934,94.59009847645436,39.793894044321185,0.0
7671,93.37484764542934,77.28887963988926,39.793894044321185,0.0
7672,93.37484764542934,77.28887963988926,39.793894044321185,0.0
7673,93.37484764542934,60.3021760387812,39.793894044321185,0.0
7674,90.04366786703582,60.3021760387812,34.5996444598338,0.0
7675,90.04366786703582,60.3021760387812,34.5996444598338,0.0
7676,90.04366786703582,60.3021760387812,34.5996444598338,0.0
7677,90.04366786703582,60.3021760387812,34.5996444598338,0.0
7678,90.04366786703582,60.3021760387812,34.5996444598338,0.0
7679,90.04366786703582,60.3021760387812,38.54554445983378,0.0
7680,90.04366786703582,60.3021760387812,44.65299445983379,0.0
7681,90.04366786703582,69.45122603878119,44.65299445983379,0.0
7682,90.04366786703582,80.27027603878118,44.65299445983379,0.0
7683,90.04366786703582,89.24477603878118,44.65299445983379,0.0
7684,92.55681786703582,89.24477603878118,44.65299445983379,0.0
7685,92.55681786703582,89.24477603878118,44.65299445983379,0.0
7686,92.0194771468142,89.24477603878118,44.65299445983379,0.0
7687,92.0194771468142,80.57618878116344,44.65299445983379,0.0
7688,88.97210872576156,80.57618878116344,44.65299445983379,0.0
7689,88.97210872576156,80.57618878116344,44.65299445983379,0.0
7690,88.97210872576156,80.57618878116344,44.65299445983379,0.0
7691,88.97210872576156,80.57618878116344,44.65299445983379,0.0
7692,88.97210872576156,80.57618878116344,44.65299445983379,0.0
7693,88.97210872576156,80.57618878116344,44.65299445983379,0.0
7694,88.97210872576156,80.57618878116344,44.65299445983379,0.0
7695,88.97210872576156,80.57618878116344,26.051000000000013,0.0
7696,88.97210872576156,80.57618878116344,26.051000000000013,0.0
7697,88.97210872576156,65.64649349030474,26.051000000000013,0.0
7698,88.97210872576156,65.64649349030474,26.051000000000013,0.0
7699,67.91947714681419,57.13015000000002,26.051000000000013,0.0
7700,67.91947714681419,57.13015000000002,26.051000000000013,0.0
7701,67.91947714681419,57.13015000000002,26.051000000000013,0.0
7702,67.91947714681419,57.13015000000002,26.051000000000013,0.0
7703,71.40517714681417,57.13015000000002,26.051000000000013,0.0
7704,78.52367714681415,57.13015000000002,26.051000000000013,0.0
7705,78.52367714681415,67.88145000000002,26.051000000000013,0.0
7706,78.52367714681415,67.88145000000002,38.7802,0.0
7707,78.52367714681415,67.88145000000002,49.713050000000024,0.0
7708,78.52367714681415,67.88145000000002,53.97805000000002,0.0
7709,78.52367714681415,67.88145000000002,53.97805000000002,0.0
7710,78.52367714681415,67.88145000000002,53.97805000000002,0.0
7711,78.52367714681415,67.88145000000002,53.97805000000002,0.0
7712,74.31214806094184,67.88145000000002,53.97805000000002,0.0
7713,73.91946108033243,67.88145000000002,53.97805000000002,0.0
7714,73.91946108033243,67.88145000000002,53.97805000000002,0.0
7715,73.91946108033243,67.88145000000002,53.97805000000002,0.0
7716,73.91946108033243,67.88145000000002,53.97805000000002,0.0
7717,73.91946108033243,67.88145000000002,53.97805000000002,0.0
7718,73.91946108033243,67.88145000000002,53.97805000000002,0.0
7719,73.91946108033243,67.88145000000002,53.97805000000002,0.0
7720,73.91946108033243,67.88145000000002,53.97805000000002,0.0
7721,73.91946108033243,67.88145000000002,53.97805000000002,0.0
7722,73.91946108033243,67.88145000000002,53.97805000000002,0.0
7723,73.91946108033243,67.88145000000002,53.97805000000002,0.0
7724,73.91946108033243,67.88145000000002,53.97805000000002,0.0
7725,73.91946108033243,67.88145000000002,53.97805000000002,0.0
7726,73.91946108033243,67.88145000000002,53.97805000000002,0.0
7727,73.91946108033243,72.26735,53.97805000000002,0.0
7728,73.91946108033243,72.26735,63.426700000000025,0.0
7729,73.91946108033243,72.26735,76.71470000000002,0.0
7730,73.91946108033243,88.37979999999999,76.71470000000002,0.0
7731,73.91946108033243,88.37979999999999,91.60785000000001,0.0
7732,73.91946108033243,88.37979999999999,100.0,0.0
7733,73.91946108033243,88.37979999999999,97.851135734072,0.0
7734,73.91946108033243,88.37979999999999,97.851135734072,0.0
7735,73.91946108033243,88.37979999999999,97.851135734072,0.0
7736,73.91946108033243,88.37979999999999,97.851135734072,0.0
7737,73.91946108033243,88.37979999999999,97.851135734072,0.0
7738,73.91946108033243,88.37979999999999,97.851135734072,0.0
7739,73.91946108033243,88.37979999999999,97.851135734072,0.0
7740,73.91946108033243,88.37979999999999,97.851135734072,0.0
7741,73.91946108033243,88.37979999999999,97.851135734072,0.0
7742,73.91946108033243,88.37979999999999,97.851135734072,0.0
7743,73.91946108033243,88.37979999999999,97.851135734072,0.0
7744,73.91946108033243,88.37979999999999,97.851135734072,0.0
7745,73.91946108033243,88.37979999999999,97.851135734072,0.0
7746,73.91946108033243,88.37979999999999,97.851135734072,0.0
7747,73.91946108033243,88.37979999999999,97.851135734072,0.0
7748,72.312314265928,88.37979999999999,97.851135734072,0.0
7749,72.312314265928,88.37979999999999,97.851135734072,0.0
7750,72.312314265928,88.37979999999999,97.851135734072,0.0
7751,72.312314265928,89.8304,97.851135734072,0.0
7752,72.312314265928,95.57355,97.851135734072,0.0
7753,78.99000000000001,95.57355,100.0,0.0
7754,90.05615,95.57355,100.0,0.0
7755,100.0,95.57355,100.0,0.0
7756,100.0,100.0,100.0,0.0
7757,100.0,100.0,100.0,0.0
7758,100.0,100.0,100.0,0.0
7759,100.0,100.0,100.0,0.0
7760,100.0,95.38481994459832,100.0,0.0
7761,100.0,95.38481994459832,100.0,0.0
7762,97.51267022160668,83.57624944598334,100.0,0.0
7763,97.51267022160668,83.57624944598334,100.0,0.0
7764,97.51267022160668,83.57624944598334,100.0,0.0
7765,97.51267022160668,83.57624944598334,100.0,0.0
7766,97.51267022160668,83.57624944598334,100.0,0.0
7767,97.51267022160668,83.57624944598334,100.0,0.0
7768,97.51267022160668,83.57624944598334,95.32083102493074,0.0
7769,84.11195000000002,83.57624944598334,95.32083102493074,0.0
7770,84.11195000000002,83.57624944598334,95.32083102493074,0.0
7771,84.11195000000002,83.57624944598334,90.29825055401668,0.0
7772,84.11195000000002,83.57624944598334,90.29825055401668,0.0
7773,84.11195000000002,83.57624944598334,90.29825055401668,0.0
7774,84.11195000000002,83.57624944598334,90.29825055401668,0.0
7775,84.11195000000002,85.86279944598334,90.29825055401668,0.0
7776,90.50885000000002,85.86279944598334,90.29825055401668,0.0
7777,100.0,85.86279944598334,90.29825055401668,0.0
7778,100.0,97.30594944598334,90.29825055401668,0.0
7779,100.0,97.36355,100.0,0.0
7780,100.0,100.0,100.0,0.0
7781,100.0,100.0,100.0,0.0
7782,100.0,100.0,100.0,0.0
7783,100.0,100.0,100.0,0.0
7784,100.0,100.0,100.0,0.0
7785,100.0,100.0,100.0,0.0
7786,100.0,100.0,100.0,0.0
7787,100.0,100.0,100.0,0.0
7788,100.0,100.0,100.0,0.0
7789,100.0,100.0,100.0,0.0
7790,100.0,100.0,100.0,0.0
7791,78.94736842105263,96.4355315789474,99.95919958448752,0.0
7792,78.94736842105263,96.4355315789474,99.95919958448752,0.0
7793,78.94736842105263,96.4355315789474,99.95919958448752,0.0
7794,78.94736842105263,96.4355315789474,97.93305,0.0
7795,78.94736842105263,96.4355315789474,97.93305,0.0
7796,78.94736842105263,96.4355315789474,97.93305,0.0
7797,78.94736842105263,96.4355315789474,97.93305,0.0
7798,78.94736842105263,96.4355315789474,97.93305,0.0
7799,78.94736842105263,96.4355315789474,97.93305,0.0
7800,80.98896842105262,96.4355315789474,97.93305,0.0
7801,83.40610000000002,100.0,97.93305,0.0
7802,92.17200000000001,100.0,97.93305,0.0
7803,100.0,100.0,97.93305,0.0
7804,100.0,100.0,100.0,0.0
7805,100.0,100.0,100.0,0.0
7806,100.0,100.0,100.0,0.0
7807,100.0,100.0,100.0,0.0
7808,100.0,100.0,100.0,0.0
7809,100.0,100.0,100.0,0.0
7810,100.0,100.0,100.0,0.0
7811,100.0,100.0,100.0,0.0
7812,100.0,100.0,100.0,0.0
7813,100.0,100.0,100.0,0.0
7814,100.0,100.0,100.0,0.0
7815,100.0,100.0,100.0,0.0
7816,100.0,100.0,100.0,0.0
7817,78.94736842105263,95.29861495844871,100.0,0.0
7818,78.94736842105263,95.29861495844871,100.0,0.0
7819,78.94736842105263,95.29861495844871,100.0,0.0
7820,73.18243767313017,95.29861495844871,78.94736842105263,0.0
7821,73.18243767313017,95.29861495844871,78.94736842105263,0.0
7822,73.18243767313017,95.29861495844871,78.94736842105263,0.0
7823,73.18243767313017,95.29861495844871,78.94736842105263,0.0
7824,73.18243767313017,96.4222149584487,78.94736842105263,0.0
7825,77.69168767313015,96.4222149584487,78.94736842105263,0.0
7826,77.69168767313015,96.4222149584487,85.55441842105262,0.0
7827,77.69168767313015,96.4222149584487,90.79646842105261,0.0
7828,77.69168767313015,96.4222149584487,90.79646842105261,0.0
7829,77.69168767313015,96.4222149584487,90.79646842105261,0.0
7830,77.69168767313015,96.4222149584487,90.79646842105261,0.0
7831,77.69168767313015,96.4222149584487,90.79646842105261,0.0
7832,74.65968462603878,91.99427340720213,90.79646842105261,0.0
7833,74.65968462603878,91.99427340720213,90.79646842105261,0.0
7834,74.65968462603878,91.99427340720213,90.79646842105261,0.0
7835,74.65968462603878,91.99427340720213,90.79646842105261,0.0
7836,74.65968462603878,91.99427340720213,90.79646842105261,0.0
7837,74.65968462603878,91.99427340720213,90.79646842105261,0.0
7838,74.65968462603878,91.99427340720213,90.79646842105261,0.0
7839,74.65968462603878,91.99427340720213,90.79646842105261,0.0
7840,74.65968462603878,91.99427340720213,90.79646842105261,0.0
7841,74.65968462603878,91.99427340720213,90.79646842105261,0.0
7842,74.65968462603878,91.99427340720213,71.69026343490303,0.0
7843,74.65968462603878,91.99427340720213,71.69026343490303,0.0
7844,71.22505858725762,91.99427340720213,71.69026343490303,0.0
7845,71.22505858725762,91.99427340720213,71.69026343490303,0.0
7846,71.22505858725762,91.99427340720213,71.69026343490303,0.0
7847,71.22505858725762,91.99427340720213,71.69026343490303,0.0
7848,71.22505858725762,91.99427340720213,74.66301343490302,0.0
7849,71.22505858725762,98.3907234072021,74.66301343490302,0.0
7850,71.22505858725762,98.3907234072021,83.23316343490302,0.0
7851,71.22505858725762,100.0,88.50588684210514,0.0
7852,71.22505858725762,100.0,89.02643684210514,0.0
7853,71.22505858725762,100.0,89.02643684210514,0.0
7854,71.22505858725762,97.16709141274237,89.02643684210514,0.0
7855,71.22505858725762,97.16709141274237,89.02643684210514,0.0
7856,71.22505858725762,97.16709141274237,89.02643684210514,0.0
7857,71.22505858725762,97.16709141274237,89.02643684210514,0.0
7858,71.22505858725762,97.16709141274237,89.02643684210514,0.0
7859,71.22505858725762,97.16709141274237,89.02643684210514,0.0
7860,71.22505858725762,97.16709141274237,83.42005,0.0
7861,71.22505858725762,97.16709141274237,83.42005,0.0
7862,71.22505858725762,97.16709141274237,83.42005,0.0
7863,71.22505858725762,97.16709141274237,83.42005,0.0
7864,71.22505858725762,97.16709141274237,83.42005,0.0
7865,71.22505858725762,97.16709141274237,83.42005,0.0
7866,71.22505858725762,97.16709141274237,83.42005,0.0
7867,71.22505858725762,97.16709141274237,83.42005,0.0
7868,71.22505858725762,97.16709141274237,83.42005,0.0
7869,71.22505858725762,97.16709141274237,83.42005,0.0
7870,71.22505858725762,97.16709141274237,83.42005,0.0
7871,71.22505858725762,99.17439141274238,83.42005,0.0
7872,78.00430858725764,99.17439141274238,83.42005,0.0
7873,88.29055858725762,99.17439141274238,83.42005,0.0
7874,100.0,100.0,83.42005,0.0
7875,100.0,100.0,94.6086,0.0
7876,100.0,100.0,100.0,0.0
7877,100.0,100.0,100.0,0.0
7878,100.0,100.0,100.0,0.0
7879,100.0,100.0,100.0,0.0
7880,100.0,100.0,100.0,0.0
7881,100.0,100.0,100.0,0.0
7882,100.0,100.0,100.0,0.0
7883,100.0,100.0,100.0,0.0
7884,100.0,100.0,100.0,0.0
7885,100.0,100.0,100.0,0.0
7886,100.0,100.0,100.0,0.0
7887,100.0,100.0,100.0,0.0
7888,100.0,100.0,100.0,0.0
7889,100.0,100.0,100.0,0.0
7890,100.0,100.0,100.0,0.0
7891,100.0,100.0,100.0,0.0
7892,100.0,100.0,97.90963988919668,0.0
7893,100.0,100.0,97.90963988919668,0.0
7894,100.0,100.0,97.90963988919668,0.0
7895,98.00071011080331,95.96335000000002,97.90963988919668,0.0
7896,98.00071011080331,95.96335000000002,97.90963988919668,0.0
7897,98.00071011080331,95.96335000000002,99.39838988919668,0.0
7898,98.00071011080331,100.0,99.39838988919668,0.0
7899,100.0,100.0,100.0,0.0
7900,100.0,100.0,100.0,0.0
7901,100.0,100.0,100.0,0.0
7902,100.0,100.0,100.0,0.0
7903,100.0,100.0,83.86354570637118,0.0
7904,87.47977839335181,100.0,83.86354570637118,0.0
7905,87.47977839335181,100.0,83.86354570637118,0.0
7906,87.47977839335181,100.0,83.86354570637118,0.0
7907,87.47977839335181,100.0,83.86354570637118,0.0
7908,87.47977839335181,100.0,83.86354570637118,0.0
7909,87.47977839335181,100.0,83.86354570637118,0.0
7910,87.47977839335181,100.0,83.86354570637118,0.0
7911,87.47977839335181,100.0,83.86354570637118,0.0
7912,87.47977839335181,100.0,83.86354570637118,0.0
7913,82.32714681440444,100.0,83.86354570637118,0.0
7914,82.32714681440444,100.0,83.86354570637118,0.0
7915,82.32714681440444,78.94736842105263,83.78493074792243,0.0
7916,82.32714681440444,78.94736842105263,83.78493074792243,0.0
7917,82.32714681440444,78.94736842105263,83.78493074792243,0.0
7918,82.32714681440444,78.94736842105263,83.78493074792243,0.0
7919,82.32714681440444,78.94736842105263,83.78493074792243,0.0
7920,82.32714681440444,78.94736842105263,83.78493074792243,0.0
7921,82.32714681440444,78.94736842105263,83.78493074792243,0.0
7922,82.32714681440444,78.94736842105263,83.78493074792243,0.0
7923,82.32714681440444,78.94736842105263,83.78493074792243,0.0
7924,82.32714681440444,78.94736842105263,83.78493074792243,0.0
7925,82.32714681440444,78.94736842105263,83.78493074792243,0.0
7926,82.32714681440444,78.94736842105263,83.78493074792243,0.0
7927,82.32714681440444,78.94736842105263,83.78493074792243,0.0
7928,82.32714681440444,78.94736842105263,83.78493074792243,0.0
7929,82.32714681440444,78.94736842105263,83.78493074792243,0.0
7930,82.32714681440444,78.94736842105263,83.78493074792243,0.0
7931,82.32714681440444,75.65044058171745,80.81875609418282,0.0
7932,80.02941828254849,75.65044058171745,80.81875609418282,0.0
7933,80.02941828254849,75.65044058171745,80.81875609418282,0.0
7934,80.02941828254849,75.65044058171745,80.81875609418282,0.0
7935,80.02941828254849,75.65044058171745,80.81875609418282,0.0
7936,80.02941828254849,75.65044058171745,80.81875609418282,0.0
7937,80.02941828254849,75.65044058171745,80.81875609418282,0.0
7938,80.02941828254849,75.65044058171745,80.81875609418282,0.0
7939,80.02941828254849,75.65044058171745,80.81875609418282,0.0
7940,67.35606648199447,75.65044058171745,80.81875609418282,0.0
7941,67.35606648199447,75.65044058171745,80.81875609418282,0.0
7942,67.35606648199447,75.65044058171745,80.81875609418282,0.0
7943,67.35606648199447,75.65044058171745,80.81875609418282,0.0
7944,67.35606648199447,75.65044058171745,80.81875609418282,0.0
7945,67.97111648199446,75.65044058171745,80.81875609418282,0.0
7946,71.69491648199444,75.65044058171745,80.81875609418282,0.0
7947,74.79401648199445,75.65044058171745,80.81875609418282,0.0
7948,74.79401648199445,75.65044058171745,80.81875609418282,0.0
7949,74.79401648199445,75.65044058171745,80.81875609418282,0.0
7950,74.79401648199445,75.65044058171745,80.81875609418282,0.0
7951,74.79401648199445,75.65044058171745,80.81875609418282,0.0
7952,74.79401648199445,75.65044058171745,80.81875609418282,0.0
7953,74.79401648199445,75.65044058171745,80.81875609418282,0.0
7954,74.79401648199445,75.65044058171745,80.81875609418282,0.0
7955,74.79401648199445,75.65044058171745,80.81875609418282,0.0
7956,74.79401648199445,75.65044058171745,80.81875609418282,0.0
7957,74.79401648199445,75.65044058171745,80.81875609418282,0.0
7958,71.86792229916898,75.65044058171745,80.81875609418282,0.0
7959,71.86792229916898,75.65044058171745,80.81875609418282,0.0
7960,71.86792229916898,75.65044058171745,80.81875609418282,0.0
7961,50.81529072022161,54.59780900277008,67.5692824099723,0.0
7962,50.81529072022161,54.59780900277008,67.5692824099723,0.0
7963,50.81529072022161,54.59780900277008,67.5692824099723,0.0
7964,50.81529072022161,54.59780900277008,67.5692824099723,0.0
7965,50.81529072022161,54.59780900277008,67.5692824099723,0.0
7966,50.81529072022161,54.59780900277008,67.5692824099723,0.0
7967,50.81529072022161,54.59780900277008,67.5692824099723,0.0
7968,50.81529072022161,54.59780900277008,67.5692824099723,0.0
7969,50.81529072022161,54.59780900277008,67.5692824099723,0.0
7970,50.81529072022161,54.59780900277008,67.5692824099723,0.0
7971,50.81529072022161,54.59780900277008,67.5692824099723,0.0
7972,50.81529072022161,54.59780900277008,67.5692824099723,0.0
7973,50.81529072022161,54.59780900277008,67.5692824099723,0.0
7974,50.81529072022161,54.59780900277008,67.5692824099723,0.0
7975,50.81529072022161,54.59780900277008,67.5692824099723,0.0
7976,50.81529072022161,54.59780900277008,67.5692824099723,0.0
7977,34.83313005540167,54.59780900277008,67.5692824099723,0.0
7978,34.83313005540167,54.59780900277008,67.5692824099723,0.0
7979,34.83313005540167,54.59780900277008,67.5692824099723,0.0
7980,34.83313005540167,54.59780900277008,67.5692824099723,0.0
7981,34.83313005540167,54.59780900277008,67.5692824099723,0.0
7982,34.83313005540167,54.59780900277008,67.5692824099723,0.0
7983,34.83313005540167,42.55819681440445,67.5692824099723,0.0
7984,34.83313005540167,42.55819681440445,67.5692824099723,0.0
7985,31.83028102493068,42.55819681440445,65.3116882271469,0.0
7986,31.83028102493068,42.55819681440445,65.3116882271469,0.0
7987,31.83028102493068,42.55819681440445,65.3116882271469,0.0
7988,31.83028102493068,42.55819681440445,65.3116882271469,0.0
7989,31.83028102493068,42.55819681440445,65.3116882271469,0.0
7990,31.83028102493068,42.55819681440445,65.3116882271469,0.0
7991,31.83028102493068,42.55819681440445,65.3116882271469,0.0
7992,31.83028102493068,42.55819681440445,65.3116882271469,0.0
7993,31.83028102493068,42.55819681440445,65.3116882271469,0.0
7994,31.83028102493068,42.55819681440445,67.13503822714691,0.0
7995,31.83028102493068,43.596496814404446,67.13503822714691,0.0
7996,31.83028102493068,43.596496814404446,67.13503822714691,0.0
7997,31.83028102493068,43.596496814404446,67.13503822714691,0.0
7998,31.83028102493068,43.596496814404446,67.13503822714691,0.0
7999,31.83028102493068,43.596496814404446,67.13503822714691,0.0
8000,31.83028102493068,43.596496814404446,67.13503822714691,0.0
8001,31.83028102493068,43.596496814404446,67.13503822714691,0.0
8002,31.83028102493068,43.596496814404446,67.13503822714691,0.0
8003,31.83028102493068,43.596496814404446,67.13503822714691,0.0
8004,31.83028102493068,43.596496814404446,67.13503822714691,0.0
8005,31.83028102493068,43.596496814404446,67.13503822714691,0.0
8006,31.83028102493068,43.596496814404446,67.13503822714691,0.0
8007,31.83028102493068,43.596496814404446,67.13503822714691,0.0
8008,31.83028102493068,43.596496814404446,67.13503822714691,0.0
8009,31.83028102493068,43.596496814404446,59.869331855955764,0.0
8010,31.83028102493068,43.596496814404446,55.66379168975078,0.0
8011,31.16568268698053,43.596496814404446,55.66379168975078,0.0
8012,31.16568268698053,43.596496814404446,55.66379168975078,0.0
8013,31.16568268698053,43.596496814404446,55.66379168975078,0.0
8014,31.16568268698053,43.596496814404446,55.66379168975078,0.0
8015,31.16568268698053,43.596496814404446,55.66379168975078,0.0
8016,31.16568268698053,43.596496814404446,55.66379168975078,0.0
8017,31.16568268698053,43.596496814404446,55.66379168975078,0.0
8018,31.16568268698053,43.596496814404446,55.66379168975078,0.0
8019,31.16568268698053,43.596496814404446,55.66379168975078,0.0
8020,31.16568268698053,43.596496814404446,55.66379168975078,0.0
8021,31.16568268698053,43.596496814404446,55.66379168975078,0.0
8022,31.16568268698053,43.596496814404446,55.66379168975078,0.0
8023,31.16568268698053,43.596496814404446,54.38091080332418,0.0
8024,31.16568268698053,43.596496814404446,54.38091080332418,0.0
8025,31.16568268698053,43.596496814404446,54.38091080332418,0.0
8026,31.16568268698053,43.596496814404446,54.38091080332418,0.0
8027,31.16568268698053,43.596496814404446,54.38091080332418,0.0
8028,31.16568268698053,43.596496814404446,54.38091080332418,0.0
8029,31.16568268698053,43.596496814404446,54.38091080332418,0.0
8030,31.16568268698053,43.596496814404446,54.38091080332418,0.0
8031,31.16568268698053,43.596496814404446,54.38091080332418,0.0
8032,31.16568268698053,43.596496814404446,53.94157562326879,0.0
8033,31.16568268698053,43.596496814404446,40.53919335180065,0.0
8034,31.16568268698053,43.596496814404446,40.53919335180065,0.0
8035,31.16568268698053,43.596496814404446,40.53919335180065,0.0
8036,31.16568268698053,43.596496814404446,40.53919335180065,0.0
8037,31.16568268698053,43.596496814404446,40.53919335180065,0.0
8038,31.16568268698053,43.596496814404446,40.53919335180065,0.0
8039,31.16568268698053,43.596496814404446,40.53919335180065,0.0
8040,31.16568268698053,43.596496814404446,40.53919335180065,0.0
8041,31.16568268698053,43.596496814404446,40.53919335180065,0.0
8042,31.16568268698053,43.596496814404446,40.53919335180065,0.0
8043,31.16568268698053,43.596496814404446,40.53919335180065,0.0
8044,31.16568268698053,43.596496814404446,40.53919335180065,0.0
8045,31.16568268698053,43.596496814404446,40.53919335180065,0.0
8046,31.16568268698053,43.596496814404446,40.53919335180065,0.0
8047,31.16568268698053,43.596496814404446,40.53919335180065,0.0
8048,31.16568268698053,43.596496814404446,40.53919335180065,0.0
8049,31.16568268698053,43.596496814404446,40.53919335180065,0.0
8050,31.16568268698053,43.596496814404446,40.53919335180065,0.0
8051,31.16568268698053,43.596496814404446,40.53919335180065,0.0
8052,31.16568268698053,43.596496814404446,40.53919335180065,0.0
8053,31.16568268698053,43.596496814404446,38.55226814404443,0.0
8054,31.16568268698053,43.596496814404446,38.55226814404443,0.0
8055,31.16568268698053,43.596496814404446,38.55226814404443,0.0
8056,31.16568268698053,43.596496814404446,38.55226814404443,0.0
8057,31.16568268698053,43.596496814404446,38.55226814404443,0.0
8058,31.16568268698053,43.596496814404446,38.55226814404443,0.0
8059,30.255987396121807,43.596496814404446,38.55226814404443,0.0
8060,30.255987396121807,43.596496814404446,38.55226814404443,0.0
8061,30.255987396121807,43.596496814404446,38.55226814404443,0.0
8062,30.255987396121807,43.596496814404446,38.55226814404443,0.0
8063,30.255987396121807,43.596496814404446,38.55226814404443,0.0
8064,30.255987396121807,43.596496814404446,38.55226814404443,0.0
8065,30.255987396121807,43.596496814404446,38.55226814404443,0.0
8066,30.255987396121807,44.84779681440444,38.55226814404443,0.0
8067,31.449737396121797,44.84779681440444,38.55226814404443,0.0
8068,31.449737396121797,44.84779681440444,38.55226814404443,0.0
8069,31.449737396121797,44.84779681440444,38.55226814404443,0.0
8070,31.449737396121797,44.84779681440444,38.55226814404443,0.0
8071,31.449737396121797,44.84779681440444,38.55226814404443,0.0
8072,31.449737396121797,44.84779681440444,38.55226814404443,0.0
8073,31.449737396121797,44.84779681440444,38.55226814404443,0.0
8074,31.449737396121797,44.84779681440444,38.55226814404443,0.0
8075,31.449737396121797,44.84779681440444,38.55226814404443,0.0
8076,31.449737396121797,44.84779681440444,38.55226814404443,0.0
8077,31.449737396121797,44.84779681440444,38.55226814404443,0.0
8078,31.449737396121797,44.84779681440444,38.55226814404443,0.0
8079,31.449737396121797,44.84779681440444,38.55226814404443,0.0
8080,31.449737396121797,44.84779681440444,38.55226814404443,0.0
8081,31.449737396121797,44.84779681440444,38.55226814404443,0.0
8082,31.449737396121797,44.84779681440444,38.55226814404443,0.0
8083,31.449737396121797,44.84779681440444,38.55226814404443,0.0
8084,31.449737396121797,44.84779681440444,38.55226814404443,0.0
8085,31.449737396121797,44.84779681440444,38.55226814404443,0.0
8086,31.449737396121797,44.84779681440444,38.55226814404443,0.0
8087,31.449737396121797,44.84779681440444,38.55226814404443,0.0
8088,33.968387396121784,44.84779681440444,38.55226814404443,0.0
8089,33.968387396121784,50.78629681440444,38.55226814404443,0.0
8090,33.968387396121784,59.21634681440443,38.55226814404443,0.0
8091,33.968387396121784,59.21634681440443,45.97311814404444,0.0
8092,33.968387396121784,59.21634681440443,48.199118144044455,0.0
8093,33.968387396121784,59.21634681440443,48.199118144044455,0.0
8094,33.968387396121784,59.21634681440443,48.199118144044455,0.0
8095,22.841849999999887,59.21634681440443,48.199118144044455,0.0
8096,22.841849999999887,59.21634681440443,48.199118144044455,0.0
8097,22.841849999999887,59.21634681440443,48.199118144044455,0.0
8098,22.841849999999887,59.21634681440443,48.199118144044455,0.0
8099,22.841849999999887,59.21634681440443,48.199118144044455,0.0
8100,22.841849999999887,59.21634681440443,48.199118144044455,0.0
8101,22.841849999999887,59.21634681440443,48.199118144044455,0.0
8102,22.841849999999887,59.21634681440443,48.199118144044455,0.0
8103,22.841849999999887,59.21634681440443,48.199118144044455,0.0
8104,22.841849999999887,46.18576509695293,48.199118144044455,0.0
8105,22.841849999999887,46.18576509695293,48.199118144044455,0.0
8106,22.841849999999887,46.18576509695293,48.199118144044455,0.0
8107,22.841849999999887,31.199615512465385,48.199118144044455,0.0
8108,22.841849999999887,31.199615512465385,48.199118144044455,0.0
8109,22.841849999999887,31.199615512465385,48.199118144044455,0.0
8110,22.841849999999887,31.199615512465385,48.199118144044455,0.0
8111,22.841849999999887,31.199615512465385,48.199118144044455,0.0
8112,24.025749999999864,31.199615512465385,48.199118144044455,0.0
8113,24.025749999999864,31.199615512465385,52.89096814404444,0.0
8114,31.380999999999837,31.199615512465385,52.89096814404444,0.0
8115,31.380999999999837,31.199615512465385,59.59996814404442,0.0
8116,31.380999999999837,33.16076551246536,59.59996814404442,0.0
8117,31.380999999999837,33.16076551246536,59.59996814404442,0.0
8118,31.380999999999837,33.16076551246536,59.59996814404442,0.0
8119,31.380999999999837,33.16076551246536,59.59996814404442,0.0
8120,31.380999999999837,33.16076551246536,59.59996814404442,0.0
8121,22.526872576177126,33.16076551246536,59.59996814404442,0.0
8122,22.526872576177126,33.16076551246536,59.59996814404442,0.0
8123,22.526872576177126,33.16076551246536,59.59996814404442,0.0
8124,22.526872576177126,33.16076551246536,59.59996814404442,0.0
8125,22.526872576177126,33.16076551246536,59.59996814404442,0.0
8126,22.526872576177126,33.16076551246536,59.59996814404442,0.0
8127,22.526872576177126,33.16076551246536,59.59996814404442,0.0
8128,22.526872576177126,33.16076551246536,59.59996814404442,0.0
8129,22.526872576177126,33.16076551246536,59.59996814404442,0.0
8130,22.526872576177126,33.16076551246536,59.59996814404442,0.0
8131,22.526872576177126,33.16076551246536,59.59996814404442,0.0
8132,22.526872576177126,33.16076551246536,59.59996814404442,0.0
8133,22.526872576177126,33.16076551246536,59.59996814404442,0.0
8134,22.526872576177126,33.16076551246536,59.59996814404442,0.0
8135,22.526872576177126,33.16076551246536,59.59996814404442,0.0
8136,22.526872576177126,33.16076551246536,59.59996814404442,0.0
8137,23.763772576177107,33.16076551246536,59.59996814404442,0.0
8138,23.763772576177107,37.28961551246535,59.59996814404442,0.0
8139,23.763772576177107,37.28961551246535,63.20446814404441,0.0
8140,23.763772576177107,37.28961551246535,63.20446814404441,0.0
8141,23.763772576177107,37.28961551246535,63.20446814404441,0.0
8142,23.763772576177107,37.28961551246535,63.20446814404441,0.0
8143,23.763772576177107,37.28961551246535,63.20446814404441,0.0
8144,23.763772576177107,37.28961551246535,63.20446814404441,0.0
8145,23.763772576177107,37.28961551246535,63.20446814404441,0.0
8146,23.763772576177107,37.28961551246535,63.20446814404441,0.0
8147,23.763772576177107,37.28961551246535,63.20446814404441,0.0
8148,23.763772576177107,37.28961551246535,63.20446814404441,0.0
8149,23.763772576177107,37.28961551246535,63.20446814404441,0.0
8150,23.763772576177107,37.28961551246535,63.20446814404441,0.0
8151,23.763772576177107,37.28961551246535,63.20446814404441,0.0
8152,23.763772576177107,37.28961551246535,63.20446814404441,0.0
8153,23.763772576177107,37.28961551246535,55.431337950138584,0.0
8154,23.763772576177107,37.28961551246535,55.431337950138584,0.0
8155,23.763772576177107,37.28961551246535,55.431337950138584,0.0
8156,23.763772576177107,37.28961551246535,55.431337950138584,0.0
8157,23.763772576177107,37.28961551246535,55.431337950138584,0.0
8158,7.457840720221649,37.28961551246535,55.431337950138584,0.0
8159,7.457840720221649,37.28961551246535,55.431337950138584,0.0
8160,7.457840720221649,37.28961551246535,55.431337950138584,0.0
8161,7.457840720221649,37.49041551246535,55.431337950138584,0.0
8162,7.457840720221649,37.49041551246535,58.41588795013859,0.0
8163,10.157340720221645,37.49041551246535,58.41588795013859,0.0
8164,10.157340720221645,37.49041551246535,58.41588795013859,0.0
8165,10.157340720221645,37.49041551246535,58.41588795013859,0.0
8166,10.157340720221645,37.49041551246535,58.41588795013859,0.0
8167,10.157340720221645,37.49041551246535,58.41588795013859,0.0
8168,10.157340720221645,37.49041551246535,58.41588795013859,0.0
8169,10.157340720221645,37.49041551246535,58.41588795013859,0.0
8170,10.157340720221645,37.49041551246535,58.41588795013859,0.0
8171,10.157340720221645,37.49041551246535,58.41588795013859,0.0
8172,10.157340720221645,37.49041551246535,58.41588795013859,0.0
8173,10.157340720221645,37.49041551246535,58.41588795013859,0.0
8174,10.157340720221645,37.49041551246535,58.41588795013859,0.0
8175,10.157340720221645,25.504875346260366,58.41588795013859,0.0
8176,10.157340720221645,25.504875346260366,58.41588795013859,0.0
8177,10.157340720221645,25.504875346260366,58.41588795013859,0.0
8178,0.47656509695292765,25.504875346260366,58.41588795013859,0.0
8179,0.47656509695292765,25.504875346260366,57.267743905817255,0.0
8180,0.47656509695292765,25.504875346260366,57.267743905817255,0.0
8181,0.47656509695292765,22.38698060941826,57.267743905817255,0.0
8182,0.47656509695292765,22.38698060941826,57.267743905817255,0.0
8183,0.47656509695292765,22.38698060941826,57.267743905817255,0.0
8184,0.47656509695292765,22.38698060941826,57.267743905817255,0.0
8185,0.47656509695292765,22.38698060941826,57.267743905817255,0.0
8186,0.47656509695292765,22.38698060941826,57.267743905817255,0.0
8187,0.47656509695292765,22.38698060941826,57.267743905817255,0.0
8188,0.47656509695292765,22.38698060941826,57.267743905817255,0.0
8189,0.47656509695292765,22.38698060941826,57.267743905817255,0.0
8190,0.47656509695292765,22.38698060941826,57.267743905817255,0.0
8191,0.47656509695292765,22.38698060941826,57.267743905817255,0.0
8192,0.47656509695292765,22.38698060941826,57.267743905817255,0.0
8193,0.47656509695292765,22.38698060941826,57.267743905817255,0.0
8194,0.47656509695292765,22.38698060941826,57.267743905817255,0.0
8195,0.47656509695292765,22.38698060941826,57.267743905817255,0.0
8196,-0.0,22.38698060941826,57.267743905817255,0.0
8197,-0.0,22.38698060941826,57.267743905817255,0.0
8198,-0.0,22.38698060941826,57.267743905817255,0.0
8199,-0.0,22.38698060941826,57.267743905817255,0.0
8200,-0.0,22.38698060941826,56.89887963988927,0.0
8201,-0.0,13.523324099722988,56.89887963988927,0.0
8202,-0.0,13.523324099722988,56.89887963988927,0.0
8203,0.0,13.523324099722988,53.357550000000074,0.0
8204,-0.0,13.523324099722988,53.357550000000074,0.0
8205,-0.0,13.523324099722988,53.357550000000074,0.0
8206,-0.0,13.523324099722988,53.357550000000074,0.0
8207,-0.0,13.523324099722988,53.357550000000074,0.0
8208,-0.0,13.523324099722988,53.357550000000074,0.0
8209,-0.0,13.523324099722988,53.357550000000074,0.0
8210,-0.0,13.523324099722988,53.357550000000074,0.0
8211,-0.0,13.523324099722988,53.357550000000074,0.0
8212,-0.0,13.523324099722988,53.357550000000074,0.0
8213,-0.0,13.523324099722988,53.357550000000074,0.0
8214,-0.0,13.523324099722988,53.357550000000074,0.0
8215,-0.0,13.523324099722988,53.357550000000074,0.0
8216,-0.0,13.523324099722988,53.357550000000074,0.0
8217,-0.0,13.523324099722988,53.357550000000074,0.0
8218,-0.0,13.523324099722988,44.155666343490374,0.0
8219,-0.0,13.523324099722988,44.155666343490374,0.0
8220,-0.0,13.523324099722988,44.155666343490374,0.0
8221,-0.0,13.523324099722988,44.155666343490374,0.0
8222,-0.0,13.523324099722988,44.155666343490374,0.0
8223,-0.0,13.523324099722988,44.155666343490374,0.0
8224,-0.0,13.523324099722988,44.155666343490374,0.0
8225,-0.0,13.523324099722988,44.155666343490374,0.0
8226,-0.0,13.523324099722988,44.155666343490374,0.0
8227,-0.0,13.523324099722988,44.155666343490374,0.0
8228,-0.0,0.0,44.155666343490374,0.0
8229,-0.0,-0.0,44.155666343490374,0.0
8230,-0.0,-0.0,44.155666343490374,0.0
8231,-0.0,-0.0,44.155666343490374,0.0
8232,-0.0,-0.0,44.155666343490374,0.0
8233,-0.0,-0.0,44.155666343490374,0.0
8234,2.3041499999999986,-0.0,44.155666343490374,0.0
8235,4.699699999999995,-0.0,44.155666343490374,0.0
8236,4.699699999999995,-0.0,44.155666343490374,0.0
8237,4.699699999999995,-0.0,44.155666343490374,0.0
8238,4.699699999999995,-0.0,44.155666343490374,0.0
8239,4.699699999999995,-0.0,44.155666343490374,0.0
8240,4.699699999999995,-0.0,44.155666343490374,0.0
8241,4.699699999999995,-0.0,44.155666343490374,0.0
8242,4.699699999999995,-0.0,44.155666343490374,0.0
8243,4.699699999999995,-0.0,44.155666343490374,0.0
8244,4.699699999999995,-0.0,44.155666343490374,0.0
8245,4.699699999999995,-0.0,44.155666343490374,0.0
8246,4.699699999999995,-0.0,44.155666343490374,0.0
8247,4.699699999999995,-0.0,44.155666343490374,0.0
8248,4.699699999999995,-0.0,30.567189889196772,0.0
8249,4.699699999999995,-0.0,30.567189889196772,0.0
8250,4.699699999999995,-0.0,30.567189889196772,0.0
8251,4.699699999999995,-0.0,30.567189889196772,0.0
8252,4.699699999999995,-0.0,30.567189889196772,0.0
8253,4.699699999999995,-0.0,30.567189889196772,0.0
8254,4.699699999999995,-0.0,30.567189889196772,0.0
8255,4.699699999999995,-0.0,30.567189889196772,0.0
8256,4.699699999999995,-0.0,30.567189889196772,0.0
8257,4.699699999999995,-0.0,30.567189889196772,0.0
8258,7.25534999999998,-0.0,30.567189889196772,0.0
8259,7.25534999999998,-0.0,33.16638988919679,0.0
8260,7.25534999999998,-0.0,33.16638988919679,0.0
8261,7.25534999999998,-0.0,33.16638988919679,0.0
8262,7.25534999999998,-0.0,33.16638988919679,0.0
8263,7.25534999999998,-0.0,33.16638988919679,0.0
8264,7.25534999999998,-0.0,33.16638988919679,0.0
8265,7.25534999999998,-0.0,33.16638988919679,0.0
8266,7.25534999999998,-0.0,33.16638988919679,0.0
8267,7.25534999999998,-0.0,33.16638988919679,0.0
8268,7.25534999999998,-0.0,33.16638988919679,0.0
8269,7.25534999999998,-0.0,33.16638988919679,0.0
8270,7.25534999999998,-0.0,33.16638988919679,0.0
8271,7.25534999999998,-0.0,33.16638988919679,0.0
8272,7.25534999999998,-0.0,33.16638988919679,0.0
8273,7.25534999999998,-0.0,20.38799653739622,0.0
8274,7.25534999999998,-0.0,15.512151662049963,0.0
8275,7.25534999999998,-0.0,15.512151662049963,0.0
8276,7.25534999999998,-0.0,15.512151662049963,0.0
8277,7.25534999999998,-0.0,15.512151662049963,0.0
8278,7.25534999999998,-0.0,15.512151662049963,0.0
8279,7.25534999999998,-0.0,15.512151662049963,0.0
8280,7.25534999999998,-0.0,15.512151662049963,0.0
8281,7.25534999999998,-0.0,15.512151662049963,0.0
8282,7.25534999999998,0.0,17.95650166204995,0.0
8283,7.25534999999998,2.4517000000000038,17.95650166204995,0.0
8284,7.25534999999998,2.4517000000000038,17.95650166204995,0.0
8285,7.25534999999998,2.4517000000000038,17.95650166204995,0.0
8286,7.25534999999998,2.4517000000000038,17.95650166204995,0.0
8287,7.25534999999998,2.4517000000000038,17.95650166204995,0.0
8288,7.25534999999998,2.4517000000000038,5.057000277008394,0.0
8289,7.25534999999998,2.4517000000000038,5.057000277008394,0.0
8290,0.0,2.4517000000000038,2.1259790858726246,0.0
8291,-0.0,2.4517000000000038,2.1259790858726246,0.0
8292,-0.0,2.4517000000000038,2.1259790858726246,0.0
8293,-0.0,2.4517000000000038,2.1259790858726246,0.0
8294,-0.0,2.4517000000000038,2.1259790858726246,0.0
8295,-0.0,2.4517000000000038,2.1259790858726246,0.0
8296,-0.0,2.4517000000000038,2.1259790858726246,0.0
8297,-0.0,2.4517000000000038,2.1259790858726246,0.0
8298,-0.0,1.219013019390573,2.1259790858726246,0.0
8299,-0.0,1.219013019390573,2.1259790858726246,0.0
8300,-0.0,1.219013019390573,2.1259790858726246,0.0
8301,-0.0,1.219013019390573,2.1259790858726246,0.0
8302,-0.0,1.219013019390573,2.1259790858726246,0.0
8303,0.0,1.219013019390573,2.1259790858726246,0.0
8304,-0.0,1.219013019390573,3.5736790858726106,0.0
8305,-0.0,1.219013019390573,9.299679085872613,0.0
8306,-0.0,10.366813019390577,9.299679085872613,0.0
8307,9.452949999999996,10.366813019390577,9.299679085872613,0.0
8308,14.371249999999991,10.366813019390577,9.299679085872613,0.0
8309,14.371249999999991,10.366813019390577,9.299679085872613,0.0
8310,14.371249999999991,10.366813019390577,9.299679085872613,0.0
8311,14.371249999999991,10.366813019390577,9.299679085872613,0.0
8312,4.510031163434883,10.366813019390577,9.299679085872613,0.0
8313,4.510031163434883,10.366813019390577,9.299679085872613,0.0
8314,4.510031163434883,10.366813019390577,9.299679085872613,0.0
8315,4.510031163434883,10.366813019390577,9.299679085872613,0.0
8316,4.510031163434883,10.366813019390577,9.299679085872613,0.0
8317,4.510031163434883,10.366813019390577,9.299679085872613,0.0
8318,4.510031163434883,10.366813019390577,9.299679085872613,0.0
8319,4.510031163434883,10.366813019390577,9.299679085872613,0.0
8320,-0.0,9.927714404432162,0.0,0.0
8321,-0.0,9.927714404432162,-0.0,0.0
8322,-0.0,9.927714404432162,-0.0,0.0
8323,-0.0,9.927714404432162,-0.0,0.0
8324,-0.0,9.927714404432162,-0.0,0.0
8325,-0.0,9.927714404432162,-0.0,0.0
8326,-0.0,9.927714404432162,-0.0,0.0
8327,-0.0,9.927714404432162,-0.0,0.0
8328,-0.0,11.187264404432167,0.0,0.0
8329,-0.0,11.187264404432167,4.640699999999995,0.0
8330,-0.0,19.07281440443214,4.640699999999995,0.0
8331,-0.0,26.890764404432126,4.640699999999995,0.0
8332,-0.0,30.33641440443212,4.640699999999995,0.0
8333,-0.0,30.33641440443212,4.640699999999995,0.0
8334,-0.0,30.33641440443212,4.640699999999995,0.0
8335,-0.0,30.33641440443212,4.640699999999995,0.0
8336,-0.0,30.33641440443212,4.640699999999995,0.0
8337,-0.0,30.33641440443212,4.640699999999995,0.0
8338,-0.0,30.33641440443212,4.640699999999995,0.0
8339,-0.0,30.33641440443212,4.640699999999995,0.0
8340,-0.0,30.33641440443212,4.640699999999995,0.0
8341,-0.0,30.33641440443212,4.640699999999995,0.0
8342,-0.0,30.33641440443212,4.640699999999995,0.0
8343,-0.0,30.33641440443212,4.640699999999995,0.0
8344,-0.0,30.33641440443212,4.640699999999995,0.0
8345,-0.0,30.33641440443212,4.640699999999995,0.0
8346,-0.0,29.002541412742367,2.185210110803327,0.0
8347,-0.0,29.002541412742367,2.185210110803327,0.0
8348,-0.0,29.002541412742367,2.185210110803327,0.0
8349,-0.0,29.002541412742367,2.185210110803327,0.0
8350,-0.0,29.002541412742367,2.185210110803327,0.0
8351,-0.0,29.002541412742367,2.185210110803327,0.0
8352,0.0,29.002541412742367,2.185210110803327,0.0
8353,3.5689499999999974,29.002541412742367,2.185210110803327,0.0
8354,3.5689499999999974,29.002541412742367,8.670360110803333,0.0
8355,9.919149999999995,29.002541412742367,8.670360110803333,0.0
8356,11.684550000000003,29.002541412742367,8.670360110803333,0.0
8357,11.684550000000003,29.002541412742367,8.670360110803333,0.0
8358,11.684550000000003,29.002541412742367,8.670360110803333,0.0
8359,11.684550000000003,29.002541412742367,8.670360110803333,0.0
8360,11.684550000000003,14.3507962603878,8.670360110803333,0.0
8361,11.684550000000003,14.3507962603878,8.670360110803333,0.0
8362,11.684550000000003,14.3507962603878,8.670360110803333,0.0
8363,11.684550000000003,14.3507962603878,8.670360110803333,0.0
8364,11.684550000000003,14.3507962603878,8.670360110803333,0.0
8365,11.684550000000003,14.3507962603878,8.670360110803333,0.0
8366,11.684550000000003,14.3507962603878,7.235900277008307,0.0
8367,11.684550000000003,14.3507962603878,7.235900277008307,0.0
8368,11.684550000000003,14.3507962603878,7.235900277008307,0.0
8369,11.684550000000003,14.3507962603878,-0.0,0.0
8370,-0.0,0.0,-0.0,0.0
8371,-0.0,-0.0,-0.0,0.0
8372,-0.0,-0.0,-0.0,0.0
8373,-0.0,-0.0,-0.0,0.0
8374,-0.0,-0.0,-0.0,0.0
8375,-0.0,-0.0,-0.0,0.0
8376,0.0,-0.0,0.0,0.0
8377,-0.0,-0.0,3.3857999999999824,0.0
8378,-0.0,-0.0,10.816899999999974,0.0
8379,0.0,8.131250000000005,10.816899999999974,0.0
8380,4.187049999999984,8.131250000000005,10.816899999999974,0.0
8381,4.187049999999984,8.131250000000005,10.816899999999974,0.0
8382,4.187049999999984,8.131250000000005,10.816899999999974,0.0
8383,4.187049999999984,8.131250000000005,10.816899999999974,0.0
8384,4.187049999999984,8.131250000000005,10.816899999999974,0.0
8385,4.187049999999984,8.131250000000005,10.816899999999974,0.0
8386,4.187049999999984,8.131250000000005,10.816899999999974,0.0
8387,4.187049999999984,8.131250000000005,10.816899999999974,0.0
8388,4.187049999999984,8.131250000000005,10.816899999999974,0.0
8389,4.187049999999984,8.131250000000005,10.816899999999974,0.0
8390,4.187049999999984,8.131250000000005,10.816899999999974,0.0
8391,4.187049999999984,8.131250000000005,10.816899999999974,0.0
8392,-0.0,0.0,9.724396675900241,0.0
8393,-0.0,-0.0,9.724396675900241,0.0
8394,-0.0,-0.0,9.724396675900241,0.0
8395,-0.0,-0.0,9.724396675900241,0.0
8396,-0.0,-0.0,9.724396675900241,0.0
8397,0.0,-0.0,9.724396675900241,0.0
8398,-0.0,-0.0,9.724396675900241,0.0
8399,-0.0,-0.0,9.724396675900241,0.0
8400,1.8863999999999996,-0.0,9.724396675900241,0.0
8401,1.8863999999999996,5.252249999999992,9.724396675900241,0.0
8402,10.231950000000003,5.252249999999992,9.724396675900241,0.0
8403,10.231950000000003,13.278599999999997,9.724396675900241,0.0
8404,10.231950000000003,14.503211911357313,12.565484764542934,0.0
8405,10.231950000000003,14.503211911357313,12.565484764542934,0.0
8406,10.231950000000003,14.503211911357313,12.565484764542934,0.0
8407,10.231950000000003,14.503211911357313,12.565484764542934,0.0
8408,10.231950000000003,14.503211911357313,12.565484764542934,0.0
8409,10.231950000000003,14.503211911357313,12.565484764542934,0.0
8410,10.231950000000003,14.503211911357313,12.565484764542934,0.0
8411,10.231950000000003,10.92853047091412,12.565484764542934,0.0
8412,10.223528947368429,10.92853047091412,12.565484764542934,0.0
8413,10.223528947368429,10.92853047091412,12.565484764542934,0.0
8414,10.223528947368429,10.92853047091412,12.565484764542934,0.0
8415,10.223528947368429,10.92853047091412,12.565484764542934,0.0
8416,10.223528947368429,10.92853047091412,12.565484764542934,0.0
8417,8.412502631578963,9.257229916897483,12.565484764542934,0.0
8418,8.412502631578963,9.257229916897483,12.565484764542934,0.0
8419,8.412502631578963,9.257229916897483,0.0,0.0
8420,8.412502631578963,9.257229916897483,-0.0,0.0
8421,8.412502631578963,9.257229916897483,-0.0,0.0
8422,8.412502631578963,0.0,-0.0,0.0
8423,8.412502631578963,-0.0,0.7051000000000006,0.0
8424,15.62450263157896,-0.0,0.7051000000000006,0.0
8425,15.62450263157896,11.135250000000008,0.7051000000000006,0.0
8426,25.392050554016528,16.72805207756242,0.7051000000000006,0.0
8427,25.392050554016528,16.72805207756242,16.86609999999998,0.0
8428,25.392050554016528,16.72805207756242,30.025899999999965,0.0
8429,29.012250554016507,16.72805207756242,30.025899999999965,0.0
8430,29.012250554016507,16.72805207756242,30.025899999999965,0.0
8431,29.012250554016507,16.72805207756242,30.025899999999965,0.0
8432,29.012250554016507,16.72805207756242,30.025899999999965,0.0
8433,29.012250554016507,16.620960664820046,30.025899999999965,0.0
8434,29.012250554016507,16.620960664820046,30.025899999999965,0.0
8435,29.012250554016507,16.620960664820046,30.025899999999965,0.0
8436,29.012250554016507,16.620960664820046,30.025899999999965,0.0
8437,29.012250554016507,16.620960664820046,30.025899999999965,0.0
8438,29.012250554016507,16.620960664820046,30.025899999999965,0.0
8439,29.012250554016507,16.620960664820046,30.025899999999965,0.0
8440,29.012250554016507,16.620960664820046,30.025899999999965,0.0
8441,29.012250554016507,16.620960664820046,30.025899999999965,0.0
8442,29.012250554016507,16.620960664820046,30.025899999999965,0.0
8443,28.39707049861484,16.620960664820046,30.025899999999965,0.0
8444,28.39707049861484,16.620960664820046,30.025899999999965,0.0
8445,28.39707049861484,16.620960664820046,30.025899999999965,0.0
8446,28.39707049861484,16.620960664820046,30.025899999999965,0.0
8447,33.29927049861483,16.620960664820046,30.025899999999965,0.0
8448,33.29927049861483,16.620960664820046,39.92084999999996,0.0
8449,47.354770498614805,16.620960664820046,39.92084999999996,0.0
8450,47.354770498614805,16.620960664820046,57.35349999999997,0.0
8451,63.95977354570645,16.620960664820046,58.25159695290833,0.0
8452,63.95977354570645,30.895110664820038,58.25159695290833,0.0
8453,68.67177354570643,30.895110664820038,58.25159695290833,0.0
8454,68.67177354570643,30.895110664820038,58.25159695290833,0.0
8455,68.67177354570643,30.895110664820038,58.25159695290833,0.0
8456,68.67177354570643,30.895110664820038,58.25159695290833,0.0
8457,68.67177354570643,30.895110664820038,58.25159695290833,0.0
8458,68.67177354570643,30.895110664820038,58.25159695290833,0.0
8459,68.67177354570643,30.895110664820038,58.25159695290833,0.0
8460,68.67177354570643,30.895110664820038,58.25159695290833,0.0
8461,68.67177354570643,30.895110664820038,58.25159695290833,0.0
8462,68.67177354570643,30.895110664820038,58.25159695290833,0.0
8463,68.67177354570643,30.895110664820038,58.25159695290833,0.0
8464,68.67177354570643,30.895110664820038,58.25159695290833,0.0
8465,68.67177354570643,30.895110664820038,58.25159695290833,0.0
8466,68.67177354570643,9.84247908587267,47.38384072022135,0.0
8467,68.67177354570643,9.84247908587267,47.38384072022135,0.0
8468,68.67177354570643,9.84247908587267,47.38384072022135,0.0
8469,68.67177354570643,9.84247908587267,47.38384072022135,0.0
8470,68.67177354570643,9.84247908587267,47.38384072022135,0.0
8471,68.67177354570643,9.84247908587267,53.803840720221366,0.0
8472,68.67177354570643,22.22457908587264,53.803840720221366,0.0
8473,68.67177354570643,22.22457908587264,69.32464072022135,0.0
8474,68.67177354570643,40.98552908587263,69.32464072022135,0.0
8475,68.67177354570643,59.82442908587264,69.32464072022135,0.0
8476,68.67177354570643,59.82442908587264,84.16404072022132,0.0
8477,68.67177354570643,64.98682908587264,84.16404072022132,0.0
8478,68.67177354570643,64.98682908587264,84.16404072022132,0.0
8479,68.67177354570643,64.98682908587264,84.16404072022132,0.0
8480,68.67177354570643,63.859349861495886,63.11140914127395,0.0
8481,68.67177354570643,63.859349861495886,63.11140914127395,0.0
8482,68.67177354570643,63.859349861495886,63.11140914127395,0.0
8483,68.67177354570643,63.859349861495886,63.11140914127395,0.0
8484,68.67177354570643,63.859349861495886,63.11140914127395,0.0
8485,68.67177354570643,63.859349861495886,63.11140914127395,0.0
8486,68.67177354570643,63.859349861495886,63.11140914127395,0.0
8487,68.67177354570643,63.859349861495886,63.11140914127395,0.0
8488,47.61914196675907,63.859349861495886,56.24093822714651,0.0
8489,47.61914196675907,63.859349861495886,56.24093822714651,0.0
8490,47.61914196675907,63.859349861495886,56.24093822714651,0.0
8491,47.61914196675907,63.859349861495886,56.24093822714651,0.0
8492,47.61914196675907,63.859349861495886,56.24093822714651,0.0
8493,47.61914196675907,63.859349861495886,56.24093822714651,0.0
8494,47.61914196675907,63.859349861495886,56.24093822714651,0.0
8495,49.66634196675906,63.859349861495886,56.24093822714651,0.0
8496,49.66634196675906,69.0475498614959,56.24093822714651,0.0
8497,49.66634196675906,78.16369986149589,56.24093822714651,0.0
8498,49.66634196675906,91.26589986149588,56.24093822714651,0.0
8499,63.74474196675906,91.26589986149588,56.24093822714651,0.0
8500,74.69414196675906,91.26589986149588,56.24093822714651,0.0
8501,76.17984196675907,91.26589986149588,56.24093822714651,0.0
8502,76.17984196675907,91.26589986149588,56.24093822714651,0.0
8503,76.17984196675907,89.64362839335183,35.188306648199145,0.0
8504,76.17984196675907,89.64362839335183,35.188306648199145,0.0
8505,76.17984196675907,89.64362839335183,35.188306648199145,0.0
8506,76.17984196675907,89.64362839335183,35.188306648199145,0.0
8507,76.17984196675907,89.64362839335183,35.188306648199145,0.0
8508,76.17984196675907,89.64362839335183,35.188306648199145,0.0
8509,76.17984196675907,89.64362839335183,35.188306648199145,0.0
8510,76.17984196675907,89.64362839335183,35.188306648199145,0.0
8511,76.17984196675907,89.64362839335183,35.188306648199145,0.0
8512,76.17984196675907,89.64362839335183,35.188306648199145,0.0
8513,74.16820761772864,68.59099681440446,35.188306648199145,0.0
8514,74.16820761772864,68.59099681440446,35.188306648199145,0.0
8515,61.156517867036094,68.59099681440446,35.188306648199145,0.0
8516,61.156517867036094,68.59099681440446,35.188306648199145,0.0
8517,61.156517867036094,68.59099681440446,35.188306648199145,0.0
8518,61.156517867036094,68.59099681440446,35.188306648199145,0.0
8519,61.156517867036094,68.59099681440446,35.188306648199145,0.0
8520,61.75306786703609,68.59099681440446,35.188306648199145,0.0
8521,66.0956178670361,68.59099681440446,35.188306648199145,0.0
8522,66.0956178670361,68.59099681440446,43.190706648199146,0.0
8523,74.21766786703608,68.59099681440446,43.190706648199146,0.0
8524,74.21766786703608,68.59099681440446,47.62520664819914,0.0
8525,74.21766786703608,68.59099681440446,47.62520664819914,0.0
8526,74.21766786703608,68.59099681440446,47.62520664819914,0.0
8527,74.21766786703608,68.59099681440446,47.62520664819914,0.0
8528,74.21766786703608,68.59099681440446,47.62520664819914,0.0
8529,74.21766786703608,68.59099681440446,47.62520664819914,0.0
8530,74.21766786703608,68.59099681440446,47.62520664819914,0.0
8531,74.21766786703608,68.59099681440446,47.62520664819914,0.0
8532,74.21766786703608,68.59099681440446,47.62520664819914,0.0
8533,74.21766786703608,68.59099681440446,47.62520664819914,0.0
8534,74.21766786703608,68.59099681440446,47.62520664819914,0.0
8535,74.21766786703608,68.59099681440446,47.62520664819914,0.0
8536,74.21766786703608,68.59099681440446,47.62520664819914,0.0
8537,74.21766786703608,68.59099681440446,47.62520664819914,0.0
8538,53.165036288088714,68.59099681440446,46.230192797783644,0.0
8539,53.165036288088714,68.59099681440446,46.230192797783644,0.0
8540,53.165036288088714,68.59099681440446,46.230192797783644,0.0
8541,53.165036288088714,68.59099681440446,46.230192797783644,0.0
8542,53.165036288088714,68.59099681440446,46.230192797783644,0.0
8543,53.165036288088714,68.59099681440446,46.230192797783644,0.0
8544,53.165036288088714,68.59099681440446,48.218742797783634,0.0
8545,53.165036288088714,75.26509681440444,48.218742797783634,0.0
8546,53.165036288088714,85.97264681440444,48.218742797783634,0.0
8547,64.5537862880887,85.97264681440444,48.218742797783634,0.0
8548,64.5537862880887,93.84929681440444,48.218742797783634,0.0
8549,64.5537862880887,93.84929681440444,48.218742797783634,0.0
8550,64.5537862880887,93.84929681440444,48.218742797783634,0.0
8551,64.5537862880887,93.84929681440444,48.218742797783634,0.0
8552,64.5537862880887,93.84929681440444,48.218742797783634,0.0
8553,59.31284445983384,93.84929681440444,48.218742797783634,0.0
8554,59.31284445983384,93.84929681440444,48.218742797783634,0.0
8555,59.31284445983384,93.84929681440444,48.218742797783634,0.0
8556,59.31284445983384,93.84929681440444,48.218742797783634,0.0
8557,59.31284445983384,93.84929681440444,48.218742797783634,0.0
8558,59.31284445983384,93.84929681440444,48.218742797783634,0.0
8559,59.31284445983384,93.84929681440444,48.218742797783634,0.0
8560,59.31284445983384,93.84929681440444,48.218742797783634,0.0
8561,59.31284445983384,93.84929681440444,48.218742797783634,0.0
8562,59.31284445983384,92.4424824099723,48.218742797783634,0.0
8563,59.31284445983384,92.4424824099723,48.218742797783634,0.0
8564,59.31284445983384,88.21467077562329,48.218742797783634,0.0
8565,59.31284445983384,88.21467077562329,48.218742797783634,0.0
8566,59.31284445983384,88.21467077562329,48.218742797783634,0.0
8567,59.31284445983384,88.21467077562329,48.218742797783634,0.0
8568,59.31284445983384,88.21467077562329,49.39124279778362,0.0
8569,59.31284445983384,92.63902077562328,49.39124279778362,0.0
8570,59.31284445983384,92.63902077562328,57.231392797783606,0.0
8571,59.31284445983384,92.63902077562328,65.37474279778361,0.0
8572,59.31284445983384,96.98327077562327,65.37474279778361,0.0
8573,59.31284445983384,96.98327077562327,65.37474279778361,0.0
8574,59.31284445983384,96.98327077562327,65.37474279778361,0.0
8575,59.31284445983384,96.98327077562327,65.37474279778361,0.0
8576,59.31284445983384,96.98327077562327,65.37474279778361,0.0
8577,59.31284445983384,96.98327077562327,65.37474279778361,0.0
8578,59.31284445983384,94.25512673130197,65.37474279778361,0.0
8579,59.31284445983384,94.25512673130197,65.37474279778361,0.0
8580,59.31284445983384,94.25512673130197,65.37474279778361,0.0
8581,59.31284445983384,94.25512673130197,65.37474279778361,0.0
8582,57.31085000000006,94.25512673130197,65.37474279778361,0.0
8583,57.31085000000006,94.25512673130197,61.87706966758971,0.0
8584,57.31085000000006,94.25512673130197,61.87706966758971,0.0
8585,57.31085000000006,94.25512673130197,61.87706966758971,0.0
8586,57.31085000000006,86.97075000000002,61.87706966758971,0.0
8587,57.31085000000006,86.97075000000002,61.87706966758971,0.0
8588,57.31085000000006,86.97075000000002,61.87706966758971,0.0
8589,57.31085000000006,86.97075000000002,61.87706966758971,0.0
8590,57.31085000000006,86.97075000000002,61.87706966758971,0.0
8591,57.31085000000006,86.97075000000002,61.87706966758971,0.0
8592,57.31085000000006,86.97075000000002,61.87706966758971,0.0
8593,57.31085000000006,86.97075000000002,63.72136966758971,0.0
8594,57.31085000000006,86.97075000000002,69.80501966758972,0.0
8595,64.02215000000005,86.97075000000002,69.80501966758972,0.0
8596,67.67145000000004,86.97075000000002,69.80501966758972,0.0
8597,67.67145000000004,86.97075000000002,69.80501966758972,0.0
8598,67.67145000000004,86.97075000000002,69.80501966758972,0.0
8599,67.67145000000004,86.97075000000002,69.80501966758972,0.0
8600,67.67145000000004,86.97075000000002,69.80501966758972,0.0
8601,67.67145000000004,86.97075000000002,69.80501966758972,0.0
8602,67.67145000000004,86.97075000000002,69.80501966758972,0.0
8603,67.67145000000004,86.97075000000002,69.80501966758972,0.0
8604,67.67145000000004,86.97075000000002,69.80501966758972,0.0
8605,67.67145000000004,86.97075000000002,69.80501966758972,0.0
8606,67.67145000000004,86.97075000000002,69.80501966758972,0.0
8607,67.67145000000004,86.97075000000002,69.80501966758972,0.0
8608,67.67145000000004,86.97075000000002,69.80501966758972,0.0
8609,67.67145000000004,86.97075000000002,69.80501966758972,0.0
8610,67.67145000000004,86.97075000000002,69.80501966758972,0.0
8611,67.67145000000004,86.97075000000002,69.80501966758972,0.0
8612,67.67145000000004,86.97075000000002,69.80501966758972,0.0
8613,67.67145000000004,86.97075000000002,69.80501966758972,0.0
8614,67.67145000000004,86.97075000000002,69.80501966758972,0.0
8615,67.67145000000004,86.97075000000002,69.80501966758972,0.0
8616,67.67145000000004,86.97075000000002,73.05201966758973,0.0
8617,67.67145000000004,86.97075000000002,80.18901966758973,0.0
8618,79.08065000000002,86.97075000000002,80.18901966758973,0.0
8619,79.08065000000002,99.46955000000003,80.18901966758973,0.0
8620,88.94470000000003,99.46955000000003,80.18901966758973,0.0
8621,88.94470000000003,100.0,80.18901966758973,0.0
8622,88.94470000000003,100.0,80.18901966758973,0.0
8623,88.94470000000003,100.0,80.18901966758973,0.0
8624,88.94470000000003,100.0,80.18901966758973,0.0
8625,88.94470000000003,100.0,80.18901966758973,0.0
8626,88.94470000000003,100.0,80.18901966758973,0.0
8627,88.94470000000003,100.0,80.18901966758973,0.0
8628,88.94470000000003,100.0,80.18901966758973,0.0
8629,88.94470000000003,100.0,80.18901966758973,0.0
8630,88.94470000000003,100.0,80.18901966758973,0.0
8631,88.94470000000003,100.0,80.18901966758973,0.0
8632,88.94470000000003,100.0,80.18901966758973,0.0
8633,88.94470000000003,100.0,80.17212216066451,0.0
8634,88.94470000000003,80.21368421052634,80.17212216066451,0.0
8635,88.94470000000003,80.21368421052634,80.17212216066451,0.0
8636,88.94470000000003,80.21368421052634,80.17212216066451,0.0
8637,88.94470000000003,80.21368421052634,80.17212216066451,0.0
8638,88.94470000000003,80.21368421052634,80.17212216066451,0.0
8639,88.94470000000003,80.21368421052634,80.17212216066451,0.0
8640,88.94470000000003,80.25828421052633,80.17212216066451,0.0
8641,92.68845,80.25828421052633,80.17212216066451,0.0
8642,100.0,80.25828421052633,80.17212216066451,0.0
8643,100.0,88.16053421052632,80.17212216066451,0.0
8644,100.0,88.16053421052632,85.0017221606645,0.0
8645,100.0,88.16053421052632,85.0017221606645,0.0
8646,100.0,88.16053421052632,85.0017221606645,0.0
8647,96.38653739612188,88.16053421052632,85.0017221606645,0.0
8648,96.38653739612188,88.16053421052632,85.0017221606645,0.0
8649,96.38653739612188,88.16053421052632,85.0017221606645,0.0
8650,96.38653739612188,88.16053421052632,85.0017221606645,0.0
8651,96.38653739612188,88.16053421052632,85.0017221606645,0.0
8652,96.38653739612188,88.16053421052632,85.0017221606645,0.0
8653,96.38653739612188,88.16053421052632,85.0017221606645,0.0
8654,96.38653739612188,88.16053421052632,85.0017221606645,0.0
8655,96.38653739612188,88.16053421052632,85.0017221606645,0.0
8656,96.38653739612188,88.16053421052632,85.0017221606645,0.0
8657,75.33390581717451,78.39554806094183,85.0017221606645,0.0
8658,75.33390581717451,78.39554806094183,82.36188836565066,0.0
8659,75.33390581717451,78.39554806094183,82.36188836565066,0.0
8660,75.33390581717451,78.39554806094183,82.36188836565066,0.0
8661,75.33390581717451,78.39554806094183,82.36188836565066,0.0
8662,75.33390581717451,78.39554806094183,82.36188836565066,0.0
8663,75.33390581717451,78.39554806094183,82.36188836565066,0.0
8664,75.33390581717451,78.39554806094183,82.36188836565066,0.0
8665,75.33390581717451,78.39554806094183,82.36188836565066,0.0
8666,77.5662058171745,78.39554806094183,82.36188836565066,0.0
8667,77.5662058171745,81.53729806094185,82.36188836565066,0.0
8668,77.5662058171745,81.53729806094185,82.74738836565065,0.0
8669,77.5662058171745,81.53729806094185,82.74738836565065,0.0
8670,77.5662058171745,81.53729806094185,82.74738836565065,0.0
8671,77.5662058171745,81.53729806094185,82.74738836565065,0.0
8672,61.80637202216065,60.48466648199448,82.74738836565065,0.0
8673,61.80637202216065,60.48466648199448,82.74738836565065,0.0
8674,61.80637202216065,60.48466648199448,82.74738836565065,0.0
8675,61.80637202216065,60.48466648199448,82.74738836565065,0.0
8676,61.80637202216065,60.48466648199448,82.74738836565065,0.0
8677,61.80637202216065,60.48466648199448,82.74738836565065,0.0
8678,61.80637202216065,60.48466648199448,82.74738836565065,0.0
8679,61.80637202216065,60.48466648199448,82.74738836565065,0.0
8680,61.80637202216065,60.48466648199448,82.74738836565065,0.0
8681,61.80637202216065,60.48466648199448,82.74738836565065,0.0
8682,61.80637202216065,60.48466648199448,82.74738836565065,0.0
8683,40.75374044321329,60.48466648199448,82.74738836565065,0.0
8684,40.75374044321329,60.48466648199448,72.62905041551214,0.0
8685,40.75374044321329,60.48466648199448,72.62905041551214,0.0
8686,40.75374044321329,60.48466648199448,72.62905041551214,0.0
8687,40.75374044321329,60.48466648199448,72.62905041551214,0.0
8688,40.75374044321329,60.48466648199448,72.62905041551214,0.0
8689,40.75374044321329,60.48466648199448,72.62905041551214,0.0
8690,40.75374044321329,62.78055844875309,73.46660844875352,0.0
8691,44.68264044321328,62.78055844875309,73.46660844875352,0.0
8692,44.68264044321328,63.97560844875309,73.46660844875352,0.0
8693,44.68264044321328,63.97560844875309,73.46660844875352,0.0
8694,44.68264044321328,63.97560844875309,73.46660844875352,0.0
8695,43.69229944598289,56.9386364265929,73.46660844875352,0.0
8696,43.69229944598289,56.9386364265929,73.46660844875352,0.0
8697,43.69229944598289,56.9386364265929,73.46660844875352,0.0
8698,43.69229944598289,56.9386364265929,73.46660844875352,0.0
8699,43.69229944598289,56.9386364265929,73.46660844875352,0.0
8700,43.69229944598289,54.34290235457074,73.46660844875352,0.0
8701,43.69229944598289,54.34290235457074,73.46660844875352,0.0
8702,43.69229944598289,54.34290235457074,73.46660844875352,0.0
8703,43.69229944598289,54.34290235457074,73.46660844875352,0.0
8704,43.69229944598289,54.34290235457074,73.46660844875352,0.0
8705,43.69229944598289,54.34290235457074,73.46660844875352,0.0
8706,41.1310806094178,54.34290235457074,73.46660844875352,0.0
8707,41.1310806094178,54.34290235457074,73.46660844875352,0.0
8708,41.1310806094178,54.34290235457074,73.46660844875352,0.0
8709,41.1310806094178,54.34290235457074,73.46660844875352,0.0
8710,41.1310806094178,54.34290235457074,73.46660844875352,0.0
8711,41.1310806094178,54.34290235457074,73.46660844875352,0.0
8712,41.1310806094178,54.34290235457074,73.46660844875352,0.0
8713,41.1310806094178,54.34290235457074,74.43890844875351,0.0
8714,41.1310806094178,54.34290235457074,79.56610844875351,0.0
8715,41.1310806094178,60.25370235457076,79.56610844875351,0.0
8716,44.32638060941778,60.25370235457076,79.56610844875351,0.0
8717,44.32638060941778,60.25370235457076,79.56610844875351,0.0
8718,44.32638060941778,60.25370235457076,78.65824141274243,0.0
8719,44.32638060941778,60.25370235457076,78.65824141274243,0.0
8720,23.273749030470416,60.25370235457076,63.87995886426595,0.0
8721,11.60876288088595,60.25370235457076,63.87995886426595,0.0
8722,11.60876288088595,60.25370235457076,63.87995886426595,0.0
8723,11.60876288088595,60.25370235457076,63.87995886426595,0.0
8724,11.60876288088595,60.25370235457076,63.87995886426595,0.0
8725,11.60876288088595,60.25370235457076,63.87995886426595,0.0
8726,11.60876288088595,60.25370235457076,63.87995886426595,0.0
8727,11.60876288088595,60.25370235457076,63.87995886426595,0.0
8728,11.60876288088595,60.25370235457076,63.87995886426595,0.0
8729,11.60876288088595,60.25370235457076,63.87995886426595,0.0
8730,11.60876288088595,60.25370235457076,57.34416939058174,0.0
8731,11.60876288088595,60.25370235457076,44.99475110803327,0.0
8732,4.16604819944551,60.25370235457076,44.99475110803327,0.0
8733,4.16604819944551,60.25370235457076,44.99475110803327,0.0
8734,4.16604819944551,60.25370235457076,44.99475110803327,0.0
8735,4.16604819944551,60.25370235457076,44.99475110803327,0.0
8736,4.16604819944551,60.25370235457076,44.99475110803327,0.0
8737,4.16604819944551,60.25370235457076,49.21800110803327,0.0
8738,13.128298199445489,60.25370235457076,49.21800110803327,0.0
8739,13.128298199445489,70.82205235457074,49.21800110803327,0.0
8740,13.128298199445489,78.87945235457073,49.21800110803327,0.0
8741,13.128298199445489,78.87945235457073,49.21800110803327,0.0
8742,13.128298199445489,78.87945235457073,49.21800110803327,0.0
8743,13.128298199445489,78.87945235457073,49.21800110803327,0.0
8744,13.128298199445489,78.87945235457073,49.21800110803327,0.0
8745,13.128298199445489,78.87945235457073,49.21800110803327,0.0
8746,13.128298199445489,78.87945235457073,49.21800110803327,0.0
8747,13.128298199445489,78.87945235457073,49.21800110803327,0.0
8748,13.128298199445489,78.87945235457073,49.21800110803327,0.0
8749,13.128298199445489,78.87945235457073,49.21800110803327,0.0
8750,13.128298199445489,78.87945235457073,49.21800110803327,0.0
8751,13.128298199445489,78.87945235457073,49.21800110803327,0.0
8752,13.128298199445489,78.87945235457073,49.21800110803327,0.0
8753,10.8639768698056,78.87945235457073,49.21800110803327,0.0
8754,10.8639768698056,78.87945235457073,49.21800110803327,0.0
8755,10.8639768698056,78.87945235457073,49.21800110803327,0.0
8756,10.8639768698056,78.87945235457073,49.21800110803327,0.0
8757,10.8639768698056,78.87945235457073,49.21800110803327,0.0
8758,10.8639768698056,78.87945235457073,49.21800110803327,0.0
8759,10.8639768698056,78.87945235457073,49.21800110803327,0.0
