t,shortage_gw,dr_gw,demand_r2,demand_r4,demand_r5,vre_dispatch_gw,thermal_gw,battery_discharge_gw,battery_charge_gw
2006-01-01 00:00:00,0.0,0.0,37.91,57.03,31.42,58.05499999999999,70.0,0.0,1.6949999999999932
2006-01-01 01:00:00,0.0,0.0,36.96,55.54,29.68,56.67099999999999,70.0,0.0,4.4909999999999854
2006-01-01 02:00:00,0.0,0.0,37.0,52.78,27.94,53.885,63.834999999999994,0.0,0.0
2006-01-01 03:00:00,0.0,0.0,37.84,51.79,27.01,51.346,65.29400000000001,0.0,0.0
2006-01-01 04:00:00,0.0,0.0,39.79,53.66,26.01,51.954,90.0,0.0,22.494
2006-01-01 05:00:00,0.0,0.0,44.78,57.93,26.79,49.64399999999999,79.856,0.0,0.0
2006-01-01 06:00:00,0.0,0.0,49.97,62.39,31.32,46.977000000000004,91.703,0.0,0.0
2006-01-01 07:00:00,0.0,0.0,52.71,64.4,36.76,44.918000000000006,103.95200000000003,0.0,0.0
2006-01-01 08:00:00,0.0,0.0,54.09,65.55,39.9,46.616,107.924,0.0,0.0
2006-01-01 09:00:00,0.0,0.0,55.38,65.77,41.98,53.227,104.90299999999999,0.0,0.0
2006-01-01 10:00:00,0.0,0.0,56.37,65.85,42.81,58.876999999999995,101.153,0.0,0.0
2006-01-01 11:00:00,0.0,0.0,55.89,65.91,43.23,63.873999999999995,96.15600000000002,0.0,0.0
2006-01-01 12:00:00,0.0,0.0,54.71,64.19,43.49,63.684,93.706,0.0,0.0
2006-01-01 13:00:00,0.0,0.0,53.49,62.11,43.15,58.230000000000004,95.52,0.0,0.0
2006-01-01 14:00:00,0.0,0.0,52.88,60.12,42.89,50.95,99.94,0.0,0.0
2006-01-01 15:00:00,0.0,0.0,53.33,59.56,43.13,43.34,107.68,0.0,0.0
2006-01-01 16:00:00,0.0,0.0,55.77,61.91,45.8,32.851000000000006,125.62899999999999,0.0,0.0
2006-01-01 17:00:00,0.0,0.0,56.57,66.18,48.18,22.735,143.195,0.0,0.0
2006-01-01 18:00:00,0.0,0.0,55.14,67.09,48.03,21.96,143.3,0.0,0.0
2006-01-01 19:00:00,0.0,0.0,51.53,63.79,46.14,21.186,135.27399999999997,0.0,0.0
2006-01-01 20:00:00,0.0,0.0,48.59,60.45,43.35,19.428000000000004,127.962,0.0,0.0
2006-01-01 21:00:00,0.0,0.0,46.77,60.84,39.82,18.337000000000003,124.09300000000002,0.0,0.0
2006-01-01 22:00:00,0.0,0.0,43.01,61.94,35.96,16.436,119.474,0.0,0.0
2006-01-01 23:00:00,0.0,0.0,39.89,59.26,32.43,15.080000000000002,111.50000000000001,0.0,0.0
2006-01-02 00:00:00,0.0,0.0,49.94,65.91,33.71,14.481000000000002,130.079,0.0,0.0
2006-01-02 01:00:00,0.0,0.0,48.99,64.42,31.97,14.712000000000002,125.66799999999999,0.0,0.0
2006-01-02 02:00:00,0.0,0.0,49.03,61.66,30.23,14.979999999999999,120.94000000000003,0.0,0.0
2006-01-02 03:00:00,0.0,0.0,49.87,60.68,29.29,15.200999999999999,119.63899999999998,0.0,0.0
2006-01-02 04:00:00,0.0,0.0,51.82,62.55,28.3,14.852,122.81800000000001,0.0,0.0
2006-01-02 05:00:00,0.0,0.0,56.81,66.81,29.07,14.479,133.211,0.0,0.0
2006-01-02 06:00:00,0.0,0.0,62.0,71.27,33.61,14.355,147.525,0.0,0.0
2006-01-02 07:00:00,0.0,0.0,64.74,73.28,39.05,14.806999999999999,155.0,2.262999999999991,0.0
2006-01-02 08:00:00,0.0,0.0,66.12,74.43,42.19,18.295,155.0,4.444999999999993,0.0
2006-01-02 09:00:00,0.0,0.0,67.41,74.66,44.26,26.032,155.0,0.2979999999999947,0.0
2006-01-02 10:00:00,0.0,0.0,68.4,74.73,45.09,32.931,150.28900000000002,0.0,0.0
2006-01-02 11:00:00,0.0,0.0,67.92,74.8,45.51,41.014,142.216,0.0,0.0
2006-01-02 12:00:00,0.0,0.0,66.74,73.07,45.77,43.371,137.209,0.0,0.0
2006-01-02 13:00:00,0.0,0.0,65.51,70.99,45.43,42.345,134.585,0.0,0.0
2006-01-02 14:00:00,0.0,0.0,64.91,69.0,45.17,37.958,136.12199999999999,0.0,0.0
2006-01-02 15:00:00,0.0,0.0,65.36,68.44,45.42,33.397,140.823,0.0,0.0
2006-01-02 16:00:00,0.0,0.0,67.8,70.79,48.08,29.502,152.168,0.0,0.0
2006-01-02 17:00:00,0.0,0.0,68.6,75.06,50.47,23.637999999999998,155.0,10.491999999999978,0.0
2006-01-02 18:00:00,0.0,0.0,67.17,75.97,50.32,26.524,155.0,6.935999999999993,0.0
2006-01-02 19:00:00,0.0,0.0,63.56,72.67,48.43,28.436,151.224,0.0,0.0
2006-01-02 20:00:00,0.0,0.0,60.62,69.33,45.63,29.958,140.62199999999999,0.0,0.0
2006-01-02 21:00:00,0.0,0.0,58.8,69.72,42.1,30.423000000000002,135.197,0.0,0.0
2006-01-02 22:00:00,0.0,0.0,55.04,70.82,38.24,31.051000000000002,128.04900000000004,0.0,0.0
2006-01-02 23:00:00,0.0,0.0,51.92,68.14,34.71,31.625,118.145,0.0,0.0
2006-01-03 00:00:00,0.0,0.0,51.94,68.99,33.46,32.276,117.114,0.0,0.0
2006-01-03 01:00:00,0.0,0.0,50.99,67.5,31.72,33.125,112.08500000000001,0.0,0.0
2006-01-03 02:00:00,0.0,0.0,51.03,64.74,29.98,32.228,108.52200000000002,0.0,0.0
2006-01-03 03:00:00,0.0,0.0,51.87,63.76,29.05,31.387,110.0,0.0,1.7069999999999936
2006-01-03 04:00:00,0.0,0.0,53.82,65.63,28.05,30.521,111.97900000000001,0.0,0.0
2006-01-03 05:00:00,0.0,0.0,58.81,69.9,28.82,28.858,123.672,0.0,0.0
2006-01-03 06:00:00,0.0,0.0,64.0,74.36,33.36,25.801000000000002,140.919,0.0,0.0
2006-01-03 07:00:00,0.0,0.0,66.74,76.36,38.8,22.413,154.487,0.0,0.0
2006-01-03 08:00:00,0.0,0.0,68.12,77.51,41.94,23.932,155.0,3.6380000000000052,0.0
2006-01-03 09:00:00,0.0,0.0,69.41,77.74,44.02,28.923000000000002,155.0,2.247,0.0
2006-01-03 10:00:00,0.0,0.0,70.4,77.82,44.85,35.52,152.55,0.0,0.0
2006-01-03 11:00:00,0.0,0.0,69.92,77.88,45.27,39.581,148.48900000000003,0.0,0.0
2006-01-03 12:00:00,0.0,0.0,68.74,76.15,45.52,39.382,146.028,0.0,0.0
2006-01-03 13:00:00,0.0,0.0,67.52,74.07,45.19,36.68,145.09999999999997,0.0,0.0
2006-01-03 14:00:00,0.0,0.0,66.91,72.09,44.93,32.154,146.776,0.0,0.0
2006-01-03 15:00:00,0.0,0.0,67.36,71.53,45.17,27.196,151.864,0.0,0.0
2006-01-03 16:00:00,0.0,0.0,69.8,73.87,47.83,19.753,155.0,11.746999999999986,0.0
2006-01-03 17:00:00,0.0,0.0,70.6,78.14,50.22,13.206,155.0,25.75399999999999,0.0
2006-01-03 18:00:00,0.0,0.0,69.17,79.06,50.07,14.158,155.0,24.141999999999996,0.0
2006-01-03 19:00:00,0.0,0.0,65.56,75.75,48.18,14.781,155.0,14.708999999999996,0.0
2006-01-03 20:00:00,0.0,0.0,62.62,72.42,45.39,14.345999999999998,155.0,6.083999999999998,0.0
2006-01-03 21:00:00,0.0,0.0,60.8,72.81,41.86,14.337,155.0,1.1329999999999956,0.0
2006-01-03 22:00:00,0.0,0.0,57.04,73.9,38.0,14.879999999999999,149.06,0.0,0.0
2006-01-03 23:00:00,0.0,0.0,53.92,71.22,34.46,15.419999999999998,139.18,0.0,0.0
2006-01-04 00:00:00,0.0,0.0,52.83,70.87,35.94,16.065,138.575,0.0,0.0
2006-01-04 01:00:00,0.0,0.0,51.88,69.38,34.2,16.598,135.0,0.0,1.1379999999999981
2006-01-04 02:00:00,0.0,0.0,51.93,66.62,32.45,16.545,129.45499999999998,0.0,0.0
2006-01-04 03:00:00,0.0,0.0,52.77,65.63,31.52,16.336,128.584,0.0,0.0
2006-01-04 04:00:00,0.0,0.0,54.72,67.5,30.53,16.294,131.45600000000002,0.0,0.0
2006-01-04 05:00:00,0.0,0.0,59.7,71.77,31.3,16.131,141.639,0.0,0.0
2006-01-04 06:00:00,0.0,0.0,64.9,76.23,35.83,16.04,155.0,0.9199999999999964,0.0
2006-01-04 07:00:00,0.0,0.0,67.64,78.24,41.27,16.441999999999997,155.0,10.707999999999998,0.0
2006-01-04 08:00:00,0.0,0.0,69.01,79.39,44.41,20.559000000000005,155.0,12.251,0.0
2006-01-04 09:00:00,0.0,0.0,70.31,79.61,46.49,30.206,155.0,6.203999999999986,0.0
2006-01-04 10:00:00,0.0,0.0,71.3,79.69,47.32,38.841,154.469,0.0,0.0
2006-01-04 11:00:00,0.0,0.0,70.81,79.75,47.74,43.612,149.688,0.0,0.0
2006-01-04 12:00:00,0.0,0.0,69.63,78.03,48.0,44.397000000000006,146.26299999999998,0.0,0.0
2006-01-04 13:00:00,0.0,0.0,68.41,75.95,47.66,41.56999999999999,145.45,0.0,0.0
2006-01-04 14:00:00,0.0,0.0,67.8,73.96,47.4,35.016000000000005,149.144,0.0,0.0
2006-01-04 15:00:00,0.0,0.0,68.26,73.4,47.65,26.802,155.0,2.5080000000000098,0.0
2006-01-04 16:00:00,0.0,0.0,70.7,75.75,50.31,21.272999999999996,155.0,15.486999999999995,0.0
2006-01-04 17:00:00,0.0,0.0,71.49,80.02,52.69,22.961,155.0,21.238999999999983,0.0
2006-01-04 18:00:00,0.0,0.0,70.06,80.93,52.54,25.389000000000003,155.0,18.141000000000005,0.0
2006-01-04 19:00:00,0.0,0.0,66.45,77.63,50.65,26.241999999999997,155.0,8.488,0.0
2006-01-04 20:00:00,0.0,0.0,63.51,74.29,47.86,26.424999999999997,154.23499999999999,0.0,0.0
2006-01-04 21:00:00,0.0,0.0,61.69,74.68,44.33,28.069000000000003,147.631,0.0,0.0
2006-01-04 22:00:00,0.0,0.0,57.93,75.78,40.47,29.740000000000002,139.44,0.0,0.0
2006-01-04 23:00:00,0.0,0.0,54.81,73.1,36.94,31.384999999999998,128.465,0.0,0.0
2006-01-05 00:00:00,0.0,0.0,52.4,74.75,37.09,33.406,125.83400000000002,0.0,0.0
2006-01-05 01:00:00,0.0,0.0,51.45,73.26,35.35,34.776,120.284,0.0,0.0
2006-01-05 02:00:00,0.0,0.0,51.5,70.5,33.61,36.845000000000006,113.76499999999999,0.0,0.0
2006-01-05 03:00:00,0.0,0.0,52.34,69.51,32.68,38.897,110.63300000000001,0.0,0.0
2006-01-05 04:00:00,0.0,0.0,54.29,71.38,31.68,39.519,112.831,0.0,0.0
2006-01-05 05:00:00,0.0,0.0,59.27,75.65,32.46,42.127,120.25300000000003,0.0,0.0
2006-01-05 06:00:00,0.0,0.0,64.47,80.11,36.99,44.682,131.888,0.0,0.0
2006-01-05 07:00:00,0.0,0.0,67.21,82.12,42.43,46.83500000000001,139.925,0.0,0.0
2006-01-05 08:00:00,0.0,0.0,68.58,83.27,45.57,54.059000000000005,138.361,0.0,0.0
2006-01-05 09:00:00,0.0,0.0,69.88,83.49,47.65,64.33,131.69,0.0,0.0
2006-01-05 10:00:00,0.0,0.0,70.87,83.57,48.48,75.223,122.69699999999997,0.0,0.0
2006-01-05 11:00:00,0.0,0.0,70.38,83.63,48.9,84.35699999999999,113.553,0.0,0.0
2006-01-05 12:00:00,0.0,0.0,69.2,81.9,49.16,86.332,108.92800000000003,0.0,0.0
2006-01-05 13:00:00,0.0,0.0,67.98,79.83,48.82,81.475,110.155,0.0,0.0
2006-01-05 14:00:00,0.0,0.0,67.37,77.84,48.56,70.248,118.522,0.0,0.0
2006-01-05 15:00:00,0.0,0.0,67.83,77.28,48.8,59.123,129.787,0.0,0.0
2006-01-05 16:00:00,0.0,0.0,70.27,79.63,51.47,51.547,144.823,0.0,0.0
2006-01-05 17:00:00,0.0,0.0,71.07,83.9,53.85,50.099000000000004,153.721,0.0,0.0
2006-01-05 18:00:00,0.0,0.0,69.63,84.81,53.7,49.281,153.859,0.0,0.0
2006-01-05 19:00:00,0.0,0.0,66.02,81.51,51.81,46.160000000000004,148.18,0.0,0.0
2006-01-05 20:00:00,0.0,0.0,63.08,78.17,49.02,42.295,142.97500000000002,0.0,0.0
2006-01-05 21:00:00,0.0,0.0,61.26,78.56,45.49,38.925,141.38500000000002,0.0,0.0
2006-01-05 22:00:00,0.0,0.0,57.5,79.66,41.63,36.802,136.988,0.0,0.0
2006-01-05 23:00:00,0.0,0.0,54.38,76.98,38.1,35.655,128.805,0.0,0.0
2006-01-06 00:00:00,0.0,0.0,51.07,72.44,36.91,34.792,120.62799999999999,0.0,0.0
2006-01-06 01:00:00,0.0,0.0,50.12,70.96,35.17,32.793,118.457,0.0,0.0
2006-01-06 02:00:00,0.0,0.0,50.17,68.2,33.43,30.746000000000002,116.054,0.0,0.0
2006-01-06 03:00:00,0.0,0.0,51.01,67.21,32.5,30.386999999999997,115.33299999999998,0.0,0.0
2006-01-06 04:00:00,0.0,0.0,52.96,69.08,31.5,29.244,133.3684515235455,0.0,14.072451523545512
2006-01-06 05:00:00,0.0,0.0,57.94,73.35,32.28,27.979999999999997,130.59,0.0,0.0
2006-01-06 06:00:00,0.0,0.0,63.14,77.81,36.81,27.700000000000003,145.06,0.0,0.0
2006-01-06 07:00:00,0.0,0.0,65.88,79.81,42.25,28.07,154.87,0.0,0.0
2006-01-06 08:00:00,0.0,0.0,67.25,80.97,45.39,31.095000000000002,155.0,2.5149999999999864,0.0
2006-01-06 09:00:00,0.0,0.0,68.55,81.19,47.47,38.175,154.035,0.0,0.0
2006-01-06 10:00:00,0.0,0.0,69.54,81.27,48.3,44.139,149.971,0.0,0.0
2006-01-06 11:00:00,0.0,0.0,69.06,81.33,48.72,46.411,147.69899999999998,0.0,0.0
2006-01-06 12:00:00,0.0,0.0,67.88,79.6,48.98,45.429,146.03099999999998,0.0,0.0
2006-01-06 13:00:00,0.0,0.0,66.65,77.53,48.64,41.836000000000006,145.984,0.0,0.0
2006-01-06 14:00:00,0.0,0.0,66.05,75.54,48.38,34.28,150.69,0.0,0.0
2006-01-06 15:00:00,0.0,0.0,66.5,74.98,48.62,26.084999999999997,155.0,4.014999999999995,0.0
2006-01-06 16:00:00,0.0,0.0,68.94,77.33,51.29,23.627,155.0,13.93299999999999,0.0
2006-01-06 17:00:00,0.0,0.0,69.74,81.6,53.67,24.518,155.0,20.49199999999999,0.0
2006-01-06 18:00:00,0.0,0.0,68.31,82.51,53.52,25.762,155.0,18.57800000000001,0.0
2006-01-06 19:00:00,0.0,0.0,64.69,79.21,51.63,25.222,155.0,10.30799999999998,0.0
2006-01-06 20:00:00,0.0,0.0,61.75,75.87,48.84,23.97,155.0,2.490000000000009,0.0
2006-01-06 21:00:00,0.0,0.0,59.93,76.26,45.31,22.059000000000005,154.441,0.0,0.0
2006-01-06 22:00:00,0.0,0.0,56.18,77.36,41.45,20.997999999999998,148.992,0.0,0.0
2006-01-06 23:00:00,0.0,0.0,53.05,74.68,37.92,19.532,141.118,0.0,0.0
2006-01-07 00:00:00,0.0,0.0,43.01,64.66,34.53,18.249,118.951,0.0,0.0
2006-01-07 01:00:00,0.0,0.0,42.06,63.17,32.79,17.853,115.16699999999999,0.0,0.0
2006-01-07 02:00:00,0.0,0.0,42.11,60.42,31.05,17.683999999999997,110.896,0.0,0.0
2006-01-07 03:00:00,0.0,0.0,42.95,59.43,30.11,17.725,109.76500000000001,0.0,0.0
2006-01-07 04:00:00,0.0,0.0,44.89,61.3,29.12,18.608,111.702,0.0,0.0
2006-01-07 05:00:00,0.0,0.0,49.88,65.57,29.89,18.755,121.58500000000001,0.0,0.0
2006-01-07 06:00:00,0.0,0.0,55.08,70.03,34.43,19.317,135.223,0.0,0.0
2006-01-07 07:00:00,0.0,0.0,57.82,72.03,39.87,19.567999999999998,145.152,0.0,0.0
2006-01-07 08:00:00,0.0,0.0,59.19,73.18,43.01,22.401,147.979,0.0,0.0
2006-01-07 09:00:00,0.0,0.0,60.49,73.41,45.08,28.798999999999996,145.18099999999998,0.0,0.0
2006-01-07 10:00:00,0.0,0.0,61.48,73.49,45.91,34.38,141.5,0.0,0.0
2006-01-07 11:00:00,0.0,0.0,60.99,73.55,46.34,36.70099999999999,139.179,0.0,0.0
2006-01-07 12:00:00,0.0,0.0,59.81,71.82,46.59,35.11000000000001,138.10999999999999,0.0,0.0
2006-01-07 13:00:00,0.0,0.0,58.59,69.75,46.25,31.019000000000002,138.571,0.0,0.0
2006-01-07 14:00:00,0.0,0.0,57.98,67.76,46.0,24.29,142.45000000000002,0.0,0.0
2006-01-07 15:00:00,0.0,0.0,58.44,67.2,46.24,19.531000000000002,147.349,0.0,0.0
2006-01-07 16:00:00,0.0,0.0,60.88,69.55,48.9,19.608,154.72199999999998,0.0,0.0
2006-01-07 17:00:00,0.0,0.0,61.67,73.82,51.29,21.391,155.0,5.388999999999998,0.0
2006-01-07 18:00:00,0.0,0.0,60.24,74.73,51.14,23.296999999999997,155.0,2.8130000000000024,0.0
2006-01-07 19:00:00,0.0,0.0,56.63,71.43,49.25,23.439999999999998,148.87,0.0,0.0
2006-01-07 20:00:00,0.0,0.0,53.69,68.09,46.45,23.037,140.19299999999998,0.0,0.0
2006-01-07 21:00:00,0.0,0.0,51.87,68.48,42.92,22.833000000000002,135.437,0.0,0.0
2006-01-07 22:00:00,0.0,0.0,48.11,69.58,39.06,22.431,129.319,0.0,0.0
2006-01-07 23:00:00,0.0,0.0,44.99,66.9,35.53,21.982000000000003,120.438,0.0,0.0
2006-01-08 00:00:00,0.0,0.0,40.21,61.11,33.8,21.644,108.476,0.0,0.0
2006-01-08 01:00:00,0.0,0.0,39.26,59.62,32.06,21.332,104.60799999999999,0.0,0.0
2006-01-08 02:00:00,0.0,0.0,39.31,56.86,30.32,21.982,99.508,0.0,0.0
2006-01-08 03:00:00,0.0,0.0,40.15,55.88,29.39,21.84,98.58000000000001,0.0,0.0
2006-01-08 04:00:00,0.0,0.0,42.1,57.75,28.39,21.704,101.536,0.0,0.0
2006-01-08 05:00:00,0.0,0.0,47.08,62.01,29.17,21.936,111.32400000000001,0.0,0.0
2006-01-08 06:00:00,0.0,0.0,52.28,66.47,33.7,22.302,125.148,0.0,0.0
2006-01-08 07:00:00,0.0,0.0,55.02,68.48,39.14,22.955999999999996,134.68400000000003,0.0,0.0
2006-01-08 08:00:00,0.0,0.0,56.39,69.63,42.28,26.480000000000004,136.82,0.0,0.0
2006-01-08 09:00:00,0.0,0.0,57.69,69.86,44.36,32.87800000000001,134.03199999999998,0.0,0.0
2006-01-08 10:00:00,0.0,0.0,58.68,69.93,45.19,38.09499999999999,130.705,0.0,0.0
2006-01-08 11:00:00,0.0,0.0,58.2,70.0,45.61,40.967000000000006,127.843,0.0,0.0
2006-01-08 12:00:00,0.0,0.0,57.01,68.27,45.87,38.923,127.22699999999998,0.0,0.0
2006-01-08 13:00:00,0.0,0.0,55.79,66.19,45.53,33.010999999999996,129.499,0.0,0.0
2006-01-08 14:00:00,0.0,0.0,55.19,64.2,45.27,23.746999999999996,135.913,0.0,0.0
2006-01-08 15:00:00,0.0,0.0,55.64,63.64,45.51,16.717999999999996,143.072,0.0,0.0
2006-01-08 16:00:00,0.0,0.0,58.08,65.99,48.18,17.402,149.848,0.0,0.0
2006-01-08 17:00:00,0.0,0.0,58.88,70.26,50.56,18.533,155.0,1.1670000000000096,0.0
2006-01-08 18:00:00,0.0,0.0,57.44,71.17,50.41,18.814,155.0,0.20599999999998264,0.0
2006-01-08 19:00:00,0.0,0.0,53.83,67.87,48.52,17.967,147.25300000000001,0.0,0.0
2006-01-08 20:00:00,0.0,0.0,50.89,64.53,45.73,16.801,139.349,0.0,0.0
2006-01-08 21:00:00,0.0,0.0,49.07,64.92,42.2,15.691999999999998,135.49800000000002,0.0,0.0
2006-01-08 22:00:00,0.0,0.0,45.31,66.02,38.34,14.818000000000001,129.852,0.0,0.0
2006-01-08 23:00:00,0.0,0.0,42.19,63.34,34.81,14.118999999999998,121.221,0.0,0.0
2006-01-09 00:00:00,0.0,0.0,52.18,68.41,34.66,13.921,136.32899999999998,0.0,0.0
2006-01-09 01:00:00,0.0,0.0,51.23,66.92,32.92,14.099,131.971,0.0,0.0
2006-01-09 02:00:00,0.0,0.0,51.28,64.16,31.18,14.629000000000001,126.991,0.0,0.0
2006-01-09 03:00:00,0.0,0.0,52.12,63.18,30.25,15.286000000000001,125.264,0.0,0.0
2006-01-09 04:00:00,0.0,0.0,54.07,65.05,29.25,16.461,126.909,0.0,0.0
2006-01-09 05:00:00,0.0,0.0,59.05,69.31,30.03,18.185000000000002,135.20499999999998,0.0,0.0
2006-01-09 06:00:00,0.0,0.0,64.25,73.77,34.56,21.218,146.362,0.0,0.0
2006-01-09 07:00:00,0.0,0.0,66.99,75.78,40.0,25.7,152.07,0.0,0.0
2006-01-09 08:00:00,0.0,0.0,68.36,76.93,43.14,32.129999999999995,151.3,0.0,0.0
2006-01-09 09:00:00,0.0,0.0,69.66,77.16,45.22,38.608000000000004,148.432,0.0,0.0
2006-01-09 10:00:00,0.0,0.0,70.65,77.23,46.05,43.633,145.29700000000003,0.0,0.0
2006-01-09 11:00:00,0.0,0.0,70.17,77.3,46.47,44.922999999999995,144.017,0.0,0.0
2006-01-09 12:00:00,0.0,0.0,68.99,75.57,46.73,43.602000000000004,142.688,0.0,0.0
2006-01-09 13:00:00,0.0,0.0,67.76,73.49,46.39,39.136,143.50400000000002,0.0,0.0
2006-01-09 14:00:00,0.0,0.0,67.16,71.5,46.13,32.96000000000001,146.83,0.0,0.0
2006-01-09 15:00:00,0.0,0.0,67.61,70.94,46.37,28.473999999999997,151.446,0.0,0.0
2006-01-09 16:00:00,0.0,0.0,70.05,73.29,49.04,29.419999999999995,155.0,2.960000000000022,0.0
2006-01-09 17:00:00,0.0,0.0,70.85,77.56,51.42,34.426,155.0,5.403999999999982,0.0
2006-01-09 18:00:00,0.0,0.0,69.41,78.47,51.27,38.986000000000004,155.0,0.16400000000001747,0.0
2006-01-09 19:00:00,0.0,0.0,65.8,75.17,49.38,41.522000000000006,143.828,0.0,0.0
2006-01-09 20:00:00,0.0,0.0,62.86,71.83,46.59,43.712,132.56799999999998,0.0,0.0
2006-01-09 21:00:00,0.0,0.0,61.04,72.22,43.06,46.594,124.72599999999998,0.0,0.0
2006-01-09 22:00:00,0.0,0.0,57.28,73.32,39.2,46.365,118.43499999999997,0.0,0.0
2006-01-09 23:00:00,0.0,0.0,54.16,70.64,35.67,45.553,109.917,0.0,0.0
2006-01-10 00:00:00,0.0,0.0,53.42,69.7,32.37,44.56100000000001,105.929,0.0,0.0
2006-01-10 01:00:00,0.0,0.0,52.47,68.21,30.63,43.653,102.65699999999998,0.0,0.0
2006-01-10 02:00:00,0.0,0.0,52.52,65.46,28.89,43.111999999999995,98.75799999999998,0.0,0.0
2006-01-10 03:00:00,0.0,0.0,53.36,64.47,27.96,42.441,98.34900000000002,0.0,0.0
2006-01-10 04:00:00,0.0,0.0,55.3,66.34,26.96,41.865,101.735,0.0,0.0
2006-01-10 05:00:00,0.0,0.0,60.29,70.61,27.73,42.724000000000004,110.906,0.0,0.0
2006-01-10 06:00:00,0.0,0.0,65.49,75.07,32.27,44.370999999999995,123.45899999999999,0.0,0.0
2006-01-10 07:00:00,0.0,0.0,68.23,77.07,37.71,46.91199999999999,131.098,0.0,0.0
2006-01-10 08:00:00,0.0,0.0,69.6,78.22,40.85,53.138,130.53199999999998,0.0,0.0
2006-01-10 09:00:00,0.0,0.0,70.9,78.45,42.93,62.669999999999995,124.61000000000001,0.0,0.0
2006-01-10 10:00:00,0.0,0.0,71.89,78.53,43.76,70.042,119.13799999999999,0.0,0.0
2006-01-10 11:00:00,0.0,0.0,71.4,78.59,44.18,74.386,114.78400000000002,0.0,0.0
2006-01-10 12:00:00,0.0,0.0,70.22,76.86,44.43,75.75400000000002,110.756,0.0,0.0
2006-01-10 13:00:00,0.0,0.0,69.0,74.79,44.1,73.727,109.16300000000001,0.0,0.0
2006-01-10 14:00:00,0.0,0.0,68.39,72.8,43.84,68.00999999999999,112.02000000000001,0.0,0.0
2006-01-10 15:00:00,0.0,0.0,68.85,72.24,44.08,63.013,117.15699999999998,0.0,0.0
2006-01-10 16:00:00,0.0,0.0,71.29,74.59,46.74,59.318,128.30200000000002,0.0,0.0
2006-01-10 17:00:00,0.0,0.0,72.08,78.86,49.13,59.71300000000001,135.35699999999997,0.0,0.0
2006-01-10 18:00:00,0.0,0.0,70.65,79.77,48.98,57.879999999999995,136.51999999999998,0.0,0.0
2006-01-10 19:00:00,0.0,0.0,67.04,76.46,47.09,53.187,132.40300000000002,0.0,0.0
2006-01-10 20:00:00,0.0,0.0,64.1,73.13,44.3,56.855999999999995,119.67399999999998,0.0,0.0
2006-01-10 21:00:00,0.0,0.0,62.28,73.52,40.77,59.42699999999999,112.143,0.0,0.0
2006-01-10 22:00:00,0.0,0.0,58.52,74.62,36.91,64.96300000000001,100.08700000000002,0.0,0.0
2006-01-10 23:00:00,0.0,0.0,55.4,71.93,33.38,65.864,90.0,0.0,0.15399999999998215
2006-01-11 00:00:00,0.0,0.0,53.15,69.63,34.24,66.942,90.0,0.0,4.921999999999995
2006-01-11 01:00:00,0.0,0.0,52.2,68.14,32.5,68.074,90.0,0.0,10.23400000000001
2006-01-11 02:00:00,0.0,0.0,52.24,65.39,30.75,68.586,90.0,0.0,15.205999999999989
2006-01-11 03:00:00,0.0,0.0,53.08,64.4,29.82,69.169,90.0,0.0,16.86899999999997
2006-01-11 04:00:00,0.0,0.0,55.03,66.27,28.82,69.069,90.0,0.0,13.949000000000012
2006-01-11 05:00:00,0.0,0.0,60.02,70.54,29.6,69.58200000000001,90.0,0.0,4.421999999999997
2006-01-11 06:00:00,0.0,0.0,65.21,75.0,34.13,70.479,98.861,0.0,0.0
2006-01-11 07:00:00,0.0,0.0,67.95,77.0,39.57,71.562,107.958,0.0,0.0
2006-01-11 08:00:00,0.0,0.0,69.33,78.15,42.71,76.532,108.65800000000002,0.0,0.0
2006-01-11 09:00:00,0.0,0.0,70.62,78.38,44.79,84.183,104.60700000000001,0.0,0.0
2006-01-11 10:00:00,0.0,0.0,71.61,78.46,45.62,88.06200000000001,102.62799999999999,0.0,0.0
2006-01-11 11:00:00,0.0,0.0,71.13,78.52,46.04,91.92200000000001,98.76799999999997,0.0,0.0
2006-01-11 12:00:00,0.0,0.0,69.95,76.79,46.3,91.473,96.56700000000004,0.0,0.0
2006-01-11 13:00:00,0.0,0.0,68.72,74.72,45.96,85.91999999999999,98.48000000000003,0.0,0.0
2006-01-11 14:00:00,0.0,0.0,68.12,72.73,45.7,76.232,105.31800000000003,0.0,0.0
2006-01-11 15:00:00,0.0,0.0,68.57,72.17,45.95,64.395,117.29500000000003,0.0,0.0
2006-01-11 16:00:00,0.0,0.0,71.01,74.52,48.61,57.31399999999999,131.82600000000002,0.0,0.0
2006-01-11 17:00:00,0.0,0.0,71.81,78.79,50.99,54.297999999999995,135.0,7.29200000000003,0.0
2006-01-11 18:00:00,0.0,0.0,70.38,79.7,50.84,51.722,144.198,0.0,0.0
2006-01-11 19:00:00,0.0,0.0,66.77,76.39,48.95,47.98500000000001,130.0,9.124999999999984,0.0
2006-01-11 20:00:00,0.0,0.0,63.83,73.06,46.16,42.633,135.417,0.0,0.0
2006-01-11 21:00:00,0.0,0.0,62.0,73.45,42.63,39.026,134.054,0.0,0.0
2006-01-11 22:00:00,0.0,0.0,58.25,74.55,38.77,36.148,130.422,0.0,0.0
2006-01-11 23:00:00,0.0,0.0,55.13,71.86,35.24,34.052,123.178,0.0,0.0
2006-01-12 00:00:00,0.0,0.0,51.99,67.76,34.81,31.889,117.67099999999999,0.0,0.0
2006-01-12 01:00:00,0.0,0.0,51.04,66.27,33.07,30.658,114.722,0.0,0.0
2006-01-12 02:00:00,0.0,0.0,51.09,63.52,31.33,30.554999999999996,110.385,0.0,0.0
2006-01-12 03:00:00,0.0,0.0,51.93,62.53,30.4,30.73,109.13000000000002,0.0,0.0
2006-01-12 04:00:00,0.0,0.0,53.87,64.4,29.4,31.535,111.13500000000002,0.0,0.0
2006-01-12 05:00:00,0.0,0.0,58.86,68.67,30.18,33.981,118.72900000000001,0.0,0.0
2006-01-12 06:00:00,0.0,0.0,64.06,73.13,34.71,36.760000000000005,130.14000000000001,0.0,0.0
2006-01-12 07:00:00,0.0,0.0,66.8,75.13,40.15,38.778000000000006,138.302,0.0,0.0
2006-01-12 08:00:00,0.0,0.0,68.17,76.28,43.29,43.036,139.70399999999998,0.0,0.0
2006-01-12 09:00:00,0.0,0.0,69.47,76.51,45.37,50.167,136.183,0.0,0.0
2006-01-12 10:00:00,0.0,0.0,70.46,76.59,46.2,55.845,132.40499999999997,0.0,0.0
2006-01-12 11:00:00,0.0,0.0,69.97,76.65,46.62,59.101,129.139,0.0,0.0
2006-01-12 12:00:00,0.0,0.0,68.79,74.92,46.88,58.87899999999999,126.71099999999998,0.0,0.0
2006-01-12 13:00:00,0.0,0.0,67.57,72.84,46.54,54.239,127.711,0.0,0.0
2006-01-12 14:00:00,0.0,0.0,66.96,70.86,46.28,47.791000000000004,131.309,0.0,0.0
2006-01-12 15:00:00,0.0,0.0,67.42,70.3,46.52,39.61299999999999,139.627,0.0,0.0
2006-01-12 16:00:00,0.0,0.0,69.86,72.65,49.19,35.322,147.3967825000002,3.9812174999998264,0.0
2006-01-12 17:00:00,0.0,0.0,70.65,76.92,51.57,35.389,155.0,3.7509999999999994,0.0
2006-01-12 18:00:00,0.0,0.0,69.22,77.83,51.42,45.024,148.44600000000003,0.0,0.0
2006-01-12 19:00:00,0.0,0.0,65.61,74.52,49.53,47.037000000000006,137.623,0.0,0.0
2006-01-12 20:00:00,0.0,0.0,62.67,71.19,46.74,47.567,128.03300000000002,0.0,0.0
2006-01-12 21:00:00,0.0,0.0,60.85,71.58,43.21,47.565,123.07500000000002,0.0,0.0
2006-01-12 22:00:00,0.0,0.0,57.09,72.67,39.35,46.95,117.15999999999998,0.0,0.0
2006-01-12 23:00:00,0.0,0.0,53.97,69.99,35.82,46.549,108.23099999999998,0.0,0.0
2006-01-13 00:00:00,0.0,0.0,51.42,68.86,32.92,45.906,102.294,0.0,0.0
2006-01-13 01:00:00,0.0,0.0,50.47,67.37,31.18,46.356,97.664,0.0,0.0
2006-01-13 02:00:00,0.0,0.0,50.52,64.61,29.44,47.473,92.097,0.0,0.0
2006-01-13 03:00:00,0.0,0.0,51.36,63.62,28.51,48.340999999999994,90.149,0.0,0.0
2006-01-13 04:00:00,0.0,0.0,53.31,65.49,27.51,48.982,92.328,0.0,0.0
2006-01-13 05:00:00,0.0,0.0,58.29,69.76,28.29,49.986,101.354,0.0,0.0
2006-01-13 06:00:00,0.0,0.0,63.49,74.22,32.82,50.68600000000001,114.84400000000002,0.0,0.0
2006-01-13 07:00:00,0.0,0.0,66.23,76.23,38.26,52.242,123.478,0.0,0.0
2006-01-13 08:00:00,0.0,0.0,67.6,77.38,41.4,57.849,123.53099999999998,0.0,0.0
2006-01-13 09:00:00,0.0,0.0,68.9,77.6,43.48,67.484,117.49600000000001,0.0,0.0
2006-01-13 10:00:00,0.0,0.0,69.89,77.68,44.31,73.729,113.15100000000002,0.0,0.0
2006-01-13 11:00:00,0.0,0.0,69.4,77.74,44.73,78.035,108.835,0.0,0.0
2006-01-13 12:00:00,0.0,0.0,68.22,76.01,44.99,77.73100000000001,106.489,0.0,0.0
2006-01-13 13:00:00,0.0,0.0,67.0,73.94,44.65,73.52799999999999,107.06200000000001,0.0,0.0
2006-01-13 14:00:00,0.0,0.0,66.39,71.95,44.39,65.003,112.727,0.0,0.0
2006-01-13 15:00:00,0.0,0.0,66.85,71.39,44.63,58.614,119.25599999999997,0.0,0.0
2006-01-13 16:00:00,0.0,0.0,69.29,73.74,47.3,56.889,128.441,0.0,0.0
2006-01-13 17:00:00,0.0,0.0,70.08,78.01,49.68,58.64399999999999,134.12600000000003,0.0,0.0
2006-01-13 18:00:00,0.0,0.0,68.65,78.92,49.53,59.92,132.18,0.0,0.0
2006-01-13 19:00:00,0.0,0.0,65.04,75.62,47.64,59.764,123.536,0.0,0.0
2006-01-13 20:00:00,0.0,0.0,62.1,72.28,44.85,57.779999999999994,116.45,0.0,0.0
2006-01-13 21:00:00,0.0,0.0,60.28,72.67,41.32,55.717999999999996,113.552,0.0,0.0
2006-01-13 22:00:00,0.0,0.0,56.52,73.77,37.46,53.364000000000004,109.38600000000002,0.0,0.0
2006-01-13 23:00:00,0.0,0.0,53.4,71.09,33.93,49.86599999999999,103.55400000000003,0.0,0.0
2006-01-14 00:00:00,0.0,0.0,44.03,63.87,31.78,45.515,90.0,0.0,0.8350000000000062
2006-01-14 01:00:00,0.0,0.0,43.08,62.38,30.04,38.791000000000004,91.70899999999999,0.0,0.0
2006-01-14 02:00:00,0.0,0.0,43.13,59.62,28.3,33.554,92.496,0.0,0.0
2006-01-14 03:00:00,0.0,0.0,43.97,58.64,27.36,30.018,94.952,0.0,0.0
2006-01-14 04:00:00,0.0,0.0,45.92,60.51,26.37,27.499,100.30100000000002,0.0,0.0
2006-01-14 05:00:00,0.0,0.0,50.9,64.78,27.14,26.611,111.209,0.0,0.0
2006-01-14 06:00:00,0.0,0.0,56.1,69.24,31.68,25.788999999999998,126.23100000000002,0.0,0.0
2006-01-14 07:00:00,0.0,0.0,58.84,71.24,37.12,25.804,130.0,6.396000000000015,0.0
2006-01-14 08:00:00,0.0,0.0,60.21,72.39,40.26,29.206999999999997,138.653,0.0,0.0
2006-01-14 09:00:00,0.0,0.0,61.51,72.62,42.33,33.927,137.53300000000002,0.0,0.0
2006-01-14 10:00:00,0.0,0.0,62.5,72.7,43.16,36.112,137.248,0.0,0.0
2006-01-14 11:00:00,0.0,0.0,62.01,72.76,43.59,37.309,136.05100000000002,0.0,0.0
2006-01-14 12:00:00,0.0,0.0,60.83,71.03,43.84,36.455,134.245,0.0,0.0
2006-01-14 13:00:00,0.0,0.0,59.61,68.95,43.5,33.144,133.916,0.0,0.0
2006-01-14 14:00:00,0.0,0.0,59.0,66.97,43.25,25.942999999999998,135.0,3.277000000000001,0.0
2006-01-14 15:00:00,0.0,0.0,59.46,66.41,43.49,21.269999999999996,143.09,0.0,0.0
2006-01-14 16:00:00,0.0,0.0,61.9,68.75,46.15,21.864,149.93599999999998,0.0,0.0
2006-01-14 17:00:00,0.0,0.0,62.69,73.03,48.54,25.456999999999997,153.803,0.0,0.0
2006-01-14 18:00:00,0.0,0.0,61.26,73.94,48.39,28.631999999999998,149.958,0.0,0.0
2006-01-14 19:00:00,0.0,0.0,57.65,70.63,46.5,31.752999999999997,138.027,0.0,0.0
2006-01-14 20:00:00,0.0,0.0,54.71,67.3,43.7,35.041,125.669,0.0,0.0
2006-01-14 21:00:00,0.0,0.0,52.89,67.69,40.17,37.333000000000006,118.41699999999999,0.0,0.0
2006-01-14 22:00:00,0.0,0.0,49.13,68.78,36.31,38.004,111.21600000000002,0.0,0.0
2006-01-14 23:00:00,0.0,0.0,46.01,66.1,32.78,38.186,101.70400000000002,0.0,0.0
2006-01-15 00:00:00,0.0,0.0,40.97,61.71,30.91,38.11,90.48,0.0,0.0
2006-01-15 01:00:00,0.0,0.0,40.02,60.22,29.17,38.636,90.0,0.0,4.225999999999999
2006-01-15 02:00:00,0.0,0.0,40.06,57.46,27.43,40.42100000000001,90.0,0.0,10.471000000000018
2006-01-15 03:00:00,0.0,0.0,40.9,56.48,26.49,42.427,90.0,0.0,13.557000000000002
2006-01-15 04:00:00,0.0,0.0,42.85,58.35,25.5,44.556,90.0,0.0,12.855999999999995
2006-01-15 05:00:00,0.0,0.0,47.84,62.62,26.27,47.22,90.0,0.0,5.490000000000009
2006-01-15 06:00:00,0.0,0.0,53.03,67.07,30.81,49.088,96.822,0.0,0.0
2006-01-15 07:00:00,0.0,0.0,55.77,69.08,36.25,50.422,105.678,0.0,0.0
2006-01-15 08:00:00,0.0,0.0,57.15,70.23,39.39,56.183,105.587,0.0,0.0
2006-01-15 09:00:00,0.0,0.0,58.44,70.46,41.46,64.492,100.868,0.0,0.0
2006-01-15 10:00:00,0.0,0.0,59.43,70.54,42.3,71.937,95.33300000000001,0.0,0.0
2006-01-15 11:00:00,0.0,0.0,58.95,70.6,42.72,78.262,90.0,0.0,0.9919999999999902
2006-01-15 12:00:00,0.0,0.0,57.77,68.87,42.97,79.976,90.0,0.0,5.365999999999973
2006-01-15 13:00:00,0.0,0.0,56.55,66.79,42.63,76.67099999999999,90.0,0.0,5.700999999999993
2006-01-15 14:00:00,0.0,0.0,55.94,64.81,42.38,69.245,90.0,0.0,1.115000000000009
2006-01-15 15:00:00,0.0,0.0,56.39,64.25,42.62,60.193000000000005,98.06700000000002,0.0,0.0
2006-01-15 16:00:00,0.0,0.0,58.83,66.59,45.28,55.53099999999999,110.16900000000004,0.0,0.0
2006-01-15 17:00:00,0.0,0.0,59.63,70.86,47.67,55.754000000000005,117.40599999999998,0.0,0.0
2006-01-15 18:00:00,0.0,0.0,58.2,71.77,47.52,56.765,115.725,0.0,0.0
2006-01-15 19:00:00,0.0,0.0,54.59,68.47,45.63,56.225,107.465,0.0,0.0
2006-01-15 20:00:00,0.0,0.0,51.65,65.14,42.83,54.094,100.52600000000001,0.0,0.0
2006-01-15 21:00:00,0.0,0.0,49.83,65.53,39.3,52.91499999999999,96.745,0.0,0.0
2006-01-15 22:00:00,0.0,0.0,46.07,66.62,35.44,51.387,91.74300000000001,0.0,0.0
2006-01-15 23:00:00,0.0,0.0,42.95,63.94,31.91,49.661,90.0,0.0,5.86099999999999
2006-01-16 00:00:00,0.0,0.0,52.33,66.22,32.99,47.95099999999999,98.58900000000001,0.0,0.0
2006-01-16 01:00:00,0.0,0.0,51.37,64.73,31.25,47.123,95.227,0.0,0.0
2006-01-16 02:00:00,0.0,0.0,51.42,61.97,29.51,47.247,90.653,0.0,0.0
2006-01-16 03:00:00,0.0,0.0,52.26,60.99,28.58,46.156000000000006,90.67399999999999,0.0,0.0
2006-01-16 04:00:00,0.0,0.0,54.21,62.86,27.58,45.429,94.22099999999999,0.0,0.0
2006-01-16 05:00:00,0.0,0.0,59.2,67.13,28.36,43.693999999999996,105.99600000000001,0.0,0.0
2006-01-16 06:00:00,0.0,0.0,64.39,71.59,32.89,41.078,115.0,7.791999999999995,0.0
2006-01-16 07:00:00,0.0,0.0,67.13,73.59,38.33,39.181,134.869,0.0,0.0
2006-01-16 08:00:00,0.0,0.0,68.51,74.74,41.47,40.987,138.733,0.0,0.0
2006-01-16 09:00:00,0.0,0.0,69.8,74.97,43.55,44.647,135.0,3.6729999999999876,0.0
2006-01-16 10:00:00,0.0,0.0,70.79,75.05,44.38,46.830999999999996,138.389,0.0,0.0
2006-01-16 11:00:00,0.0,0.0,70.31,75.11,44.8,49.742,135.478,0.0,0.0
2006-01-16 12:00:00,0.0,0.0,69.13,73.38,45.06,53.931,128.639,0.0,0.0
2006-01-16 13:00:00,0.0,0.0,67.9,71.3,44.72,53.435,125.48500000000001,0.0,0.0
2006-01-16 14:00:00,0.0,0.0,67.3,69.32,44.46,48.099999999999994,127.98,0.0,0.0
2006-01-16 15:00:00,0.0,0.0,67.75,68.76,44.7,45.092000000000006,131.11800000000002,0.0,0.0
2006-01-16 16:00:00,0.0,0.0,70.19,71.1,47.37,46.173,137.487,0.0,0.0
2006-01-16 17:00:00,0.0,0.0,70.99,75.38,49.75,48.332,135.0,7.78799999999996,0.0
2006-01-16 18:00:00,0.0,0.0,69.56,76.29,49.6,48.133,142.317,0.0,0.0
2006-01-16 19:00:00,0.0,0.0,65.95,72.98,47.71,44.652,136.98800000000003,0.0,0.0
2006-01-16 20:00:00,0.0,0.0,63.01,69.65,44.92,42.0,130.58,0.0,0.0
2006-01-16 21:00:00,0.0,0.0,61.18,70.04,41.39,39.618,127.992,0.0,0.0
2006-01-16 22:00:00,0.0,0.0,57.43,71.13,37.53,38.631,122.45899999999999,0.0,0.0
2006-01-16 23:00:00,0.0,0.0,54.31,68.45,34.0,39.651,112.109,0.0,0.0
2006-01-17 00:00:00,0.0,0.0,52.67,62.94,33.7,40.443,103.86699999999999,0.0,0.0
2006-01-17 01:00:00,0.0,0.0,51.72,61.45,31.96,41.539,98.591,0.0,0.0
2006-01-17 02:00:00,0.0,0.0,51.76,58.69,30.22,43.031,92.63899999999998,0.0,0.0
2006-01-17 03:00:00,0.0,0.0,52.6,57.71,29.29,44.192,90.40799999999999,0.0,0.0
2006-01-17 04:00:00,0.0,0.0,54.55,59.58,28.29,45.634,91.78599999999999,0.0,0.0
2006-01-17 05:00:00,0.0,0.0,59.54,63.84,29.07,47.474999999999994,99.97500000000001,0.0,0.0
2006-01-17 06:00:00,0.0,0.0,64.73,68.3,33.6,49.615,112.01499999999999,0.0,0.0
2006-01-17 07:00:00,0.0,0.0,67.47,70.31,39.04,51.23400000000001,120.58600000000001,0.0,0.0
2006-01-17 08:00:00,0.0,0.0,68.85,71.46,42.18,55.852999999999994,121.63699999999997,0.0,0.0
2006-01-17 09:00:00,0.0,0.0,70.14,71.68,44.26,66.457,114.623,0.0,0.0
2006-01-17 10:00:00,0.0,0.0,71.13,71.76,45.09,75.434,107.54600000000002,0.0,0.0
2006-01-17 11:00:00,0.0,0.0,70.65,71.83,45.51,83.902,99.088,0.0,0.0
2006-01-17 12:00:00,0.0,0.0,69.47,70.1,45.77,87.50299999999999,92.83700000000003,0.0,0.0
2006-01-17 13:00:00,0.0,0.0,68.25,68.02,45.43,85.603,91.09700000000001,0.0,0.0
2006-01-17 14:00:00,0.0,0.0,67.64,66.03,45.17,78.49299999999998,95.34700000000001,0.0,0.0
2006-01-17 15:00:00,0.0,0.0,68.09,65.47,45.41,67.18400000000001,106.786,0.0,0.0
2006-01-17 16:00:00,0.0,0.0,70.53,67.82,48.08,57.647999999999996,123.782,0.0,0.0
2006-01-17 17:00:00,0.0,0.0,71.33,72.09,50.46,53.223,135.65699999999998,0.0,0.0
2006-01-17 18:00:00,0.0,0.0,69.9,73.0,50.31,50.874,115.0,22.336,0.0
2006-01-17 19:00:00,0.0,0.0,66.29,69.7,48.42,47.402,132.008,0.0,0.0
2006-01-17 20:00:00,0.0,0.0,63.35,66.36,45.63,44.38,115.0,10.960000000000008,0.0
2006-01-17 21:00:00,0.0,0.0,61.53,66.75,42.1,41.918,123.46200000000002,0.0,0.0
2006-01-17 22:00:00,0.0,0.0,57.77,67.85,38.24,41.830999999999996,117.02900000000001,0.0,0.0
2006-01-17 23:00:00,0.0,0.0,54.65,65.17,34.71,42.592999999999996,106.93700000000001,0.0,0.0
2006-01-18 00:00:00,0.0,0.0,52.11,61.42,33.27,45.122,96.678,0.0,0.0
2006-01-18 01:00:00,0.0,0.0,51.16,59.93,31.53,46.313,91.307,0.0,0.0
2006-01-18 02:00:00,0.0,0.0,51.2,57.18,29.79,48.342,90.0,0.0,5.171999999999999
2006-01-18 03:00:00,0.0,0.0,52.05,56.19,28.85,47.92400000000001,90.0,0.0,5.834000000000001
2006-01-18 04:00:00,0.0,0.0,53.99,58.06,27.86,47.12,90.0,0.0,2.2099999999999795
2006-01-18 05:00:00,0.0,0.0,58.98,62.33,28.63,44.704,100.236,0.0,0.0
2006-01-18 06:00:00,0.0,0.0,64.17,66.79,33.17,42.592,116.53800000000001,0.0,0.0
2006-01-18 07:00:00,0.0,0.0,66.92,68.79,38.61,41.574,127.74600000000001,0.0,0.0
2006-01-18 08:00:00,0.0,0.0,68.29,69.94,41.75,44.192,130.788,0.0,0.0
2006-01-18 09:00:00,0.0,0.0,69.58,70.17,43.82,48.796,129.774,0.0,0.0
2006-01-18 10:00:00,0.0,0.0,70.58,70.25,44.66,53.382,127.108,0.0,0.0
2006-01-18 11:00:00,0.0,0.0,70.09,70.31,45.08,59.373000000000005,121.107,0.0,0.0
2006-01-18 12:00:00,0.0,0.0,68.91,68.58,45.33,62.044,115.77599999999998,0.0,0.0
2006-01-18 13:00:00,0.0,0.0,67.69,66.51,44.99,58.886,115.30400000000002,0.0,0.0
2006-01-18 14:00:00,0.0,0.0,67.08,64.52,44.74,50.315,121.02499999999999,0.0,0.0
2006-01-18 15:00:00,0.0,0.0,67.54,63.96,44.98,42.28,129.20000000000002,0.0,0.0
2006-01-18 16:00:00,0.0,0.0,69.98,66.31,47.64,33.93000000000001,145.0,0.0,0.0
2006-01-18 17:00:00,0.0,0.0,70.77,70.58,50.03,30.374,135.0,21.00599999999999,0.0
2006-01-18 18:00:00,0.0,0.0,69.34,71.49,49.88,30.782000000000004,154.928,0.0,0.0
2006-01-18 19:00:00,0.0,0.0,65.73,68.19,47.99,30.231,146.679,0.0,0.0
2006-01-18 20:00:00,0.0,0.0,62.79,64.85,45.19,29.753999999999998,138.076,0.0,0.0
2006-01-18 21:00:00,0.0,0.0,60.97,65.24,41.66,29.349999999999998,133.51999999999998,0.0,0.0
2006-01-18 22:00:00,0.0,0.0,57.21,66.34,37.8,29.494999999999997,126.855,0.0,0.0
2006-01-18 23:00:00,0.0,0.0,54.09,63.65,34.27,29.604999999999997,117.40500000000002,0.0,0.0
2006-01-19 00:00:00,0.0,0.0,52.36,61.33,32.31,30.537000000000003,110.46300000000001,0.0,0.0
2006-01-19 01:00:00,0.0,0.0,51.41,59.85,30.57,30.999,105.831,0.0,0.0
2006-01-19 02:00:00,0.0,0.0,51.45,57.09,28.83,31.187,101.18300000000002,0.0,0.0
2006-01-19 03:00:00,0.0,0.0,52.29,56.1,27.9,31.814000000000004,99.476,0.0,0.0
2006-01-19 04:00:00,0.0,0.0,54.24,57.97,26.9,31.348,102.76200000000003,0.0,0.0
2006-01-19 05:00:00,0.0,0.0,59.23,62.24,27.67,32.896,111.24400000000001,0.0,0.0
2006-01-19 06:00:00,0.0,0.0,64.42,66.7,32.21,34.447,123.88300000000001,0.0,0.0
2006-01-19 07:00:00,0.0,0.0,67.16,68.71,37.65,35.649,132.87099999999998,0.0,0.0
2006-01-19 08:00:00,0.0,0.0,68.54,69.86,40.79,41.698,132.49200000000002,0.0,0.0
2006-01-19 09:00:00,0.0,0.0,69.83,70.08,42.86,51.06899999999999,126.701,0.0,0.0
2006-01-19 10:00:00,0.0,0.0,70.82,70.16,43.7,58.047000000000004,121.63299999999998,0.0,0.0
2006-01-19 11:00:00,0.0,0.0,70.34,70.22,44.12,61.99100000000001,117.689,0.0,0.0
2006-01-19 12:00:00,0.0,0.0,69.16,68.49,44.37,64.386,112.63399999999999,0.0,0.0
2006-01-19 13:00:00,0.0,0.0,67.93,66.42,44.04,62.867000000000004,110.52299999999998,0.0,0.0
2006-01-19 14:00:00,0.0,0.0,67.33,64.43,43.78,57.781,112.75900000000001,0.0,0.0
2006-01-19 15:00:00,0.0,0.0,67.78,63.87,44.02,51.473,119.197,0.0,0.0
2006-01-19 16:00:00,0.0,0.0,70.22,66.22,46.68,46.949,131.171,0.0,0.0
2006-01-19 17:00:00,0.0,0.0,71.02,70.49,49.07,49.36900000000001,136.21099999999998,0.0,0.0
2006-01-19 18:00:00,0.0,0.0,69.59,71.4,48.92,52.071,132.83900000000003,0.0,0.0
2006-01-19 19:00:00,0.0,0.0,65.98,68.1,47.03,53.821,122.28900000000002,0.0,0.0
2006-01-19 20:00:00,0.0,0.0,63.04,64.76,44.24,54.742000000000004,112.298,0.0,0.0
2006-01-19 21:00:00,0.0,0.0,61.21,65.15,40.71,54.968999999999994,107.10100000000003,0.0,0.0
2006-01-19 22:00:00,0.0,0.0,57.46,66.25,36.84,55.913000000000004,99.637,0.0,0.0
2006-01-19 23:00:00,0.0,0.0,54.34,63.57,33.31,56.494,90.0,0.0,0.2739999999999867
2006-01-20 00:00:00,0.0,0.0,49.93,61.53,33.47,57.549,90.0,0.0,7.618999999999994
2006-01-20 01:00:00,0.0,0.0,48.98,60.04,31.73,59.055,90.0,0.0,13.304999999999994
2006-01-20 02:00:00,0.0,0.0,49.02,57.28,29.99,60.30500000000001,90.0,0.0,19.015
2006-01-20 03:00:00,0.0,0.0,49.86,56.3,29.05,60.986999999999995,90.0,0.0,20.777000000000005
2006-01-20 04:00:00,0.0,0.0,51.81,58.17,28.06,61.562999999999995,90.0,0.0,18.523000000000003
2006-01-20 05:00:00,0.0,0.0,56.8,62.44,28.83,61.782000000000004,90.0,0.0,8.712000000000003
2006-01-20 06:00:00,0.0,0.0,61.99,66.89,33.37,61.507,95.743,0.0,0.0
2006-01-20 07:00:00,0.0,0.0,64.73,68.9,38.8,62.99500000000001,104.435,0.0,0.0
2006-01-20 08:00:00,0.0,0.0,66.11,70.05,41.95,67.68900000000001,105.42100000000002,0.0,0.0
2006-01-20 09:00:00,0.0,0.0,67.4,70.28,44.02,74.43,102.27000000000001,0.0,0.0
2006-01-20 10:00:00,0.0,0.0,68.39,70.36,44.85,80.10100000000001,98.49899999999997,0.0,0.0
2006-01-20 11:00:00,0.0,0.0,67.91,70.42,45.27,84.74400000000001,93.856,0.0,0.0
2006-01-20 12:00:00,0.0,0.0,66.73,68.69,45.53,85.72,90.23000000000002,0.0,0.0
2006-01-20 13:00:00,0.0,0.0,65.51,66.61,45.19,84.30099999999999,90.0,0.0,1.9909999999999854
2006-01-20 14:00:00,0.0,0.0,64.9,64.63,44.93,80.46,90.0,0.0,0.9999999999999716
2006-01-20 15:00:00,0.0,0.0,65.35,64.07,45.18,77.35199999999999,92.24800000000002,0.0,0.0
2006-01-20 16:00:00,0.0,0.0,67.79,66.41,47.84,74.978,102.06200000000001,0.0,0.0
2006-01-20 17:00:00,0.0,0.0,68.59,70.68,50.23,74.277,110.22300000000003,0.0,0.0
2006-01-20 18:00:00,0.0,0.0,67.16,71.59,50.08,74.04700000000001,109.783,0.0,0.0
2006-01-20 19:00:00,0.0,0.0,63.55,68.29,48.19,72.49199999999999,102.53800000000001,0.0,0.0
2006-01-20 20:00:00,0.0,0.0,60.61,64.96,45.39,71.363,94.597,0.0,0.0
2006-01-20 21:00:00,0.0,0.0,58.79,65.35,41.86,70.702,90.298,0.0,0.0
2006-01-20 22:00:00,0.0,0.0,55.03,66.44,38.0,69.62599999999999,90.0,0.0,5.156000000000006
2006-01-20 23:00:00,0.0,0.0,51.91,63.76,34.47,69.107,90.0,0.0,13.967000000000013
2006-01-21 00:00:00,0.0,0.0,41.7,59.72,31.89,68.03399999999999,90.0,0.0,29.723999999999982
2006-01-21 01:00:00,0.0,0.0,40.75,58.23,30.15,66.479,90.0,0.0,32.349
2006-01-21 02:00:00,0.0,0.0,40.8,55.48,28.41,64.02,90.0,0.0,34.330000000000005
2006-01-21 03:00:00,0.0,0.0,41.64,54.49,27.48,62.653,90.0,0.0,34.043
2006-01-21 04:00:00,0.0,0.0,43.59,56.36,26.48,60.72299999999999,90.0,0.0,29.29299999999997
2006-01-21 05:00:00,0.0,0.0,48.57,60.63,27.25,59.48,90.0,0.0,18.029999999999987
2006-01-21 06:00:00,0.0,0.0,53.77,65.09,31.79,56.809,90.0,0.0,1.1589999999999918
2006-01-21 07:00:00,0.0,0.0,56.51,67.09,37.23,54.03999999999999,101.79000000000002,0.0,0.0
2006-01-21 08:00:00,0.0,0.0,57.88,68.24,40.37,53.466,108.02399999999999,0.0,0.0
2006-01-21 09:00:00,0.0,0.0,59.18,68.47,42.44,57.684,107.406,0.0,0.0
2006-01-21 10:00:00,0.0,0.0,60.17,68.55,43.28,62.202,104.798,0.0,0.0
2006-01-21 11:00:00,0.0,0.0,59.68,68.61,43.7,65.89099999999999,101.09900000000002,0.0,0.0
2006-01-21 12:00:00,0.0,0.0,58.5,66.88,43.95,65.393,98.93699999999998,0.0,0.0
2006-01-21 13:00:00,0.0,0.0,57.28,64.81,43.62,60.584,100.126,0.0,0.0
2006-01-21 14:00:00,0.0,0.0,56.67,62.82,43.36,52.83,105.02000000000001,0.0,0.0
2006-01-21 15:00:00,0.0,0.0,57.13,62.26,43.6,42.035000000000004,115.955,0.0,0.0
2006-01-21 16:00:00,0.0,0.0,59.57,64.61,46.26,35.435,130.005,0.0,0.0
2006-01-21 17:00:00,0.0,0.0,60.37,68.88,48.65,32.21,140.69,0.0,0.0
2006-01-21 18:00:00,0.0,0.0,58.93,69.79,48.5,32.297,139.923,0.0,0.0
2006-01-21 19:00:00,0.0,0.0,55.32,66.49,46.61,30.613,132.80700000000002,0.0,0.0
2006-01-21 20:00:00,0.0,0.0,52.38,63.15,43.82,28.482,125.86800000000001,0.0,0.0
2006-01-21 21:00:00,0.0,0.0,50.56,63.54,40.29,25.002000000000002,124.38800000000002,0.0,0.0
2006-01-21 22:00:00,0.0,0.0,46.8,64.64,36.42,24.274,118.58600000000001,0.0,0.0
2006-01-21 23:00:00,0.0,0.0,43.68,61.95,32.89,23.724999999999998,109.795,0.0,0.0
2006-01-22 00:00:00,0.0,0.0,40.86,61.04,31.66,24.532,104.02799999999999,0.0,0.0
2006-01-22 01:00:00,0.0,0.0,39.91,59.55,29.92,26.668,97.712,0.0,0.0
2006-01-22 02:00:00,0.0,0.0,39.96,56.8,28.18,28.211999999999996,91.72800000000001,0.0,0.0
2006-01-22 03:00:00,0.0,0.0,40.8,55.81,27.25,28.918,90.0,0.0,0.057999999999992724
2006-01-22 04:00:00,0.0,0.0,42.75,57.68,26.25,28.641,93.039,0.0,0.0
2006-01-22 05:00:00,0.0,0.0,47.73,61.95,27.03,28.125999999999998,103.584,0.0,0.0
2006-01-22 06:00:00,0.0,0.0,52.93,66.41,31.56,28.682000000000002,117.218,0.0,0.0
2006-01-22 07:00:00,0.0,0.0,55.67,68.41,37.0,28.632,127.448,0.0,0.0
2006-01-22 08:00:00,0.0,0.0,57.04,69.56,40.14,35.253,126.48700000000001,0.0,0.0
2006-01-22 09:00:00,0.0,0.0,58.34,69.79,42.22,44.779,120.57100000000001,0.0,0.0
2006-01-22 10:00:00,0.0,0.0,59.33,69.87,43.05,50.60699999999999,116.643,0.0,0.0
2006-01-22 11:00:00,0.0,0.0,58.85,69.93,43.47,52.602999999999994,114.64700000000002,0.0,0.0
2006-01-22 12:00:00,0.0,0.0,57.67,68.2,43.73,51.78500000000001,112.81499999999998,0.0,0.0
2006-01-22 13:00:00,0.0,0.0,56.44,66.13,43.39,47.014,113.946,0.0,0.0
2006-01-22 14:00:00,0.0,0.0,55.84,64.14,43.13,39.777,118.333,0.0,0.0
2006-01-22 15:00:00,0.0,0.0,56.29,63.58,43.37,29.087999999999997,129.152,0.0,0.0
2006-01-22 16:00:00,0.0,0.0,58.73,65.93,46.04,22.014000000000003,143.686,0.0,0.0
2006-01-22 17:00:00,0.0,0.0,59.53,70.2,48.42,21.386000000000003,151.764,0.0,0.0
2006-01-22 18:00:00,0.0,0.0,58.1,71.11,48.27,22.714,149.766,0.0,0.0
2006-01-22 19:00:00,0.0,0.0,54.49,67.8,46.38,23.382,140.288,0.0,0.0
2006-01-22 20:00:00,0.0,0.0,51.54,64.47,43.59,22.736,131.864,0.0,0.0
2006-01-22 21:00:00,0.0,0.0,49.72,64.86,40.06,22.715000000000003,126.92500000000001,0.0,0.0
2006-01-22 22:00:00,0.0,0.0,45.97,65.96,36.2,24.755999999999997,118.374,0.0,0.0
2006-01-22 23:00:00,0.0,0.0,42.84,63.27,32.67,26.491999999999997,107.28800000000001,0.0,0.0
2006-01-23 00:00:00,0.0,0.0,54.39,72.86,34.31,27.201999999999998,129.358,0.0,0.0
2006-01-23 01:00:00,0.0,0.0,53.44,71.37,32.57,27.541,124.839,0.0,0.0
2006-01-23 02:00:00,0.0,0.0,53.48,68.62,30.83,28.682000000000002,119.24799999999999,0.0,0.0
2006-01-23 03:00:00,0.0,0.0,54.33,67.63,29.89,29.052000000000003,117.798,0.0,0.0
2006-01-23 04:00:00,0.0,0.0,56.27,69.5,28.9,29.514,120.156,0.0,0.0
2006-01-23 05:00:00,0.0,0.0,61.26,73.77,29.67,30.745,128.955,0.0,0.0
2006-01-23 06:00:00,0.0,0.0,66.45,78.23,34.21,32.038999999999994,141.851,0.0,0.0
2006-01-23 07:00:00,0.0,0.0,69.2,80.23,39.65,35.111999999999995,148.96800000000002,0.0,0.0
2006-01-23 08:00:00,0.0,0.0,70.57,81.38,42.79,44.20300000000001,145.53699999999998,0.0,0.0
2006-01-23 09:00:00,0.0,0.0,71.86,81.61,44.86,58.168,135.162,0.0,0.0
2006-01-23 10:00:00,0.0,0.0,72.86,81.69,45.69,66.983,128.257,0.0,0.0
2006-01-23 11:00:00,0.0,0.0,72.37,81.75,46.11,70.25299999999999,124.977,0.0,0.0
2006-01-23 12:00:00,0.0,0.0,71.19,80.02,46.37,68.35499999999999,124.225,0.0,0.0
2006-01-23 13:00:00,0.0,0.0,69.97,77.95,46.03,62.562,126.388,0.0,0.0
2006-01-23 14:00:00,0.0,0.0,69.36,75.96,45.77,53.491,132.599,0.0,0.0
2006-01-23 15:00:00,0.0,0.0,69.82,75.4,46.02,40.119,146.12099999999998,0.0,0.0
2006-01-23 16:00:00,0.0,0.0,72.26,77.75,48.68,29.451000000000004,155.0,9.239000000000008,0.0
2006-01-23 17:00:00,0.0,0.0,73.05,82.02,51.07,31.424000000000003,155.0,14.715999999999982,0.0
2006-01-23 18:00:00,0.0,0.0,71.62,82.93,50.92,33.596000000000004,155.0,11.87400000000001,0.0
2006-01-23 19:00:00,0.0,0.0,68.01,79.62,49.03,34.63,155.0,2.030000000000017,0.0
2006-01-23 20:00:00,0.0,0.0,65.07,76.29,46.23,34.099000000000004,155.0,0.0,6.509000000000027
2006-01-23 21:00:00,0.0,0.0,63.25,76.68,42.7,32.484,145.14600000000002,0.0,0.0
2006-01-23 22:00:00,0.0,0.0,59.49,77.78,38.84,31.794,139.316,0.0,0.0
2006-01-23 23:00:00,0.0,0.0,56.37,75.09,35.31,30.949999999999996,130.82000000000002,0.0,0.0
2006-01-24 00:00:00,0.0,0.0,55.54,74.57,35.47,29.907,130.673,0.0,0.0
2006-01-24 01:00:00,0.0,0.0,54.58,73.08,33.73,29.041999999999998,131.27903047091408,0.0,3.9310304709140924
2006-01-24 02:00:00,0.0,0.0,54.63,70.32,31.99,28.162,130.0,0.0,6.222000000000008
2006-01-24 03:00:00,0.0,0.0,55.47,69.34,31.06,26.535999999999994,135.0,0.0,10.665999999999997
2006-01-24 04:00:00,0.0,0.0,57.42,71.21,30.06,25.302999999999997,128.387,0.0,0.0
2006-01-24 05:00:00,0.0,0.0,62.41,75.48,30.84,23.351,155.0,0.0,14.620999999999995
2006-01-24 06:00:00,0.0,0.0,67.6,79.93,35.37,21.983000000000004,155.0,0.9169999999999874,0.0
2006-01-24 07:00:00,0.0,0.0,70.34,81.94,40.81,21.722,155.0,11.367999999999995,0.0
2006-01-24 08:00:00,0.0,0.0,71.72,83.09,43.95,27.482,155.0,11.277999999999992,0.0
2006-01-24 09:00:00,0.0,0.0,73.01,83.32,46.03,37.424,155.0,4.935999999999993,0.0
2006-01-24 10:00:00,0.0,0.0,74.0,83.4,46.86,43.449000000000005,155.0,0.8109999999999928,0.0
2006-01-24 11:00:00,0.0,0.0,73.52,83.46,47.28,48.453,150.807,0.0,0.0
2006-01-24 12:00:00,0.0,0.0,72.34,81.73,47.54,48.473,148.137,0.0,0.0
2006-01-24 13:00:00,0.0,0.0,71.11,79.65,47.2,44.087,148.873,0.0,0.0
2006-01-24 14:00:00,0.0,0.0,70.51,77.67,46.94,35.312,154.808,0.0,0.0
2006-01-24 15:00:00,0.0,0.0,70.96,77.11,47.18,25.008,155.0,10.241999999999983,0.0
2006-01-24 16:00:00,0.0,0.0,73.4,79.45,49.85,18.663,155.0,24.037000000000003,0.0
2006-01-24 17:00:00,0.0,0.0,74.2,83.72,52.23,17.084,155.0,33.065999999999995,0.0
2006-01-24 18:00:00,0.0,0.0,72.77,84.63,52.08,19.379,155.0,30.101,0.0
2006-01-24 19:00:00,0.0,0.0,69.16,81.33,50.19,19.885999999999996,155.0,20.793999999999997,0.0
2006-01-24 20:00:00,0.0,0.0,66.22,78.0,47.4,19.895,155.0,11.724999999999987,0.0
2006-01-24 21:00:00,0.0,0.0,64.39,78.39,43.87,19.738999999999997,155.0,6.910999999999987,0.0
2006-01-24 22:00:00,0.0,0.0,60.64,79.48,40.01,19.493,155.0,0.636999999999988,0.0
2006-01-24 23:00:00,0.0,0.0,57.52,76.8,36.48,20.292,145.50799999999998,0.0,0.0
2006-01-25 00:00:00,0.0,0.0,54.27,72.59,36.81,20.942,137.728,0.0,0.0
2006-01-25 01:00:00,0.0,0.0,53.32,71.1,35.07,21.905,132.58499999999998,0.0,0.0
2006-01-25 02:00:00,0.0,0.0,53.37,68.34,33.33,23.704,126.33600000000001,0.0,0.0
2006-01-25 03:00:00,0.0,0.0,54.21,67.35,32.39,24.52,124.43,0.0,0.0
2006-01-25 04:00:00,0.0,0.0,56.16,69.22,31.4,26.194000000000003,130.0,0.0,4.414000000000003
2006-01-25 05:00:00,0.0,0.0,61.14,73.49,32.17,28.025,133.775,0.0,0.0
2006-01-25 06:00:00,0.0,0.0,66.34,77.95,36.71,29.415000000000003,146.585,0.0,0.0
2006-01-25 07:00:00,0.0,0.0,69.08,79.96,42.15,31.613000000000003,154.577,0.0,0.0
2006-01-25 08:00:00,0.0,0.0,70.45,81.11,45.29,39.385,152.465,0.0,0.0
2006-01-25 09:00:00,0.0,0.0,71.75,81.33,47.36,50.03699999999999,155.0,0.0,9.597000000000016
2006-01-25 10:00:00,0.0,0.0,72.74,81.41,48.19,58.65100000000001,138.689,0.0,0.0
2006-01-25 11:00:00,0.0,0.0,72.25,81.47,48.61,63.475,133.855,0.0,0.0
2006-01-25 12:00:00,0.0,0.0,71.07,79.75,48.87,65.352,129.33799999999997,0.0,0.0
2006-01-25 13:00:00,0.0,0.0,69.85,77.67,48.53,61.949000000000005,155.0,0.0,25.899000000000008
2006-01-25 14:00:00,0.0,0.0,69.24,75.68,48.27,52.485,135.70499999999998,0.0,0.0
2006-01-25 15:00:00,0.0,0.0,69.7,75.12,48.52,41.139,155.0,0.0,7.798999999999992
2006-01-25 16:00:00,0.0,0.0,72.14,77.47,51.18,34.926,155.0,5.864000000000004,0.0
2006-01-25 17:00:00,0.0,0.0,72.94,81.74,53.57,33.698,155.0,14.551999999999989,0.0
2006-01-25 18:00:00,0.0,0.0,71.5,82.65,53.42,35.102,155.0,12.468000000000004,0.0
2006-01-25 19:00:00,0.0,0.0,67.89,79.35,51.53,35.498000000000005,155.0,3.2719999999999843,0.0
2006-01-25 20:00:00,0.0,0.0,64.95,76.01,48.73,35.91,148.78,0.0,0.0
2006-01-25 21:00:00,0.0,0.0,63.13,76.4,45.2,35.873,143.857,0.0,0.0
2006-01-25 22:00:00,0.0,0.0,59.37,77.5,41.34,35.357,137.853,0.0,0.0
2006-01-25 23:00:00,0.0,0.0,56.25,74.82,37.81,34.955,128.925,0.0,0.0
2006-01-26 00:00:00,0.0,0.0,53.78,74.03,37.12,33.613,126.31700000000001,0.0,0.0
2006-01-26 01:00:00,0.0,0.0,52.83,72.54,35.38,33.589,155.0,0.0,32.83899999999999
2006-01-26 02:00:00,0.0,0.0,52.88,69.79,33.64,33.394,117.91600000000001,0.0,0.0
2006-01-26 03:00:00,0.0,0.0,53.72,68.8,32.7,33.402,116.81799999999998,0.0,0.0
2006-01-26 04:00:00,0.0,0.0,55.67,70.67,31.71,33.171,119.87900000000002,0.0,0.0
2006-01-26 05:00:00,0.0,0.0,60.65,74.94,32.48,33.443,155.0,0.0,25.37300000000002
2006-01-26 06:00:00,0.0,0.0,65.85,79.4,37.02,34.198,143.072,0.0,0.0
2006-01-26 07:00:00,0.0,0.0,68.59,81.4,42.46,34.829,152.621,0.0,0.0
2006-01-26 08:00:00,0.0,0.0,69.96,82.55,45.6,39.184,153.926,0.0,0.0
2006-01-26 09:00:00,0.0,0.0,71.26,82.78,47.67,47.9,148.81,0.0,0.0
2006-01-26 10:00:00,0.0,0.0,72.25,82.86,48.5,56.897,141.713,0.0,0.0
2006-01-26 11:00:00,0.0,0.0,71.77,82.92,48.93,63.36500000000001,135.255,0.0,0.0
2006-01-26 12:00:00,0.0,0.0,70.58,81.19,49.18,66.268,129.68200000000002,0.0,0.0
2006-01-26 13:00:00,0.0,0.0,69.36,79.11,48.84,64.10999999999999,135.0,0.0,6.799999999999976
2006-01-26 14:00:00,0.0,0.0,68.76,77.13,48.58,56.806,132.66400000000002,0.0,0.0
2006-01-26 15:00:00,0.0,0.0,69.21,76.57,48.83,45.284,155.0,0.0,10.674000000000014
2006-01-26 16:00:00,0.0,0.0,71.65,78.91,51.49,35.879,155.0,6.170999999999992,0.0
2006-01-26 17:00:00,0.0,0.0,72.45,83.19,53.88,32.292,155.0,17.227999999999994,0.0
2006-01-26 18:00:00,0.0,0.0,71.01,84.1,53.73,33.055,155.0,15.78500000000001,0.0
2006-01-26 19:00:00,0.0,0.0,67.4,80.79,51.84,32.755,155.0,7.2750000000000075,0.0
2006-01-26 20:00:00,0.0,0.0,64.46,77.46,49.04,31.669000000000004,154.29099999999997,0.0,0.0
2006-01-26 21:00:00,0.0,0.0,62.64,77.85,45.51,29.936,151.06400000000002,0.0,0.0
2006-01-26 22:00:00,0.0,0.0,58.88,78.94,41.65,26.881,147.589,0.0,0.0
2006-01-26 23:00:00,0.0,0.0,55.76,76.26,38.12,24.512999999999998,140.627,0.0,0.0
2006-01-27 00:00:00,0.0,0.0,53.47,76.86,36.4,22.544,139.186,0.0,0.0
2006-01-27 01:00:00,0.0,0.0,52.52,75.37,34.66,21.361,136.189,0.0,0.0
2006-01-27 02:00:00,0.0,0.0,52.57,72.62,32.92,21.008,132.10200000000003,0.0,0.0
2006-01-27 03:00:00,0.0,0.0,53.41,71.63,31.99,20.674,131.35599999999997,0.0,0.0
2006-01-27 04:00:00,0.0,0.0,55.36,73.5,30.99,20.834,155.0,0.0,20.984000000000016
2006-01-27 05:00:00,0.0,0.0,60.34,77.77,31.76,20.667,144.20299999999997,0.0,0.0
2006-01-27 06:00:00,0.0,0.0,65.54,82.23,36.3,20.285,155.0,3.785000000000011,0.0
2006-01-27 07:00:00,0.0,0.0,68.28,84.23,41.74,20.39,155.0,13.85999999999998,0.0
2006-01-27 08:00:00,0.0,0.0,69.65,85.38,44.88,26.292999999999996,155.0,13.617000000000004,0.0
2006-01-27 09:00:00,0.0,0.0,70.95,85.61,46.96,35.476000000000006,155.0,8.043999999999983,0.0
2006-01-27 10:00:00,0.0,0.0,71.94,85.69,47.79,43.123999999999995,155.0,2.295999999999978,0.0
2006-01-27 11:00:00,0.0,0.0,71.45,85.75,48.21,47.004999999999995,153.405,0.0,0.0
2006-01-27 12:00:00,0.0,0.0,70.27,84.02,48.46,49.932,155.0,0.0,7.182000000000009
2006-01-27 13:00:00,0.0,0.0,69.05,81.95,48.13,49.096,145.034,0.0,0.0
2006-01-27 14:00:00,0.0,0.0,68.44,79.96,47.87,42.992999999999995,148.277,0.0,0.0
2006-01-27 15:00:00,0.0,0.0,68.9,79.4,48.11,33.212,155.0,3.1980000000000075,0.0
2006-01-27 16:00:00,0.0,0.0,71.34,81.75,50.77,29.136999999999997,155.0,14.722999999999999,0.0
2006-01-27 17:00:00,0.0,0.0,72.13,86.02,53.16,27.643,155.0,23.666999999999987,0.0
2006-01-27 18:00:00,0.0,0.0,70.7,86.93,53.01,30.136,155.0,20.504000000000016,0.0
2006-01-27 19:00:00,0.0,0.0,67.09,83.62,51.12,32.322,155.0,9.507999999999996,0.0
2006-01-27 20:00:00,0.0,0.0,64.15,80.29,48.33,32.686,155.0,0.08400000000000318,0.0
2006-01-27 21:00:00,0.0,0.0,62.33,80.68,44.8,32.456999999999994,150.353,0.0,0.0
2006-01-27 22:00:00,0.0,0.0,58.57,81.78,40.94,30.039,146.251,0.0,0.0
2006-01-27 23:00:00,0.0,0.0,55.45,79.09,37.41,28.949000000000005,138.001,0.0,0.0
2006-01-28 00:00:00,0.0,0.0,44.74,69.63,34.2,27.884999999999998,155.0,0.0,39.31500000000001
2006-01-28 01:00:00,0.0,0.0,43.79,68.14,32.46,28.534,110.856,0.0,0.0
2006-01-28 02:00:00,0.0,0.0,43.84,65.39,30.72,29.112,155.0,0.0,49.162000000000006
2006-01-28 03:00:00,0.0,0.0,44.68,64.4,29.79,28.393,105.477,0.0,0.0
2006-01-28 04:00:00,0.0,0.0,46.62,66.27,28.79,27.806,110.0,0.0,1.1260000000000083
2006-01-28 05:00:00,0.0,0.0,51.61,70.54,29.57,27.582,119.13799999999999,0.0,0.0
2006-01-28 06:00:00,0.0,0.0,56.81,75.0,34.1,28.038,132.872,0.0,0.0
2006-01-28 07:00:00,0.0,0.0,59.55,77.0,39.54,28.688000000000002,142.402,0.0,0.0
2006-01-28 08:00:00,0.0,0.0,60.92,78.15,42.68,35.738,141.01200000000003,0.0,0.0
2006-01-28 09:00:00,0.0,0.0,62.22,78.38,44.76,47.304,133.05599999999998,0.0,0.0
2006-01-28 10:00:00,0.0,0.0,63.21,78.46,45.59,55.805,135.0,0.0,8.544999999999995
2006-01-28 11:00:00,0.0,0.0,62.72,78.52,46.01,61.477999999999994,120.77199999999999,0.0,0.0
2006-01-28 12:00:00,0.0,0.0,61.54,76.79,46.27,62.364000000000004,130.0,0.0,12.763999999999982
2006-01-28 13:00:00,0.0,0.0,60.32,74.72,45.93,59.454,116.51599999999999,0.0,0.0
2006-01-28 14:00:00,0.0,0.0,59.71,72.73,45.67,51.809000000000005,121.301,0.0,0.0
2006-01-28 15:00:00,0.0,0.0,60.17,72.17,45.91,38.328,155.0,0.0,20.078000000000017
2006-01-28 16:00:00,0.0,0.0,62.61,74.52,48.58,29.424,151.286,0.0,0.0
2006-01-28 17:00:00,0.0,0.0,63.4,78.79,50.96,26.758,155.0,6.392000000000005,0.0
2006-01-28 18:00:00,0.0,0.0,61.97,79.7,50.81,26.62,155.0,5.859999999999999,0.0
2006-01-28 19:00:00,0.0,0.0,58.36,76.4,48.92,25.823999999999998,152.856,0.0,0.0
2006-01-28 20:00:00,0.0,0.0,55.42,73.06,46.13,24.689,144.921,0.0,0.0
2006-01-28 21:00:00,0.0,0.0,53.6,73.45,42.6,23.612000000000002,141.038,0.0,0.0
2006-01-28 22:00:00,0.0,0.0,49.84,74.55,38.74,21.855999999999998,136.274,0.0,0.0
2006-01-28 23:00:00,0.0,0.0,46.72,71.87,35.21,20.644,128.156,0.0,0.0
2006-01-29 00:00:00,0.0,0.0,40.27,62.7,33.89,19.477000000000004,135.0,0.0,22.617000000000004
2006-01-29 01:00:00,0.0,0.0,39.32,61.21,32.15,19.260999999999996,110.0,0.0,1.5809999999999889
2006-01-29 02:00:00,0.0,0.0,39.36,58.45,30.41,19.45,115.0,0.0,11.230000000000018
2006-01-29 03:00:00,0.0,0.0,40.21,57.47,29.47,20.557,110.0,0.0,8.406999999999996
2006-01-29 04:00:00,0.0,0.0,42.15,59.34,28.48,21.19,135.0,0.0,31.22
2006-01-29 05:00:00,0.0,0.0,47.14,63.6,29.25,21.698999999999998,115.25671745152323,0.0,1.9657174515232387
2006-01-29 06:00:00,0.0,0.0,52.33,68.06,33.79,21.732,127.44800000000001,0.0,0.0
2006-01-29 07:00:00,0.0,0.0,55.08,70.07,39.23,22.890000000000004,136.48999999999998,0.0,0.0
2006-01-29 08:00:00,0.0,0.0,56.45,71.22,42.37,29.51,135.53,0.0,0.0
2006-01-29 09:00:00,0.0,0.0,57.74,71.45,44.44,38.824,129.806,0.0,0.0
2006-01-29 10:00:00,0.0,0.0,58.73,71.52,45.27,45.352000000000004,130.0,0.0,4.832000000000022
2006-01-29 11:00:00,0.0,0.0,58.25,71.59,45.69,48.309,135.0,0.0,12.779000000000003
2006-01-29 12:00:00,0.0,0.0,57.07,69.86,45.95,47.621,135.0,0.0,14.741000000000007
2006-01-29 13:00:00,0.0,0.0,55.85,67.78,45.61,44.059000000000005,120.181,0.0,0.0
2006-01-29 14:00:00,0.0,0.0,55.24,65.79,45.35,36.968999999999994,124.411,0.0,0.0
2006-01-29 15:00:00,0.0,0.0,55.69,65.23,45.6,26.834000000000003,135.0,0.0,0.31399999999999295
2006-01-29 16:00:00,0.0,0.0,58.14,67.58,48.26,19.446,155.0,0.0,5.466000000000008
2006-01-29 17:00:00,0.0,0.0,58.93,71.85,50.65,16.267,155.0,5.16299999999999,0.0
2006-01-29 18:00:00,0.0,0.0,57.5,72.76,50.5,16.269999999999996,155.0,4.490000000000004,0.0
2006-01-29 19:00:00,0.0,0.0,53.89,69.46,48.61,15.754999999999999,151.20499999999998,0.0,0.0
2006-01-29 20:00:00,0.0,0.0,50.95,66.12,45.81,15.488,155.0,0.0,12.607999999999997
2006-01-29 21:00:00,0.0,0.0,49.13,66.51,42.28,15.256,137.66400000000002,0.0,0.0
2006-01-29 22:00:00,0.0,0.0,45.37,67.61,38.42,14.811,135.0,0.0,3.4110000000000067
2006-01-29 23:00:00,0.0,0.0,42.25,64.93,34.89,14.578000000000001,122.492,0.0,0.0
2006-01-30 00:00:00,0.0,0.0,51.18,69.56,35.82,14.679000000000002,136.881,0.0,0.0
2006-01-30 01:00:00,0.0,0.0,50.23,68.07,34.08,15.441,131.939,0.0,0.0
2006-01-30 02:00:00,0.0,0.0,50.27,65.31,32.34,15.939,135.0,0.0,8.019000000000005
2006-01-30 03:00:00,0.0,0.0,51.12,64.32,31.41,16.29,130.0,0.0,4.440000000000009
2006-01-30 04:00:00,0.0,0.0,53.06,66.19,30.41,17.029999999999998,127.63,0.0,0.0
2006-01-30 05:00:00,0.0,0.0,58.05,70.46,31.18,17.377000000000002,137.313,0.0,0.0
2006-01-30 06:00:00,0.0,0.0,63.24,74.92,35.72,18.11,150.76999999999998,0.0,0.0
2006-01-30 07:00:00,0.0,0.0,65.99,76.93,41.16,19.619999999999997,155.0,4.459999999999988,0.0
2006-01-30 08:00:00,0.0,0.0,67.36,78.08,44.3,26.471,155.0,3.268999999999977,0.0
2006-01-30 09:00:00,0.0,0.0,68.65,78.3,46.37,35.160000000000004,153.16000000000003,0.0,0.0
2006-01-30 10:00:00,0.0,0.0,69.65,78.38,47.21,42.05499999999999,148.185,0.0,0.0
2006-01-30 11:00:00,0.0,0.0,69.16,78.44,47.63,48.181999999999995,142.048,0.0,0.0
2006-01-30 12:00:00,0.0,0.0,67.98,76.71,47.88,51.08899999999999,142.15998891966757,0.0,5.678988919667572
2006-01-30 13:00:00,0.0,0.0,66.76,74.64,47.55,47.784000000000006,136.166,0.0,0.0
2006-01-30 14:00:00,0.0,0.0,66.15,72.65,47.29,40.217,140.873,0.0,0.0
2006-01-30 15:00:00,0.0,0.0,66.61,72.09,47.53,29.115000000000002,155.0,0.0,2.884999999999998
2006-01-30 16:00:00,0.0,0.0,69.05,74.44,50.19,19.907999999999998,155.0,13.771999999999984,0.0
2006-01-30 17:00:00,0.0,0.0,69.84,78.71,52.58,19.185,155.0,21.945000000000004,0.0
2006-01-30 18:00:00,0.0,0.0,68.41,79.62,52.43,20.947000000000003,155.0,19.512999999999998,0.0
2006-01-30 19:00:00,0.0,0.0,64.8,76.32,50.54,21.884,155.0,9.77599999999999,0.0
2006-01-30 20:00:00,0.0,0.0,61.86,72.98,47.75,22.099,155.0,0.49099999999999966,0.0
2006-01-30 21:00:00,0.0,0.0,60.04,73.37,44.22,21.191000000000003,155.0,0.0,3.5610000000000017
2006-01-30 22:00:00,0.0,0.0,56.28,74.47,40.35,20.717,145.383,0.0,0.0
2006-01-30 23:00:00,0.0,0.0,53.16,71.79,36.82,19.659999999999997,137.11,0.0,0.0
2006-01-31 00:00:00,0.0,0.0,52.45,70.23,36.33,19.182000000000002,134.828,0.0,0.0
2006-01-31 01:00:00,0.0,0.0,51.5,68.74,34.59,19.366999999999997,135.0,0.0,4.53700000000002
2006-01-31 02:00:00,0.0,0.0,51.54,65.98,32.85,19.871000000000002,155.0,0.0,29.501000000000005
2006-01-31 03:00:00,0.0,0.0,52.38,65.0,31.91,19.741,135.0,0.0,10.451
2006-01-31 04:00:00,0.0,0.0,54.33,66.87,30.92,18.659,137.30585318559548,0.0,8.844853185595472
2006-01-31 05:00:00,0.0,0.0,59.32,71.13,31.69,17.668,155.0,0.0,15.528000000000011
2006-01-31 06:00:00,0.0,0.0,64.51,75.59,36.23,16.48,155.0,0.0,0.15000000000000568
2006-01-31 07:00:00,0.0,0.0,67.25,77.6,41.67,16.291,155.0,10.228999999999985,0.0
2006-01-31 08:00:00,0.0,0.0,68.63,78.75,44.81,22.853,155.0,9.337000000000003,0.0
2006-01-31 09:00:00,0.0,0.0,69.92,78.98,46.88,31.683,155.0,4.096999999999987,0.0
2006-01-31 10:00:00,1.3829999999999956,0.0,70.91,79.05,47.72,36.297,155.0,0.0,0.0
2006-01-31 11:00:00,0.0,0.0,70.43,79.12,48.14,37.748000000000005,155.0,0.0,0.058000000000006935
2006-01-31 12:00:00,0.0,0.0,69.25,77.39,48.39,36.45,155.0,0.0,1.420000000000016
2006-01-31 13:00:00,0.0,0.0,68.03,75.31,48.05,32.82000000000001,155.0,0.0,1.4299999999999997
2006-01-31 14:00:00,2.1559999999999917,0.0,67.42,73.32,47.8,26.384,155.0,0.0,0.0
2006-01-31 15:00:00,0.0,0.0,67.87,72.76,48.04,16.353,155.0,12.317,0.0
2006-01-31 16:00:00,26.835,0.0,70.31,75.11,50.7,9.285,155.0,0.0,0.0
2006-01-31 17:00:00,35.67999999999999,0.0,71.11,79.38,53.09,7.899999999999999,155.0,0.0,0.0
2006-01-31 18:00:00,34.769000000000005,0.0,69.68,80.29,52.94,8.141,155.0,0.0,0.0
2006-01-31 19:00:00,26.535999999999987,0.0,66.07,76.99,51.05,7.574,155.0,0.0,0.0
2006-01-31 20:00:00,9.463754999999965,0.0,63.13,73.65,48.25,6.405,155.0,9.161245000000049,0.0
2006-01-31 21:00:00,14.423000000000002,0.0,61.31,74.05,44.72,5.657,155.0,0.0,0.0
2006-01-31 22:00:00,8.401999999999987,0.0,57.55,75.14,40.86,5.148,155.0,0.0,0.0
2006-01-31 23:00:00,0.0,0.0,54.43,72.46,37.33,4.802,155.0,0.0,0.5820000000000078
2006-02-01 00:00:00,0.0,0.0,53.18,70.12,37.81,4.827,155.0,0.0,3.7169999999999987
2006-02-01 01:00:00,0.0,0.0,52.23,68.63,36.07,4.629,155.0,0.0,7.699000000000012
2006-02-01 02:00:00,0.0,0.0,52.27,65.87,34.33,4.47,155.0,0.0,11.999999999999988
2006-02-01 03:00:00,0.0,0.0,53.12,64.89,33.39,4.449,155.0,0.0,13.049000000000001
2006-02-01 04:00:00,0.0,0.0,55.06,66.76,32.4,4.2829999999999995,155.0,0.0,10.062999999999988
2006-02-01 05:00:00,0.21399999999998442,0.0,60.05,71.03,33.17,4.036,155.0,0.0,0.0
2006-02-01 06:00:00,14.523000000000005,0.0,65.24,75.48,37.71,3.907,155.0,0.0,0.0
2006-02-01 07:00:00,0.0,0.0,67.99,77.49,43.15,5.343,155.0,23.28699999999997,0.0
2006-02-01 08:00:00,22.474999999999987,0.0,69.36,78.64,46.29,11.815000000000001,155.0,0.0,0.0
2006-02-01 09:00:00,17.39200000000001,0.0,70.65,78.87,48.36,20.488,155.0,0.0,0.0
2006-02-01 10:00:00,13.823000000000008,0.0,71.64,78.94,49.19,25.947,155.0,0.0,0.0
2006-02-01 11:00:00,0.0,0.0,71.16,79.01,49.61,29.805999999999997,155.0,9.974000000000004,0.0
2006-02-01 12:00:00,0.0,0.0,69.98,77.28,49.87,30.561999999999998,155.0,6.568000000000005,0.0
2006-02-01 13:00:00,0.0,0.0,68.76,75.2,49.53,27.538000000000004,155.0,5.952000000000005,0.0
2006-02-01 14:00:00,9.815999999999995,0.0,68.15,73.22,49.27,20.823999999999998,155.0,0.0,0.0
2006-02-01 15:00:00,18.886999999999993,0.0,68.6,72.66,49.52,11.893,155.0,0.0,0.0
2006-02-01 16:00:00,33.660999999999994,0.0,71.05,75.0,52.18,4.569,155.0,0.0,0.0
2006-02-01 17:00:00,0.0,0.0,71.84,79.27,54.57,2.905,155.0,42.77499999999999,0.0
2006-02-01 18:00:00,0.0,0.0,70.41,80.18,54.42,3.0090000000000003,155.0,42.001000000000005,0.0
2006-02-01 19:00:00,0.0,0.0,66.8,76.88,52.53,3.068,155.0,33.141999999999996,0.0
2006-02-01 20:00:00,23.889999999999986,0.0,63.86,73.55,49.73,3.25,155.0,0.0,0.0
2006-02-01 21:00:00,18.416999999999987,0.0,62.04,73.94,46.2,3.763,155.0,0.0,0.0
2006-02-01 22:00:00,0.0,0.0,58.28,75.03,42.34,4.016,155.0,11.634,0.0
2006-02-01 23:00:00,1.656999999999984,0.0,55.16,72.35,38.81,4.663,155.0,0.0,0.0
2006-02-02 00:00:00,0.0,0.0,53.12,71.21,37.46,5.2219999999999995,155.0,0.0,3.4320000000000004
2006-02-02 01:00:00,0.0,0.0,52.19,69.71,35.74,5.561,155.0,0.0,7.921000000000021
2006-02-02 02:00:00,0.0,0.0,52.25,66.98,34.01,5.797000000000001,155.0,0.0,12.557000000000002
2006-02-02 03:00:00,0.0,0.0,53.11,66.02,33.08,5.927,155.0,0.0,13.717000000000018
2006-02-02 04:00:00,0.0,0.0,55.09,67.91,32.11,5.813000000000001,155.0,0.0,10.703000000000003
2006-02-02 05:00:00,0.0,0.0,60.07,72.17,32.93,5.769,155.0,0.0,0.5989999999999895
2006-02-02 06:00:00,13.650999999999982,0.0,65.24,76.6,37.48,5.6690000000000005,155.0,0.0,0.0
2006-02-02 07:00:00,0.0,0.0,67.97,78.6,42.88,7.04,155.0,22.40999999999999,0.0
2006-02-02 08:00:00,0.0,0.0,69.35,79.74,46.0,13.3,155.0,21.789999999999992,0.0
2006-02-02 09:00:00,17.01399999999998,0.0,70.64,79.96,48.05,21.636,155.0,0.0,0.0
2006-02-02 10:00:00,13.574999999999996,0.0,71.62,80.05,48.88,26.974999999999998,155.0,0.0,0.0
2006-02-02 11:00:00,9.68518749999975,0.0,71.12,80.09,49.3,30.409,155.0,0.4158125000002457,0.0
2006-02-02 12:00:00,6.600999999999992,0.0,69.94,78.36,49.54,31.238999999999997,155.0,0.0,0.0
2006-02-02 13:00:00,6.006999999999998,0.0,68.72,76.29,49.2,28.202999999999996,155.0,0.0,0.0
2006-02-02 14:00:00,9.886999999999993,0.0,68.1,74.31,48.93,21.453,155.0,0.0,0.0
2006-02-02 15:00:00,19.34099999999998,0.0,68.55,73.74,49.18,12.129,155.0,0.0,0.0
2006-02-02 16:00:00,0.0,0.0,70.95,76.07,51.82,5.426,155.0,33.41399999999997,0.0
2006-02-02 17:00:00,42.06699999999999,0.0,71.74,80.3,54.17,4.143,155.0,0.0,0.0
2006-02-02 18:00:00,0.0,0.0,70.32,81.21,54.03,4.2059999999999995,155.0,41.353999999999985,0.0
2006-02-02 19:00:00,32.509,0.0,66.74,77.95,52.16,4.341,155.0,0.0,0.0
2006-02-02 20:00:00,23.29399999999999,0.0,63.8,74.67,49.38,4.556,155.0,0.0,0.0
2006-02-02 21:00:00,0.0,0.0,61.95,75.07,45.85,5.212999999999999,155.0,17.65699999999999,0.0
2006-02-02 22:00:00,10.491000000000007,0.0,58.2,76.12,41.99,5.819,155.0,0.0,0.0
2006-02-02 23:00:00,0.4229999999999894,0.0,55.09,73.44,38.46,6.567,155.0,0.0,0.0
2006-02-03 00:00:00,0.0,0.0,51.69,73.71,36.15,7.288,155.0,0.0,5.738000000000014
2006-02-03 01:00:00,0.0,0.0,50.77,72.19,34.45,7.65,155.0,0.0,10.240000000000007
2006-02-03 02:00:00,0.0,0.0,50.85,69.48,32.73,7.898,155.0,0.0,14.838000000000015
2006-02-03 03:00:00,0.0,0.0,51.72,68.56,31.81,7.968999999999999,155.0,0.0,15.879000000000012
2006-02-03 04:00:00,0.0,0.0,53.75,70.46,30.86,7.776000000000001,155.0,0.0,12.70600000000001
2006-02-03 05:00:00,0.0,0.0,58.73,74.71,31.72,7.3549999999999995,155.0,0.0,2.195000000000028
2006-02-03 06:00:00,12.319000000000003,0.0,63.87,79.12,36.28,6.951,155.0,0.0,0.0
2006-02-03 07:00:00,0.0,0.0,66.58,81.11,41.66,7.9799999999999995,155.0,21.36999999999999,0.0
2006-02-03 08:00:00,21.398999999999987,0.0,67.96,82.24,44.75,13.550999999999998,155.0,0.0,0.0
2006-02-03 09:00:00,18.308999999999997,0.0,69.26,82.46,46.78,20.191000000000003,155.0,0.0,0.0
2006-02-03 10:00:00,15.629999999999981,0.0,70.22,82.55,47.6,24.74,155.0,0.0,0.0
2006-02-03 11:00:00,12.36699999999999,0.0,69.72,82.57,48.01,27.933,155.0,0.0,0.0
2006-02-03 12:00:00,0.0,0.0,68.53,80.85,48.24,27.945,155.0,9.674999999999983,0.0
2006-02-03 13:00:00,8.865000000000002,0.0,67.31,78.78,47.9,25.125,155.0,0.0,0.0
2006-02-03 14:00:00,10.777000000000008,0.0,66.68,76.8,47.63,20.333,155.0,0.0,0.0
2006-02-03 15:00:00,17.732999999999997,0.0,67.11,76.23,47.89,13.497,155.0,0.0,0.0
2006-02-03 16:00:00,31.389999999999993,0.0,69.48,78.53,50.49,7.11,155.0,0.0,0.0
2006-02-03 17:00:00,0.0,0.0,70.27,82.73,52.81,4.48,155.0,41.330000000000005,0.0
2006-02-03 18:00:00,39.864000000000004,0.0,68.87,83.64,52.67,5.316000000000001,155.0,0.0,0.0
2006-02-03 19:00:00,30.592999999999982,0.0,65.3,80.41,50.82,5.937,155.0,0.0,0.0
2006-02-03 20:00:00,21.209999999999987,0.0,62.37,77.19,48.06,6.41,155.0,0.0,0.0
2006-02-03 21:00:00,15.963999999999992,0.0,60.49,77.6,44.54,6.666,155.0,0.0,0.0
2006-02-03 22:00:00,9.245999999999995,0.0,56.74,78.6,40.67,6.764,155.0,0.0,0.0
2006-02-03 23:00:00,0.0,0.0,53.65,75.92,37.14,7.083,154.627,0.0,0.0
2006-02-04 00:00:00,0.0,0.0,43.34,69.38,33.31,7.587,135.0,0.0,1.5570000000000022
2006-02-04 01:00:00,0.0,0.0,42.43,67.85,31.63,8.168000000000001,135.0,0.0,6.2580000000000116
2006-02-04 02:00:00,0.0,0.0,42.52,65.16,29.93,8.914000000000001,155.0,0.0,31.30400000000001
2006-02-04 03:00:00,0.0,0.0,43.41,64.27,29.01,10.203,121.487,0.0,0.0
2006-02-04 04:00:00,0.0,0.0,45.47,66.19,28.08,11.295,123.445,0.0,0.0
2006-02-04 05:00:00,0.0,0.0,50.45,70.43,28.99,12.004999999999999,132.865,0.0,0.0
2006-02-04 06:00:00,0.0,0.0,55.56,74.81,33.56,12.401,146.52900000000002,0.0,0.0
2006-02-04 07:00:00,0.0,0.0,58.27,76.79,38.91,13.944,155.0,0.02599999999999625,0.0
2006-02-04 08:00:00,0.0,0.0,59.65,77.91,41.97,21.957,152.57299999999998,0.0,0.0
2006-02-04 09:00:00,0.0,0.0,60.95,78.13,43.98,33.454,144.606,0.0,0.0
2006-02-04 10:00:00,0.0,0.0,61.89,78.22,44.79,41.471000000000004,138.429,0.0,0.0
2006-02-04 11:00:00,0.0,0.0,61.38,78.23,45.2,46.881,135.0,0.0,2.070999999999991
2006-02-04 12:00:00,0.0,0.0,60.19,76.51,45.42,49.557,127.56300000000002,0.0,0.0
2006-02-04 13:00:00,0.0,0.0,58.97,74.44,45.07,48.801,124.67899999999999,0.0,0.0
2006-02-04 14:00:00,0.0,0.0,58.34,72.46,44.8,42.294,129.47943490304704,0.0,1.1734349030470228
2006-02-04 15:00:00,0.0,0.0,58.75,71.89,45.06,30.200000000000003,140.5,0.0,0.0
2006-02-04 16:00:00,0.0,0.0,61.09,74.17,47.64,20.839,155.0,2.060999999999993,0.0
2006-02-04 17:00:00,0.0,0.0,61.87,78.33,49.93,14.437,155.0,15.692999999999982,0.0
2006-02-04 18:00:00,0.0,0.0,60.48,79.24,49.79,14.711000000000002,155.0,14.798999999999987,0.0
2006-02-04 19:00:00,0.0,0.0,56.94,76.05,47.96,15.296,155.0,5.653999999999989,0.0
2006-02-04 20:00:00,0.0,0.0,54.01,72.88,45.21,14.702,152.398,0.0,0.0
2006-02-04 21:00:00,0.0,0.0,52.1,73.31,41.69,13.785,148.315,0.0,0.0
2006-02-04 22:00:00,0.0,0.0,48.36,74.26,37.83,13.047,142.40300000000002,0.0,0.0
2006-02-04 23:00:00,0.0,0.0,45.28,71.57,34.3,12.695,135.0,0.0,1.545000000000007
2006-02-05 00:00:00,0.0,0.0,40.13,65.64,31.89,12.867999999999999,119.792,0.0,0.0
2006-02-05 01:00:00,0.0,0.0,39.24,64.1,30.22,12.966000000000001,115.594,0.0,0.0
2006-02-05 02:00:00,0.0,0.0,39.34,61.44,28.53,12.55,133.08702216066482,0.0,21.327022160664807
2006-02-05 03:00:00,0.0,0.0,40.25,60.57,27.62,12.635,110.805,0.0,0.0
2006-02-05 04:00:00,0.0,0.0,42.35,62.51,26.71,12.733,113.83700000000002,0.0,0.0
2006-02-05 05:00:00,0.0,0.0,47.32,66.74,27.66,13.126000000000001,123.59400000000001,0.0,0.0
2006-02-05 06:00:00,0.0,0.0,52.41,71.09,32.25,13.372,137.378,0.0,0.0
2006-02-05 07:00:00,0.0,0.0,55.1,73.07,37.56,15.18,145.55,0.0,0.0
2006-02-05 08:00:00,0.0,0.0,56.48,74.18,40.61,22.012,144.258,0.0,0.0
2006-02-05 09:00:00,0.0,0.0,57.78,74.39,42.59,29.967999999999996,139.792,0.0,0.0
2006-02-05 10:00:00,0.0,0.0,58.71,74.49,43.4,36.518,135.082,0.0,0.0
2006-02-05 11:00:00,0.0,0.0,58.19,74.48,43.8,40.683,130.78699999999998,0.0,0.0
2006-02-05 12:00:00,0.0,0.0,56.99,72.76,44.01,42.208,126.55200000000002,0.0,0.0
2006-02-05 13:00:00,0.0,0.0,55.77,70.69,43.65,39.885,125.225,0.0,0.0
2006-02-05 14:00:00,0.0,0.0,55.14,68.72,43.38,34.28,127.96000000000001,0.0,0.0
2006-02-05 15:00:00,0.0,0.0,55.54,68.15,43.65,26.295,136.045,0.0,0.0
2006-02-05 16:00:00,0.0,0.0,57.84,70.4,46.2,17.325,152.115,0.0,0.0
2006-02-05 17:00:00,0.0,0.0,58.62,74.52,48.45,10.183,155.0,11.407,0.0
2006-02-05 18:00:00,0.0,0.0,57.24,75.43,48.32,11.754999999999999,155.0,9.234999999999994,0.0
2006-02-05 19:00:00,0.0,0.0,53.72,72.29,46.51,13.594999999999999,153.925,0.0,0.0
2006-02-05 20:00:00,0.0,0.0,50.79,69.17,43.78,14.806999999999999,143.933,0.0,0.0
2006-02-05 21:00:00,0.0,0.0,48.86,69.61,40.26,16.147,137.583,0.0,0.0
2006-02-05 22:00:00,0.0,0.0,45.12,70.51,36.39,18.396,128.624,0.0,0.0
2006-02-05 23:00:00,0.0,0.0,42.05,67.82,32.86,20.083000000000002,117.64699999999999,0.0,0.0
2006-02-06 00:00:00,0.0,0.0,50.94,69.32,32.85,22.692,125.41799999999998,0.0,0.0
2006-02-06 01:00:00,0.0,0.0,50.06,67.77,31.2,23.386,120.64399999999999,0.0,0.0
2006-02-06 02:00:00,0.0,0.0,50.17,65.13,29.53,24.343,115.487,0.0,0.0
2006-02-06 03:00:00,0.0,0.0,51.11,64.3,28.62,25.990000000000002,113.04,0.0,0.0
2006-02-06 04:00:00,0.0,0.0,53.25,66.25,27.73,25.622,116.60800000000002,0.0,0.0
2006-02-06 05:00:00,0.0,0.0,58.21,70.48,28.73,25.473999999999997,126.94600000000001,0.0,0.0
2006-02-06 06:00:00,0.0,0.0,63.27,74.8,33.33,27.13,139.26999999999998,0.0,0.0
2006-02-06 07:00:00,0.0,0.0,65.95,76.77,38.61,30.076,146.254,0.0,0.0
2006-02-06 08:00:00,0.0,0.0,67.33,77.87,41.63,39.976,141.854,0.0,0.0
2006-02-06 09:00:00,0.0,0.0,68.64,78.08,43.59,51.06,134.25,0.0,0.0
2006-02-06 10:00:00,0.0,0.0,69.55,78.18,44.39,57.876000000000005,129.244,0.0,0.0
2006-02-06 11:00:00,0.0,0.0,69.02,78.16,44.79,62.567,124.403,0.0,0.0
2006-02-06 12:00:00,0.0,0.0,67.82,76.43,44.98,66.324,117.90599999999999,0.0,0.0
2006-02-06 13:00:00,0.0,0.0,66.6,74.37,44.62,65.771,114.819,0.0,0.0
2006-02-06 14:00:00,0.0,0.0,65.96,72.4,44.34,61.048,116.65199999999999,0.0,0.0
2006-02-06 15:00:00,0.0,0.0,66.35,71.82,44.62,54.842000000000006,122.948,0.0,0.0
2006-02-06 16:00:00,0.0,0.0,68.61,74.06,47.15,50.479000000000006,134.341,0.0,0.0
2006-02-06 17:00:00,0.0,0.0,69.39,78.14,49.36,49.421,142.46899999999997,0.0,0.0
2006-02-06 18:00:00,0.0,0.0,68.02,79.04,49.24,55.88000000000001,135.42000000000002,0.0,0.0
2006-02-06 19:00:00,0.0,0.0,64.53,75.94,47.45,60.967,121.953,0.0,0.0
2006-02-06 20:00:00,0.0,0.0,61.6,72.88,44.73,65.226,108.984,0.0,0.0
2006-02-06 21:00:00,0.0,0.0,59.64,73.33,41.21,67.767,101.413,0.0,0.0
2006-02-06 22:00:00,0.0,0.0,55.9,74.18,37.35,69.607,92.82300000000002,0.0,0.0
2006-02-06 23:00:00,0.0,0.0,52.85,71.5,33.82,71.654,90.0,0.0,8.483999999999996
2006-02-07 00:00:00,0.0,0.0,50.92,68.55,32.36,73.00800000000001,90.0,0.0,16.17800000000001
2006-02-07 01:00:00,0.0,0.0,50.06,66.99,30.74,73.645,90.0,0.0,20.855000000000018
2006-02-07 02:00:00,0.0,0.0,50.19,64.38,29.08,74.866,90.0,0.0,26.215999999999994
2006-02-07 03:00:00,0.0,0.0,51.14,63.57,28.17,75.459,90.0,0.0,27.578999999999994
2006-02-07 04:00:00,0.0,0.0,53.31,65.54,27.31,75.96900000000001,90.0,0.0,24.808999999999987
2006-02-07 05:00:00,0.0,0.0,58.28,69.76,28.35,76.67399999999999,90.0,0.0,15.283999999999986
2006-02-07 06:00:00,0.0,0.0,63.31,74.06,32.96,77.703,90.0,0.0,2.3729999999999905
2006-02-07 07:00:00,0.0,0.0,65.97,76.02,38.21,79.129,90.0,6.070999999999998,0.0
2006-02-07 08:00:00,0.0,0.0,67.36,77.1,41.2,85.464,95.19600000000001,0.0,0.0
2006-02-07 09:00:00,0.0,0.0,68.66,77.32,43.14,93.34800000000001,90.77199999999998,0.0,0.0
2006-02-07 10:00:00,0.0,0.0,69.56,77.42,43.94,98.643,90.0,0.0,2.7229999999999848
2006-02-07 11:00:00,0.0,0.0,69.02,77.38,44.34,102.06700000000001,90.0,0.0,6.326999999999998
2006-02-07 12:00:00,0.0,0.0,67.82,75.66,44.52,102.57600000000001,90.0,0.0,9.576000000000008
2006-02-07 13:00:00,0.0,0.0,66.6,73.59,44.15,99.40199999999999,90.0,0.0,10.062
2006-02-07 14:00:00,0.0,0.0,65.95,71.63,43.87,93.039,90.0,0.0,6.58899999999997
2006-02-07 15:00:00,0.0,0.0,66.32,71.05,44.15,86.52,90.0,0.0,0.0
2006-02-07 16:00:00,0.0,0.0,68.56,73.26,46.65,80.49,102.98,0.0,0.0
2006-02-07 17:00:00,0.0,0.0,69.33,77.3,48.83,77.549,110.0,2.9109999999999925,0.0
2006-02-07 18:00:00,0.0,0.0,67.98,78.21,48.71,76.688,110.0,3.211999999999998,0.0
2006-02-07 19:00:00,0.0,0.0,64.5,75.15,46.94,75.59299999999999,105.99700000000001,0.0,0.0
2006-02-07 20:00:00,0.0,0.0,61.58,72.14,44.24,75.54299999999999,90.0,7.417000000000002,0.0
2006-02-07 21:00:00,0.0,0.0,59.59,72.6,40.73,75.598,90.0,2.3220000000000027,0.0
2006-02-07 22:00:00,0.0,0.0,55.86,73.41,36.86,75.41399999999999,90.0,0.0,4.284000000000004
2006-02-07 23:00:00,0.0,0.0,52.82,70.72,33.33,75.789,90.0,0.0,13.918999999999997
2006-02-08 00:00:00,0.0,0.0,51.3,68.33,35.24,76.419,90.0,0.0,16.549000000000007
2006-02-08 01:00:00,0.0,0.0,50.45,66.76,33.64,76.492,90.0,0.0,20.64200000000001
2006-02-08 02:00:00,0.0,0.0,50.6,64.16,31.99,76.549,90.0,0.0,24.799000000000007
2006-02-08 03:00:00,0.0,0.0,51.56,63.38,31.09,76.85799999999999,90.0,0.0,25.827999999999975
2006-02-08 04:00:00,0.0,0.0,53.78,65.37,30.24,76.53399999999999,90.0,0.0,22.144000000000005
2006-02-08 05:00:00,0.0,0.0,58.74,69.59,31.33,75.886,90.0,0.0,11.225999999999985
2006-02-08 06:00:00,0.0,0.0,63.74,73.85,35.96,75.579,92.97100000000003,0.0,0.0
2006-02-08 07:00:00,0.0,0.0,66.4,75.81,41.17,76.056,102.32400000000001,0.0,0.0
2006-02-08 08:00:00,0.0,0.0,67.78,76.88,44.14,80.335,102.09678000000008,1.368219999999913,0.0
2006-02-08 09:00:00,0.0,0.0,69.09,77.09,46.06,86.03800000000003,101.202,0.0,0.0
2006-02-08 10:00:00,0.0,0.0,69.97,77.2,46.85,94.061,94.95899999999997,0.0,0.0
2006-02-08 11:00:00,0.0,0.0,69.42,77.14,47.24,101.667,90.0,0.0,2.866999999999993
2006-02-08 12:00:00,0.0,0.0,68.21,75.42,47.41,103.14,90.0,0.0,7.100000000000003
2006-02-08 13:00:00,0.0,0.0,67.0,73.36,47.03,101.232,90.0,0.0,8.842000000000002
2006-02-08 14:00:00,0.0,0.0,66.34,71.4,46.75,95.84299999999999,90.0,0.0,6.35299999999998
2006-02-08 15:00:00,0.0,0.0,66.7,70.81,47.05,85.41199999999999,94.148,0.0,0.0
2006-02-08 16:00:00,0.0,0.0,68.9,73.01,49.51,67.049,119.37100000000001,0.0,0.0
2006-02-08 17:00:00,0.0,0.0,69.67,77.01,51.66,57.345,135.995,0.0,0.0
2006-02-08 18:00:00,0.0,0.0,68.33,77.91,51.55,58.316,99.51446000000004,34.95953999999996,0.0
2006-02-08 19:00:00,0.0,0.0,64.88,74.89,49.8,59.620999999999995,115.0,9.948999999999998,0.0
2006-02-08 20:00:00,0.0,0.0,61.96,71.94,47.11,59.205,116.805,0.0,0.0
2006-02-08 21:00:00,0.0,0.0,59.94,72.41,43.6,59.010000000000005,111.93999999999998,0.0,0.0
2006-02-08 22:00:00,0.0,0.0,56.21,73.17,39.73,60.120000000000005,103.99000000000001,0.0,0.0
2006-02-08 23:00:00,0.0,0.0,53.19,70.48,36.2,61.81999999999999,93.05000000000003,0.0,0.0
2006-02-09 00:00:00,0.0,0.0,51.28,69.43,37.28,64.001,90.0,0.0,1.0109999999999815
2006-02-09 01:00:00,0.0,0.0,50.45,67.85,35.69,65.676,90.0,0.0,6.68599999999998
2006-02-09 02:00:00,0.0,0.0,50.6,65.27,34.05,67.983,90.0,0.0,13.062999999999988
2006-02-09 03:00:00,0.0,0.0,51.59,64.53,33.16,68.73499999999999,90.0,0.0,14.455000000000007
2006-02-09 04:00:00,0.0,0.0,53.84,66.54,32.34,69.487,90.0,0.0,11.766999999999996
2006-02-09 05:00:00,0.0,0.0,58.8,70.74,33.47,69.93700000000001,90.0,0.0,1.927000000000004
2006-02-09 06:00:00,0.0,0.0,63.78,74.98,38.11,70.11999999999999,101.75000000000001,0.0,0.0
2006-02-09 07:00:00,0.0,0.0,66.42,76.93,43.29,71.37299999999999,110.0,0.2669999999999817,0.0
2006-02-09 08:00:00,0.0,0.0,67.81,77.99,46.24,78.281,108.759,0.0,0.0
2006-02-09 09:00:00,0.0,0.0,69.11,78.2,48.13,87.527,102.91299999999998,0.0,0.0
2006-02-09 10:00:00,0.0,0.0,69.98,78.31,48.91,94.688,97.51200000000003,0.0,0.0
2006-02-09 11:00:00,0.0,0.0,69.42,78.23,49.3,99.983,91.967,0.0,0.0
2006-02-09 12:00:00,0.0,0.0,68.21,76.51,49.46,99.792,90.0,0.0,0.6119999999999948
2006-02-09 13:00:00,0.0,0.0,66.99,74.45,49.08,96.05499999999999,90.0,0.0,0.5349999999999914
2006-02-09 14:00:00,0.0,0.0,66.33,72.5,48.79,88.596,94.024,0.0,0.0
2006-02-09 15:00:00,0.0,0.0,66.68,71.91,49.09,76.50500000000001,106.175,0.0,0.0
2006-02-09 16:00:00,0.0,0.0,68.84,74.08,51.53,61.82099999999999,127.629,0.0,0.0
2006-02-09 17:00:00,0.0,0.0,69.61,78.04,53.65,54.150000000000006,142.15,0.0,0.0
2006-02-09 18:00:00,0.0,0.0,68.28,78.95,53.53,52.572,143.188,0.0,0.0
2006-02-09 19:00:00,0.0,0.0,64.85,75.97,51.81,51.057,136.57299999999998,0.0,0.0
2006-02-09 20:00:00,0.0,0.0,61.93,73.07,49.13,49.392,129.738,0.0,0.0
2006-02-09 21:00:00,0.0,0.0,59.89,73.55,45.63,49.149,124.92099999999999,0.0,0.0
2006-02-09 22:00:00,0.0,0.0,56.17,74.26,41.75,49.43000000000001,117.75000000000001,0.0,0.0
2006-02-09 23:00:00,0.0,0.0,53.15,71.57,38.23,50.102000000000004,107.84799999999998,0.0,0.0
2006-02-10 00:00:00,0.0,0.0,50.19,71.69,36.73,49.551,104.059,0.0,0.0
2006-02-10 01:00:00,0.0,0.0,49.37,70.09,35.16,48.69199999999999,100.92800000000001,0.0,0.0
2006-02-10 02:00:00,0.0,0.0,49.54,67.54,33.54,48.358999999999995,97.261,0.0,0.0
2006-02-10 03:00:00,0.0,0.0,50.55,66.83,32.65,47.697,97.33299999999998,0.0,0.0
2006-02-10 04:00:00,0.0,0.0,52.84,68.85,31.85,46.679,101.861,0.0,0.0
2006-02-10 05:00:00,0.0,0.0,57.79,73.05,33.03,45.159,113.711,0.0,0.0
2006-02-10 06:00:00,0.0,0.0,62.74,77.26,37.68,44.531,128.149,0.0,0.0
2006-02-10 07:00:00,0.0,0.0,65.37,79.2,42.83,44.482,137.918,0.0,0.0
2006-02-10 08:00:00,0.0,0.0,66.76,80.25,45.75,49.625,138.135,0.0,0.0
2006-02-10 09:00:00,0.0,0.0,68.07,80.46,47.62,56.881,134.26899999999998,0.0,0.0
2006-02-10 10:00:00,0.0,0.0,68.92,80.57,48.4,62.879000000000005,130.01099999999997,0.0,0.0
2006-02-10 11:00:00,0.0,0.0,68.35,80.48,48.79,65.08000000000001,127.53999999999999,0.0,0.0
2006-02-10 12:00:00,0.0,0.0,67.14,78.76,48.93,64.595,125.23500000000001,0.0,0.0
2006-02-10 13:00:00,0.0,0.0,65.92,76.7,48.54,61.18700000000001,124.97299999999998,0.0,0.0
2006-02-10 14:00:00,0.0,0.0,65.25,74.76,48.25,51.778999999999996,131.48100000000002,0.0,0.0
2006-02-10 15:00:00,0.0,0.0,65.59,74.16,48.56,33.564,130.0,19.745999999999995,0.0
2006-02-10 16:00:00,0.0,0.0,67.72,76.31,50.97,18.953,155.0,16.046999999999997,0.0
2006-02-10 17:00:00,0.0,0.0,68.47,80.23,53.05,15.585,135.0,46.165000000000006,0.0
2006-02-10 18:00:00,0.0,0.0,67.16,81.14,52.94,14.321,155.0,26.918999999999976,0.0
2006-02-10 19:00:00,0.0,0.0,63.75,78.2,51.24,12.408999999999999,155.0,20.781000000000006,0.0
2006-02-10 20:00:00,0.0,0.0,60.84,75.35,48.58,11.494000000000002,155.0,13.275999999999982,0.0
2006-02-10 21:00:00,0.0,0.0,58.77,75.85,45.08,11.354999999999999,155.0,8.344999999999999,0.0
2006-02-10 22:00:00,0.0,0.0,55.05,76.51,41.2,12.103000000000002,155.0,0.6570000000000107,0.0
2006-02-10 23:00:00,0.0,0.0,52.05,73.81,37.68,12.454,146.08599999999998,0.0,0.0
2006-02-11 00:00:00,0.0,0.0,42.56,66.46,33.29,13.109,124.201,0.0,0.0
2006-02-11 01:00:00,0.0,0.0,41.75,64.85,31.74,13.422999999999998,119.917,0.0,0.0
2006-02-11 02:00:00,0.0,0.0,41.94,62.33,30.13,14.096,115.30399999999997,0.0,0.0
2006-02-11 03:00:00,0.0,0.0,42.96,61.64,29.25,14.623000000000001,114.227,0.0,0.0
2006-02-11 04:00:00,0.0,0.0,45.29,63.68,28.47,16.194,116.246,0.0,0.0
2006-02-11 05:00:00,0.0,0.0,50.24,67.87,29.69,18.141,110.0,14.65900000000001,0.0
2006-02-11 06:00:00,0.0,0.0,55.16,72.05,34.36,20.169,136.401,0.0,0.0
2006-02-11 07:00:00,0.0,0.0,57.78,73.99,39.48,23.826,142.42399999999998,0.0,0.0
2006-02-11 08:00:00,0.0,0.0,59.17,75.03,42.37,30.322,141.248,0.0,0.0
2006-02-11 09:00:00,0.0,0.0,60.48,75.23,44.22,38.567,136.363,0.0,0.0
2006-02-11 10:00:00,0.0,0.0,61.31,75.35,44.99,44.269,132.38100000000003,0.0,0.0
2006-02-11 11:00:00,0.0,0.0,60.74,75.24,45.38,48.354,128.006,0.0,0.0
2006-02-11 12:00:00,0.0,0.0,59.52,73.52,45.51,51.092999999999996,122.457,0.0,0.0
2006-02-11 13:00:00,0.0,0.0,58.3,71.47,45.11,49.977,119.903,0.0,0.0
2006-02-11 14:00:00,0.0,0.0,57.62,69.53,44.82,44.689,122.28099999999999,0.0,0.0
2006-02-11 15:00:00,0.0,0.0,57.95,68.93,45.13,36.921,130.08900000000003,0.0,0.0
2006-02-11 16:00:00,0.0,0.0,60.05,71.05,47.52,31.623,141.997,0.0,0.0
2006-02-11 17:00:00,0.0,0.0,60.8,74.94,49.57,29.614,150.69599999999997,0.0,0.0
2006-02-11 18:00:00,0.0,0.0,59.5,75.84,49.46,31.248000000000005,148.55200000000002,0.0,0.0
2006-02-11 19:00:00,0.0,0.0,56.11,72.94,47.78,32.608000000000004,139.22199999999998,0.0,0.0
2006-02-11 20:00:00,0.0,0.0,53.2,70.15,45.13,33.861,129.61900000000003,0.0,0.0
2006-02-11 21:00:00,0.0,0.0,51.1,70.66,41.63,33.917,110.0,14.473000000000013,0.0
2006-02-11 22:00:00,0.0,0.0,47.39,71.27,37.76,31.695999999999998,119.72399999999999,0.0,0.0
2006-02-11 23:00:00,0.0,0.0,44.41,68.58,34.23,30.35,111.86999999999998,0.0,0.0
2006-02-12 00:00:00,0.0,0.0,39.05,64.19,30.48,28.375,100.345,0.0,0.0
2006-02-12 01:00:00,0.0,0.0,38.26,62.57,28.95,25.778,99.00200000000001,0.0,0.0
2006-02-12 02:00:00,0.0,0.0,38.46,60.07,27.35,24.307,96.57300000000002,0.0,0.0
2006-02-12 03:00:00,0.0,0.0,39.5,59.41,26.47,23.208000000000002,97.17200000000001,0.0,0.0
2006-02-12 04:00:00,0.0,0.0,41.87,61.47,25.72,23.881,100.179,0.0,0.0
2006-02-12 05:00:00,0.0,0.0,46.81,65.64,26.99,25.578,108.86200000000002,0.0,0.0
2006-02-12 06:00:00,0.0,0.0,51.71,69.8,31.66,27.410000000000004,120.75999999999999,0.0,0.0
2006-02-12 07:00:00,0.0,0.0,54.31,71.73,36.75,32.015,125.775,0.0,0.0
2006-02-12 08:00:00,0.0,0.0,55.71,72.76,39.62,40.442,122.64800000000002,0.0,0.0
2006-02-12 09:00:00,0.0,0.0,57.02,72.96,41.45,48.440000000000005,117.99,0.0,0.0
2006-02-12 10:00:00,0.0,0.0,57.83,73.08,42.21,52.513000000000005,115.60699999999999,0.0,0.0
2006-02-12 11:00:00,0.0,0.0,57.25,72.95,42.59,55.004000000000005,112.78600000000002,0.0,0.0
2006-02-12 12:00:00,0.0,0.0,56.03,71.24,42.71,54.216,110.76400000000002,0.0,0.0
2006-02-12 13:00:00,0.0,0.0,54.81,69.19,42.31,50.527,110.783,0.0,0.0
2006-02-12 14:00:00,0.0,0.0,54.13,67.25,42.01,42.792,115.59800000000001,0.0,0.0
2006-02-12 15:00:00,0.0,0.0,54.44,66.64,42.34,32.733,125.68700000000001,0.0,0.0
2006-02-12 16:00:00,0.0,0.0,56.5,68.75,44.69,24.762999999999998,140.177,0.0,0.0
2006-02-12 17:00:00,0.0,0.0,57.25,72.59,46.7,19.214,130.0,22.326000000000008,0.0
2006-02-12 18:00:00,0.0,0.0,55.96,73.5,46.61,17.753999999999998,153.31599999999997,0.0,0.0
2006-02-12 19:00:00,0.0,0.0,52.6,70.64,44.94,16.163,147.017,0.0,0.0
2006-02-12 20:00:00,0.0,0.0,49.69,67.91,42.31,15.232999999999999,139.677,0.0,0.0
2006-02-12 21:00:00,0.0,0.0,47.56,68.42,38.81,14.317,135.473,0.0,0.0
2006-02-12 22:00:00,0.0,0.0,43.86,68.98,34.94,13.939999999999998,128.84,0.0,0.0
2006-02-12 23:00:00,0.0,0.0,40.88,66.29,31.42,13.427999999999999,120.162,0.0,0.0
2006-02-13 00:00:00,0.0,0.0,50.87,67.04,31.49,12.997,131.40300000000002,0.0,0.0
2006-02-13 01:00:00,0.0,0.0,50.1,65.41,29.98,12.567,127.923,0.0,0.0
2006-02-13 02:00:00,0.0,0.0,50.31,62.93,28.39,12.318,124.312,0.0,0.0
2006-02-13 03:00:00,0.0,0.0,51.37,62.3,27.52,12.469,123.72099999999999,0.0,0.0
2006-02-13 04:00:00,0.0,0.0,53.77,64.38,26.79,12.299000000000001,127.64099999999999,0.0,0.0
2006-02-13 05:00:00,0.0,0.0,58.71,68.55,28.1,13.391000000000002,136.969,0.0,0.0
2006-02-13 06:00:00,0.0,0.0,63.58,72.67,32.79,15.362,148.678,0.0,0.0
2006-02-13 07:00:00,0.0,0.0,66.17,74.6,37.84,20.987000000000002,152.623,0.0,0.0
2006-02-13 08:00:00,0.0,0.0,67.57,75.61,40.69,32.11,146.76,0.0,0.0
2006-02-13 09:00:00,0.0,0.0,68.88,75.81,42.5,39.928000000000004,142.262,0.0,0.0
2006-02-13 10:00:00,0.0,0.0,69.68,75.94,43.25,48.330999999999996,135.53900000000002,0.0,0.0
2006-02-13 11:00:00,0.0,0.0,69.09,75.79,43.63,53.488,130.022,0.0,0.0
2006-02-13 12:00:00,0.0,0.0,67.87,74.08,43.73,52.120000000000005,128.56,0.0,0.0
2006-02-13 13:00:00,0.0,0.0,66.65,72.03,43.33,45.963,131.047,0.0,0.0
2006-02-13 14:00:00,0.0,0.0,65.96,70.1,43.03,36.461,135.0,2.6289999999999907,0.0
2006-02-13 15:00:00,0.0,0.0,66.25,69.49,43.36,25.219,148.881,0.0,0.0
2006-02-13 16:00:00,0.0,0.0,68.28,71.57,45.69,19.346,135.0,26.194000000000003,0.0
2006-02-13 17:00:00,0.0,0.0,69.03,75.38,47.67,17.456,155.0,14.623999999999995,0.0
2006-02-13 18:00:00,0.0,0.0,67.76,76.28,47.57,20.415,155.0,11.194999999999979,0.0
2006-02-13 19:00:00,0.0,0.0,64.41,73.46,45.93,22.793000000000003,155.0,1.0069999999999988,0.0
2006-02-13 20:00:00,0.0,0.0,61.51,70.78,43.31,25.444000000000003,145.156,0.0,0.0
2006-02-13 21:00:00,0.0,0.0,59.35,71.31,39.82,28.453999999999997,137.02599999999998,0.0,0.0
2006-02-13 22:00:00,0.0,0.0,55.65,71.82,35.94,30.698000000000004,127.71199999999999,0.0,0.0
2006-02-13 23:00:00,0.0,0.0,52.69,69.13,32.42,32.347,116.89300000000001,0.0,0.0
2006-02-14 00:00:00,0.0,0.0,52.22,64.88,32.3,32.203,112.197,0.0,0.0
2006-02-14 01:00:00,0.0,0.0,51.46,63.24,30.81,33.069,107.441,0.0,0.0
2006-02-14 02:00:00,0.0,0.0,51.69,60.78,29.24,33.102000000000004,103.60799999999999,0.0,0.0
2006-02-14 03:00:00,0.0,0.0,52.77,60.18,28.37,32.981,103.33900000000001,0.0,0.0
2006-02-14 04:00:00,0.0,0.0,55.21,62.28,27.66,33.672,106.47800000000001,0.0,0.0
2006-02-14 05:00:00,0.0,0.0,60.15,66.44,29.02,33.62199999999999,116.988,0.0,0.0
2006-02-14 06:00:00,0.0,0.0,64.99,70.54,33.72,34.67700000000001,129.573,0.0,0.0
2006-02-14 07:00:00,0.0,0.0,67.57,72.46,38.74,37.794000000000004,135.97599999999997,0.0,0.0
2006-02-14 08:00:00,0.0,0.0,68.97,73.46,41.56,46.233000000000004,132.757,0.0,0.0
2006-02-14 09:00:00,0.0,0.0,70.28,73.66,43.35,53.06,129.23,0.0,0.0
2006-02-14 10:00:00,0.0,0.0,71.06,73.79,44.1,61.89199999999999,122.05799999999999,0.0,0.0
2006-02-14 11:00:00,0.0,0.0,70.46,73.62,44.47,70.359,113.191,0.0,0.0
2006-02-14 12:00:00,0.0,0.0,69.23,71.91,44.56,74.607,106.09300000000002,0.0,0.0
2006-02-14 13:00:00,0.0,0.0,68.02,69.86,44.15,71.443,105.58700000000002,0.0,0.0
2006-02-14 14:00:00,0.0,0.0,67.32,67.94,43.85,64.381,109.729,0.0,0.0
2006-02-14 15:00:00,0.0,0.0,67.6,67.32,44.18,53.727999999999994,120.37200000000001,0.0,0.0
2006-02-14 16:00:00,0.0,0.0,69.6,69.38,46.48,46.122,134.338,0.0,0.0
2006-02-14 17:00:00,0.0,0.0,70.34,73.15,48.43,47.028,113.93500000000003,25.95700000000003,0.0
2006-02-14 18:00:00,0.0,0.0,69.08,74.05,48.34,53.82299999999999,132.647,0.0,0.0
2006-02-14 19:00:00,0.0,0.0,65.76,71.28,46.72,55.476,123.28400000000002,0.0,0.0
2006-02-14 20:00:00,0.0,0.0,62.86,68.65,44.12,56.492,114.13800000000003,0.0,0.0
2006-02-14 21:00:00,0.0,0.0,60.67,69.19,40.62,55.596,109.884,0.0,0.0
2006-02-14 22:00:00,0.0,0.0,56.98,69.66,36.74,55.077,103.303,0.0,0.0
2006-02-14 23:00:00,0.0,0.0,54.03,66.96,33.22,55.336000000000006,93.874,0.0,0.0
2006-02-15 00:00:00,0.0,0.0,51.39,61.5,33.48,55.984,90.0,0.0,4.614000000000004
2006-02-15 01:00:00,0.0,0.0,50.65,59.85,32.0,57.026,90.0,0.0,9.52600000000001
2006-02-15 02:00:00,0.0,0.0,50.89,57.42,30.45,57.048,90.0,0.0,13.288000000000011
2006-02-15 03:00:00,0.0,0.0,51.98,56.85,29.58,56.88400000000001,90.0,0.0,13.47399999999999
2006-02-15 04:00:00,0.0,0.0,54.47,58.96,28.89,57.230999999999995,90.0,0.0,9.910999999999998
2006-02-15 05:00:00,0.0,0.0,59.4,63.11,30.3,59.958000000000006,90.0,0.0,2.148000000000012
2006-02-15 06:00:00,0.0,0.0,64.21,67.18,35.01,63.33200000000001,90.0,8.068000000000007,0.0
2006-02-15 07:00:00,0.0,0.0,66.78,69.1,40.0,68.77900000000001,102.101,0.0,0.0
2006-02-15 08:00:00,0.0,0.0,68.18,70.09,42.8,79.327,96.743,0.0,0.0
2006-02-15 09:00:00,0.0,0.0,69.5,70.29,44.56,88.04199999999999,90.0,1.3079999999999927,0.0
2006-02-15 10:00:00,0.0,0.0,70.26,70.42,45.31,97.86800000000001,90.0,0.0,6.877999999999986
2006-02-15 11:00:00,0.0,0.0,69.65,70.24,45.67,106.24200000000002,90.0,0.0,15.68200000000002
2006-02-15 12:00:00,0.0,0.0,68.42,68.53,45.75,107.264,90.0,0.0,19.563999999999993
2006-02-15 13:00:00,0.0,0.0,67.21,66.48,45.33,106.484,90.0,0.0,22.464000000000027
2006-02-15 14:00:00,0.0,0.0,66.5,64.56,45.03,103.47399999999999,90.0,0.0,22.383999999999986
2006-02-15 15:00:00,0.0,0.0,66.77,63.94,45.37,98.30199999999999,90.0,0.0,17.22199999999998
2006-02-15 16:00:00,0.0,0.0,68.73,65.98,47.65,89.79599999999999,90.0,0.0,2.4359999999999786
2006-02-15 17:00:00,0.0,0.0,69.46,69.71,49.56,77.861,105.86899999999997,0.0,0.0
2006-02-15 18:00:00,0.0,0.0,68.22,70.61,49.48,75.509,107.80099999999997,0.0,0.0
2006-02-15 19:00:00,0.0,0.0,64.92,67.87,47.88,75.855,99.815,0.0,0.0
2006-02-15 20:00:00,0.0,0.0,62.03,65.3,45.29,73.932,93.68799999999997,0.0,0.0
2006-02-15 21:00:00,0.0,0.0,59.81,65.85,41.8,72.614,90.0,0.0,0.15400000000001057
2006-02-15 22:00:00,0.0,0.0,56.12,66.27,37.92,70.059,90.0,0.0,4.748999999999995
2006-02-15 23:00:00,0.0,0.0,53.19,63.57,34.4,67.077,90.0,0.0,10.917000000000002
2006-02-16 00:00:00,0.0,0.0,50.37,59.02,34.66,64.593,90.0,0.0,15.542999999999992
2006-02-16 01:00:00,0.0,0.0,49.64,57.35,33.2,62.116,90.0,0.0,16.926
2006-02-16 02:00:00,0.0,0.0,49.9,54.94,31.66,59.856,90.0,0.0,18.356000000000005
2006-02-16 03:00:00,0.0,0.0,51.01,54.4,30.8,57.937,90.0,0.0,16.72700000000002
2006-02-16 04:00:00,0.0,0.0,53.53,56.53,30.13,56.775,90.0,0.0,11.585000000000008
2006-02-16 05:00:00,0.0,0.0,58.46,60.68,31.58,55.953,90.0,0.0,0.23299999999998988
2006-02-16 06:00:00,0.0,0.0,63.24,64.72,36.31,55.379999999999995,103.89000000000001,0.0,0.0
2006-02-16 07:00:00,0.0,0.0,65.8,66.63,41.27,57.71300000000001,110.98700000000002,0.0,0.0
2006-02-16 08:00:00,0.0,0.0,67.2,67.61,44.04,64.88799999999999,108.96199999999999,0.0,0.0
2006-02-16 09:00:00,0.0,0.0,68.52,67.8,45.78,76.21,100.88999999999999,0.0,0.0
2006-02-16 10:00:00,0.0,0.0,69.27,67.94,46.52,89.10799999999999,90.0,0.0,0.3780000000000143
2006-02-16 11:00:00,0.0,0.0,68.65,67.74,46.88,98.025,90.0,0.0,9.754999999999981
2006-02-16 12:00:00,0.0,0.0,67.42,66.03,46.95,100.566,90.0,0.0,15.166
2006-02-16 13:00:00,0.0,0.0,66.2,63.99,46.52,96.352,90.0,0.0,14.641999999999982
2006-02-16 14:00:00,0.0,0.0,65.49,62.07,46.22,88.853,90.0,0.0,10.072999999999993
2006-02-16 15:00:00,0.0,0.0,65.74,61.45,46.57,80.45200000000001,90.0,0.0,1.6920000000000108
2006-02-16 16:00:00,0.0,0.0,67.67,63.46,48.81,73.904,101.036,0.0,0.0
2006-02-16 17:00:00,0.0,0.0,68.4,67.15,50.69,68.72699999999999,112.51300000000003,0.0,0.0
2006-02-16 18:00:00,0.0,0.0,67.17,68.05,50.61,66.566,110.0,4.264000000000007,0.0
2006-02-16 19:00:00,0.0,0.0,63.9,65.36,49.03,64.398,90.0,18.891999999999978,0.0
2006-02-16 20:00:00,0.0,0.0,61.0,62.84,46.46,61.42699999999999,103.87300000000003,0.0,0.0
2006-02-16 21:00:00,0.0,0.0,58.76,63.4,42.97,58.507999999999996,101.62200000000001,0.0,0.0
2006-02-16 22:00:00,0.0,0.0,55.07,63.77,39.09,56.074,96.85600000000002,0.0,0.0
2006-02-16 23:00:00,0.0,0.0,52.15,61.08,35.57,53.762,90.0,0.03799999999998249,0.0
2006-02-17 00:00:00,0.0,0.0,49.0,61.26,34.18,51.135000000000005,90.0,0.0,1.6949999999999878
2006-02-17 01:00:00,0.0,0.0,48.29,59.59,32.74,50.547,90.0,0.0,4.9269999999999925
2006-02-17 02:00:00,0.0,0.0,48.55,57.2,31.21,51.086,90.0,0.0,9.126000000000008
2006-02-17 03:00:00,0.0,0.0,49.68,56.69,30.36,51.408,90.0,0.0,9.677999999999997
2006-02-17 04:00:00,0.0,0.0,52.25,58.84,29.71,50.699,90.0,0.0,4.8989999999999725
2006-02-17 05:00:00,0.0,0.0,57.17,62.98,31.21,49.119,97.24100000000001,0.0,0.0
2006-02-17 06:00:00,0.0,0.0,61.93,66.99,35.95,48.94599999999999,110.924,0.0,0.0
2006-02-17 07:00:00,0.0,0.0,64.47,68.89,40.87,52.083999999999996,93.19811500000043,23.947884999999573,0.0
2006-02-17 08:00:00,0.0,0.0,65.88,69.86,43.62,61.97200000000001,110.0,2.3880000000000052,0.0
2006-02-17 09:00:00,0.0,0.0,67.2,70.05,45.34,75.641,101.94899999999998,0.0,0.0
2006-02-17 10:00:00,0.0,0.0,67.93,70.19,46.07,88.94699999999999,90.24300000000004,0.0,0.0
2006-02-17 11:00:00,0.0,0.0,67.3,69.98,46.43,96.27899999999998,90.0,0.0,7.568999999999988
2006-02-17 12:00:00,0.0,0.0,66.06,68.27,46.48,96.877,90.0,0.0,11.067000000000007
2006-02-17 13:00:00,0.0,0.0,64.85,66.23,46.05,91.081,90.0,0.0,8.95099999999999
2006-02-17 14:00:00,0.0,0.0,64.13,64.32,45.75,79.27199999999999,90.0,0.0,0.07199999999998496
2006-02-17 15:00:00,0.0,0.0,64.37,63.69,46.1,62.909,106.251,0.0,0.0
2006-02-17 16:00:00,0.0,0.0,66.26,65.68,48.32,50.653999999999996,124.60600000000001,0.0,0.0
2006-02-17 17:00:00,0.0,0.0,66.99,69.33,50.16,45.653,130.0,5.82699999999998,0.0
2006-02-17 18:00:00,0.0,0.0,65.77,70.23,50.09,45.015,90.0,46.075000000000024,0.0
2006-02-17 19:00:00,0.0,0.0,62.52,67.58,48.53,47.436,126.19400000000002,0.0,0.0
2006-02-17 20:00:00,0.0,0.0,59.63,65.12,45.97,49.528,90.0,26.19200000000002,0.0
2006-02-17 21:00:00,0.0,0.0,57.36,65.69,42.49,50.301,110.239,0.0,0.0
2006-02-17 22:00:00,0.0,0.0,53.68,66.01,38.6,49.485,90.0,13.805,0.0
2006-02-17 23:00:00,0.0,0.0,50.77,63.31,35.08,49.373999999999995,90.0,4.786000000000013,0.0
2006-02-18 00:00:00,0.0,0.0,40.75,55.68,33.01,48.689,90.0,0.0,14.249000000000004
2006-02-18 01:00:00,0.0,0.0,40.06,53.99,31.6,46.626,90.0,0.0,15.975999999999978
2006-02-18 02:00:00,0.0,0.0,40.34,51.63,30.08,42.885,90.0,0.0,15.834999999999994
2006-02-18 03:00:00,0.0,0.0,41.49,51.15,29.23,40.365,90.0,0.0,13.49499999999999
2006-02-18 04:00:00,0.0,0.0,44.09,53.31,28.61,38.479,90.0,0.0,7.46899999999998
2006-02-18 05:00:00,0.0,0.0,49.0,57.44,30.14,35.302,96.27799999999999,0.0,0.0
2006-02-18 06:00:00,0.0,0.0,53.74,61.43,34.9,32.153,112.917,0.0,0.0
2006-02-18 07:00:00,0.0,0.0,56.27,63.32,39.79,35.803,110.0,8.576999999999995,0.0
2006-02-18 08:00:00,0.0,0.0,57.67,64.28,42.52,45.262,90.0,24.208000000000002,0.0
2006-02-18 09:00:00,0.0,0.0,59.0,64.47,44.21,56.286,106.394,0.0,0.0
2006-02-18 10:00:00,0.0,0.0,59.71,64.62,44.94,66.706,97.56400000000001,0.0,0.0
2006-02-18 11:00:00,0.0,0.0,59.08,64.38,45.29,73.411,90.33899999999998,0.0,0.0
2006-02-18 12:00:00,0.0,0.0,57.83,62.68,45.33,74.328,90.0,0.0,3.4879999999999995
2006-02-18 13:00:00,0.0,0.0,56.62,60.64,44.9,69.497,90.0,0.0,2.336999999999996
2006-02-18 14:00:00,0.0,0.0,55.89,58.73,44.59,61.119,93.091,0.0,0.0
2006-02-18 15:00:00,0.0,0.0,56.12,58.1,44.95,51.259,102.91099999999999,0.0,0.0
2006-02-18 16:00:00,0.0,0.0,57.98,60.07,47.14,41.226,90.0,28.964000000000013,0.0
2006-02-18 17:00:00,0.0,0.0,58.7,63.68,48.95,35.643,90.0,40.68700000000002,0.0
2006-02-18 18:00:00,0.0,0.0,57.5,64.58,48.88,33.141999999999996,90.0,42.818,0.0
2006-02-18 19:00:00,0.0,0.0,54.27,61.97,47.34,34.605000000000004,110.0,13.975000000000016,0.0
2006-02-18 20:00:00,0.0,0.0,51.38,59.56,44.8,35.24,90.0,25.500000000000014,0.0
2006-02-18 21:00:00,0.0,0.0,49.08,60.14,41.32,35.052,110.48800000000001,0.0,0.0
2006-02-18 22:00:00,0.0,0.0,45.41,60.42,37.43,36.42099999999999,101.839,0.0,0.0
2006-02-18 23:00:00,0.0,0.0,42.51,57.72,33.91,37.831999999999994,91.308,0.0,0.0
2006-02-19 00:00:00,0.0,0.0,37.0,54.27,32.2,37.556,90.0,0.0,9.085999999999984
2006-02-19 01:00:00,0.0,0.0,36.32,52.57,30.8,37.539,90.0,0.0,12.84899999999999
2006-02-19 02:00:00,0.0,0.0,36.62,50.23,29.3,37.357,90.0,0.0,16.207
2006-02-19 03:00:00,0.0,0.0,37.78,49.78,28.45,37.275999999999996,90.0,0.0,16.26599999999999
2006-02-19 04:00:00,0.0,0.0,40.42,51.96,27.85,37.596000000000004,90.0,0.0,12.365999999999994
2006-02-19 05:00:00,0.0,0.0,45.33,56.08,29.44,37.309,90.0,0.0,1.4590000000000032
2006-02-19 06:00:00,0.0,0.0,50.04,60.04,34.2,36.488,102.792,0.0,0.0
2006-02-19 07:00:00,0.0,0.0,52.56,61.93,39.07,40.955000000000005,107.60499999999999,0.0,0.0
2006-02-19 08:00:00,0.0,0.0,53.97,62.87,41.77,50.550000000000004,103.06,0.0,0.0
2006-02-19 09:00:00,0.0,0.0,55.29,63.06,43.44,60.647999999999996,90.0,6.14200000000001,0.0
2006-02-19 10:00:00,0.0,0.0,55.99,63.21,44.16,67.331,91.029,0.0,0.0
2006-02-19 11:00:00,0.0,0.0,55.35,62.96,44.51,74.741,90.0,0.0,6.921000000000017
2006-02-19 12:00:00,0.0,0.0,54.1,61.26,44.54,78.387,90.0,0.0,13.487000000000009
2006-02-19 13:00:00,0.0,0.0,52.89,59.22,44.09,76.38900000000001,90.0,0.0,15.188999999999979
2006-02-19 14:00:00,0.0,0.0,52.15,57.32,43.78,71.705,90.0,0.0,13.454999999999998
2006-02-19 15:00:00,0.0,0.0,52.37,56.68,44.15,64.342,90.0,0.0,6.141999999999996
2006-02-19 16:00:00,0.0,0.0,54.19,58.62,46.31,54.777,99.343,0.0,0.0
2006-02-19 17:00:00,0.0,0.0,54.91,62.2,48.09,52.16499999999999,108.03500000000003,0.0,0.0
2006-02-19 18:00:00,0.0,0.0,53.72,63.1,48.02,53.624,106.21600000000001,0.0,0.0
2006-02-19 19:00:00,0.0,0.0,50.51,60.53,46.51,55.80800000000001,96.742,0.0,0.0
2006-02-19 20:00:00,0.0,0.0,47.63,58.18,43.98,55.922,90.0,0.0,1.132000000000005
2006-02-19 21:00:00,0.0,0.0,45.3,58.77,40.5,54.408,90.0,0.0,4.837999999999994
2006-02-19 22:00:00,0.0,0.0,41.63,58.99,36.61,53.05799999999999,90.0,0.0,10.827999999999989
2006-02-19 23:00:00,0.0,0.0,38.75,56.29,33.1,53.614999999999995,90.0,0.0,20.474999999999998
2006-02-20 00:00:00,0.0,0.0,48.98,62.86,33.93,54.653000000000006,90.0,0.0,3.8829999999999814
2006-02-20 01:00:00,0.0,0.0,48.31,61.15,32.55,56.565,90.0,0.0,9.554999999999989
2006-02-20 02:00:00,0.0,0.0,48.62,58.84,31.06,58.480999999999995,90.0,0.0,14.960999999999984
2006-02-20 03:00:00,0.0,0.0,49.8,58.42,30.22,59.577999999999996,90.0,0.0,16.138000000000005
2006-02-20 04:00:00,0.0,0.0,52.48,60.62,29.64,59.665000000000006,90.0,0.0,11.924999999999997
2006-02-20 05:00:00,0.0,0.0,57.39,64.73,31.27,58.309,90.0,0.08100000000000307,0.0
2006-02-20 06:00:00,0.0,0.0,62.07,68.66,36.05,56.970000000000006,104.80999999999997,0.0,0.0
2006-02-20 07:00:00,0.0,0.0,64.58,70.54,40.88,60.175,110.82500000000002,0.0,0.0
2006-02-20 08:00:00,0.0,0.0,65.99,71.47,43.56,70.813,105.20700000000002,0.0,0.0
2006-02-20 09:00:00,0.0,0.0,67.31,71.66,45.2,85.611,90.0,3.5589999999999886,0.0
2006-02-20 10:00:00,0.0,0.0,67.99,71.81,45.92,95.75,90.0,0.0,5.029999999999987
2006-02-20 11:00:00,0.0,0.0,67.34,71.54,46.27,101.31199999999998,90.0,0.0,11.16199999999995
2006-02-20 12:00:00,0.0,0.0,66.09,69.84,46.28,100.179,90.0,0.0,12.968999999999982
2006-02-20 13:00:00,0.0,0.0,64.88,67.8,45.83,96.204,90.0,0.0,12.693999999999997
2006-02-20 14:00:00,0.0,0.0,64.14,65.91,45.52,87.94700000000002,90.0,0.0,7.37699999999999
2006-02-20 15:00:00,0.0,0.0,64.34,65.27,45.9,75.44999999999999,95.06000000000002,0.0,0.0
2006-02-20 16:00:00,0.0,0.0,66.13,67.19,48.03,62.995000000000005,113.355,0.0,0.0
2006-02-20 17:00:00,0.0,0.0,66.85,70.73,49.77,51.621,130.729,0.0,0.0
2006-02-20 18:00:00,0.0,0.0,65.67,71.63,49.71,45.451,136.55900000000003,0.0,0.0
2006-02-20 19:00:00,0.0,0.0,62.48,69.1,48.21,44.746,128.09937000000002,1.9446299999999952,0.0
2006-02-20 20:00:00,0.0,0.0,59.6,66.8,45.7,44.052,123.04800000000003,0.0,0.0
2006-02-20 21:00:00,0.0,0.0,57.25,67.4,42.22,44.311,110.0,7.558999999999992,0.0
2006-02-20 22:00:00,0.0,0.0,53.58,67.58,38.33,43.946999999999996,110.0,0.5430000000000064,0.0
2006-02-20 23:00:00,0.0,0.0,50.71,64.88,34.82,43.751,101.659,0.0,0.0
2006-02-21 00:00:00,0.0,0.0,50.89,66.38,34.76,44.562,102.46799999999999,0.0,0.0
2006-02-21 01:00:00,0.0,0.0,50.24,64.66,33.4,45.668,97.632,0.0,0.0
2006-02-21 02:00:00,0.0,0.0,50.56,62.36,31.92,46.896,92.94400000000002,0.0,0.0
2006-02-21 03:00:00,0.0,0.0,51.76,61.97,31.08,49.153,90.65699999999998,0.0,0.0
2006-02-21 04:00:00,0.0,0.0,54.48,64.19,30.52,50.738,93.45199999999998,0.0,0.0
2006-02-21 05:00:00,0.0,0.0,59.38,68.29,32.2,51.616,103.25400000000003,0.0,0.0
2006-02-21 06:00:00,0.0,0.0,64.04,72.2,36.99,52.707,115.52300000000001,0.0,0.0
2006-02-21 07:00:00,0.0,0.0,66.53,74.07,41.79,56.493,120.897,0.0,0.0
2006-02-21 08:00:00,0.0,0.0,67.94,74.99,44.44,68.54,113.82999999999998,0.0,0.0
2006-02-21 09:00:00,0.0,0.0,69.27,75.18,46.06,83.37100000000001,102.13900000000001,0.0,0.0
2006-02-21 10:00:00,0.0,0.0,69.93,75.33,46.77,93.31599999999999,93.71400000000001,0.0,0.0
2006-02-21 11:00:00,0.0,0.0,69.27,75.05,47.12,97.27199999999999,90.0,0.0,0.8320000000000096
2006-02-21 12:00:00,0.0,0.0,68.02,73.35,47.12,96.676,90.0,0.0,3.186000000000007
2006-02-21 13:00:00,0.0,0.0,66.81,71.31,46.67,93.81,90.0,0.0,4.019999999999968
2006-02-21 14:00:00,0.0,0.0,66.06,69.42,46.35,89.924,90.0,0.0,3.0939999999999985
2006-02-21 15:00:00,0.0,0.0,66.25,68.78,46.73,81.00999999999999,95.75,0.0,0.0
2006-02-21 16:00:00,0.0,0.0,68.0,70.68,48.84,66.412,116.10800000000002,0.0,0.0
2006-02-21 17:00:00,0.0,0.0,68.72,74.18,50.54,56.791,131.64899999999997,0.0,0.0
2006-02-21 18:00:00,0.0,0.0,67.55,75.08,50.49,52.927,135.19299999999998,0.0,0.0
2006-02-21 19:00:00,0.0,0.0,64.39,72.58,49.01,52.092,128.888,0.0,0.0
2006-02-21 20:00:00,0.0,0.0,61.51,70.34,46.51,51.467000000000006,110.0,11.892999999999994,0.0
2006-02-21 21:00:00,0.0,0.0,59.13,70.96,43.04,50.177,117.95299999999999,0.0,0.0
2006-02-21 22:00:00,0.0,0.0,55.46,71.08,39.15,50.815999999999995,109.87399999999998,0.0,0.0
2006-02-21 23:00:00,0.0,0.0,52.61,68.38,35.64,50.045,101.58499999999998,0.0,0.0
2006-02-22 00:00:00,0.0,0.0,51.88,67.14,36.34,49.63799999999999,100.72200000000001,0.0,0.0
2006-02-22 01:00:00,0.0,0.0,51.24,65.41,35.0,48.83299999999999,97.81700000000002,0.0,0.0
2006-02-22 02:00:00,0.0,0.0,51.58,63.14,33.54,47.248,96.012,0.0,0.0
2006-02-22 03:00:00,0.0,0.0,52.8,62.78,32.7,48.538000000000004,94.74200000000002,0.0,0.0
2006-02-22 04:00:00,0.0,0.0,55.55,65.01,32.17,46.066,101.66400000000002,0.0,0.0
2006-02-22 05:00:00,0.0,0.0,60.45,69.1,33.89,44.994,113.44600000000001,0.0,0.0
2006-02-22 06:00:00,0.0,0.0,65.08,72.98,38.69,45.153,126.59700000000001,0.0,0.0
2006-02-22 07:00:00,0.0,0.0,67.56,74.85,43.46,52.56099999999999,128.309,0.0,0.0
2006-02-22 08:00:00,0.0,0.0,68.97,75.76,46.09,69.432,116.38800000000002,0.0,0.0
2006-02-22 09:00:00,0.0,0.0,70.3,75.94,47.69,83.05499999999999,105.875,0.0,0.0
2006-02-22 10:00:00,0.0,0.0,70.95,76.1,48.39,87.04800000000002,103.392,0.0,0.0
2006-02-22 11:00:00,0.0,0.0,70.28,75.8,48.73,87.18600000000002,102.62399999999998,0.0,0.0
2006-02-22 12:00:00,0.0,0.0,69.02,74.1,48.72,82.23299999999999,104.607,0.0,0.0
2006-02-22 13:00:00,0.0,0.0,67.82,72.07,48.26,74.65699999999998,108.49299999999998,0.0,0.0
2006-02-22 14:00:00,0.0,0.0,67.05,70.18,47.94,66.123,114.047,0.0,0.0
2006-02-22 15:00:00,0.0,0.0,67.23,69.53,48.33,55.514,124.576,0.0,0.0
2006-02-22 16:00:00,0.0,0.0,68.95,71.41,50.41,37.644,135.0,13.126000000000005,0.0
2006-02-22 17:00:00,0.0,0.0,69.66,74.87,52.08,27.544000000000004,130.0,34.06600000000001,0.0
2006-02-22 18:00:00,0.0,0.0,68.51,75.77,52.03,26.192999999999998,155.0,10.117000000000004,0.0
2006-02-22 19:00:00,0.0,0.0,65.37,73.32,50.58,26.085,155.0,3.184999999999997,0.0
2006-02-22 20:00:00,0.0,0.0,62.49,71.13,48.09,25.141000000000002,130.0,21.56899999999999,0.0
2006-02-22 21:00:00,0.0,0.0,60.08,71.76,44.62,24.037,147.423,0.0,0.0
2006-02-22 22:00:00,0.0,0.0,56.42,71.84,40.73,20.213,90.0,53.77700000000002,0.0
2006-02-22 23:00:00,0.0,0.0,53.58,69.13,37.22,17.230999999999998,137.69899999999998,0.0,0.0
2006-02-23 00:00:00,0.0,0.0,51.74,69.85,35.87,14.852,137.608,0.0,0.0
2006-02-23 01:00:00,0.0,0.0,51.11,68.1,34.55,12.350000000000001,135.0,1.4099999999999913,0.0
2006-02-23 02:00:00,0.0,0.0,51.47,65.85,33.1,10.248999999999999,135.171,0.0,0.0
2006-02-23 03:00:00,0.0,0.0,52.7,65.53,32.27,9.378,135.0,1.12200000000003,0.0
2006-02-23 04:00:00,0.0,0.0,55.5,67.77,31.76,10.175999999999998,139.85399999999998,0.0,0.0
2006-02-23 05:00:00,0.0,0.0,60.39,71.86,33.52,11.637999999999998,138.48000000000002,10.651999999999973,0.0
2006-02-23 06:00:00,0.0,0.0,64.99,75.71,38.34,13.966,135.0,25.073999999999984,0.0
2006-02-23 07:00:00,0.0,0.0,67.46,77.57,43.07,18.358999999999998,155.0,9.741,0.0
2006-02-23 08:00:00,0.0,0.0,68.88,78.47,45.68,27.231000000000005,155.0,5.799000000000001,0.0
2006-02-23 09:00:00,0.0,0.0,70.21,78.65,47.25,35.415000000000006,135.0,20.694999999999986,0.0
2006-02-23 10:00:00,0.0,0.0,70.84,78.82,47.95,39.14,153.47,0.0,0.0
2006-02-23 11:00:00,0.0,0.0,70.16,78.49,48.29,42.267999999999994,135.0,14.67199999999999,0.0
2006-02-23 12:00:00,0.0,0.0,68.9,76.8,48.26,44.274,144.68599999999998,0.0,0.0
2006-02-23 13:00:00,0.0,0.0,67.69,74.77,47.8,44.19,135.0,6.0700000000000145,0.0
2006-02-23 14:00:00,0.0,0.0,66.92,72.89,47.47,42.181,140.099,0.0,0.0
2006-02-23 15:00:00,0.0,0.0,67.09,72.23,47.87,39.662,135.0,7.528000000000003,0.0
2006-02-23 16:00:00,0.0,0.0,68.78,74.09,49.92,35.603,152.187,0.0,0.0
2006-02-23 17:00:00,0.0,0.0,69.48,77.51,51.56,32.651,135.0,25.899,0.0
2006-02-23 18:00:00,0.0,0.0,68.34,78.41,51.52,34.084,155.0,4.186000000000007,0.0
2006-02-23 19:00:00,0.0,0.0,65.22,76.0,50.08,37.474,148.826,0.0,0.0
2006-02-23 20:00:00,0.0,0.0,62.35,73.86,47.61,39.400999999999996,135.0,4.419000000000013,0.0
2006-02-23 21:00:00,0.0,0.0,59.91,74.5,44.14,40.317,133.233,0.0,0.0
2006-02-23 22:00:00,0.0,0.0,56.26,74.53,40.25,40.635,125.40500000000003,0.0,0.0
2006-02-23 23:00:00,0.0,0.0,53.43,71.83,36.74,41.839,115.16099999999999,0.0,0.0
2006-02-24 00:00:00,0.0,0.0,50.27,69.85,35.35,43.911,106.559,0.0,0.0
2006-02-24 01:00:00,0.0,0.0,49.66,68.09,34.05,46.928,99.872,0.0,0.0
2006-02-24 02:00:00,0.0,0.0,50.02,65.87,32.61,50.75599999999999,92.744,0.0,0.0
2006-02-24 03:00:00,0.0,0.0,51.28,65.57,31.78,55.219,90.0,0.0,1.5889999999999933
2006-02-24 04:00:00,0.0,0.0,54.11,67.84,31.29,59.492000000000004,90.0,0.0,1.2520000000000007
2006-02-24 05:00:00,0.0,0.0,59.0,71.92,33.1,63.465,95.555,0.0,0.0
2006-02-24 06:00:00,0.0,0.0,63.57,75.74,37.94,68.195,104.055,0.0,0.0
2006-02-24 07:00:00,0.0,0.0,66.03,77.59,42.64,77.63199999999999,101.06399750000001,2.5640024999999946,0.0
2006-02-24 08:00:00,0.0,0.0,67.45,78.48,45.22,92.626,93.524,0.0,0.0
2006-02-24 09:00:00,0.0,0.0,68.78,78.66,46.77,106.17099999999999,90.0,0.0,5.294333333333327
2006-02-24 10:00:00,0.0,0.0,69.4,78.83,47.46,114.146,90.0,0.0,13.455999999999978
2006-02-24 11:00:00,0.0,0.0,68.71,78.49,47.79,117.68699999999998,90.0,0.0,16.201429362880955
2006-02-24 12:00:00,0.0,0.0,67.45,76.79,47.76,118.319,90.0,0.0,21.319000000000017
2006-02-24 13:00:00,0.0,0.0,66.24,74.76,47.29,116.75300000000001,90.0,0.0,23.463000000000015
2006-02-24 14:00:00,0.0,0.0,65.46,72.89,46.96,112.37700000000001,90.0,0.0,22.06699999999998
2006-02-24 15:00:00,0.0,0.0,65.62,72.23,47.37,104.598,90.0,0.0,11.044666666666643
2006-02-24 16:00:00,0.0,0.0,67.27,74.06,49.39,94.166,90.0,1.5539999999999994,0.0
2006-02-24 17:00:00,0.0,0.0,67.97,77.45,50.99,81.26700000000001,90.0,20.142999999999997,0.0
2006-02-24 18:00:00,0.0,0.0,66.84,78.34,50.95,72.596,90.0,28.534000000000027,0.0
2006-02-24 19:00:00,0.0,0.0,63.75,75.97,49.54,72.379,90.0,21.880999999999993,0.0
2006-02-24 20:00:00,0.0,0.0,60.88,73.9,47.08,71.90299999999999,90.0,14.957000000000011,0.0
2006-02-24 21:00:00,0.0,0.0,58.41,74.55,43.62,70.98400000000001,90.0,10.596000000000007,0.0
2006-02-24 22:00:00,0.0,0.0,54.76,74.53,39.72,69.832,90.0,4.177999999999997,0.0
2006-02-24 23:00:00,0.0,0.0,51.95,71.82,36.21,69.49499999999999,90.0,0.0,0.0
2006-02-25 00:00:00,0.0,0.0,42.31,64.01,33.22,69.53599999999999,90.0,0.0,23.329333333333338
2006-02-25 01:00:00,0.0,0.0,41.72,62.24,31.94,70.27600000000001,90.0,0.0,24.375999999999976
2006-02-25 02:00:00,0.0,0.0,42.1,60.04,30.51,69.816,90.0,0.0,30.499333333333325
2006-02-25 03:00:00,0.0,0.0,43.37,59.77,29.69,69.58600000000001,90.0,0.0,28.422666666666657
2006-02-25 04:00:00,0.0,0.0,46.24,62.05,29.23,69.98,90.0,0.0,23.321625115420375
2006-02-25 05:00:00,0.0,0.0,51.13,66.12,31.08,69.36,90.0,0.0,12.696666666666644
2006-02-25 06:00:00,0.0,0.0,55.67,69.92,35.93,70.04700000000001,90.0,0.0,0.0
2006-02-25 07:00:00,0.0,0.0,58.12,71.76,40.59,76.77600000000001,90.0,0.0,0.0
2006-02-25 08:00:00,0.0,0.0,59.54,72.64,43.15,89.98500000000001,90.0,0.0,4.654999999999973
2006-02-25 09:00:00,0.0,0.0,60.87,72.82,44.68,103.24600000000001,90.0,0.0,18.20933333333334
2006-02-25 10:00:00,0.0,0.0,61.47,72.99,45.37,111.156,90.0,0.0,21.326000000000015
2006-02-25 11:00:00,0.0,0.0,60.78,72.63,45.69,112.65900000000002,90.0,0.0,23.558999999999997
2006-02-25 12:00:00,0.0,0.0,59.51,70.94,45.65,110.64099999999999,90.0,0.0,27.874333333333325
2006-02-25 13:00:00,0.0,0.0,58.3,68.91,45.17,106.41,90.0,0.0,25.69666666666666
2006-02-25 14:00:00,0.0,0.0,57.52,67.04,44.84,99.303,90.0,0.0,21.56966666666664
2006-02-25 15:00:00,0.0,0.0,57.66,66.38,45.25,89.11999999999999,90.0,0.0,11.496666666666663
2006-02-25 16:00:00,0.0,0.0,59.28,68.19,47.24,68.91499999999999,90.0,10.795000000000034,0.0
2006-02-25 17:00:00,0.0,0.0,59.97,71.53,48.82,54.962,90.0,30.358000000000008,0.0
2006-02-25 18:00:00,0.0,0.0,58.86,72.43,48.78,53.656,90.0,31.414000000000016,0.0
2006-02-25 19:00:00,0.0,0.0,55.79,70.1,47.39,53.833,90.0,24.447000000000003,0.0
2006-02-25 20:00:00,0.0,0.0,52.92,68.08,44.95,53.477999999999994,90.0,17.472000000000023,0.0
2006-02-25 21:00:00,0.0,0.0,50.43,68.74,41.49,53.111,90.0,12.549000000000012,0.0
2006-02-25 22:00:00,0.0,0.0,46.78,68.67,37.59,52.186,90.0,5.853999999999999,0.0
2006-02-25 23:00:00,0.0,0.0,43.98,65.96,34.08,51.128,90.0,0.0,0.44133333333335756
2006-02-26 00:00:00,0.0,0.0,38.74,62.52,32.27,50.586,90.0,0.0,12.055999999999983
2006-02-26 01:00:00,0.0,0.0,38.17,60.74,31.01,51.162000000000006,90.0,0.0,12.908666666666676
2006-02-26 02:00:00,0.0,0.0,38.56,58.56,29.59,52.365,90.0,0.0,17.321666666666644
2006-02-26 03:00:00,0.0,0.0,39.85,58.32,28.78,54.94,90.0,0.0,17.99000000000001
2006-02-26 04:00:00,0.0,0.0,42.76,60.62,28.34,55.301,90.0,0.0,13.581000000000003
2006-02-26 05:00:00,0.0,0.0,47.64,64.68,30.23,55.964,90.0,0.0,6.747333333333302
2006-02-26 06:00:00,0.0,0.0,52.16,68.45,35.09,56.61100000000001,90.0,4.0889999999999995,0.0
2006-02-26 07:00:00,0.0,0.0,54.59,70.29,39.73,61.082,90.0,8.528000000000004,0.0
2006-02-26 08:00:00,0.0,0.0,56.01,71.16,42.26,74.58399999999999,90.0,0.0,0.0
2006-02-26 09:00:00,0.0,0.0,57.35,71.33,43.77,86.58500000000001,90.0,0.0,5.801666666666668
2006-02-26 10:00:00,0.0,0.0,57.93,71.51,44.45,96.92699999999999,90.0,0.0,14.703666666666663
2006-02-26 11:00:00,0.0,0.0,57.23,71.13,44.77,100.30000000000001,90.0,0.0,17.16999999999999
2006-02-26 12:00:00,0.0,0.0,55.96,69.44,44.71,99.51899999999999,90.0,0.0,19.408999999999992
2006-02-26 13:00:00,0.0,0.0,54.75,67.41,44.23,96.47299999999998,90.0,0.0,20.083000000000013
2006-02-26 14:00:00,0.0,0.0,53.96,65.55,43.9,89.38499999999999,90.0,0.0,17.641666666666666
2006-02-26 15:00:00,0.0,0.0,54.09,64.88,44.32,75.75099999999999,90.0,0.0,4.127666666666672
2006-02-26 16:00:00,0.0,0.0,55.67,66.67,46.28,54.519000000000005,109.10099999999998,0.0,0.0
2006-02-26 17:00:00,0.0,0.0,56.36,69.98,47.82,40.835,128.32500000000002,0.0,0.0
2006-02-26 18:00:00,0.0,0.0,55.26,70.87,47.79,37.852,131.06799999999998,0.0,0.0
2006-02-26 19:00:00,0.0,0.0,52.21,68.58,46.42,38.553,123.65700000000001,0.0,0.0
2006-02-26 20:00:00,0.0,0.0,49.35,66.62,43.99,38.597,116.36300000000003,0.0,0.0
2006-02-26 21:00:00,0.0,0.0,46.83,67.29,40.53,37.462999999999994,112.18700000000001,0.0,0.0
2006-02-26 22:00:00,0.0,0.0,43.19,67.17,36.63,35.501,106.489,0.0,0.0
2006-02-26 23:00:00,0.0,0.0,40.4,64.46,33.12,33.68,99.3,0.0,0.0
2006-02-27 00:00:00,0.0,0.0,50.54,71.87,34.28,32.146,119.54400000000001,0.0,0.0
2006-02-27 01:00:00,0.0,0.0,49.98,70.08,33.04,31.491,116.609,0.0,0.0
2006-02-27 02:00:00,0.0,0.0,50.39,67.92,31.64,31.032,113.918,0.0,0.0
2006-02-27 03:00:00,0.0,0.0,51.7,67.71,30.83,30.406,114.834,0.0,0.0
2006-02-27 04:00:00,0.0,0.0,54.64,70.03,30.4,30.83,119.24000000000002,0.0,0.0
2006-02-27 05:00:00,0.0,0.0,59.52,74.08,32.35,29.813,90.0,41.136999999999986,0.0
2006-02-27 06:00:00,0.0,0.0,64.01,77.82,37.22,29.685000000000002,138.45776416666658,5.907235833333417,0.0
2006-02-27 07:00:00,0.0,0.0,66.43,79.66,41.82,34.138999999999996,148.77100000000002,0.0,0.0
2006-02-27 08:00:00,0.0,0.0,67.86,80.51,44.33,46.302,141.398,0.0,0.0
2006-02-27 09:00:00,0.0,0.0,69.19,80.68,45.82,58.873000000000005,110.0,21.817000000000007,0.0
2006-02-27 10:00:00,0.0,0.0,69.76,80.86,46.49,66.184,125.92600000000002,0.0,0.0
2006-02-27 11:00:00,0.0,0.0,69.05,80.47,46.81,69.371,121.95899999999997,0.0,0.0
2006-02-27 12:00:00,0.0,0.0,67.77,78.78,46.74,70.354,117.93600000000004,0.0,0.0
2006-02-27 13:00:00,0.0,0.0,66.57,76.76,46.25,69.36200000000001,110.0,5.217999999999989,0.0
2006-02-27 14:00:00,0.0,0.0,65.77,74.9,45.91,64.662,116.91799999999999,0.0,0.0
2006-02-27 15:00:00,0.0,0.0,65.88,74.22,46.34,55.644,125.796,0.0,0.0
2006-02-27 16:00:00,0.0,0.0,67.43,75.99,48.27,45.973000000000006,140.717,0.0,0.0
2006-02-27 17:00:00,0.0,0.0,68.12,79.26,49.78,38.595,153.565,0.0,0.0
2006-02-27 18:00:00,0.0,0.0,67.03,80.16,49.75,38.735,135.0,18.20499999999999,0.0
2006-02-27 19:00:00,0.0,0.0,64.0,77.91,48.4,41.874,123.43599999999998,20.0,0.0
2006-02-27 20:00:00,0.0,0.0,61.14,75.99,45.99,45.641999999999996,132.478,0.0,0.0
2006-02-27 21:00:00,0.0,0.0,58.59,76.68,42.53,46.910999999999994,125.88900000000004,0.0,0.0
2006-02-27 22:00:00,0.0,0.0,54.96,76.51,38.63,48.656,116.44400000000002,0.0,0.0
2006-02-27 23:00:00,0.0,0.0,52.19,73.8,35.13,50.807,105.31299999999999,0.0,0.0
2006-02-28 00:00:00,0.0,0.0,51.79,71.23,35.9,53.192,100.728,0.0,0.0
2006-02-28 01:00:00,0.0,0.0,51.24,69.42,34.67,55.168,95.16199999999999,0.0,0.0
2006-02-28 02:00:00,0.0,0.0,51.67,67.29,33.29,58.52,90.0,0.0,1.2699999999999978
2006-02-28 03:00:00,0.0,0.0,52.99,67.11,32.48,61.656,90.0,0.0,4.076000000000013
2006-02-28 04:00:00,0.0,0.0,55.98,69.45,32.08,62.841,90.0,0.0,0.3310000000000173
2006-02-28 05:00:00,0.0,0.0,60.85,73.49,34.07,63.492999999999995,99.91699999999997,0.0,0.0
2006-02-28 06:00:00,0.0,0.0,65.32,77.2,38.95,64.476,111.99400000000001,0.0,0.0
2006-02-28 07:00:00,0.0,0.0,67.72,79.03,43.53,72.44399999999999,110.0,2.836000000000041,0.0
2006-02-28 08:00:00,0.0,0.0,69.15,79.87,46.01,83.92299999999999,106.107,0.0,0.0
2006-02-28 09:00:00,0.0,0.0,70.49,80.04,47.47,97.605,95.395,0.0,0.0
2006-02-28 10:00:00,0.0,0.0,71.04,80.23,48.14,105.542,90.0,0.0,1.1319999999999766
2006-02-28 11:00:00,0.0,0.0,70.32,79.82,48.45,105.86399999999999,90.0,0.0,2.274000000000001
2006-02-28 12:00:00,0.0,0.0,69.04,78.13,48.37,102.65599999999999,90.0,0.0,2.115999999999973
2006-02-28 13:00:00,0.0,0.0,67.83,76.11,47.88,97.62199999999999,90.0,0.0,0.8019999999999925
2006-02-28 14:00:00,0.0,0.0,67.03,74.25,47.54,89.34200000000001,94.478,0.0,0.0
2006-02-28 15:00:00,0.0,0.0,67.13,73.57,47.97,77.58700000000002,106.08299999999998,0.0,0.0
2006-02-28 16:00:00,0.0,0.0,68.64,75.32,49.88,67.354,121.48599999999999,0.0,0.0
2006-02-28 17:00:00,0.0,0.0,69.32,78.55,51.35,59.721000000000004,134.49899999999997,0.0,0.0
2006-02-28 18:00:00,0.0,0.0,68.25,79.44,51.33,58.059,135.0,0.9609999999999932,0.0
2006-02-28 19:00:00,0.0,0.0,65.25,77.24,50.0,57.603,129.887,0.0,0.0
2006-02-28 20:00:00,0.0,0.0,62.39,75.38,47.6,56.757999999999996,123.612,0.0,0.0
2006-02-28 21:00:00,0.0,0.0,59.81,76.07,44.15,55.601000000000006,119.429,0.0,0.0
2006-02-28 22:00:00,0.0,0.0,56.18,75.86,40.25,54.199000000000005,110.0,3.0909999999999798,0.0
2006-02-28 23:00:00,0.0,0.0,53.42,73.15,36.74,53.347,104.96300000000001,0.0,0.0
2006-03-01 00:00:00,0.0,0.0,52.09,72.25,37.49,52.934000000000005,103.89600000000002,0.0,0.0
2006-03-01 01:00:00,0.0,0.0,51.6,70.39,36.34,51.94499999999999,101.385,0.0,0.0
2006-03-01 02:00:00,0.0,0.0,52.08,68.35,35.01,50.663,99.77700000000002,0.0,0.0
2006-03-01 03:00:00,0.0,0.0,53.48,68.3,34.22,48.806,102.19399999999999,0.0,0.0
2006-03-01 04:00:00,0.0,0.0,56.62,70.7,33.91,48.848,107.38200000000002,0.0,0.0
2006-03-01 05:00:00,0.0,0.0,61.48,74.71,36.08,48.712999999999994,118.55700000000002,0.0,0.0
2006-03-01 06:00:00,0.0,0.0,65.83,78.31,41.01,50.595000000000006,129.555,0.0,0.0
2006-03-01 07:00:00,0.0,0.0,68.19,80.11,45.46,57.093,131.667,0.0,0.0
2006-03-01 08:00:00,0.0,0.0,69.62,80.91,47.84,72.986,120.384,0.0,0.0
2006-03-01 09:00:00,0.0,0.0,70.97,81.07,49.21,89.64,106.61000000000001,0.0,0.0
2006-03-01 10:00:00,0.0,0.0,71.46,81.27,49.86,95.92599999999999,101.66400000000002,0.0,0.0
2006-03-01 11:00:00,0.0,0.0,70.7,80.79,50.16,97.24900000000001,99.401,0.0,0.0
2006-03-01 12:00:00,0.0,0.0,69.4,79.11,50.02,96.898,96.632,0.0,0.0
2006-03-01 13:00:00,0.0,0.0,68.2,77.1,49.5,94.77499999999999,95.02500000000002,0.0,0.0
2006-03-01 14:00:00,0.0,0.0,67.37,75.26,49.15,88.88900000000001,97.891,0.0,0.0
2006-03-01 15:00:00,0.0,0.0,67.42,74.57,49.61,74.956,111.64399999999999,0.0,0.0
2006-03-01 16:00:00,0.0,0.0,68.79,76.22,51.41,58.592,132.828,0.0,0.0
2006-03-01 17:00:00,0.0,0.0,69.46,79.3,52.75,45.027,151.483,0.0,0.0
2006-03-01 18:00:00,0.0,0.0,68.44,80.19,52.75,44.905,151.475,0.0,0.0
2006-03-01 19:00:00,0.0,0.0,65.52,78.14,51.5,46.107,144.053,0.0,0.0
2006-03-01 20:00:00,0.0,0.0,62.68,76.5,49.16,46.348,136.992,0.0,0.0
2006-03-01 21:00:00,0.0,0.0,59.99,77.24,45.72,46.57000000000001,131.38,0.0,0.0
2006-03-01 22:00:00,0.0,0.0,56.38,76.84,41.81,46.32,123.71000000000004,0.0,0.0
2006-03-01 23:00:00,0.0,0.0,53.67,74.12,38.3,44.016999999999996,117.073,0.0,0.0
2006-03-02 00:00:00,0.0,0.0,52.03,70.65,37.63,42.83,112.48000000000002,0.0,0.0
2006-03-02 01:00:00,0.0,0.0,51.55,68.79,36.5,42.128,109.712,0.0,0.0
2006-03-02 02:00:00,0.0,0.0,52.04,66.77,35.18,42.384,106.60600000000001,0.0,0.0
2006-03-02 03:00:00,0.0,0.0,53.46,66.74,34.4,41.848000000000006,107.75199999999998,0.0,0.0
2006-03-02 04:00:00,0.0,0.0,56.64,69.17,34.1,40.755,114.155,0.0,0.0
2006-03-02 05:00:00,0.0,0.0,61.49,73.17,36.32,39.73800000000001,126.242,0.0,0.0
2006-03-02 06:00:00,0.0,0.0,65.82,76.74,41.27,38.956,110.0,29.873999999999985,0.0
2006-03-02 07:00:00,0.0,0.0,68.17,78.54,45.68,46.48299999999999,140.907,0.0,0.0
2006-03-02 08:00:00,0.0,0.0,69.6,79.32,48.04,59.90299999999999,132.057,0.0,0.0
2006-03-02 09:00:00,0.0,0.0,70.95,79.48,49.39,72.862,121.958,0.0,0.0
2006-03-02 10:00:00,0.0,0.0,71.42,79.69,50.02,79.88,116.25,0.0,0.0
2006-03-02 11:00:00,0.0,0.0,70.65,79.19,50.32,83.15400000000001,112.006,0.0,0.0
2006-03-02 12:00:00,0.0,0.0,69.35,77.51,50.17,84.899,107.131,0.0,0.0
2006-03-02 13:00:00,0.0,0.0,68.15,75.5,49.65,84.39099999999999,103.90900000000002,0.0,0.0
2006-03-02 14:00:00,0.0,0.0,67.31,73.66,49.3,79.924,105.346,0.0,0.0
2006-03-02 15:00:00,0.0,0.0,67.35,72.97,49.76,68.54899999999999,116.531,0.0,0.0
2006-03-02 16:00:00,0.0,0.0,68.69,74.6,51.53,50.160999999999994,139.659,0.0,0.0
2006-03-02 17:00:00,0.0,0.0,69.35,77.64,52.83,33.443000000000005,135.0,26.376999999999995,0.0
2006-03-02 18:00:00,0.0,0.0,68.35,78.53,52.84,30.246000000000002,110.0,54.47400000000001,0.0
2006-03-02 19:00:00,0.0,0.0,65.45,76.52,51.61,32.300000000000004,155.0,1.2799999999999816,0.0
2006-03-02 20:00:00,0.0,0.0,62.61,74.94,49.29,34.247,147.593,0.0,0.0
2006-03-02 21:00:00,0.0,0.0,59.89,75.69,45.85,35.082,141.348,0.0,0.0
2006-03-02 22:00:00,0.0,0.0,56.28,75.23,41.94,33.474,134.976,0.0,0.0
2006-03-02 23:00:00,0.0,0.0,53.59,72.52,38.44,32.922000000000004,126.62799999999999,0.0,0.0
2006-03-03 00:00:00,0.0,0.0,50.34,62.53,37.04,31.844999999999995,113.065,0.0,0.0
2006-03-03 01:00:00,0.0,0.0,49.88,60.66,35.93,30.906000000000002,110.564,0.0,0.0
2006-03-03 02:00:00,0.0,0.0,50.39,58.66,34.62,30.12,108.55000000000001,0.0,0.0
2006-03-03 03:00:00,0.0,0.0,51.82,58.66,33.84,29.597,109.72300000000001,0.0,0.0
2006-03-03 04:00:00,0.0,0.0,55.04,61.1,33.57,28.924,115.78600000000002,0.0,0.0
2006-03-03 05:00:00,0.0,0.0,59.89,65.1,35.83,26.895,128.92499999999998,0.0,0.0
2006-03-03 06:00:00,0.0,0.0,64.19,68.65,40.79,25.157,135.0,8.472999999999985,0.0
2006-03-03 07:00:00,0.0,0.0,66.53,70.43,45.17,31.761000000000003,145.36900000000003,0.0,0.0
2006-03-03 08:00:00,0.0,0.0,67.96,71.21,47.51,39.7,141.98000000000002,0.0,0.0
2006-03-03 09:00:00,0.0,0.0,69.31,71.36,48.84,50.749,133.761,0.0,0.0
2006-03-03 10:00:00,0.0,0.0,69.76,71.57,49.46,60.664,125.126,0.0,0.0
2006-03-03 11:00:00,0.0,0.0,68.99,71.06,49.76,65.94699999999999,118.86300000000001,0.0,0.0
2006-03-03 12:00:00,0.0,0.0,67.69,69.38,49.6,68.273,110.0,3.396999999999981,0.0
2006-03-03 13:00:00,0.0,0.0,66.49,67.37,49.07,67.129,110.80099999999999,0.0,0.0
2006-03-03 14:00:00,0.0,0.0,65.64,65.54,48.71,64.189,110.70100000000002,0.0,0.0
2006-03-03 15:00:00,0.0,0.0,65.66,64.84,49.19,56.719,105.14833333333334,12.82266666666667,0.0
2006-03-03 16:00:00,0.0,0.0,66.97,66.45,50.93,43.512,135.838,0.0,0.0
2006-03-03 17:00:00,0.0,0.0,67.62,69.45,52.2,33.848,130.0,20.422,0.0
2006-03-03 18:00:00,0.0,0.0,66.63,70.34,52.21,29.641000000000002,135.0,19.538999999999994,0.0
2006-03-03 19:00:00,0.0,0.0,63.76,68.38,51.0,31.119999999999997,147.01999999999998,0.0,0.0
2006-03-03 20:00:00,0.0,0.0,60.92,66.84,48.69,32.322,139.128,0.0,0.0
2006-03-03 21:00:00,0.0,0.0,58.17,67.61,45.25,33.387,132.643,0.0,0.0
2006-03-03 22:00:00,0.0,0.0,54.57,67.1,41.34,32.766999999999996,125.243,0.0,0.0
2006-03-03 23:00:00,0.0,0.0,51.89,64.39,37.84,32.581,116.53899999999999,0.0,0.0
2006-03-04 00:00:00,0.0,0.0,42.32,59.43,34.62,33.771,97.59899999999999,0.0,0.0
2006-03-04 01:00:00,0.0,0.0,41.88,57.55,33.53,35.268,92.69200000000001,0.0,0.0
2006-03-04 02:00:00,0.0,0.0,42.4,55.58,32.23,36.978,90.0,0.0,1.7680000000000096
2006-03-04 03:00:00,0.0,0.0,43.85,55.61,31.46,38.694,90.0,0.0,2.7740000000000085
2006-03-04 04:00:00,0.0,0.0,47.1,58.06,31.21,40.83,90.54,0.0,0.0
2006-03-04 05:00:00,0.0,0.0,51.95,62.05,33.52,41.579,100.94099999999999,0.0,0.0
2006-03-04 06:00:00,0.0,0.0,56.22,65.57,38.49,43.425,110.0,1.855000000000004,0.0
2006-03-04 07:00:00,0.0,0.0,58.55,67.35,42.84,50.79600000000001,112.94399999999999,0.0,0.0
2006-03-04 08:00:00,0.0,0.0,59.98,68.11,45.15,62.179,106.061,0.0,0.0
2006-03-04 09:00:00,0.0,0.0,61.33,68.27,46.46,76.92,91.89584499999997,2.2441550000000126,0.0
2006-03-04 10:00:00,0.0,0.0,61.77,68.48,47.08,85.168,90.0,0.0,2.837999999999976
2006-03-04 11:00:00,0.0,0.0,60.99,67.95,47.37,91.15100000000001,90.0,0.0,9.84099999999998
2006-03-04 12:00:00,0.0,0.0,59.68,66.27,47.2,93.278,90.0,0.0,15.12799999999999
2006-03-04 13:00:00,0.0,0.0,58.48,64.26,46.66,92.715,90.0,0.0,18.314999999999998
2006-03-04 14:00:00,0.0,0.0,57.63,62.44,46.3,87.33799999999998,90.0,0.0,15.968000000000021
2006-03-04 15:00:00,0.0,0.0,57.63,61.73,46.78,79.70700000000001,90.0,0.0,8.566999999999979
2006-03-04 16:00:00,0.0,0.0,58.91,63.32,48.5,64.947,90.0,10.783000000000001,0.0
2006-03-04 17:00:00,0.0,0.0,59.56,66.28,49.73,58.463,110.0,2.1070000000000064,0.0
2006-03-04 18:00:00,0.0,0.0,58.58,67.17,49.74,58.973,106.3786150000001,5.1383849999999045,0.0
2006-03-04 19:00:00,0.0,0.0,55.73,65.25,48.56,60.878,103.662,0.0,0.0
2006-03-04 20:00:00,0.0,0.0,52.9,63.77,46.26,61.384,90.0,6.546,0.0
2006-03-04 21:00:00,0.0,0.0,50.12,64.54,42.83,59.62,90.0,2.8699999999999903,0.0
2006-03-04 22:00:00,0.0,0.0,46.53,63.99,38.92,58.121,90.0,0.0,3.6809999999999974
2006-03-04 23:00:00,0.0,0.0,43.86,61.27,35.42,56.93100000000001,90.0,0.0,11.380999999999986
2006-03-05 00:00:00,0.0,0.0,38.56,63.37,33.03,57.958999999999996,90.0,0.0,17.998999999999988
2006-03-05 01:00:00,0.0,0.0,38.12,61.47,31.96,57.384,90.0,0.0,20.834000000000003
2006-03-05 02:00:00,0.0,0.0,38.66,59.52,30.67,56.982,90.0,0.0,23.13199999999999
2006-03-05 03:00:00,0.0,0.0,40.13,59.58,29.91,58.237,90.0,0.0,23.61700000000002
2006-03-05 04:00:00,0.0,0.0,43.42,62.06,29.68,59.167,90.0,0.0,19.006999999999984
2006-03-05 05:00:00,0.0,0.0,48.27,66.03,32.03,60.36,90.0,0.0,9.029999999999973
2006-03-05 06:00:00,0.0,0.0,52.51,69.53,37.02,61.15500000000001,90.0,2.9050000000000153,0.0
2006-03-05 07:00:00,0.0,0.0,54.82,71.3,41.33,67.67,90.0,4.779999999999987,0.0
2006-03-05 08:00:00,0.0,0.0,56.26,72.05,43.62,77.625,90.0,0.0,0.6950000000000216
2006-03-05 09:00:00,0.0,0.0,57.61,72.21,44.91,91.129,90.0,0.0,11.39900000000003
2006-03-05 10:00:00,0.0,0.0,58.03,72.42,45.52,101.484,90.0,0.0,20.514000000000003
2006-03-05 11:00:00,0.0,0.0,57.24,71.87,45.81,103.297,90.0,0.0,23.37699999999999
2006-03-05 12:00:00,0.0,0.0,55.93,70.2,45.62,103.68799999999999,90.0,0.0,26.937999999999978
2006-03-05 13:00:00,0.0,0.0,54.73,68.19,45.08,101.71000000000001,90.0,0.0,28.710000000000026
2006-03-05 14:00:00,0.0,0.0,53.87,66.37,44.72,97.35300000000001,90.0,0.0,27.392999999999986
2006-03-05 15:00:00,0.0,0.0,53.86,65.66,45.21,86.08,90.0,0.0,16.34999999999998
2006-03-05 16:00:00,0.0,0.0,55.1,67.23,46.89,65.342,98.87800000000001,0.0,0.0
2006-03-05 17:00:00,0.0,0.0,55.75,70.15,48.09,51.695,117.29500000000002,0.0,0.0
2006-03-05 18:00:00,0.0,0.0,54.79,71.04,48.11,47.695,110.0,11.245000000000006,0.0
2006-03-05 19:00:00,0.0,0.0,51.96,69.16,46.94,47.013000000000005,116.047,0.0,0.0
2006-03-05 20:00:00,0.0,0.0,49.13,67.73,44.66,44.903000000000006,110.0,1.6169999999999973,0.0
2006-03-05 21:00:00,0.0,0.0,46.32,68.52,41.23,42.506,108.56400000000002,0.0,0.0
2006-03-05 22:00:00,0.0,0.0,42.73,67.92,37.32,39.216,103.75399999999999,0.0,0.0
2006-03-05 23:00:00,0.0,0.0,40.08,65.2,33.82,35.823,98.27699999999999,0.0,0.0
2006-03-06 00:00:00,0.0,0.0,49.94,68.91,34.73,34.636,113.94399999999999,0.0,0.0
2006-03-06 01:00:00,0.0,0.0,49.52,67.0,33.68,33.72,111.48000000000002,0.0,0.0
2006-03-06 02:00:00,0.0,0.0,50.07,65.08,32.41,34.046,108.51399999999998,0.0,0.0
2006-03-06 03:00:00,0.0,0.0,51.56,65.17,31.65,34.483999999999995,108.89600000000002,0.0,0.0
2006-03-06 04:00:00,0.0,0.0,54.89,67.66,31.44,35.823,110.0,3.1669999999999874,0.0
2006-03-06 05:00:00,0.0,0.0,59.73,71.63,33.84,35.807,124.393,0.0,0.0
2006-03-06 06:00:00,0.0,0.0,63.95,75.09,38.84,36.504,135.0,1.3760000000000048,0.0
2006-03-06 07:00:00,0.0,0.0,66.24,76.86,43.12,45.292,135.0,0.9279999999999973,0.0
2006-03-06 08:00:00,0.0,0.0,67.69,77.6,45.38,59.106,126.564,0.0,0.0
2006-03-06 09:00:00,0.0,0.0,69.04,77.75,46.64,75.4,113.03,0.0,0.0
2006-03-06 10:00:00,0.0,0.0,69.44,77.97,47.25,86.055,103.60500000000002,0.0,0.0
2006-03-06 11:00:00,0.0,0.0,68.64,77.4,47.53,89.459,99.11100000000003,0.0,0.0
2006-03-06 12:00:00,0.0,0.0,67.33,75.73,47.34,88.359,97.04100000000001,0.0,0.0
2006-03-06 13:00:00,0.0,0.0,66.13,73.72,46.79,83.12,98.52000000000001,0.0,0.0
2006-03-06 14:00:00,0.0,0.0,65.26,71.91,46.42,72.15,106.44,0.0,0.0
2006-03-06 15:00:00,0.0,0.0,65.24,71.2,46.92,57.549,120.811,0.0,0.0
2006-03-06 16:00:00,0.0,0.0,66.45,72.74,48.58,45.038000000000004,130.0,7.731999999999982,0.0
2006-03-06 17:00:00,0.0,0.0,67.09,75.62,49.74,32.68,135.0,19.770000000000017,0.0
2006-03-06 18:00:00,0.0,0.0,66.14,76.51,49.77,25.163,155.0,7.257000000000005,0.0
2006-03-06 19:00:00,0.0,0.0,63.34,74.67,48.62,26.76,154.87,0.0,0.0
2006-03-06 20:00:00,0.0,0.0,60.51,73.3,46.36,27.55,147.61999999999998,0.0,0.0
2006-03-06 21:00:00,0.0,0.0,57.68,74.1,42.93,26.923000000000002,135.0,7.786999999999996,0.0
2006-03-06 22:00:00,0.0,0.0,54.09,73.45,39.01,27.717,130.0,3.833000000000011,0.0
2006-03-06 23:00:00,0.0,0.0,51.45,70.73,35.51,28.641000000000002,124.04899999999999,0.0,0.0
2006-03-07 00:00:00,0.0,0.0,51.71,67.54,34.1,29.732,110.0,8.618000000000023,0.0
2006-03-07 01:00:00,0.0,0.0,51.3,65.61,33.06,31.433,90.0,23.536999999999978,0.0
2006-03-07 02:00:00,0.0,0.0,51.87,63.71,31.81,32.707,109.68299999999999,0.0,0.0
2006-03-07 03:00:00,0.0,0.0,53.37,63.83,31.05,33.578,109.672,0.0,0.0
2006-03-07 04:00:00,0.0,0.0,56.74,66.34,30.87,32.096000000000004,116.85400000000001,0.0,0.0
2006-03-07 05:00:00,0.0,0.0,61.58,70.3,33.31,32.335,115.0,12.854999999999992,0.0
2006-03-07 06:00:00,0.0,0.0,65.77,73.74,38.32,33.85,138.98,0.0,0.0
2006-03-07 07:00:00,0.0,0.0,68.05,75.5,42.57,42.736999999999995,110.0,28.38299999999999,0.0
2006-03-07 08:00:00,0.0,0.0,69.5,76.23,44.81,54.453,131.087,0.0,0.0
2006-03-07 09:00:00,0.0,0.0,70.85,76.38,46.05,63.413,124.86699999999999,0.0,0.0
2006-03-07 10:00:00,0.0,0.0,71.24,76.6,46.65,67.19,122.29999999999998,0.0,0.0
2006-03-07 11:00:00,0.0,0.0,70.43,76.02,46.93,68.421,119.95899999999999,0.0,0.0
2006-03-07 12:00:00,0.0,0.0,69.11,74.34,46.72,68.418,116.752,0.0,0.0
2006-03-07 13:00:00,0.0,0.0,67.92,72.34,46.17,66.06099999999999,115.36900000000001,0.0,0.0
2006-03-07 14:00:00,0.0,0.0,67.04,70.53,45.8,60.85,117.52000000000001,0.0,0.0
2006-03-07 15:00:00,0.0,0.0,67.01,69.81,46.3,52.985,125.135,0.0,0.0
2006-03-07 16:00:00,0.0,0.0,68.18,71.34,47.93,44.654,130.0,7.796000000000035,0.0
2006-03-07 17:00:00,0.0,0.0,68.82,74.18,49.06,36.22,128.95299999999992,21.88700000000009,0.0
2006-03-07 18:00:00,0.0,0.0,67.88,75.07,49.09,28.452,110.0,48.587999999999965,0.0
2006-03-07 19:00:00,0.0,0.0,65.1,73.27,47.97,30.207,135.0,16.13299999999998,0.0
2006-03-07 20:00:00,0.0,0.0,62.27,71.95,45.72,31.419000000000004,143.52100000000002,0.0,0.0
2006-03-07 21:00:00,0.0,0.0,59.41,72.76,42.29,31.535,137.925,0.0,0.0
2006-03-07 22:00:00,0.0,0.0,55.83,72.06,38.38,31.787999999999997,129.482,0.0,0.0
2006-03-07 23:00:00,0.0,0.0,53.2,69.34,34.88,30.214000000000002,110.0,12.205999999999992,0.0
2006-03-08 00:00:00,0.0,0.0,52.18,58.08,33.06,29.904000000000003,108.416,0.0,0.0
2006-03-08 01:00:00,0.0,0.0,51.79,56.15,32.04,29.248,105.73199999999999,0.0,0.0
2006-03-08 02:00:00,0.0,0.0,52.37,54.27,30.8,30.445999999999998,101.994,0.0,0.0
2006-03-08 03:00:00,0.0,0.0,53.89,54.42,30.05,31.428,101.93200000000002,0.0,0.0
2006-03-08 04:00:00,0.0,0.0,57.3,56.94,29.89,31.907,107.223,0.0,0.0
2006-03-08 05:00:00,0.0,0.0,62.13,60.9,32.37,30.64,110.0,9.759999999999991,0.0
2006-03-08 06:00:00,0.0,0.0,66.3,64.31,37.4,32.035000000000004,130.975,0.0,0.0
2006-03-08 07:00:00,0.0,0.0,68.57,66.06,41.61,40.263,110.0,20.976999999999975,0.0
2006-03-08 08:00:00,0.0,0.0,70.02,66.78,43.83,48.349,127.28099999999999,0.0,0.0
2006-03-08 09:00:00,0.0,0.0,71.37,66.93,45.04,61.24,117.1,0.0,0.0
2006-03-08 10:00:00,0.0,0.0,71.74,67.15,45.64,71.783,107.747,0.0,0.0
2006-03-08 11:00:00,0.0,0.0,70.92,66.55,45.92,76.35499999999999,102.03500000000003,0.0,0.0
2006-03-08 12:00:00,0.0,0.0,69.6,64.88,45.69,78.778,96.39199999999998,0.0,0.0
2006-03-08 13:00:00,0.0,0.0,68.41,62.88,45.13,77.502,93.918,0.0,0.0
2006-03-08 14:00:00,0.0,0.0,67.52,61.07,44.76,73.616,94.73400000000001,0.0,0.0
2006-03-08 15:00:00,0.0,0.0,67.48,60.35,45.27,65.175,102.92500000000001,0.0,0.0
2006-03-08 16:00:00,0.0,0.0,68.62,61.85,46.87,56.38699999999999,115.0,0.953000000000003,0.0
2006-03-08 17:00:00,0.0,0.0,69.25,64.66,47.97,47.452000000000005,129.428,0.0,0.0
2006-03-08 18:00:00,0.0,0.0,68.33,65.55,48.01,47.76200000000001,129.128,0.0,0.0
2006-03-08 19:00:00,0.0,0.0,65.57,63.78,46.9,50.028,121.222,0.0,0.0
2006-03-08 20:00:00,0.0,0.0,62.74,62.53,44.67,50.54,114.4,0.0,0.0
2006-03-08 21:00:00,0.0,0.0,59.85,63.34,41.24,49.614,109.81600000000002,0.0,0.0
2006-03-08 22:00:00,0.0,0.0,56.28,62.6,37.33,46.641999999999996,104.56800000000001,0.0,0.0
2006-03-08 23:00:00,0.0,0.0,53.66,59.88,33.83,44.526,97.84400000000001,0.0,0.0
2006-03-09 00:00:00,0.0,0.0,50.58,56.71,33.76,40.594,95.45599999999999,0.0,0.0
2006-03-09 01:00:00,0.0,0.0,50.2,54.77,32.76,36.912,95.81800000000003,0.0,0.0
2006-03-09 02:00:00,0.0,0.0,50.79,52.92,31.53,34.201,96.039,0.0,0.0
2006-03-09 03:00:00,0.0,0.0,52.34,53.09,30.79,32.625,90.0,8.594999999999999,0.0
2006-03-09 04:00:00,0.0,0.0,55.78,55.64,30.65,30.648,106.422,0.0,0.0
2006-03-09 05:00:00,0.0,0.0,60.61,59.58,33.18,29.806,118.56399999999998,0.0,0.0
2006-03-09 06:00:00,0.0,0.0,64.75,62.96,38.21,30.706000000000003,130.214,0.0,0.0
2006-03-09 07:00:00,0.0,0.0,67.01,64.71,42.4,37.79900000000001,131.321,0.0,0.0
2006-03-09 08:00:00,0.0,0.0,68.46,65.42,44.59,47.666000000000004,125.80399999999999,0.0,0.0
2006-03-09 09:00:00,0.0,0.0,69.81,65.56,45.78,58.545,117.605,0.0,0.0
2006-03-09 10:00:00,0.0,0.0,70.17,65.79,46.37,68.138,109.19200000000001,0.0,0.0
2006-03-09 11:00:00,0.0,0.0,69.34,65.17,46.64,74.66,101.49000000000001,0.0,0.0
2006-03-09 12:00:00,0.0,0.0,68.02,63.5,46.41,78.18900000000001,94.741,0.0,0.0
2006-03-09 13:00:00,0.0,0.0,66.82,61.5,45.85,79.078,90.09199999999998,0.0,0.0
2006-03-09 14:00:00,0.0,0.0,65.93,59.7,45.47,76.63900000000001,90.0,0.0,0.5389999999999979
2006-03-09 15:00:00,0.0,0.0,65.87,58.98,45.99,71.039,94.80100000000003,0.0,0.0
2006-03-09 16:00:00,0.0,0.0,66.97,60.45,47.56,62.874,107.106,0.0,0.0
2006-03-09 17:00:00,0.0,0.0,67.6,63.22,48.62,54.223,119.73055249999997,0.48644749999999815,0.0
2006-03-09 18:00:00,0.0,0.0,66.69,64.11,48.66,45.17000000000001,129.28999999999996,0.0,0.0
2006-03-09 19:00:00,0.0,0.0,63.96,62.39,47.58,46.99000000000001,121.94000000000001,0.0,0.0
2006-03-09 20:00:00,0.0,0.0,61.14,61.19,45.36,47.507000000000005,115.18299999999999,0.0,0.0
2006-03-09 21:00:00,0.0,0.0,58.22,62.02,41.94,49.400000000000006,107.78,0.0,0.0
2006-03-09 22:00:00,0.0,0.0,54.65,61.22,38.02,49.486000000000004,99.40400000000004,0.0,0.0
2006-03-09 23:00:00,0.0,0.0,52.05,58.5,34.52,49.992000000000004,90.07800000000003,0.0,0.0
2006-03-10 00:00:00,0.0,0.0,49.09,62.3,34.12,51.324999999999996,90.0,0.0,0.8149999999999977
2006-03-10 01:00:00,0.0,0.0,48.74,60.34,33.14,52.554,90.0,0.0,5.333999999999989
2006-03-10 02:00:00,0.0,0.0,49.34,58.51,31.92,53.898,90.0,0.0,9.127999999999982
2006-03-10 03:00:00,0.0,0.0,50.9,58.72,31.18,55.806,90.0,0.0,10.005999999999972
2006-03-10 04:00:00,0.0,0.0,54.39,61.28,31.07,57.3,90.0,0.0,5.560000000000002
2006-03-10 05:00:00,0.0,0.0,59.21,65.21,33.64,57.558,95.50200000000001,0.0,0.0
2006-03-10 06:00:00,0.0,0.0,63.32,68.57,38.69,60.00599999999999,105.57399999999998,0.0,0.0
2006-03-10 07:00:00,0.0,0.0,65.57,70.31,42.84,67.798,105.92200000000003,0.0,0.0
2006-03-10 08:00:00,0.0,0.0,67.02,71.0,45.01,78.64200000000001,92.5214850000001,6.866514999999892,0.0
2006-03-10 09:00:00,0.0,0.0,68.38,71.15,46.18,92.05400000000002,90.0,0.0,1.343999999999994
2006-03-10 10:00:00,0.0,0.0,68.72,71.38,46.77,102.03399999999999,90.0,0.0,10.163999999999975
2006-03-10 11:00:00,0.0,0.0,67.88,70.74,47.03,107.188,90.0,0.0,16.53800000000001
2006-03-10 12:00:00,0.0,0.0,66.55,69.07,46.78,106.01,90.0,0.0,18.609999999999985
2006-03-10 13:00:00,0.0,0.0,65.36,67.08,46.21,99.45700000000001,90.0,0.0,15.807000000000016
2006-03-10 14:00:00,0.0,0.0,64.45,65.28,45.84,88.50999999999999,90.0,0.0,7.939999999999998
2006-03-10 15:00:00,0.0,0.0,64.39,64.55,46.36,75.653,94.647,0.0,0.0
2006-03-10 16:00:00,0.0,0.0,65.45,66.01,47.9,64.941,90.0,19.41900000000002,0.0
2006-03-10 17:00:00,0.0,0.0,66.08,68.74,48.94,56.754000000000005,90.0,32.006,0.0
2006-03-10 18:00:00,0.0,0.0,65.18,69.62,48.98,50.008,128.772,0.0,0.0
2006-03-10 19:00:00,0.0,0.0,62.47,67.94,47.92,52.626999999999995,90.0,30.70300000000001,0.0
2006-03-10 20:00:00,0.0,0.0,59.65,66.79,45.71,54.769999999999996,110.0,2.3800000000000097,0.0
2006-03-10 21:00:00,0.0,0.0,56.71,67.63,42.29,54.994,106.63600000000002,0.0,0.0
2006-03-10 22:00:00,0.0,0.0,53.14,66.79,38.37,54.831999999999994,98.46800000000002,0.0,0.0
2006-03-10 23:00:00,0.0,0.0,50.55,64.07,34.88,54.576,90.0,0.0,0.0
2006-03-11 00:00:00,0.0,0.0,41.89,59.76,33.2,54.65299999999999,90.0,0.0,9.802999999999983
2006-03-11 01:00:00,0.0,0.0,41.55,57.79,32.24,54.534,90.0,0.0,12.953999999999997
2006-03-11 02:00:00,0.0,0.0,42.17,55.98,31.03,53.751999999999995,90.0,0.0,14.572000000000003
2006-03-11 03:00:00,0.0,0.0,43.75,56.22,30.3,53.141999999999996,90.0,0.0,12.872000000000014
2006-03-11 04:00:00,0.0,0.0,47.27,58.8,30.2,52.31,90.0,0.0,6.039999999999992
2006-03-11 05:00:00,0.0,0.0,52.09,62.72,32.82,51.973,90.0,3.9903333333333535,0.0
2006-03-11 06:00:00,0.0,0.0,56.17,66.05,37.89,53.304,90.0,15.13933333333334,0.0
2006-03-11 07:00:00,0.0,0.0,58.41,67.78,42.01,61.872,90.0,13.600410833333449,0.0
2006-03-11 08:00:00,0.0,0.0,59.86,68.47,44.15,75.833,90.0,4.980333333333334,0.0
2006-03-11 09:00:00,0.0,0.0,61.22,68.61,45.3,89.736,90.0,0.0,4.606000000000009
2006-03-11 10:00:00,0.0,0.0,61.54,68.85,45.88,100.44000000000001,90.0,0.0,14.170000000000016
2006-03-11 11:00:00,0.0,0.0,60.7,68.19,46.14,105.872,90.0,0.0,20.842
2006-03-11 12:00:00,0.0,0.0,59.37,66.53,45.88,108.394,90.0,0.0,26.61400000000001
2006-03-11 13:00:00,0.0,0.0,58.17,64.53,45.3,107.96600000000001,90.0,0.0,29.96599999999998
2006-03-11 14:00:00,0.0,0.0,57.26,62.74,44.92,104.355,90.0,0.0,29.435000000000002
2006-03-11 15:00:00,0.0,0.0,57.18,62.01,45.45,97.704,90.0,0.0,23.063999999999993
2006-03-11 16:00:00,0.0,0.0,58.21,63.44,46.97,89.50899999999999,90.0,0.0,10.88900000000001
2006-03-11 17:00:00,0.0,0.0,58.84,66.13,47.97,80.536,90.0,0.0,0.0
2006-03-11 18:00:00,0.0,0.0,57.95,67.01,48.01,70.233,90.0,11.070333333333323,0.0
2006-03-11 19:00:00,0.0,0.0,55.26,65.38,46.97,70.447,90.0,5.496333333333318,0.0
2006-03-11 20:00:00,0.0,0.0,52.44,64.28,44.78,70.001,90.0,0.0,0.0
2006-03-11 21:00:00,0.0,0.0,49.47,65.13,41.37,68.944,90.0,0.0,2.974000000000018
2006-03-11 22:00:00,0.0,0.0,45.91,64.24,37.45,69.641,90.0,0.0,12.040999999999997
2006-03-11 23:00:00,0.0,0.0,43.34,61.52,33.95,68.759,90.0,0.0,19.948999999999995
2006-03-12 00:00:00,0.0,0.0,39.3,64.82,33.17,66.925,90.0,0.0,19.63500000000001
2006-03-12 01:00:00,0.0,0.0,38.98,62.84,32.23,66.257,90.0,0.0,22.207000000000008
2006-03-12 02:00:00,0.0,0.0,39.61,61.05,31.04,64.846,90.0,0.0,23.14600000000002
2006-03-12 03:00:00,0.0,0.0,41.2,61.32,30.31,64.62700000000001,90.0,0.0,21.797000000000004
2006-03-12 04:00:00,0.0,0.0,44.77,63.92,30.24,62.511,90.0,0.0,13.581000000000017
2006-03-12 05:00:00,0.0,0.0,49.58,67.83,32.9,60.799,90.0,0.0,0.4890000000000043
2006-03-12 06:00:00,0.0,0.0,53.64,71.13,37.98,61.428,90.0,9.655333333333317,0.0
2006-03-12 07:00:00,0.0,0.0,55.86,72.86,42.07,68.98100000000001,90.0,10.142333333333312,0.0
2006-03-12 08:00:00,0.0,0.0,57.31,73.53,44.18,81.36399999999999,90.0,1.9893333333333487,0.0
2006-03-12 09:00:00,0.0,0.0,58.68,73.67,45.31,91.69299999999998,90.0,0.0,4.033000000000001
2006-03-12 10:00:00,0.0,0.0,58.98,73.91,45.88,95.881,90.0,0.0,7.111000000000011
2006-03-12 11:00:00,0.0,0.0,58.13,73.24,46.14,96.92699999999999,90.0,0.0,9.417000000000002
2006-03-12 12:00:00,0.0,0.0,56.79,71.58,45.87,95.549,90.0,0.0,11.308999999999997
2006-03-12 13:00:00,0.0,0.0,55.6,69.58,45.28,90.99900000000001,90.0,0.0,10.539000000000023
2006-03-12 14:00:00,0.0,0.0,54.68,67.8,44.9,83.396,90.0,0.0,6.016000000000011
2006-03-12 15:00:00,0.0,0.0,54.59,67.06,45.44,72.414,90.0,0.0,0.0
2006-03-12 16:00:00,0.0,0.0,55.59,68.47,46.93,59.00600000000001,106.984,0.0,0.0
2006-03-12 17:00:00,0.0,0.0,56.21,71.12,47.89,46.010000000000005,124.21000000000001,0.0,0.0
2006-03-12 18:00:00,0.0,0.0,55.34,72.01,47.94,41.256,129.034,0.0,0.0
2006-03-12 19:00:00,0.0,0.0,52.66,70.41,46.92,42.685,122.30499999999998,0.0,0.0
2006-03-12 20:00:00,0.0,0.0,49.85,69.37,44.74,43.056999999999995,115.90300000000002,0.0,0.0
2006-03-12 21:00:00,0.0,0.0,46.85,70.23,41.33,43.55299999999999,109.85700000000003,0.0,0.0
2006-03-12 22:00:00,0.0,0.0,43.29,69.29,37.41,43.800000000000004,101.19000000000001,0.0,0.0
2006-03-12 23:00:00,0.0,0.0,40.74,66.57,33.92,43.538000000000004,92.69200000000001,0.0,0.0
2006-03-13 00:00:00,0.0,0.0,50.97,72.17,34.52,42.849,109.811,0.0,0.0
2006-03-13 01:00:00,0.0,0.0,50.66,70.17,33.6,42.886,106.54400000000001,0.0,0.0
2006-03-13 02:00:00,0.0,0.0,51.31,68.41,32.42,42.729,104.411,0.0,0.0
2006-03-13 03:00:00,0.0,0.0,52.92,68.71,31.7,42.709,105.62099999999998,0.0,0.0
2006-03-13 04:00:00,0.0,0.0,56.52,71.32,31.65,42.429,112.061,0.0,0.0
2006-03-13 05:00:00,0.0,0.0,61.33,75.24,34.35,42.36800000000001,123.55199999999998,0.0,0.0
2006-03-13 06:00:00,0.0,0.0,65.36,78.51,39.44,43.897000000000006,134.41299999999998,0.0,0.0
2006-03-13 07:00:00,0.0,0.0,67.57,80.23,43.5,52.623999999999995,133.676,0.0,0.0
2006-03-13 08:00:00,0.0,0.0,69.03,80.89,45.59,64.06,110.0,16.450000000000003,0.0
2006-03-13 09:00:00,0.0,0.0,70.39,81.02,46.7,74.81200000000001,118.29799999999999,0.0,0.0
2006-03-13 10:00:00,0.0,0.0,70.68,81.27,47.26,81.49300000000001,112.71699999999998,0.0,0.0
2006-03-13 11:00:00,0.0,0.0,69.82,80.58,47.52,84.367,108.55299999999997,0.0,0.0
2006-03-13 12:00:00,0.0,0.0,68.48,78.92,47.23,84.259,105.37100000000001,0.0,0.0
2006-03-13 13:00:00,0.0,0.0,67.29,76.93,46.64,80.853,105.00699999999999,0.0,0.0
2006-03-13 14:00:00,0.0,0.0,66.36,75.15,46.26,74.863,107.90700000000001,0.0,0.0
2006-03-13 15:00:00,0.0,0.0,66.26,74.4,46.8,66.562,115.898,0.0,0.0
2006-03-13 16:00:00,0.0,0.0,67.22,75.79,48.26,54.67999999999999,115.0,16.589999999999982,0.0
2006-03-13 17:00:00,0.0,0.0,67.84,78.4,49.19,42.859,147.57100000000003,0.0,0.0
2006-03-13 18:00:00,0.0,0.0,66.98,79.29,49.25,42.507,110.0,38.013000000000005,0.0
2006-03-13 19:00:00,0.0,0.0,64.33,77.73,48.25,44.87,140.44,0.0,0.0
2006-03-13 20:00:00,0.0,0.0,61.52,76.75,46.09,45.908,133.452,0.0,0.0
2006-03-13 21:00:00,0.0,0.0,58.49,77.62,42.68,46.1,127.69000000000003,0.0,0.0
2006-03-13 22:00:00,0.0,0.0,54.94,76.63,38.75,45.562,119.75799999999998,0.0,0.0
2006-03-13 23:00:00,0.0,0.0,52.39,73.91,35.26,44.904,111.65599999999999,0.0,0.0
2006-03-14 00:00:00,0.0,0.0,52.48,68.46,33.87,44.392,105.41799999999996,0.0,0.0
2006-03-14 01:00:00,0.0,0.0,52.19,66.45,32.96,43.6,102.99999999999999,0.0,0.0
2006-03-14 02:00:00,0.0,0.0,52.84,64.72,31.8,42.269,102.09100000000001,0.0,0.0
2006-03-14 03:00:00,0.0,0.0,54.48,65.04,31.08,40.42199999999999,105.178,0.0,0.0
2006-03-14 04:00:00,0.0,0.0,58.12,67.67,31.05,39.586,112.25399999999999,0.0,0.0
2006-03-14 05:00:00,0.0,0.0,62.92,71.58,33.8,38.080999999999996,125.21900000000001,0.0,0.0
2006-03-14 06:00:00,0.0,0.0,66.92,74.82,38.91,36.873,138.777,0.0,0.0
2006-03-14 07:00:00,0.0,0.0,69.12,76.53,42.93,42.523,141.057,0.0,0.0
2006-03-14 08:00:00,0.0,0.0,70.58,77.18,45.0,52.10099999999999,135.659,0.0,0.0
2006-03-14 09:00:00,0.0,0.0,71.95,77.32,46.08,60.21,130.14,0.0,0.0
2006-03-14 10:00:00,0.0,0.0,72.22,77.57,46.64,63.92500000000001,127.50499999999998,0.0,0.0
2006-03-14 11:00:00,0.0,0.0,71.35,76.86,46.89,63.717,126.38299999999998,0.0,0.0
2006-03-14 12:00:00,0.0,0.0,70.01,75.2,46.59,59.85999999999999,126.94000000000001,0.0,0.0
2006-03-14 13:00:00,0.0,0.0,68.81,73.21,46.0,53.93599999999999,129.084,0.0,0.0
2006-03-14 14:00:00,0.0,0.0,67.88,71.43,45.61,46.318999999999996,133.601,0.0,0.0
2006-03-14 15:00:00,0.0,0.0,67.76,70.69,46.16,37.332,142.278,0.0,0.0
2006-03-14 16:00:00,0.0,0.0,68.69,72.05,47.6,24.775,155.0,3.5649999999999977,0.0
2006-03-14 17:00:00,0.0,0.0,69.3,74.63,48.49,15.296,155.0,17.123999999999988,0.0
2006-03-14 18:00:00,0.0,0.0,68.46,75.51,48.55,15.454999999999998,155.0,17.064999999999984,0.0
2006-03-14 19:00:00,0.0,0.0,65.83,73.99,47.57,18.327,155.0,9.063000000000002,0.0
2006-03-14 20:00:00,0.0,0.0,63.03,73.06,45.43,19.618,130.0,26.902,0.0
2006-03-14 21:00:00,0.0,0.0,59.97,73.95,42.02,19.976,135.0,15.963999999999999,0.0
2006-03-14 22:00:00,0.0,0.0,56.42,72.91,38.09,20.224000000000004,142.196,0.0,0.0
2006-03-14 23:00:00,0.0,0.0,53.89,70.18,34.6,21.087000000000003,132.58300000000003,0.0,0.0
2006-03-15 00:00:00,0.0,0.0,52.17,65.34,35.28,22.139999999999997,125.65,0.0,0.0
2006-03-15 01:00:00,0.0,0.0,51.89,63.32,34.4,23.272000000000002,121.33800000000001,0.0,0.0
2006-03-15 02:00:00,0.0,0.0,52.56,61.61,33.25,23.671,118.749,0.0,0.0
2006-03-15 03:00:00,0.0,0.0,54.21,61.97,32.53,24.080000000000002,119.63000000000001,0.0,0.0
2006-03-15 04:00:00,0.0,0.0,57.89,64.62,32.52,24.542,110.0,15.488,0.0
2006-03-15 05:00:00,0.0,0.0,62.69,68.51,35.32,25.387,135.0,1.1329999999999814,0.0
2006-03-15 06:00:00,0.0,0.0,66.67,71.73,40.44,28.805999999999997,145.034,0.0,0.0
2006-03-15 07:00:00,0.0,0.0,68.85,73.43,44.43,39.199,142.511,0.0,0.0
2006-03-15 08:00:00,0.0,0.0,70.31,74.07,46.47,56.373,129.477,0.0,0.0
2006-03-15 09:00:00,0.0,0.0,71.68,74.2,47.53,72.184,116.226,0.0,0.0
2006-03-15 10:00:00,0.0,0.0,71.94,74.46,48.08,81.218,108.26200000000003,0.0,0.0
2006-03-15 11:00:00,0.0,0.0,71.06,73.73,48.33,84.506,103.61400000000002,0.0,0.0
2006-03-15 12:00:00,0.0,0.0,69.71,72.07,48.02,84.38899999999998,100.41100000000002,0.0,0.0
2006-03-15 13:00:00,0.0,0.0,68.52,70.08,47.42,81.881,99.13900000000002,0.0,0.0
2006-03-15 14:00:00,0.0,0.0,67.58,68.32,47.03,77.589,100.34100000000001,0.0,0.0
2006-03-15 15:00:00,0.0,0.0,67.45,67.56,47.59,70.386,107.21400000000003,0.0,0.0
2006-03-15 16:00:00,0.0,0.0,68.34,68.91,48.99,56.289,124.95100000000001,0.0,0.0
2006-03-15 17:00:00,0.0,0.0,68.95,71.44,49.86,41.48000000000001,143.76999999999998,0.0,0.0
2006-03-15 18:00:00,0.0,0.0,68.12,72.33,49.92,37.482,110.0,37.88799999999999,0.0
2006-03-15 19:00:00,0.0,0.0,65.52,70.85,48.96,38.795,141.535,0.0,0.0
2006-03-15 20:00:00,0.0,0.0,62.71,69.97,46.83,38.478,135.0,1.0319999999999823,0.0
2006-03-15 21:00:00,0.0,0.0,59.63,70.87,43.43,36.801,130.0,2.1290000000000333,0.0
2006-03-15 22:00:00,0.0,0.0,56.08,69.78,39.5,33.312000000000005,115.0,12.04799999999999,0.0
2006-03-15 23:00:00,0.0,0.0,53.57,67.06,36.01,30.269,121.37100000000001,0.0,0.0
2006-03-16 00:00:00,0.0,0.0,51.16,67.41,36.47,27.512999999999998,122.52699999999999,0.0,0.0
2006-03-16 01:00:00,0.0,0.0,50.89,65.38,35.61,25.07,121.80999999999999,0.0,0.0
2006-03-16 02:00:00,0.0,0.0,51.58,63.69,34.47,23.948,120.79199999999999,0.0,0.0
2006-03-16 03:00:00,0.0,0.0,53.25,64.08,33.76,24.348,121.74199999999999,0.0,0.0
2006-03-16 04:00:00,0.0,0.0,56.97,66.74,33.77,25.730999999999998,126.749,0.0,0.0
2006-03-16 05:00:00,0.0,0.0,61.76,70.63,36.62,27.471999999999998,135.0,1.5379999999999825,0.0
2006-03-16 06:00:00,0.0,0.0,65.71,73.82,41.75,32.145,135.0,9.134999999999977,0.0
2006-03-16 07:00:00,0.0,0.0,67.88,75.52,45.71,45.581,138.52899999999997,0.0,0.0
2006-03-16 08:00:00,0.0,0.0,69.34,76.15,47.72,64.90299999999999,123.30700000000002,0.0,0.0
2006-03-16 09:00:00,0.0,0.0,70.71,76.28,48.76,79.49699999999999,111.25299999999997,0.0,0.0
2006-03-16 10:00:00,0.0,0.0,70.95,76.54,49.31,86.288,105.22199999999991,0.2900000000000933,0.0
2006-03-16 11:00:00,0.0,0.0,70.06,75.79,49.55,88.42599999999999,101.97400000000003,0.0,0.0
2006-03-16 12:00:00,0.0,0.0,68.72,74.13,49.23,87.97399999999999,99.106,0.0,0.0
2006-03-16 13:00:00,0.0,0.0,67.52,72.15,48.62,85.00999999999999,98.28000000000003,0.0,0.0
2006-03-16 14:00:00,0.0,0.0,66.58,70.38,48.23,79.604,100.58600000000001,0.0,0.0
2006-03-16 15:00:00,0.0,0.0,66.43,69.63,48.79,71.45299999999999,108.397,0.0,0.0
2006-03-16 16:00:00,0.0,0.0,67.29,70.95,50.17,59.086999999999996,124.32300000000001,0.0,0.0
2006-03-16 17:00:00,0.0,0.0,67.9,73.45,51.0,49.263999999999996,138.086,0.0,0.0
2006-03-16 18:00:00,0.0,0.0,67.08,74.33,51.07,47.45000000000001,110.0,30.03,0.0
2006-03-16 19:00:00,0.0,0.0,64.5,72.89,50.13,49.352,133.168,0.0,0.0
2006-03-16 20:00:00,0.0,0.0,61.7,72.07,48.01,48.621,128.159,0.0,0.0
2006-03-16 21:00:00,0.0,0.0,58.59,72.98,44.61,46.54,124.64000000000001,0.0,0.0
2006-03-16 22:00:00,0.0,0.0,55.05,71.85,40.68,44.588,117.99200000000002,0.0,0.0
2006-03-16 23:00:00,0.0,0.0,52.54,69.12,37.19,42.379,111.47100000000003,0.0,0.0
2006-03-17 00:00:00,0.0,0.0,49.72,65.21,35.32,39.349000000000004,105.90099999999998,0.0,0.0
2006-03-17 01:00:00,0.0,0.0,49.47,63.17,34.47,37.017999999999994,105.09200000000001,0.0,0.0
2006-03-17 02:00:00,0.0,0.0,50.17,61.5,33.35,34.574,105.44600000000003,0.0,0.0
2006-03-17 03:00:00,0.0,0.0,51.86,61.92,32.64,34.117,107.30300000000003,0.0,0.0
2006-03-17 04:00:00,0.0,0.0,55.61,64.6,32.68,36.028999999999996,111.86100000000002,0.0,0.0
2006-03-17 05:00:00,0.0,0.0,60.41,68.48,35.57,37.189,122.27099999999999,0.0,0.0
2006-03-17 06:00:00,0.0,0.0,64.32,71.64,40.71,42.156,129.514,0.0,0.0
2006-03-17 07:00:00,0.0,0.0,66.49,73.33,44.64,55.907,110.0,13.553000000000004,0.0
2006-03-17 08:00:00,0.0,0.0,67.95,73.95,46.63,76.81,106.71999999999997,0.0,0.0
2006-03-17 09:00:00,0.0,0.0,69.32,74.08,47.65,91.90499999999999,94.145,0.0,0.0
2006-03-17 10:00:00,0.0,0.0,69.54,74.34,48.19,99.68000000000002,90.0,0.0,2.609999999999985
2006-03-17 11:00:00,0.0,0.0,68.65,73.58,48.43,103.171,90.0,0.0,7.51100000000001
2006-03-17 12:00:00,0.0,0.0,67.29,71.92,48.09,101.54499999999999,90.0,0.0,9.244999999999976
2006-03-17 13:00:00,0.0,0.0,66.1,69.94,47.48,96.91299999999998,90.0,0.0,8.393000000000002
2006-03-17 14:00:00,0.0,0.0,65.15,68.18,47.08,90.49800000000002,90.0,0.0,5.088
2006-03-17 15:00:00,0.0,0.0,64.99,67.42,47.66,82.115,92.95499999999998,0.0,0.0
2006-03-17 16:00:00,0.0,0.0,65.82,68.71,49.0,68.922,109.60799999999998,0.0,0.0
2006-03-17 17:00:00,0.0,0.0,66.41,71.17,49.8,54.155,128.22500000000002,0.0,0.0
2006-03-17 18:00:00,0.0,0.0,65.61,72.06,49.87,46.038000000000004,136.502,0.0,0.0
2006-03-17 19:00:00,0.0,0.0,63.05,70.66,48.96,46.135000000000005,131.535,0.0,0.0
2006-03-17 20:00:00,0.0,0.0,60.26,69.89,46.85,46.50000000000001,125.49999999999999,0.0,0.0
2006-03-17 21:00:00,0.0,0.0,57.12,70.81,43.46,46.55500000000001,90.19058250000003,29.644417499999975,0.0
2006-03-17 22:00:00,0.0,0.0,53.58,69.63,39.52,45.55499999999999,112.17500000000004,0.0,0.0
2006-03-17 23:00:00,0.0,0.0,51.09,66.9,36.03,44.897999999999996,104.12200000000001,0.0,0.0
2006-03-18 00:00:00,0.0,0.0,41.42,58.14,32.73,43.218,90.0,0.0,5.927999999999997
2006-03-18 01:00:00,0.0,0.0,41.18,56.09,31.9,41.569,90.0,0.0,7.398999999999987
2006-03-18 02:00:00,0.0,0.0,41.9,54.44,30.79,38.833,90.0,0.0,6.703000000000013
2006-03-18 03:00:00,0.0,0.0,43.6,54.89,30.09,36.193999999999996,90.0,0.0,2.6139999999999786
2006-03-18 04:00:00,0.0,0.0,47.4,57.59,30.15,34.913,95.227,0.0,0.0
2006-03-18 05:00:00,0.0,0.0,52.19,61.46,33.08,34.482,107.24799999999999,0.0,0.0
2006-03-18 06:00:00,0.0,0.0,56.08,64.59,38.24,36.592,115.0,2.318000000000013,0.0
2006-03-18 07:00:00,0.0,0.0,58.23,66.28,42.13,46.961000000000006,114.67900000000002,0.0,0.0
2006-03-18 08:00:00,0.0,0.0,59.69,66.88,44.1,62.477,103.193,0.0,0.0
2006-03-18 09:00:00,0.0,0.0,61.07,67.01,45.09,76.46300000000001,91.70700000000001,0.0,0.0
2006-03-18 10:00:00,0.0,0.0,61.27,67.27,45.63,85.42899999999999,90.0,0.0,6.259000000000017
2006-03-18 11:00:00,0.0,0.0,60.37,66.5,45.86,89.995,90.0,0.0,12.264999999999995
2006-03-18 12:00:00,0.0,0.0,59.01,64.84,45.52,89.919,90.0,0.0,15.548999999999978
2006-03-18 13:00:00,0.0,0.0,57.82,62.86,44.9,85.711,90.0,0.0,15.131
2006-03-18 14:00:00,0.0,0.0,56.86,61.1,44.5,77.56700000000001,90.0,0.0,10.107
2006-03-18 15:00:00,0.0,0.0,56.69,60.34,45.08,67.501,90.0,0.0,0.3910000000000009
2006-03-18 16:00:00,0.0,0.0,57.48,61.61,46.4,54.208999999999996,106.28100000000002,0.0,0.0
2006-03-18 17:00:00,0.0,0.0,58.07,64.04,47.16,38.313,125.957,0.0,0.0
2006-03-18 18:00:00,0.0,0.0,57.28,64.92,47.24,27.105000000000004,130.0,7.334999999999999,0.0
2006-03-18 19:00:00,0.0,0.0,54.75,63.56,46.34,28.016,131.63400000000001,0.0,0.0
2006-03-18 20:00:00,0.0,0.0,51.95,62.85,44.25,29.415,124.635,0.0,0.0
2006-03-18 21:00:00,0.0,0.0,48.79,63.78,40.86,29.217,119.21300000000001,0.0,0.0
2006-03-18 22:00:00,0.0,0.0,45.25,62.55,36.93,28.371000000000002,110.0,1.359000000000007,0.0
2006-03-18 23:00:00,0.0,0.0,42.78,59.82,33.44,27.168,103.87200000000001,0.0,0.0
2006-03-19 00:00:00,0.0,0.0,37.16,52.4,31.0,26.341,90.0,0.0,0.7809999999999917
2006-03-19 01:00:00,0.0,0.0,36.94,50.34,30.19,26.291999999999998,90.0,0.0,3.8220000000000027
2006-03-19 02:00:00,0.0,0.0,37.67,48.71,29.09,26.430999999999997,90.0,0.0,5.960999999999984
2006-03-19 03:00:00,0.0,0.0,39.39,49.19,28.39,26.746,90.0,0.0,4.775999999999982
2006-03-19 04:00:00,0.0,0.0,43.22,51.91,28.47,26.781,91.81899999999999,0.0,0.0
2006-03-19 05:00:00,0.0,0.0,48.01,55.77,31.45,27.712,102.51800000000001,0.0,0.0
2006-03-19 06:00:00,0.0,0.0,51.87,58.87,36.62,31.023,111.33699999999999,0.0,0.0
2006-03-19 07:00:00,0.0,0.0,54.01,60.56,40.49,41.32299999999999,108.73700000000002,0.0,0.0
2006-03-19 08:00:00,0.0,0.0,55.48,61.15,42.43,58.565999999999995,95.494,0.0,0.0
2006-03-19 09:00:00,0.0,0.0,56.85,61.27,43.4,76.052,90.0,0.0,9.531999999999982
2006-03-19 10:00:00,0.0,0.0,57.04,61.54,43.93,86.61000000000001,90.0,0.0,19.099999999999984
2006-03-19 11:00:00,0.0,0.0,56.13,60.75,44.16,91.217,90.0,0.0,25.176999999999992
2006-03-19 12:00:00,0.0,0.0,54.77,59.09,43.8,91.83800000000001,90.0,0.0,29.178000000000015
2006-03-19 13:00:00,0.0,0.0,53.58,57.11,43.18,88.33800000000001,90.0,0.0,29.468000000000004
2006-03-19 14:00:00,0.0,0.0,52.61,55.36,42.77,81.69500000000001,90.0,0.0,25.954999999999984
2006-03-19 15:00:00,0.0,0.0,52.42,54.59,43.36,71.05,90.0,0.0,15.680000000000001
2006-03-19 16:00:00,0.0,0.0,53.18,55.85,44.65,52.553999999999995,96.126,0.0,0.0
2006-03-19 17:00:00,0.0,0.0,53.77,58.23,45.38,37.244,115.13600000000001,0.0,0.0
2006-03-19 18:00:00,0.0,0.0,52.99,59.11,45.46,22.684,129.876,0.0,0.0
2006-03-19 19:00:00,0.0,0.0,50.48,57.8,44.59,20.538,110.0,17.33199999999999,0.0
2006-03-19 20:00:00,0.0,0.0,47.69,57.14,42.51,19.212,123.128,0.0,0.0
2006-03-19 21:00:00,0.0,0.0,44.49,58.08,39.12,18.811,117.87899999999998,0.0,0.0
2006-03-19 22:00:00,0.0,0.0,40.97,56.8,35.19,18.162,109.79799999999999,0.0,0.0
2006-03-19 23:00:00,0.0,0.0,38.5,54.07,31.7,17.378999999999998,101.89100000000002,0.0,0.0
2006-03-20 00:00:00,0.0,0.0,48.18,56.12,33.54,17.106,115.734,0.0,0.0
2006-03-20 01:00:00,0.0,0.0,47.97,54.04,32.75,16.678,113.08200000000001,0.0,0.0
2006-03-20 02:00:00,0.0,0.0,48.71,52.44,31.67,16.922,110.898,0.0,0.0
2006-03-20 03:00:00,0.0,0.0,50.45,52.95,30.97,17.026,112.344,0.0,0.0
2006-03-20 04:00:00,0.0,0.0,54.33,55.68,31.08,18.463,117.62700000000001,0.0,0.0
2006-03-20 05:00:00,0.0,0.0,59.11,59.54,34.1,20.08,127.67,0.0,0.0
2006-03-20 06:00:00,0.0,0.0,62.94,62.61,39.28,24.197000000000003,135.63299999999998,0.0,0.0
2006-03-20 07:00:00,0.0,0.0,65.07,64.29,43.11,35.459999999999994,132.01,0.0,0.0
2006-03-20 08:00:00,0.0,0.0,66.54,64.87,45.03,55.151999999999994,115.36976750000005,0.9182324999999723,0.0
2006-03-20 09:00:00,0.0,0.0,67.91,64.99,45.98,79.003,94.87699999999998,0.0,0.0
2006-03-20 10:00:00,0.0,0.0,68.09,65.26,46.5,91.22,90.0,0.0,6.3700000000000045
2006-03-20 11:00:00,0.0,0.0,67.16,64.45,46.73,97.565,90.0,0.0,14.225000000000009
2006-03-20 12:00:00,0.0,0.0,65.8,62.8,46.36,100.374,90.0,0.0,20.414000000000023
2006-03-20 13:00:00,0.0,0.0,64.61,60.82,45.73,98.87200000000001,90.0,0.0,22.712000000000018
2006-03-20 14:00:00,0.0,0.0,63.64,59.08,45.32,93.77499999999999,90.0,0.0,20.735000000000014
2006-03-20 15:00:00,0.0,0.0,63.44,58.3,45.92,84.641,90.0,0.0,11.981000000000009
2006-03-20 16:00:00,0.0,0.0,64.16,59.53,47.18,67.326,98.54400000000001,0.0,0.0
2006-03-20 17:00:00,0.0,0.0,64.75,61.88,47.87,49.684999999999995,110.0,9.815000000000007,0.0
2006-03-20 18:00:00,0.0,0.0,63.98,62.76,47.96,36.373,115.0,18.326999999999998,0.0
2006-03-20 19:00:00,0.0,0.0,61.49,61.48,47.11,35.679,129.401,0.0,0.0
2006-03-20 20:00:00,0.0,0.0,58.71,60.88,45.05,35.393,124.24699999999999,0.0,0.0
2006-03-20 21:00:00,0.0,0.0,55.48,61.84,41.66,34.187999999999995,119.79200000000002,0.0,0.0
2006-03-20 22:00:00,0.0,0.0,51.96,60.51,37.72,30.298,114.89200000000001,0.0,0.0
2006-03-20 23:00:00,0.0,0.0,49.51,57.77,34.24,26.802,109.71800000000002,0.0,0.0
2006-03-21 00:00:00,0.0,0.0,50.25,57.17,35.16,24.453,113.12700000000001,0.0,0.0
2006-03-21 01:00:00,0.0,0.0,50.06,55.08,34.39,23.061,111.46900000000001,0.0,0.0
2006-03-21 02:00:00,0.0,0.0,50.81,53.5,33.32,22.065,110.56500000000003,0.0,0.0
2006-03-21 03:00:00,0.0,0.0,52.57,54.04,32.63,21.64,110.0,2.6000000000000227,0.0
2006-03-21 04:00:00,0.0,0.0,56.48,56.79,32.75,21.589,119.431,0.0,0.0
2006-03-21 05:00:00,0.0,0.0,61.26,60.64,35.82,21.979,110.0,20.741,0.0
2006-03-21 06:00:00,0.0,0.0,65.07,63.69,41.02,24.973999999999997,139.80599999999998,0.0,0.0
2006-03-21 07:00:00,0.0,0.0,67.18,65.36,44.82,34.32599999999999,135.0,3.034000000000015,0.0
2006-03-21 08:00:00,0.0,0.0,68.65,65.93,46.71,50.03399999999999,126.25600000000004,0.0,0.0
2006-03-21 09:00:00,0.0,0.0,70.03,66.04,47.64,67.329,111.381,0.0,0.0
2006-03-21 10:00:00,0.0,0.0,70.19,66.32,48.15,71.461,108.19900000000001,0.0,0.0
2006-03-21 11:00:00,0.0,0.0,69.26,65.49,48.38,71.414,106.71599999999998,0.0,0.0
2006-03-21 12:00:00,0.0,0.0,67.89,63.84,47.99,69.493,105.22700000000006,0.0,0.0
2006-03-21 13:00:00,0.0,0.0,66.7,61.87,47.36,65.67,105.25999999999999,0.0,0.0
2006-03-21 14:00:00,0.0,0.0,65.72,60.12,46.94,60.425,107.355,0.0,0.0
2006-03-21 15:00:00,0.0,0.0,65.51,59.35,47.55,53.318999999999996,114.09100000000004,0.0,0.0
2006-03-21 16:00:00,0.0,0.0,66.2,60.56,48.78,43.336,127.20400000000001,0.0,0.0
2006-03-21 17:00:00,0.0,0.0,66.78,62.86,49.44,30.212,135.0,8.867999999999988,0.0
2006-03-21 18:00:00,0.0,0.0,66.03,63.74,49.54,17.332,135.0,21.977999999999987,0.0
2006-03-21 19:00:00,0.0,0.0,63.56,62.51,48.7,16.178,135.0,18.591999999999985,0.0
2006-03-21 20:00:00,0.0,0.0,60.77,61.96,46.66,16.012999999999998,148.377,0.0,0.0
2006-03-21 21:00:00,0.0,0.0,57.52,62.93,43.27,15.512999999999998,143.207,0.0,0.0
2006-03-21 22:00:00,0.0,0.0,54.01,61.55,39.34,14.959999999999999,110.0,24.940000000000012,0.0
2006-03-21 23:00:00,0.0,0.0,51.57,58.81,35.85,14.888,126.34199999999998,0.0,0.0
2006-03-22 00:00:00,0.0,0.0,50.97,60.58,36.45,15.343,127.65700000000001,0.0,0.0
2006-03-22 01:00:00,0.0,0.0,50.79,58.49,35.69,15.513,124.457,0.0,0.0
2006-03-22 02:00:00,0.0,0.0,51.56,56.93,34.64,16.697,121.433,0.0,0.0
2006-03-22 03:00:00,0.0,0.0,53.34,57.5,33.95,18.178,121.612,0.0,0.0
2006-03-22 04:00:00,0.0,0.0,57.29,60.27,34.1,19.326999999999998,110.0,17.333,0.0
2006-03-22 05:00:00,0.0,0.0,62.06,64.1,37.21,20.566000000000003,110.0,27.803999999999984,0.0
2006-03-22 06:00:00,0.0,0.0,65.85,67.13,42.42,22.709,135.0,12.690999999999995,0.0
2006-03-22 07:00:00,0.0,0.0,67.95,68.79,46.19,33.341,144.589,0.0,0.0
2006-03-22 08:00:00,0.0,0.0,69.42,69.35,48.06,50.085,110.0,21.745000000000008,0.0
2006-03-22 09:00:00,0.0,0.0,70.8,69.47,48.96,63.696999999999996,115.0,5.5330000000000155,0.0
2006-03-22 10:00:00,0.0,0.0,70.94,69.75,49.47,72.20400000000001,112.95599999999999,0.0,0.0
2006-03-22 11:00:00,0.0,0.0,70.0,68.9,49.69,77.11500000000001,106.47500000000002,0.0,0.0
2006-03-22 12:00:00,0.0,0.0,68.63,67.25,49.29,79.094,101.07600000000001,0.0,0.0
2006-03-22 13:00:00,0.0,0.0,67.44,65.28,48.65,76.901,99.46900000000002,0.0,0.0
2006-03-22 14:00:00,0.0,0.0,66.45,63.54,48.24,70.53800000000001,102.69200000000002,0.0,0.0
2006-03-22 15:00:00,0.0,0.0,66.22,62.76,48.85,60.81400000000001,112.01600000000002,0.0,0.0
2006-03-22 16:00:00,0.0,0.0,66.88,63.94,50.06,47.738,128.142,0.0,0.0
2006-03-22 17:00:00,0.0,0.0,67.46,66.21,50.68,32.392,135.923,11.03499999999999,0.0
2006-03-22 18:00:00,0.0,0.0,66.72,67.09,50.78,22.199999999999996,155.0,2.3900000000000006,0.0
2006-03-22 19:00:00,0.0,0.0,64.27,65.9,49.97,21.222,110.0,43.91800000000002,0.0
2006-03-22 20:00:00,0.0,0.0,61.49,65.4,47.94,23.225,146.60500000000002,0.0,0.0
2006-03-22 21:00:00,0.0,0.0,58.21,66.38,44.56,25.915,138.23499999999999,0.0,0.0
2006-03-22 22:00:00,0.0,0.0,54.7,64.95,40.62,26.133,129.137,0.0,0.0
2006-03-22 23:00:00,0.0,0.0,52.27,62.22,37.13,24.771,110.0,11.849,0.0
2006-03-23 00:00:00,0.0,0.0,50.6,58.83,35.32,24.254,115.49599999999998,0.0,0.0
2006-03-23 01:00:00,0.0,0.0,50.44,56.72,34.59,23.462999999999997,113.287,0.0,0.0
2006-03-23 02:00:00,0.0,0.0,51.22,55.19,33.54,23.06,111.89,0.0,0.0
2006-03-23 03:00:00,0.0,0.0,53.02,55.78,32.86,24.256,112.404,0.0,0.0
2006-03-23 04:00:00,0.0,0.0,57.0,58.57,33.03,24.945999999999998,118.654,0.0,0.0
2006-03-23 05:00:00,0.0,0.0,61.77,62.4,36.19,25.526999999999997,129.833,0.0,0.0
2006-03-23 06:00:00,0.0,0.0,65.53,65.39,41.41,30.445999999999998,136.88400000000001,0.0,0.0
2006-03-23 07:00:00,0.0,0.0,67.61,67.05,45.15,43.003,130.0,1.8069999999999915,0.0
2006-03-23 08:00:00,0.0,0.0,69.09,67.59,46.99,63.39500000000001,115.27500000000002,0.0,0.0
2006-03-23 09:00:00,0.0,0.0,70.47,67.71,47.87,81.332,99.71799999999999,0.0,0.0
2006-03-23 10:00:00,0.0,0.0,70.6,67.99,48.37,89.85,92.11,0.0,0.0
2006-03-23 11:00:00,0.0,0.0,69.65,67.13,48.59,95.084,90.0,0.0,4.713999999999999
2006-03-23 12:00:00,0.0,0.0,68.27,65.48,48.18,96.687,90.0,0.0,9.757000000000016
2006-03-23 13:00:00,0.0,0.0,67.08,63.51,47.53,94.52000000000001,90.0,0.0,11.399999999999977
2006-03-23 14:00:00,0.0,0.0,66.09,61.78,47.12,87.672,90.0,0.0,7.682000000000002
2006-03-23 15:00:00,0.0,0.0,65.85,60.99,47.73,77.99999999999999,91.57,0.0,0.0
2006-03-23 16:00:00,0.0,0.0,66.47,62.16,48.91,63.011,96.2484175,13.280582499999998,0.0
2006-03-23 17:00:00,0.0,0.0,67.04,64.38,49.5,48.919,110.0,17.000999999999998,0.0
2006-03-23 18:00:00,0.0,0.0,66.32,65.26,49.61,44.901,131.289,0.0,0.0
2006-03-23 19:00:00,0.0,0.0,63.89,64.11,48.82,49.851,121.969,0.0,0.0
2006-03-23 20:00:00,0.0,0.0,61.12,63.67,46.8,56.678000000000004,109.912,0.0,0.0
2006-03-23 21:00:00,0.0,0.0,57.81,64.66,43.42,63.329,97.56099999999998,0.0,0.0
2006-03-23 22:00:00,0.0,0.0,54.3,63.18,39.48,67.013,89.94699999999999,0.0,0.0
2006-03-23 23:00:00,0.0,0.0,51.89,60.45,36.0,67.598,90.0,0.0,9.257999999999996
2006-03-24 00:00:00,0.0,0.0,48.58,52.83,33.06,69.336,65.13400000000001,0.0,0.0
2006-03-24 01:00:00,0.0,0.0,48.43,50.7,32.34,70.808,60.66199999999999,0.0,0.0
2006-03-24 02:00:00,0.0,0.0,49.23,49.2,31.31,72.364,57.376000000000005,0.0,0.0
2006-03-24 03:00:00,0.0,0.0,51.04,49.83,30.64,73.795,57.71499999999999,0.0,0.0
2006-03-24 04:00:00,0.0,0.0,55.07,52.63,30.83,77.212,81.28946537396115,0.0,19.971465373961166
2006-03-24 05:00:00,0.0,0.0,59.83,56.45,34.03,80.692,70.0,0.0,0.382000000000005
2006-03-24 06:00:00,0.0,0.0,63.56,59.41,39.27,88.17199999999998,74.06800000000003,0.0,0.0
2006-03-24 07:00:00,0.0,0.0,65.63,61.06,42.97,95.89800000000001,73.762,0.0,0.0
2006-03-24 08:00:00,0.0,0.0,67.11,61.6,44.79,109.43399999999998,70.0,0.0,5.934000000000012
2006-03-24 09:00:00,0.0,0.0,68.5,61.71,45.65,117.406,58.454,0.0,0.0
2006-03-24 10:00:00,0.0,0.0,68.6,62.0,46.15,120.759,70.0,0.0,14.008999999999993
2006-03-24 11:00:00,0.0,0.0,67.64,61.12,46.36,123.169,51.951000000000015,0.0,0.0
2006-03-24 12:00:00,0.0,0.0,66.27,59.47,45.94,122.68800000000002,90.0,0.0,41.00800000000001
2006-03-24 13:00:00,0.0,0.0,65.08,57.5,45.28,118.31900000000002,49.54100000000001,0.0,0.0
2006-03-24 14:00:00,0.0,0.0,64.08,55.78,44.86,109.21900000000001,55.50099999999999,0.0,0.0
2006-03-24 15:00:00,0.0,0.0,63.82,54.98,45.49,94.84,90.0,0.0,20.54999999999999
2006-03-24 16:00:00,0.0,0.0,64.41,56.13,46.64,80.55,86.63,0.0,0.0
2006-03-24 17:00:00,0.0,0.0,64.98,58.32,47.2,69.596,90.0,10.90400000000001,0.0
2006-03-24 18:00:00,0.0,0.0,64.27,59.19,47.31,61.42799999999999,90.0,19.34199999999999,0.0
2006-03-24 19:00:00,0.0,0.0,61.87,58.08,46.53,56.344,90.0,20.13599999999998,0.0
2006-03-24 20:00:00,0.0,0.0,59.09,57.7,44.53,51.358000000000004,90.0,19.962000000000003,0.0
2006-03-24 21:00:00,0.0,0.0,55.76,58.7,41.16,48.216,90.0,17.404000000000003,0.0
2006-03-24 22:00:00,0.0,0.0,52.25,57.18,37.22,46.602000000000004,90.0,10.048000000000002,0.0
2006-03-24 23:00:00,0.0,0.0,49.85,54.44,33.73,45.537,90.0,2.4829999999999757,0.0
2006-03-25 00:00:00,0.0,0.0,38.91,45.14,29.2,44.995000000000005,68.25499999999998,0.0,0.0
2006-03-25 01:00:00,0.0,0.0,38.77,43.01,28.5,44.441,65.839,0.0,0.0
2006-03-25 02:00:00,0.0,0.0,39.58,41.53,27.48,44.053,74.17388088642655,0.0,9.63688088642656
2006-03-25 03:00:00,0.0,0.0,41.42,42.19,26.81,44.723,65.69699999999999,0.0,0.0
2006-03-25 04:00:00,0.0,0.0,45.48,45.0,27.03,46.30799999999999,71.202,0.0,0.0
2006-03-25 05:00:00,0.0,0.0,50.24,48.82,30.28,48.121,81.219,0.0,0.0
2006-03-25 06:00:00,0.0,0.0,53.94,51.76,35.52,52.719,90.0,0.0,1.4989999999999952
2006-03-25 07:00:00,0.0,0.0,56.0,53.4,39.19,63.961999999999996,84.628,0.0,0.0
2006-03-25 08:00:00,0.0,0.0,57.48,53.92,40.99,77.691,74.69900000000003,0.0,0.0
2006-03-25 09:00:00,0.0,0.0,58.87,54.03,41.83,92.111,62.619000000000014,0.0,0.0
2006-03-25 10:00:00,0.0,0.0,58.96,54.33,42.32,99.242,90.0,0.0,33.63200000000002
2006-03-25 11:00:00,0.0,0.0,57.99,53.43,42.53,100.553,53.39700000000001,0.0,0.0
2006-03-25 12:00:00,0.0,0.0,56.61,51.78,42.09,97.156,53.32400000000001,0.0,0.0
2006-03-25 13:00:00,0.0,0.0,55.42,49.81,41.43,89.939,56.721000000000025,0.0,0.0
2006-03-25 14:00:00,0.0,0.0,54.41,48.09,41.01,81.30499999999999,90.0,0.0,27.795
2006-03-25 15:00:00,0.0,0.0,54.15,47.3,41.64,71.239,71.851,0.0,0.0
2006-03-25 16:00:00,0.0,0.0,54.7,48.42,42.76,52.213,90.0,3.6669999999999874,0.0
2006-03-25 17:00:00,0.0,0.0,55.26,50.57,43.29,40.246,90.0,18.873999999999967,0.0
2006-03-25 18:00:00,0.0,0.0,54.57,51.44,43.4,35.46,90.0,23.950000000000017,0.0
2006-03-25 19:00:00,0.0,0.0,52.19,50.37,42.65,40.923,90.0,14.287000000000013,0.0
2006-03-25 20:00:00,0.0,0.0,49.42,50.04,40.66,45.41,90.0,4.710000000000008,0.0
2006-03-25 21:00:00,0.0,0.0,46.05,51.05,37.29,47.543000000000006,86.84699999999997,0.0,0.0
2006-03-25 22:00:00,0.0,0.0,42.55,49.48,33.35,47.936,77.44399999999999,0.0,0.0
2006-03-25 23:00:00,0.0,0.0,40.17,46.75,29.86,49.588,67.19200000000001,0.0,0.0
2006-03-26 00:00:00,0.0,0.0,33.94,38.16,26.99,52.632,50.0,0.0,3.5420000000000016
2006-03-26 01:00:00,0.0,0.0,33.83,36.01,26.31,55.422000000000004,40.727999999999994,0.0,0.0
2006-03-26 02:00:00,0.0,0.0,34.65,34.55,25.31,57.659,36.851000000000006,0.0,0.0
2006-03-26 03:00:00,0.0,0.0,36.5,35.24,24.64,58.872,37.50800000000001,0.0,0.0
2006-03-26 04:00:00,0.0,0.0,40.6,38.07,24.88,60.904,42.64599999999999,0.0,0.0
2006-03-26 05:00:00,0.0,0.0,45.36,41.88,28.17,64.26700000000001,51.14299999999999,0.0,0.0
2006-03-26 06:00:00,0.0,0.0,49.04,44.79,33.43,69.568,57.69199999999999,0.0,0.0
2006-03-26 07:00:00,0.0,0.0,51.09,46.42,37.07,79.22300000000001,81.1665706371191,0.0,25.809570637119094
2006-03-26 08:00:00,0.0,0.0,52.57,46.94,38.85,90.531,70.0,0.0,22.17100000000002
2006-03-26 09:00:00,0.0,0.0,53.95,47.05,39.66,107.07399999999998,33.586,0.0,0.0
2006-03-26 10:00:00,0.0,0.0,54.03,47.34,40.14,120.36399999999999,81.146,0.0,60.0
2006-03-26 11:00:00,0.0,0.0,53.05,46.43,40.35,123.487,20.0,0.0,3.6569999999999894
2006-03-26 12:00:00,0.0,0.0,51.67,44.78,39.9,121.077,15.272999999999996,0.0,0.0
2006-03-26 13:00:00,0.0,0.0,50.48,42.82,39.23,116.816,40.0,0.0,24.28600000000001
2006-03-26 14:00:00,0.0,0.0,49.46,41.1,38.81,111.39,40.0,0.0,22.02000000000001
2006-03-26 15:00:00,0.0,0.0,49.18,40.3,39.45,101.118,27.81199999999999,0.0,0.0
2006-03-26 16:00:00,0.0,0.0,49.7,41.4,40.54,76.592,55.047999999999995,0.0,0.0
2006-03-26 17:00:00,0.0,0.0,50.26,43.51,41.03,60.817,73.983,0.0,0.0
2006-03-26 18:00:00,0.0,0.0,49.58,44.39,41.15,51.278000000000006,83.842,0.0,0.0
2006-03-26 19:00:00,0.0,0.0,47.22,43.36,40.42,48.586999999999996,82.413,0.0,0.0
2006-03-26 20:00:00,0.0,0.0,44.45,43.08,38.45,49.578,76.40200000000002,0.0,0.0
2006-03-26 21:00:00,0.0,0.0,41.06,44.1,35.08,52.374,67.86600000000001,0.0,0.0
2006-03-26 22:00:00,0.0,0.0,37.57,42.48,31.13,54.599,56.58099999999998,0.0,0.0
2006-03-26 23:00:00,0.0,0.0,35.2,39.75,27.65,55.835,50.0,0.0,3.234999999999985
2006-03-27 00:00:00,0.0,0.0,44.7,46.85,29.12,56.729,63.941,0.0,0.0
2006-03-27 01:00:00,0.0,0.0,44.6,44.69,28.46,56.583999999999996,61.166,0.0,0.0
2006-03-27 02:00:00,0.0,0.0,45.44,43.26,27.47,55.243,60.927,0.0,0.0
2006-03-27 03:00:00,0.0,0.0,47.31,43.97,26.81,54.321999999999996,63.768,0.0,0.0
2006-03-27 04:00:00,0.0,0.0,51.45,46.83,27.06,54.417,70.923,0.0,0.0
2006-03-27 05:00:00,0.0,0.0,56.2,50.62,30.4,54.757999999999996,82.462,0.0,0.0
2006-03-27 06:00:00,0.0,0.0,59.85,53.51,35.67,58.615,90.0,0.41500000000002046,0.0
2006-03-27 07:00:00,0.0,0.0,61.88,55.14,39.28,67.58900000000001,88.71100000000001,0.0,0.0
2006-03-27 08:00:00,0.0,0.0,63.37,55.64,41.03,75.923,84.11699999999999,0.0,0.0
2006-03-27 09:00:00,0.0,0.0,64.75,55.74,41.82,88.919,73.39099999999999,0.0,0.0
2006-03-27 10:00:00,0.0,0.0,64.82,56.04,42.3,101.214,61.94600000000001,0.0,0.0
2006-03-27 11:00:00,0.0,0.0,63.83,55.11,42.5,108.19899999999998,70.0,0.0,16.759
2006-03-27 12:00:00,0.0,0.0,62.44,53.47,42.04,108.08099999999999,49.869,0.0,0.0
2006-03-27 13:00:00,0.0,0.0,61.25,51.5,41.37,107.096,47.024,0.0,0.0
2006-03-27 14:00:00,0.0,0.0,60.23,49.79,40.94,103.17999999999998,47.780000000000015,0.0,0.0
2006-03-27 15:00:00,0.0,0.0,59.94,48.99,41.58,94.518,55.99199999999999,0.0,0.0
2006-03-27 16:00:00,0.0,0.0,60.42,50.06,42.65,85.223,90.0,0.0,22.09299999999999
2006-03-27 17:00:00,0.0,0.0,60.98,52.14,43.11,74.456,81.774,0.0,0.0
2006-03-27 18:00:00,0.0,0.0,60.31,53.01,43.23,64.64999999999999,90.0,1.899999999999988,0.0
2006-03-27 19:00:00,0.0,0.0,57.97,52.02,42.52,63.523,88.98700000000002,0.0,0.0
2006-03-27 20:00:00,0.0,0.0,55.21,51.8,40.56,66.917,80.65299999999999,0.0,0.0
2006-03-27 21:00:00,0.0,0.0,51.79,52.84,37.2,66.15,75.68,0.0,0.0
2006-03-27 22:00:00,0.0,0.0,48.3,51.17,33.25,66.83699999999999,65.883,0.0,0.0
2006-03-27 23:00:00,0.0,0.0,45.94,48.43,29.77,70.081,54.059000000000005,0.0,0.0
2006-03-28 00:00:00,0.0,0.0,47.74,56.14,31.1,70.276,64.70400000000001,0.0,0.0
2006-03-28 01:00:00,0.0,0.0,47.65,53.98,30.46,71.056,61.03400000000001,0.0,0.0
2006-03-28 02:00:00,0.0,0.0,48.5,52.56,29.49,71.58099999999999,70.0,0.0,11.030999999999999
2006-03-28 03:00:00,0.0,0.0,50.39,53.31,28.83,72.737,70.0,0.0,10.207000000000008
2006-03-28 04:00:00,0.0,0.0,54.57,56.18,29.11,73.302,66.55799999999999,0.0,0.0
2006-03-28 05:00:00,0.0,0.0,59.32,59.97,32.49,73.921,77.859,0.0,0.0
2006-03-28 06:00:00,0.0,0.0,62.94,62.82,37.78,79.24999999999999,84.28999999999996,0.0,0.0
2006-03-28 07:00:00,0.0,0.0,64.96,64.45,41.35,90.57600000000001,80.18400000000001,0.0,0.0
2006-03-28 08:00:00,0.0,0.0,66.45,64.94,43.08,103.39100000000002,71.079,0.0,0.0
2006-03-28 09:00:00,0.0,0.0,67.84,65.04,43.84,115.22100000000002,70.0,0.0,8.500999999999994
2006-03-28 10:00:00,0.0,0.0,67.88,65.34,44.32,121.69500000000002,55.844999999999985,0.0,0.0
2006-03-28 11:00:00,0.0,0.0,66.89,64.39,44.51,123.154,52.635999999999996,0.0,0.0
2006-03-28 12:00:00,0.0,0.0,65.49,62.75,44.04,122.222,50.05799999999999,0.0,0.0
2006-03-28 13:00:00,0.0,0.0,64.31,60.79,43.36,119.43400000000001,90.0,0.0,40.97399999999999
2006-03-28 14:00:00,0.0,0.0,63.28,59.08,42.93,112.32299999999998,90.0,0.0,37.033
2006-03-28 15:00:00,0.0,0.0,62.97,58.27,43.58,101.85600000000001,70.0,0.0,7.036000000000016
2006-03-28 16:00:00,0.0,0.0,63.42,59.33,44.63,86.421,80.959,0.0,0.0
2006-03-28 17:00:00,0.0,0.0,63.97,61.36,45.05,70.816,90.0,9.563999999999993,0.0
2006-03-28 18:00:00,0.0,0.0,63.32,62.24,45.18,56.472,90.0,24.268000000000004,0.0
2006-03-28 19:00:00,0.0,0.0,61.0,61.29,44.48,54.92100000000001,90.0,21.84899999999999,0.0
2006-03-28 20:00:00,0.0,0.0,58.24,61.12,42.54,55.199000000000005,90.0,16.701,0.0
2006-03-28 21:00:00,0.0,0.0,54.79,62.17,39.18,54.141,90.0,11.999000000000006,0.0
2006-03-28 22:00:00,0.0,0.0,51.31,60.45,35.23,51.131,90.0,5.859000000000009,0.0
2006-03-28 23:00:00,0.0,0.0,48.96,57.71,31.75,48.428999999999995,90.0,0.0,0.009000000000014552
2006-03-29 00:00:00,0.0,0.0,49.09,55.26,32.91,47.550999999999995,90.0,0.0,0.291000000000011
2006-03-29 01:00:00,0.0,0.0,49.02,53.08,32.29,46.885000000000005,90.0,0.0,2.4950000000000188
2006-03-29 02:00:00,0.0,0.0,49.88,51.69,31.33,46.778999999999996,86.121,0.0,0.0
2006-03-29 03:00:00,0.0,0.0,51.79,52.47,30.68,47.706,90.0,0.0,2.765999999999991
2006-03-29 04:00:00,0.0,0.0,56.0,55.35,30.98,48.524,90.0,3.8059999999999974,0.0
2006-03-29 05:00:00,0.0,0.0,60.75,59.13,34.41,47.54,90.0,16.749999999999996,0.0
2006-03-29 06:00:00,0.0,0.0,64.34,61.96,39.7,54.513999999999996,90.0,21.486,0.0
2006-03-29 07:00:00,0.0,0.0,66.36,63.58,43.25,70.281,90.0,12.908999999999983,0.0
2006-03-29 08:00:00,0.0,0.0,67.84,64.06,44.95,86.896,90.0,0.0,0.04599999999997806
2006-03-29 09:00:00,0.0,0.0,69.23,64.16,45.69,101.831,90.0,0.0,12.751000000000012
2006-03-29 10:00:00,0.0,0.0,69.26,64.47,46.16,110.351,69.539,0.0,0.0
2006-03-29 11:00:00,0.0,0.0,68.26,63.5,46.35,114.98400000000001,81.68158725761768,0.0,18.555587257617688
2006-03-29 12:00:00,0.0,0.0,66.86,61.86,45.87,115.788,90.0,0.0,31.198000000000015
2006-03-29 13:00:00,0.0,0.0,65.68,59.9,45.18,112.589,90.0,0.0,31.828999999999986
2006-03-29 14:00:00,0.0,0.0,64.64,58.2,44.75,106.52999999999997,90.0,0.0,28.93999999999997
2006-03-29 15:00:00,0.0,0.0,64.32,57.38,45.41,97.538,70.0,0.0,0.4280000000000257
2006-03-29 16:00:00,0.0,0.0,64.74,58.41,46.42,78.645,90.0,0.9249999999999972,0.0
2006-03-29 17:00:00,0.0,0.0,65.28,60.41,46.81,51.029,90.0,31.471000000000004,0.0
2006-03-29 18:00:00,0.0,0.0,64.64,61.29,46.94,27.625999999999998,90.0,55.244,0.0
2006-03-29 19:00:00,0.0,0.0,62.35,60.38,46.27,24.910999999999998,90.0,54.089,0.0
2006-03-29 20:00:00,0.0,0.0,59.59,60.27,44.35,27.548000000000002,90.0,46.661999999999985,0.0
2006-03-29 21:00:00,0.0,0.0,56.11,61.32,40.98,32.364,90.0,36.04599999999999,0.0
2006-03-29 22:00:00,0.0,0.0,52.63,59.56,37.03,36.56100000000001,90.0,22.659000000000006,0.0
2006-03-29 23:00:00,0.0,0.0,50.3,56.82,33.55,41.256,90.0,9.414000000000016,0.0
2006-03-30 00:00:00,0.0,0.0,47.99,49.71,31.52,44.118,85.102,0.0,0.0
2006-03-30 01:00:00,0.0,0.0,47.93,47.52,30.92,47.9,90.0,0.0,11.529999999999987
2006-03-30 02:00:00,0.0,0.0,48.81,46.15,29.97,51.737,73.19300000000001,0.0,0.0
2006-03-30 03:00:00,0.0,0.0,50.73,46.95,29.32,56.196999999999996,70.803,0.0,0.0
2006-03-30 04:00:00,0.0,0.0,54.99,49.86,29.65,57.94799999999999,76.552,0.0,0.0
2006-03-30 05:00:00,0.0,0.0,59.73,53.63,33.12,61.50599999999999,84.974,0.0,0.0
2006-03-30 06:00:00,0.0,0.0,63.29,56.43,38.43,68.156,89.99400000000001,0.0,0.0
2006-03-30 07:00:00,0.0,0.0,65.29,58.04,41.94,77.09299999999999,88.17699999999999,0.0,0.0
2006-03-30 08:00:00,0.0,0.0,66.78,58.51,43.62,86.414,82.496,0.0,0.0
2006-03-30 09:00:00,0.0,0.0,68.17,58.61,44.34,98.281,72.839,0.0,0.0
2006-03-30 10:00:00,0.0,0.0,68.19,58.92,44.8,108.072,90.0,0.0,26.162000000000013
2006-03-30 11:00:00,0.0,0.0,67.17,57.93,44.99,114.689,90.0,0.0,34.599
2006-03-30 12:00:00,0.0,0.0,65.77,56.3,44.49,117.832,70.0,0.0,21.272000000000006
2006-03-30 13:00:00,0.0,0.0,64.59,54.34,43.8,115.02999999999999,90.0,0.0,42.3
2006-03-30 14:00:00,0.0,0.0,63.54,52.64,43.36,108.812,50.72799999999998,0.0,0.0
2006-03-30 15:00:00,0.0,0.0,63.21,51.82,44.03,99.24699999999999,59.812999999999974,0.0,0.0
2006-03-30 16:00:00,0.0,0.0,63.59,52.83,45.01,86.93599999999999,74.49400000000001,0.0,0.0
2006-03-30 17:00:00,0.0,0.0,64.13,54.79,45.37,72.23299999999999,90.0,2.0570000000000164,0.0
2006-03-30 18:00:00,0.0,0.0,63.51,55.67,45.51,56.347,90.0,18.342999999999996,0.0
2006-03-30 19:00:00,0.0,0.0,61.24,54.8,44.85,51.212,90.0,19.67800000000001,0.0
2006-03-30 20:00:00,0.0,0.0,58.48,54.74,42.94,49.573,90.0,16.587000000000003,0.0
2006-03-30 21:00:00,0.0,0.0,54.98,55.81,39.58,50.352,90.0,10.018,0.0
2006-03-30 22:00:00,0.0,0.0,51.5,53.99,35.63,52.834,90.0,0.0,1.7139999999999986
2006-03-30 23:00:00,0.0,0.0,49.18,51.25,32.15,54.318,78.26200000000001,0.0,0.0
2006-03-31 00:00:00,0.0,0.0,45.64,48.85,30.95,56.254000000000005,90.0,0.0,20.814
2006-03-31 01:00:00,0.0,0.0,45.6,46.64,30.37,58.58200000000001,64.02800000000002,0.0,0.0
2006-03-31 02:00:00,0.0,0.0,46.5,45.3,29.43,59.519,70.0,0.0,8.288999999999987
2006-03-31 03:00:00,0.0,0.0,48.43,46.14,28.79,62.21900000000001,70.0,0.0,8.859000000000004
2006-03-31 04:00:00,0.0,0.0,52.73,49.06,29.13,63.809000000000005,90.0,0.0,22.88900000000001
2006-03-31 05:00:00,0.0,0.0,57.47,52.82,32.65,65.86699999999999,77.07300000000002,0.0,0.0
2006-03-31 06:00:00,0.0,0.0,61.0,55.59,37.97,71.472,83.08800000000001,0.0,0.0
2006-03-31 07:00:00,0.0,0.0,62.99,57.2,41.45,80.536,81.10400000000003,0.0,0.0
2006-03-31 08:00:00,0.0,0.0,64.48,57.65,43.1,91.287,73.94300000000001,0.0,0.0
2006-03-31 09:00:00,0.0,0.0,65.88,57.75,43.8,103.34299999999999,90.0,0.0,25.91300000000001
2006-03-31 10:00:00,0.0,0.0,65.87,58.07,44.26,110.552,57.647999999999996,0.0,0.0
2006-03-31 11:00:00,0.0,0.0,64.85,57.06,44.44,113.624,70.0,0.0,17.274
2006-03-31 12:00:00,0.0,0.0,63.45,55.43,43.93,111.70899999999999,51.10100000000002,0.0,0.0
2006-03-31 13:00:00,0.0,0.0,62.26,53.47,43.24,107.61500000000001,70.0,0.0,18.64500000000001
2006-03-31 14:00:00,0.0,0.0,61.21,51.78,42.79,102.807,52.97299999999999,0.0,0.0
2006-03-31 15:00:00,0.0,0.0,60.87,50.96,43.47,94.881,60.41899999999998,0.0,0.0
2006-03-31 16:00:00,0.0,0.0,61.21,51.94,44.43,84.672,72.908,0.0,0.0
2006-03-31 17:00:00,0.0,0.0,61.75,53.86,44.74,70.41599999999998,89.93400000000003,0.0,0.0
2006-03-31 18:00:00,0.0,0.0,61.14,54.74,44.89,53.538000000000004,90.0,17.232000000000003,0.0
2006-03-31 19:00:00,0.0,0.0,58.89,53.91,44.26,48.843,90.0,18.216999999999985,0.0
2006-03-31 20:00:00,0.0,0.0,56.14,53.91,42.36,46.839000000000006,90.0,15.570999999999994,0.0
2006-03-31 21:00:00,0.0,0.0,52.6,54.99,39.01,45.086999999999996,90.0,11.512999999999991,0.0
2006-03-31 22:00:00,0.0,0.0,49.13,53.12,35.05,43.769,90.0,3.5309999999999917,0.0
2006-03-31 23:00:00,0.0,0.0,46.83,50.38,31.57,43.65599999999999,85.12400000000001,0.0,0.0
2006-04-01 00:00:00,0.0,0.0,37.72,45.19,29.15,42.035000000000004,70.025,0.0,0.0
2006-04-01 01:00:00,0.0,0.0,37.69,42.97,28.59,39.153,70.09700000000001,0.0,0.0
2006-04-01 02:00:00,0.0,0.0,38.6,41.65,27.66,36.37199999999999,71.53800000000001,0.0,0.0
2006-04-01 03:00:00,0.0,0.0,40.56,42.52,27.02,35.314,74.786,0.0,0.0
2006-04-01 04:00:00,0.0,0.0,44.89,45.46,27.39,34.266,83.47400000000002,0.0,0.0
2006-04-01 05:00:00,0.0,0.0,49.62,49.21,30.95,36.018,90.0,3.7620000000000005,0.0
2006-04-01 06:00:00,0.0,0.0,53.14,51.96,36.29,44.91900000000001,90.0,6.471000000000004,0.0
2006-04-01 07:00:00,0.0,0.0,55.11,53.55,39.74,57.345000000000006,90.0,1.0549999999999926,0.0
2006-04-01 08:00:00,0.0,0.0,56.6,54.0,41.36,75.02999999999999,76.93,0.0,0.0
2006-04-01 09:00:00,0.0,0.0,58.0,54.09,42.04,98.547,55.583,0.0,0.0
2006-04-01 10:00:00,0.0,0.0,57.98,54.41,42.49,112.559,70.0,0.0,27.679000000000002
2006-04-01 11:00:00,0.0,0.0,56.95,53.39,42.67,118.974,67.52624376731293,0.0,33.490243767312926
2006-04-01 12:00:00,0.0,0.0,55.54,51.76,42.15,119.14699999999999,70.0,0.0,39.697
2006-04-01 13:00:00,0.0,0.0,54.36,49.8,41.45,115.586,30.024,0.0,0.0
2006-04-01 14:00:00,0.0,0.0,53.3,48.12,41.0,107.802,70.0,0.0,35.382000000000005
2006-04-01 15:00:00,0.0,0.0,52.94,47.29,41.68,96.198,90.0,0.0,44.28800000000001
2006-04-01 16:00:00,0.0,0.0,53.26,48.25,42.61,81.482,90.0,0.0,27.36200000000001
2006-04-01 17:00:00,0.0,0.0,53.79,50.13,42.9,61.126999999999995,85.69300000000001,0.0,0.0
2006-04-01 18:00:00,0.0,0.0,53.19,51.01,43.05,43.995000000000005,90.0,13.255000000000017,0.0
2006-04-01 19:00:00,0.0,0.0,50.96,50.22,42.44,42.904,90.0,10.716000000000005,0.0
2006-04-01 20:00:00,0.0,0.0,48.21,50.28,40.55,43.739000000000004,90.0,5.300999999999988,0.0
2006-04-01 21:00:00,0.0,0.0,44.65,51.36,37.2,43.464999999999996,89.745,0.0,0.0
2006-04-01 22:00:00,0.0,0.0,41.19,49.45,33.25,40.999,82.891,0.0,0.0
2006-04-01 23:00:00,0.0,0.0,38.89,46.71,29.77,39.92100000000001,75.44899999999998,0.0,0.0
2006-04-02 00:00:00,0.0,0.0,34.21,44.79,28.87,39.068,68.80200000000002,0.0,0.0
2006-04-02 01:00:00,0.0,0.0,34.18,42.58,28.31,38.626,66.444,0.0,0.0
2006-04-02 02:00:00,0.0,0.0,35.09,41.26,27.38,37.097,66.63300000000001,0.0,0.0
2006-04-02 03:00:00,0.0,0.0,37.05,42.12,26.74,36.26499999999999,69.64499999999998,0.0,0.0
2006-04-02 04:00:00,0.0,0.0,41.38,45.06,27.11,36.461999999999996,77.08800000000001,0.0,0.0
2006-04-02 05:00:00,0.0,0.0,46.11,48.82,30.68,38.027,87.583,0.0,0.0
2006-04-02 06:00:00,0.0,0.0,49.62,51.56,36.01,45.459999999999994,90.0,1.7299999999999898,0.0
2006-04-02 07:00:00,0.0,0.0,51.6,53.16,39.46,56.120999999999995,88.099,0.0,0.0
2006-04-02 08:00:00,0.0,0.0,53.09,53.6,41.09,70.339,77.44100000000002,0.0,0.0
2006-04-02 09:00:00,0.0,0.0,54.49,53.7,41.76,86.606,63.34400000000001,0.0,0.0
2006-04-02 10:00:00,0.0,0.0,54.47,54.02,42.21,97.181,53.51900000000001,0.0,0.0
2006-04-02 11:00:00,0.0,0.0,53.44,53.0,42.39,100.449,50.0,0.0,1.6189999999999998
2006-04-02 12:00:00,0.0,0.0,52.03,51.36,41.87,99.793,45.467000000000006,0.0,0.0
2006-04-02 13:00:00,0.0,0.0,50.85,49.41,41.17,97.81300000000002,43.617000000000004,0.0,0.0
2006-04-02 14:00:00,0.0,0.0,49.79,47.72,40.72,94.03699999999999,44.19300000000002,0.0,0.0
2006-04-02 15:00:00,0.0,0.0,49.43,46.9,41.4,87.053,50.677000000000014,0.0,0.0
2006-04-02 16:00:00,0.0,0.0,49.74,47.86,42.33,75.63199999999999,90.0,0.0,25.701999999999998
2006-04-02 17:00:00,0.0,0.0,50.27,49.74,42.62,59.24399999999999,83.38600000000002,0.0,0.0
2006-04-02 18:00:00,0.0,0.0,49.67,50.61,42.77,41.922000000000004,90.0,11.127999999999995,0.0
2006-04-02 19:00:00,0.0,0.0,47.45,49.83,42.16,38.566,90.0,10.873999999999999,0.0
2006-04-02 20:00:00,0.0,0.0,44.7,49.88,40.28,35.523999999999994,90.0,9.335999999999984,0.0
2006-04-02 21:00:00,0.0,0.0,41.14,50.97,36.92,35.238,90.0,3.7920000000000016,0.0
2006-04-02 22:00:00,0.0,0.0,37.67,49.06,32.97,36.760000000000005,82.94,0.0,0.0
2006-04-02 23:00:00,0.0,0.0,35.38,46.31,29.49,39.656,71.524,0.0,0.0
2006-04-03 00:00:00,0.0,0.0,46.64,54.67,32.15,41.457,90.0,2.003000000000007,0.0
2006-04-03 01:00:00,0.0,0.0,46.61,52.46,31.59,44.263999999999996,86.396,0.0,0.0
2006-04-03 02:00:00,0.0,0.0,47.52,51.14,30.66,45.975,83.345,0.0,0.0
2006-04-03 03:00:00,0.0,0.0,49.48,52.0,30.03,47.516,90.0,0.0,6.006
2006-04-03 04:00:00,0.0,0.0,53.81,54.94,30.4,48.144,90.0,1.005999999999986,0.0
2006-04-03 05:00:00,0.0,0.0,58.55,58.69,33.96,49.339999999999996,90.0,11.860000000000014,0.0
2006-04-03 06:00:00,0.0,0.0,62.06,61.44,39.29,56.54600000000001,90.0,16.244,0.0
2006-04-03 07:00:00,0.0,0.0,64.03,63.04,42.74,68.568,90.0,11.241999999999997,0.0
2006-04-03 08:00:00,0.0,0.0,65.53,63.48,44.37,87.634,85.74600000000001,0.0,0.0
2006-04-03 09:00:00,0.0,0.0,66.92,63.58,45.04,101.336,74.204,0.0,0.0
2006-04-03 10:00:00,0.0,0.0,66.9,63.9,45.49,108.66999999999999,90.0,0.0,22.37999999999998
2006-04-03 11:00:00,0.0,0.0,65.87,62.88,45.67,112.59,70.0,0.0,8.170000000000002
2006-04-03 12:00:00,0.0,0.0,64.46,61.24,45.15,112.61500000000001,58.234999999999985,0.0,0.0
2006-04-03 13:00:00,0.0,0.0,63.28,59.29,44.45,109.55300000000001,90.0,0.0,32.533
2006-04-03 14:00:00,0.0,0.0,62.22,57.6,44.01,104.854,90.0,0.0,31.02400000000003
2006-04-03 15:00:00,0.0,0.0,61.86,56.77,44.69,96.572,66.74800000000002,0.0,0.0
2006-04-03 16:00:00,0.0,0.0,62.18,57.74,45.62,84.63199999999999,80.90800000000002,0.0,0.0
2006-04-03 17:00:00,0.0,0.0,62.71,59.62,45.9,65.012,98.21800000000002,0.0,0.0
2006-04-03 18:00:00,0.0,0.0,62.11,60.49,46.05,46.707,115.0,1.9429999999999978,0.0
2006-04-03 19:00:00,0.0,0.0,59.88,59.71,45.44,39.272,90.0,30.758000000000024,0.0
2006-04-03 20:00:00,0.0,0.0,57.13,59.76,43.56,36.086,110.0,9.364000000000004,0.0
2006-04-03 21:00:00,0.0,0.0,53.57,60.85,40.21,32.844,90.0,26.786000000000016,0.0
2006-04-03 22:00:00,0.0,0.0,50.11,58.94,36.25,32.024,108.276,0.0,0.0
2006-04-03 23:00:00,0.0,0.0,47.81,56.19,32.77,30.153,101.61700000000002,0.0,0.0
2006-04-04 00:00:00,0.0,0.0,49.24,56.93,33.86,28.666000000000004,106.364,0.0,0.0
2006-04-04 01:00:00,0.0,0.0,49.21,54.71,33.3,27.828999999999994,104.39100000000002,0.0,0.0
2006-04-04 02:00:00,0.0,0.0,50.12,53.39,32.37,28.011000000000003,90.0,12.869,0.0
2006-04-04 03:00:00,0.0,0.0,52.08,54.25,31.74,28.412000000000003,90.45209750000008,14.205902499999937,0.0
2006-04-04 04:00:00,0.0,0.0,56.41,57.19,32.1,27.791,110.0,2.9090000000000202,0.0
2006-04-04 05:00:00,0.0,0.0,61.15,60.95,35.67,28.790999999999997,90.0,33.97900000000001,0.0
2006-04-04 06:00:00,0.0,0.0,64.66,63.69,41.0,37.151,110.0,17.198999999999984,0.0
2006-04-04 07:00:00,0.0,0.0,66.63,65.29,44.45,53.895999999999994,90.0,27.474000000000004,0.0
2006-04-04 08:00:00,0.0,0.0,68.13,65.74,46.08,77.965,90.0,6.985000000000014,0.0
2006-04-04 09:00:00,0.0,0.0,69.52,65.83,46.75,101.143,90.0,0.0,14.043000000000006
2006-04-04 10:00:00,0.0,0.0,69.5,66.15,47.2,113.67999999999999,90.0,0.0,25.83
2006-04-04 11:00:00,0.0,0.0,68.47,65.13,47.38,117.488,90.0,0.0,31.50800000000001
2006-04-04 12:00:00,0.0,0.0,67.06,63.5,46.86,117.438,90.0,0.0,35.01799999999999
2006-04-04 13:00:00,0.0,0.0,65.88,61.54,46.16,114.409,90.0,0.0,35.82900000000001
2006-04-04 14:00:00,0.0,0.0,64.82,59.85,45.71,108.28000000000002,90.0,0.0,32.900000000000006
2006-04-04 15:00:00,0.0,0.0,64.46,59.03,46.4,98.31,90.0,0.0,23.419999999999987
2006-04-04 16:00:00,0.0,0.0,64.78,59.99,47.32,82.943,90.0,0.0,5.852999999999994
2006-04-04 17:00:00,0.0,0.0,65.31,61.87,47.61,60.28,109.51000000000002,0.0,0.0
2006-04-04 18:00:00,0.0,0.0,64.71,62.75,47.76,40.645,110.0,19.57499999999999,0.0
2006-04-04 19:00:00,0.0,0.0,62.48,61.96,47.15,34.445,110.0,22.14500000000001,0.0
2006-04-04 20:00:00,0.0,0.0,59.73,62.01,45.27,32.638,129.37199999999999,0.0,0.0
2006-04-04 21:00:00,0.0,0.0,56.17,63.1,41.92,30.836000000000002,110.0,15.354000000000012,0.0
2006-04-04 22:00:00,0.0,0.0,52.71,61.19,37.96,29.179,117.68100000000001,0.0,0.0
2006-04-04 23:00:00,0.0,0.0,50.42,58.45,34.48,28.153000000000002,110.19699999999997,0.0,0.0
2006-04-05 00:00:00,0.0,0.0,50.41,61.4,34.39,27.746,110.0,3.4539999999999953,0.0
2006-04-05 01:00:00,0.0,0.0,50.38,59.19,33.83,26.936999999999998,111.46300000000002,0.0,0.0
2006-04-05 02:00:00,0.0,0.0,51.29,57.87,32.9,27.389000000000003,90.0,19.671000000000006,0.0
2006-04-05 03:00:00,0.0,0.0,53.25,58.73,32.26,28.120999999999995,90.0,21.119,0.0
2006-04-05 04:00:00,0.0,0.0,57.58,61.67,32.63,28.985,90.0,27.89499999999999,0.0
2006-04-05 05:00:00,0.0,0.0,62.31,65.43,36.2,30.031,110.0,18.909000000000006,0.0
2006-04-05 06:00:00,0.0,0.0,65.82,68.17,41.53,39.011,110.0,21.508999999999986,0.0
2006-04-05 07:00:00,0.0,0.0,67.8,69.77,44.98,57.24800000000001,120.30199999999998,0.0,0.0
2006-04-05 08:00:00,0.0,0.0,69.29,70.22,46.61,77.98,103.14000000000001,0.0,0.0
2006-04-05 09:00:00,0.0,0.0,70.69,70.31,47.28,95.54299999999999,90.0,0.0,2.262999999999977
2006-04-05 10:00:00,0.0,0.0,70.67,70.63,47.73,104.9,90.0,0.0,10.870000000000005
2006-04-05 11:00:00,0.0,0.0,69.64,69.61,47.91,106.616,90.0,0.0,14.45599999999999
2006-04-05 12:00:00,0.0,0.0,68.23,67.98,47.39,105.501,90.0,0.0,16.900999999999982
2006-04-05 13:00:00,0.0,0.0,67.05,66.02,46.69,102.392,90.0,0.0,17.631999999999977
2006-04-05 14:00:00,0.0,0.0,65.98,64.33,46.24,96.39099999999999,90.0,0.0,14.84099999999998
2006-04-05 15:00:00,0.0,0.0,65.63,63.51,46.92,88.14699999999999,90.0,0.0,7.087000000000005
2006-04-05 16:00:00,0.0,0.0,65.94,64.47,47.85,75.046,98.21399999999998,0.0,0.0
2006-04-05 17:00:00,0.0,0.0,66.47,66.35,48.14,52.963,122.997,0.0,0.0
2006-04-05 18:00:00,0.0,0.0,65.87,67.23,48.29,33.869,135.0,7.520999999999987,0.0
2006-04-05 19:00:00,0.0,0.0,63.65,66.44,47.68,28.589,110.0,34.18100000000001,0.0
2006-04-05 20:00:00,0.0,0.0,60.9,66.49,45.8,30.822000000000003,90.0,47.367999999999995,0.0
2006-04-05 21:00:00,0.0,0.0,57.34,67.58,42.44,32.229,130.0,0.13099999999999845,0.0
2006-04-05 22:00:00,0.0,0.0,53.87,65.67,38.49,33.251,119.77900000000002,0.0,0.0
2006-04-05 23:00:00,0.0,0.0,51.58,62.93,35.01,34.091,110.42899999999997,0.0,0.0
2006-04-06 00:00:00,0.0,0.0,49.49,62.95,33.52,35.415000000000006,105.54500000000002,0.0,0.0
2006-04-06 01:00:00,0.0,0.0,49.46,60.73,32.95,36.145,101.995,0.0,0.0
2006-04-06 02:00:00,0.0,0.0,50.37,59.41,32.03,36.379000000000005,90.0,10.43100000000002,0.0
2006-04-06 03:00:00,0.0,0.0,52.32,60.28,31.39,37.225,90.0,11.764999999999995,0.0
2006-04-06 04:00:00,0.0,0.0,56.66,63.22,31.76,36.927,90.0,19.713000000000015,0.0
2006-04-06 05:00:00,0.0,0.0,61.39,66.97,35.32,39.36000000000001,119.32,0.0,0.0
2006-04-06 06:00:00,0.0,0.0,64.9,69.72,40.66,48.1,122.18,0.0,0.0
2006-04-06 07:00:00,0.0,0.0,66.88,71.32,44.11,61.891999999999996,115.0,0.41799999999999216,0.0
2006-04-06 08:00:00,0.0,0.0,68.37,71.76,45.73,81.099,99.76100000000001,0.0,0.0
2006-04-06 09:00:00,0.0,0.0,69.76,71.86,46.41,98.41500000000002,90.0,0.0,5.385000000000019
2006-04-06 10:00:00,0.0,0.0,69.74,72.18,46.86,107.555,90.0,0.0,13.774999999999963
2006-04-06 11:00:00,0.0,0.0,68.71,71.16,47.04,110.70700000000001,90.0,0.0,18.796999999999997
2006-04-06 12:00:00,0.0,0.0,67.31,69.52,46.51,110.142,90.0,0.0,21.801999999999992
2006-04-06 13:00:00,0.0,0.0,66.12,67.57,45.82,105.524,90.0,0.0,21.01400000000001
2006-04-06 14:00:00,0.0,0.0,65.06,65.88,45.37,98.97999999999999,90.0,0.0,17.670000000000005
2006-04-06 15:00:00,0.0,0.0,64.71,65.05,46.05,89.3,90.0,0.0,8.490000000000009
2006-04-06 16:00:00,0.0,0.0,65.02,66.02,46.98,75.982,97.03799999999997,0.0,0.0
2006-04-06 17:00:00,0.0,0.0,65.55,67.9,47.27,61.943,110.0,3.777000000000026,0.0
2006-04-06 18:00:00,0.0,0.0,64.95,68.77,47.42,50.497,90.0,35.643000000000015,0.0
2006-04-06 19:00:00,0.0,0.0,62.73,67.99,46.81,43.84,90.0,38.68999999999999,0.0
2006-04-06 20:00:00,0.0,0.0,59.98,68.04,44.92,43.635000000000005,110.0,14.305000000000001,0.0
2006-04-06 21:00:00,0.0,0.0,56.41,69.13,41.57,43.372,115.0,3.7379999999999995,0.0
2006-04-06 22:00:00,0.0,0.0,52.95,67.22,37.62,42.06999999999999,110.72000000000001,0.0,0.0
2006-04-06 23:00:00,0.0,0.0,50.66,64.47,34.14,41.44,102.82999999999998,0.0,0.0
2006-04-07 00:00:00,0.0,0.0,47.38,58.54,33.14,41.991,90.0,2.0690000000000257,0.0
2006-04-07 01:00:00,0.0,0.0,47.35,56.33,32.58,41.365,90.0,0.0,0.10500000000000398
2006-04-07 02:00:00,0.0,0.0,48.26,55.01,31.65,40.125,90.0,0.0,0.2049999999999983
2006-04-07 03:00:00,0.0,0.0,50.22,55.87,31.02,38.769,93.341,0.0,0.0
2006-04-07 04:00:00,0.0,0.0,54.55,58.81,31.39,37.454,90.0,12.295999999999992,0.0
2006-04-07 05:00:00,0.0,0.0,59.28,62.56,34.95,37.161,114.629,0.0,0.0
2006-04-07 06:00:00,0.0,0.0,62.79,65.31,40.28,44.211,110.0,9.168999999999997,0.0
2006-04-07 07:00:00,0.0,0.0,64.77,66.91,43.73,54.559999999999995,101.56499250000013,14.28500749999986,0.0
2006-04-07 08:00:00,0.0,0.0,66.26,67.35,45.36,68.301,105.66900000000001,0.0,0.0
2006-04-07 09:00:00,0.0,0.0,67.66,67.45,46.03,86.261,90.0,0.0,0.12099999999999045
2006-04-07 10:00:00,0.0,0.0,67.64,67.77,46.48,95.61300000000001,90.0,0.0,8.723000000000013
2006-04-07 11:00:00,0.0,0.0,66.61,66.75,46.66,99.039,90.0,0.0,14.019000000000002
2006-04-07 12:00:00,0.0,0.0,65.2,65.11,46.14,98.44,90.0,0.0,16.990000000000006
2006-04-07 13:00:00,0.0,0.0,64.02,63.16,45.44,94.975,90.0,0.0,17.354999999999993
2006-04-07 14:00:00,0.0,0.0,62.96,61.47,45.0,87.744,90.0,0.0,13.313999999999993
2006-04-07 15:00:00,0.0,0.0,62.6,60.64,45.68,77.82799999999999,90.0,0.0,3.907999999999987
2006-04-07 16:00:00,0.0,0.0,62.91,61.61,46.61,64.194,101.93599999999999,0.0,0.0
2006-04-07 17:00:00,0.0,0.0,63.44,63.49,46.89,46.909,121.911,0.0,0.0
2006-04-07 18:00:00,0.0,0.0,62.84,64.36,47.04,34.38399999999999,115.0,19.855999999999987,0.0
2006-04-07 19:00:00,0.0,0.0,60.62,63.58,46.43,31.04,115.0,19.59000000000001,0.0
2006-04-07 20:00:00,0.0,0.0,57.87,63.63,44.55,33.486,90.0,37.56400000000001,0.0
2006-04-07 21:00:00,0.0,0.0,54.31,64.72,41.2,35.428999999999995,115.0,4.800999999999997,0.0
2006-04-07 22:00:00,0.0,0.0,50.84,62.81,37.24,37.458000000000006,108.43200000000002,0.0,0.0
2006-04-07 23:00:00,0.0,0.0,48.55,60.06,33.76,39.49700000000001,90.0,7.8729999999999905,0.0
2006-04-08 00:00:00,0.0,0.0,38.67,50.76,31.1,41.571000000000005,90.0,0.0,11.041000000000011
2006-04-08 01:00:00,0.0,0.0,38.64,48.55,30.54,45.105999999999995,90.0,0.0,17.376000000000005
2006-04-08 02:00:00,0.0,0.0,39.55,47.23,29.61,47.128,70.0,0.0,0.7380000000000138
2006-04-08 03:00:00,0.0,0.0,41.51,48.09,28.98,49.507,70.0,0.0,0.926999999999996
2006-04-08 04:00:00,0.0,0.0,45.84,51.03,29.35,50.57299999999999,75.64700000000002,0.0,0.0
2006-04-08 05:00:00,0.0,0.0,50.58,54.78,32.91,53.089999999999996,90.0,0.0,4.819999999999993
2006-04-08 06:00:00,0.0,0.0,54.09,57.53,38.25,64.066,90.0,0.0,4.195999999999987
2006-04-08 07:00:00,0.0,0.0,56.06,59.13,41.69,76.60400000000001,80.27599999999998,0.0,0.0
2006-04-08 08:00:00,0.0,0.0,57.56,59.57,43.32,93.875,90.0,0.0,23.42500000000001
2006-04-08 09:00:00,0.0,0.0,58.95,59.67,43.99,110.10599999999998,52.50400000000002,0.0,0.0
2006-04-08 10:00:00,0.0,0.0,58.93,59.99,44.44,116.59700000000001,90.0,0.0,43.236999999999995
2006-04-08 11:00:00,0.0,0.0,57.9,58.97,44.62,120.03,90.0,0.0,48.54000000000002
2006-04-08 12:00:00,0.0,0.0,56.49,57.33,44.1,120.174,70.0,0.0,32.25400000000002
2006-04-08 13:00:00,0.0,0.0,55.31,55.38,43.4,117.152,70.0,0.0,33.062000000000005
2006-04-08 14:00:00,0.0,0.0,54.25,53.69,42.96,111.35299999999998,50.0,0.0,10.452999999999989
2006-04-08 15:00:00,0.0,0.0,53.89,52.86,43.64,101.90500000000002,90.0,0.0,41.515000000000015
2006-04-08 16:00:00,0.0,0.0,54.21,53.83,44.57,85.35699999999999,90.0,0.0,22.747000000000014
2006-04-08 17:00:00,0.0,0.0,54.74,55.71,44.85,56.68899999999999,90.0,8.61099999999999,0.0
2006-04-08 18:00:00,0.0,0.0,54.14,56.58,45.0,38.647999999999996,90.0,27.07199999999999,0.0
2006-04-08 19:00:00,0.0,0.0,51.91,55.8,44.39,35.386,90.0,26.71399999999999,0.0
2006-04-08 20:00:00,0.0,0.0,49.16,55.85,42.51,35.89,90.0,21.629999999999995,0.0
2006-04-08 21:00:00,0.0,0.0,45.6,56.94,39.16,37.291,90.0,14.408999999999983,0.0
2006-04-08 22:00:00,0.0,0.0,42.14,55.03,35.2,38.834,90.0,3.535999999999987,0.0
2006-04-08 23:00:00,0.0,0.0,39.85,52.28,31.72,40.202999999999996,83.647,0.0,0.0
2006-04-09 00:00:00,0.0,0.0,35.31,49.02,31.15,41.43,90.0,0.0,15.949999999999989
2006-04-09 01:00:00,0.0,0.0,35.28,46.8,30.59,43.942,70.0,0.0,1.2720000000000127
2006-04-09 02:00:00,0.0,0.0,36.19,45.48,29.66,44.495000000000005,90.0,0.0,23.16500000000001
2006-04-09 03:00:00,0.0,0.0,38.15,46.35,29.03,44.931999999999995,68.598,0.0,0.0
2006-04-09 04:00:00,0.0,0.0,42.48,49.29,29.4,44.125,77.04500000000002,0.0,0.0
2006-04-09 05:00:00,0.0,0.0,47.21,53.04,32.96,44.628,88.582,0.0,0.0
2006-04-09 06:00:00,0.0,0.0,50.72,55.79,38.29,52.054,90.0,2.745999999999981,0.0
2006-04-09 07:00:00,0.0,0.0,52.7,57.38,41.74,65.424,86.396,0.0,0.0
2006-04-09 08:00:00,0.0,0.0,54.19,57.83,43.37,86.163,70.0,0.0,0.7729999999999819
2006-04-09 09:00:00,0.0,0.0,55.59,57.92,44.04,98.76199999999999,90.0,0.0,31.212000000000003
2006-04-09 10:00:00,0.0,0.0,55.57,58.24,44.49,102.43299999999999,61.87749861495828,0.0,6.010498614958283
2006-04-09 11:00:00,0.0,0.0,54.53,57.22,44.67,102.13500000000002,70.0,0.0,15.71499999999999
2006-04-09 12:00:00,0.0,0.0,53.13,55.59,44.15,99.17500000000003,53.695000000000014,0.0,0.0
2006-04-09 13:00:00,0.0,0.0,51.95,53.63,43.45,93.07300000000001,70.0,0.0,14.042999999999992
2006-04-09 14:00:00,0.0,0.0,50.88,51.94,43.01,85.179,90.0,0.0,29.34900000000001
2006-04-09 15:00:00,0.0,0.0,50.53,51.12,43.69,74.239,71.101,0.0,0.0
2006-04-09 16:00:00,0.0,0.0,50.84,52.08,44.62,61.439,86.101,0.0,0.0
2006-04-09 17:00:00,0.0,0.0,51.37,53.96,44.9,43.463,101.76700000000001,0.0,0.0
2006-04-09 18:00:00,0.0,0.0,50.77,54.84,45.05,26.499999999999996,119.16,0.0,0.0
2006-04-09 19:00:00,0.0,0.0,48.55,54.05,44.44,21.985999999999997,109.40202000000002,10.651979999999956,0.0
2006-04-09 20:00:00,0.0,0.0,45.8,54.1,42.56,21.018,116.44200000000001,0.0,0.0
2006-04-09 21:00:00,0.0,0.0,42.24,55.19,39.21,20.356,111.28399999999999,0.0,0.0
2006-04-09 22:00:00,0.0,0.0,38.77,53.28,35.25,19.913,102.38700000000003,0.0,0.0
2006-04-09 23:00:00,0.0,0.0,36.48,50.54,31.77,20.512,93.278,0.0,0.0
2006-04-10 00:00:00,0.0,0.0,47.46,61.26,33.03,20.489,116.261,0.0,0.0
2006-04-10 01:00:00,0.0,0.0,47.43,59.05,32.47,21.394000000000002,110.0,2.5559999999999974,0.0
2006-04-10 02:00:00,0.0,0.0,48.34,57.73,31.54,23.029,109.58100000000002,0.0,0.0
2006-04-10 03:00:00,0.0,0.0,50.3,58.59,30.9,25.103,90.0,19.687000000000012,0.0
2006-04-10 04:00:00,0.0,0.0,54.63,61.53,31.27,25.673,90.0,26.75699999999999,0.0
2006-04-10 05:00:00,0.0,0.0,59.37,65.29,34.83,25.816000000000003,90.0,38.674,0.0
2006-04-10 06:00:00,0.0,0.0,62.88,68.03,40.17,31.065000000000005,115.0,20.015,0.0
2006-04-10 07:00:00,0.0,0.0,64.85,69.63,43.62,46.39000000000001,115.0,11.70999999999998,0.0
2006-04-10 08:00:00,0.0,0.0,66.35,70.08,45.25,62.654,114.02599999999998,0.0,0.0
2006-04-10 09:00:00,0.0,0.0,67.74,70.17,45.92,73.644,105.18600000000002,0.0,0.0
2006-04-10 10:00:00,0.0,0.0,67.72,70.49,46.37,78.788,100.79199999999999,0.0,0.0
2006-04-10 11:00:00,0.0,0.0,66.69,69.47,46.55,80.974,96.73599999999998,0.0,0.0
2006-04-10 12:00:00,0.0,0.0,65.28,67.84,46.03,81.092,93.05800000000004,0.0,0.0
2006-04-10 13:00:00,0.0,0.0,64.1,65.88,45.33,81.812,90.0,0.0,1.5020000000000238
2006-04-10 14:00:00,0.0,0.0,63.04,64.19,44.88,81.449,90.0,0.0,4.338999999999986
2006-04-10 15:00:00,0.0,0.0,62.68,63.37,45.56,77.16799999999999,90.0,0.0,0.5579999999999785
2006-04-10 16:00:00,0.0,0.0,63.0,64.33,46.49,67.41799999999999,101.402,0.0,0.0
2006-04-10 17:00:00,0.0,0.0,63.53,66.21,46.78,51.809999999999995,110.0,9.70999999999998,0.0
2006-04-10 18:00:00,0.0,0.0,62.93,67.09,46.93,33.623999999999995,90.0,48.32600000000002,0.0
2006-04-10 19:00:00,0.0,0.0,60.7,66.3,46.32,28.984,110.0,29.336000000000002,0.0
2006-04-10 20:00:00,0.0,0.0,57.95,66.35,44.44,34.538999999999994,115.0,14.201000000000002,0.0
2006-04-10 21:00:00,0.0,0.0,54.39,67.44,41.08,37.628,115.0,5.281999999999983,0.0
2006-04-10 22:00:00,0.0,0.0,50.93,65.53,37.13,37.791000000000004,110.799,0.0,0.0
2006-04-10 23:00:00,0.0,0.0,48.64,62.79,33.65,37.577,102.50300000000001,0.0,0.0
2006-04-11 00:00:00,0.0,0.0,49.42,62.36,31.83,38.124,100.486,0.0,0.0
2006-04-11 01:00:00,0.0,0.0,49.39,60.14,31.26,39.566,96.224,0.0,0.0
2006-04-11 02:00:00,0.0,0.0,50.3,58.82,30.34,40.022999999999996,94.43699999999998,0.0,0.0
2006-04-11 03:00:00,0.0,0.0,52.25,59.69,29.7,41.481,90.0,5.159000000000006,0.0
2006-04-11 04:00:00,0.0,0.0,56.59,62.63,30.07,42.724,101.56600000000003,0.0,0.0
2006-04-11 05:00:00,0.0,0.0,61.32,66.38,33.63,44.81,110.0,1.5200000000000156,0.0
2006-04-11 06:00:00,0.0,0.0,64.83,69.13,38.97,53.342000000000006,114.58800000000001,0.0,0.0
2006-04-11 07:00:00,0.0,0.0,66.81,70.72,42.42,69.978,104.97200000000001,0.0,0.0
2006-04-11 08:00:00,0.0,0.0,68.3,71.17,44.04,82.315,96.19500000000001,0.0,0.0
2006-04-11 09:00:00,0.0,0.0,69.69,71.26,44.72,88.52600000000001,92.144,0.0,0.0
2006-04-11 10:00:00,0.0,0.0,69.67,71.58,45.17,91.525,90.0,0.0,0.10500000000001819
2006-04-11 11:00:00,0.0,0.0,68.64,70.56,45.35,92.889,90.0,0.0,3.3389999999999986
2006-04-11 12:00:00,0.0,0.0,67.24,68.93,44.82,91.149,90.0,0.0,5.15900000000002
2006-04-11 13:00:00,0.0,0.0,66.05,66.97,44.12,88.462,90.0,0.0,6.322000000000003
2006-04-11 14:00:00,0.0,0.0,64.99,65.28,43.68,84.455,90.0,0.0,5.5049999999999955
2006-04-11 15:00:00,0.0,0.0,64.63,64.46,44.36,76.59400000000001,90.0,1.855999999999999,0.0
2006-04-11 16:00:00,0.0,0.0,64.95,65.42,45.29,64.73700000000001,105.92299999999997,0.0,0.0
2006-04-11 17:00:00,0.0,0.0,65.48,67.3,45.58,51.711,121.649,0.0,0.0
2006-04-11 18:00:00,0.0,0.0,64.88,68.18,45.72,42.774,110.0,21.006,0.0
2006-04-11 19:00:00,0.0,0.0,62.65,67.39,45.12,41.065000000000005,129.095,0.0,0.0
2006-04-11 20:00:00,0.0,0.0,59.91,67.44,43.23,41.511,124.06900000000002,0.0,0.0
2006-04-11 21:00:00,0.0,0.0,56.34,68.53,39.88,41.733999999999995,90.0,28.01600000000002,0.0
2006-04-11 22:00:00,0.0,0.0,52.88,66.62,35.93,41.118,109.31200000000003,0.0,0.0
2006-04-11 23:00:00,0.0,0.0,50.59,63.88,32.45,41.922000000000004,99.998,0.0,0.0
2006-04-12 00:00:00,0.0,0.0,49.66,59.07,31.95,43.30500000000001,92.375,0.0,0.0
2006-04-12 01:00:00,0.0,0.0,49.63,56.86,31.39,45.597,90.0,0.0,2.7169999999999845
2006-04-12 02:00:00,0.0,0.0,50.54,55.54,30.46,45.038000000000004,90.0,0.0,3.497999999999962
2006-04-12 03:00:00,0.0,0.0,52.5,56.4,29.83,44.452,90.0,0.0,0.7220000000000031
2006-04-12 04:00:00,0.0,0.0,56.83,59.34,30.19,40.932,100.42800000000003,0.0,0.0
2006-04-12 05:00:00,0.0,0.0,61.56,63.1,33.76,37.201,116.21900000000001,0.0,0.0
2006-04-12 06:00:00,0.0,0.0,65.07,65.84,39.09,41.398999999999994,115.0,8.601000000000026,0.0
2006-04-12 07:00:00,0.0,0.0,67.05,67.44,42.54,54.753,117.27699999999999,0.0,0.0
2006-04-12 08:00:00,0.0,0.0,68.54,67.88,44.17,72.822,102.76799999999999,0.0,0.0
2006-04-12 09:00:00,0.0,0.0,69.94,67.98,44.84,88.19800000000001,90.0,0.0,0.43800000000000505
2006-04-12 10:00:00,0.0,0.0,69.92,68.3,45.29,94.74599999999998,90.0,0.0,6.236000000000018
2006-04-12 11:00:00,0.0,0.0,68.89,67.28,45.47,96.878,90.0,0.0,10.238
2006-04-12 12:00:00,0.0,0.0,67.48,65.64,44.95,96.791,90.0,0.0,13.720999999999993
2006-04-12 13:00:00,0.0,0.0,66.3,63.69,44.25,95.66300000000001,90.0,0.0,16.423000000000002
2006-04-12 14:00:00,0.0,0.0,65.23,62.0,43.8,90.72800000000001,90.0,0.0,14.697999999999993
2006-04-12 15:00:00,0.0,0.0,64.88,61.18,44.49,82.10199999999999,90.0,0.0,6.5519999999999925
2006-04-12 16:00:00,0.0,0.0,65.19,62.14,45.41,69.85499999999999,97.88499999999998,0.0,0.0
2006-04-12 17:00:00,0.0,0.0,65.72,64.02,45.7,53.667,116.77300000000001,0.0,0.0
2006-04-12 18:00:00,0.0,0.0,65.12,64.89,45.85,43.105000000000004,90.0,37.755,0.0
2006-04-12 19:00:00,0.0,0.0,62.9,64.11,45.24,42.26,115.0,9.990000000000009,0.0
2006-04-12 20:00:00,0.0,0.0,60.15,64.16,43.36,46.359,90.0,26.310999999999993,0.0
2006-04-12 21:00:00,0.0,0.0,56.59,65.25,40.01,47.214,109.636,0.0,0.0
2006-04-12 22:00:00,0.0,0.0,53.12,63.34,36.05,48.818000000000005,98.69200000000001,0.0,0.0
2006-04-12 23:00:00,0.0,0.0,50.83,60.59,32.57,50.45,90.0,0.0,0.0
2006-04-13 00:00:00,0.0,0.0,48.39,56.42,31.44,53.244,83.006,0.0,0.0
2006-04-13 01:00:00,0.0,0.0,48.36,54.21,30.87,55.282,78.158,0.0,0.0
2006-04-13 02:00:00,0.0,0.0,49.27,52.89,29.95,57.765,78.64638504155124,0.0,4.301385041551252
2006-04-13 03:00:00,0.0,0.0,51.23,53.75,29.31,59.56100000000001,74.72899999999998,0.0,0.0
2006-04-13 04:00:00,0.0,0.0,55.56,56.69,29.68,60.376,81.55399999999999,0.0,0.0
2006-04-13 05:00:00,0.0,0.0,60.29,60.45,33.24,63.313,90.0,0.6670000000000016,0.0
2006-04-13 06:00:00,0.0,0.0,63.81,63.19,38.58,72.365,90.0,3.2150000000000034,0.0
2006-04-13 07:00:00,0.0,0.0,65.78,64.79,42.03,85.47699999999999,90.0,0.0,2.876999999999981
2006-04-13 08:00:00,0.0,0.0,67.27,65.23,43.65,100.769,90.0,0.0,14.619000000000007
2006-04-13 09:00:00,0.0,0.0,68.67,65.33,44.33,113.13799999999999,65.192,0.0,0.0
2006-04-13 10:00:00,0.0,0.0,68.65,65.65,44.78,119.28900000000002,70.0,0.0,10.208999999999989
2006-04-13 11:00:00,0.0,0.0,67.62,64.63,44.96,121.781,55.429,0.0,0.0
2006-04-13 12:00:00,0.0,0.0,66.21,62.99,44.43,122.035,70.0,0.0,18.405
2006-04-13 13:00:00,0.0,0.0,65.03,61.04,43.74,119.85100000000001,70.0,0.0,20.040999999999997
2006-04-13 14:00:00,0.0,0.0,63.97,59.35,43.29,114.81600000000002,51.794000000000004,0.0,0.0
2006-04-13 15:00:00,0.0,0.0,63.61,58.53,43.97,106.53300000000002,70.0,0.0,10.423000000000002
2006-04-13 16:00:00,0.0,0.0,63.92,59.49,44.9,95.513,90.0,0.0,17.202999999999975
2006-04-13 17:00:00,0.0,0.0,64.46,61.37,45.19,83.7,87.32,0.0,0.0
2006-04-13 18:00:00,0.0,0.0,63.85,62.24,45.34,74.961,90.0,6.4690000000000225,0.0
2006-04-13 19:00:00,0.0,0.0,61.63,61.46,44.73,71.631,90.0,6.188999999999993,0.0
2006-04-13 20:00:00,0.0,0.0,58.88,61.51,42.84,70.126,90.0,3.1040000000000134,0.0
2006-04-13 21:00:00,0.0,0.0,55.32,62.6,39.49,67.621,89.78900000000002,0.0,0.0
2006-04-13 22:00:00,0.0,0.0,51.85,60.69,35.54,67.47,90.0,0.0,9.389999999999986
2006-04-13 23:00:00,0.0,0.0,49.56,57.94,32.06,69.169,70.391,0.0,0.0
2006-04-14 00:00:00,0.0,0.0,46.42,50.21,31.34,69.002,60.05696675900283,0.0,1.0889667590028465
2006-04-14 01:00:00,0.0,0.0,46.39,48.0,30.77,66.91799999999999,70.0,0.0,11.757999999999996
2006-04-14 02:00:00,0.0,0.0,47.3,46.67,29.85,63.797,70.0,0.0,9.977000000000018
2006-04-14 03:00:00,0.0,0.0,49.26,47.54,29.21,61.452,90.0,0.0,25.442000000000004
2006-04-14 04:00:00,0.0,0.0,53.59,50.48,29.58,57.16,76.49,0.0,0.0
2006-04-14 05:00:00,0.0,0.0,58.32,54.23,33.14,56.68300000000001,89.007,0.0,0.0
2006-04-14 06:00:00,0.0,0.0,61.84,56.98,38.48,66.183,90.0,1.1169999999999902,0.0
2006-04-14 07:00:00,0.0,0.0,63.81,58.58,41.93,80.92400000000002,83.39600000000002,0.0,0.0
2006-04-14 08:00:00,0.0,0.0,65.3,59.02,43.55,99.644,90.0,0.0,21.774
2006-04-14 09:00:00,0.0,0.0,66.7,59.12,44.23,112.587,90.0,0.0,32.536999999999985
2006-04-14 10:00:00,0.0,0.0,66.68,59.44,44.68,121.68599999999999,90.0,0.0,40.88599999999998
2006-04-14 11:00:00,0.0,0.0,65.65,58.42,44.86,123.59400000000001,70.0,0.0,24.664
2006-04-14 12:00:00,0.0,0.0,64.24,56.78,44.33,122.089,70.0,0.0,26.739000000000004
2006-04-14 13:00:00,0.0,0.0,63.06,54.83,43.63,118.294,70.0,0.0,26.774000000000015
2006-04-14 14:00:00,0.0,0.0,62.0,53.14,43.19,109.263,50.0,0.0,0.9330000000000069
2006-04-14 15:00:00,0.0,0.0,61.64,52.31,43.87,96.57199999999999,70.0,0.0,8.751999999999995
2006-04-14 16:00:00,0.0,0.0,61.95,53.28,44.8,78.95200000000001,81.078,0.0,0.0
2006-04-14 17:00:00,0.0,0.0,62.49,55.16,45.08,50.99,106.74000000000001,0.0,0.0
2006-04-14 18:00:00,0.0,0.0,61.88,56.03,45.23,20.21,90.0,47.930000000000035,0.0
2006-04-14 19:00:00,0.0,0.0,59.66,55.25,44.62,13.913,115.0,25.616999999999983,0.0
2006-04-14 20:00:00,0.0,0.0,56.91,55.3,42.74,15.181000000000001,115.0,19.769000000000005,0.0
2006-04-14 21:00:00,0.0,0.0,53.35,56.39,39.39,16.402,90.0,37.728,0.0
2006-04-14 22:00:00,0.0,0.0,49.89,54.48,35.44,15.786999999999999,90.0,29.022999999999996,0.0
2006-04-14 23:00:00,0.0,0.0,47.59,51.73,31.96,15.743,90.0,20.53700000000001,0.0
2006-04-15 00:00:00,0.0,0.0,37.99,45.09,28.86,18.023,90.0,0.0,1.0829999999999904
2006-04-15 01:00:00,0.0,0.0,37.96,42.87,28.3,19.613,90.0,0.0,5.483000000000004
2006-04-15 02:00:00,0.0,0.0,38.87,41.55,27.37,21.044,90.0,0.0,8.25399999999999
2006-04-15 03:00:00,0.0,0.0,40.83,42.42,26.74,20.086,90.0,0.0,5.096000000000004
2006-04-15 04:00:00,0.0,0.0,45.16,45.36,27.11,17.418,95.212,0.0,0.0
2006-04-15 05:00:00,0.0,0.0,49.89,49.11,30.67,17.443,90.0,17.227000000000004,0.0
2006-04-15 06:00:00,0.0,0.0,53.4,51.86,36.0,21.8,90.0,24.46000000000001,0.0
2006-04-15 07:00:00,0.0,0.0,55.38,53.45,39.45,31.595,110.0,1.6850000000000067,0.0
2006-04-15 08:00:00,0.0,0.0,56.87,53.9,41.08,44.327,90.0,12.522999999999996,0.0
2006-04-15 09:00:00,0.0,0.0,58.27,53.99,41.75,58.614999999999995,90.0,0.39500000000001556,0.0
2006-04-15 10:00:00,0.0,0.0,58.25,54.32,42.2,66.86500000000001,90.0,0.0,7.094999999999999
2006-04-15 11:00:00,0.0,0.0,57.22,53.29,42.38,69.51599999999999,90.0,0.0,11.626000000000001
2006-04-15 12:00:00,0.0,0.0,55.81,51.66,41.86,68.905,90.0,0.0,14.574999999999989
2006-04-15 13:00:00,0.0,0.0,54.63,49.7,41.16,65.893,90.0,0.0,15.402999999999992
2006-04-15 14:00:00,0.0,0.0,53.57,48.02,40.72,60.391,90.0,0.0,13.080999999999989
2006-04-15 15:00:00,0.0,0.0,53.21,47.19,41.4,52.259,90.0,0.0,5.459000000000003
2006-04-15 16:00:00,0.0,0.0,53.52,48.15,42.33,43.532000000000004,90.0,5.4680000000000035,0.0
2006-04-15 17:00:00,0.0,0.0,54.06,50.04,42.61,34.665,90.0,17.045,0.0
2006-04-15 18:00:00,0.0,0.0,53.45,50.91,42.76,24.452,90.0,27.668000000000006,0.0
2006-04-15 19:00:00,0.0,0.0,51.23,50.12,42.15,15.999,96.95561250000016,25.545387499999855,0.0
2006-04-15 20:00:00,0.0,0.0,48.48,50.18,40.27,17.758,90.0,26.17200000000001,0.0
2006-04-15 21:00:00,0.0,0.0,44.92,51.27,36.92,20.399,90.0,17.711000000000013,0.0
2006-04-15 22:00:00,0.0,0.0,41.45,49.35,32.96,21.605999999999998,90.0,7.154000000000011,0.0
2006-04-15 23:00:00,0.0,0.0,39.16,46.61,29.48,22.718,90.0,0.0,0.0
2006-04-16 00:00:00,0.0,0.0,33.67,43.06,27.97,23.412,90.0,0.0,8.712000000000003
2006-04-16 01:00:00,0.0,0.0,33.64,40.84,27.4,23.67,90.0,0.0,11.789999999999985
2006-04-16 02:00:00,0.0,0.0,34.55,39.52,26.48,26.363000000000003,74.187,0.0,0.0
2006-04-16 03:00:00,0.0,0.0,36.5,40.39,25.84,28.037000000000003,90.0,0.0,15.307000000000002
2006-04-16 04:00:00,0.0,0.0,40.84,43.33,26.21,27.885999999999996,82.494,0.0,0.0
2006-04-16 05:00:00,0.0,0.0,45.57,47.08,29.77,28.551000000000002,90.0,3.8689999999999856,0.0
2006-04-16 06:00:00,0.0,0.0,49.08,49.83,35.11,38.701,90.0,5.318999999999992,0.0
2006-04-16 07:00:00,0.0,0.0,51.06,51.42,38.56,50.724,90.0,0.3160000000000167,0.0
2006-04-16 08:00:00,0.0,0.0,52.55,51.87,40.18,66.621,77.97899999999998,0.0,0.0
2006-04-16 09:00:00,0.0,0.0,53.94,51.96,40.86,80.5,90.0,0.0,23.740000000000006
2006-04-16 10:00:00,0.0,0.0,53.92,52.28,41.31,89.496,70.0,0.0,11.986000000000018
2006-04-16 11:00:00,0.0,0.0,52.89,51.26,41.49,92.946,90.0,0.0,37.30600000000001
2006-04-16 12:00:00,0.0,0.0,51.49,49.63,40.96,94.78000000000002,70.0,0.0,22.70000000000001
2006-04-16 13:00:00,0.0,0.0,50.3,47.67,40.27,93.79,90.0,0.0,45.55
2006-04-16 14:00:00,0.0,0.0,49.24,45.99,39.82,90.118,70.0,0.0,25.067999999999998
2006-04-16 15:00:00,0.0,0.0,48.88,45.16,40.5,83.34599999999999,70.0,0.0,18.805999999999997
2006-04-16 16:00:00,0.0,0.0,49.2,46.12,41.43,73.53999999999999,63.427994459833755,0.0,0.21799445983373889
2006-04-16 17:00:00,0.0,0.0,49.73,48.01,41.72,60.343,79.11699999999996,0.0,0.0
2006-04-16 18:00:00,0.0,0.0,49.13,48.88,41.87,45.174,90.0,4.706000000000017,0.0
2006-04-16 19:00:00,0.0,0.0,46.9,48.09,41.26,38.238,90.0,8.012,0.0
2006-04-16 20:00:00,0.0,0.0,44.16,48.15,39.37,37.231,90.0,4.449000000000012,0.0
2006-04-16 21:00:00,0.0,0.0,40.59,49.23,36.02,35.978,89.86200000000002,0.0,0.0
2006-04-16 22:00:00,0.0,0.0,37.13,47.32,32.07,35.394,81.12599999999999,0.0,0.0
2006-04-16 23:00:00,0.0,0.0,34.84,44.58,28.59,35.854,90.0,0.0,17.843999999999983
2006-04-17 00:00:00,0.0,0.0,45.65,51.45,30.48,36.522999999999996,90.0,1.0570000000000022,0.0
2006-04-17 01:00:00,0.0,0.0,45.62,49.23,29.91,36.906,90.0,0.0,2.1460000000000328
2006-04-17 02:00:00,0.0,0.0,46.53,47.91,28.99,38.00300000000001,90.0,0.0,4.572999999999993
2006-04-17 03:00:00,0.0,0.0,48.49,48.78,28.35,38.437,90.0,0.0,2.8170000000000073
2006-04-17 04:00:00,0.0,0.0,52.82,51.72,28.72,39.202,90.0,4.058,0.0
2006-04-17 05:00:00,0.0,0.0,57.56,55.47,32.28,41.519000000000005,90.0,13.790999999999997,0.0
2006-04-17 06:00:00,0.0,0.0,61.07,58.22,37.62,50.489999999999995,90.0,16.419999999999995,0.0
2006-04-17 07:00:00,0.0,0.0,63.04,59.81,41.07,63.81399999999999,90.0,10.106000000000016,0.0
2006-04-17 08:00:00,0.0,0.0,64.54,60.26,42.69,83.10699999999999,84.383,0.0,0.0
2006-04-17 09:00:00,0.0,0.0,65.93,60.35,43.37,97.41,90.0,0.0,17.75999999999999
2006-04-17 10:00:00,0.0,0.0,65.91,60.68,43.82,107.002,90.0,0.0,26.592
2006-04-17 11:00:00,0.0,0.0,64.88,59.65,44.0,113.207,55.32299999999999,0.0,0.0
2006-04-17 12:00:00,0.0,0.0,63.47,58.02,43.47,115.684,49.276,0.0,0.0
2006-04-17 13:00:00,0.0,0.0,62.29,56.06,42.78,115.41399999999999,50.0,0.0,4.283999999999999
2006-04-17 14:00:00,0.0,0.0,61.23,54.38,42.33,110.857,90.0,0.0,42.917000000000016
2006-04-17 15:00:00,0.0,0.0,60.87,53.55,43.01,102.996,90.0,0.0,35.56600000000003
2006-04-17 16:00:00,0.0,0.0,61.19,54.51,43.94,90.20499999999998,89.435,0.0,20.0
2006-04-17 17:00:00,0.0,0.0,61.72,56.4,44.23,72.75800000000001,89.59199999999998,0.0,0.0
2006-04-17 18:00:00,0.0,0.0,61.12,57.27,44.38,51.76,90.9063300000001,15.103669999999894,0.0
2006-04-17 19:00:00,0.0,0.0,58.89,56.48,43.77,34.706,110.0,9.433999999999987,0.0
2006-04-17 20:00:00,0.0,0.0,56.14,56.54,41.88,30.649,110.0,8.911000000000012,0.0
2006-04-17 21:00:00,0.0,0.0,52.58,57.63,38.53,28.811,90.0,24.929000000000002,0.0
2006-04-17 22:00:00,0.0,0.0,49.12,55.71,34.58,29.587000000000003,90.0,14.823000000000008,0.0
2006-04-17 23:00:00,0.0,0.0,46.83,52.97,31.1,29.422000000000004,90.0,6.478000000000009,0.0
2006-04-18 00:00:00,0.0,0.0,47.56,54.04,31.08,29.430999999999997,98.24900000000001,0.0,0.0
2006-04-18 01:00:00,0.0,0.0,47.53,51.82,30.52,29.769,90.0,5.100999999999999,0.0
2006-04-18 02:00:00,0.0,0.0,48.44,50.5,29.59,30.829,92.70100000000001,0.0,0.0
2006-04-18 03:00:00,0.0,0.0,50.39,51.37,28.96,31.048,94.672,0.0,0.0
2006-04-18 04:00:00,0.0,0.0,54.73,54.31,29.33,30.489,102.881,0.0,0.0
2006-04-18 05:00:00,0.0,0.0,59.46,58.06,32.89,32.38499999999999,113.025,0.0,0.0
2006-04-18 06:00:00,0.0,0.0,62.97,60.81,38.22,41.775,115.225,0.0,0.0
2006-04-18 07:00:00,0.0,0.0,64.95,62.4,41.67,55.74499999999999,90.0,18.275000000000006,0.0
2006-04-18 08:00:00,0.0,0.0,66.44,62.85,43.3,79.09099999999998,90.0,0.0,1.5009999999999764
2006-04-18 09:00:00,0.0,0.0,67.83,62.94,43.97,90.084,90.0,0.0,10.343999999999983
2006-04-18 10:00:00,0.0,0.0,67.81,63.26,44.42,96.42099999999999,90.0,0.0,15.930999999999983
2006-04-18 11:00:00,0.0,0.0,66.78,62.24,44.6,98.105,90.0,0.0,19.485
2006-04-18 12:00:00,0.0,0.0,65.38,60.61,44.08,97.177,90.0,0.0,22.107000000000014
2006-04-18 13:00:00,0.0,0.0,64.19,58.65,43.38,93.64699999999999,90.0,0.0,22.42699999999998
2006-04-18 14:00:00,0.0,0.0,63.13,56.96,42.94,85.456,90.0,0.0,17.425999999999974
2006-04-18 15:00:00,0.0,0.0,62.77,56.14,43.62,72.497,90.0,0.0,4.9669999999999845
2006-04-18 16:00:00,0.0,0.0,63.09,57.1,44.55,53.675999999999995,106.06400000000001,0.0,0.0
2006-04-18 17:00:00,0.0,0.0,63.62,58.98,44.83,30.933,131.49699999999999,0.0,0.0
2006-04-18 18:00:00,0.0,0.0,63.02,59.86,44.98,14.172999999999998,148.687,0.0,0.0
2006-04-18 19:00:00,0.0,0.0,60.79,59.07,44.37,9.006000000000002,110.0,40.224000000000004,0.0
2006-04-18 20:00:00,0.0,0.0,58.05,59.12,42.49,9.398,115.0,30.262,0.0
2006-04-18 21:00:00,0.0,0.0,54.48,60.21,39.14,9.158999999999999,135.0,4.6710000000000065,0.0
2006-04-18 22:00:00,0.0,0.0,51.02,58.3,35.18,9.067,130.433,0.0,0.0
2006-04-18 23:00:00,0.0,0.0,48.73,55.56,31.7,9.21,121.78,0.0,0.0
2006-04-19 00:00:00,0.0,0.0,47.57,52.78,32.01,9.878,117.482,0.0,0.0
2006-04-19 01:00:00,0.0,0.0,47.55,50.56,31.45,10.384,114.176,0.0,0.0
2006-04-19 02:00:00,0.0,0.0,48.46,49.24,30.52,10.499,112.721,0.0,0.0
2006-04-19 03:00:00,0.0,0.0,50.41,50.1,29.88,10.995,114.39500000000001,0.0,0.0
2006-04-19 04:00:00,0.0,0.0,54.75,53.04,30.25,11.368000000000002,121.672,0.0,0.0
2006-04-19 05:00:00,0.0,0.0,59.48,56.8,33.82,13.668000000000001,116.46699999999996,14.965000000000012,0.0
2006-04-19 06:00:00,0.0,0.0,62.99,59.54,39.15,21.227000000000004,135.0,0.45300000000000296,0.0
2006-04-19 07:00:00,0.0,0.0,64.96,61.14,42.6,31.788999999999994,131.911,0.0,0.0
2006-04-19 08:00:00,0.0,0.0,66.46,61.59,44.23,44.58200000000001,122.698,0.0,0.0
2006-04-19 09:00:00,0.0,0.0,67.85,61.68,44.9,55.291999999999994,114.138,0.0,0.0
2006-04-19 10:00:00,0.0,0.0,67.83,62.0,45.35,62.138000000000005,108.042,0.0,0.0
2006-04-19 11:00:00,0.0,0.0,66.8,60.98,45.53,65.74000000000001,102.57,0.0,0.0
2006-04-19 12:00:00,0.0,0.0,65.39,59.35,45.01,66.475,90.0,8.274999999999988,0.0
2006-04-19 13:00:00,0.0,0.0,64.21,57.39,44.31,64.34900000000002,96.56099999999998,0.0,0.0
2006-04-19 14:00:00,0.0,0.0,63.15,55.7,43.86,59.594,98.11600000000001,0.0,0.0
2006-04-19 15:00:00,0.0,0.0,62.79,54.88,44.54,52.05999999999999,105.15,0.0,0.0
2006-04-19 16:00:00,0.0,0.0,63.11,55.84,45.47,40.607,118.813,0.0,0.0
2006-04-19 17:00:00,0.0,0.0,63.64,57.72,45.76,26.176000000000002,130.0,5.944000000000003,0.0
2006-04-19 18:00:00,0.0,0.0,63.04,58.6,45.91,14.959,130.0,17.591000000000008,0.0
2006-04-19 19:00:00,0.0,0.0,60.81,57.81,45.3,10.907,148.013,0.0,0.0
2006-04-19 20:00:00,0.0,0.0,58.06,57.86,43.42,11.923,135.0,7.417000000000016,0.0
2006-04-19 21:00:00,0.0,0.0,54.5,58.95,40.06,12.525000000000002,135.985,0.0,0.0
2006-04-19 22:00:00,0.0,0.0,51.04,57.04,36.11,12.634,110.0,16.555999999999983,0.0
2006-04-19 23:00:00,0.0,0.0,48.75,54.3,32.63,12.508,118.172,0.0,0.0
2006-04-20 00:00:00,0.0,0.0,46.68,50.15,31.67,11.735,111.765,0.0,0.0
2006-04-20 01:00:00,0.0,0.0,46.65,47.94,31.11,10.878,90.0,19.822000000000017,0.0
2006-04-20 02:00:00,0.0,0.0,47.56,46.62,30.18,10.291,109.06900000000002,0.0,0.0
2006-04-20 03:00:00,0.0,0.0,49.52,47.48,29.55,9.587,111.96300000000001,0.0,0.0
2006-04-20 04:00:00,0.0,0.0,53.85,50.42,29.92,8.67,120.52000000000001,0.0,0.0
2006-04-20 05:00:00,0.0,0.0,58.58,54.17,33.48,10.379000000000001,130.85099999999997,0.0,0.0
2006-04-20 06:00:00,0.0,0.0,62.09,56.92,38.82,17.889000000000003,110.0,24.941000000000017,0.0
2006-04-20 07:00:00,0.0,0.0,64.07,58.52,42.26,26.394,90.0,43.45599999999998,0.0
2006-04-20 08:00:00,0.0,0.0,65.56,58.96,43.89,36.744,126.66599999999998,0.0,0.0
2006-04-20 09:00:00,0.0,0.0,66.96,59.06,44.56,44.392,121.188,0.0,0.0
2006-04-20 10:00:00,0.0,0.0,66.94,59.38,45.01,51.107,110.0,5.223000000000013,0.0
2006-04-20 11:00:00,0.0,0.0,65.91,58.36,45.2,54.541,109.92900000000002,0.0,0.0
2006-04-20 12:00:00,0.0,0.0,64.5,56.72,44.67,54.049,106.841,0.0,0.0
2006-04-20 13:00:00,0.0,0.0,63.32,54.77,43.97,50.961,106.09900000000002,0.0,0.0
2006-04-20 14:00:00,0.0,0.0,62.26,53.08,43.53,44.961000000000006,108.909,0.0,0.0
2006-04-20 15:00:00,0.0,0.0,61.9,52.25,44.21,37.08,116.28,0.0,0.0
2006-04-20 16:00:00,0.0,0.0,62.21,53.22,45.14,27.325,128.245,0.0,0.0
2006-04-20 17:00:00,0.0,0.0,62.74,55.1,45.42,17.483,130.0,10.776999999999997,0.0
2006-04-20 18:00:00,0.0,0.0,62.14,55.97,45.57,8.411999999999999,135.0,15.26799999999999,0.0
2006-04-20 19:00:00,0.0,0.0,59.92,55.19,44.96,5.511,149.559,0.0,0.0
2006-04-20 20:00:00,0.0,0.0,57.17,55.24,43.08,6.747999999999999,143.742,0.0,0.0
2006-04-20 21:00:00,0.0,0.0,53.61,56.33,39.73,7.772,135.0,1.8979999999999766,0.0
2006-04-20 22:00:00,0.0,0.0,50.14,54.42,35.77,7.965,127.36500000000001,0.0,0.0
2006-04-20 23:00:00,0.0,0.0,47.85,51.67,32.29,8.382,110.0,8.427999999999997,0.0
2006-04-21 00:00:00,0.0,0.0,44.66,46.46,30.26,9.353,107.02700000000002,0.0,0.0
2006-04-21 01:00:00,0.0,0.0,44.63,44.24,29.69,9.803,103.757,0.0,0.0
2006-04-21 02:00:00,0.0,0.0,45.54,42.92,28.77,10.016,102.21400000000001,0.0,0.0
2006-04-21 03:00:00,0.0,0.0,47.5,43.78,28.13,9.939,104.47099999999999,0.0,0.0
2006-04-21 04:00:00,0.0,0.0,51.83,46.73,28.5,10.422,111.63799999999999,0.0,0.0
2006-04-21 05:00:00,0.0,0.0,56.56,50.48,32.06,12.704,121.39599999999999,0.0,0.0
2006-04-21 06:00:00,0.0,0.0,60.08,53.22,37.4,19.286,126.41400000000002,0.0,0.0
2006-04-21 07:00:00,0.0,0.0,62.05,54.82,40.85,29.523,123.19699999999999,0.0,0.0
2006-04-21 08:00:00,0.0,0.0,63.54,55.27,42.47,41.346,114.93400000000001,0.0,0.0
2006-04-21 09:00:00,0.0,0.0,64.94,55.36,43.15,51.498000000000005,106.952,0.0,0.0
2006-04-21 10:00:00,0.0,0.0,64.92,55.68,43.6,56.635000000000005,102.56500000000001,0.0,0.0
2006-04-21 11:00:00,0.0,0.0,63.89,54.66,43.78,59.28900000000001,98.041,0.0,0.0
2006-04-21 12:00:00,0.0,0.0,62.48,53.03,43.26,59.367999999999995,94.402,0.0,0.0
2006-04-21 13:00:00,0.0,0.0,61.3,51.07,42.56,57.483999999999995,92.44600000000001,0.0,0.0
2006-04-21 14:00:00,0.0,0.0,60.24,49.38,42.11,52.242000000000004,94.488,0.0,0.0
2006-04-21 15:00:00,0.0,0.0,59.88,48.56,42.79,44.744,101.48600000000002,0.0,0.0
2006-04-21 16:00:00,0.0,0.0,60.19,49.52,43.72,36.461999999999996,111.968,0.0,0.0
2006-04-21 17:00:00,0.0,0.0,60.73,51.4,44.01,27.479,123.66099999999999,0.0,0.0
2006-04-21 18:00:00,0.0,0.0,60.12,52.28,44.16,16.247,135.0,0.3129999999999882,0.0
2006-04-21 19:00:00,0.0,0.0,57.9,51.49,43.55,9.424,130.0,8.516000000000004,0.0
2006-04-21 20:00:00,0.0,0.0,55.15,51.54,41.66,10.158000000000001,133.19199999999998,0.0,0.0
2006-04-21 21:00:00,0.0,0.0,51.59,52.63,38.31,10.754,126.77600000000001,0.0,0.0
2006-04-21 22:00:00,0.0,0.0,48.12,50.72,34.36,10.829,117.371,0.0,0.0
2006-04-21 23:00:00,0.0,0.0,45.83,47.98,30.88,12.071,107.619,0.0,0.0
2006-04-22 00:00:00,0.0,0.0,37.11,40.33,28.19,13.732,90.0,0.0,3.102000000000004
2006-04-22 01:00:00,0.0,0.0,37.08,38.12,27.63,15.776,90.0,0.0,7.945999999999998
2006-04-22 02:00:00,0.0,0.0,37.99,36.79,26.7,17.149,90.0,0.0,10.668999999999983
2006-04-22 03:00:00,0.0,0.0,39.94,37.66,26.07,18.629,90.0,0.0,9.958999999999987
2006-04-22 04:00:00,0.0,0.0,44.28,40.6,26.43,19.537999999999997,90.0,0.0,3.227999999999982
2006-04-22 05:00:00,0.0,0.0,49.01,44.35,30.0,22.683,95.67700000000002,0.0,0.0
2006-04-22 06:00:00,0.0,0.0,52.52,47.1,35.33,32.655,90.0,7.29500000000001,0.0
2006-04-22 07:00:00,0.0,0.0,54.5,48.7,38.78,46.769,90.0,0.21100000000001273,0.0
2006-04-22 08:00:00,0.0,0.0,55.99,49.14,40.41,59.523,90.0,0.0,8.982999999999976
2006-04-22 09:00:00,0.0,0.0,57.39,49.24,41.08,71.809,90.0,0.0,19.098999999999982
2006-04-22 10:00:00,0.0,0.0,57.36,49.56,41.53,80.10900000000001,90.0,0.0,26.658999999999992
2006-04-22 11:00:00,0.0,0.0,56.33,48.54,41.71,84.205,90.0,0.0,32.624999999999986
2006-04-22 12:00:00,0.0,0.0,54.93,46.9,41.19,84.28200000000001,90.0,0.0,36.261999999999986
2006-04-22 13:00:00,0.0,0.0,53.74,44.95,40.49,80.551,90.0,0.0,36.37099999999998
2006-04-22 14:00:00,0.0,0.0,52.68,43.26,40.05,73.154,90.0,0.0,32.164
2006-04-22 15:00:00,0.0,0.0,52.33,42.43,40.73,63.24700000000001,90.0,0.0,22.757000000000016
2006-04-22 16:00:00,0.0,0.0,52.64,43.4,41.66,51.311,90.0,0.0,8.61099999999999
2006-04-22 17:00:00,0.0,0.0,53.17,45.28,41.94,38.358,90.0,7.032000000000019,0.0
2006-04-22 18:00:00,0.0,0.0,52.57,46.15,42.09,27.268000000000004,90.0,18.54200000000001,0.0
2006-04-22 19:00:00,0.0,0.0,50.35,45.37,41.48,22.869000000000003,90.0,19.33099999999999,0.0
2006-04-22 20:00:00,0.0,0.0,47.6,45.42,39.6,21.311,106.309,0.0,0.0
2006-04-22 21:00:00,0.0,0.0,44.03,46.51,36.25,17.66,104.13,0.0,0.0
2006-04-22 22:00:00,0.0,0.0,40.57,44.6,32.29,15.654,96.80599999999998,0.0,0.0
2006-04-22 23:00:00,0.0,0.0,38.28,41.85,28.81,13.658999999999999,90.0,0.2810000000000201,0.0
2006-04-23 00:00:00,0.0,0.0,33.65,37.76,27.66,12.780000000000001,90.0,0.0,8.710000000000013
2006-04-23 01:00:00,0.0,0.0,33.62,35.54,27.1,13.024000000000001,90.0,0.0,11.763999999999996
2006-04-23 02:00:00,0.0,0.0,34.53,34.22,26.18,13.234,90.0,0.0,13.303999999999974
2006-04-23 03:00:00,0.0,0.0,36.49,35.09,25.54,13.479000000000001,90.0,0.0,11.358999999999995
2006-04-23 04:00:00,0.0,0.0,40.82,38.03,25.91,13.385000000000002,90.0,0.0,3.624999999999986
2006-04-23 05:00:00,0.0,0.0,45.56,41.78,29.47,14.773000000000001,90.0,7.037000000000006,0.0
2006-04-23 06:00:00,0.0,0.0,49.07,44.53,34.81,19.901,103.509,0.0,0.0
2006-04-23 07:00:00,0.0,0.0,51.04,46.12,38.25,28.504,101.906,0.0,0.0
2006-04-23 08:00:00,0.0,0.0,52.53,46.57,39.88,41.971000000000004,90.0,2.0089999999999977,0.0
2006-04-23 09:00:00,0.0,0.0,53.93,46.66,40.56,52.416999999999994,90.0,0.0,6.266999999999996
2006-04-23 10:00:00,0.0,0.0,53.91,46.98,41.0,56.272,90.0,0.0,9.381999999999993
2006-04-23 11:00:00,0.0,0.0,52.88,45.96,41.19,56.949,90.0,0.0,11.918999999999984
2006-04-23 12:00:00,0.0,0.0,51.47,44.33,40.66,55.54,90.0,0.0,14.080000000000013
2006-04-23 13:00:00,0.0,0.0,50.29,42.37,39.96,52.283,90.0,0.0,14.663000000000013
2006-04-23 14:00:00,0.0,0.0,49.23,40.68,39.52,47.03,90.0,0.0,12.600000000000003
2006-04-23 15:00:00,0.0,0.0,48.87,39.86,40.2,39.68,90.0,0.0,5.750000000000003
2006-04-23 16:00:00,0.0,0.0,49.19,40.82,41.13,30.929000000000002,95.16664000000044,0.044359999999548455,0.0
2006-04-23 17:00:00,0.0,0.0,49.72,42.7,41.41,21.787999999999997,90.0,17.042,0.0
2006-04-23 18:00:00,0.0,0.0,49.12,43.58,41.56,13.15,90.0,26.11,0.0
2006-04-23 19:00:00,0.0,0.0,46.89,42.79,40.95,9.379,90.0,26.251000000000005,0.0
2006-04-23 20:00:00,0.0,0.0,44.14,42.84,39.07,10.748000000000001,110.0,0.30200000000000493,0.0
2006-04-23 21:00:00,0.0,0.0,40.58,43.93,35.72,11.757000000000001,90.0,13.473000000000003,0.0
2006-04-23 22:00:00,0.0,0.0,37.12,42.02,31.76,10.672,90.0,5.228000000000006,0.0
2006-04-23 23:00:00,0.0,0.0,34.82,39.28,28.29,10.358,90.0,0.0,2.9679999999999778
2006-04-24 00:00:00,0.0,0.0,44.78,43.82,29.75,10.402999999999999,102.947,0.0,0.0
2006-04-24 01:00:00,0.0,0.0,44.75,41.61,29.19,11.015999999999998,90.0,9.53400000000002,0.0
2006-04-24 02:00:00,0.0,0.0,45.66,40.29,28.26,12.462,90.0,6.748000000000005,0.0
2006-04-24 03:00:00,0.0,0.0,47.62,41.15,27.63,13.853000000000002,90.0,7.546999999999997,0.0
2006-04-24 04:00:00,0.0,0.0,51.95,44.09,27.99,16.453,90.0,12.577000000000002,0.0
2006-04-24 05:00:00,0.0,0.0,56.68,47.84,31.56,20.697,90.0,20.38300000000001,0.0
2006-04-24 06:00:00,0.0,0.0,60.2,50.59,36.89,31.968999999999998,90.0,20.711,0.0
2006-04-24 07:00:00,0.0,0.0,62.17,52.19,40.34,46.563,103.13700000000003,0.0,0.0
2006-04-24 08:00:00,0.0,0.0,63.66,52.63,41.97,60.099999999999994,90.0,3.160000000000008,0.0
2006-04-24 09:00:00,0.0,0.0,65.06,52.73,42.64,71.277,90.0,0.0,5.846999999999994
2006-04-24 10:00:00,0.0,0.0,65.04,53.05,43.09,77.59,90.0,0.0,11.409999999999997
2006-04-24 11:00:00,0.0,0.0,64.01,52.03,43.27,80.966,90.0,0.0,16.65599999999997
2006-04-24 12:00:00,0.0,0.0,62.6,50.39,42.75,80.97,90.0,0.0,20.229999999999997
2006-04-24 13:00:00,0.0,0.0,61.42,48.44,42.05,76.532,90.0,0.0,19.622000000000014
2006-04-24 14:00:00,0.0,0.0,60.36,46.75,41.6,68.023,90.0,0.0,14.312999999999983
2006-04-24 15:00:00,0.0,0.0,60.0,45.92,42.29,57.771,90.0,0.0,4.560999999999979
2006-04-24 16:00:00,0.0,0.0,60.31,46.89,43.21,48.865,90.0,6.545000000000016,0.0
2006-04-24 17:00:00,0.0,0.0,60.85,48.77,43.5,42.052,106.068,0.0,0.0
2006-04-24 18:00:00,0.0,0.0,60.24,49.64,43.65,34.645,110.0,3.884999999999991,0.0
2006-04-24 19:00:00,0.0,0.0,58.02,48.86,43.04,31.307,90.0,23.612999999999985,0.0
2006-04-24 20:00:00,0.0,0.0,55.27,48.91,41.16,32.135999999999996,90.0,18.204000000000008,0.0
2006-04-24 21:00:00,0.0,0.0,51.71,50.0,37.81,32.643,90.0,11.87700000000001,0.0
2006-04-24 22:00:00,0.0,0.0,48.25,48.09,33.85,32.912,90.0,2.27800000000002,0.0
2006-04-24 23:00:00,0.0,0.0,45.95,45.34,30.37,33.678000000000004,90.0,0.0,7.018000000000001
2006-04-25 00:00:00,0.0,0.0,45.61,45.52,29.18,33.52,90.0,0.0,8.209999999999994
2006-04-25 01:00:00,0.0,0.0,45.58,43.31,28.61,33.512,90.0,0.0,11.011999999999995
2006-04-25 02:00:00,0.0,0.0,46.49,41.99,27.69,33.491,90.0,0.0,12.320999999999993
2006-04-25 03:00:00,0.0,0.0,48.45,42.85,27.05,32.296,90.0,0.0,8.945999999999984
2006-04-25 04:00:00,0.0,0.0,52.78,45.79,27.42,31.792,90.0,0.0,0.8019999999999925
2006-04-25 05:00:00,0.0,0.0,57.51,49.54,30.98,34.273,90.0,8.757,0.0
2006-04-25 06:00:00,0.0,0.0,61.02,52.29,36.32,41.937999999999995,102.69200000000001,0.0,0.0
2006-04-25 07:00:00,0.0,0.0,63.0,53.89,39.77,52.150999999999996,99.50900000000001,0.0,0.0
2006-04-25 08:00:00,0.0,0.0,64.49,54.33,41.39,64.986,90.0,0.2240000000000011,0.0
2006-04-25 09:00:00,0.0,0.0,65.89,54.43,42.07,75.614,90.0,0.0,8.22400000000002
2006-04-25 10:00:00,0.0,0.0,65.87,54.75,42.52,81.32900000000001,90.0,0.0,13.18899999999995
2006-04-25 11:00:00,0.0,0.0,64.84,53.73,42.7,85.203,90.0,0.0,18.932999999999986
2006-04-25 12:00:00,0.0,0.0,63.43,52.09,42.17,87.001,90.0,0.0,24.310999999999993
2006-04-25 13:00:00,0.0,0.0,62.25,50.14,41.48,85.168,90.0,0.0,26.298000000000002
2006-04-25 14:00:00,0.0,0.0,61.18,48.45,41.03,79.213,90.0,0.0,23.553000000000004
2006-04-25 15:00:00,0.0,0.0,60.83,47.62,41.71,69.096,90.0,0.0,13.935999999999993
2006-04-25 16:00:00,0.0,0.0,61.14,48.59,42.64,58.25599999999999,90.0,0.0,0.8859999999999673
2006-04-25 17:00:00,0.0,0.0,61.67,50.47,42.93,46.375,103.69500000000001,0.0,0.0
2006-04-25 18:00:00,0.0,0.0,61.07,51.34,43.08,33.588,116.90199999999999,0.0,0.0
2006-04-25 19:00:00,0.0,0.0,58.85,50.56,42.47,25.160999999999998,90.0,31.71900000000001,0.0
2006-04-25 20:00:00,0.0,0.0,56.1,50.61,40.58,27.107,110.0,5.183000000000007,0.0
2006-04-25 21:00:00,0.0,0.0,52.54,51.7,37.23,27.488000000000003,108.982,0.0,0.0
2006-04-25 22:00:00,0.0,0.0,49.07,49.79,33.28,27.266,99.874,0.0,0.0
2006-04-25 23:00:00,0.0,0.0,46.78,47.04,29.8,26.102000000000004,90.0,2.5179999999999954,0.0
2006-04-26 00:00:00,0.0,0.0,46.23,46.87,30.76,25.547,93.31299999999999,0.0,0.0
2006-04-26 01:00:00,0.0,0.0,46.2,44.65,30.2,25.438,90.61200000000002,0.0,0.0
2006-04-26 02:00:00,0.0,0.0,47.11,43.33,29.27,25.145000000000003,90.0,0.0,0.4350000000000023
2006-04-26 03:00:00,0.0,0.0,49.07,44.2,28.64,24.696,92.214,0.0,0.0
2006-04-26 04:00:00,0.0,0.0,53.4,47.14,29.0,22.485,90.0,12.05499999999999,0.0
2006-04-26 05:00:00,0.0,0.0,58.13,50.89,32.57,22.622,113.96799999999999,0.0,0.0
2006-04-26 06:00:00,0.0,0.0,61.64,53.64,37.9,31.169999999999998,90.0,27.009999999999994,0.0
2006-04-26 07:00:00,0.0,0.0,63.62,55.23,41.35,41.452999999999996,110.0,3.747,0.0
2006-04-26 08:00:00,0.0,0.0,65.11,55.68,42.98,53.147999999999996,105.62199999999999,0.0,0.0
2006-04-26 09:00:00,0.0,0.0,66.51,55.77,43.65,63.29299999999999,90.0,7.637000000000026,0.0
2006-04-26 10:00:00,0.0,0.0,66.49,56.1,44.1,67.483,94.207,0.0,0.0
2006-04-26 11:00:00,0.0,0.0,65.46,55.07,44.28,68.291,91.51899999999998,0.0,0.0
2006-04-26 12:00:00,0.0,0.0,64.05,53.44,43.76,67.221,90.0,0.0,0.9709999999999894
2006-04-26 13:00:00,0.0,0.0,62.87,51.48,43.06,63.608999999999995,90.0,0.0,1.1989999999999839
2006-04-26 14:00:00,0.0,0.0,61.81,49.8,42.61,57.041000000000004,90.0,2.1790000000000163,0.0
2006-04-26 15:00:00,0.0,0.0,61.45,48.97,43.3,48.19199999999999,100.52799999999999,0.0,0.0
2006-04-26 16:00:00,0.0,0.0,61.76,49.93,44.22,36.90899999999999,114.001,0.0,0.0
2006-04-26 17:00:00,0.0,0.0,62.29,51.82,44.51,24.07,129.54999999999998,0.0,0.0
2006-04-26 18:00:00,0.0,0.0,61.69,52.69,44.66,12.097000000000001,141.94299999999998,0.0,0.0
2006-04-26 19:00:00,0.0,0.0,59.47,51.9,44.05,5.733,135.0,9.686999999999998,0.0
2006-04-26 20:00:00,0.0,0.0,56.72,51.96,42.17,6.506,110.0,29.34400000000001,0.0
2006-04-26 21:00:00,0.0,0.0,53.16,53.05,38.82,6.885,110.0,23.144999999999996,0.0
2006-04-26 22:00:00,0.0,0.0,49.69,51.13,34.86,6.992000000000001,123.688,0.0,0.0
2006-04-26 23:00:00,0.0,0.0,47.4,48.39,31.38,7.254,114.916,0.0,0.0
2006-04-27 00:00:00,0.0,0.0,46.37,48.74,30.97,8.184000000000001,110.0,2.896000000000015,0.0
2006-04-27 01:00:00,0.0,0.0,46.34,46.53,30.41,9.104,109.17600000000002,0.0,0.0
2006-04-27 02:00:00,0.0,0.0,47.25,45.21,29.48,9.42,107.52000000000001,0.0,0.0
2006-04-27 03:00:00,0.0,0.0,49.21,46.07,28.84,10.190999999999999,108.92900000000002,0.0,0.0
2006-04-27 04:00:00,0.0,0.0,53.54,49.01,29.21,10.791,90.0,25.96900000000001,0.0
2006-04-27 05:00:00,0.0,0.0,58.27,52.77,32.77,14.646,124.16400000000002,0.0,0.0
2006-04-27 06:00:00,0.0,0.0,61.79,55.51,38.11,24.42,90.0,35.989999999999995,0.0
2006-04-27 07:00:00,0.0,0.0,63.76,57.11,41.56,38.258,90.0,29.17200000000001,0.0
2006-04-27 08:00:00,0.0,0.0,65.25,57.56,43.18,53.988,107.00200000000001,0.0,0.0
2006-04-27 09:00:00,0.0,0.0,66.65,57.65,43.86,65.80699999999999,97.35300000000001,0.0,0.0
2006-04-27 10:00:00,0.0,0.0,66.63,57.97,44.31,72.21000000000001,90.0,1.700000000000017,0.0
2006-04-27 11:00:00,0.0,0.0,65.6,56.95,44.49,76.06,90.0,0.0,4.02000000000001
2006-04-27 12:00:00,0.0,0.0,64.19,55.32,43.97,79.67,90.0,0.0,11.190000000000007
2006-04-27 13:00:00,0.0,0.0,63.01,53.36,43.27,81.106,90.0,0.0,16.465999999999987
2006-04-27 14:00:00,0.0,0.0,61.95,51.67,42.82,80.412,90.0,0.0,18.97200000000001
2006-04-27 15:00:00,0.0,0.0,61.59,50.85,43.5,76.786,90.0,0.0,15.84599999999997
2006-04-27 16:00:00,0.0,0.0,61.9,51.81,44.43,68.922,90.0,0.0,5.781999999999954
2006-04-27 17:00:00,0.0,0.0,62.44,53.69,44.72,57.239999999999995,98.61,0.0,0.0
2006-04-27 18:00:00,0.0,0.0,61.83,54.57,44.87,42.007,110.0,4.262999999999988,0.0
2006-04-27 19:00:00,0.0,0.0,59.61,53.78,44.26,30.023,122.627,0.0,0.0
2006-04-27 20:00:00,0.0,0.0,56.86,53.83,42.37,29.137999999999998,118.922,0.0,0.0
2006-04-27 21:00:00,0.0,0.0,53.3,54.92,39.02,27.876,105.67928500000033,8.68471499999968,0.0
2006-04-27 22:00:00,0.0,0.0,49.84,53.01,35.07,25.798000000000002,107.12200000000001,0.0,0.0
2006-04-27 23:00:00,0.0,0.0,47.54,50.27,31.59,24.165999999999997,100.23400000000002,0.0,0.0
2006-04-28 00:00:00,0.0,0.0,45.95,50.88,30.59,23.157,90.0,9.263000000000005,0.0
2006-04-28 01:00:00,0.0,0.0,45.92,48.67,30.03,22.714,90.0,6.90600000000002,0.0
2006-04-28 02:00:00,0.0,0.0,46.83,47.34,29.1,21.512999999999998,96.757,0.0,0.0
2006-04-28 03:00:00,0.0,0.0,48.79,48.21,28.47,21.397,99.07300000000001,0.0,0.0
2006-04-28 04:00:00,0.0,0.0,53.12,51.15,28.84,20.270999999999997,107.839,0.0,0.0
2006-04-28 05:00:00,0.0,0.0,57.86,54.9,32.4,24.622000000000003,110.0,5.537999999999993,0.0
2006-04-28 06:00:00,0.0,0.0,61.37,57.65,37.73,37.035999999999994,90.0,24.714000000000002,0.0
2006-04-28 07:00:00,0.0,0.0,63.34,59.25,41.18,56.459,102.311,0.0,0.0
2006-04-28 08:00:00,0.0,0.0,64.84,59.69,42.81,73.009,90.0,0.0,0.6690000000000111
2006-04-28 09:00:00,0.0,0.0,66.23,59.79,43.48,84.368,90.0,0.0,9.868000000000006
2006-04-28 10:00:00,0.0,0.0,66.21,60.11,43.93,90.922,90.0,0.0,15.672000000000022
2006-04-28 11:00:00,0.0,0.0,65.18,59.09,44.11,95.023,90.0,0.0,21.64299999999999
2006-04-28 12:00:00,0.0,0.0,63.77,57.45,43.59,97.295,90.0,0.0,27.485
2006-04-28 13:00:00,0.0,0.0,62.59,55.5,42.89,97.512,90.0,0.0,31.53199999999998
2006-04-28 14:00:00,0.0,0.0,61.53,53.81,42.45,95.051,90.0,0.0,32.26099999999998
2006-04-28 15:00:00,0.0,0.0,61.17,52.98,43.13,88.77699999999999,90.0,0.0,26.497
2006-04-28 16:00:00,0.0,0.0,61.49,53.95,44.06,78.687,90.0,0.0,14.186999999999983
2006-04-28 17:00:00,0.0,0.0,62.02,55.83,44.34,64.46600000000001,90.0,2.723999999999994,0.0
2006-04-28 18:00:00,0.0,0.0,61.42,56.7,44.49,47.097,110.513,0.0,0.0
2006-04-28 19:00:00,0.0,0.0,59.19,55.92,43.88,32.05200000000001,90.0,31.937999999999995,0.0
2006-04-28 20:00:00,0.0,0.0,56.44,55.97,42.0,28.86,110.0,10.550000000000011,0.0
2006-04-28 21:00:00,0.0,0.0,52.88,57.06,38.65,27.419999999999998,90.0,26.170000000000016,0.0
2006-04-28 22:00:00,0.0,0.0,49.42,55.15,34.69,26.159,90.0,18.101,0.0
2006-04-28 23:00:00,0.0,0.0,47.12,52.4,31.21,25.726,90.0,10.004000000000001,0.0
2006-04-29 00:00:00,0.0,0.0,39.02,50.89,28.68,25.396,90.0,0.0,1.8060000000000116
2006-04-29 01:00:00,0.0,0.0,38.99,48.67,28.11,24.782,90.0,0.0,4.0120000000000005
2006-04-29 02:00:00,0.0,0.0,39.9,47.35,27.19,24.432000000000002,90.0,0.0,4.992
2006-04-29 03:00:00,0.0,0.0,41.86,48.22,26.55,24.342,90.0,0.0,2.7119999999999953
2006-04-29 04:00:00,0.0,0.0,46.19,51.16,26.92,23.835,95.435,0.0,0.0
2006-04-29 05:00:00,0.0,0.0,50.92,54.91,30.48,27.963,90.0,13.347000000000008,0.0
2006-04-29 06:00:00,0.0,0.0,54.43,57.66,35.82,40.795,102.11500000000002,0.0,0.0
2006-04-29 07:00:00,0.0,0.0,56.41,59.25,39.27,60.863,90.0,0.0,0.9329999999999927
2006-04-29 08:00:00,0.0,0.0,57.9,59.7,40.89,73.50800000000001,90.0,0.0,10.018000000000015
2006-04-29 09:00:00,0.0,0.0,59.3,59.79,41.57,80.688,90.0,0.0,15.028000000000006
2006-04-29 10:00:00,0.0,0.0,59.28,60.11,42.02,83.22,90.0,0.0,16.809999999999988
2006-04-29 11:00:00,0.0,0.0,58.25,59.09,42.2,83.74800000000002,90.0,0.0,19.208000000000013
2006-04-29 12:00:00,0.0,0.0,56.84,57.46,41.67,81.757,90.0,0.0,20.786999999999978
2006-04-29 13:00:00,0.0,0.0,55.66,55.5,40.98,78.28,90.0,0.0,21.140000000000015
2006-04-29 14:00:00,0.0,0.0,54.6,53.81,40.53,72.624,90.0,0.0,18.683999999999973
2006-04-29 15:00:00,0.0,0.0,54.24,52.99,41.21,63.996,90.0,0.0,10.55599999999997
2006-04-29 16:00:00,0.0,0.0,54.55,53.95,42.14,54.063,91.57700000000003,0.0,0.0
2006-04-29 17:00:00,0.0,0.0,55.09,55.83,42.43,40.88,107.47,0.0,0.0
2006-04-29 18:00:00,0.0,0.0,54.48,56.71,42.58,25.135,110.0,13.634999999999991,0.0
2006-04-29 19:00:00,0.0,0.0,52.26,55.92,41.97,13.098,90.0,42.05199999999999,0.0
2006-04-29 20:00:00,0.0,0.0,49.51,55.97,40.08,11.581999999999999,110.0,18.977999999999994,0.0
2006-04-29 21:00:00,0.0,0.0,45.95,57.06,36.73,11.422999999999998,110.0,13.317000000000007,0.0
2006-04-29 22:00:00,0.0,0.0,42.48,55.15,32.78,10.576,114.834,0.0,0.0
2006-04-29 23:00:00,0.0,0.0,40.19,52.41,29.3,10.209,90.0,16.691000000000003,0.0
2006-04-30 00:00:00,0.0,0.0,35.14,48.44,28.34,9.891,97.02900000000002,0.0,0.0
2006-04-30 01:00:00,0.0,0.0,35.11,46.23,27.77,9.654,94.45599999999999,0.0,0.0
2006-04-30 02:00:00,0.0,0.0,36.02,44.91,26.85,9.442,93.33800000000001,0.0,0.0
2006-04-30 03:00:00,0.0,0.0,37.98,45.77,26.21,9.359,95.60100000000003,0.0,0.0
2006-04-30 04:00:00,0.0,0.0,42.31,48.71,26.58,9.379999999999999,103.22000000000003,0.0,0.0
2006-04-30 05:00:00,0.0,0.0,47.05,52.47,30.14,12.46,112.19999999999999,0.0,0.0
2006-04-30 06:00:00,0.0,0.0,50.56,55.21,35.48,21.465000000000003,114.78500000000003,0.0,0.0
2006-04-30 07:00:00,0.0,0.0,52.53,56.81,38.93,34.064,109.20600000000003,0.0,0.0
2006-04-30 08:00:00,0.0,0.0,54.03,57.25,40.55,43.215,103.61500000000001,0.0,0.0
2006-04-30 09:00:00,0.0,0.0,55.42,57.35,41.23,49.77,99.22999999999999,0.0,0.0
2006-04-30 10:00:00,0.0,0.0,55.4,57.67,41.68,55.304,90.0,4.4460000000000095,0.0
2006-04-30 11:00:00,0.0,0.0,54.37,56.65,41.86,58.524,90.0,0.0,0.6439999999999912
2006-04-30 12:00:00,0.0,0.0,52.96,55.01,41.33,57.991,90.0,0.0,3.6910000000000025
2006-04-30 13:00:00,0.0,0.0,51.78,53.06,40.63,54.291999999999994,90.0,0.0,3.8219999999999743
2006-04-30 14:00:00,0.0,0.0,50.72,51.37,40.19,47.558,90.0,0.0,0.27800000000000846
2006-04-30 15:00:00,0.0,0.0,50.36,50.55,40.87,38.178000000000004,98.60199999999999,0.0,0.0
2006-04-30 16:00:00,0.0,0.0,50.68,51.51,41.8,28.093,110.0,0.8970000000000056,0.0
2006-04-30 17:00:00,0.0,0.0,51.21,53.39,42.08,17.793,110.0,13.88699999999999,0.0
2006-04-30 18:00:00,0.0,0.0,50.61,54.27,42.23,11.792,130.0,0.31799999999998896,0.0
2006-04-30 19:00:00,0.0,0.0,48.38,53.48,41.63,9.668000000000001,90.0,38.821999999999996,0.0
2006-04-30 20:00:00,0.0,0.0,45.63,53.53,39.74,12.401000000000002,110.0,11.499000000000024,0.0
2006-04-30 21:00:00,0.0,0.0,42.07,54.62,36.39,15.642,110.0,2.4380000000000024,0.0
2006-04-30 22:00:00,0.0,0.0,38.61,52.71,32.44,18.617,100.143,0.0,0.0
2006-04-30 23:00:00,0.0,0.0,36.32,49.97,28.96,20.560000000000002,90.0,0.0,0.30999999999997385
2006-05-01 00:00:00,0.0,0.0,45.79,51.71,30.31,21.462,101.34800000000001,0.0,0.0
2006-05-01 01:00:00,0.0,0.0,45.76,49.49,29.75,21.63,98.37,0.0,0.0
2006-05-01 02:00:00,0.0,0.0,46.67,48.17,28.82,21.675,96.98499999999999,0.0,0.0
2006-05-01 03:00:00,0.0,0.0,48.63,49.04,28.19,22.033999999999995,90.0,8.826000000000006,0.0
2006-05-01 04:00:00,0.0,0.0,52.96,51.98,28.56,24.515,90.0,13.985000000000012,0.0
2006-05-01 05:00:00,0.0,0.0,57.7,55.73,32.12,31.001000000000005,109.549,0.0,0.0
2006-05-01 06:00:00,0.0,0.0,61.21,58.48,37.46,41.562,90.0,20.58799999999999,0.0
2006-05-01 07:00:00,0.0,0.0,63.18,60.07,40.9,56.544,90.0,12.606000000000023,0.0
2006-05-01 08:00:00,0.0,0.0,64.68,60.52,42.53,75.979,90.0,0.0,3.248999999999981
2006-05-01 09:00:00,0.0,0.0,66.07,60.61,43.21,93.40599999999999,90.0,0.0,18.516000000000016
2006-05-01 10:00:00,0.0,0.0,66.05,60.93,43.65,105.72899999999998,90.0,0.0,30.099000000000004
2006-05-01 11:00:00,0.0,0.0,65.02,59.91,43.84,111.55300000000003,90.0,0.0,37.782999999999994
2006-05-01 12:00:00,0.0,0.0,63.61,58.28,43.31,112.84800000000001,90.0,0.0,42.64799999999998
2006-05-01 13:00:00,0.0,0.0,62.43,56.32,42.61,108.77699999999999,90.0,0.0,42.41699999999997
2006-05-01 14:00:00,0.0,0.0,61.37,54.63,42.17,99.95400000000001,90.0,0.0,36.784000000000006
2006-05-01 15:00:00,0.0,0.0,61.01,53.81,42.85,87.13600000000001,90.0,0.0,24.465999999999987
2006-05-01 16:00:00,0.0,0.0,61.33,54.77,43.78,71.65800000000002,90.0,0.0,6.777999999999977
2006-05-01 17:00:00,0.0,0.0,61.86,56.65,44.06,54.964,90.0,12.606000000000005,0.0
2006-05-01 18:00:00,0.0,0.0,61.26,57.53,44.21,35.80499999999999,90.0,32.19500000000002,0.0
2006-05-01 19:00:00,0.0,0.0,59.03,56.74,43.6,18.201999999999995,110.0,26.168000000000006,0.0
2006-05-01 20:00:00,0.0,0.0,56.28,56.79,41.72,14.584999999999999,90.0,45.205,0.0
2006-05-01 21:00:00,0.0,0.0,52.72,57.88,38.37,13.484,115.0,15.486000000000018,0.0
2006-05-01 22:00:00,0.0,0.0,49.26,55.97,34.41,12.112,91.30215000000008,31.225849999999916,0.0
2006-05-01 23:00:00,0.0,0.0,46.97,53.23,30.94,11.484,90.0,24.655999999999977,0.0
2006-05-02 00:00:00,0.0,0.0,46.29,45.91,30.11,11.284,106.02600000000001,0.0,0.0
2006-05-02 01:00:00,0.0,0.0,46.26,43.69,29.52,11.871,102.599,0.0,0.0
2006-05-02 02:00:00,0.0,0.0,47.17,42.38,28.6,13.146,100.00400000000002,0.0,0.0
2006-05-02 03:00:00,0.0,0.0,49.12,43.25,27.96,15.293000000000001,90.0,10.037000000000006,0.0
2006-05-02 04:00:00,0.0,0.0,53.48,46.17,28.33,18.799999999999997,104.18,0.0,0.0
2006-05-02 05:00:00,0.0,0.0,58.22,49.92,31.91,27.340000000000007,90.0,17.709999999999994,0.0
2006-05-02 06:00:00,0.0,0.0,61.73,52.68,37.25,42.577,104.08299999999998,0.0,0.0
2006-05-02 07:00:00,0.0,0.0,63.7,54.29,40.7,59.906000000000006,90.0,3.784000000000006,0.0
2006-05-02 08:00:00,0.0,0.0,65.2,54.75,42.33,78.87,90.0,0.0,6.590000000000003
2006-05-02 09:00:00,0.0,0.0,66.6,54.86,43.01,94.614,90.0,0.0,20.14399999999999
2006-05-02 10:00:00,0.0,0.0,66.57,55.19,43.46,102.62499999999999,77.97197229916888,0.0,15.376972299168886
2006-05-02 11:00:00,0.0,0.0,65.54,54.17,43.64,105.177,58.173000000000016,0.0,0.0
2006-05-02 12:00:00,0.0,0.0,64.14,52.55,43.11,104.97899999999998,90.0,0.0,35.179000000000016
2006-05-02 13:00:00,0.0,0.0,62.96,50.61,42.42,102.652,90.0,0.0,36.662000000000006
2006-05-02 14:00:00,0.0,0.0,61.9,48.93,41.97,95.703,90.0,0.0,32.90300000000002
2006-05-02 15:00:00,0.0,0.0,61.54,48.1,42.66,83.16,90.0,0.0,20.860000000000014
2006-05-02 16:00:00,0.0,0.0,61.84,49.06,43.58,69.179,90.0,0.0,4.698999999999986
2006-05-02 17:00:00,0.0,0.0,62.35,50.91,43.86,56.926,90.0,10.194000000000003,0.0
2006-05-02 18:00:00,0.0,0.0,61.72,51.74,43.99,47.852000000000004,90.0,19.598,0.0
2006-05-02 19:00:00,0.0,0.0,59.5,50.95,43.37,43.749,90.0,20.070999999999998,0.0
2006-05-02 20:00:00,0.0,0.0,56.77,51.05,41.5,45.004999999999995,90.0,14.314999999999994,0.0
2006-05-02 21:00:00,0.0,0.0,53.2,52.13,38.17,46.467,90.0,7.033000000000026,0.0
2006-05-02 22:00:00,0.0,0.0,49.74,50.19,34.22,46.271,90.0,0.0,2.120999999999995
2006-05-02 23:00:00,0.0,0.0,47.46,47.44,30.74,45.45399999999999,80.18599999999999,0.0,0.0
2006-05-03 00:00:00,0.0,0.0,45.57,42.88,29.59,42.695,75.345,0.0,0.0
2006-05-03 01:00:00,0.0,0.0,45.53,40.66,28.98,39.83,90.0,0.0,14.660000000000004
2006-05-03 02:00:00,0.0,0.0,46.44,39.36,28.06,37.75899999999999,90.0,0.0,13.899000000000001
2006-05-03 03:00:00,0.0,0.0,48.39,40.23,27.43,35.546,80.50399999999998,0.0,0.0
2006-05-03 04:00:00,0.0,0.0,52.77,43.14,27.8,32.995,90.0,0.7149999999999963,0.0
2006-05-03 05:00:00,0.0,0.0,57.53,46.88,31.39,39.321999999999996,90.0,6.477999999999999,0.0
2006-05-03 06:00:00,0.0,0.0,61.03,49.64,36.73,53.973000000000006,90.0,3.426999999999996,0.0
2006-05-03 07:00:00,0.0,0.0,63.0,51.27,40.19,65.938,88.52199999999999,0.0,0.0
2006-05-03 08:00:00,0.0,0.0,64.5,51.74,41.83,82.253,90.0,0.0,14.183000000000021
2006-05-03 09:00:00,0.0,0.0,65.9,51.87,42.5,98.881,90.0,0.0,28.61099999999997
2006-05-03 10:00:00,0.0,0.0,65.87,52.21,42.95,108.113,90.0,0.0,37.082999999999984
2006-05-03 11:00:00,0.0,0.0,64.84,51.19,43.13,110.905,70.0,0.0,21.744999999999997
2006-05-03 12:00:00,0.0,0.0,63.43,49.59,42.61,106.692,48.93799999999999,0.0,0.0
2006-05-03 13:00:00,0.0,0.0,62.26,47.65,41.91,99.16,90.0,0.0,37.34000000000002
2006-05-03 14:00:00,0.0,0.0,61.19,45.98,41.47,87.39399999999999,90.0,0.0,28.75400000000002
2006-05-03 15:00:00,0.0,0.0,60.84,45.16,42.16,73.261,74.899,0.0,0.0
2006-05-03 16:00:00,0.0,0.0,61.13,46.11,43.08,59.58500000000001,90.0,0.7349999999999994,0.0
2006-05-03 17:00:00,0.0,0.0,61.62,47.93,43.34,45.338,90.0,17.551999999999992,0.0
2006-05-03 18:00:00,0.0,0.0,60.96,48.72,43.46,32.37800000000001,90.0,30.76200000000001,0.0
2006-05-03 19:00:00,0.0,0.0,58.74,47.92,42.82,23.598000000000003,90.0,35.882000000000005,0.0
2006-05-03 20:00:00,0.0,0.0,56.02,48.06,40.96,21.391000000000002,90.0,33.649,0.0
2006-05-03 21:00:00,0.0,0.0,52.46,49.15,37.66,21.049,90.0,28.220999999999975,0.0
2006-05-03 22:00:00,0.0,0.0,49.01,47.17,33.72,19.867,90.0,20.032999999999998,0.0
2006-05-03 23:00:00,0.0,0.0,46.73,44.41,30.23,18.919,90.0,12.450999999999993,0.0
2006-05-04 00:00:00,0.0,0.0,44.98,41.86,28.1,18.392,90.0,6.547999999999988,0.0
2006-05-04 01:00:00,0.0,0.0,44.95,39.64,27.48,17.901,90.0,4.169000000000011,0.0
2006-05-04 02:00:00,0.0,0.0,45.85,38.35,26.56,17.812,90.0,2.9480000000000075,0.0
2006-05-04 03:00:00,0.0,0.0,47.81,39.22,25.93,18.336,90.0,4.624000000000002,0.0
2006-05-04 04:00:00,0.0,0.0,52.21,42.11,26.3,19.147000000000002,90.0,11.473000000000003,0.0
2006-05-04 05:00:00,0.0,0.0,56.97,45.85,29.91,25.887,90.0,16.842999999999993,0.0
2006-05-04 06:00:00,0.0,0.0,60.48,48.62,35.25,38.312000000000005,90.0,16.03799999999999,0.0
2006-05-04 07:00:00,0.0,0.0,62.44,50.26,38.72,50.522999999999996,90.0,10.896999999999991,0.0
2006-05-04 08:00:00,0.0,0.0,63.95,50.75,40.36,70.204,84.85600000000001,0.0,0.0
2006-05-04 09:00:00,0.0,0.0,65.35,50.89,41.03,95.76299999999999,61.507000000000005,0.0,0.0
2006-05-04 10:00:00,0.0,0.0,65.31,51.25,41.48,112.565,45.474999999999994,0.0,0.0
2006-05-04 11:00:00,0.0,0.0,64.28,50.23,41.66,118.762,70.0,0.0,32.59200000000001
2006-05-04 12:00:00,0.0,0.0,62.88,48.64,41.14,119.569,90.0,0.0,56.909000000000006
2006-05-04 13:00:00,0.0,0.0,61.7,46.71,40.44,116.94200000000001,70.0,0.0,38.092
2006-05-04 14:00:00,0.0,0.0,60.64,45.05,40.0,110.756,70.0,0.0,35.06600000000002
2006-05-04 15:00:00,0.0,0.0,60.29,44.23,40.69,100.869,70.0,0.0,25.658999999999992
2006-05-04 16:00:00,0.0,0.0,60.57,45.17,41.61,86.38399999999999,70.0,0.0,9.033999999999992
2006-05-04 17:00:00,0.0,0.0,61.03,46.97,41.86,66.73,83.13000000000001,0.0,0.0
2006-05-04 18:00:00,0.0,0.0,60.35,47.71,41.96,51.9,90.0,8.120000000000033,0.0
2006-05-04 19:00:00,0.0,0.0,58.13,46.91,41.31,44.288999999999994,90.0,12.060999999999993,0.0
2006-05-04 20:00:00,0.0,0.0,55.43,47.09,39.46,44.35,90.0,7.629999999999988,0.0
2006-05-04 21:00:00,0.0,0.0,51.86,48.17,36.19,40.638,90.0,5.581999999999994,0.0
2006-05-04 22:00:00,0.0,0.0,48.41,46.16,32.26,37.789,89.041,0.0,0.0
2006-05-04 23:00:00,0.0,0.0,46.15,43.39,28.76,35.879999999999995,90.0,0.0,7.579999999999998
2006-05-05 00:00:00,0.0,0.0,43.87,41.62,28.16,34.593,90.0,0.0,10.942999999999998
2006-05-05 01:00:00,0.0,0.0,43.84,39.4,27.51,32.783,77.96700000000001,0.0,0.0
2006-05-05 02:00:00,0.0,0.0,44.73,38.12,26.59,31.475,84.34588365650964,0.0,6.380883656509657
2006-05-05 03:00:00,0.0,0.0,46.69,38.98,25.96,31.576,80.05399999999997,0.0,0.0
2006-05-05 04:00:00,0.0,0.0,51.12,41.86,26.34,30.488,88.832,0.0,0.0
2006-05-05 05:00:00,0.0,0.0,55.89,45.6,29.96,37.394,90.0,4.056000000000008,0.0
2006-05-05 06:00:00,0.0,0.0,59.39,48.38,35.3,45.687000000000005,90.0,7.38300000000001,0.0
2006-05-05 07:00:00,0.0,0.0,61.35,50.03,38.77,60.986999999999995,89.16300000000001,0.0,0.0
2006-05-05 08:00:00,0.0,0.0,62.86,50.54,40.42,81.70100000000002,90.0,0.0,17.881
2006-05-05 09:00:00,0.0,0.0,64.27,50.69,41.09,92.416,70.0,0.0,6.366
2006-05-05 10:00:00,0.0,0.0,64.22,51.06,41.54,98.16000000000001,58.65999999999998,0.0,0.0
2006-05-05 11:00:00,0.0,0.0,63.19,50.04,41.73,100.151,54.809,0.0,0.0
2006-05-05 12:00:00,0.0,0.0,61.79,48.46,41.2,99.152,90.0,0.0,37.702
2006-05-05 13:00:00,0.0,0.0,60.62,46.55,40.5,94.67999999999999,70.0,0.0,17.010000000000012
2006-05-05 14:00:00,0.0,0.0,59.55,44.89,40.07,86.34700000000001,58.163,0.0,0.0
2006-05-05 15:00:00,0.0,0.0,59.2,44.08,40.76,74.34,70.0,0.0,0.3000000000000256
2006-05-05 16:00:00,0.0,0.0,59.47,45.01,41.68,56.784000000000006,89.37599999999999,0.0,0.0
2006-05-05 17:00:00,0.0,0.0,59.91,46.78,41.92,34.013,90.0,24.596999999999994,0.0
2006-05-05 18:00:00,0.0,0.0,59.2,47.47,42.0,19.299999999999997,90.0,39.370000000000005,0.0
2006-05-05 19:00:00,0.0,0.0,56.99,46.67,41.34,14.575,90.0,40.425,0.0
2006-05-05 20:00:00,0.0,0.0,54.3,46.89,39.5,17.897000000000002,90.0,32.79299999999999,0.0
2006-05-05 21:00:00,0.0,0.0,50.72,47.98,36.26,19.220999999999997,90.0,25.739000000000008,0.0
2006-05-05 22:00:00,0.0,0.0,47.29,45.93,32.32,19.631,90.0,15.908999999999992,0.0
2006-05-05 23:00:00,0.0,0.0,45.03,43.16,28.83,18.802,90.0,8.218000000000004,0.0
2006-05-06 00:00:00,0.0,0.0,35.78,38.67,26.7,17.603,83.547,0.0,0.0
2006-05-06 01:00:00,0.0,0.0,35.75,36.45,26.04,16.38,81.86,0.0,0.0
2006-05-06 02:00:00,0.0,0.0,36.64,35.17,25.11,15.775,81.14500000000001,0.0,0.0
2006-05-06 03:00:00,0.0,0.0,38.59,36.04,24.49,15.103000000000002,84.01699999999998,0.0,0.0
2006-05-06 04:00:00,0.0,0.0,43.05,38.9,24.87,15.081,90.0,1.73899999999999,0.0
2006-05-06 05:00:00,0.0,0.0,47.83,42.63,28.5,22.043,90.0,6.917000000000002,0.0
2006-05-06 06:00:00,0.0,0.0,51.33,45.42,33.85,32.88699999999999,90.0,7.713000000000008,0.0
2006-05-06 07:00:00,0.0,0.0,53.29,47.09,37.33,42.79900000000001,90.0,4.911000000000001,0.0
2006-05-06 08:00:00,0.0,0.0,54.8,47.61,38.97,54.919,90.0,0.0,3.5390000000000015
2006-05-06 09:00:00,0.0,0.0,56.21,47.78,39.65,75.91900000000001,67.72100000000002,0.0,0.0
2006-05-06 10:00:00,0.0,0.0,56.15,48.16,40.1,90.68799999999999,70.0,0.0,16.27800000000002
2006-05-06 11:00:00,0.0,0.0,55.12,47.14,40.28,96.66399999999999,90.0,0.0,44.12399999999998
2006-05-06 12:00:00,0.0,0.0,53.72,45.58,39.75,96.39699999999999,42.653,0.0,0.0
2006-05-06 13:00:00,0.0,0.0,52.56,43.68,39.06,91.77000000000001,50.0,0.0,6.469999999999999
2006-05-06 14:00:00,0.0,0.0,51.49,42.03,38.63,84.07600000000001,50.0,0.0,1.9260000000000055
2006-05-06 15:00:00,0.0,0.0,51.14,41.21,39.32,72.065,90.0,0.0,30.394999999999982
2006-05-06 16:00:00,0.0,0.0,51.4,42.14,40.24,53.321,80.45899999999999,0.0,0.0
2006-05-06 17:00:00,0.0,0.0,51.82,43.88,40.47,33.663999999999994,90.0,12.506000000000004,0.0
2006-05-06 18:00:00,0.0,0.0,51.08,44.53,40.53,23.032999999999998,90.0,23.107,0.0
2006-05-06 19:00:00,0.0,0.0,48.87,43.72,39.85,21.948,90.0,20.49200000000002,0.0
2006-05-06 20:00:00,0.0,0.0,46.2,43.99,38.03,25.853,90.0,12.367000000000019,0.0
2006-05-06 21:00:00,0.0,0.0,42.62,45.07,34.81,27.435999999999996,90.0,5.063999999999993,0.0
2006-05-06 22:00:00,0.0,0.0,39.19,42.99,30.89,26.647000000000002,86.423,0.0,0.0
2006-05-06 23:00:00,0.0,0.0,36.94,40.21,27.39,24.9,79.63999999999999,0.0,0.0
2006-05-07 00:00:00,0.0,0.0,32.01,37.8,26.12,22.450000000000003,73.47999999999999,0.0,0.0
2006-05-07 01:00:00,0.0,0.0,31.98,35.57,25.44,20.538999999999998,72.451,0.0,0.0
2006-05-07 02:00:00,0.0,0.0,32.86,34.31,24.51,19.134999999999998,72.54500000000002,0.0,0.0
2006-05-07 03:00:00,0.0,0.0,34.82,35.18,23.9,18.108,75.792,0.0,0.0
2006-05-07 04:00:00,0.0,0.0,39.3,38.02,24.28,17.553,90.0,0.0,5.95300000000001
2006-05-07 05:00:00,0.0,0.0,44.09,41.75,27.93,24.064999999999998,89.70500000000001,0.0,0.0
2006-05-07 06:00:00,0.0,0.0,47.59,44.55,33.27,32.517,90.0,2.8930000000000042,0.0
2006-05-07 07:00:00,0.0,0.0,49.54,46.22,36.76,43.125,90.0,0.0,0.6049999999999898
2006-05-07 08:00:00,0.0,0.0,51.06,46.76,38.41,63.068,73.16199999999999,0.0,0.0
2006-05-07 09:00:00,0.0,0.0,52.47,46.95,39.08,78.792,59.708,0.0,0.0
2006-05-07 10:00:00,0.0,0.0,52.41,47.34,39.54,86.48599999999999,70.0,0.0,17.195999999999998
2006-05-07 11:00:00,0.0,0.0,51.37,46.32,39.72,89.959,70.0,0.0,22.549000000000007
2006-05-07 12:00:00,0.0,0.0,49.97,44.77,39.19,90.873,70.0,0.0,26.942999999999984
2006-05-07 13:00:00,0.0,0.0,48.81,42.89,38.49,89.417,50.0,0.0,9.227000000000018
2006-05-07 14:00:00,0.0,0.0,47.75,41.24,38.06,84.757,42.29300000000001,0.0,0.0
2006-05-07 15:00:00,0.0,0.0,47.4,40.43,38.76,77.15700000000001,74.87427977839337,0.0,25.44127977839338
2006-05-07 16:00:00,0.0,0.0,47.65,41.35,39.67,63.939,70.0,0.0,5.2690000000000055
2006-05-07 17:00:00,0.0,0.0,48.04,43.06,39.89,47.959,90.0,0.0,6.968999999999994
2006-05-07 18:00:00,0.0,0.0,47.28,43.66,39.93,34.605,90.0,6.265000000000015,0.0
2006-05-07 19:00:00,0.0,0.0,45.06,42.85,39.25,26.417999999999996,90.0,10.742,0.0
2006-05-07 20:00:00,0.0,0.0,42.41,43.16,37.43,30.397000000000002,90.0,2.6029999999999944,0.0
2006-05-07 21:00:00,0.0,0.0,38.83,44.24,34.24,32.668,84.642,0.0,0.0
2006-05-07 22:00:00,0.0,0.0,35.41,42.13,30.33,33.417,90.0,0.0,15.547000000000011
2006-05-07 23:00:00,0.0,0.0,33.16,39.34,26.82,33.479,65.841,0.0,0.0
2006-05-08 00:00:00,0.0,0.0,43.54,49.26,27.78,34.091,86.48899999999998,0.0,0.0
2006-05-08 01:00:00,0.0,0.0,43.5,47.04,27.08,34.864000000000004,90.0,0.0,7.243999999999986
2006-05-08 02:00:00,0.0,0.0,44.38,45.78,26.15,36.239000000000004,80.071,0.0,0.0
2006-05-08 03:00:00,0.0,0.0,46.34,46.65,25.54,37.541,80.989,0.0,0.0
2006-05-08 04:00:00,0.0,0.0,50.84,49.48,25.92,37.89,88.35000000000001,0.0,0.0
2006-05-08 05:00:00,0.0,0.0,55.64,53.2,29.58,46.349000000000004,90.0,2.0710000000000015,0.0
2006-05-08 06:00:00,0.0,0.0,59.14,56.01,34.93,56.678,90.0,3.401999999999987,0.0
2006-05-08 07:00:00,0.0,0.0,61.08,57.7,38.42,67.602,89.598,0.0,0.0
2006-05-08 08:00:00,0.0,0.0,62.61,58.25,40.08,82.437,78.50300000000001,0.0,0.0
2006-05-08 09:00:00,0.0,0.0,64.02,58.46,40.75,99.065,90.0,0.0,25.835000000000008
2006-05-08 10:00:00,0.0,0.0,63.95,58.85,41.21,111.90899999999998,52.10099999999999,0.0,0.0
2006-05-08 11:00:00,0.0,0.0,62.92,57.84,41.39,117.061,50.0,0.0,4.911000000000001
2006-05-08 12:00:00,0.0,0.0,61.52,56.31,40.86,117.37100000000001,90.0,0.0,48.68099999999999
2006-05-08 13:00:00,0.0,0.0,60.37,54.43,40.16,114.399,40.560999999999986,0.0,0.0
2006-05-08 14:00:00,0.0,0.0,59.3,52.79,39.73,107.889,90.0,0.0,46.06900000000002
2006-05-08 15:00:00,0.0,0.0,58.95,51.98,40.44,97.465,90.0,0.0,36.094999999999985
2006-05-08 16:00:00,0.0,0.0,59.19,52.9,41.35,79.195,74.245,0.0,0.0
2006-05-08 17:00:00,0.0,0.0,59.56,54.58,41.56,59.922,90.0,0.7779999999999916,0.0
2006-05-08 18:00:00,0.0,0.0,58.77,55.13,41.58,45.608999999999995,104.87099999999998,0.0,0.0
2006-05-08 19:00:00,0.0,0.0,56.56,54.32,40.88,36.551,90.0,20.209000000000003,0.0
2006-05-08 20:00:00,0.0,0.0,53.92,54.67,39.07,36.007999999999996,90.0,16.652000000000022,0.0
2006-05-08 21:00:00,0.0,0.0,50.33,55.75,35.91,33.954,90.0,13.036000000000001,0.0
2006-05-08 22:00:00,0.0,0.0,46.92,53.6,32.0,33.213,94.30700000000002,0.0,0.0
2006-05-08 23:00:00,0.0,0.0,44.68,50.81,28.49,30.781999999999996,90.0,0.0,1.8020000000000105
2006-05-09 00:00:00,0.0,0.0,45.56,52.61,27.8,29.062,90.0,1.9080000000000013,0.0
2006-05-09 01:00:00,0.0,0.0,45.53,50.39,27.07,27.089999999999996,90.0,0.9000000000000057,0.0
2006-05-09 02:00:00,0.0,0.0,46.4,49.14,26.15,25.887999999999998,90.0,0.8020000000000209,0.0
2006-05-09 03:00:00,0.0,0.0,48.36,50.01,25.54,24.98,90.0,3.9299999999999873,0.0
2006-05-09 04:00:00,0.0,0.0,52.89,52.83,25.93,23.903,90.0,12.747000000000014,0.0
2006-05-09 05:00:00,0.0,0.0,57.7,56.54,29.6,29.522000000000002,90.0,19.318000000000012,0.0
2006-05-09 06:00:00,0.0,0.0,61.19,59.35,34.95,38.36299999999999,112.12700000000001,0.0,0.0
2006-05-09 07:00:00,0.0,0.0,63.13,61.06,38.45,51.092,95.10926750000014,11.43873249999987,0.0
2006-05-09 08:00:00,0.0,0.0,64.66,61.63,40.11,64.80699999999999,90.0,6.5930000000000035,0.0
2006-05-09 09:00:00,0.0,0.0,66.08,61.85,40.78,79.072,90.0,0.0,5.361999999999997
2006-05-09 10:00:00,0.0,0.0,66.0,62.26,41.24,88.76700000000001,90.0,0.0,14.266999999999967
2006-05-09 11:00:00,0.0,0.0,64.96,61.24,41.42,93.862,90.0,0.0,21.241999999999994
2006-05-09 12:00:00,0.0,0.0,63.57,59.73,40.89,93.267,90.0,0.0,24.07699999999998
2006-05-09 13:00:00,0.0,0.0,62.42,57.86,40.19,88.867,90.0,0.0,23.396999999999995
2006-05-09 14:00:00,0.0,0.0,61.35,56.23,39.77,82.00500000000001,90.0,0.0,19.65500000000001
2006-05-09 15:00:00,0.0,0.0,61.0,55.42,40.48,72.111,90.0,0.0,10.210999999999984
2006-05-09 16:00:00,0.0,0.0,61.23,56.33,41.38,57.992999999999995,95.947,0.0,0.0
2006-05-09 17:00:00,0.0,0.0,61.58,57.99,41.58,39.174,90.0,26.975999999999996,0.0
2006-05-09 18:00:00,0.0,0.0,60.76,58.49,41.58,24.383,110.0,21.44699999999999,0.0
2006-05-09 19:00:00,0.0,0.0,58.55,57.67,40.87,17.528000000000002,134.562,0.0,0.0
2006-05-09 20:00:00,0.0,0.0,55.93,58.07,39.08,18.393,129.68699999999998,0.0,0.0
2006-05-09 21:00:00,0.0,0.0,52.34,59.15,35.94,17.615000000000002,124.815,0.0,0.0
2006-05-09 22:00:00,0.0,0.0,48.93,56.97,32.04,16.164,116.77599999999998,0.0,0.0
2006-05-09 23:00:00,0.0,0.0,46.7,54.16,28.52,14.709999999999999,109.67,0.0,0.0
2006-05-10 00:00:00,0.0,0.0,46.06,50.88,28.27,13.52,106.69,0.0,0.0
2006-05-10 01:00:00,0.0,0.0,46.02,48.65,27.52,12.89,104.3,0.0,0.0
2006-05-10 02:00:00,0.0,0.0,46.89,47.41,26.6,12.709999999999999,103.19000000000003,0.0,0.0
2006-05-10 03:00:00,0.0,0.0,48.85,48.28,25.99,12.683,90.0,15.437000000000012,0.0
2006-05-10 04:00:00,0.0,0.0,53.4,51.09,26.38,12.456000000000001,110.0,3.4139999999999873,0.0
2006-05-10 05:00:00,0.0,0.0,58.22,54.79,30.07,18.118000000000002,119.96199999999999,0.0,0.0
2006-05-10 06:00:00,0.0,0.0,61.71,57.62,35.42,26.636999999999997,123.11300000000001,0.0,0.0
2006-05-10 07:00:00,0.0,0.0,63.65,59.34,38.92,36.559000000000005,120.35100000000003,0.0,0.0
2006-05-10 08:00:00,0.0,0.0,65.19,59.92,40.58,51.040000000000006,109.65,0.0,0.0
2006-05-10 09:00:00,0.0,0.0,66.6,60.16,41.26,62.915,100.10499999999999,0.0,0.0
2006-05-10 10:00:00,0.0,0.0,66.52,60.58,41.72,70.271,93.54899999999999,0.0,0.0
2006-05-10 11:00:00,0.0,0.0,65.48,59.57,41.9,75.42,90.0,0.0,3.469999999999999
2006-05-10 12:00:00,0.0,0.0,64.09,58.06,41.36,75.42099999999999,90.0,0.0,6.910999999999983
2006-05-10 13:00:00,0.0,0.0,62.94,56.21,40.67,71.173,90.0,0.0,6.352999999999994
2006-05-10 14:00:00,0.0,0.0,61.87,54.58,40.25,64.114,90.0,0.0,2.4140000000000112
2006-05-10 15:00:00,0.0,0.0,61.52,53.78,40.96,53.855,97.40500000000003,0.0,0.0
2006-05-10 16:00:00,0.0,0.0,61.74,54.68,41.86,41.059000000000005,112.221,0.0,0.0
2006-05-10 17:00:00,0.0,0.0,62.07,56.31,42.05,23.581999999999997,131.848,0.0,0.0
2006-05-10 18:00:00,0.0,0.0,61.22,56.77,42.03,11.564,110.0,33.456,0.0
2006-05-10 19:00:00,0.0,0.0,59.02,55.94,41.31,7.702000000000001,130.0,13.567999999999998,0.0
2006-05-10 20:00:00,0.0,0.0,56.41,56.38,39.53,8.648,130.0,8.672000000000011,0.0
2006-05-10 21:00:00,0.0,0.0,52.81,57.46,36.42,9.332,132.358,0.0,0.0
2006-05-10 22:00:00,0.0,0.0,49.42,55.24,32.52,8.959999999999999,123.22000000000001,0.0,0.0
2006-05-10 23:00:00,0.0,0.0,47.19,52.43,29.0,7.994000000000001,115.62599999999999,0.0,0.0
2006-05-11 00:00:00,0.0,0.0,45.06,45.98,27.89,6.943,106.98700000000001,0.0,0.0
2006-05-11 01:00:00,0.0,0.0,45.02,43.75,27.12,5.95,104.94000000000001,0.0,0.0
2006-05-11 02:00:00,0.0,0.0,45.89,42.52,26.2,5.009,104.60100000000001,0.0,0.0
2006-05-11 03:00:00,0.0,0.0,47.84,43.39,25.6,4.319000000000001,107.51100000000001,0.0,0.0
2006-05-11 04:00:00,0.0,0.0,52.42,46.18,25.99,5.029,114.56099999999999,0.0,0.0
2006-05-11 05:00:00,0.0,0.0,57.25,49.88,29.69,10.626,121.194,0.0,0.0
2006-05-11 06:00:00,0.0,0.0,60.74,52.71,35.05,21.327999999999996,122.172,0.0,0.0
2006-05-11 07:00:00,0.0,0.0,62.67,54.45,38.55,33.825,95.92076000000013,20.924239999999873,0.0
2006-05-11 08:00:00,0.0,0.0,64.21,55.05,40.22,45.264,109.21599999999998,0.0,0.0
2006-05-11 09:00:00,0.0,0.0,65.63,55.3,40.89,55.23800000000001,101.582,0.0,0.0
2006-05-11 10:00:00,0.0,0.0,65.54,55.73,41.35,62.673,94.947,0.0,0.0
2006-05-11 11:00:00,0.0,0.0,64.5,54.72,41.53,65.909,90.0,0.0,0.15899999999999181
2006-05-11 12:00:00,0.0,0.0,63.11,53.23,41.0,65.066,90.0,0.0,2.725999999999985
2006-05-11 13:00:00,0.0,0.0,61.97,51.38,40.31,60.217,90.0,0.0,1.556999999999988
2006-05-11 14:00:00,0.0,0.0,60.9,49.77,39.88,53.084,92.46600000000002,0.0,0.0
2006-05-11 15:00:00,0.0,0.0,60.55,48.97,40.6,43.343999999999994,101.77600000000001,0.0,0.0
2006-05-11 16:00:00,0.0,0.0,60.76,49.86,41.5,31.982,115.0,0.13799999999999102,0.0
2006-05-11 17:00:00,0.0,0.0,61.06,51.46,41.67,20.779,128.411,0.0,0.0
2006-05-11 18:00:00,0.0,0.0,60.19,51.87,41.64,11.354000000000001,110.0,27.345999999999997,0.0
2006-05-11 19:00:00,0.0,0.0,57.98,51.05,40.91,6.143,115.0,23.797000000000004,0.0
2006-05-11 20:00:00,0.0,0.0,55.39,51.52,39.13,5.861,115.0,20.179000000000002,0.0
2006-05-11 21:00:00,0.0,0.0,51.79,52.61,36.06,5.923,110.0,19.537000000000006,0.0
2006-05-11 22:00:00,0.0,0.0,48.41,50.35,32.16,5.381,120.53899999999999,0.0,0.0
2006-05-11 23:00:00,0.0,0.0,46.19,47.53,28.64,4.1370000000000005,113.22300000000001,0.0,0.0
2006-05-12 00:00:00,0.0,0.0,43.36,44.05,28.29,3.273,107.42699999999999,0.0,0.0
2006-05-12 01:00:00,0.0,0.0,43.32,41.82,27.5,3.138,90.0,14.50200000000001,0.0
2006-05-12 02:00:00,0.0,0.0,44.18,40.6,26.58,2.992,90.0,13.368000000000007,0.0
2006-05-12 03:00:00,0.0,0.0,46.14,41.47,25.98,3.0010000000000003,105.58900000000001,0.0,0.0
2006-05-12 04:00:00,0.0,0.0,50.74,44.24,26.37,3.913,110.0,2.43700000000001,0.0
2006-05-12 05:00:00,0.0,0.0,55.58,47.94,30.09,9.075,110.0,9.535000000000025,0.0
2006-05-12 06:00:00,0.0,0.0,59.07,50.78,35.45,19.895,120.405,0.0,0.0
2006-05-12 07:00:00,0.0,0.0,60.99,52.53,38.95,31.098999999999997,116.37100000000001,0.0,0.0
2006-05-12 08:00:00,0.0,0.0,62.54,53.15,40.63,42.073,109.247,0.0,0.0
2006-05-12 09:00:00,0.0,0.0,63.96,53.41,41.3,51.803000000000004,101.86699999999999,0.0,0.0
2006-05-12 10:00:00,0.0,0.0,63.86,53.85,41.76,58.537000000000006,95.933,0.0,0.0
2006-05-12 11:00:00,0.0,0.0,62.83,52.84,41.94,62.023,90.587,0.0,0.0
2006-05-12 12:00:00,0.0,0.0,61.44,51.37,41.41,63.495999999999995,90.0,0.0,4.275999999999996
2006-05-12 13:00:00,0.0,0.0,60.29,49.53,40.71,61.80600000000001,90.0,0.0,6.275999999999968
2006-05-12 14:00:00,0.0,0.0,59.23,47.93,40.3,55.054,90.0,0.0,2.593999999999994
2006-05-12 15:00:00,0.0,0.0,58.88,47.13,41.01,45.343,96.67699999999999,0.0,0.0
2006-05-12 16:00:00,0.0,0.0,59.08,48.01,41.91,32.894,111.106,0.0,0.0
2006-05-12 17:00:00,0.0,0.0,59.36,49.59,42.07,21.161,124.85900000000001,0.0,0.0
2006-05-12 18:00:00,0.0,0.0,58.45,49.95,42.02,13.074000000000002,130.0,2.346000000000018,0.0
2006-05-12 19:00:00,0.0,0.0,56.25,49.12,41.27,9.168000000000001,130.0,2.4720000000000084,0.0
2006-05-12 20:00:00,0.0,0.0,53.68,49.64,39.51,9.227,90.0,38.60300000000001,0.0
2006-05-12 21:00:00,0.0,0.0,50.08,50.72,36.46,11.515,120.745,0.0,0.0
2006-05-12 22:00:00,0.0,0.0,46.7,48.44,32.58,12.957,109.76300000000002,0.0,0.0
2006-05-12 23:00:00,0.0,0.0,44.49,45.61,29.05,13.583,100.56700000000001,0.0,0.0
2006-05-13 00:00:00,0.0,0.0,35.72,39.99,27.93,14.209,90.0,0.0,5.568999999999988
2006-05-13 01:00:00,0.0,0.0,35.68,37.75,27.13,14.936,90.0,0.0,9.376000000000005
2006-05-13 02:00:00,0.0,0.0,36.54,36.54,26.21,15.225999999999999,90.0,0.0,10.935999999999993
2006-05-13 03:00:00,0.0,0.0,38.49,37.41,25.61,15.472,90.0,0.0,8.961999999999989
2006-05-13 04:00:00,0.0,0.0,43.12,40.17,26.0,15.663999999999998,90.0,0.0,1.3739999999999828
2006-05-13 05:00:00,0.0,0.0,47.97,43.86,29.73,20.078999999999997,90.0,6.481000000000009,0.0
2006-05-13 06:00:00,0.0,0.0,51.45,46.71,35.09,30.317,90.0,7.933000000000021,0.0
2006-05-13 07:00:00,0.0,0.0,53.38,48.47,38.61,41.92399999999999,90.0,3.5360000000000014,0.0
2006-05-13 08:00:00,0.0,0.0,54.93,49.11,40.28,53.080000000000005,90.0,0.0,3.7599999999999882
2006-05-13 09:00:00,0.0,0.0,56.35,49.38,40.96,59.496,90.0,0.0,7.805999999999986
2006-05-13 10:00:00,0.0,0.0,56.25,49.84,41.42,62.768,90.0,0.0,10.257999999999996
2006-05-13 11:00:00,0.0,0.0,55.21,48.83,41.6,61.562,90.0,0.0,10.921999999999993
2006-05-13 12:00:00,0.0,0.0,53.82,47.37,41.06,58.453,90.0,0.0,11.203000000000007
2006-05-13 13:00:00,0.0,0.0,52.68,45.55,40.37,54.057,90.0,0.0,10.457000000000011
2006-05-13 14:00:00,0.0,0.0,51.62,43.95,39.96,48.009,90.0,0.0,7.478999999999985
2006-05-13 15:00:00,0.0,0.0,51.27,43.15,40.68,40.925999999999995,90.0,0.0,0.8259999999999792
2006-05-13 16:00:00,0.0,0.0,51.45,44.03,41.57,32.115,99.935,0.0,0.0
2006-05-13 17:00:00,0.0,0.0,51.72,45.57,41.73,22.192,90.0,21.828000000000003,0.0
2006-05-13 18:00:00,0.0,0.0,50.78,45.89,41.65,15.223,110.0,8.096999999999994,0.0
2006-05-13 19:00:00,0.0,0.0,48.58,45.06,40.89,11.19,90.0,28.340000000000003,0.0
2006-05-13 20:00:00,0.0,0.0,46.03,45.62,39.14,10.234000000000002,102.62048000000013,12.935519999999862,0.0
2006-05-13 21:00:00,0.0,0.0,42.42,46.7,36.12,10.664,109.576,0.0,0.0
2006-05-13 22:00:00,0.0,0.0,39.05,44.38,32.24,11.079,99.59100000000002,0.0,0.0
2006-05-13 23:00:00,0.0,0.0,36.85,41.55,28.71,11.978,90.0,0.1320000000000121,0.0
2006-05-14 00:00:00,0.0,0.0,32.79,36.34,26.88,12.166,90.0,0.0,11.155999999999977
2006-05-14 01:00:00,0.0,0.0,32.75,34.11,26.05,12.044,90.0,0.0,14.134000000000015
2006-05-14 02:00:00,0.0,0.0,33.61,32.9,25.13,12.033999999999999,90.0,0.0,15.394000000000005
2006-05-14 03:00:00,0.0,0.0,35.56,33.77,24.53,12.192,90.0,0.0,13.331999999999981
2006-05-14 04:00:00,0.0,0.0,40.21,36.51,24.93,12.942,90.0,0.0,6.291999999999987
2006-05-14 05:00:00,0.0,0.0,45.07,40.2,28.67,18.057000000000006,90.0,0.8830000000000098,0.0
2006-05-14 06:00:00,0.0,0.0,48.55,43.06,34.04,29.912000000000006,90.0,0.7379999999999995,0.0
2006-05-14 07:00:00,0.0,0.0,50.47,44.84,37.56,41.661,90.0,0.0,3.7909999999999684
2006-05-14 08:00:00,0.0,0.0,52.03,45.49,39.24,54.31100000000001,90.0,0.0,12.551000000000005
2006-05-14 09:00:00,0.0,0.0,53.45,45.78,39.91,65.51599999999999,90.0,0.0,21.37599999999999
2006-05-14 10:00:00,0.0,0.0,53.34,46.24,40.37,71.929,90.0,0.0,26.978999999999978
2006-05-14 11:00:00,0.0,0.0,52.3,45.24,40.55,74.63999999999999,90.0,0.0,31.549999999999983
2006-05-14 12:00:00,0.0,0.0,50.92,43.79,40.02,74.389,90.0,0.0,34.65899999999999
2006-05-14 13:00:00,0.0,0.0,49.78,41.98,39.33,70.543,90.0,0.0,34.453
2006-05-14 14:00:00,0.0,0.0,48.71,40.39,38.91,63.910000000000004,90.0,0.0,30.90000000000001
2006-05-14 15:00:00,0.0,0.0,48.37,39.59,39.64,53.627,90.0,0.0,21.026999999999983
2006-05-14 16:00:00,0.0,0.0,48.54,40.47,40.53,42.207,90.0,0.0,7.666999999999987
2006-05-14 17:00:00,0.0,0.0,48.78,41.98,40.67,29.434000000000005,90.0,6.996000000000009,0.0
2006-05-14 18:00:00,0.0,0.0,47.82,42.25,40.58,17.474000000000004,90.0,18.176000000000016,0.0
2006-05-14 19:00:00,0.0,0.0,45.62,41.41,39.81,12.156,90.0,19.683999999999994,0.0
2006-05-14 20:00:00,0.0,0.0,43.08,42.02,38.07,12.850000000000001,90.0,15.320000000000006,0.0
2006-05-14 21:00:00,0.0,0.0,39.47,43.1,35.07,13.442,99.19800000000001,0.0,0.0
2006-05-14 22:00:00,0.0,0.0,36.11,40.75,31.2,12.875,90.0,0.18500000000000227,0.0
2006-05-14 23:00:00,0.0,0.0,33.91,37.9,27.66,12.231,90.0,0.0,7.761000000000012
2006-05-15 00:00:00,0.0,0.0,43.97,40.13,28.21,11.006,90.0,6.304000000000002,0.0
2006-05-15 01:00:00,0.0,0.0,43.93,37.89,27.36,10.182,90.0,3.998000000000019,0.0
2006-05-15 02:00:00,0.0,0.0,44.78,36.7,26.44,9.548,93.37200000000001,0.0,0.0
2006-05-15 03:00:00,0.0,0.0,46.74,37.57,25.84,9.610999999999999,90.0,5.539000000000007,0.0
2006-05-15 04:00:00,0.0,0.0,51.41,40.3,26.24,10.032000000000002,90.0,12.917999999999987,0.0
2006-05-15 05:00:00,0.0,0.0,56.28,43.98,30.0,15.032,110.0,0.22799999999999443,0.0
2006-05-15 06:00:00,0.0,0.0,59.76,46.85,35.37,23.11,106.46158750000026,7.408412499999727,0.0
2006-05-15 07:00:00,0.0,0.0,61.67,48.64,38.89,32.878,90.0,21.32199999999999,0.0
2006-05-15 08:00:00,0.0,0.0,63.24,49.3,40.58,40.476,90.0,17.644000000000005,0.0
2006-05-15 09:00:00,0.0,0.0,64.66,49.61,41.25,47.442,90.0,13.077999999999989,0.0
2006-05-15 10:00:00,0.0,0.0,64.55,50.08,41.71,54.400000000000006,90.0,6.940000000000002,0.0
2006-05-15 11:00:00,0.0,0.0,63.51,49.08,41.89,57.263,90.0,2.2169999999999987,0.0
2006-05-15 12:00:00,0.0,0.0,62.12,47.65,41.36,56.224000000000004,90.0,0.0,0.09400000000000297
2006-05-15 13:00:00,0.0,0.0,60.99,45.85,40.67,52.528999999999996,90.0,0.0,0.018999999999991246
2006-05-15 14:00:00,0.0,0.0,59.92,44.26,40.26,47.294000000000004,92.14599999999999,0.0,0.0
2006-05-15 15:00:00,0.0,0.0,59.58,43.47,40.99,42.25,90.0,6.789999999999992,0.0
2006-05-15 16:00:00,0.0,0.0,59.74,44.34,41.87,37.224000000000004,103.72600000000001,0.0,0.0
2006-05-15 17:00:00,0.0,0.0,59.96,45.82,42.0,31.363,110.0,1.4170000000000158,0.0
2006-05-15 18:00:00,0.0,0.0,58.97,46.05,41.9,22.578999999999997,90.0,29.340999999999987,0.0
2006-05-15 19:00:00,0.0,0.0,56.77,45.21,41.11,17.700000000000003,110.0,10.390000000000006,0.0
2006-05-15 20:00:00,0.0,0.0,54.25,45.85,39.38,18.522,90.0,25.958,0.0
2006-05-15 21:00:00,0.0,0.0,50.63,46.93,36.42,21.518,107.462,0.0,0.0
2006-05-15 22:00:00,0.0,0.0,47.28,44.55,32.55,22.240000000000002,90.0,7.139999999999992,0.0
2006-05-15 23:00:00,0.0,0.0,45.09,41.7,29.0,22.957,90.0,0.0,2.166999999999973
2006-05-16 00:00:00,0.0,0.0,44.75,41.06,27.89,23.421,90.0,0.0,4.721000000000004
2006-05-16 01:00:00,0.0,0.0,44.7,38.82,27.02,23.806,90.0,0.0,8.265999999999991
2006-05-16 02:00:00,0.0,0.0,45.55,37.64,26.1,23.768,90.0,0.0,9.477999999999994
2006-05-16 03:00:00,0.0,0.0,47.5,38.51,25.51,23.245,90.0,0.0,6.72499999999998
2006-05-16 04:00:00,0.0,0.0,52.21,41.22,25.91,23.813,90.0,0.5270000000000152,0.0
2006-05-16 05:00:00,0.0,0.0,57.08,44.9,29.68,31.506,90.0,5.153999999999996,0.0
2006-05-16 06:00:00,0.0,0.0,60.56,47.77,35.05,43.842,94.53800000000001,0.0,0.0
2006-05-16 07:00:00,0.0,0.0,62.47,49.58,38.58,58.615,90.0,0.0,2.985000000000009
2006-05-16 08:00:00,0.0,0.0,64.04,50.26,40.27,72.33,90.0,0.0,12.759999999999986
2006-05-16 09:00:00,0.0,0.0,65.47,50.58,40.94,81.547,90.0,0.0,19.556999999999995
2006-05-16 10:00:00,0.0,0.0,65.34,51.07,41.41,89.42,90.0,0.0,26.6
2006-05-16 11:00:00,0.0,0.0,64.3,50.06,41.59,94.37300000000002,90.0,0.0,33.423
2006-05-16 12:00:00,0.0,0.0,62.92,48.65,41.05,93.165,90.0,0.0,35.545000000000016
2006-05-16 13:00:00,0.0,0.0,61.79,46.86,40.36,88.181,90.0,0.0,34.17100000000001
2006-05-16 14:00:00,0.0,0.0,60.72,45.28,39.95,81.078,90.0,0.0,30.127999999999986
2006-05-16 15:00:00,0.0,0.0,60.38,44.49,40.68,71.665,90.0,0.0,21.114999999999995
2006-05-16 16:00:00,0.0,0.0,60.53,45.35,41.57,59.638999999999996,90.0,0.0,7.188999999999979
2006-05-16 17:00:00,0.0,0.0,60.73,46.81,41.69,41.645,90.0,12.585000000000008,0.0
2006-05-16 18:00:00,0.0,0.0,59.71,46.99,41.56,23.746000000000002,90.0,29.514000000000017,0.0
2006-05-16 19:00:00,0.0,0.0,57.52,46.14,40.77,14.57,90.0,34.86000000000003,0.0
2006-05-16 20:00:00,0.0,0.0,55.01,46.83,39.05,12.104000000000001,90.0,33.786,0.0
2006-05-16 21:00:00,0.0,0.0,51.39,47.91,36.11,12.609,90.0,27.80099999999998,0.0
2006-05-16 22:00:00,0.0,0.0,48.04,45.49,32.24,13.379999999999999,90.0,17.39,0.0
2006-05-16 23:00:00,0.0,0.0,45.86,42.63,28.7,13.331,98.85900000000001,0.0,0.0
2006-05-17 00:00:00,0.0,0.0,45.53,41.46,28.75,13.378999999999998,90.0,7.361000000000004,0.0
2006-05-17 01:00:00,0.0,0.0,45.48,39.22,27.86,13.791999999999998,93.768,0.0,0.0
2006-05-17 02:00:00,0.0,0.0,46.33,38.04,26.94,14.126999999999999,90.0,2.1829999999999927,0.0
2006-05-17 03:00:00,0.0,0.0,48.28,38.92,26.35,13.374,90.0,5.176,0.0
2006-05-17 04:00:00,0.0,0.0,53.01,41.61,26.76,12.133000000000001,90.0,14.246999999999986,0.0
2006-05-17 05:00:00,0.0,0.0,57.89,45.29,30.54,16.994,90.0,21.726000000000006,0.0
2006-05-17 06:00:00,0.0,0.0,61.37,48.17,35.91,27.736,90.0,22.714,0.0
2006-05-17 07:00:00,0.0,0.0,63.27,49.99,39.45,38.81,90.0,18.900000000000006,0.0
2006-05-17 08:00:00,0.0,0.0,64.85,50.68,41.14,51.849,99.821,0.0,0.0
2006-05-17 09:00:00,0.0,0.0,66.28,51.02,41.81,66.24000000000001,90.0,0.0,0.0
2006-05-17 10:00:00,0.0,0.0,66.15,51.52,42.28,75.809,90.0,0.0,5.859000000000009
2006-05-17 11:00:00,0.0,0.0,65.11,50.52,42.46,79.27799999999999,90.0,0.0,11.187999999999995
2006-05-17 12:00:00,0.0,0.0,63.72,49.11,41.92,78.336,90.0,0.0,13.586000000000013
2006-05-17 13:00:00,0.0,0.0,62.6,47.34,41.23,74.454,90.0,0.0,13.284000000000006
2006-05-17 14:00:00,0.0,0.0,61.53,45.76,40.83,68.935,90.0,0.0,10.815000000000012
2006-05-17 15:00:00,0.0,0.0,61.19,44.98,41.56,62.023999999999994,90.0,0.0,4.293999999999997
2006-05-17 16:00:00,0.0,0.0,61.33,45.83,42.44,53.852,90.0,2.642631666666724,0.0
2006-05-17 17:00:00,0.0,0.0,61.5,47.26,42.55,47.65,90.0,13.659999999999997,0.0
2006-05-17 18:00:00,0.0,0.0,60.46,47.4,42.41,42.417,90.0,14.519666666666652,0.0
2006-05-17 19:00:00,0.0,0.0,58.27,46.54,41.6,39.834,90.0,13.242666666666679,0.0
2006-05-17 20:00:00,0.0,0.0,55.77,47.28,39.89,41.713,90.0,7.893666666666675,0.0
2006-05-17 21:00:00,0.0,0.0,52.15,48.36,36.98,44.511,90.0,1.3123333333332994,0.0
2006-05-17 22:00:00,0.0,0.0,48.81,45.9,33.12,47.232,80.59800000000001,0.0,0.0
2006-05-17 23:00:00,0.0,0.0,46.64,43.03,29.57,50.033,69.20700000000001,0.0,0.0
2006-05-18 00:00:00,0.0,0.0,45.02,41.43,28.8,52.27,62.98,0.0,0.0
2006-05-18 01:00:00,0.0,0.0,44.98,39.19,27.89,53.548,58.512,0.0,0.0
2006-05-18 02:00:00,0.0,0.0,45.82,38.02,26.97,53.885999999999996,56.924000000000014,0.0,0.0
2006-05-18 03:00:00,0.0,0.0,47.77,38.89,26.39,54.619,58.43099999999998,0.0,0.0
2006-05-18 04:00:00,0.0,0.0,52.52,41.57,26.79,57.835,63.045,0.0,0.0
2006-05-18 05:00:00,0.0,0.0,57.42,45.24,30.6,64.721,68.53900000000002,0.0,0.0
2006-05-18 06:00:00,0.0,0.0,60.89,48.14,35.97,74.339,70.66100000000002,0.0,0.0
2006-05-18 07:00:00,0.0,0.0,62.79,49.97,39.51,86.933,65.33699999999999,0.0,0.0
2006-05-18 08:00:00,0.0,0.0,64.37,50.68,41.2,100.83399999999999,70.0,0.0,14.583999999999989
2006-05-18 09:00:00,0.0,0.0,65.8,51.03,41.88,113.83099999999999,44.879000000000005,0.0,0.0
2006-05-18 10:00:00,0.0,0.0,65.66,51.54,42.34,128.092,31.447999999999993,0.0,0.0
2006-05-18 11:00:00,0.0,0.0,64.62,50.54,42.52,134.896,22.784000000000002,0.0,0.0
2006-05-18 12:00:00,0.0,0.0,63.24,49.15,41.98,136.292,50.0,0.0,31.921999999999997
2006-05-18 13:00:00,0.0,0.0,62.12,47.38,41.3,135.538,15.261999999999993,0.0,0.0
2006-05-18 14:00:00,0.0,0.0,61.05,45.82,40.89,131.268,46.031634349030575,0.0,29.539634349030557
2006-05-18 15:00:00,0.0,0.0,60.71,45.03,41.63,123.04400000000001,50.0,0.0,25.673999999999992
2006-05-18 16:00:00,0.0,0.0,60.84,45.88,42.51,108.76299999999999,40.467000000000006,0.0,0.0
2006-05-18 17:00:00,0.0,0.0,60.99,47.28,42.61,88.48400000000001,62.396,0.0,0.0
2006-05-18 18:00:00,0.0,0.0,59.92,47.37,42.44,64.176,85.554,0.0,0.0
2006-05-18 19:00:00,0.0,0.0,57.73,46.52,41.62,48.947,90.0,6.922999999999998,0.0
2006-05-18 20:00:00,0.0,0.0,55.25,47.29,39.93,46.702999999999996,90.0,5.7669999999999995,0.0
2006-05-18 21:00:00,0.0,0.0,51.63,48.37,37.04,46.227,90.0,0.8130000000000024,0.0
2006-05-18 22:00:00,0.0,0.0,48.29,45.88,33.19,43.123999999999995,84.236,0.0,0.0
2006-05-18 23:00:00,0.0,0.0,46.13,43.01,29.63,38.81999999999999,79.95,0.0,0.0
2006-05-19 00:00:00,0.0,0.0,44.25,45.28,28.77,38.268,80.032,0.0,0.0
2006-05-19 01:00:00,0.0,0.0,44.2,43.04,27.84,39.664,75.41600000000001,0.0,0.0
2006-05-19 02:00:00,0.0,0.0,45.04,41.88,26.92,42.239999999999995,71.60000000000001,0.0,0.0
2006-05-19 03:00:00,0.0,0.0,46.99,42.76,26.34,46.662,69.428,0.0,0.0
2006-05-19 04:00:00,0.0,0.0,51.76,45.42,26.74,52.17599999999999,71.744,0.0,0.0
2006-05-19 05:00:00,0.0,0.0,56.67,49.09,30.56,62.329,73.991,0.0,0.0
2006-05-19 06:00:00,0.0,0.0,60.14,51.99,35.94,75.82399999999998,72.24600000000001,0.0,0.0
2006-05-19 07:00:00,0.0,0.0,62.04,53.83,39.48,91.858,63.491999999999976,0.0,0.0
2006-05-19 08:00:00,0.0,0.0,63.62,54.56,41.18,105.49400000000003,53.865999999999985,0.0,0.0
2006-05-19 09:00:00,0.0,0.0,65.06,54.93,41.85,117.28500000000001,44.555,0.0,0.0
2006-05-19 10:00:00,0.0,0.0,64.91,55.45,42.32,126.59,36.089999999999996,0.0,0.0
2006-05-19 11:00:00,0.0,0.0,63.87,54.45,42.5,129.43900000000002,31.381,0.0,0.0
2006-05-19 12:00:00,0.0,0.0,62.49,53.07,41.96,129.82500000000002,27.695,0.0,0.0
2006-05-19 13:00:00,0.0,0.0,61.37,51.32,41.27,127.478,26.482000000000006,0.0,0.0
2006-05-19 14:00:00,0.0,0.0,60.3,49.76,40.87,125.189,25.740999999999985,0.0,0.0
2006-05-19 15:00:00,0.0,0.0,59.96,48.98,41.62,119.272,31.288000000000004,0.0,0.0
2006-05-19 16:00:00,0.0,0.0,60.08,49.82,42.49,108.74,43.650000000000006,0.0,0.0
2006-05-19 17:00:00,0.0,0.0,60.21,51.19,42.58,94.34200000000001,59.63799999999999,0.0,0.0
2006-05-19 18:00:00,0.0,0.0,59.11,51.23,42.4,78.858,73.882,0.0,0.0
2006-05-19 19:00:00,0.0,0.0,56.92,50.37,41.56,62.29899999999999,86.55099999999999,0.0,0.0
2006-05-19 20:00:00,0.0,0.0,54.46,51.19,39.88,55.964000000000006,89.56599999999999,0.0,0.0
2006-05-19 21:00:00,0.0,0.0,50.83,52.27,37.02,53.689,86.43100000000001,0.0,0.0
2006-05-19 22:00:00,0.0,0.0,47.5,49.74,33.18,50.725,79.695,0.0,0.0
2006-05-19 23:00:00,0.0,0.0,45.35,46.86,29.61,46.214999999999996,75.605,0.0,0.0
2006-05-20 00:00:00,0.0,0.0,36.5,40.31,27.41,43.729,60.491,0.0,0.0
2006-05-20 01:00:00,0.0,0.0,36.46,38.07,26.45,43.3,57.67999999999999,0.0,0.0
2006-05-20 02:00:00,0.0,0.0,37.29,36.92,25.54,41.481,58.26899999999999,0.0,0.0
2006-05-20 03:00:00,0.0,0.0,39.24,37.79,24.96,40.237,61.75299999999999,0.0,0.0
2006-05-20 04:00:00,0.0,0.0,44.04,40.44,25.37,45.406000000000006,64.444,0.0,0.0
2006-05-20 05:00:00,0.0,0.0,48.96,44.1,29.2,57.376000000000005,64.88400000000001,0.0,0.0
2006-05-20 06:00:00,0.0,0.0,52.42,47.01,34.58,73.65800000000002,60.35200000000001,0.0,0.0
2006-05-20 07:00:00,0.0,0.0,54.32,48.87,38.13,90.683,70.0,0.0,19.363
2006-05-20 08:00:00,0.0,0.0,55.91,49.61,39.83,105.82099999999998,39.529,0.0,0.0
2006-05-20 09:00:00,0.0,0.0,57.34,50.0,40.5,115.584,32.256,0.0,0.0
2006-05-20 10:00:00,0.0,0.0,57.19,50.53,40.98,120.407,28.293,0.0,0.0
2006-05-20 11:00:00,0.0,0.0,56.15,49.52,41.15,122.609,24.21100000000001,0.0,0.0
2006-05-20 12:00:00,0.0,0.0,54.77,48.17,40.61,121.60999999999999,50.0,0.0,28.060000000000002
2006-05-20 13:00:00,0.0,0.0,53.66,46.42,39.93,115.91299999999998,24.097,0.0,0.0
2006-05-20 14:00:00,0.0,0.0,52.58,44.87,39.53,108.578,28.402000000000008,0.0,0.0
2006-05-20 15:00:00,0.0,0.0,52.24,44.09,40.27,101.04599999999998,35.55400000000003,0.0,0.0
2006-05-20 16:00:00,0.0,0.0,52.35,44.92,41.14,93.542,44.867999999999995,0.0,0.0
2006-05-20 17:00:00,0.0,0.0,52.46,46.27,41.22,86.94,53.01000000000001,0.0,0.0
2006-05-20 18:00:00,0.0,0.0,51.33,46.27,41.02,76.847,61.77300000000004,0.0,0.0
2006-05-20 19:00:00,0.0,0.0,49.15,45.4,40.17,58.70899999999999,76.011,0.0,0.0
2006-05-20 20:00:00,0.0,0.0,46.7,46.26,38.5,52.461,78.99900000000001,0.0,0.0
2006-05-20 21:00:00,0.0,0.0,43.07,47.34,35.67,52.247,73.83300000000001,0.0,0.0
2006-05-20 22:00:00,0.0,0.0,39.75,44.78,31.83,51.343,65.017,0.0,0.0
2006-05-20 23:00:00,0.0,0.0,37.6,41.89,28.26,49.536,58.214000000000006,0.0,0.0
2006-05-21 00:00:00,0.0,0.0,32.38,33.77,27.18,47.827999999999996,45.50200000000002,0.0,0.0
2006-05-21 01:00:00,0.0,0.0,32.34,31.53,26.2,47.092000000000006,42.97800000000001,0.0,0.0
2006-05-21 02:00:00,0.0,0.0,33.16,30.38,25.29,46.694,42.13599999999999,0.0,0.0
2006-05-21 03:00:00,0.0,0.0,35.11,31.26,24.71,46.187,44.893000000000015,0.0,0.0
2006-05-21 04:00:00,0.0,0.0,39.94,33.89,25.13,46.58,52.38000000000001,0.0,0.0
2006-05-21 05:00:00,0.0,0.0,44.87,37.55,28.97,51.474000000000004,59.91599999999998,0.0,0.0
2006-05-21 06:00:00,0.0,0.0,48.33,40.47,34.35,63.008,60.141999999999996,0.0,0.0
2006-05-21 07:00:00,0.0,0.0,50.22,42.34,37.91,77.148,53.32200000000002,0.0,0.0
2006-05-21 08:00:00,0.0,0.0,51.82,43.1,39.62,92.578,41.96199999999999,0.0,0.0
2006-05-21 09:00:00,0.0,0.0,53.25,43.5,40.29,102.425,34.614999999999995,0.0,0.0
2006-05-21 10:00:00,0.0,0.0,53.09,44.04,40.76,107.168,30.721999999999966,0.0,0.0
2006-05-21 11:00:00,0.0,0.0,52.05,43.04,40.94,111.57000000000001,24.46,0.0,0.0
2006-05-21 12:00:00,0.0,0.0,50.67,41.7,40.39,115.77799999999999,70.0,0.0,53.017999999999965
2006-05-21 13:00:00,0.0,0.0,49.56,39.96,39.71,116.021,13.20900000000001,0.0,0.0
2006-05-21 14:00:00,0.0,0.0,48.49,38.42,39.31,111.00699999999999,20.0,0.0,4.786999999999978
2006-05-21 15:00:00,0.0,0.0,48.15,37.64,40.06,106.491,19.359,0.0,0.0
2006-05-21 16:00:00,0.0,0.0,48.25,38.47,40.93,97.559,30.091000000000008,0.0,0.0
2006-05-21 17:00:00,0.0,0.0,48.33,39.78,41.0,81.657,47.45299999999999,0.0,0.0
2006-05-21 18:00:00,0.0,0.0,47.18,39.74,40.78,64.10600000000001,63.594,0.0,0.0
2006-05-21 19:00:00,0.0,0.0,45.0,38.87,39.92,50.018,73.77199999999998,0.0,0.0
2006-05-21 20:00:00,0.0,0.0,42.57,39.77,38.25,46.772000000000006,73.81800000000001,0.0,0.0
2006-05-21 21:00:00,0.0,0.0,38.93,40.85,35.45,48.492,66.738,0.0,0.0
2006-05-21 22:00:00,0.0,0.0,35.62,38.25,31.62,50.334999999999994,55.15499999999999,0.0,0.0
2006-05-21 23:00:00,0.0,0.0,33.48,35.36,28.05,53.03200000000001,43.857999999999976,0.0,0.0
2006-05-22 00:00:00,0.0,0.0,43.0,42.47,29.82,56.153999999999996,59.135999999999996,0.0,0.0
2006-05-22 01:00:00,0.0,0.0,42.95,40.22,28.83,58.085,70.0,0.0,16.084999999999994
2006-05-22 02:00:00,0.0,0.0,43.77,39.09,27.92,59.102000000000004,51.67800000000001,0.0,0.0
2006-05-22 03:00:00,0.0,0.0,45.72,39.96,27.35,58.642,54.388000000000005,0.0,0.0
2006-05-22 04:00:00,0.0,0.0,50.57,42.58,27.76,60.964000000000006,90.0,0.0,30.054000000000002
2006-05-22 05:00:00,0.0,0.0,55.51,46.23,31.62,67.556,65.80399999999997,0.0,0.0
2006-05-22 06:00:00,0.0,0.0,58.97,49.16,37.0,76.91399999999999,68.21600000000001,0.0,0.0
2006-05-22 07:00:00,0.0,0.0,60.85,51.05,40.56,97.94899999999998,54.510999999999996,0.0,0.0
2006-05-22 08:00:00,0.0,0.0,62.46,51.82,42.27,112.163,44.38700000000002,0.0,0.0
2006-05-22 09:00:00,0.0,0.0,63.89,52.24,42.94,125.307,40.0,0.0,6.236999999999995
2006-05-22 10:00:00,0.0,0.0,63.73,52.79,43.42,133.458,86.48200000000001,0.0,60.0
2006-05-22 11:00:00,0.0,0.0,62.69,51.79,43.6,134.078,24.002000000000002,0.0,0.0
2006-05-22 12:00:00,0.0,0.0,61.31,50.46,43.05,130.989,23.83100000000001,0.0,0.0
2006-05-22 13:00:00,0.0,0.0,60.21,48.74,42.37,123.86999999999999,27.449999999999996,0.0,0.0
2006-05-22 14:00:00,0.0,0.0,59.13,47.2,41.97,115.68500000000003,32.614999999999995,0.0,0.0
2006-05-22 15:00:00,0.0,0.0,58.79,46.43,42.73,106.915,41.03499999999999,0.0,0.0
2006-05-22 16:00:00,0.0,0.0,58.88,47.24,43.59,97.48,52.23000000000001,0.0,0.0
2006-05-22 17:00:00,0.0,0.0,58.94,48.53,43.65,84.004,67.11600000000001,0.0,0.0
2006-05-22 18:00:00,0.0,0.0,57.76,48.44,43.41,71.844,77.76599999999999,0.0,0.0
2006-05-22 19:00:00,0.0,0.0,55.58,47.57,42.54,56.440999999999995,89.249,0.0,0.0
2006-05-22 20:00:00,0.0,0.0,53.16,48.51,40.88,54.425,88.125,0.0,0.0
2006-05-22 21:00:00,0.0,0.0,49.52,49.59,38.11,56.37,80.85000000000001,0.0,0.0
2006-05-22 22:00:00,0.0,0.0,46.22,46.96,34.28,56.393,71.06699999999998,0.0,0.0
2006-05-22 23:00:00,0.0,0.0,44.09,44.06,30.71,55.67600000000001,63.18400000000001,0.0,0.0
2006-05-23 00:00:00,0.0,0.0,46.09,49.81,30.65,54.172,72.37800000000001,0.0,0.0
2006-05-23 01:00:00,0.0,0.0,46.04,47.57,29.64,53.396,69.85400000000001,0.0,0.0
2006-05-23 02:00:00,0.0,0.0,46.85,46.44,28.72,52.284,69.726,0.0,0.0
2006-05-23 03:00:00,0.0,0.0,48.81,47.32,28.15,51.462,72.81799999999997,0.0,0.0
2006-05-23 04:00:00,0.0,0.0,53.68,49.92,28.57,52.265,79.90500000000003,0.0,0.0
2006-05-23 05:00:00,0.0,0.0,58.63,53.57,32.44,58.679,85.96100000000001,0.0,0.0
2006-05-23 06:00:00,0.0,0.0,62.09,56.5,37.82,73.87800000000001,82.532,0.0,0.0
2006-05-23 07:00:00,0.0,0.0,63.97,58.4,41.39,91.853,71.90699999999998,0.0,0.0
2006-05-23 08:00:00,0.0,0.0,65.57,59.19,43.11,107.54299999999999,60.327,0.0,0.0
2006-05-23 09:00:00,0.0,0.0,67.01,59.62,43.78,117.68199999999999,52.72800000000001,0.0,0.0
2006-05-23 10:00:00,0.0,0.0,66.84,60.18,44.26,124.8,50.0,0.0,3.519999999999982
2006-05-23 11:00:00,0.0,0.0,65.8,59.19,44.44,128.115,41.315,0.0,0.0
2006-05-23 12:00:00,0.0,0.0,64.42,57.87,43.89,129.486,36.694,0.0,0.0
2006-05-23 13:00:00,0.0,0.0,63.32,56.16,43.2,127.92699999999999,34.753,0.0,0.0
2006-05-23 14:00:00,0.0,0.0,62.25,54.63,42.81,123.982,35.708000000000006,0.0,0.0
2006-05-23 15:00:00,0.0,0.0,61.91,53.86,43.57,118.36300000000001,40.977000000000004,0.0,0.0
2006-05-23 16:00:00,0.0,0.0,61.99,54.67,44.43,108.94300000000001,52.14700000000002,0.0,0.0
2006-05-23 17:00:00,0.0,0.0,62.02,55.93,44.48,95.692,66.73799999999997,0.0,0.0
2006-05-23 18:00:00,0.0,0.0,60.81,55.79,44.22,74.52600000000001,86.294,0.0,0.0
2006-05-23 19:00:00,0.0,0.0,58.64,54.91,43.34,54.75900000000001,90.0,12.130999999999998,0.0
2006-05-23 20:00:00,0.0,0.0,56.24,55.9,41.69,48.661,90.0,15.168999999999997,0.0
2006-05-23 21:00:00,0.0,0.0,52.59,56.98,38.95,49.485,90.0,9.03500000000001,0.0
2006-05-23 22:00:00,0.0,0.0,49.3,54.32,35.13,50.764,87.98599999999999,0.0,0.0
2006-05-23 23:00:00,0.0,0.0,47.17,51.41,31.55,50.789,79.341,0.0,0.0
2006-05-24 00:00:00,0.0,0.0,46.86,49.68,31.29,50.506,90.0,0.0,12.676000000000016
2006-05-24 01:00:00,0.0,0.0,46.81,47.43,30.26,51.479,73.02100000000002,0.0,0.0
2006-05-24 02:00:00,0.0,0.0,47.62,46.32,29.35,52.613,70.67699999999999,0.0,0.0
2006-05-24 03:00:00,0.0,0.0,49.57,47.19,28.78,53.427,72.113,0.0,0.0
2006-05-24 04:00:00,0.0,0.0,54.47,49.78,29.2,57.693000000000005,75.757,0.0,0.0
2006-05-24 05:00:00,0.0,0.0,59.43,53.42,33.09,66.698,79.242,0.0,0.0
2006-05-24 06:00:00,0.0,0.0,62.88,56.36,38.47,79.42,90.0,0.0,11.710000000000004
2006-05-24 07:00:00,0.0,0.0,64.76,58.28,42.04,95.39800000000001,69.682,0.0,0.0
2006-05-24 08:00:00,0.0,0.0,66.37,59.08,43.76,107.21600000000001,61.993999999999986,0.0,0.0
2006-05-24 09:00:00,0.0,0.0,67.81,59.53,44.43,116.22800000000001,70.0,0.0,14.458
2006-05-24 10:00:00,0.0,0.0,67.63,60.1,44.91,122.987,49.653,0.0,0.0
2006-05-24 11:00:00,0.0,0.0,66.59,59.11,45.09,126.46200000000002,44.32800000000001,0.0,0.0
2006-05-24 12:00:00,0.0,0.0,65.22,57.81,44.54,126.43599999999999,41.13400000000001,0.0,0.0
2006-05-24 13:00:00,0.0,0.0,64.12,56.11,43.86,123.41400000000002,50.0,0.0,9.324000000000012
2006-05-24 14:00:00,0.0,0.0,63.04,54.59,43.47,117.59799999999998,43.50200000000001,0.0,0.0
2006-05-24 15:00:00,0.0,0.0,62.71,53.81,44.23,108.855,51.894999999999996,0.0,0.0
2006-05-24 16:00:00,0.0,0.0,62.78,54.62,45.09,98.05299999999998,64.43700000000004,0.0,0.0
2006-05-24 17:00:00,0.0,0.0,62.79,55.85,45.12,84.24300000000001,79.51700000000002,0.0,0.0
2006-05-24 18:00:00,0.0,0.0,61.55,55.66,44.85,66.037,90.0,6.022999999999989,0.0
2006-05-24 19:00:00,0.0,0.0,59.38,54.78,43.95,50.297,90.0,17.813000000000013,0.0
2006-05-24 20:00:00,0.0,0.0,56.99,55.81,42.32,40.628,90.0,24.492000000000004,0.0
2006-05-24 21:00:00,0.0,0.0,53.35,56.89,39.6,36.98199999999999,90.0,22.858000000000008,0.0
2006-05-24 22:00:00,0.0,0.0,50.06,54.19,35.79,34.319,90.0,15.720999999999982,0.0
2006-05-24 23:00:00,0.0,0.0,47.94,51.28,32.2,31.394000000000002,90.0,10.025999999999996,0.0
2006-05-25 00:00:00,0.0,0.0,46.63,46.07,30.45,28.627,90.0,4.523000000000007,0.0
2006-05-25 01:00:00,0.0,0.0,46.58,43.82,29.4,27.088000000000005,90.0,2.7119999999999784,0.0
2006-05-25 02:00:00,0.0,0.0,47.39,42.72,28.49,25.622000000000003,90.0,2.97799999999998,0.0
2006-05-25 03:00:00,0.0,0.0,49.34,43.59,27.92,24.628,90.0,6.222000000000023,0.0
2006-05-25 04:00:00,0.0,0.0,54.26,46.17,28.34,25.113,90.0,13.656999999999996,0.0
2006-05-25 05:00:00,0.0,0.0,59.23,49.8,32.25,30.220999999999997,90.0,21.05900000000001,0.0
2006-05-25 06:00:00,0.0,0.0,62.68,52.75,37.63,41.298,90.0,21.761999999999972,0.0
2006-05-25 07:00:00,0.0,0.0,64.55,54.68,41.21,58.506,90.0,11.934000000000005,0.0
2006-05-25 08:00:00,0.0,0.0,66.17,55.5,42.94,72.399,90.0,2.2109999999999843,0.0
2006-05-25 09:00:00,0.0,0.0,67.62,55.97,43.61,84.69200000000001,90.0,0.0,7.491999999999976
2006-05-25 10:00:00,0.0,0.0,67.43,56.55,44.08,95.866,90.0,0.0,17.805999999999976
2006-05-25 11:00:00,0.0,0.0,66.39,55.55,44.26,101.191,87.86783379501375,0.0,22.858833795013755
2006-05-25 12:00:00,0.0,0.0,65.02,54.27,43.72,102.408,60.60200000000001,0.0,0.0
2006-05-25 13:00:00,0.0,0.0,63.92,52.58,43.03,100.82500000000002,90.0,0.0,31.29500000000003
2006-05-25 14:00:00,0.0,0.0,62.84,51.06,42.65,97.403,59.14700000000002,0.0,0.0
2006-05-25 15:00:00,0.0,0.0,62.51,50.29,43.41,89.905,90.0,0.0,23.695000000000007
2006-05-25 16:00:00,0.0,0.0,62.57,51.09,44.26,76.574,81.346,0.0,0.0
2006-05-25 17:00:00,0.0,0.0,62.56,52.3,44.29,59.940999999999995,90.0,9.209000000000003,0.0
2006-05-25 18:00:00,0.0,0.0,61.29,52.07,44.0,43.663000000000004,90.0,23.696999999999996,0.0
2006-05-25 19:00:00,0.0,0.0,59.12,51.18,43.09,28.107000000000006,90.0,35.28299999999999,0.0
2006-05-25 20:00:00,0.0,0.0,56.75,52.25,41.46,21.721,90.0,38.739000000000004,0.0
2006-05-25 21:00:00,0.0,0.0,53.1,53.33,38.78,21.511000000000003,90.0,33.699,0.0
2006-05-25 22:00:00,0.0,0.0,49.82,50.6,34.97,20.78,90.0,24.609999999999985,0.0
2006-05-25 23:00:00,0.0,0.0,47.71,47.67,31.38,20.953,90.0,15.806999999999999,0.0
2006-05-26 00:00:00,0.0,0.0,44.61,40.45,28.79,22.211999999999996,90.0,1.637999999999991,0.0
2006-05-26 01:00:00,0.0,0.0,44.56,38.2,27.72,22.337000000000003,88.143,0.0,0.0
2006-05-26 02:00:00,0.0,0.0,45.36,37.1,26.81,21.901000000000003,90.0,0.0,2.6310000000000002
2006-05-26 03:00:00,0.0,0.0,47.31,37.98,26.25,22.221999999999998,90.0,0.0,0.6820000000000164
2006-05-26 04:00:00,0.0,0.0,52.26,40.53,26.67,25.996,90.0,3.4639999999999986,0.0
2006-05-26 05:00:00,0.0,0.0,57.23,44.17,30.59,35.179,90.0,6.8110000000000035,0.0
2006-05-26 06:00:00,0.0,0.0,60.69,47.13,35.97,49.658,90.0,4.132000000000007,0.0
2006-05-26 07:00:00,0.0,0.0,62.55,49.07,39.56,63.669,87.511,0.0,0.0
2006-05-26 08:00:00,0.0,0.0,64.18,49.9,41.29,79.64,75.72999999999999,0.0,0.0
2006-05-26 09:00:00,0.0,0.0,65.62,50.38,41.96,89.314,68.64600000000002,0.0,0.0
2006-05-26 10:00:00,0.0,0.0,65.43,50.98,42.44,93.185,65.66499999999999,0.0,0.0
2006-05-26 11:00:00,0.0,0.0,64.38,49.98,42.62,93.211,63.76900000000001,0.0,0.0
2006-05-26 12:00:00,0.0,0.0,63.01,48.71,42.07,92.81099999999999,80.97899999999998,0.0,20.0
2006-05-26 13:00:00,0.0,0.0,61.92,47.03,41.38,88.951,70.0,0.0,8.620999999999995
2006-05-26 14:00:00,0.0,0.0,60.85,45.53,41.0,84.284,63.096000000000004,0.0,0.0
2006-05-26 15:00:00,0.0,0.0,60.51,44.76,41.77,78.42200000000001,68.61800000000002,0.0,0.0
2006-05-26 16:00:00,0.0,0.0,60.56,45.55,42.62,73.02799999999999,75.70200000000003,0.0,0.0
2006-05-26 17:00:00,0.0,0.0,60.53,46.73,42.63,67.92099999999999,81.969,0.0,0.0
2006-05-26 18:00:00,0.0,0.0,59.23,46.45,42.32,59.005,88.99499999999999,0.0,0.0
2006-05-26 19:00:00,0.0,0.0,57.06,45.56,41.4,48.24,90.0,5.780000000000001,0.0
2006-05-26 20:00:00,0.0,0.0,54.71,46.67,39.79,42.629999999999995,90.0,8.539999999999978,0.0
2006-05-26 21:00:00,0.0,0.0,51.06,47.75,37.13,42.653,90.0,3.287000000000006,0.0
2006-05-26 22:00:00,0.0,0.0,47.78,44.98,33.32,44.036,82.044,0.0,0.0
2006-05-26 23:00:00,0.0,0.0,45.68,42.05,29.73,43.35,74.11,0.0,0.0
2006-05-27 00:00:00,0.0,0.0,35.64,35.32,26.2,43.227,53.93300000000002,0.0,0.0
2006-05-27 01:00:00,0.0,0.0,35.59,33.07,25.11,41.059999999999995,52.709999999999994,0.0,0.0
2006-05-27 02:00:00,0.0,0.0,36.39,31.98,24.2,38.27,70.0,0.0,15.699999999999996
2006-05-27 03:00:00,0.0,0.0,38.34,32.86,23.64,37.595,57.245000000000005,0.0,0.0
2006-05-27 04:00:00,0.0,0.0,43.31,35.4,24.06,34.760000000000005,68.00999999999999,0.0,0.0
2006-05-27 05:00:00,0.0,0.0,48.29,39.03,27.99,37.32,77.98999999999998,0.0,0.0
2006-05-27 06:00:00,0.0,0.0,51.74,42.0,33.38,45.31400000000001,81.806,0.0,0.0
2006-05-27 07:00:00,0.0,0.0,53.6,43.95,36.97,59.269,75.251,0.0,0.0
2006-05-27 08:00:00,0.0,0.0,55.23,44.8,38.71,75.115,63.625,0.0,0.0
2006-05-27 09:00:00,0.0,0.0,56.68,45.3,39.38,88.938,52.422,0.0,0.0
2006-05-27 10:00:00,0.0,0.0,56.48,45.9,39.86,99.77600000000001,42.46399999999999,0.0,0.0
2006-05-27 11:00:00,0.0,0.0,55.43,44.91,40.03,105.528,34.841999999999985,0.0,0.0
2006-05-27 12:00:00,0.0,0.0,54.07,43.65,39.49,107.144,30.065999999999995,0.0,0.0
2006-05-27 13:00:00,0.0,0.0,52.98,41.99,38.8,106.107,27.66299999999999,0.0,0.0
2006-05-27 14:00:00,0.0,0.0,51.9,40.49,38.42,100.281,90.0,0.0,59.47099999999999
2006-05-27 15:00:00,0.0,0.0,51.57,39.72,39.19,95.11399999999999,35.365999999999985,0.0,0.0
2006-05-27 16:00:00,0.0,0.0,51.61,40.51,40.04,87.38600000000001,70.0,0.0,25.226000000000028
2006-05-27 17:00:00,0.0,0.0,51.55,41.65,40.04,77.348,55.89200000000001,0.0,0.0
2006-05-27 18:00:00,0.0,0.0,50.23,41.33,39.71,65.06700000000001,66.20300000000002,0.0,0.0
2006-05-27 19:00:00,0.0,0.0,48.06,40.43,38.78,52.702,74.56800000000003,0.0,0.0
2006-05-27 20:00:00,0.0,0.0,45.73,41.59,37.18,49.574999999999996,74.92500000000001,0.0,0.0
2006-05-27 21:00:00,0.0,0.0,42.07,42.67,34.55,50.513999999999996,68.776,0.0,0.0
2006-05-27 22:00:00,0.0,0.0,38.8,39.87,30.75,51.087999999999994,58.33200000000001,0.0,0.0
2006-05-27 23:00:00,0.0,0.0,36.71,36.93,27.15,52.393,48.39700000000002,0.0,0.0
2006-05-28 00:00:00,0.0,0.0,32.2,32.96,26.13,54.153,37.137,0.0,0.0
2006-05-28 01:00:00,0.0,0.0,32.14,30.71,25.02,56.888999999999996,30.981,0.0,0.0
2006-05-28 02:00:00,0.0,0.0,32.94,29.63,24.11,58.822,27.85799999999999,0.0,0.0
2006-05-28 03:00:00,0.0,0.0,34.89,30.5,23.55,59.106,29.834000000000003,0.0,0.0
2006-05-28 04:00:00,0.0,0.0,39.89,33.03,23.98,62.986,33.914,0.0,0.0
2006-05-28 05:00:00,0.0,0.0,44.88,36.65,27.92,73.84399999999998,35.605999999999995,0.0,0.0
2006-05-28 06:00:00,0.0,0.0,48.33,39.63,33.31,88.37700000000001,51.28651523545702,0.0,18.393515235456995
2006-05-28 07:00:00,0.0,0.0,50.19,41.6,36.91,105.851,50.0,0.0,27.150999999999996
2006-05-28 08:00:00,0.0,0.0,51.82,42.47,38.65,118.293,20.0,0.0,5.353000000000009
2006-05-28 09:00:00,0.0,0.0,53.27,42.98,39.32,125.35300000000001,10.216999999999992,0.0,0.0
2006-05-28 10:00:00,0.0,0.0,53.06,43.59,39.8,130.512,5.938000000000017,0.0,0.0
2006-05-28 11:00:00,0.0,0.0,52.01,42.6,39.98,132.335,50.0,0.0,47.745000000000005
2006-05-28 12:00:00,0.0,0.0,50.65,41.36,39.43,130.594,0.8459999999999965,0.0,0.0
2006-05-28 13:00:00,0.0,0.0,49.57,39.7,38.75,125.702,2.318000000000012,0.0,0.0
2006-05-28 14:00:00,0.0,0.0,48.49,38.21,38.37,117.19700000000002,67.87300000000002,0.0,60.0
2006-05-28 15:00:00,0.0,0.0,48.16,37.45,39.14,106.47,18.279999999999987,0.0,0.0
2006-05-28 16:00:00,0.0,0.0,48.18,38.22,39.98,95.72,30.659999999999982,0.0,0.0
2006-05-28 17:00:00,0.0,0.0,48.1,39.34,39.98,84.185,70.0,0.0,26.76500000000003
2006-05-28 18:00:00,0.0,0.0,46.76,38.97,39.63,69.433,55.92699999999998,0.0,0.0
2006-05-28 19:00:00,0.0,0.0,44.59,38.08,38.68,51.288000000000004,70.06200000000001,0.0,0.0
2006-05-28 20:00:00,0.0,0.0,42.27,39.28,37.09,37.547,81.093,0.0,0.0
2006-05-28 21:00:00,0.0,0.0,38.61,40.35,34.49,29.91,83.53999999999999,0.0,0.0
2006-05-28 22:00:00,0.0,0.0,35.35,37.52,30.7,28.201,75.369,0.0,0.0
2006-05-28 23:00:00,0.0,0.0,33.26,34.57,27.09,27.301999999999996,67.618,0.0,0.0
2006-05-29 00:00:00,0.0,0.0,44.92,43.82,29.71,27.254,90.0,1.1959999999999837,0.0
2006-05-29 01:00:00,0.0,0.0,44.86,41.56,28.58,27.634,87.366,0.0,0.0
2006-05-29 02:00:00,0.0,0.0,45.66,40.49,27.67,28.264000000000003,85.55600000000001,0.0,0.0
2006-05-29 03:00:00,0.0,0.0,47.61,41.37,27.12,28.899,87.201,0.0,0.0
2006-05-29 04:00:00,0.0,0.0,52.63,43.88,27.55,29.113000000000003,90.0,4.9469999999999885,0.0
2006-05-29 05:00:00,0.0,0.0,57.63,47.5,31.51,36.012,90.0,10.628000000000009,0.0
2006-05-29 06:00:00,0.0,0.0,61.08,50.48,36.9,50.388,90.0,8.072000000000003,0.0
2006-05-29 07:00:00,0.0,0.0,62.93,52.46,40.5,67.847,88.043,0.0,0.0
2006-05-29 08:00:00,0.0,0.0,64.57,53.35,42.24,79.562,80.59799999999998,0.0,0.0
2006-05-29 09:00:00,0.0,0.0,66.02,53.87,42.91,87.95400000000001,74.846,0.0,0.0
2006-05-29 10:00:00,0.0,0.0,65.81,54.5,43.39,94.387,69.31300000000002,0.0,0.0
2006-05-29 11:00:00,0.0,0.0,64.76,53.51,43.57,98.47399999999999,63.36600000000001,0.0,0.0
2006-05-29 12:00:00,0.0,0.0,63.4,52.28,43.02,100.10399999999998,70.0,0.0,11.403999999999996
2006-05-29 13:00:00,0.0,0.0,62.32,50.64,42.34,99.788,55.512000000000015,0.0,0.0
2006-05-29 14:00:00,0.0,0.0,61.24,49.15,41.96,97.17,70.0,0.0,14.819999999999999
2006-05-29 15:00:00,0.0,0.0,60.91,48.39,42.74,92.255,59.785,0.0,0.0
2006-05-29 16:00:00,0.0,0.0,60.92,49.16,43.58,85.866,67.794,0.0,0.0
2006-05-29 17:00:00,0.0,0.0,60.82,50.25,43.56,77.584,77.04600000000002,0.0,0.0
2006-05-29 18:00:00,0.0,0.0,59.44,49.84,43.2,67.921,84.55900000000003,0.0,0.0
2006-05-29 19:00:00,0.0,0.0,57.28,48.94,42.24,56.50299999999999,90.0,1.9570000000000007,0.0
2006-05-29 20:00:00,0.0,0.0,54.98,50.18,40.66,49.301,90.0,6.5190000000000055,0.0
2006-05-29 21:00:00,0.0,0.0,51.31,51.25,38.08,47.61,90.0,3.029999999999987,0.0
2006-05-29 22:00:00,0.0,0.0,48.06,48.38,34.29,46.025999999999996,84.70400000000001,0.0,0.0
2006-05-29 23:00:00,0.0,0.0,45.98,45.43,30.69,46.208,75.892,0.0,0.0
2006-05-30 00:00:00,0.0,0.0,47.36,51.61,30.38,46.603,82.74699999999999,0.0,0.0
2006-05-30 01:00:00,0.0,0.0,47.3,49.36,29.22,48.199,77.681,0.0,0.0
2006-05-30 02:00:00,0.0,0.0,48.09,48.3,28.31,48.932,75.76800000000003,0.0,0.0
2006-05-30 03:00:00,0.0,0.0,50.04,49.18,27.76,49.474000000000004,77.50599999999999,0.0,0.0
2006-05-30 04:00:00,0.0,0.0,55.08,51.67,28.19,50.835,84.105,0.0,0.0
2006-05-30 05:00:00,0.0,0.0,60.1,55.28,32.17,61.36499999999999,86.185,0.0,0.0
2006-05-30 06:00:00,0.0,0.0,63.54,58.28,37.56,84.576,74.804,0.0,0.0
2006-05-30 07:00:00,0.0,0.0,65.39,60.27,41.17,108.02599999999998,58.803999999999995,0.0,0.0
2006-05-30 08:00:00,0.0,0.0,67.03,61.17,42.92,119.535,51.58500000000001,0.0,0.0
2006-05-30 09:00:00,0.0,0.0,68.49,61.71,43.59,127.961,45.829,0.0,0.0
2006-05-30 10:00:00,0.0,0.0,68.27,62.35,44.07,133.791,40.89900000000001,0.0,0.0
2006-05-30 11:00:00,0.0,0.0,67.22,61.36,44.25,135.881,50.0,0.0,13.051000000000004
2006-05-30 12:00:00,0.0,0.0,65.86,60.15,43.7,134.288,35.422,0.0,0.0
2006-05-30 13:00:00,0.0,0.0,64.78,58.52,43.01,129.512,36.798,0.0,0.0
2006-05-30 14:00:00,0.0,0.0,63.7,57.04,42.64,122.99000000000001,40.39000000000001,0.0,0.0
2006-05-30 15:00:00,0.0,0.0,63.37,56.28,43.42,114.94400000000002,70.0,0.0,21.873999999999995
2006-05-30 16:00:00,0.0,0.0,63.37,57.04,44.26,104.956,59.71399999999998,0.0,0.0
2006-05-30 17:00:00,0.0,0.0,63.25,58.11,44.23,92.099,73.491,0.0,0.0
2006-05-30 18:00:00,0.0,0.0,61.85,57.64,43.85,73.56200000000001,89.77799999999998,0.0,0.0
2006-05-30 19:00:00,0.0,0.0,59.69,56.74,42.87,55.527,90.0,13.772999999999996,0.0
2006-05-30 20:00:00,0.0,0.0,57.4,58.02,41.31,46.181,90.0,20.549000000000007,0.0
2006-05-30 21:00:00,0.0,0.0,53.73,59.09,38.76,45.556000000000004,90.0,16.024000000000015,0.0
2006-05-30 22:00:00,0.0,0.0,50.49,56.19,34.98,44.885999999999996,90.0,6.774000000000001,0.0
2006-05-30 23:00:00,0.0,0.0,48.41,53.23,31.36,43.64,89.35999999999999,0.0,0.0
2006-05-31 00:00:00,0.0,0.0,47.66,53.46,30.88,41.615,90.0,0.3849999999999909,0.0
2006-05-31 01:00:00,0.0,0.0,47.6,51.21,29.71,40.035,88.48500000000001,0.0,0.0
2006-05-31 02:00:00,0.0,0.0,48.38,50.15,28.8,39.287,88.04299999999998,0.0,0.0
2006-05-31 03:00:00,0.0,0.0,50.33,51.03,28.25,38.634,90.0,0.9759999999999991,0.0
2006-05-31 04:00:00,0.0,0.0,55.4,53.51,28.69,39.659,90.0,7.9410000000000025,0.0
2006-05-31 05:00:00,0.0,0.0,60.43,57.12,32.67,46.825,90.0,13.39500000000001,0.0
2006-05-31 06:00:00,0.0,0.0,63.87,60.12,38.07,65.03399999999999,90.0,7.025999999999986,0.0
2006-05-31 07:00:00,0.0,0.0,65.71,62.13,41.68,83.883,85.637,0.0,0.0
2006-05-31 08:00:00,0.0,0.0,67.36,63.05,43.43,96.46499999999999,77.375,0.0,0.0
2006-05-31 09:00:00,0.0,0.0,68.82,63.6,44.1,105.402,71.11799999999997,0.0,0.0
2006-05-31 10:00:00,0.0,0.0,68.59,64.25,44.59,110.67999999999998,90.0,0.0,23.249999999999993
2006-05-31 11:00:00,0.0,0.0,67.54,63.26,44.76,113.048,62.51199999999999,0.0,0.0
2006-05-31 12:00:00,0.0,0.0,66.18,62.07,44.21,112.15,70.0,0.0,9.689999999999998
2006-05-31 13:00:00,0.0,0.0,65.11,60.44,43.53,108.61099999999999,90.0,0.0,29.53099999999999
2006-05-31 14:00:00,0.0,0.0,64.03,58.97,43.16,102.943,80.02893074792246,0.0,16.81193074792246
2006-05-31 15:00:00,0.0,0.0,63.7,58.22,43.94,92.802,90.0,0.0,16.941999999999993
2006-05-31 16:00:00,0.0,0.0,63.69,58.97,44.78,81.071,86.36899999999999,0.0,0.0
2006-05-31 17:00:00,0.0,0.0,63.55,60.01,44.74,70.358,90.0,7.941999999999993,0.0
2006-05-31 18:00:00,0.0,0.0,62.11,59.5,44.34,58.917,90.0,17.033,0.0
2006-05-31 19:00:00,0.0,0.0,59.96,58.59,43.35,45.683,90.0,26.21700000000002,0.0
2006-05-31 20:00:00,0.0,0.0,57.68,59.92,41.8,37.488,90.0,31.912000000000006,0.0
2006-05-31 21:00:00,0.0,0.0,54.01,60.99,39.27,37.42,90.0,26.85,0.0
2006-05-31 22:00:00,0.0,0.0,50.78,58.05,35.5,36.043,90.0,18.287000000000003,0.0
2006-05-31 23:00:00,0.0,0.0,48.71,55.08,31.88,36.545,90.0,9.125,0.0
2006-06-01 00:00:00,0.0,0.0,47.27,51.88,29.31,37.293,90.0,1.1670000000000016,0.0
2006-06-01 01:00:00,0.0,0.0,47.22,49.62,28.11,36.978,90.0,0.0,2.0279999999999916
2006-06-01 02:00:00,0.0,0.0,48.0,48.58,27.2,38.842,90.0,0.0,5.061999999999998
2006-06-01 03:00:00,0.0,0.0,49.94,49.46,26.66,39.932,90.0,0.0,3.872
2006-06-01 04:00:00,0.0,0.0,55.04,51.93,27.09,41.51500000000001,90.0,2.545000000000016,0.0
2006-06-01 05:00:00,0.0,0.0,60.07,55.53,31.09,49.309999999999995,90.0,7.3799999999999955,0.0
2006-06-01 06:00:00,0.0,0.0,63.51,58.54,36.49,68.205,90.0,0.33499999999997954,0.0
2006-06-01 07:00:00,0.0,0.0,65.35,60.56,40.11,88.528,90.0,0.0,12.50800000000001
2006-06-01 08:00:00,0.0,0.0,67.01,61.49,41.87,98.656,90.0,0.0,18.28599999999998
2006-06-01 09:00:00,0.0,0.0,68.46,62.06,42.53,104.518,83.93059002770087,0.0,15.398590027700893
2006-06-01 10:00:00,0.0,0.0,68.23,62.72,43.02,107.21300000000002,90.0,0.0,23.242999999999984
2006-06-01 11:00:00,0.0,0.0,67.18,61.74,43.2,106.09899999999999,90.0,0.0,23.979
2006-06-01 12:00:00,0.0,0.0,65.82,60.55,42.64,101.51400000000001,90.0,0.0,22.50400000000002
2006-06-01 13:00:00,0.0,0.0,64.75,58.94,41.96,94.469,90.0,0.0,18.81899999999998
2006-06-01 14:00:00,0.0,0.0,63.67,57.48,41.6,86.434,90.0,0.0,13.683999999999997
2006-06-01 15:00:00,0.0,0.0,63.34,56.72,42.38,77.924,90.0,0.0,5.483999999999995
2006-06-01 16:00:00,0.0,0.0,63.33,57.47,43.22,68.006,90.0,1.0140000000000384,0.0
2006-06-01 17:00:00,0.0,0.0,63.16,58.48,43.16,55.12100000000001,104.67899999999999,0.0,0.0
2006-06-01 18:00:00,0.0,0.0,61.7,57.93,42.74,40.096,90.0,27.274000000000015,0.0
2006-06-01 19:00:00,0.0,0.0,59.54,57.01,41.75,26.344,90.0,36.95600000000002,0.0
2006-06-01 20:00:00,0.0,0.0,57.28,58.38,40.2,19.682,90.0,41.17800000000001,0.0
2006-06-01 21:00:00,0.0,0.0,53.61,59.45,37.7,19.567,91.87500000000016,34.31799999999984,0.0
2006-06-01 22:00:00,0.0,0.0,50.38,56.48,33.94,18.536,90.0,27.263999999999992,0.0
2006-06-01 23:00:00,0.0,0.0,48.32,53.51,30.31,16.869,90.0,20.271,0.0
2006-06-02 00:00:00,0.0,0.0,45.08,48.79,27.71,15.965,90.0,10.615000000000009,0.0
2006-06-02 01:00:00,0.0,0.0,45.03,46.53,26.49,14.963999999999999,98.08599999999998,0.0,0.0
2006-06-02 02:00:00,0.0,0.0,45.8,45.5,25.58,14.436,90.0,7.444000000000003,0.0
2006-06-02 03:00:00,0.0,0.0,47.75,46.38,25.04,14.313,90.0,9.857000000000028,0.0
2006-06-02 04:00:00,0.0,0.0,52.87,48.83,25.48,15.447,90.0,16.733000000000022,0.0
2006-06-02 05:00:00,0.0,0.0,57.92,52.43,29.5,21.654,90.0,23.196000000000012,0.0
2006-06-02 06:00:00,0.0,0.0,61.35,55.45,34.9,36.786,90.0,19.914000000000016,0.0
2006-06-02 07:00:00,0.0,0.0,63.19,57.48,38.52,55.224000000000004,90.0,8.966000000000008,0.0
2006-06-02 08:00:00,0.0,0.0,64.85,58.43,40.28,70.476,90.0,0.0,1.9160000000000057
2006-06-02 09:00:00,0.0,0.0,66.3,59.02,40.95,80.265,90.0,0.0,8.994999999999994
2006-06-02 10:00:00,0.0,0.0,66.06,59.69,41.44,87.178,90.0,0.0,14.987999999999975
2006-06-02 11:00:00,0.0,0.0,65.01,58.7,41.61,90.198,90.0,0.0,19.87799999999997
2006-06-02 12:00:00,0.0,0.0,63.66,57.53,41.06,91.274,90.0,0.0,24.02400000000003
2006-06-02 13:00:00,0.0,0.0,62.59,55.93,40.38,89.188,90.0,0.0,25.287999999999997
2006-06-02 14:00:00,0.0,0.0,61.51,54.47,40.01,84.905,90.0,0.0,23.91500000000002
2006-06-02 15:00:00,0.0,0.0,61.18,53.72,40.8,78.194,90.0,0.0,17.494000000000014
2006-06-02 16:00:00,0.0,0.0,61.15,54.47,41.63,69.269,90.0,0.0,7.0189999999999815
2006-06-02 17:00:00,0.0,0.0,60.96,55.45,41.57,57.29600000000001,90.0,5.6839999999999975,0.0
2006-06-02 18:00:00,0.0,0.0,59.48,54.84,41.13,42.054,90.0,18.396000000000015,0.0
2006-06-02 19:00:00,0.0,0.0,57.32,53.93,40.12,28.079,90.0,28.29100000000001,0.0
2006-06-02 20:00:00,0.0,0.0,55.08,55.34,38.59,18.957,90.0,35.053,0.0
2006-06-02 21:00:00,0.0,0.0,51.4,56.41,36.12,18.895,111.34090750000007,8.694092499999925,0.0
2006-06-02 22:00:00,0.0,0.0,48.18,53.4,32.36,18.369,90.0,20.571000000000012,0.0
2006-06-02 23:00:00,0.0,0.0,46.13,50.42,28.73,17.445,90.0,12.835000000000026,0.0
2006-06-03 00:00:00,0.0,0.0,36.61,40.15,25.23,16.68,85.31,0.0,0.0
2006-06-03 01:00:00,0.0,0.0,36.56,37.89,23.99,16.932,90.0,0.0,8.492000000000004
2006-06-03 02:00:00,0.0,0.0,37.33,36.87,23.08,16.109,83.02913850415513,0.0,1.8581385041551357
2006-06-03 03:00:00,0.0,0.0,39.27,37.75,22.54,15.173000000000002,84.38699999999999,0.0,0.0
2006-06-03 04:00:00,0.0,0.0,44.42,40.18,22.98,16.567999999999998,90.0,1.012000000000004,0.0
2006-06-03 05:00:00,0.0,0.0,49.47,43.77,27.01,25.142999999999997,90.0,5.10700000000001,0.0
2006-06-03 06:00:00,0.0,0.0,52.91,46.8,32.42,38.908,90.0,3.2220000000000013,0.0
2006-06-03 07:00:00,0.0,0.0,54.74,48.85,36.05,56.095,83.54499999999999,0.0,0.0
2006-06-03 08:00:00,0.0,0.0,56.4,49.81,37.81,67.23500000000001,76.785,0.0,0.0
2006-06-03 09:00:00,0.0,0.0,57.86,50.42,38.48,76.036,70.72399999999999,0.0,0.0
2006-06-03 10:00:00,0.0,0.0,57.61,51.1,38.97,83.97800000000001,71.5622077562327,0.0,7.8602077562327075
2006-06-03 11:00:00,0.0,0.0,56.57,50.11,39.14,89.394,90.0,0.0,33.57399999999999
2006-06-03 12:00:00,0.0,0.0,55.21,48.96,38.59,91.337,70.0,0.0,18.576999999999998
2006-06-03 13:00:00,0.0,0.0,54.15,47.37,37.91,89.65700000000001,49.77299999999999,0.0,0.0
2006-06-03 14:00:00,0.0,0.0,53.07,45.92,37.54,84.957,90.0,0.0,38.42700000000001
2006-06-03 15:00:00,0.0,0.0,52.74,45.17,38.34,76.85300000000001,90.0,0.0,30.602999999999994
2006-06-03 16:00:00,0.0,0.0,52.7,45.91,39.16,65.977,71.79299999999999,0.0,0.0
2006-06-03 17:00:00,0.0,0.0,52.49,46.86,39.09,52.989999999999995,85.45,0.0,0.0
2006-06-03 18:00:00,0.0,0.0,50.97,46.21,38.63,39.184000000000005,90.0,6.625999999999995,0.0
2006-06-03 19:00:00,0.0,0.0,48.82,45.29,37.61,27.003999999999998,90.0,14.716000000000008,0.0
2006-06-03 20:00:00,0.0,0.0,46.59,46.74,36.09,20.661,90.0,18.759000000000015,0.0
2006-06-03 21:00:00,0.0,0.0,42.91,47.81,33.65,21.148000000000003,90.0,13.222000000000008,0.0
2006-06-03 22:00:00,0.0,0.0,39.7,44.78,29.89,19.991,90.0,4.379000000000005,0.0
2006-06-03 23:00:00,0.0,0.0,37.66,41.78,26.26,19.208,86.49199999999999,0.0,0.0
2006-06-04 00:00:00,0.0,0.0,32.96,34.51,24.17,19.195,72.445,0.0,0.0
2006-06-04 01:00:00,0.0,0.0,32.9,32.25,22.91,20.573,67.48699999999998,0.0,0.0
2006-06-04 02:00:00,0.0,0.0,33.67,31.23,22.0,21.948,64.95200000000001,0.0,0.0
2006-06-04 03:00:00,0.0,0.0,35.62,32.11,21.47,22.547999999999995,66.652,0.0,0.0
2006-06-04 04:00:00,0.0,0.0,40.79,34.53,21.91,25.811999999999998,71.418,0.0,0.0
2006-06-04 05:00:00,0.0,0.0,45.85,38.12,25.96,35.864,90.0,0.0,15.933999999999976
2006-06-04 06:00:00,0.0,0.0,49.28,41.16,31.36,53.46900000000001,70.0,0.0,1.669000000000004
2006-06-04 07:00:00,0.0,0.0,51.11,43.22,35.0,65.889,90.0,0.0,26.558999999999997
2006-06-04 08:00:00,0.0,0.0,52.78,44.2,36.76,77.387,76.353,0.0,20.0
2006-06-04 09:00:00,0.0,0.0,54.24,44.82,37.43,86.202,70.0,0.0,19.71200000000002
2006-06-04 10:00:00,0.0,0.0,53.98,45.51,37.92,91.151,46.25899999999999,0.0,0.0
2006-06-04 11:00:00,0.0,0.0,52.93,44.52,38.1,94.153,41.397,0.0,0.0
2006-06-04 12:00:00,0.0,0.0,51.58,43.38,37.54,95.06099999999998,70.0,0.0,32.56100000000002
2006-06-04 13:00:00,0.0,0.0,50.52,41.81,36.86,93.958,90.0,0.0,54.76799999999999
2006-06-04 14:00:00,0.0,0.0,49.44,40.36,36.5,89.851,90.0,0.0,53.551
2006-06-04 15:00:00,0.0,0.0,49.11,39.62,37.3,81.96000000000001,70.0,0.0,25.930000000000007
2006-06-04 16:00:00,0.0,0.0,49.06,40.35,38.12,70.937,56.59299999999999,0.0,0.0
2006-06-04 17:00:00,0.0,0.0,48.83,41.27,38.04,57.367999999999995,70.77199999999999,0.0,0.0
2006-06-04 18:00:00,0.0,0.0,47.29,40.58,37.56,39.563,85.867,0.0,0.0
2006-06-04 19:00:00,0.0,0.0,45.14,39.65,36.53,22.262,90.0,7.391333333333322,0.0
2006-06-04 20:00:00,0.0,0.0,42.93,41.15,35.01,17.595,90.0,11.495,0.0
2006-06-04 21:00:00,0.0,0.0,39.24,42.22,32.6,19.261,90.0,4.799000000000004,0.0
2006-06-04 22:00:00,0.0,0.0,36.03,39.14,28.85,17.547,90.0,0.0,3.526999999999987
2006-06-04 23:00:00,0.0,0.0,34.0,36.15,25.22,16.33,90.0,0.0,10.960000000000008
2006-06-05 00:00:00,0.0,0.0,44.73,39.74,26.25,14.954,90.0,2.4326666666666767,0.0
2006-06-05 01:00:00,0.0,0.0,44.67,37.48,24.97,14.044,90.0,0.0,0.0
2006-06-05 02:00:00,0.0,0.0,45.43,36.47,24.06,13.292,90.0,0.2972783333333034,0.0
2006-06-05 03:00:00,0.0,0.0,47.38,37.35,23.53,12.522,90.0,2.404666666666671,0.0
2006-06-05 04:00:00,0.0,0.0,52.57,39.76,23.98,14.922,90.0,9.72133333333333,0.0
2006-06-05 05:00:00,0.0,0.0,57.64,43.34,28.04,23.549999999999997,90.0,12.136666666666684,0.0
2006-06-05 06:00:00,0.0,0.0,61.07,46.38,33.44,37.723,90.0,9.833666666666677,0.0
2006-06-05 07:00:00,0.0,0.0,62.89,48.46,37.08,50.58200000000001,90.0,6.181333333333342,0.0
2006-06-05 08:00:00,0.0,0.0,64.57,49.45,38.85,61.669,90.0,0.0,0.0
2006-06-05 09:00:00,0.0,0.0,66.03,50.09,39.52,69.342,90.0,0.0,3.7019999999999698
2006-06-05 10:00:00,0.0,0.0,65.77,50.79,40.01,73.901,90.0,0.0,7.331000000000017
2006-06-05 11:00:00,0.0,0.0,64.72,49.81,40.19,75.338,90.0,0.0,10.618000000000002
2006-06-05 12:00:00,0.0,0.0,63.37,48.68,39.63,73.907,90.0,0.0,12.227000000000004
2006-06-05 13:00:00,0.0,0.0,62.32,47.12,38.96,70.979,90.0,0.0,12.579
2006-06-05 14:00:00,0.0,0.0,61.23,45.68,38.6,65.901,90.0,0.0,10.390999999999991
2006-06-05 15:00:00,0.0,0.0,60.91,44.94,39.4,57.813,90.0,0.0,2.5630000000000166
2006-06-05 16:00:00,0.0,0.0,60.85,45.66,40.22,48.376999999999995,93.35300000000001,0.0,0.0
2006-06-05 17:00:00,0.0,0.0,60.59,46.55,40.12,37.494,104.766,0.0,0.0
2006-06-05 18:00:00,0.0,0.0,59.02,45.81,39.63,26.337999999999997,113.12200000000003,0.0,0.0
2006-06-05 19:00:00,0.0,0.0,56.87,44.88,38.58,14.020999999999999,121.309,0.0,0.0
2006-06-05 20:00:00,0.0,0.0,54.68,46.42,37.08,10.803,90.0,32.37700000000001,0.0
2006-06-05 21:00:00,0.0,0.0,50.99,47.49,34.69,12.474,115.696,0.0,0.0
2006-06-05 22:00:00,0.0,0.0,47.79,44.39,30.95,11.147,106.983,0.0,0.0
2006-06-05 23:00:00,0.0,0.0,45.76,41.38,27.31,9.408999999999999,100.04100000000001,0.0,0.0
2006-06-06 00:00:00,0.0,0.0,46.2,41.28,25.85,7.991,100.33900000000003,0.0,0.0
2006-06-06 01:00:00,0.0,0.0,46.14,39.02,24.55,7.075,97.63499999999999,0.0,0.0
2006-06-06 02:00:00,0.0,0.0,46.9,38.02,23.65,6.6370000000000005,96.93299999999999,0.0,0.0
2006-06-06 03:00:00,0.0,0.0,48.85,38.9,23.12,6.625,90.0,9.245000000000005,0.0
2006-06-06 04:00:00,0.0,0.0,54.07,41.29,23.56,9.001000000000001,104.91900000000001,0.0,0.0
2006-06-06 05:00:00,0.0,0.0,59.15,44.87,27.64,16.399,110.26099999999998,0.0,0.0
2006-06-06 06:00:00,0.0,0.0,62.58,47.92,33.04,28.160999999999998,90.0,20.378999999999998,0.0
2006-06-06 07:00:00,0.0,0.0,64.39,50.01,36.69,40.414,105.67600000000002,0.0,0.0
2006-06-06 08:00:00,0.0,0.0,66.07,51.02,38.47,53.098,97.46200000000002,0.0,0.0
2006-06-06 09:00:00,0.0,0.0,67.54,51.67,39.13,61.90299999999999,90.0,1.4370000000000118,0.0
2006-06-06 10:00:00,0.0,0.0,67.27,52.38,39.63,67.53900000000002,90.0,0.0,3.258999999999986
2006-06-06 11:00:00,0.0,0.0,66.22,51.4,39.8,70.21600000000001,90.0,0.0,7.795999999999994
2006-06-06 12:00:00,0.0,0.0,64.87,50.29,39.24,70.227,90.0,0.0,10.826999999999973
2006-06-06 13:00:00,0.0,0.0,63.82,48.74,38.57,67.19800000000001,90.0,0.0,11.06799999999997
2006-06-06 14:00:00,0.0,0.0,62.73,47.31,38.21,61.491,90.0,0.0,8.24099999999998
2006-06-06 15:00:00,0.0,0.0,62.41,46.57,39.02,53.236000000000004,90.0,0.0,0.23599999999998555
2006-06-06 16:00:00,0.0,0.0,62.34,47.28,39.83,42.793,101.65700000000001,0.0,0.0
2006-06-06 17:00:00,0.0,0.0,62.06,48.15,39.73,31.004,113.93599999999999,0.0,0.0
2006-06-06 18:00:00,0.0,0.0,60.46,47.36,39.21,19.743000000000002,122.28699999999999,0.0,0.0
2006-06-06 19:00:00,0.0,0.0,58.32,46.43,38.15,9.717,128.183,0.0,0.0
2006-06-06 20:00:00,0.0,0.0,56.14,48.01,36.66,7.509,110.0,18.301000000000016,0.0
2006-06-06 21:00:00,0.0,0.0,52.44,49.08,34.31,7.936,110.0,12.894000000000005,0.0
2006-06-06 22:00:00,0.0,0.0,49.25,45.94,30.57,7.3790000000000004,90.0,23.38100000000003,0.0
2006-06-06 23:00:00,0.0,0.0,47.23,42.92,26.92,6.412999999999999,105.65700000000002,0.0,0.0
2006-06-07 00:00:00,0.0,0.0,45.98,41.53,26.42,5.647,103.28300000000002,0.0,0.0
2006-06-07 01:00:00,0.0,0.0,45.92,39.27,25.1,4.826,100.46400000000001,0.0,0.0
2006-06-07 02:00:00,0.0,0.0,46.67,38.28,24.2,4.2,99.95000000000003,0.0,0.0
2006-06-07 03:00:00,0.0,0.0,48.62,39.16,23.67,4.008,102.442,0.0,0.0
2006-06-07 04:00:00,0.0,0.0,53.86,41.53,24.12,6.063000000000001,108.44700000000002,0.0,0.0
2006-06-07 05:00:00,0.0,0.0,58.95,45.11,28.21,12.884000000000002,90.0,24.385999999999996,0.0
2006-06-07 06:00:00,0.0,0.0,62.38,48.17,33.62,23.672000000000004,90.0,25.498000000000008,0.0
2006-06-07 07:00:00,0.0,0.0,64.19,50.27,37.27,34.822,110.0,1.908000000000012,0.0
2006-06-07 08:00:00,0.0,0.0,65.88,51.3,39.05,46.007000000000005,105.223,0.0,0.0
2006-06-07 09:00:00,0.0,0.0,67.35,51.96,39.72,54.49700000000001,90.0,9.533000000000001,0.0
2006-06-07 10:00:00,0.0,0.0,67.07,52.69,40.21,59.754999999999995,95.21500000000002,0.0,0.0
2006-06-07 11:00:00,0.0,0.0,66.02,51.7,40.39,61.93,91.18000000000004,0.0,0.0
2006-06-07 12:00:00,0.0,0.0,64.67,50.61,39.83,62.358000000000004,90.0,0.0,2.2479999999999762
2006-06-07 13:00:00,0.0,0.0,63.62,49.07,39.15,60.29600000000001,90.0,0.0,3.455999999999989
2006-06-07 14:00:00,0.0,0.0,62.54,47.64,38.8,54.940000000000005,90.0,0.0,0.9600000000000106
2006-06-07 15:00:00,0.0,0.0,62.21,46.9,39.61,46.29299999999999,90.0,7.427000000000007,0.0
2006-06-07 16:00:00,0.0,0.0,62.13,47.61,40.42,37.215,107.94500000000001,0.0,0.0
2006-06-07 17:00:00,0.0,0.0,61.83,48.45,40.3,26.44,90.0,29.14,0.0
2006-06-07 18:00:00,0.0,0.0,60.2,47.62,39.77,15.912,110.0,16.678,0.0
2006-06-07 19:00:00,0.0,0.0,58.06,46.68,38.7,6.705,131.735,0.0,0.0
2006-06-07 20:00:00,0.0,0.0,55.9,48.31,37.22,4.324,115.0,17.106000000000023,0.0
2006-06-07 21:00:00,0.0,0.0,52.2,49.37,34.89,3.9579999999999997,110.0,17.502000000000002,0.0
2006-06-07 22:00:00,0.0,0.0,49.02,46.2,31.16,3.201,115.0,3.178999999999988,0.0
2006-06-07 23:00:00,0.0,0.0,47.0,43.18,27.51,2.517,110.0,0.17300000000000182,0.0
2006-06-08 00:00:00,0.0,0.0,44.94,40.78,26.19,2.5989999999999998,104.31099999999998,0.0,0.0
2006-06-08 01:00:00,0.0,0.0,44.87,38.51,24.85,2.66,90.0,10.570000000000007,0.0
2006-06-08 02:00:00,0.0,0.0,45.62,37.53,23.95,2.81,99.29000000000002,0.0,0.0
2006-06-08 03:00:00,0.0,0.0,47.57,38.41,23.43,2.984,101.426,0.0,0.0
2006-06-08 04:00:00,0.0,0.0,52.84,40.77,23.88,5.072,107.41800000000002,0.0,0.0
2006-06-08 05:00:00,0.0,0.0,57.94,44.34,27.98,12.581,110.0,2.6790000000000305,0.0
2006-06-08 06:00:00,0.0,0.0,61.36,47.41,33.39,24.11,113.05,0.0,0.0
2006-06-08 07:00:00,0.0,0.0,63.17,49.53,37.05,36.345,108.40500000000002,0.0,0.0
2006-06-08 08:00:00,0.0,0.0,64.86,50.57,38.83,48.505,100.755,0.0,0.0
2006-06-08 09:00:00,0.0,0.0,66.33,51.25,39.5,59.31500000000001,92.76500000000001,0.0,0.0
2006-06-08 10:00:00,0.0,0.0,66.05,51.98,39.99,68.175,90.0,0.0,5.154999999999996
2006-06-08 11:00:00,0.0,0.0,65.0,51.0,40.17,74.133,90.0,0.0,12.962999999999994
2006-06-08 12:00:00,0.0,0.0,63.65,49.92,39.61,76.132,90.0,0.0,17.951999999999984
2006-06-08 13:00:00,0.0,0.0,62.61,48.39,38.93,73.039,90.0,0.0,18.108999999999984
2006-06-08 14:00:00,0.0,0.0,61.52,46.97,38.58,66.54299999999999,90.0,0.0,14.472999999999999
2006-06-08 15:00:00,0.0,0.0,61.2,46.24,39.39,56.815,90.0,0.0,4.98499999999998
2006-06-08 16:00:00,0.0,0.0,61.11,46.94,40.2,44.916000000000004,98.334,0.0,0.0
2006-06-08 17:00:00,0.0,0.0,60.78,47.75,40.07,32.03,110.0,1.5700000000000074,0.0
2006-06-08 18:00:00,0.0,0.0,59.13,46.87,39.53,18.080000000000002,122.45,0.0,0.0
2006-06-08 19:00:00,0.0,0.0,56.99,45.93,38.44,7.411999999999999,90.0,38.94799999999999,0.0
2006-06-08 20:00:00,0.0,0.0,54.84,47.6,36.97,6.345000000000001,127.42548000000029,0.639519999999709,0.0
2006-06-08 21:00:00,0.0,0.0,51.14,48.66,34.67,6.963,90.0,32.507000000000005,0.0
2006-06-08 22:00:00,0.0,0.0,47.96,45.45,30.94,6.606999999999999,90.0,22.74300000000001,0.0
2006-06-08 23:00:00,0.0,0.0,45.96,42.43,27.29,6.021000000000001,90.0,14.658999999999992,0.0
2006-06-09 00:00:00,0.0,0.0,43.14,40.01,25.62,6.131,97.63900000000001,0.0,0.0
2006-06-09 01:00:00,0.0,0.0,43.08,37.74,24.25,6.481,93.589,0.0,0.0
2006-06-09 02:00:00,0.0,0.0,43.82,36.77,23.35,7.031,91.90900000000002,0.0,0.0
2006-06-09 03:00:00,0.0,0.0,45.77,37.65,22.83,8.023,93.227,0.0,0.0
2006-06-09 04:00:00,0.0,0.0,51.06,40.0,23.28,11.204,98.13600000000001,0.0,0.0
2006-06-09 05:00:00,0.0,0.0,56.17,43.56,27.4,19.425,102.70500000000001,0.0,0.0
2006-06-09 06:00:00,0.0,0.0,59.59,46.64,32.81,32.627,101.413,0.0,0.0
2006-06-09 07:00:00,0.0,0.0,61.4,48.78,36.48,42.977000000000004,98.68300000000002,0.0,0.0
2006-06-09 08:00:00,0.0,0.0,63.09,49.83,38.27,58.18899999999999,90.0,0.0,0.0
2006-06-09 09:00:00,0.0,0.0,64.56,50.52,38.93,71.565,82.44500000000002,0.0,0.0
2006-06-09 10:00:00,0.0,0.0,64.28,51.27,39.43,80.49600000000001,90.0,0.0,15.515999999999991
2006-06-09 11:00:00,0.0,0.0,63.22,50.29,39.6,85.68900000000001,90.0,0.0,22.579000000000022
2006-06-09 12:00:00,0.0,0.0,61.88,49.23,39.04,87.65299999999999,70.0,0.0,7.5030000000000125
2006-06-09 13:00:00,0.0,0.0,60.84,47.71,38.37,86.19600000000001,60.72400000000001,0.0,0.0
2006-06-09 14:00:00,0.0,0.0,59.75,46.3,38.02,80.871,90.0,0.0,26.801000000000002
2006-06-09 15:00:00,0.0,0.0,59.43,45.56,38.83,73.50099999999999,86.49063711911357,0.0,16.171637119113562
2006-06-09 16:00:00,0.0,0.0,59.33,46.26,39.64,63.765,81.465,0.0,0.0
2006-06-09 17:00:00,0.0,0.0,58.98,47.04,39.5,50.565000000000005,90.0,4.954999999999984,0.0
2006-06-09 18:00:00,0.0,0.0,57.3,46.12,38.93,38.417,90.0,13.933000000000021,0.0
2006-06-09 19:00:00,0.0,0.0,55.16,45.17,37.84,28.589,90.0,19.581000000000017,0.0
2006-06-09 20:00:00,0.0,0.0,53.03,46.88,36.38,25.594,90.0,20.695999999999998,0.0
2006-06-09 21:00:00,0.0,0.0,49.32,47.94,34.1,26.524,90.0,14.835999999999995,0.0
2006-06-09 22:00:00,0.0,0.0,46.16,44.7,30.39,25.316000000000003,90.0,5.9339999999999975,0.0
2006-06-09 23:00:00,0.0,0.0,44.16,41.66,26.73,25.039,87.51100000000001,0.0,0.0
2006-06-10 00:00:00,0.0,0.0,34.95,34.89,23.44,26.388999999999996,70.0,0.0,3.1089999999999947
2006-06-10 01:00:00,0.0,0.0,34.88,32.62,22.06,26.386000000000003,70.0,0.0,6.825999999999979
2006-06-10 02:00:00,0.0,0.0,35.62,31.65,21.16,25.223,63.20699999999998,0.0,0.0
2006-06-10 03:00:00,0.0,0.0,37.57,32.53,20.64,22.823,90.0,0.0,22.083
2006-06-10 04:00:00,0.0,0.0,42.89,34.86,21.09,24.951,73.889,0.0,0.0
2006-06-10 05:00:00,0.0,0.0,48.01,38.42,25.23,35.403999999999996,76.256,0.0,0.0
2006-06-10 06:00:00,0.0,0.0,51.42,41.51,30.64,47.737,75.833,0.0,0.0
2006-06-10 07:00:00,0.0,0.0,53.22,43.66,34.31,63.268,70.0,0.0,2.078000000000003
2006-06-10 08:00:00,0.0,0.0,54.93,44.73,36.1,80.618,70.0,0.0,14.858000000000025
2006-06-10 09:00:00,0.0,0.0,56.4,45.44,36.77,93.18100000000001,70.0,0.0,24.571000000000005
2006-06-10 10:00:00,0.0,0.0,56.1,46.2,37.27,101.501,38.069,0.0,0.0
2006-06-10 11:00:00,0.0,0.0,55.05,45.22,37.44,105.74799999999999,31.96199999999999,0.0,0.0
2006-06-10 12:00:00,0.0,0.0,53.7,44.17,36.88,105.589,29.161000000000016,0.0,0.0
2006-06-10 13:00:00,0.0,0.0,52.67,42.66,36.21,101.75999999999999,29.779999999999994,0.0,0.0
2006-06-10 14:00:00,0.0,0.0,51.58,41.26,35.86,94.307,70.0,0.0,35.60700000000001
2006-06-10 15:00:00,0.0,0.0,51.26,40.52,36.68,83.256,45.20400000000001,0.0,0.0
2006-06-10 16:00:00,0.0,0.0,51.15,41.21,37.48,69.944,59.89600000000001,0.0,0.0
2006-06-10 17:00:00,0.0,0.0,50.78,41.96,37.33,54.125,75.94499999999998,0.0,0.0
2006-06-10 18:00:00,0.0,0.0,49.07,40.99,36.74,37.086,90.0,0.0,0.2859999999999765
2006-06-10 19:00:00,0.0,0.0,46.93,40.04,35.64,25.863,90.0,6.746999999999986,0.0
2006-06-10 20:00:00,0.0,0.0,44.82,41.8,34.19,22.599,90.0,8.211000000000006,0.0
2006-06-10 21:00:00,0.0,0.0,41.11,42.86,31.94,22.277,90.0,3.6329999999999956,0.0
2006-06-10 22:00:00,0.0,0.0,37.95,39.58,28.23,21.638,84.122,0.0,0.0
2006-06-10 23:00:00,0.0,0.0,35.96,36.54,24.56,18.565,78.49499999999998,0.0,0.0
2006-06-11 00:00:00,0.0,0.0,31.16,32.53,22.6,17.51,68.78000000000002,0.0,0.0
2006-06-11 01:00:00,0.0,0.0,31.09,30.25,21.2,16.673,70.0,0.0,4.132999999999992
2006-06-11 02:00:00,0.0,0.0,31.83,29.3,20.29,15.887,65.533,0.0,0.0
2006-06-11 03:00:00,0.0,0.0,33.78,30.18,19.78,15.685,70.0,0.0,1.9450000000000074
2006-06-11 04:00:00,0.0,0.0,39.12,32.49,20.24,18.028,73.822,0.0,0.0
2006-06-11 05:00:00,0.0,0.0,44.25,36.05,24.38,27.072,77.60799999999999,0.0,0.0
2006-06-11 06:00:00,0.0,0.0,47.66,39.15,29.8,35.805,80.80499999999998,0.0,0.0
2006-06-11 07:00:00,0.0,0.0,49.46,41.31,33.47,50.856,73.38400000000001,0.0,0.0
2006-06-11 08:00:00,0.0,0.0,51.17,42.39,35.27,69.653,59.17700000000001,0.0,0.0
2006-06-11 09:00:00,0.0,0.0,52.64,43.12,35.94,81.52799999999999,70.0,0.0,19.828000000000007
2006-06-11 10:00:00,0.0,0.0,52.34,43.89,36.43,89.17899999999999,43.480999999999995,0.0,0.0
2006-06-11 11:00:00,0.0,0.0,51.29,42.91,36.61,93.53800000000001,44.50908310249301,0.0,7.237083102493021
2006-06-11 12:00:00,0.0,0.0,49.94,41.87,36.05,93.90100000000001,90.0,0.0,56.04100000000001
2006-06-11 13:00:00,0.0,0.0,48.91,40.37,35.37,90.475,34.175000000000004,0.0,0.0
2006-06-11 14:00:00,0.0,0.0,47.82,38.98,35.03,83.712,70.0,0.0,31.882000000000005
2006-06-11 15:00:00,0.0,0.0,47.5,38.25,35.85,73.547,48.053,0.0,0.0
2006-06-11 16:00:00,0.0,0.0,47.38,38.93,36.65,61.27,70.0,0.0,8.310000000000002
2006-06-11 17:00:00,0.0,0.0,46.99,39.66,36.49,46.099000000000004,77.041,0.0,0.0
2006-06-11 18:00:00,0.0,0.0,45.25,38.64,35.89,31.476000000000003,88.304,0.0,0.0
2006-06-11 19:00:00,0.0,0.0,43.12,37.68,34.76,18.679,90.0,6.881,0.0
2006-06-11 20:00:00,0.0,0.0,41.02,39.48,33.33,13.458,90.0,10.371999999999996,0.0
2006-06-11 21:00:00,0.0,0.0,37.3,40.54,31.11,14.283,90.0,4.667000000000002,0.0
2006-06-11 22:00:00,0.0,0.0,34.15,37.23,27.4,15.493000000000002,83.28699999999998,0.0,0.0
2006-06-11 23:00:00,0.0,0.0,32.17,34.18,23.73,15.661,74.419,0.0,0.0
2006-06-12 00:00:00,0.0,0.0,42.73,39.26,24.63,15.443000000000001,90.0,1.1769999999999854,0.0
2006-06-12 01:00:00,0.0,0.0,42.66,36.99,23.21,15.337,87.523,0.0,0.0
2006-06-12 02:00:00,0.0,0.0,43.39,36.04,22.31,15.147,90.0,0.0,3.4069999999999965
2006-06-12 03:00:00,0.0,0.0,45.34,36.93,21.8,16.383,87.68699999999998,0.0,0.0
2006-06-12 04:00:00,0.0,0.0,50.71,39.22,22.26,19.078000000000003,90.0,3.1120000000000054,0.0
2006-06-12 05:00:00,0.0,0.0,55.85,42.77,26.42,29.542,90.0,5.498000000000005,0.0
2006-06-12 06:00:00,0.0,0.0,59.26,45.88,31.84,42.242999999999995,90.0,4.737000000000009,0.0
2006-06-12 07:00:00,0.0,0.0,61.05,48.05,35.52,58.221000000000004,86.399,0.0,0.0
2006-06-12 08:00:00,0.0,0.0,62.76,49.15,37.32,75.30600000000001,90.0,0.0,16.076000000000022
2006-06-12 09:00:00,0.0,0.0,64.24,49.89,37.98,89.87700000000001,70.0,0.0,7.76700000000001
2006-06-12 10:00:00,0.0,0.0,63.93,50.67,38.48,101.13400000000001,70.0,0.0,18.054000000000013
2006-06-12 11:00:00,0.0,0.0,62.88,49.7,38.66,108.219,90.0,0.0,46.979
2006-06-12 12:00:00,0.0,0.0,61.53,48.68,38.09,111.278,70.0,0.0,32.97799999999998
2006-06-12 13:00:00,0.0,0.0,60.51,47.19,37.42,108.531,36.589,0.0,0.0
2006-06-12 14:00:00,0.0,0.0,59.42,45.8,37.08,100.822,50.0,0.0,8.521999999999995
2006-06-12 15:00:00,0.0,0.0,59.1,45.07,37.9,89.614,52.455999999999996,0.0,0.0
2006-06-12 16:00:00,0.0,0.0,58.96,45.75,38.7,77.565,70.0,0.0,4.154999999999987
2006-06-12 17:00:00,0.0,0.0,58.55,46.45,38.53,63.03899999999999,80.491,0.0,0.0
2006-06-12 18:00:00,0.0,0.0,56.78,45.38,37.91,50.108000000000004,90.0,0.0,0.038000000000010914
2006-06-12 19:00:00,0.0,0.0,54.65,44.42,36.77,40.69500000000001,90.0,5.145000000000003,0.0
2006-06-12 20:00:00,0.0,0.0,52.57,46.26,35.35,35.389,90.0,8.790999999999997,0.0
2006-06-12 21:00:00,0.0,0.0,48.85,47.33,33.16,34.454,90.0,4.885999999999996,0.0
2006-06-12 22:00:00,0.0,0.0,45.71,43.98,29.45,34.323,90.0,0.0,5.182999999999989
2006-06-12 23:00:00,0.0,0.0,43.73,40.92,25.78,34.56100000000001,75.86900000000001,0.0,0.0
2006-06-13 00:00:00,0.0,0.0,44.49,40.19,26.21,33.077,90.0,0.0,12.186999999999983
2006-06-13 01:00:00,0.0,0.0,44.42,37.92,24.77,29.424,77.686,0.0,0.0
2006-06-13 02:00:00,0.0,0.0,45.15,36.98,23.87,26.359,79.64099999999999,0.0,0.0
2006-06-13 03:00:00,0.0,0.0,47.09,37.86,23.36,23.727,88.0684016620499,0.0,3.485401662049891
2006-06-13 04:00:00,0.0,0.0,52.48,40.15,23.82,23.879,90.0,2.570999999999991,0.0
2006-06-13 05:00:00,0.0,0.0,57.63,43.69,27.99,32.05,90.0,7.26,0.0
2006-06-13 06:00:00,0.0,0.0,61.04,46.8,33.42,42.637,90.0,8.623,0.0
2006-06-13 07:00:00,0.0,0.0,62.83,48.99,37.1,56.687,90.0,2.233000000000004,0.0
2006-06-13 08:00:00,0.0,0.0,64.55,50.11,38.9,68.233,90.0,0.0,4.673000000000002
2006-06-13 09:00:00,0.0,0.0,66.03,50.87,39.57,75.75099999999999,90.0,0.0,9.280999999999999
2006-06-13 10:00:00,0.0,0.0,65.71,51.66,40.07,80.201,77.23899999999999,0.0,0.0
2006-06-13 11:00:00,0.0,0.0,64.66,50.68,40.25,81.65599999999999,82.9018836565097,0.0,8.967883656509688
2006-06-13 12:00:00,0.0,0.0,63.31,49.67,39.68,79.325,73.33500000000002,0.0,0.0
2006-06-13 13:00:00,0.0,0.0,62.29,48.2,39.01,73.553,75.94699999999999,0.0,0.0
2006-06-13 14:00:00,0.0,0.0,61.2,46.82,38.67,65.075,81.61500000000001,0.0,0.0
2006-06-13 15:00:00,0.0,0.0,60.88,46.09,39.5,54.529,90.0,0.0,0.0
2006-06-13 16:00:00,0.0,0.0,60.74,46.76,40.29,44.385000000000005,90.0,8.405,0.0
2006-06-13 17:00:00,0.0,0.0,60.3,47.43,40.11,35.647,90.0,17.192999999999998,0.0
2006-06-13 18:00:00,0.0,0.0,58.51,46.32,39.47,27.205000000000005,90.0,22.095,0.0
2006-06-13 19:00:00,0.0,0.0,56.38,45.36,38.32,18.455000000000002,90.0,26.605000000000018,0.0
2006-06-13 20:00:00,0.0,0.0,54.31,47.24,36.91,13.2,105.08558750000013,15.174412499999875,0.0
2006-06-13 21:00:00,0.0,0.0,50.59,48.3,34.74,12.834,110.0,5.796000000000021,0.0
2006-06-13 22:00:00,0.0,0.0,47.46,44.92,31.05,11.84,106.59000000000002,0.0,0.0
2006-06-13 23:00:00,0.0,0.0,45.49,41.86,27.37,11.604000000000001,90.0,8.116000000000014,0.0
2006-06-14 00:00:00,0.0,0.0,44.94,40.59,27.76,11.463000000000001,96.82700000000001,0.0,0.0
2006-06-14 01:00:00,0.0,0.0,44.87,38.32,26.3,11.908999999999999,90.0,2.580999999999989,0.0
2006-06-14 02:00:00,0.0,0.0,45.59,37.39,25.4,12.867999999999999,90.0,0.512000000000012,0.0
2006-06-14 03:00:00,0.0,0.0,47.54,38.27,24.9,14.549000000000001,90.0,1.1609999999999987,0.0
2006-06-14 04:00:00,0.0,0.0,52.95,40.54,25.36,18.165999999999997,90.0,5.684000000000002,0.0
2006-06-14 05:00:00,0.0,0.0,58.11,44.08,29.55,25.888,90.0,10.85199999999999,0.0
2006-06-14 06:00:00,0.0,0.0,61.52,47.2,34.97,37.837,100.85300000000001,0.0,0.0
2006-06-14 07:00:00,0.0,0.0,63.3,49.4,38.66,51.328,90.0,5.032000000000011,0.0
2006-06-14 08:00:00,0.0,0.0,65.03,50.54,40.47,64.77,90.0,0.0,3.7299999999999898
2006-06-14 09:00:00,0.0,0.0,66.51,51.31,41.13,75.226,90.0,0.0,11.275999999999978
2006-06-14 10:00:00,0.0,0.0,66.18,52.11,41.64,80.73500000000001,90.0,0.0,15.804999999999993
2006-06-14 11:00:00,0.0,0.0,65.13,51.14,41.81,83.173,90.0,0.0,20.092999999999993
2006-06-14 12:00:00,0.0,0.0,63.79,50.14,41.25,83.40400000000001,90.0,0.0,23.22400000000002
2006-06-14 13:00:00,0.0,0.0,62.77,48.68,40.57,81.04000000000002,90.0,0.0,24.02000000000001
2006-06-14 14:00:00,0.0,0.0,61.68,47.31,40.24,76.851,90.0,0.0,22.620999999999984
2006-06-14 15:00:00,0.0,0.0,61.36,46.58,41.07,69.94200000000001,90.0,0.0,15.931999999999988
2006-06-14 16:00:00,0.0,0.0,61.21,47.24,41.86,61.774,90.0,0.0,6.463999999999986
2006-06-14 17:00:00,0.0,0.0,60.74,47.88,41.67,52.26499999999999,93.02500000000002,0.0,0.0
2006-06-14 18:00:00,0.0,0.0,58.93,46.73,41.01,41.419000000000004,100.25099999999998,0.0,0.0
2006-06-14 19:00:00,0.0,0.0,56.8,45.76,39.85,27.533,109.87699999999998,0.0,0.0
2006-06-14 20:00:00,0.0,0.0,54.75,47.68,38.44,18.393,110.0,7.477000000000009,0.0
2006-06-14 21:00:00,0.0,0.0,51.02,48.75,36.31,16.712,110.0,4.367999999999995,0.0
2006-06-14 22:00:00,0.0,0.0,47.89,45.33,32.62,15.497,105.343,0.0,0.0
2006-06-14 23:00:00,0.0,0.0,45.93,42.26,28.93,14.078000000000001,98.04200000000002,0.0,0.0
2006-06-15 00:00:00,0.0,0.0,44.47,40.56,27.3,12.738,94.59199999999998,0.0,0.0
2006-06-15 01:00:00,0.0,0.0,44.4,38.28,25.82,11.753,90.0,1.747000000000014,0.0
2006-06-15 02:00:00,0.0,0.0,45.12,37.36,24.92,10.983,91.417,0.0,0.0
2006-06-15 03:00:00,0.0,0.0,47.07,38.25,24.42,10.437000000000001,94.30300000000001,0.0,0.0
2006-06-15 04:00:00,0.0,0.0,52.51,40.5,24.88,12.236999999999998,100.653,0.0,0.0
2006-06-15 05:00:00,0.0,0.0,57.68,44.04,29.08,17.422,108.37799999999999,0.0,0.0
2006-06-15 06:00:00,0.0,0.0,61.08,47.17,34.51,25.989,90.0,21.771,0.0
2006-06-15 07:00:00,0.0,0.0,62.86,49.38,38.2,35.544000000000004,109.89600000000002,0.0,0.0
2006-06-15 08:00:00,0.0,0.0,64.59,50.53,40.02,43.498999999999995,106.64100000000003,0.0,0.0
2006-06-15 09:00:00,0.0,0.0,66.07,51.32,40.68,49.476,103.59400000000002,0.0,0.0
2006-06-15 10:00:00,0.0,0.0,65.74,52.13,41.19,53.661,100.39899999999999,0.0,0.0
2006-06-15 11:00:00,0.0,0.0,64.68,51.16,41.36,54.456,97.744,0.0,0.0
2006-06-15 12:00:00,0.0,0.0,63.35,50.18,40.79,53.845,95.47500000000001,0.0,0.0
2006-06-15 13:00:00,0.0,0.0,62.33,48.73,40.12,51.603,94.577,0.0,0.0
2006-06-15 14:00:00,0.0,0.0,61.24,47.36,39.79,46.634,96.756,0.0,0.0
2006-06-15 15:00:00,0.0,0.0,60.92,46.64,40.62,39.322,103.85799999999999,0.0,0.0
2006-06-15 16:00:00,0.0,0.0,60.76,47.29,41.41,30.683,90.0,23.777,0.0
2006-06-15 17:00:00,0.0,0.0,60.27,47.91,41.21,21.865,115.0,7.525000000000006,0.0
2006-06-15 18:00:00,0.0,0.0,58.43,46.71,40.53,13.979000000000001,110.0,16.69100000000001,0.0
2006-06-15 19:00:00,0.0,0.0,56.3,45.73,39.36,7.440999999999999,90.0,38.949,0.0
2006-06-15 20:00:00,0.0,0.0,54.26,47.7,37.96,4.286,90.0,40.634000000000015,0.0
2006-06-15 21:00:00,0.0,0.0,50.54,48.76,35.85,4.151999999999999,90.0,35.99799999999999,0.0
2006-06-15 22:00:00,0.0,0.0,47.42,45.31,32.17,3.4559999999999995,110.0,6.444000000000003,0.0
2006-06-15 23:00:00,0.0,0.0,45.46,42.23,28.48,3.561,107.60900000000001,0.0,0.0
2006-06-16 00:00:00,0.0,0.0,43.08,39.8,25.98,3.5180000000000002,100.34200000000001,0.0,0.0
2006-06-16 01:00:00,0.0,0.0,43.02,37.52,24.48,3.37,90.0,6.650000000000015,0.0
2006-06-16 02:00:00,0.0,0.0,43.73,36.61,23.58,3.3609999999999998,95.559,0.0,0.0
2006-06-16 03:00:00,0.0,0.0,45.67,37.49,23.08,3.957,97.28300000000002,0.0,0.0
2006-06-16 04:00:00,0.0,0.0,51.14,39.73,23.55,6.976,90.0,12.444000000000003,0.0
2006-06-16 05:00:00,0.0,0.0,56.32,43.26,27.77,14.302,90.0,18.048000000000002,0.0
2006-06-16 06:00:00,0.0,0.0,59.72,46.4,33.19,24.055,99.34135250000008,10.9136474999999,0.0
2006-06-16 07:00:00,0.0,0.0,61.5,48.63,36.9,34.552,107.47800000000002,0.0,0.0
2006-06-16 08:00:00,0.0,0.0,63.23,49.79,38.71,44.025000000000006,90.0,12.704999999999998,0.0
2006-06-16 09:00:00,0.0,0.0,64.72,50.6,39.38,51.552,98.148,0.0,0.0
2006-06-16 10:00:00,0.0,0.0,64.38,51.42,39.88,56.55700000000001,90.0,4.1229999999999905,0.0
2006-06-16 11:00:00,0.0,0.0,63.32,50.45,40.06,58.717,90.11299999999999,0.0,0.0
2006-06-16 12:00:00,0.0,0.0,61.98,49.48,39.49,57.727,90.0,0.0,1.7769999999999895
2006-06-16 13:00:00,0.0,0.0,60.97,48.04,38.82,54.472,90.0,0.0,1.641999999999996
2006-06-16 14:00:00,0.0,0.0,59.88,46.68,38.49,48.382999999999996,91.667,0.0,0.0
2006-06-16 15:00:00,0.0,0.0,59.57,45.96,39.32,40.479,99.37100000000001,0.0,0.0
2006-06-16 16:00:00,0.0,0.0,59.39,46.61,40.11,32.563,108.54700000000003,0.0,0.0
2006-06-16 17:00:00,0.0,0.0,58.88,47.19,39.89,25.253999999999998,115.706,0.0,0.0
2006-06-16 18:00:00,0.0,0.0,57.01,45.95,39.2,16.829,120.33100000000002,0.0,0.0
2006-06-16 19:00:00,0.0,0.0,54.88,44.97,38.01,8.671,124.189,0.0,0.0
2006-06-16 20:00:00,0.0,0.0,52.86,46.98,36.63,5.128,110.0,16.342000000000017,0.0
2006-06-16 21:00:00,0.0,0.0,49.13,48.04,34.55,5.042,121.67799999999998,0.0,0.0
2006-06-16 22:00:00,0.0,0.0,46.02,44.56,30.87,4.971,110.0,1.4790000000000276,0.0
2006-06-16 23:00:00,0.0,0.0,44.07,41.47,27.18,4.797,102.923,0.0,0.0
2006-06-17 00:00:00,0.0,0.0,34.89,34.67,23.43,4.971,90.0,0.0,1.9809999999999945
2006-06-17 01:00:00,0.0,0.0,34.82,32.39,21.91,5.021,90.0,0.0,5.9010000000000105
2006-06-17 02:00:00,0.0,0.0,35.53,31.49,21.01,4.662999999999999,90.0,0.0,6.632999999999999
2006-06-17 03:00:00,0.0,0.0,37.48,32.37,20.51,4.724,90.0,0.0,4.36399999999999
2006-06-17 04:00:00,0.0,0.0,42.97,34.6,20.98,7.532000000000001,90.0,0.0,0.0
2006-06-17 05:00:00,0.0,0.0,48.16,38.12,25.21,14.803000000000003,90.0,6.6869999999999985,0.0
2006-06-17 06:00:00,0.0,0.0,51.56,41.27,30.64,25.927999999999997,90.0,6.696297500000005,0.0
2006-06-17 07:00:00,0.0,0.0,53.32,43.51,34.35,37.525,90.0,3.6549999999999905,0.0
2006-06-17 08:00:00,0.0,0.0,55.06,44.69,36.17,47.915,90.0,0.0,1.9950000000000045
2006-06-17 09:00:00,0.0,0.0,56.55,45.51,36.83,57.147000000000006,90.0,0.0,8.257
2006-06-17 10:00:00,0.0,0.0,56.21,46.34,37.34,63.12400000000001,90.0,0.0,13.233999999999988
2006-06-17 11:00:00,0.0,0.0,55.15,45.37,37.51,65.544,90.0,0.0,17.51400000000001
2006-06-17 12:00:00,0.0,0.0,53.81,44.42,36.95,64.654,90.0,0.0,19.47399999999999
2006-06-17 13:00:00,0.0,0.0,52.8,42.99,36.28,61.81,89.6249584487535,0.0,19.364958448753487
2006-06-17 14:00:00,0.0,0.0,51.71,41.64,35.95,57.032,90.0,0.0,17.731999999999985
2006-06-17 15:00:00,0.0,0.0,51.4,40.92,36.79,49.958,90.0,0.0,10.847999999999999
2006-06-17 16:00:00,0.0,0.0,51.21,41.57,37.57,41.346,90.0,0.0,0.9960000000000093
2006-06-17 17:00:00,0.0,0.0,50.68,42.12,37.34,30.146,90.0,9.994000000000018,0.0
2006-06-17 18:00:00,0.0,0.0,48.78,40.83,36.63,18.965,90.0,17.27499999999999,0.0
2006-06-17 19:00:00,0.0,0.0,46.66,39.85,35.43,9.681000000000001,90.0,22.259000000000015,0.0
2006-06-17 20:00:00,0.0,0.0,44.65,41.9,34.06,6.534,90.0,24.075999999999993,0.0
2006-06-17 21:00:00,0.0,0.0,40.92,42.96,32.01,7.256,90.0,18.633999999999993,0.0
2006-06-17 22:00:00,0.0,0.0,37.82,39.44,28.34,9.091000000000001,90.0,6.509000000000004,0.0
2006-06-17 23:00:00,0.0,0.0,35.88,36.35,24.64,9.229000000000001,90.0,0.0,2.359000000000009
2006-06-18 00:00:00,0.0,0.0,31.1,32.31,23.04,8.193000000000001,90.0,0.0,11.742999999999995
2006-06-18 01:00:00,0.0,0.0,31.03,30.03,21.49,6.747,75.803,0.0,0.0
2006-06-18 02:00:00,0.0,0.0,31.74,29.13,20.59,5.687,75.773,0.0,0.0
2006-06-18 03:00:00,0.0,0.0,33.68,30.02,20.1,5.227,90.0,0.0,11.426999999999992
2006-06-18 04:00:00,0.0,0.0,39.2,32.23,20.57,7.301,84.69899999999998,0.0,0.0
2006-06-18 05:00:00,0.0,0.0,44.4,35.75,24.82,14.971999999999998,89.99799999999999,0.0,0.0
2006-06-18 06:00:00,0.0,0.0,47.8,38.9,30.25,27.271,89.679,0.0,0.0
2006-06-18 07:00:00,0.0,0.0,49.56,41.16,33.96,40.417,84.26299999999999,0.0,0.0
2006-06-18 08:00:00,0.0,0.0,51.31,42.36,35.79,49.81100000000001,79.64899999999999,0.0,0.0
2006-06-18 09:00:00,0.0,0.0,52.79,43.19,36.45,57.219,75.211,0.0,0.0
2006-06-18 10:00:00,0.0,0.0,52.44,44.03,36.96,64.18200000000002,70.0,0.0,0.7519999999999811
2006-06-18 11:00:00,0.0,0.0,51.38,43.06,37.13,67.009,70.0,0.0,5.438999999999993
2006-06-18 12:00:00,0.0,0.0,50.05,42.13,36.56,66.191,70.0,0.0,7.451000000000008
2006-06-18 13:00:00,0.0,0.0,49.05,40.71,35.89,63.439,62.210999999999984,0.0,0.0
2006-06-18 14:00:00,0.0,0.0,47.95,39.37,35.57,59.06099999999999,90.0,0.0,26.170999999999985
2006-06-18 15:00:00,0.0,0.0,47.64,38.65,36.41,53.245,69.45500000000001,0.0,0.0
2006-06-18 16:00:00,0.0,0.0,47.44,39.29,37.19,46.343,77.577,0.0,0.0
2006-06-18 17:00:00,0.0,0.0,46.89,39.81,36.95,37.68000000000001,85.97,0.0,0.0
2006-06-18 18:00:00,0.0,0.0,44.96,38.47,36.22,28.22,90.0,1.4299999999999997,0.0
2006-06-18 19:00:00,0.0,0.0,42.84,37.49,35.01,19.439999999999998,90.0,5.900000000000009,0.0
2006-06-18 20:00:00,0.0,0.0,40.85,39.58,33.65,17.925,90.0,6.154999999999987,0.0
2006-06-18 21:00:00,0.0,0.0,37.12,40.64,31.63,18.851,90.0,0.5390000000000015,0.0
2006-06-18 22:00:00,0.0,0.0,34.02,37.09,27.96,20.653000000000002,90.0,0.0,11.58299999999998
2006-06-18 23:00:00,0.0,0.0,32.09,33.99,24.26,21.466,68.874,0.0,0.0
2006-06-19 00:00:00,0.0,0.0,42.67,39.04,25.75,21.817,85.643,0.0,0.0
2006-06-19 01:00:00,0.0,0.0,42.6,36.76,24.19,21.781000000000002,81.769,0.0,0.0
2006-06-19 02:00:00,0.0,0.0,43.3,35.88,23.29,20.75,90.0,0.0,8.280000000000001
2006-06-19 03:00:00,0.0,0.0,45.25,36.76,22.8,20.017,84.793,0.0,0.0
2006-06-19 04:00:00,0.0,0.0,50.79,38.96,23.27,24.11,88.91,0.0,0.0
2006-06-19 05:00:00,0.0,0.0,55.99,42.47,27.53,33.339000000000006,90.0,2.6509999999999927,0.0
2006-06-19 06:00:00,0.0,0.0,59.39,45.64,32.97,45.576,90.0,2.424000000000003,0.0
2006-06-19 07:00:00,0.0,0.0,61.15,47.91,36.69,62.10000000000001,83.65,0.0,0.0
2006-06-19 08:00:00,0.0,0.0,62.9,49.12,38.51,76.293,74.237,0.0,0.0
2006-06-19 09:00:00,0.0,0.0,64.39,49.97,39.18,87.61,90.0,0.0,24.070000000000007
2006-06-19 10:00:00,0.0,0.0,64.03,50.82,39.69,94.322,70.0,0.0,9.782000000000014
2006-06-19 11:00:00,0.0,0.0,62.97,49.85,39.86,96.40899999999999,86.25644321329644,0.0,29.98544321329645
2006-06-19 12:00:00,0.0,0.0,61.64,48.93,39.29,94.264,90.0,0.0,34.40400000000001
2006-06-19 13:00:00,0.0,0.0,60.64,47.52,38.62,89.97399999999999,90.0,0.0,33.19399999999999
2006-06-19 14:00:00,0.0,0.0,59.55,46.19,38.3,82.248,61.792,0.0,0.0
2006-06-19 15:00:00,0.0,0.0,59.24,45.48,39.15,72.132,71.738,0.0,0.0
2006-06-19 16:00:00,0.0,0.0,59.03,46.1,39.92,60.807,84.243,0.0,0.0
2006-06-19 17:00:00,0.0,0.0,58.45,46.6,39.67,48.477,90.0,6.243000000000013,0.0
2006-06-19 18:00:00,0.0,0.0,56.5,45.22,38.92,36.733,90.0,13.907000000000004,0.0
2006-06-19 19:00:00,0.0,0.0,54.38,44.23,37.7,26.144999999999996,90.0,20.165000000000006,0.0
2006-06-19 20:00:00,0.0,0.0,52.41,46.36,36.35,20.266000000000002,90.0,24.853999999999985,0.0
2006-06-19 21:00:00,0.0,0.0,48.66,47.42,34.35,18.181,90.0,22.249000000000006,0.0
2006-06-19 22:00:00,0.0,0.0,45.57,43.84,30.69,17.639,90.0,12.461000000000013,0.0
2006-06-19 23:00:00,0.0,0.0,43.65,40.73,26.99,15.572,90.0,5.797999999999988,0.0
2006-06-20 00:00:00,0.0,0.0,44.43,39.98,26.65,13.637,90.0,7.423000000000002,0.0
2006-06-20 01:00:00,0.0,0.0,44.36,37.69,25.06,12.918,90.0,4.192000000000004,0.0
2006-06-20 02:00:00,0.0,0.0,45.06,36.81,24.16,12.419,90.0,3.611000000000004,0.0
2006-06-20 03:00:00,0.0,0.0,47.0,37.7,23.68,12.399999999999999,90.0,5.980000000000004,0.0
2006-06-20 04:00:00,0.0,0.0,52.56,39.88,24.15,15.344000000000001,90.0,11.24600000000001,0.0
2006-06-20 05:00:00,0.0,0.0,57.78,43.39,28.42,24.075,90.0,15.514999999999986,0.0
2006-06-20 06:00:00,0.0,0.0,61.18,46.56,33.86,36.49300000000001,90.0,15.107,0.0
2006-06-20 07:00:00,0.0,0.0,62.93,48.85,37.58,51.692,90.0,7.667999999999992,0.0
2006-06-20 08:00:00,0.0,0.0,64.69,50.07,39.42,68.378,85.802,0.0,0.0
2006-06-20 09:00:00,0.0,0.0,66.18,50.94,40.08,82.02999999999999,75.17000000000002,0.0,0.0
2006-06-20 10:00:00,0.0,0.0,65.81,51.8,40.59,90.08,90.0,0.0,21.87999999999999
2006-06-20 11:00:00,0.0,0.0,64.75,50.84,40.76,96.12899999999999,60.221000000000004,0.0,0.0
2006-06-20 12:00:00,0.0,0.0,63.42,49.93,40.19,98.91099999999999,54.62900000000002,0.0,0.0
2006-06-20 13:00:00,0.0,0.0,62.43,48.53,39.53,96.58000000000001,53.91,0.0,0.0
2006-06-20 14:00:00,0.0,0.0,61.33,47.2,39.2,89.979,63.11532132963991,0.0,5.364321329639897
2006-06-20 15:00:00,0.0,0.0,61.02,46.49,40.06,79.999,67.57100000000003,0.0,0.0
2006-06-20 16:00:00,0.0,0.0,60.8,47.11,40.83,69.203,79.537,0.0,0.0
2006-06-20 17:00:00,0.0,0.0,60.2,47.58,40.57,57.24999999999999,90.0,1.1000000000000085,0.0
2006-06-20 18:00:00,0.0,0.0,58.22,46.15,39.8,47.968,90.0,6.201999999999998,0.0
2006-06-20 19:00:00,0.0,0.0,56.1,45.16,38.57,42.963,90.0,6.866999999999987,0.0
2006-06-20 20:00:00,0.0,0.0,54.15,47.34,37.23,41.528999999999996,90.0,7.191000000000011,0.0
2006-06-20 21:00:00,0.0,0.0,50.4,48.4,35.26,40.832,90.0,3.2279999999999944,0.0
2006-06-20 22:00:00,0.0,0.0,47.32,44.78,31.6,40.565000000000005,83.135,0.0,0.0
2006-06-20 23:00:00,0.0,0.0,45.4,41.66,27.89,40.78500000000001,74.16499999999999,0.0,0.0
2006-06-21 00:00:00,0.0,0.0,44.88,40.38,28.63,41.499,72.39099999999999,0.0,0.0
2006-06-21 01:00:00,0.0,0.0,44.81,38.09,27.02,43.257,66.66300000000001,0.0,0.0
2006-06-21 02:00:00,0.0,0.0,45.5,37.22,26.13,45.961,62.888999999999996,0.0,0.0
2006-06-21 03:00:00,0.0,0.0,47.44,38.11,25.64,48.178000000000004,63.012,0.0,0.0
2006-06-21 04:00:00,0.0,0.0,53.03,40.27,26.12,52.153999999999996,67.26600000000002,0.0,0.0
2006-06-21 05:00:00,0.0,0.0,58.26,43.78,30.41,59.609,72.84099999999998,0.0,0.0
2006-06-21 06:00:00,0.0,0.0,61.65,46.96,35.85,72.22800000000001,90.0,0.0,17.768
2006-06-21 07:00:00,0.0,0.0,63.4,49.26,39.58,91.645,70.0,0.0,9.404999999999998
2006-06-21 08:00:00,0.0,0.0,65.16,50.5,41.41,104.8,52.26999999999998,0.0,0.0
2006-06-21 09:00:00,0.0,0.0,66.66,51.38,42.08,112.88799999999999,47.23199999999999,0.0,0.0
2006-06-21 10:00:00,0.0,0.0,66.29,52.26,42.59,117.746,50.0,0.0,6.6059999999999945
2006-06-21 11:00:00,0.0,0.0,65.23,51.29,42.76,119.893,50.0,0.0,10.613000000000001
2006-06-21 12:00:00,0.0,0.0,63.9,50.4,42.19,119.38,37.11,0.0,0.0
2006-06-21 13:00:00,0.0,0.0,62.9,49.01,41.52,115.497,43.5266592797784,0.0,5.593659279778402
2006-06-21 14:00:00,0.0,0.0,61.81,47.69,41.2,108.14200000000001,70.0,0.0,27.441999999999993
2006-06-21 15:00:00,0.0,0.0,61.5,46.98,42.06,98.733,51.807,0.0,0.0
2006-06-21 16:00:00,0.0,0.0,61.27,47.6,42.83,87.01200000000001,64.68800000000002,0.0,0.0
2006-06-21 17:00:00,0.0,0.0,60.65,48.04,42.56,74.34,76.91000000000001,0.0,0.0
2006-06-21 18:00:00,0.0,0.0,58.64,46.56,41.77,60.221,86.749,0.0,0.0
2006-06-21 19:00:00,0.0,0.0,56.52,45.57,40.52,49.766,90.0,2.8440000000000225,0.0
2006-06-21 20:00:00,0.0,0.0,54.58,47.79,39.19,47.858000000000004,90.0,3.701999999999984,0.0
2006-06-21 21:00:00,0.0,0.0,50.83,48.84,37.25,49.346000000000004,87.574,0.0,0.0
2006-06-21 22:00:00,0.0,0.0,47.76,45.19,33.6,49.544,77.00599999999999,0.0,0.0
2006-06-21 23:00:00,0.0,0.0,45.85,42.07,29.89,48.848,68.96199999999999,0.0,0.0
2006-06-22 00:00:00,0.0,0.0,44.41,40.34,28.52,49.653,63.61699999999999,0.0,0.0
2006-06-22 01:00:00,0.0,0.0,44.34,38.06,26.89,50.72,58.57000000000001,0.0,0.0
2006-06-22 02:00:00,0.0,0.0,45.03,37.2,26.0,51.736,90.0,0.0,33.50599999999999
2006-06-22 03:00:00,0.0,0.0,46.97,38.09,25.52,52.974000000000004,70.0,0.0,12.394000000000013
2006-06-22 04:00:00,0.0,0.0,52.59,40.23,26.0,58.11300000000001,60.70699999999998,0.0,0.0
2006-06-22 05:00:00,0.0,0.0,57.82,43.73,30.3,68.27,70.0,0.0,6.420000000000002
2006-06-22 06:00:00,0.0,0.0,61.21,46.92,35.74,83.59100000000002,70.0,0.0,9.721000000000004
2006-06-22 07:00:00,0.0,0.0,62.96,49.24,39.47,101.859,49.811,0.0,0.0
2006-06-22 08:00:00,0.0,0.0,64.73,50.49,41.31,114.904,41.62600000000001,0.0,0.0
2006-06-22 09:00:00,0.0,0.0,66.22,51.39,41.98,124.911,54.678999999999974,0.0,20.0
2006-06-22 10:00:00,0.0,0.0,65.84,52.28,42.49,132.326,70.0,0.0,41.715999999999994
2006-06-22 11:00:00,0.0,0.0,64.78,51.31,42.66,136.615,70.0,0.0,47.86500000000001
2006-06-22 12:00:00,0.0,0.0,63.46,50.44,42.09,136.407,20.0,0.0,0.4170000000000087
2006-06-22 13:00:00,0.0,0.0,62.46,49.06,41.42,132.18,20.760000000000012,0.0,0.0
2006-06-22 14:00:00,0.0,0.0,61.37,47.75,41.11,124.125,86.105,0.0,60.0
2006-06-22 15:00:00,0.0,0.0,61.06,47.04,41.97,113.646,50.0,0.0,13.575999999999993
2006-06-22 16:00:00,0.0,0.0,60.82,47.65,42.73,100.52199999999999,50.678,0.0,0.0
2006-06-22 17:00:00,0.0,0.0,60.18,48.06,42.45,83.64699999999999,67.043,0.0,0.0
2006-06-22 18:00:00,0.0,0.0,58.14,46.54,41.65,61.339000000000006,84.99099999999999,0.0,0.0
2006-06-22 19:00:00,0.0,0.0,56.03,45.54,40.39,40.663000000000004,90.0,6.297000000000011,0.0
2006-06-22 20:00:00,0.0,0.0,54.1,47.8,39.07,27.557,90.0,18.41300000000001,0.0
2006-06-22 21:00:00,0.0,0.0,50.35,48.86,37.15,22.51,90.0,18.849999999999987,0.0
2006-06-22 22:00:00,0.0,0.0,47.28,45.17,33.51,19.983,90.0,10.976999999999995,0.0
2006-06-22 23:00:00,0.0,0.0,45.38,42.04,29.79,18.962999999999997,90.0,3.247000000000014,0.0
2006-06-23 00:00:00,0.0,0.0,43.03,39.58,27.57,17.544999999999998,90.0,0.0,0.0
2006-06-23 01:00:00,0.0,0.0,42.95,37.29,25.92,15.900999999999998,90.0,0.0,0.0
2006-06-23 02:00:00,0.0,0.0,43.64,36.44,25.02,14.597999999999999,90.0,0.0,0.0
2006-06-23 03:00:00,0.0,0.0,45.58,37.33,24.55,12.955,90.0,0.0,0.0
2006-06-23 04:00:00,0.0,0.0,51.22,39.46,25.03,14.785000000000002,90.0,5.924999999999999,0.0
2006-06-23 05:00:00,0.0,0.0,56.47,42.96,29.34,21.480000000000004,90.0,12.290000000000006,0.0
2006-06-23 06:00:00,0.0,0.0,59.85,46.16,34.78,33.494,90.0,12.808978333333165,0.0
2006-06-23 07:00:00,0.0,0.0,61.6,48.48,38.53,44.458,90.0,9.152000000000001,0.0
2006-06-23 08:00:00,0.0,0.0,63.37,49.76,40.37,53.33800000000001,90.0,5.161999999999996,0.0
2006-06-23 09:00:00,0.0,0.0,64.87,50.67,41.03,60.43900000000001,90.0,1.1310000000000002,0.0
2006-06-23 10:00:00,0.0,0.0,64.48,51.57,41.55,66.352,90.0,0.0,0.0
2006-06-23 11:00:00,0.0,0.0,63.42,50.6,41.72,72.19200000000001,90.0,0.0,6.451999999999998
2006-06-23 12:00:00,0.0,0.0,62.09,49.74,41.15,74.287,90.0,0.0,11.306999999999988
2006-06-23 13:00:00,0.0,0.0,61.11,48.38,40.48,72.268,90.0,0.0,12.298000000000016
2006-06-23 14:00:00,0.0,0.0,60.01,47.07,40.17,67.251,90.0,0.0,10.001000000000005
2006-06-23 15:00:00,0.0,0.0,59.7,46.37,41.03,58.623,90.0,0.0,1.5229999999999961
2006-06-23 16:00:00,0.0,0.0,59.45,46.96,41.79,45.706,90.0,7.493999999999986,0.0
2006-06-23 17:00:00,0.0,0.0,58.79,47.35,41.5,33.163,90.0,19.47700000000001,0.0
2006-06-23 18:00:00,0.0,0.0,56.72,45.78,40.67,20.953,90.0,27.217000000000013,0.0
2006-06-23 19:00:00,0.0,0.0,54.61,44.78,39.4,10.255,90.0,35.20166666666668,0.0
2006-06-23 20:00:00,0.0,0.0,52.7,47.08,38.1,5.779999999999999,90.0,37.100000000000016,0.0
2006-06-23 21:00:00,0.0,0.0,48.95,48.14,36.21,4.281000000000001,90.0,34.019,0.0
2006-06-23 22:00:00,0.0,0.0,45.89,44.42,32.57,3.832,90.0,24.048000000000016,0.0
2006-06-23 23:00:00,0.0,0.0,43.99,41.28,28.85,4.366,90.0,14.754000000000019,0.0
2006-06-24 00:00:00,0.0,0.0,34.84,34.45,25.0,5.153,90.0,0.0,0.8629999999999995
2006-06-24 01:00:00,0.0,0.0,34.76,32.16,23.33,5.353,90.0,0.0,5.103000000000009
2006-06-24 02:00:00,0.0,0.0,35.44,31.32,22.44,5.052,90.0,0.0,5.852000000000004
2006-06-24 03:00:00,0.0,0.0,37.38,32.21,21.96,4.6499999999999995,90.0,0.0,3.0999999999999943
2006-06-24 04:00:00,0.0,0.0,43.05,34.33,22.44,5.805,90.0,0.0,0.0
2006-06-24 05:00:00,0.0,0.0,48.3,37.82,26.77,11.921,90.0,5.968999999999999,0.0
2006-06-24 06:00:00,0.0,0.0,51.69,41.03,32.22,21.267,90.0,8.673000000000016,0.0
2006-06-24 07:00:00,0.0,0.0,53.43,43.37,35.96,31.784,90.0,5.9760000000000195,0.0
2006-06-24 08:00:00,0.0,0.0,55.2,44.65,37.81,42.364999999999995,90.0,0.2950000000000159,0.0
2006-06-24 09:00:00,0.0,0.0,56.7,45.58,38.48,50.238,90.0,0.0,0.0
2006-06-24 10:00:00,0.0,0.0,56.31,46.49,38.99,56.571000000000005,90.0,0.0,4.780999999999992
2006-06-24 11:00:00,0.0,0.0,55.25,45.53,39.16,60.156,90.0,0.0,10.216000000000001
2006-06-24 12:00:00,0.0,0.0,53.92,44.68,38.59,61.10499999999999,90.0,0.0,13.914999999999992
2006-06-24 13:00:00,0.0,0.0,52.94,43.33,37.92,58.965,90.0,0.0,14.775
2006-06-24 14:00:00,0.0,0.0,51.84,42.03,37.61,53.96900000000001,90.0,0.0,12.48899999999999
2006-06-24 15:00:00,0.0,0.0,51.54,41.33,38.48,47.253,90.0,0.0,5.903000000000013
2006-06-24 16:00:00,0.0,0.0,51.27,41.92,39.24,38.928,90.0,0.0,0.0
2006-06-24 17:00:00,0.0,0.0,50.59,42.28,38.94,29.967999999999996,90.0,6.84200000000001,0.0
2006-06-24 18:00:00,0.0,0.0,48.49,40.66,38.09,20.406,90.0,11.834000000000009,0.0
2006-06-24 19:00:00,0.0,0.0,46.39,39.65,36.81,12.178999999999998,90.0,15.671000000000006,0.0
2006-06-24 20:00:00,0.0,0.0,44.49,42.0,35.51,8.776,90.0,18.224000000000004,0.0
2006-06-24 21:00:00,0.0,0.0,40.73,43.06,33.65,9.908000000000001,90.0,12.53200000000001,0.0
2006-06-24 22:00:00,0.0,0.0,37.68,39.3,30.02,9.563,90.0,2.437000000000012,0.0
2006-06-24 23:00:00,0.0,0.0,35.79,36.15,26.29,8.522,89.708,0.0,0.0
2006-06-25 00:00:00,0.0,0.0,31.56,32.09,23.81,7.769,79.69100000000002,0.0,0.0
2006-06-25 01:00:00,0.0,0.0,31.49,29.8,22.12,6.946,90.0,0.0,13.536000000000001
2006-06-25 02:00:00,0.0,0.0,32.16,28.97,21.23,6.443,90.0,0.0,14.082999999999998
2006-06-25 03:00:00,0.0,0.0,34.11,29.86,20.76,6.23,90.0,0.0,11.499999999999986
2006-06-25 04:00:00,0.0,0.0,39.79,31.96,21.24,7.866999999999999,85.12299999999999,0.0,0.0
2006-06-25 05:00:00,0.0,0.0,45.06,35.44,25.59,14.594999999999997,90.0,1.4950000000000117,0.0
2006-06-25 06:00:00,0.0,0.0,48.44,38.66,31.03,24.917,90.0,3.212999999999994,0.0
2006-06-25 07:00:00,0.0,0.0,50.18,41.01,34.79,37.863,89.50203047091419,0.0,1.3850304709141956
2006-06-25 08:00:00,0.0,0.0,51.96,42.32,36.64,51.023999999999994,90.0,0.0,10.103999999999985
2006-06-25 09:00:00,0.0,0.0,53.46,43.26,37.3,59.964,90.0,0.0,15.944000000000003
2006-06-25 10:00:00,0.0,0.0,53.06,44.18,37.82,65.69800000000001,90.0,0.0,20.638000000000005
2006-06-25 11:00:00,0.0,0.0,52.0,43.22,37.99,67.97,90.0,0.0,24.759999999999977
2006-06-25 12:00:00,0.0,0.0,50.67,42.39,37.41,66.48700000000001,90.0,0.0,26.01700000000001
2006-06-25 13:00:00,0.0,0.0,49.7,41.04,36.75,62.689,64.80100000000002,0.0,0.0
2006-06-25 14:00:00,0.0,0.0,48.6,39.75,36.44,57.27799999999999,90.0,0.0,22.48799999999998
2006-06-25 15:00:00,0.0,0.0,48.29,39.05,37.31,51.065999999999995,90.0,0.0,16.415999999999983
2006-06-25 16:00:00,0.0,0.0,48.02,39.64,38.07,45.473,80.25699999999999,0.0,0.0
2006-06-25 17:00:00,0.0,0.0,47.31,39.97,37.75,39.296,90.0,0.0,4.266000000000005
2006-06-25 18:00:00,0.0,0.0,45.19,38.31,36.89,32.308,90.0,0.0,1.918000000000004
2006-06-25 19:00:00,0.0,0.0,43.08,37.29,35.59,25.607,90.0,0.3529999999999802,0.0
2006-06-25 20:00:00,0.0,0.0,41.2,39.68,34.31,23.416999999999998,90.0,1.7730000000000068,0.0
2006-06-25 21:00:00,0.0,0.0,37.44,40.74,32.48,26.470000000000002,84.19,0.0,0.0
2006-06-25 22:00:00,0.0,0.0,34.4,36.95,28.85,25.928,74.27200000000002,0.0,0.0
2006-06-25 23:00:00,0.0,0.0,32.52,33.79,25.12,24.259999999999998,67.16999999999999,0.0,0.0
2006-06-26 00:00:00,0.0,0.0,42.62,38.83,26.76,23.309,90.0,0.0,5.099000000000004
2006-06-26 01:00:00,0.0,0.0,42.54,36.53,25.05,21.493000000000002,82.627,0.0,0.0
2006-06-26 02:00:00,0.0,0.0,43.21,35.71,24.15,21.382,90.0,0.0,8.312000000000001
2006-06-26 03:00:00,0.0,0.0,45.15,36.6,23.68,22.221,90.0,0.0,6.7910000000000075
2006-06-26 04:00:00,0.0,0.0,50.87,38.69,24.17,23.183000000000003,90.0,0.5469999999999935,0.0
2006-06-26 05:00:00,0.0,0.0,56.14,42.17,28.53,28.842,90.0,7.997999999999994,0.0
2006-06-26 06:00:00,0.0,0.0,59.52,45.39,33.98,42.82600000000001,90.0,6.064000000000007,0.0
2006-06-26 07:00:00,0.0,0.0,61.25,47.76,37.74,58.753,87.997,0.0,0.0
2006-06-26 08:00:00,0.0,0.0,63.04,49.08,39.59,71.584,90.0,0.0,9.873999999999981
2006-06-26 09:00:00,0.0,0.0,64.54,50.04,40.26,81.50800000000001,90.0,0.0,16.668000000000028
2006-06-26 10:00:00,0.0,0.0,64.14,50.97,40.77,88.085,90.0,0.0,22.205
2006-06-26 11:00:00,0.0,0.0,63.07,50.01,40.95,91.42899999999999,90.0,0.0,27.398999999999994
2006-06-26 12:00:00,0.0,0.0,61.75,49.19,40.37,91.963,90.0,0.0,30.65299999999999
2006-06-26 13:00:00,0.0,0.0,60.78,47.86,39.71,89.79799999999999,58.55200000000001,0.0,0.0
2006-06-26 14:00:00,0.0,0.0,59.68,46.57,39.4,84.39,90.0,0.0,28.74000000000001
2006-06-26 15:00:00,0.0,0.0,59.37,45.88,40.27,76.273,70.0,0.0,0.7529999999999859
2006-06-26 16:00:00,0.0,0.0,59.09,46.46,41.02,65.415,81.15500000000002,0.0,0.0
2006-06-26 17:00:00,0.0,0.0,58.36,46.76,40.7,50.477999999999994,90.34200000000001,0.0,0.0
2006-06-26 18:00:00,0.0,0.0,56.21,45.05,39.82,32.917,90.0,13.162999999999982,0.0
2006-06-26 19:00:00,0.0,0.0,54.1,44.03,38.51,20.598000000000003,111.042,0.0,0.0
2006-06-26 20:00:00,0.0,0.0,52.24,46.47,37.24,16.351,90.0,24.599000000000004,0.0
2006-06-26 21:00:00,0.0,0.0,48.48,47.52,35.43,16.538,109.89200000000001,0.0,0.0
2006-06-26 22:00:00,0.0,0.0,45.44,43.7,31.82,16.729999999999997,99.23,0.0,0.0
2006-06-26 23:00:00,0.0,0.0,43.57,40.53,28.08,16.918999999999997,90.261,0.0,0.0
2006-06-27 00:00:00,0.0,0.0,44.38,39.76,26.87,16.362,90.0,0.0,0.35199999999998965
2006-06-27 01:00:00,0.0,0.0,44.3,37.46,25.14,15.425999999999998,90.0,0.0,3.5259999999999962
2006-06-27 02:00:00,0.0,0.0,44.97,36.65,24.25,14.299,90.0,0.0,3.429000000000002
2006-06-27 03:00:00,0.0,0.0,46.91,37.54,23.78,13.983,90.0,0.0,0.7529999999999983
2006-06-27 04:00:00,0.0,0.0,52.64,39.61,24.27,16.799999999999997,90.0,4.719999999999997,0.0
2006-06-27 05:00:00,0.0,0.0,57.93,43.09,28.64,24.128999999999998,100.53100000000002,0.0,0.0
2006-06-27 06:00:00,0.0,0.0,61.31,46.32,34.09,33.61,90.0,13.110000000000014,0.0
2006-06-27 07:00:00,0.0,0.0,63.03,48.7,37.86,43.039,101.55100000000002,0.0,0.0
2006-06-27 08:00:00,0.0,0.0,64.82,50.04,39.72,52.306999999999995,90.0,7.272999999999996,0.0
2006-06-27 09:00:00,0.0,0.0,66.33,51.01,40.38,60.07,92.65,0.0,0.0
2006-06-27 10:00:00,0.0,0.0,65.92,51.95,40.9,63.957,90.0,0.0,0.18700000000000028
2006-06-27 11:00:00,0.0,0.0,64.85,50.99,41.07,65.374,90.0,0.0,3.4639999999999986
2006-06-27 12:00:00,0.0,0.0,63.53,50.19,40.49,62.788000000000004,90.0,0.0,3.5779999999999745
2006-06-27 13:00:00,0.0,0.0,62.56,48.87,39.83,57.995999999999995,90.0,0.0,1.7359999999999998
2006-06-27 14:00:00,0.0,0.0,61.46,47.59,39.53,51.031,90.0,2.549000000000021,0.0
2006-06-27 15:00:00,0.0,0.0,61.16,46.9,40.4,42.898,100.56200000000001,0.0,0.0
2006-06-27 16:00:00,0.0,0.0,60.86,47.47,41.15,33.756,110.724,0.0,0.0
2006-06-27 17:00:00,0.0,0.0,60.11,47.74,40.82,24.803999999999995,115.0,3.865999999999995,0.0
2006-06-27 18:00:00,0.0,0.0,57.93,45.99,39.92,16.605999999999998,110.0,12.234000000000009,0.0
2006-06-27 19:00:00,0.0,0.0,55.83,44.97,38.6,9.299,110.0,15.101000000000013,0.0
2006-06-27 20:00:00,0.0,0.0,53.99,47.44,37.33,6.304,110.0,17.45599999999999,0.0
2006-06-27 21:00:00,0.0,0.0,50.21,48.5,35.56,6.577999999999999,110.0,12.692000000000007,0.0
2006-06-27 22:00:00,0.0,0.0,47.19,44.64,31.95,6.507,90.0,22.27300000000001,0.0
2006-06-27 23:00:00,0.0,0.0,45.32,41.47,28.2,6.2170000000000005,103.77300000000001,0.0,0.0
2006-06-28 00:00:00,0.0,0.0,44.83,40.16,26.92,5.968999999999999,90.0,10.940999999999988,0.0
2006-06-28 01:00:00,0.0,0.0,44.75,37.86,25.16,5.827,96.94299999999998,0.0,0.0
2006-06-28 02:00:00,0.0,0.0,45.41,37.06,24.27,5.6930000000000005,96.04700000000001,0.0,0.0
2006-06-28 03:00:00,0.0,0.0,47.35,37.95,23.81,6.066,98.044,0.0,0.0
2006-06-28 04:00:00,0.0,0.0,53.11,40.0,24.3,9.069999999999999,103.34,0.0,0.0
2006-06-28 05:00:00,0.0,0.0,58.41,43.47,28.69,15.866,109.704,0.0,0.0
2006-06-28 06:00:00,0.0,0.0,61.78,46.72,34.14,26.427000000000007,111.21300000000001,0.0,0.0
2006-06-28 07:00:00,0.0,0.0,63.5,49.11,37.91,36.658,108.862,0.0,0.0
2006-06-28 08:00:00,0.0,0.0,65.3,50.46,39.77,46.312,104.218,0.0,0.0
2006-06-28 09:00:00,0.0,0.0,66.81,51.45,40.44,54.745000000000005,98.955,0.0,0.0
2006-06-28 10:00:00,0.0,0.0,66.39,52.4,40.96,58.608999999999995,96.141,0.0,0.0
2006-06-28 11:00:00,0.0,0.0,65.33,51.45,41.13,61.55,90.0,1.3599999999999852,0.0
2006-06-28 12:00:00,0.0,0.0,64.01,50.66,40.55,62.187,90.0,0.0,1.9670000000000272
2006-06-28 13:00:00,0.0,0.0,63.04,49.35,39.89,60.853,90.0,0.0,3.572999999999996
2006-06-28 14:00:00,0.0,0.0,61.94,48.08,39.58,56.736000000000004,90.0,0.0,2.135999999999984
2006-06-28 15:00:00,0.0,0.0,61.64,47.38,40.46,51.242999999999995,93.23700000000004,0.0,0.0
2006-06-28 16:00:00,0.0,0.0,61.33,47.95,41.21,43.801,90.0,11.688999999999991,0.0
2006-06-28 17:00:00,0.0,0.0,60.55,48.19,40.87,33.146,111.464,0.0,0.0
2006-06-28 18:00:00,0.0,0.0,58.35,46.4,39.95,21.165,90.0,28.53500000000001,0.0
2006-06-28 19:00:00,0.0,0.0,56.25,45.37,38.62,11.642000000000001,115.0,8.598000000000013,0.0
2006-06-28 20:00:00,0.0,0.0,54.42,47.89,37.36,9.146,90.0,35.524,0.0
2006-06-28 21:00:00,0.0,0.0,50.65,48.94,35.61,11.793000000000001,90.0,28.40700000000001,0.0
2006-06-28 22:00:00,0.0,0.0,47.62,45.05,32.01,13.41,106.27000000000001,0.0,0.0
2006-06-28 23:00:00,0.0,0.0,45.77,41.87,28.26,13.250999999999998,97.649,0.0,0.0
2006-06-29 00:00:00,0.0,0.0,44.36,40.13,26.16,12.268,93.382,0.0,0.0
2006-06-29 01:00:00,0.0,0.0,44.28,37.83,24.39,11.118,90.0,0.3819999999999908,0.0
2006-06-29 02:00:00,0.0,0.0,44.94,37.03,23.5,10.231,90.0,0.2389999999999901,0.0
2006-06-29 03:00:00,0.0,0.0,46.88,37.93,23.04,9.282,90.0,3.567999999999998,0.0
2006-06-29 04:00:00,0.0,0.0,52.67,39.97,23.53,11.286,99.88399999999999,0.0,0.0
2006-06-29 05:00:00,0.0,0.0,57.97,43.43,27.93,19.627,93.75234750000003,10.950652499999965,0.0
2006-06-29 06:00:00,0.0,0.0,61.34,46.68,33.39,31.644,90.0,14.76600000000002,0.0
2006-06-29 07:00:00,0.0,0.0,63.06,49.09,37.16,44.432,99.87800000000001,0.0,0.0
2006-06-29 08:00:00,0.0,0.0,64.86,50.46,39.03,56.053,90.0,3.2970000000000113,0.0
2006-06-29 09:00:00,0.0,0.0,66.37,51.46,39.69,65.35,90.0,0.0,2.8299999999999983
2006-06-29 10:00:00,0.0,0.0,65.95,52.42,40.22,71.593,90.0,0.0,8.00300000000001
2006-06-29 11:00:00,0.0,0.0,64.88,51.47,40.39,74.91499999999999,90.0,0.0,13.17500000000001
2006-06-29 12:00:00,0.0,0.0,63.56,50.69,39.81,75.063,90.0,0.0,16.002999999999986
2006-06-29 13:00:00,0.0,0.0,62.6,49.4,39.15,72.554,90.0,0.0,16.403999999999993
2006-06-29 14:00:00,0.0,0.0,61.5,48.13,38.85,67.34,90.0,0.0,13.860000000000014
2006-06-29 15:00:00,0.0,0.0,61.2,47.44,39.73,60.25399999999999,90.0,0.0,6.884
2006-06-29 16:00:00,0.0,0.0,60.88,48.0,40.47,51.787000000000006,92.56300000000002,0.0,0.0
2006-06-29 17:00:00,0.0,0.0,60.08,48.22,40.12,41.842999999999996,101.57700000000003,0.0,0.0
2006-06-29 18:00:00,0.0,0.0,57.85,46.37,39.18,31.250000000000004,90.0,17.14999999999999,0.0
2006-06-29 19:00:00,0.0,0.0,55.75,45.34,37.84,22.708,110.0,1.2220000000000066,0.0
2006-06-29 20:00:00,0.0,0.0,53.94,47.9,36.59,20.755,110.0,2.6750000000000114,0.0
2006-06-29 21:00:00,0.0,0.0,50.16,48.96,34.87,21.891000000000002,90.0,17.099000000000004,0.0
2006-06-29 22:00:00,0.0,0.0,47.15,45.03,31.27,21.012999999999998,90.0,7.436999999999989,0.0
2006-06-29 23:00:00,0.0,0.0,45.3,41.84,27.52,19.355,90.305,0.0,0.0
2006-06-30 00:00:00,0.0,0.0,42.98,39.36,25.59,16.971000000000004,90.0,0.0,4.040999999999997
2006-06-30 01:00:00,0.0,0.0,42.89,37.06,23.79,15.412,90.0,0.0,6.671999999999969
2006-06-30 02:00:00,0.0,0.0,43.55,36.28,22.9,13.786999999999999,90.0,0.0,6.056999999999988
2006-06-30 03:00:00,0.0,0.0,45.49,37.17,22.45,11.504,90.0,0.0,1.3939999999999912
2006-06-30 04:00:00,0.0,0.0,51.3,39.19,22.94,13.395,95.03500000000001,0.0,0.0
2006-06-30 05:00:00,0.0,0.0,56.62,42.66,27.36,20.683,100.957,0.0,0.0
2006-06-30 06:00:00,0.0,0.0,59.99,45.91,32.81,30.378000000000007,103.33200000000002,0.0,0.0
2006-06-30 07:00:00,0.0,0.0,61.7,48.34,36.59,42.07799999999999,99.55200000000002,0.0,0.0
2006-06-30 08:00:00,0.0,0.0,63.51,49.72,38.47,55.009,91.39650750000003,0.2944924999999913,0.0
2006-06-30 09:00:00,0.0,0.0,65.02,50.74,39.13,64.01400000000001,90.0,0.0,4.124000000000019
2006-06-30 10:00:00,0.0,0.0,64.58,51.71,39.65,70.249,90.0,0.0,9.308999999999983
2006-06-30 11:00:00,0.0,0.0,63.52,50.76,39.82,72.762,90.0,0.0,13.662000000000015
2006-06-30 12:00:00,0.0,0.0,62.2,50.0,39.24,71.506,90.0,0.0,15.066000000000003
2006-06-30 13:00:00,0.0,0.0,61.24,48.71,38.58,65.843,90.0,0.0,12.313000000000011
2006-06-30 14:00:00,0.0,0.0,60.14,47.45,38.28,57.55,90.0,0.0,6.679999999999993
2006-06-30 15:00:00,0.0,0.0,59.84,46.77,39.17,47.632,93.14800000000001,0.0,0.0
2006-06-30 16:00:00,0.0,0.0,59.51,47.32,39.91,38.654999999999994,103.08500000000001,0.0,0.0
2006-06-30 17:00:00,0.0,0.0,58.69,47.51,39.54,29.64,90.0,21.09999999999998,0.0
2006-06-30 18:00:00,0.0,0.0,56.43,45.62,38.59,18.856,116.784,0.0,0.0
2006-06-30 19:00:00,0.0,0.0,54.34,44.58,37.23,8.388,115.0,7.7620000000000005,0.0
2006-06-30 20:00:00,0.0,0.0,52.54,47.18,36.0,5.5,90.0,35.220000000000006,0.0
2006-06-30 21:00:00,0.0,0.0,48.76,48.24,34.31,5.666,90.0,30.64400000000002,0.0
2006-06-30 22:00:00,0.0,0.0,45.75,44.28,30.71,5.123,110.0,0.6169999999999902,0.0
2006-06-30 23:00:00,0.0,0.0,43.91,41.08,26.96,4.716,102.23399999999998,0.0,0.0
2006-07-01 00:00:00,0.0,0.0,34.77,36.07,23.41,4.223,90.0,0.0,0.0
2006-07-01 01:00:00,0.0,0.0,34.69,33.77,21.58,3.795,90.0,0.0,3.754999999999985
2006-07-01 02:00:00,0.0,0.0,35.34,33.0,20.69,3.642,90.0,0.0,4.612
2006-07-01 03:00:00,0.0,0.0,37.28,33.89,20.24,4.08,90.0,0.0,2.6700000000000053
2006-07-01 04:00:00,0.0,0.0,43.14,35.89,20.74,7.061,90.0,2.7089999999999748,0.0
2006-07-01 05:00:00,0.0,0.0,48.47,39.34,25.18,16.152,90.0,3.322892499999993,0.0
2006-07-01 06:00:00,0.0,0.0,51.84,42.61,30.64,28.327000000000005,90.0,3.4296666666666766,0.0
2006-07-01 07:00:00,0.0,0.0,53.54,45.06,34.43,40.864,90.0,0.4993333333333476,0.0
2006-07-01 08:00:00,0.0,0.0,55.36,46.48,36.31,57.647,80.50300000000001,0.0,0.0
2006-07-01 09:00:00,0.0,0.0,56.87,47.53,36.97,71.588,70.0,0.0,0.2179999999999893
2006-07-01 10:00:00,0.0,0.0,56.43,48.52,37.5,80.213,87.55965650969529,0.0,25.32265650969527
2006-07-01 11:00:00,0.0,0.0,55.36,47.57,37.67,85.30099999999999,55.299,0.0,0.0
2006-07-01 12:00:00,0.0,0.0,54.05,46.84,37.09,86.661,90.0,0.0,38.68099999999998
2006-07-01 13:00:00,0.0,0.0,53.09,45.57,36.43,84.923,70.0,0.0,19.833
2006-07-01 14:00:00,0.0,0.0,51.99,44.33,36.13,79.56400000000001,70.0,0.0,17.114000000000004
2006-07-01 15:00:00,0.0,0.0,51.69,43.65,37.03,70.683,70.0,0.0,8.312999999999974
2006-07-01 16:00:00,0.0,0.0,51.35,44.19,37.76,58.973,90.0,0.0,15.67300000000003
2006-07-01 17:00:00,0.0,0.0,50.48,44.32,37.37,44.027,88.14299999999999,0.0,0.0
2006-07-01 18:00:00,0.0,0.0,48.16,42.34,36.38,26.482999999999993,90.0,10.396999999999995,0.0
2006-07-01 19:00:00,0.0,0.0,46.07,41.29,35.0,13.317,90.0,19.043000000000006,0.0
2006-07-01 20:00:00,0.0,0.0,44.31,43.98,33.79,10.027,90.0,22.052999999999983,0.0
2006-07-01 21:00:00,0.0,0.0,40.52,45.03,32.15,10.192,90.0,17.508,0.0
2006-07-01 22:00:00,0.0,0.0,37.53,41.0,28.57,9.56,90.0,7.540000000000013,0.0
2006-07-01 23:00:00,0.0,0.0,35.7,37.8,24.8,8.424000000000001,89.876,0.0,0.0
2006-07-02 00:00:00,0.0,0.0,31.0,34.73,22.57,7.430000000000001,90.0,0.0,9.130000000000024
2006-07-02 01:00:00,0.0,0.0,30.91,32.42,20.73,6.950000000000001,77.11000000000001,0.0,0.0
2006-07-02 02:00:00,0.0,0.0,31.56,31.66,19.85,6.674000000000001,76.39600000000002,0.0,0.0
2006-07-02 03:00:00,0.0,0.0,33.5,32.55,19.39,6.734,78.70599999999999,0.0,0.0
2006-07-02 04:00:00,0.0,0.0,39.36,34.54,19.9,9.511000000000001,84.28899999999999,0.0,0.0
2006-07-02 05:00:00,0.0,0.0,44.69,37.99,24.34,18.759,88.26099999999998,0.0,0.0
2006-07-02 06:00:00,0.0,0.0,48.06,41.27,29.8,27.784999999999997,90.0,1.345000000000013,0.0
2006-07-02 07:00:00,0.0,0.0,49.76,43.72,33.59,45.391000000000005,90.0,0.0,8.320999999999998
2006-07-02 08:00:00,0.0,0.0,51.58,45.13,35.47,62.526,69.654,0.0,0.0
2006-07-02 09:00:00,0.0,0.0,53.1,46.18,36.13,75.42699999999999,90.0,0.0,30.016999999999996
2006-07-02 10:00:00,0.0,0.0,52.65,47.18,36.66,84.32700000000001,90.0,0.0,37.83700000000002
2006-07-02 11:00:00,0.0,0.0,51.58,46.23,36.83,90.553,70.0,0.0,25.913000000000025
2006-07-02 12:00:00,0.0,0.0,50.27,45.5,36.25,93.303,90.0,0.0,51.28299999999999
2006-07-02 13:00:00,0.0,0.0,49.32,44.23,35.59,92.322,90.0,0.0,53.182000000000016
2006-07-02 14:00:00,0.0,0.0,48.22,42.99,35.29,87.315,40.0,0.0,0.8149999999999906
2006-07-02 15:00:00,0.0,0.0,47.92,42.31,36.19,77.85400000000001,70.0,0.0,21.433999999999997
2006-07-02 16:00:00,0.0,0.0,47.57,42.84,36.92,64.137,63.193,0.0,0.0
2006-07-02 17:00:00,0.0,0.0,46.7,42.98,36.53,46.353,79.857,0.0,0.0
2006-07-02 18:00:00,0.0,0.0,44.38,40.99,35.54,26.154,90.0,4.756000000000007,0.0
2006-07-02 19:00:00,0.0,0.0,42.29,39.95,34.16,12.954,90.0,13.445999999999998,0.0
2006-07-02 20:00:00,0.0,0.0,40.53,42.64,32.95,10.531,90.0,15.58900000000001,0.0
2006-07-02 21:00:00,0.0,0.0,36.74,43.69,31.31,11.579,90.0,10.160999999999998,0.0
2006-07-02 22:00:00,0.0,0.0,33.75,39.66,27.73,11.804,90.0,0.0,0.6640000000000015
2006-07-02 23:00:00,0.0,0.0,31.92,36.45,23.96,11.019,90.0,0.0,8.688999999999993
2006-07-03 00:00:00,0.0,0.0,42.57,40.45,24.6,10.104,90.0,7.516000000000005,0.0
2006-07-03 01:00:00,0.0,0.0,42.49,38.15,22.77,9.478000000000002,90.0,3.931999999999988,0.0
2006-07-03 02:00:00,0.0,0.0,43.13,37.38,21.88,9.323,90.0,3.0670000000000073,0.0
2006-07-03 03:00:00,0.0,0.0,45.07,38.28,21.43,9.786999999999999,90.0,4.9929999999999835,0.0
2006-07-03 04:00:00,0.0,0.0,50.93,40.27,21.93,12.845999999999998,90.0,10.283999999999992,0.0
2006-07-03 05:00:00,0.0,0.0,56.27,43.72,26.38,22.877,90.0,13.492999999999995,0.0
2006-07-03 06:00:00,0.0,0.0,59.63,47.0,31.84,34.911,90.0,13.559000000000019,0.0
2006-07-03 07:00:00,0.0,0.0,61.34,49.45,35.63,53.073,90.0,3.3470000000000084,0.0
2006-07-03 08:00:00,0.0,0.0,63.16,50.86,37.51,71.102,80.42799999999998,0.0,0.0
2006-07-03 09:00:00,0.0,0.0,64.67,51.91,38.17,84.417,90.0,0.0,19.66700000000001
2006-07-03 10:00:00,0.0,0.0,64.22,52.9,38.7,92.027,63.793000000000006,0.0,0.0
2006-07-03 11:00:00,0.0,0.0,63.16,51.95,38.87,95.80000000000001,70.0,0.0,11.819999999999993
2006-07-03 12:00:00,0.0,0.0,61.85,51.22,38.28,95.601,90.0,0.0,34.251000000000005
2006-07-03 13:00:00,0.0,0.0,60.89,49.96,37.62,91.578,90.0,0.0,33.108000000000004
2006-07-03 14:00:00,0.0,0.0,59.79,48.71,37.33,84.274,90.0,0.0,28.444000000000003
2006-07-03 15:00:00,0.0,0.0,59.49,48.03,38.22,73.494,90.0,0.0,17.75399999999999
2006-07-03 16:00:00,0.0,0.0,59.14,48.57,38.96,59.135000000000005,87.535,0.0,0.0
2006-07-03 17:00:00,0.0,0.0,58.27,48.7,38.57,42.146,90.0,8.394000000000002,0.0
2006-07-03 18:00:00,0.0,0.0,55.96,46.72,37.58,25.302000000000003,90.0,19.957999999999984,0.0
2006-07-03 19:00:00,0.0,0.0,53.87,45.67,36.2,16.008,90.0,24.732000000000014,0.0
2006-07-03 20:00:00,0.0,0.0,52.1,48.36,34.99,16.116,98.9478175,15.386182499999986,0.0
2006-07-03 21:00:00,0.0,0.0,48.31,49.42,33.35,17.596,90.0,18.48400000000001,0.0
2006-07-03 22:00:00,0.0,0.0,45.32,45.39,29.77,17.513,97.96700000000001,0.0,0.0
2006-07-03 23:00:00,0.0,0.0,43.5,42.18,26.0,16.634,90.046,0.0,0.0
2006-07-04 00:00:00,0.0,0.0,44.82,42.86,25.02,15.135,92.56500000000001,0.0,0.0
2006-07-04 01:00:00,0.0,0.0,44.74,40.55,23.19,14.239,90.0,0.0,0.7589999999999879
2006-07-04 02:00:00,0.0,0.0,45.39,39.79,22.3,12.866999999999999,90.0,0.0,0.38700000000000045
2006-07-04 03:00:00,0.0,0.0,47.33,40.68,21.85,12.252,92.60800000000002,0.0,0.0
2006-07-04 04:00:00,0.0,0.0,53.19,42.67,22.35,15.047,90.0,8.162999999999991,0.0
2006-07-04 05:00:00,0.0,0.0,58.52,46.12,26.79,24.662,101.76800000000001,0.0,0.0
2006-07-04 06:00:00,0.0,0.0,61.89,49.4,32.25,34.373,104.167,0.0,0.0
2006-07-04 07:00:00,0.0,0.0,63.59,51.85,36.04,48.01299999999999,98.46700000000001,0.0,0.0
2006-07-04 08:00:00,0.0,0.0,65.41,53.26,37.92,62.312,90.0,0.0,0.7219999999999969
2006-07-04 09:00:00,0.0,0.0,66.92,54.31,38.59,74.733,90.0,0.0,9.912999999999982
2006-07-04 10:00:00,0.0,0.0,66.47,55.31,39.11,82.75000000000001,90.0,0.0,16.860000000000007
2006-07-04 11:00:00,0.0,0.0,65.41,54.36,39.28,85.525,90.0,0.0,21.475000000000005
2006-07-04 12:00:00,0.0,0.0,64.1,53.63,38.7,83.167,90.0,0.0,21.73700000000001
2006-07-04 13:00:00,0.0,0.0,63.14,52.36,38.04,77.032,90.0,0.0,18.49199999999999
2006-07-04 14:00:00,0.0,0.0,62.04,51.12,37.75,68.435,90.0,0.0,12.524999999999991
2006-07-04 15:00:00,0.0,0.0,61.74,50.44,38.64,58.342999999999996,90.0,0.0,2.522999999999996
2006-07-04 16:00:00,0.0,0.0,61.39,50.97,39.38,46.522999999999996,90.0,10.217000000000027,0.0
2006-07-04 17:00:00,0.0,0.0,60.53,51.11,38.99,33.936,111.69399999999999,0.0,0.0
2006-07-04 18:00:00,0.0,0.0,58.21,49.12,38.0,21.534000000000002,118.796,0.0,0.0
2006-07-04 19:00:00,0.0,0.0,56.12,48.08,36.61,9.855,115.0,10.954999999999984,0.0
2006-07-04 20:00:00,0.0,0.0,54.35,50.77,35.4,8.558,90.0,36.96200000000002,0.0
2006-07-04 21:00:00,0.0,0.0,50.56,51.82,33.76,9.914,90.0,31.226,0.0
2006-07-04 22:00:00,0.0,0.0,47.57,47.79,30.18,11.797,108.743,0.0,0.0
2006-07-04 23:00:00,0.0,0.0,45.75,44.58,26.42,12.037,99.71300000000002,0.0,0.0
2006-07-05 00:00:00,0.0,0.0,47.74,40.04,26.16,10.852,90.0,8.088000000000005,0.0
2006-07-05 01:00:00,0.0,0.0,47.66,37.73,24.32,9.272,90.0,5.438000000000017,0.0
2006-07-05 02:00:00,0.0,0.0,48.3,36.96,23.44,7.618,90.0,6.082000000000008,0.0
2006-07-05 03:00:00,0.0,0.0,50.24,37.86,22.98,6.837,90.0,9.24300000000001,0.0
2006-07-05 04:00:00,0.0,0.0,56.1,39.85,23.49,9.646,90.0,14.794000000000011,0.0
2006-07-05 05:00:00,0.0,0.0,61.44,43.3,27.93,17.341,90.0,20.329000000000008,0.0
2006-07-05 06:00:00,0.0,0.0,64.8,46.58,33.39,28.863,92.80853750000017,18.09846249999984,0.0
2006-07-05 07:00:00,0.0,0.0,66.51,49.03,37.18,40.711,107.00900000000003,0.0,0.0
2006-07-05 08:00:00,0.0,0.0,68.33,50.44,39.06,51.103,90.0,11.727000000000004,0.0
2006-07-05 09:00:00,0.0,0.0,69.84,51.49,39.72,59.26,96.79,0.0,0.0
2006-07-05 10:00:00,0.0,0.0,69.39,52.49,40.25,63.22500000000001,93.90500000000002,0.0,0.0
2006-07-05 11:00:00,0.0,0.0,68.33,51.53,40.42,64.03399999999999,91.24600000000001,0.0,0.0
2006-07-05 12:00:00,0.0,0.0,67.02,50.8,39.84,61.714000000000006,90.946,0.0,0.0
2006-07-05 13:00:00,0.0,0.0,66.06,49.54,39.18,57.00600000000001,92.774,0.0,0.0
2006-07-05 14:00:00,0.0,0.0,64.96,48.3,38.88,52.378,94.76199999999999,0.0,0.0
2006-07-05 15:00:00,0.0,0.0,64.66,47.61,39.78,46.61,100.44,0.0,0.0
2006-07-05 16:00:00,0.0,0.0,64.31,48.15,40.51,38.808,109.16199999999999,0.0,0.0
2006-07-05 17:00:00,0.0,0.0,63.44,48.28,40.12,30.134,110.0,6.706000000000021,0.0
2006-07-05 18:00:00,0.0,0.0,61.13,46.3,39.13,21.437,90.0,30.12299999999999,0.0
2006-07-05 19:00:00,0.0,0.0,59.04,45.26,37.75,14.498,122.55199999999999,0.0,0.0
2006-07-05 20:00:00,0.0,0.0,57.27,47.95,36.54,13.063,110.0,13.697000000000008,0.0
2006-07-05 21:00:00,0.0,0.0,53.48,49.0,34.9,14.08,110.0,8.300000000000011,0.0
2006-07-05 22:00:00,0.0,0.0,50.49,44.97,31.32,14.216999999999999,107.56300000000002,0.0,0.0
2006-07-05 23:00:00,0.0,0.0,48.67,41.76,27.55,13.051,99.929,0.0,0.0
2006-07-06 00:00:00,0.0,0.0,45.02,40.04,26.16,11.527999999999999,94.69200000000001,0.0,0.0
2006-07-06 01:00:00,0.0,0.0,44.94,37.73,24.32,10.435,91.55499999999999,0.0,0.0
2006-07-06 02:00:00,0.0,0.0,45.59,36.96,23.44,9.378,91.61200000000001,0.0,0.0
2006-07-06 03:00:00,0.0,0.0,47.53,37.86,22.98,8.789000000000001,94.58100000000002,0.0,0.0
2006-07-06 04:00:00,0.0,0.0,53.39,39.85,23.49,10.687,101.043,0.0,0.0
2006-07-06 05:00:00,0.0,0.0,58.72,43.3,27.93,16.86,90.0,18.08999999999999,0.0
2006-07-06 06:00:00,0.0,0.0,62.09,46.58,33.39,27.702,109.358,0.0,0.0
2006-07-06 07:00:00,0.0,0.0,63.79,49.03,37.18,38.687,90.0,16.312999999999988,0.0
2006-07-06 08:00:00,0.0,0.0,65.61,50.44,39.06,48.126000000000005,101.98400000000001,0.0,0.0
2006-07-06 09:00:00,0.0,0.0,67.12,51.49,39.72,56.089,90.0,7.241000000000011,0.0
2006-07-06 10:00:00,0.0,0.0,66.68,52.49,40.25,61.997,92.42300000000003,0.0,0.0
2006-07-06 11:00:00,0.0,0.0,65.61,51.53,40.42,66.004,90.0,0.0,3.443999999999974
2006-07-06 12:00:00,0.0,0.0,64.3,50.8,39.84,68.333,90.0,0.0,8.393000000000002
2006-07-06 13:00:00,0.0,0.0,63.34,49.54,39.18,68.129,90.0,0.0,11.068999999999969
2006-07-06 14:00:00,0.0,0.0,62.24,48.3,38.88,65.184,90.0,0.0,10.763999999999982
2006-07-06 15:00:00,0.0,0.0,61.94,47.61,39.78,59.845,90.0,0.0,5.515000000000015
2006-07-06 16:00:00,0.0,0.0,61.6,48.15,40.51,52.169,93.09099999999998,0.0,0.0
2006-07-06 17:00:00,0.0,0.0,60.73,48.28,40.12,43.551,100.57900000000002,0.0,0.0
2006-07-06 18:00:00,0.0,0.0,58.41,46.3,39.13,35.022999999999996,90.0,13.817000000000005,0.0
2006-07-06 19:00:00,0.0,0.0,56.32,45.26,37.75,26.588,107.742,0.0,0.0
2006-07-06 20:00:00,0.0,0.0,54.55,47.95,36.54,21.122,90.0,22.918,0.0
2006-07-06 21:00:00,0.0,0.0,50.77,49.0,34.9,22.733,106.93700000000001,0.0,0.0
2006-07-06 22:00:00,0.0,0.0,47.78,44.97,31.32,24.714,94.356,0.0,0.0
2006-07-06 23:00:00,0.0,0.0,45.95,41.76,27.55,22.837999999999997,90.0,0.0,2.578000000000003
2006-07-07 00:00:00,0.0,0.0,42.96,39.3,25.78,19.229999999999997,90.0,0.0,6.189999999999998
2006-07-07 01:00:00,0.0,0.0,42.88,37.0,23.94,16.659999999999997,90.0,0.0,7.839999999999987
2006-07-07 02:00:00,0.0,0.0,43.52,36.23,23.05,15.878000000000004,90.0,0.0,8.078000000000003
2006-07-07 03:00:00,0.0,0.0,45.46,37.13,22.6,16.052,90.0,0.0,5.86199999999999
2006-07-07 04:00:00,0.0,0.0,51.32,39.12,23.1,17.364,90.0,1.176000000000002,0.0
2006-07-07 05:00:00,0.0,0.0,56.66,42.57,27.55,24.772,90.0,7.00800000000001,0.0
2006-07-07 06:00:00,0.0,0.0,60.02,45.85,33.01,36.241,90.0,7.63900000000001,0.0
2006-07-07 07:00:00,0.0,0.0,61.73,48.3,36.8,45.952,90.0,5.878000000000019,0.0
2006-07-07 08:00:00,0.0,0.0,63.55,49.71,38.68,53.26899999999999,90.0,3.671000000000011,0.0
2006-07-07 09:00:00,0.0,0.0,65.06,50.76,39.34,59.725,90.0,0.4350000000000023,0.0
2006-07-07 10:00:00,0.0,0.0,64.61,51.76,39.87,64.818,90.0,0.0,3.5779999999999763
2006-07-07 11:00:00,0.0,0.0,63.55,50.8,40.04,67.74900000000001,90.0,0.0,8.359000000000009
2006-07-07 12:00:00,0.0,0.0,62.23,50.07,39.46,68.384,90.0,0.0,11.623999999999983
2006-07-07 13:00:00,0.0,0.0,61.28,48.81,38.8,67.81899999999999,90.0,0.0,13.928999999999988
2006-07-07 14:00:00,0.0,0.0,60.18,47.56,38.5,65.231,90.0,0.0,13.990999999999985
2006-07-07 15:00:00,0.0,0.0,59.88,46.88,39.4,61.624,90.0,0.0,10.464000000000002
2006-07-07 16:00:00,0.0,0.0,59.53,47.42,40.13,55.173,90.0,0.0,3.092999999999992
2006-07-07 17:00:00,0.0,0.0,58.66,47.55,39.74,45.521,90.0,5.428999999999988,0.0
2006-07-07 18:00:00,0.0,0.0,56.35,45.57,38.75,33.359,102.311,0.0,0.0
2006-07-07 19:00:00,0.0,0.0,54.26,44.52,37.37,21.594,90.0,19.556000000000026,0.0
2006-07-07 20:00:00,0.0,0.0,52.49,47.21,36.16,16.148,90.0,24.71200000000003,0.0
2006-07-07 21:00:00,0.0,0.0,48.7,48.27,34.52,15.655000000000001,102.83863500000018,7.996364999999821,0.0
2006-07-07 22:00:00,0.0,0.0,45.71,44.24,30.94,15.580000000000002,100.31000000000002,0.0,0.0
2006-07-07 23:00:00,0.0,0.0,43.89,41.03,27.17,14.323999999999998,90.0,2.7660000000000036,0.0
2006-07-08 00:00:00,0.0,0.0,34.77,34.21,24.75,13.708,80.02200000000002,0.0,0.0
2006-07-08 01:00:00,0.0,0.0,34.69,31.9,22.92,13.606,75.904,0.0,0.0
2006-07-08 02:00:00,0.0,0.0,35.34,31.13,22.03,13.853,74.647,0.0,0.0
2006-07-08 03:00:00,0.0,0.0,37.28,32.03,21.58,13.765,77.125,0.0,0.0
2006-07-08 04:00:00,0.0,0.0,43.14,34.02,22.08,15.501000000000001,83.739,0.0,0.0
2006-07-08 05:00:00,0.0,0.0,48.47,37.47,26.52,24.921,87.539,0.0,0.0
2006-07-08 06:00:00,0.0,0.0,51.84,40.75,31.98,39.022,85.54800000000002,0.0,0.0
2006-07-08 07:00:00,0.0,0.0,53.54,43.2,35.77,57.22200000000001,75.28800000000001,0.0,0.0
2006-07-08 08:00:00,0.0,0.0,55.36,44.61,37.65,71.226,90.0,0.0,23.606
2006-07-08 09:00:00,0.0,0.0,56.87,45.66,38.32,81.835,70.0,0.0,10.985000000000014
2006-07-08 10:00:00,0.0,0.0,56.43,46.66,38.84,88.59100000000001,69.81209695290873,0.0,16.47309695290874
2006-07-08 11:00:00,0.0,0.0,55.36,45.71,39.01,92.68900000000001,70.0,0.0,22.608999999999995
2006-07-08 12:00:00,0.0,0.0,54.05,44.97,38.43,92.14499999999998,70.0,0.0,24.694999999999993
2006-07-08 13:00:00,0.0,0.0,53.09,43.71,37.77,87.256,50.0,0.0,2.6859999999999786
2006-07-08 14:00:00,0.0,0.0,51.99,42.47,37.48,77.251,54.68899999999999,0.0,0.0
2006-07-08 15:00:00,0.0,0.0,51.69,41.78,38.37,66.625,70.0,0.0,4.784999999999997
2006-07-08 16:00:00,0.0,0.0,51.35,42.32,39.11,55.089000000000006,77.69100000000003,0.0,0.0
2006-07-08 17:00:00,0.0,0.0,50.48,42.45,38.72,45.239,86.41099999999999,0.0,0.0
2006-07-08 18:00:00,0.0,0.0,48.16,40.47,37.73,36.87700000000001,89.48299999999998,0.0,0.0
2006-07-08 19:00:00,0.0,0.0,46.07,39.43,36.34,31.073,90.0,0.7670000000000243,0.0
2006-07-08 20:00:00,0.0,0.0,44.31,42.12,35.13,30.665000000000006,90.0,0.8950000000000102,0.0
2006-07-08 21:00:00,0.0,0.0,40.52,43.17,33.49,34.230999999999995,82.94900000000001,0.0,0.0
2006-07-08 22:00:00,0.0,0.0,37.53,39.14,29.91,36.613,90.0,0.0,20.033
2006-07-08 23:00:00,0.0,0.0,35.7,35.93,26.15,36.812999999999995,60.96700000000001,0.0,0.0
2006-07-09 00:00:00,0.0,0.0,31.0,31.88,22.74,38.053999999999995,47.566,0.0,0.0
2006-07-09 01:00:00,0.0,0.0,30.91,29.57,20.91,39.17300000000001,42.216999999999985,0.0,0.0
2006-07-09 02:00:00,0.0,0.0,31.56,28.8,20.02,40.178,40.202,0.0,0.0
2006-07-09 03:00:00,0.0,0.0,33.5,29.7,19.57,39.513,50.0,0.0,6.742999999999995
2006-07-09 04:00:00,0.0,0.0,39.36,31.69,20.07,39.288999999999994,90.0,0.0,38.169
2006-07-09 05:00:00,0.0,0.0,44.69,35.14,24.51,45.054,70.0,0.0,10.714000000000006
2006-07-09 06:00:00,0.0,0.0,48.06,38.42,29.97,53.291000000000004,70.0,0.0,6.840999999999994
2006-07-09 07:00:00,0.0,0.0,49.76,40.87,33.77,65.77799999999999,58.622000000000014,0.0,0.0
2006-07-09 08:00:00,0.0,0.0,51.58,42.28,35.65,77.36999999999999,52.14,0.0,0.0
2006-07-09 09:00:00,0.0,0.0,53.1,43.33,36.31,86.532,46.20800000000001,0.0,0.0
2006-07-09 10:00:00,0.0,0.0,52.65,44.33,36.83,94.83999999999999,50.0,0.0,11.030000000000001
2006-07-09 11:00:00,0.0,0.0,51.58,43.37,37.0,101.52799999999999,30.422000000000004,0.0,0.0
2006-07-09 12:00:00,0.0,0.0,50.27,42.64,36.42,105.09400000000001,40.0,0.0,15.76399999999999
2006-07-09 13:00:00,0.0,0.0,49.32,41.38,35.76,106.10399999999998,20.356000000000016,0.0,0.0
2006-07-09 14:00:00,0.0,0.0,48.22,40.14,35.47,102.75199999999998,21.07799999999999,0.0,0.0
2006-07-09 15:00:00,0.0,0.0,47.92,39.45,36.36,96.943,70.0,0.0,43.21299999999998
2006-07-09 16:00:00,0.0,0.0,47.57,39.99,37.1,86.481,38.179000000000016,0.0,0.0
2006-07-09 17:00:00,0.0,0.0,46.7,40.12,36.71,71.636,70.0,0.0,18.10599999999998
2006-07-09 18:00:00,0.0,0.0,44.38,38.14,35.72,55.68200000000001,62.55799999999999,0.0,0.0
2006-07-09 19:00:00,0.0,0.0,42.29,37.1,34.33,42.533,71.187,0.0,0.0
2006-07-09 20:00:00,0.0,0.0,40.53,39.79,33.12,34.091,79.34899999999999,0.0,0.0
2006-07-09 21:00:00,0.0,0.0,36.74,40.84,31.49,30.459999999999997,90.0,0.0,11.389999999999997
2006-07-09 22:00:00,0.0,0.0,33.75,36.81,27.91,27.496,70.974,0.0,0.0
2006-07-09 23:00:00,0.0,0.0,31.92,33.6,24.14,23.805,90.0,0.0,24.144999999999996
2006-07-10 00:00:00,0.0,0.0,42.57,39.44,24.69,20.537,86.16300000000001,0.0,0.0
2006-07-10 01:00:00,0.0,0.0,42.49,37.14,22.85,18.269000000000002,84.21100000000001,0.0,0.0
2006-07-10 02:00:00,0.0,0.0,43.13,36.37,21.97,15.924000000000001,85.54599999999999,0.0,0.0
2006-07-10 03:00:00,0.0,0.0,45.07,37.26,21.52,13.953,89.89699999999999,0.0,0.0
2006-07-10 04:00:00,0.0,0.0,50.93,39.26,22.02,16.930000000000003,90.0,5.280000000000001,0.0
2006-07-10 05:00:00,0.0,0.0,56.27,42.71,26.46,26.751,90.0,8.689000000000021,0.0
2006-07-10 06:00:00,0.0,0.0,59.63,45.98,31.92,41.105999999999995,90.0,6.4239999999999995,0.0
2006-07-10 07:00:00,0.0,0.0,61.34,48.43,35.71,54.092,90.0,1.3880000000000052,0.0
2006-07-10 08:00:00,0.0,0.0,63.16,49.85,37.59,66.307,84.293,0.0,0.0
2006-07-10 09:00:00,0.0,0.0,64.67,50.9,38.25,76.21600000000001,77.60399999999998,0.0,0.0
2006-07-10 10:00:00,0.0,0.0,64.22,51.89,38.78,85.519,69.37099999999998,0.0,0.0
2006-07-10 11:00:00,0.0,0.0,63.16,50.94,38.95,90.768,90.0,0.0,27.71799999999999
2006-07-10 12:00:00,0.0,0.0,61.85,50.21,38.37,90.82100000000001,59.60899999999999,0.0,0.0
2006-07-10 13:00:00,0.0,0.0,60.89,48.94,37.71,87.29599999999999,60.244,0.0,0.0
2006-07-10 14:00:00,0.0,0.0,59.79,47.7,37.41,80.641,64.25899999999999,0.0,0.0
2006-07-10 15:00:00,0.0,0.0,59.49,47.02,38.31,70.35000000000001,74.47,0.0,0.0
2006-07-10 16:00:00,0.0,0.0,59.14,47.56,39.04,57.79999999999999,90.0,0.0,2.0600000000000023
2006-07-10 17:00:00,0.0,0.0,58.27,47.69,38.65,44.92,90.0,9.689999999999984,0.0
2006-07-10 18:00:00,0.0,0.0,55.96,45.71,37.66,33.181000000000004,90.0,16.149000000000004,0.0
2006-07-10 19:00:00,0.0,0.0,53.87,44.66,36.28,23.222999999999995,90.0,21.587000000000003,0.0
2006-07-10 20:00:00,0.0,0.0,52.1,47.35,35.07,20.119,90.0,24.400999999999982,0.0
2006-07-10 21:00:00,0.0,0.0,48.31,48.4,33.43,20.721000000000004,90.0,19.41900000000002,0.0
2006-07-10 22:00:00,0.0,0.0,45.32,44.37,29.85,22.59,90.0,6.949999999999999,0.0
2006-07-10 23:00:00,0.0,0.0,43.5,41.17,26.08,24.203000000000003,90.0,0.0,3.453000000000003
2006-07-11 00:00:00,0.0,0.0,45.98,41.09,25.53,24.761000000000003,87.839,0.0,0.0
2006-07-11 01:00:00,0.0,0.0,45.9,38.78,23.7,25.306,90.0,0.0,6.9260000000000055
2006-07-11 02:00:00,0.0,0.0,46.55,38.02,22.81,26.326999999999998,81.05300000000001,0.0,0.0
2006-07-11 03:00:00,0.0,0.0,48.49,38.91,22.36,29.505,90.0,0.0,9.745000000000005
2006-07-11 04:00:00,0.0,0.0,54.35,40.9,22.86,30.787999999999997,87.32200000000002,0.0,0.0
2006-07-11 05:00:00,0.0,0.0,59.68,44.35,27.3,39.46,90.0,1.8700000000000152,0.0
2006-07-11 06:00:00,0.0,0.0,63.05,47.63,32.76,49.30799999999999,90.0,4.131999999999977,0.0
2006-07-11 07:00:00,0.0,0.0,64.75,50.08,36.55,61.812,90.0,0.0,0.43200000000000216
2006-07-11 08:00:00,0.0,0.0,66.57,51.49,38.43,72.281,84.209,0.0,0.0
2006-07-11 09:00:00,0.0,0.0,68.09,52.54,39.1,79.796,90.0,0.0,10.066000000000003
2006-07-11 10:00:00,0.0,0.0,67.64,53.54,39.62,85.14699999999999,83.99884764542935,0.0,8.34584764542935
2006-07-11 11:00:00,0.0,0.0,66.57,52.59,39.79,87.60100000000001,71.34899999999999,0.0,0.0
2006-07-11 12:00:00,0.0,0.0,65.26,51.86,39.21,87.339,90.0,0.0,21.008999999999986
2006-07-11 13:00:00,0.0,0.0,64.31,50.59,38.55,85.28500000000001,90.0,0.0,21.835000000000008
2006-07-11 14:00:00,0.0,0.0,63.2,49.35,38.26,81.088,90.0,0.0,20.278000000000002
2006-07-11 15:00:00,0.0,0.0,62.9,48.67,39.15,74.08500000000001,90.0,0.0,13.365000000000009
2006-07-11 16:00:00,0.0,0.0,62.56,49.2,39.89,64.114,87.53600000000002,0.0,0.0
2006-07-11 17:00:00,0.0,0.0,61.69,49.34,39.5,53.356,90.0,7.173999999999992,0.0
2006-07-11 18:00:00,0.0,0.0,59.37,47.35,38.51,40.605000000000004,90.0,14.62499999999998,0.0
2006-07-11 19:00:00,0.0,0.0,57.28,46.31,37.12,28.241,90.0,22.468999999999998,0.0
2006-07-11 20:00:00,0.0,0.0,55.52,49.0,35.91,25.61,90.0,24.820000000000007,0.0
2006-07-11 21:00:00,0.0,0.0,51.73,50.05,34.27,29.144999999999996,90.0,16.905000000000015,0.0
2006-07-11 22:00:00,0.0,0.0,48.74,46.02,30.69,30.879,90.0,4.570999999999998,0.0
2006-07-11 23:00:00,0.0,0.0,46.91,42.81,26.93,28.952999999999996,90.0,0.0,2.3030000000000115
2006-07-12 00:00:00,0.0,0.0,44.79,40.82,26.46,27.041,90.0,0.0,4.971000000000004
2006-07-12 01:00:00,0.0,0.0,44.71,38.52,24.63,26.308999999999997,90.0,0.0,8.448999999999998
2006-07-12 02:00:00,0.0,0.0,45.36,37.75,23.74,26.009,90.0,0.0,9.159000000000006
2006-07-12 03:00:00,0.0,0.0,47.3,38.65,23.29,25.044,90.0,0.0,5.804000000000002
2006-07-12 04:00:00,0.0,0.0,53.16,40.64,23.79,26.047999999999995,90.0,1.5420000000000051,0.0
2006-07-12 05:00:00,0.0,0.0,58.49,44.09,28.24,35.138,90.0,5.681999999999988,0.0
2006-07-12 06:00:00,0.0,0.0,61.86,47.37,33.7,47.341,90.0,5.588999999999999,0.0
2006-07-12 07:00:00,0.0,0.0,63.56,49.82,37.49,59.43999999999999,90.0,1.4299999999999926,0.0
2006-07-12 08:00:00,0.0,0.0,65.38,51.23,39.37,69.997,90.0,0.0,4.016999999999996
2006-07-12 09:00:00,0.0,0.0,66.9,52.28,40.03,77.918,90.0,0.0,8.707999999999977
2006-07-12 10:00:00,0.0,0.0,66.45,53.28,40.56,83.044,90.0,0.0,12.75399999999999
2006-07-12 11:00:00,0.0,0.0,65.38,52.32,40.73,85.175,90.0,0.0,16.74500000000002
2006-07-12 12:00:00,0.0,0.0,64.07,51.59,40.14,83.92399999999999,81.17163988919658,0.0,9.295639889196597
2006-07-12 13:00:00,0.0,0.0,63.12,50.33,39.48,79.59,90.0,0.0,16.66000000000001
2006-07-12 14:00:00,0.0,0.0,62.02,49.09,39.19,72.944,90.0,0.0,12.643999999999991
2006-07-12 15:00:00,0.0,0.0,61.72,48.4,40.08,64.82,90.0,0.0,4.620000000000019
2006-07-12 16:00:00,0.0,0.0,61.37,48.94,40.82,56.476,90.0,4.653999999999996,0.0
2006-07-12 17:00:00,0.0,0.0,60.5,49.07,40.43,47.19199999999999,90.0,12.807999999999993,0.0
2006-07-12 18:00:00,0.0,0.0,58.18,47.09,39.44,36.26500000000001,90.0,18.444999999999997,0.0
2006-07-12 19:00:00,0.0,0.0,56.09,46.05,38.06,26.047,90.0,24.153,0.0
2006-07-12 20:00:00,0.0,0.0,54.33,48.74,36.85,19.884999999999998,90.0,30.035000000000025,0.0
2006-07-12 21:00:00,0.0,0.0,50.54,49.79,35.21,17.641,90.0,27.899,0.0
2006-07-12 22:00:00,0.0,0.0,47.55,45.76,31.63,16.705,90.0,16.568333333333328,0.0
2006-07-12 23:00:00,0.0,0.0,45.72,42.55,27.86,14.739999999999998,90.0,11.389999999999986,0.0
2006-07-13 00:00:00,0.0,0.0,45.6,41.07,26.95,13.558,90.0,8.39533333333334,0.0
2006-07-13 01:00:00,0.0,0.0,45.52,38.77,25.12,13.057,90.0,6.353000000000023,0.0
2006-07-13 02:00:00,0.0,0.0,46.17,38.0,24.23,12.279,90.0,6.120999999999995,0.0
2006-07-13 03:00:00,0.0,0.0,48.11,38.89,23.78,12.215999999999998,90.0,8.491061666666713,0.0
2006-07-13 04:00:00,0.0,0.0,53.97,40.89,24.28,14.161000000000001,90.0,13.312333333333328,0.0
2006-07-13 05:00:00,0.0,0.0,59.3,44.34,28.72,21.999999999999996,90.0,20.36,0.0
2006-07-13 06:00:00,0.0,0.0,62.67,47.61,34.18,35.092999999999996,90.0,19.367000000000004,0.0
2006-07-13 07:00:00,0.0,0.0,64.37,50.06,37.97,51.00000000000001,90.0,11.400000000000006,0.0
2006-07-13 08:00:00,0.0,0.0,66.19,51.48,39.85,62.012,90.0,5.507999999999993,0.0
2006-07-13 09:00:00,0.0,0.0,67.7,52.53,40.52,69.156,90.0,1.5940000000000225,0.0
2006-07-13 10:00:00,0.0,0.0,67.26,53.52,41.04,72.398,90.0,0.0,0.578000000000003
2006-07-13 11:00:00,0.0,0.0,66.19,52.57,41.21,72.849,90.0,0.0,2.879000000000005
2006-07-13 12:00:00,0.0,0.0,64.88,51.84,40.63,72.863,90.0,0.0,5.513000000000019
2006-07-13 13:00:00,0.0,0.0,63.92,50.57,39.97,71.62299999999999,90.0,0.0,7.163000000000004
2006-07-13 14:00:00,0.0,0.0,62.82,49.33,39.68,69.412,90.0,0.0,7.582000000000008
2006-07-13 15:00:00,0.0,0.0,62.52,48.65,40.57,65.70299999999999,90.0,0.0,3.962999999999994
2006-07-13 16:00:00,0.0,0.0,62.18,49.19,41.31,62.230999999999995,90.0,0.44899999999999807,0.0
2006-07-13 17:00:00,0.0,0.0,61.31,49.32,40.92,56.519999999999996,90.0,5.030000000000001,0.0
2006-07-13 18:00:00,0.0,0.0,58.99,47.34,39.93,47.01,90.0,7.58333333333335,0.0
2006-07-13 19:00:00,0.0,0.0,56.9,46.29,38.54,36.573,90.0,15.156999999999982,0.0
2006-07-13 20:00:00,0.0,0.0,55.14,48.98,37.33,32.266000000000005,90.0,19.183999999999976,0.0
2006-07-13 21:00:00,0.0,0.0,51.35,50.03,35.69,34.425000000000004,90.0,12.644999999999996,0.0
2006-07-13 22:00:00,0.0,0.0,48.36,46.0,32.11,33.393,90.0,3.0769999999999946,0.0
2006-07-13 23:00:00,0.0,0.0,46.53,42.8,28.35,32.284,85.39599999999999,0.0,0.0
2006-07-14 00:00:00,0.0,0.0,42.96,40.19,26.28,31.424,90.0,0.0,11.994
2006-07-14 01:00:00,0.0,0.0,42.88,37.89,24.45,31.236,73.98400000000001,0.0,0.0
2006-07-14 02:00:00,0.0,0.0,43.52,37.12,23.56,31.284,72.916,0.0,0.0
2006-07-14 03:00:00,0.0,0.0,45.46,38.01,23.11,32.098,90.0,0.0,15.518000000000015
2006-07-14 04:00:00,0.0,0.0,51.32,40.01,23.61,36.041000000000004,90.0,0.0,11.100999999999988
2006-07-14 05:00:00,0.0,0.0,56.66,43.46,28.05,48.343999999999994,79.826,0.0,0.0
2006-07-14 06:00:00,0.0,0.0,60.02,46.73,33.51,66.035,74.225,0.0,0.0
2006-07-14 07:00:00,0.0,0.0,61.73,49.19,37.31,80.02199999999999,68.20800000000001,0.0,0.0
2006-07-14 08:00:00,0.0,0.0,63.55,50.6,39.19,91.002,90.0,0.0,27.662000000000006
2006-07-14 09:00:00,0.0,0.0,65.06,51.65,39.85,98.94500000000001,57.614999999999995,0.0,0.0
2006-07-14 10:00:00,0.0,0.0,64.61,52.64,40.37,104.07499999999999,53.545,0.0,0.0
2006-07-14 11:00:00,0.0,0.0,63.55,51.69,40.55,107.221,48.56899999999999,0.0,0.0
2006-07-14 12:00:00,0.0,0.0,62.23,50.96,39.96,108.097,45.053000000000004,0.0,0.0
2006-07-14 13:00:00,0.0,0.0,61.28,49.7,39.3,105.61700000000002,90.0,0.0,45.337000000000025
2006-07-14 14:00:00,0.0,0.0,60.18,48.45,39.01,99.67200000000001,70.0,0.0,22.031999999999982
2006-07-14 15:00:00,0.0,0.0,59.88,47.77,39.9,90.49199999999999,90.0,0.0,32.94200000000001
2006-07-14 16:00:00,0.0,0.0,59.53,48.31,40.64,78.52,90.0,0.0,20.039999999999978
2006-07-14 17:00:00,0.0,0.0,58.66,48.44,40.25,65.04599999999999,90.0,0.0,7.695999999999998
2006-07-14 18:00:00,0.0,0.0,56.35,46.46,39.26,46.809,90.0,5.260999999999996,0.0
2006-07-14 19:00:00,0.0,0.0,54.26,45.41,37.87,25.3,90.0,22.239999999999995,0.0
2006-07-14 20:00:00,0.0,0.0,52.49,48.1,36.66,18.899,90.0,28.350999999999978,0.0
2006-07-14 21:00:00,0.0,0.0,48.7,49.15,35.03,19.491,90.0,23.389000000000006,0.0
2006-07-14 22:00:00,0.0,0.0,45.71,45.13,31.45,18.935000000000002,90.0,13.355000000000004,0.0
2006-07-14 23:00:00,0.0,0.0,43.89,41.92,27.68,17.772,90.0,5.718000000000014,0.0
2006-07-15 00:00:00,0.0,0.0,34.77,36.15,23.41,16.248,78.082,0.0,0.0
2006-07-15 01:00:00,0.0,0.0,34.69,33.85,21.58,14.915999999999999,75.20399999999998,0.0,0.0
2006-07-15 02:00:00,0.0,0.0,35.34,33.08,20.69,13.934000000000001,75.17599999999999,0.0,0.0
2006-07-15 03:00:00,0.0,0.0,37.28,33.98,20.24,13.224,90.0,0.0,11.724000000000004
2006-07-15 04:00:00,0.0,0.0,43.14,35.97,20.74,15.502,84.348,0.0,0.0
2006-07-15 05:00:00,0.0,0.0,48.47,39.42,25.18,24.372999999999998,88.69700000000002,0.0,0.0
2006-07-15 06:00:00,0.0,0.0,51.84,42.7,30.64,38.388000000000005,86.792,0.0,0.0
2006-07-15 07:00:00,0.0,0.0,53.54,45.15,34.43,52.40500000000001,90.0,0.0,9.285
2006-07-15 08:00:00,0.0,0.0,55.36,46.56,36.31,63.852,74.378,0.0,0.0
2006-07-15 09:00:00,0.0,0.0,56.87,47.61,36.97,72.95100000000001,90.0,0.0,21.501000000000005
2006-07-15 10:00:00,0.0,0.0,56.43,48.61,37.5,79.948,70.0,0.0,7.408000000000001
2006-07-15 11:00:00,0.0,0.0,55.36,47.65,37.67,84.186,90.0,0.0,33.505999999999986
2006-07-15 12:00:00,0.0,0.0,54.05,46.92,37.09,85.569,90.0,0.0,37.509
2006-07-15 13:00:00,0.0,0.0,53.09,45.66,36.43,83.73899999999999,90.0,0.0,38.558999999999976
2006-07-15 14:00:00,0.0,0.0,51.99,44.41,36.13,78.944,90.0,0.0,36.41399999999999
2006-07-15 15:00:00,0.0,0.0,51.69,43.73,37.03,71.045,61.40500000000001,0.0,0.0
2006-07-15 16:00:00,0.0,0.0,51.35,44.27,37.76,60.90999999999999,72.59372299168973,0.0,0.12372299168973948
2006-07-15 17:00:00,0.0,0.0,50.48,44.4,37.37,48.38399999999999,83.86599999999999,0.0,0.0
2006-07-15 18:00:00,0.0,0.0,48.16,42.42,36.38,31.776999999999997,90.0,5.183000000000007,0.0
2006-07-15 19:00:00,0.0,0.0,46.07,41.38,35.0,19.064,90.0,13.385999999999996,0.0
2006-07-15 20:00:00,0.0,0.0,44.31,44.06,33.79,17.312999999999995,90.0,14.847000000000005,0.0
2006-07-15 21:00:00,0.0,0.0,40.52,45.12,32.15,18.450000000000003,90.0,9.340000000000003,0.0
2006-07-15 22:00:00,0.0,0.0,37.53,41.09,28.57,17.534,89.656,0.0,0.0
2006-07-15 23:00:00,0.0,0.0,35.7,37.88,24.8,16.661,81.719,0.0,0.0
2006-07-16 00:00:00,0.0,0.0,31.0,35.28,22.57,14.966000000000001,73.884,0.0,0.0
2006-07-16 01:00:00,0.0,0.0,30.91,32.97,20.73,13.685,70.925,0.0,0.0
2006-07-16 02:00:00,0.0,0.0,31.56,32.2,19.85,12.940999999999999,90.0,0.0,19.331000000000007
2006-07-16 03:00:00,0.0,0.0,33.5,33.1,19.39,12.697,73.29299999999998,0.0,0.0
2006-07-16 04:00:00,0.0,0.0,39.36,35.09,19.9,15.298000000000002,79.05199999999999,0.0,0.0
2006-07-16 05:00:00,0.0,0.0,44.69,38.54,24.34,24.176000000000002,83.39399999999998,0.0,0.0
2006-07-16 06:00:00,0.0,0.0,48.06,41.82,29.8,37.291999999999994,82.388,0.0,0.0
2006-07-16 07:00:00,0.0,0.0,49.76,44.27,33.59,50.696,76.924,0.0,0.0
2006-07-16 08:00:00,0.0,0.0,51.58,45.68,35.47,65.148,70.0,0.0,2.4180000000000064
2006-07-16 09:00:00,0.0,0.0,53.1,46.73,36.13,75.808,60.151999999999965,0.0,0.0
2006-07-16 10:00:00,0.0,0.0,52.65,47.73,36.66,82.356,54.68399999999999,0.0,0.0
2006-07-16 11:00:00,0.0,0.0,51.58,46.78,36.83,86.17999999999999,90.0,0.0,40.989999999999995
2006-07-16 12:00:00,0.0,0.0,50.27,46.04,36.25,86.631,45.92900000000001,0.0,0.0
2006-07-16 13:00:00,0.0,0.0,49.32,44.78,35.59,83.19,46.5,0.0,0.0
2006-07-16 14:00:00,0.0,0.0,48.22,43.54,35.29,76.059,70.0,0.0,19.009000000000015
2006-07-16 15:00:00,0.0,0.0,47.92,42.86,36.19,65.555,61.41499999999999,0.0,0.0
2006-07-16 16:00:00,0.0,0.0,47.57,43.39,36.92,53.746999999999986,74.13300000000001,0.0,0.0
2006-07-16 17:00:00,0.0,0.0,46.7,43.52,36.53,39.783,86.96700000000001,0.0,0.0
2006-07-16 18:00:00,0.0,0.0,44.38,41.54,35.54,24.3,90.0,2.160000000000018,0.0
2006-07-16 19:00:00,0.0,0.0,42.29,40.5,34.16,13.802999999999999,93.03549500000011,5.111504999999907,0.0
2006-07-16 20:00:00,0.0,0.0,40.53,43.19,32.95,12.817,90.0,8.853000000000023,0.0
2006-07-16 21:00:00,0.0,0.0,36.74,44.24,31.31,14.027000000000001,90.0,3.2630000000000194,0.0
2006-07-16 22:00:00,0.0,0.0,33.75,40.21,27.73,13.571,90.0,0.0,6.880999999999986
2006-07-16 23:00:00,0.0,0.0,31.92,37.0,23.96,12.481000000000002,90.0,0.0,14.600999999999985
2006-07-17 00:00:00,0.0,0.0,42.57,42.9,24.6,11.027000000000001,94.043,0.0,0.0
2006-07-17 01:00:00,0.0,0.0,42.49,40.6,22.77,9.649000000000001,91.21100000000001,0.0,0.0
2006-07-17 02:00:00,0.0,0.0,43.13,39.83,21.88,8.651,90.0,1.1890000000000054,0.0
2006-07-17 03:00:00,0.0,0.0,45.07,40.72,21.43,7.958,90.0,4.2620000000000005,0.0
2006-07-17 04:00:00,0.0,0.0,50.93,42.72,21.93,8.850999999999999,90.0,11.729000000000008,0.0
2006-07-17 05:00:00,0.0,0.0,56.27,46.17,26.38,16.28,107.54000000000002,0.0,0.0
2006-07-17 06:00:00,0.0,0.0,59.63,49.44,31.84,26.531999999999996,109.37800000000001,0.0,0.0
2006-07-17 07:00:00,0.0,0.0,61.34,51.89,35.63,38.15,94.31199000000005,11.398009999999967,0.0
2006-07-17 08:00:00,0.0,0.0,63.16,53.31,37.51,49.279,99.701,0.0,0.0
2006-07-17 09:00:00,0.0,0.0,64.67,54.36,38.17,58.501000000000005,90.0,3.698999999999994,0.0
2006-07-17 10:00:00,0.0,0.0,64.22,55.35,38.7,65.32900000000001,90.0,0.0,2.059
2006-07-17 11:00:00,0.0,0.0,63.16,54.4,38.87,68.816,90.0,0.0,7.3859999999999815
2006-07-17 12:00:00,0.0,0.0,61.85,53.67,38.28,69.04599999999999,90.0,0.0,10.245999999999981
2006-07-17 13:00:00,0.0,0.0,60.89,52.4,37.62,65.778,90.0,0.0,9.867999999999999
2006-07-17 14:00:00,0.0,0.0,59.79,51.16,37.33,59.48499999999999,90.0,0.0,6.204999999999994
2006-07-17 15:00:00,0.0,0.0,59.49,50.48,38.22,50.094,93.096,0.0,0.0
2006-07-17 16:00:00,0.0,0.0,59.14,51.02,38.96,38.946,105.174,0.0,0.0
2006-07-17 17:00:00,0.0,0.0,58.27,51.15,38.57,26.927000000000003,116.06299999999999,0.0,0.0
2006-07-17 18:00:00,0.0,0.0,55.96,49.17,37.58,15.467999999999998,122.24199999999999,0.0,0.0
2006-07-17 19:00:00,0.0,0.0,53.87,48.12,36.2,7.274,90.0,35.91600000000001,0.0
2006-07-17 20:00:00,0.0,0.0,52.1,50.81,34.99,6.453,90.0,36.44700000000002,0.0
2006-07-17 21:00:00,0.0,0.0,48.31,51.86,33.35,6.885999999999999,121.634,0.0,0.0
2006-07-17 22:00:00,0.0,0.0,45.32,47.83,29.77,6.318,111.60200000000002,0.0,0.0
2006-07-17 23:00:00,0.0,0.0,43.5,44.63,26.0,5.369,103.76100000000001,0.0,0.0
2006-07-18 00:00:00,0.0,0.0,45.75,45.27,25.02,4.472,106.56800000000001,0.0,0.0
2006-07-18 01:00:00,0.0,0.0,45.67,42.97,23.19,4.091,102.739,0.0,0.0
2006-07-18 02:00:00,0.0,0.0,46.31,42.2,22.3,4.128,90.0,11.682000000000016,0.0
2006-07-18 03:00:00,0.0,0.0,48.25,43.09,21.85,4.247999999999999,103.94200000000001,0.0,0.0
2006-07-18 04:00:00,0.0,0.0,54.11,45.09,22.35,5.895,110.65500000000003,0.0,0.0
2006-07-18 05:00:00,0.0,0.0,59.45,48.54,26.79,13.938,115.84200000000003,0.0,0.0
2006-07-18 06:00:00,0.0,0.0,62.81,51.81,32.25,26.526,115.34400000000002,0.0,0.0
2006-07-18 07:00:00,0.0,0.0,64.52,54.27,36.04,37.536,112.29399999999998,0.0,0.0
2006-07-18 08:00:00,0.0,0.0,66.34,55.68,37.92,48.677,106.263,0.0,0.0
2006-07-18 09:00:00,0.0,0.0,67.85,56.73,38.59,58.477999999999994,99.692,0.0,0.0
2006-07-18 10:00:00,0.0,0.0,67.4,57.72,39.11,65.203,94.02699999999997,0.0,0.0
2006-07-18 11:00:00,0.0,0.0,66.34,56.77,39.28,68.563,90.0,0.0,1.1729999999999734
2006-07-18 12:00:00,0.0,0.0,65.02,56.04,38.7,68.80799999999999,90.0,0.0,4.047999999999988
2006-07-18 13:00:00,0.0,0.0,64.07,54.78,38.04,65.899,90.0,0.0,4.008999999999989
2006-07-18 14:00:00,0.0,0.0,62.97,53.53,37.75,60.715999999999994,90.0,0.0,1.4660000000000082
2006-07-18 15:00:00,0.0,0.0,62.67,52.85,38.64,53.81400000000001,95.346,0.0,0.0
2006-07-18 16:00:00,0.0,0.0,62.32,53.39,39.38,44.426,105.664,0.0,0.0
2006-07-18 17:00:00,0.0,0.0,61.45,53.52,38.99,32.999,110.0,5.961000000000013,0.0
2006-07-18 18:00:00,0.0,0.0,59.14,51.54,38.0,21.105,110.0,12.575000000000003,0.0
2006-07-18 19:00:00,0.0,0.0,57.05,50.49,36.61,13.973,115.0,10.177,0.0
2006-07-18 20:00:00,0.0,0.0,55.28,53.18,35.4,12.545,126.31500000000001,0.0,0.0
2006-07-18 21:00:00,0.0,0.0,51.49,54.23,33.76,13.622,120.85799999999998,0.0,0.0
2006-07-18 22:00:00,0.0,0.0,48.5,50.21,30.18,13.386000000000001,110.50399999999999,0.0,0.0
2006-07-18 23:00:00,0.0,0.0,46.68,47.0,26.42,13.108999999999998,101.99100000000001,0.0,0.0
2006-07-19 00:00:00,0.0,0.0,49.18,45.55,26.16,12.178,103.71199999999999,0.0,0.0
2006-07-19 01:00:00,0.0,0.0,49.09,43.25,24.32,11.425,100.23500000000001,0.0,0.0
2006-07-19 02:00:00,0.0,0.0,49.74,42.48,23.44,11.241999999999999,90.0,9.417999999999994,0.0
2006-07-19 03:00:00,0.0,0.0,51.68,43.38,22.98,11.701,101.33900000000001,0.0,0.0
2006-07-19 04:00:00,0.0,0.0,57.54,45.37,23.49,13.304,108.096,0.0,0.0
2006-07-19 05:00:00,0.0,0.0,62.88,48.82,27.93,21.618,110.0,3.012000000000006,0.0
2006-07-19 06:00:00,0.0,0.0,66.24,52.1,33.39,35.989999999999995,110.0,0.7399999999999949,0.0
2006-07-19 07:00:00,0.0,0.0,67.94,54.55,37.18,48.17700000000001,106.49300000000001,0.0,0.0
2006-07-19 08:00:00,0.0,0.0,69.76,55.96,39.06,60.439,99.341,0.0,0.0
2006-07-19 09:00:00,0.0,0.0,71.28,57.01,39.72,70.087,92.923,0.0,0.0
2006-07-19 10:00:00,0.0,0.0,70.83,58.01,40.25,77.65400000000001,90.0,0.0,3.563999999999993
2006-07-19 11:00:00,0.0,0.0,69.76,57.05,40.42,81.887,90.0,0.0,9.656999999999993
2006-07-19 12:00:00,0.0,0.0,68.45,56.32,39.84,83.648,90.0,0.0,14.037999999999982
2006-07-19 13:00:00,0.0,0.0,67.5,55.06,39.18,81.88600000000001,90.0,0.0,15.145999999999987
2006-07-19 14:00:00,0.0,0.0,66.4,53.81,38.88,76.461,90.0,0.0,12.370999999999997
2006-07-19 15:00:00,0.0,0.0,66.1,53.13,39.78,67.827,90.0,0.0,3.816999999999995
2006-07-19 16:00:00,0.0,0.0,65.75,53.67,40.51,55.013000000000005,99.91699999999997,0.0,0.0
2006-07-19 17:00:00,0.0,0.0,64.88,53.8,40.12,39.271,114.529,0.0,0.0
2006-07-19 18:00:00,0.0,0.0,62.56,51.82,39.13,24.066,115.0,9.444000000000017,0.0
2006-07-19 19:00:00,0.0,0.0,60.47,50.78,37.75,13.251000000000001,90.0,40.748999999999995,0.0
2006-07-19 20:00:00,0.0,0.0,58.71,53.46,36.54,11.911000000000001,131.79900000000004,0.0,0.0
2006-07-19 21:00:00,0.0,0.0,54.92,54.52,34.9,12.908000000000001,126.432,0.0,0.0
2006-07-19 22:00:00,0.0,0.0,51.93,50.49,31.32,12.796,115.0,0.9440000000000079,0.0
2006-07-19 23:00:00,0.0,0.0,50.1,47.28,27.55,12.14,107.78999999999999,0.0,0.0
2006-07-20 00:00:00,0.0,0.0,50.8,45.23,26.16,11.221,105.969,0.0,0.0
2006-07-20 01:00:00,0.0,0.0,50.72,42.93,24.32,10.87,102.10000000000001,0.0,0.0
2006-07-20 02:00:00,0.0,0.0,51.37,42.16,23.44,10.261,101.70899999999999,0.0,0.0
2006-07-20 03:00:00,0.0,0.0,53.31,43.06,22.98,9.67,104.68000000000002,0.0,0.0
2006-07-20 04:00:00,0.0,0.0,59.17,45.05,23.49,10.008999999999999,112.70100000000002,0.0,0.0
2006-07-20 05:00:00,0.0,0.0,64.5,48.5,27.93,15.498000000000001,110.0,10.432000000000016,0.0
2006-07-20 06:00:00,0.0,0.0,67.87,51.78,33.39,25.026,123.014,0.0,0.0
2006-07-20 07:00:00,0.0,0.0,69.57,54.23,37.18,34.808,110.0,11.171999999999997,0.0
2006-07-20 08:00:00,0.0,0.0,71.39,55.64,39.06,45.646,115.444,0.0,0.0
2006-07-20 09:00:00,0.0,0.0,72.91,56.69,39.72,55.745000000000005,108.575,0.0,0.0
2006-07-20 10:00:00,0.0,0.0,72.46,57.69,40.25,63.28099999999999,95.95673250000029,6.1622674999997225,0.0
2006-07-20 11:00:00,0.0,0.0,71.39,56.73,40.42,67.702,95.83800000000002,0.0,0.0
2006-07-20 12:00:00,0.0,0.0,70.08,56.0,39.84,68.91300000000001,92.007,0.0,0.0
2006-07-20 13:00:00,0.0,0.0,69.13,54.74,39.18,67.84899999999999,90.20100000000004,0.0,0.0
2006-07-20 14:00:00,0.0,0.0,68.03,53.5,38.88,63.84,91.57000000000001,0.0,0.0
2006-07-20 15:00:00,0.0,0.0,67.72,52.81,39.78,56.763000000000005,90.0,8.547000000000025,0.0
2006-07-20 16:00:00,0.0,0.0,67.38,53.35,40.51,47.358000000000004,108.882,0.0,0.0
2006-07-20 17:00:00,0.0,0.0,66.51,53.48,40.12,36.256,118.85400000000001,0.0,0.0
2006-07-20 18:00:00,0.0,0.0,64.19,51.5,39.13,23.802,115.0,11.018,0.0
2006-07-20 19:00:00,0.0,0.0,62.1,50.46,37.75,13.899,110.0,21.411,0.0
2006-07-20 20:00:00,0.0,0.0,60.34,53.15,36.54,10.877,115.0,19.153000000000006,0.0
2006-07-20 21:00:00,0.0,0.0,56.55,54.2,34.9,9.728,110.0,20.92200000000001,0.0
2006-07-20 22:00:00,0.0,0.0,53.56,50.17,31.32,8.863000000000001,121.18699999999998,0.0,0.0
2006-07-20 23:00:00,0.0,0.0,51.73,46.96,27.55,8.353,112.88699999999999,0.0,0.0
2006-07-21 00:00:00,0.0,0.0,48.13,47.48,25.58,7.939,108.251,0.0,0.0
2006-07-21 01:00:00,0.0,0.0,48.05,45.17,23.75,7.337999999999999,90.0,14.632000000000007,0.0
2006-07-21 02:00:00,0.0,0.0,48.69,44.4,22.86,6.231,104.719,0.0,0.0
2006-07-21 03:00:00,0.0,0.0,50.63,45.3,22.41,5.632000000000001,90.0,17.708,0.0
2006-07-21 04:00:00,0.0,0.0,56.49,47.29,22.91,7.473,114.21700000000001,0.0,0.0
2006-07-21 05:00:00,0.0,0.0,61.83,50.74,27.35,14.698,120.22200000000001,0.0,0.0
2006-07-21 06:00:00,0.0,0.0,65.19,54.02,32.81,26.032,120.988,0.0,0.0
2006-07-21 07:00:00,0.0,0.0,66.9,56.47,36.61,39.968,115.01200000000001,0.0,0.0
2006-07-21 08:00:00,0.0,0.0,68.72,57.88,38.49,52.251,90.0,17.839000000000027,0.0
2006-07-21 09:00:00,0.0,0.0,70.23,58.93,39.15,63.132000000000005,100.178,0.0,0.0
2006-07-21 10:00:00,0.0,0.0,69.78,59.93,39.67,72.27100000000002,92.10900000000001,0.0,0.0
2006-07-21 11:00:00,0.0,0.0,68.72,58.98,39.85,77.828,90.0,0.0,5.277999999999986
2006-07-21 12:00:00,0.0,0.0,67.4,58.24,39.26,79.29899999999998,90.0,0.0,9.398999999999972
2006-07-21 13:00:00,0.0,0.0,66.45,56.98,38.6,76.63,90.0,0.0,9.600000000000009
2006-07-21 14:00:00,0.0,0.0,65.35,55.74,38.31,70.03999999999999,90.0,0.0,5.63999999999999
2006-07-21 15:00:00,0.0,0.0,65.05,55.05,39.2,60.12500000000001,90.0,4.175000000000002,0.0
2006-07-21 16:00:00,0.0,0.0,64.7,55.59,39.94,48.346000000000004,106.884,0.0,0.0
2006-07-21 17:00:00,0.0,0.0,63.83,55.72,39.55,34.96,119.13999999999999,0.0,0.0
2006-07-21 18:00:00,0.0,0.0,61.52,53.74,38.56,18.442999999999998,130.377,0.0,0.0
2006-07-21 19:00:00,0.0,0.0,59.43,52.7,37.17,4.834999999999999,139.465,0.0,0.0
2006-07-21 20:00:00,0.0,0.0,57.66,55.39,35.96,3.8870000000000005,135.0,5.122999999999992,0.0
2006-07-21 21:00:00,0.0,0.0,53.87,56.44,34.33,4.670999999999999,134.969,0.0,0.0
2006-07-21 22:00:00,0.0,0.0,50.88,52.41,30.75,4.829,110.0,14.210999999999991,0.0
2006-07-21 23:00:00,0.0,0.0,49.06,49.2,26.98,4.432,115.808,0.0,0.0
2006-07-22 00:00:00,0.0,0.0,39.41,38.51,23.41,4.082,92.248,0.0,0.0
2006-07-22 01:00:00,0.0,0.0,39.33,36.21,21.58,3.9989999999999997,90.0,0.0,1.8789999999999907
2006-07-22 02:00:00,0.0,0.0,39.98,35.44,20.69,3.8209999999999997,90.0,0.0,2.7110000000000127
2006-07-22 03:00:00,0.0,0.0,41.92,36.33,20.24,3.708,90.0,0.0,0.21800000000000352
2006-07-22 04:00:00,0.0,0.0,47.78,38.33,20.74,5.317,96.53299999999999,0.0,0.0
2006-07-22 05:00:00,0.0,0.0,53.11,41.78,25.18,10.995999999999999,104.07400000000003,0.0,0.0
2006-07-22 06:00:00,0.0,0.0,56.48,45.05,30.64,21.628999999999998,105.541,0.0,0.0
2006-07-22 07:00:00,0.0,0.0,58.18,47.51,34.43,32.411,102.709,0.0,0.0
2006-07-22 08:00:00,0.0,0.0,60.0,48.92,36.31,43.596000000000004,96.63400000000001,0.0,0.0
2006-07-22 09:00:00,0.0,0.0,61.51,49.97,36.97,52.03,91.42000000000002,0.0,0.0
2006-07-22 10:00:00,0.0,0.0,61.06,50.96,37.5,56.043000000000006,90.0,0.0,1.5229999999999961
2006-07-22 11:00:00,0.0,0.0,60.0,50.01,37.67,57.083000000000006,90.0,0.0,4.403000000000006
2006-07-22 12:00:00,0.0,0.0,58.69,49.28,37.09,55.172,90.0,0.0,5.111999999999995
2006-07-22 13:00:00,0.0,0.0,57.73,48.02,36.43,50.93,90.0,0.0,3.75
2006-07-22 14:00:00,0.0,0.0,56.63,46.77,36.13,45.315,90.0,0.0,0.7849999999999824
2006-07-22 15:00:00,0.0,0.0,56.33,46.09,37.03,38.842,95.608,0.0,0.0
2006-07-22 16:00:00,0.0,0.0,55.98,46.63,37.76,31.321999999999996,104.04800000000002,0.0,0.0
2006-07-22 17:00:00,0.0,0.0,55.12,46.76,37.37,22.604999999999997,111.64500000000001,0.0,0.0
2006-07-22 18:00:00,0.0,0.0,52.8,44.78,36.38,13.315,90.0,25.644999999999982,0.0
2006-07-22 19:00:00,0.0,0.0,50.71,43.73,35.0,6.8629999999999995,117.577,0.0,0.0
2006-07-22 20:00:00,0.0,0.0,48.94,46.42,33.79,6.438,110.0,7.712000000000003,0.0
2006-07-22 21:00:00,0.0,0.0,45.15,47.48,32.15,8.204,111.57600000000001,0.0,0.0
2006-07-22 22:00:00,0.0,0.0,42.16,43.45,28.57,9.053,100.127,0.0,0.0
2006-07-22 23:00:00,0.0,0.0,40.34,40.24,24.8,9.254000000000001,91.126,0.0,0.0
2006-07-23 00:00:00,0.0,0.0,33.1,34.32,22.57,8.690000000000001,90.0,0.0,13.699999999999998
2006-07-23 01:00:00,0.0,0.0,33.02,32.02,20.73,8.201,90.0,0.0,17.430999999999983
2006-07-23 02:00:00,0.0,0.0,33.67,31.25,19.85,7.835,90.0,0.0,18.064999999999984
2006-07-23 03:00:00,0.0,0.0,35.61,32.15,19.39,7.663,90.0,0.0,15.512999999999991
2006-07-23 04:00:00,0.0,0.0,41.47,34.14,19.9,8.597999999999999,90.0,0.0,8.088000000000006
2006-07-23 05:00:00,0.0,0.0,46.8,37.59,24.34,15.262,90.0,0.0,1.5319999999999823
2006-07-23 06:00:00,0.0,0.0,50.17,40.87,29.8,27.072000000000003,90.0,0.0,1.2319999999999949
2006-07-23 07:00:00,0.0,0.0,51.87,43.32,33.59,39.002,90.0,0.0,5.22199999999998
2006-07-23 08:00:00,0.0,0.0,53.69,44.73,35.47,47.852000000000004,90.0,0.0,8.961999999999989
2006-07-23 09:00:00,0.0,0.0,55.2,45.78,36.13,55.757000000000005,90.0,0.0,13.646999999999984
2006-07-23 10:00:00,0.0,0.0,54.75,46.78,36.66,63.525999999999996,90.0,0.0,20.33599999999999
2006-07-23 11:00:00,0.0,0.0,53.69,45.82,36.83,69.338,90.0,0.0,27.99799999999999
2006-07-23 12:00:00,0.0,0.0,52.38,45.09,36.25,71.757,90.0,0.0,33.03699999999999
2006-07-23 13:00:00,0.0,0.0,51.42,43.83,35.59,71.39200000000001,90.0,0.0,35.55200000000001
2006-07-23 14:00:00,0.0,0.0,50.32,42.59,35.29,67.35,90.0,0.0,34.14999999999998
2006-07-23 15:00:00,0.0,0.0,50.02,41.9,36.19,61.192,90.0,0.0,28.082000000000008
2006-07-23 16:00:00,0.0,0.0,49.67,42.44,36.92,50.859,90.0,0.0,16.828999999999997
2006-07-23 17:00:00,0.0,0.0,48.81,42.57,36.53,38.833999999999996,90.0,0.0,5.923999999999995
2006-07-23 18:00:00,0.0,0.0,46.49,40.59,35.54,25.452,92.168,0.0,0.0
2006-07-23 19:00:00,0.0,0.0,44.4,39.55,34.16,13.571,90.0,9.538999999999987,0.0
2006-07-23 20:00:00,0.0,0.0,42.63,42.24,32.95,10.102,102.71800000000002,0.0,0.0
2006-07-23 21:00:00,0.0,0.0,38.84,43.29,31.31,10.436,92.62250250000025,5.3814974999997744,0.0
2006-07-23 22:00:00,0.0,0.0,35.85,39.26,27.73,10.112000000000002,90.0,0.0,2.2719999999999914
2006-07-23 23:00:00,0.0,0.0,34.03,36.05,23.96,9.292,90.0,0.0,10.251999999999995
2006-07-24 00:00:00,0.0,0.0,45.47,43.47,24.6,7.819,100.721,0.0,0.0
2006-07-24 01:00:00,0.0,0.0,45.39,41.17,22.77,6.572,97.758,0.0,0.0
2006-07-24 02:00:00,0.0,0.0,46.04,40.4,21.88,5.729000000000001,97.59100000000001,0.0,0.0
2006-07-24 03:00:00,0.0,0.0,47.98,41.29,21.43,4.998,100.702,0.0,0.0
2006-07-24 04:00:00,0.0,0.0,53.84,43.28,21.93,5.954000000000001,108.09600000000002,0.0,0.0
2006-07-24 05:00:00,0.0,0.0,59.17,46.74,26.38,12.476000000000003,110.0,4.813999999999988,0.0
2006-07-24 06:00:00,0.0,0.0,62.54,50.01,31.84,24.236000000000004,110.0,5.153999999999996,0.0
2006-07-24 07:00:00,0.0,0.0,64.24,52.46,35.63,36.254,110.0,1.0760000000000076,0.0
2006-07-24 08:00:00,0.0,0.0,66.06,53.88,37.51,47.236000000000004,105.214,0.0,0.0
2006-07-24 09:00:00,0.0,0.0,67.57,54.92,38.17,56.141000000000005,99.519,0.0,0.0
2006-07-24 10:00:00,0.0,0.0,67.13,55.92,38.7,63.799,92.95100000000001,0.0,0.0
2006-07-24 11:00:00,0.0,0.0,66.06,54.97,38.87,68.907,90.0,0.0,4.006999999999994
2006-07-24 12:00:00,0.0,0.0,64.75,54.24,38.28,70.429,90.0,0.0,8.158999999999978
2006-07-24 13:00:00,0.0,0.0,63.79,52.97,37.62,68.417,90.0,0.0,9.03699999999998
2006-07-24 14:00:00,0.0,0.0,62.69,51.73,37.33,62.282,90.0,0.0,5.531999999999982
2006-07-24 15:00:00,0.0,0.0,62.39,51.05,38.22,53.362,93.298,0.0,0.0
2006-07-24 16:00:00,0.0,0.0,62.05,51.59,38.96,42.166,105.43400000000003,0.0,0.0
2006-07-24 17:00:00,0.0,0.0,61.18,51.72,38.57,30.128,116.34200000000001,0.0,0.0
2006-07-24 18:00:00,0.0,0.0,58.86,49.74,37.58,16.63,110.0,14.550000000000004,0.0
2006-07-24 19:00:00,0.0,0.0,56.77,48.69,36.2,6.662,129.99800000000002,0.0,0.0
2006-07-24 20:00:00,0.0,0.0,55.01,51.38,34.99,5.861,130.519,0.0,0.0
2006-07-24 21:00:00,0.0,0.0,51.22,52.43,33.35,6.596,125.40400000000001,0.0,0.0
2006-07-24 22:00:00,0.0,0.0,48.23,48.4,29.77,6.311,115.089,0.0,0.0
2006-07-24 23:00:00,0.0,0.0,46.4,45.2,26.0,5.548,107.05199999999999,0.0,0.0
2006-07-25 00:00:00,0.0,0.0,48.61,47.27,25.02,4.695,111.205,0.0,0.0
2006-07-25 01:00:00,0.0,0.0,48.53,44.96,23.19,4.112,107.56800000000001,0.0,0.0
2006-07-25 02:00:00,0.0,0.0,49.17,44.2,22.3,3.7460000000000004,106.924,0.0,0.0
2006-07-25 03:00:00,0.0,0.0,51.11,45.09,21.85,3.6109999999999998,109.43900000000002,0.0,0.0
2006-07-25 04:00:00,0.0,0.0,56.97,47.08,22.35,5.042,90.0,26.358000000000004,0.0
2006-07-25 05:00:00,0.0,0.0,62.31,50.53,26.79,12.378,122.252,0.0,0.0
2006-07-25 06:00:00,0.0,0.0,65.67,53.81,32.25,23.4,123.33,0.0,0.0
2006-07-25 07:00:00,0.0,0.0,67.38,56.26,36.04,34.781000000000006,119.899,0.0,0.0
2006-07-25 08:00:00,0.0,0.0,69.2,57.67,37.92,45.090999999999994,114.69900000000001,0.0,0.0
2006-07-25 09:00:00,0.0,0.0,70.71,58.72,38.59,54.284000000000006,108.736,0.0,0.0
2006-07-25 10:00:00,0.0,0.0,70.26,59.72,39.11,61.405,102.685,0.0,0.0
2006-07-25 11:00:00,0.0,0.0,69.2,58.77,39.28,65.838,96.41200000000002,0.0,0.0
2006-07-25 12:00:00,0.0,0.0,67.89,58.04,38.7,66.74,92.89000000000001,0.0,0.0
2006-07-25 13:00:00,0.0,0.0,66.93,56.77,38.04,64.248,92.49199999999999,0.0,0.0
2006-07-25 14:00:00,0.0,0.0,65.83,55.53,37.75,58.489,95.62100000000001,0.0,0.0
2006-07-25 15:00:00,0.0,0.0,65.53,54.85,38.64,50.056,103.964,0.0,0.0
2006-07-25 16:00:00,0.0,0.0,65.18,55.38,39.38,39.19,115.75000000000001,0.0,0.0
2006-07-25 17:00:00,0.0,0.0,64.31,55.52,38.99,28.026999999999994,125.79299999999999,0.0,0.0
2006-07-25 18:00:00,0.0,0.0,62.0,53.53,38.0,17.919999999999998,110.0,20.610000000000007,0.0
2006-07-25 19:00:00,0.0,0.0,59.91,52.49,36.61,10.831,133.179,0.0,0.0
2006-07-25 20:00:00,0.0,0.0,58.14,55.18,35.4,11.706,90.0,42.013999999999996,0.0
2006-07-25 21:00:00,0.0,0.0,54.35,56.23,33.76,12.105,127.23500000000001,0.0,0.0
2006-07-25 22:00:00,0.0,0.0,51.36,52.2,30.18,10.766,117.97400000000002,0.0,0.0
2006-07-25 23:00:00,0.0,0.0,49.54,48.99,26.42,9.061,110.88900000000001,0.0,0.0
2006-07-26 00:00:00,0.0,0.0,50.73,48.23,26.16,7.004,113.116,0.0,0.0
2006-07-26 01:00:00,0.0,0.0,50.65,45.93,24.32,5.179,110.72099999999999,0.0,0.0
2006-07-26 02:00:00,0.0,0.0,51.29,45.16,23.44,3.984,110.90599999999999,0.0,0.0
2006-07-26 03:00:00,0.0,0.0,53.23,46.06,22.98,3.271,113.999,0.0,0.0
2006-07-26 04:00:00,0.0,0.0,59.09,48.05,23.49,4.090000000000001,121.53999999999999,0.0,0.0
2006-07-26 05:00:00,0.0,0.0,64.43,51.5,27.93,10.086000000000002,128.77400000000003,0.0,0.0
2006-07-26 06:00:00,0.0,0.0,67.79,54.78,33.39,18.708,132.25200000000004,0.0,0.0
2006-07-26 07:00:00,0.0,0.0,69.5,57.23,37.18,28.201,130.0,0.7090000000000032,0.0
2006-07-26 08:00:00,0.0,0.0,71.32,58.64,39.06,39.367,124.65299999999999,0.0,0.0
2006-07-26 09:00:00,0.0,0.0,72.83,59.69,39.72,48.864999999999995,118.375,0.0,0.0
2006-07-26 10:00:00,0.0,0.0,72.38,60.69,40.25,55.080999999999996,113.239,0.0,0.0
2006-07-26 11:00:00,0.0,0.0,71.32,59.73,40.42,59.138999999999996,107.33099999999999,0.0,0.0
2006-07-26 12:00:00,0.0,0.0,70.01,59.0,39.84,61.39500000000001,102.45500000000001,0.0,0.0
2006-07-26 13:00:00,0.0,0.0,69.05,57.74,39.18,59.938,101.032,0.0,0.0
2006-07-26 14:00:00,0.0,0.0,67.95,56.49,38.88,54.82300000000001,103.497,0.0,0.0
2006-07-26 15:00:00,0.0,0.0,67.65,55.81,39.78,47.593,110.0,0.6470000000000091,0.0
2006-07-26 16:00:00,0.0,0.0,67.3,56.35,40.51,37.624,121.536,0.0,0.0
2006-07-26 17:00:00,0.0,0.0,66.43,56.48,40.12,27.07,130.96,0.0,0.0
2006-07-26 18:00:00,0.0,0.0,64.12,54.5,39.13,16.599999999999998,136.15,0.0,0.0
2006-07-26 19:00:00,0.0,0.0,62.03,53.46,37.75,7.987,140.25300000000001,0.0,0.0
2006-07-26 20:00:00,0.0,0.0,60.26,56.14,36.54,7.663,135.0,5.276999999999987,0.0
2006-07-26 21:00:00,0.0,0.0,56.47,57.2,34.9,8.799,134.771,0.0,0.0
2006-07-26 22:00:00,0.0,0.0,53.48,53.17,31.32,8.107,124.863,0.0,0.0
2006-07-26 23:00:00,0.0,0.0,51.66,49.96,27.55,6.859999999999999,117.31000000000002,0.0,0.0
2006-07-27 00:00:00,0.0,0.0,50.55,44.24,26.16,5.928000000000001,110.02199999999999,0.0,0.0
2006-07-27 01:00:00,0.0,0.0,50.47,41.94,24.32,5.167,106.56300000000002,0.0,0.0
2006-07-27 02:00:00,0.0,0.0,51.11,41.17,23.44,4.75,105.97000000000003,0.0,0.0
2006-07-27 03:00:00,0.0,0.0,53.05,42.06,22.98,3.689,109.40100000000001,0.0,0.0
2006-07-27 04:00:00,0.0,0.0,58.91,44.05,23.49,4.664000000000001,116.786,0.0,0.0
2006-07-27 05:00:00,0.0,0.0,64.25,47.51,27.93,10.098,124.59200000000001,0.0,0.0
2006-07-27 06:00:00,0.0,0.0,67.61,50.78,33.39,19.712000000000003,127.068,0.0,0.0
2006-07-27 07:00:00,0.0,0.0,69.32,53.23,37.18,29.904,124.826,0.0,0.0
2006-07-27 08:00:00,0.0,0.0,71.14,54.65,39.06,40.632999999999996,119.21700000000001,0.0,0.0
2006-07-27 09:00:00,0.0,0.0,72.65,55.69,39.72,50.49300000000001,112.567,0.0,0.0
2006-07-27 10:00:00,0.0,0.0,72.2,56.69,40.25,57.489,106.65100000000001,0.0,0.0
2006-07-27 11:00:00,0.0,0.0,71.14,55.74,40.42,61.338,100.96200000000002,0.0,0.0
2006-07-27 12:00:00,0.0,0.0,69.83,55.01,39.84,61.419,98.26100000000001,0.0,0.0
2006-07-27 13:00:00,0.0,0.0,68.87,53.74,39.18,58.99499999999999,97.79500000000002,0.0,0.0
2006-07-27 14:00:00,0.0,0.0,67.77,52.5,38.88,54.476,99.674,0.0,0.0
2006-07-27 15:00:00,0.0,0.0,67.47,51.82,39.78,47.75200000000001,106.318,0.0,0.0
2006-07-27 16:00:00,0.0,0.0,67.12,52.36,40.51,39.591,110.0,5.3989999999999725,0.0
2006-07-27 17:00:00,0.0,0.0,66.25,52.49,40.12,30.637999999999998,123.22200000000001,0.0,0.0
2006-07-27 18:00:00,0.0,0.0,63.94,50.5,39.13,20.612,127.95800000000003,0.0,0.0
2006-07-27 19:00:00,0.0,0.0,61.85,49.46,37.75,9.787999999999998,90.0,44.27200000000002,0.0
2006-07-27 20:00:00,0.0,0.0,60.08,52.15,36.54,8.652,135.0,0.11800000000001098,0.0
2006-07-27 21:00:00,0.0,0.0,56.29,53.2,34.9,9.101,130.289,0.0,0.0
2006-07-27 22:00:00,0.0,0.0,53.3,49.17,31.32,8.794,119.99599999999998,0.0,0.0
2006-07-27 23:00:00,0.0,0.0,51.48,45.97,27.55,8.305,90.0,21.69499999999999,0.0
2006-07-28 00:00:00,0.0,0.0,44.81,39.3,25.58,8.029,96.661,0.0,0.0
2006-07-28 01:00:00,0.0,0.0,44.73,37.0,23.75,7.25,93.23,0.0,0.0
2006-07-28 02:00:00,0.0,0.0,45.38,36.23,22.86,6.737,92.733,0.0,0.0
2006-07-28 03:00:00,0.0,0.0,47.32,37.13,22.41,6.148,90.0,5.712000000000012,0.0
2006-07-28 04:00:00,0.0,0.0,53.18,39.12,22.91,6.738999999999999,90.0,13.470999999999991,0.0
2006-07-28 05:00:00,0.0,0.0,58.51,42.57,27.35,11.261000000000001,110.0,2.1689999999999827,0.0
2006-07-28 06:00:00,0.0,0.0,61.88,45.85,32.81,22.293,113.24700000000001,0.0,0.0
2006-07-28 07:00:00,0.0,0.0,63.58,48.3,36.61,33.968,109.52199999999999,0.0,0.0
2006-07-28 08:00:00,0.0,0.0,65.4,49.71,38.49,42.995999999999995,105.60400000000001,0.0,0.0
2006-07-28 09:00:00,0.0,0.0,66.91,50.76,39.15,49.666,102.154,0.0,0.0
2006-07-28 10:00:00,0.0,0.0,66.46,51.76,39.67,54.27,98.61999999999999,0.0,0.0
2006-07-28 11:00:00,0.0,0.0,65.4,50.8,39.85,56.098,94.952,0.0,0.0
2006-07-28 12:00:00,0.0,0.0,64.09,50.07,39.26,55.016999999999996,93.403,0.0,0.0
2006-07-28 13:00:00,0.0,0.0,63.13,48.81,38.6,52.342,93.19800000000001,0.0,0.0
2006-07-28 14:00:00,0.0,0.0,62.03,47.56,38.31,47.290000000000006,95.61,0.0,0.0
2006-07-28 15:00:00,0.0,0.0,61.73,46.88,39.2,39.995000000000005,102.815,0.0,0.0
2006-07-28 16:00:00,0.0,0.0,61.38,47.42,39.94,30.567,113.173,0.0,0.0
2006-07-28 17:00:00,0.0,0.0,60.52,47.55,39.55,20.464,110.0,12.156000000000006,0.0
2006-07-28 18:00:00,0.0,0.0,58.2,45.57,38.56,11.958,108.88400000000004,16.48799999999996,0.0
2006-07-28 19:00:00,0.0,0.0,56.11,44.52,37.17,5.271000000000001,127.52900000000001,0.0,0.0
2006-07-28 20:00:00,0.0,0.0,54.34,47.21,35.96,4.064,90.0,38.44600000000001,0.0
2006-07-28 21:00:00,0.0,0.0,50.55,48.27,34.33,5.071,110.0,13.079000000000006,0.0
2006-07-28 22:00:00,0.0,0.0,47.56,44.24,30.75,5.719999999999999,110.0,1.8300000000000267,0.0
2006-07-28 23:00:00,0.0,0.0,45.74,41.03,26.98,5.655,103.09500000000001,0.0,0.0
2006-07-29 00:00:00,0.0,0.0,34.77,34.21,23.41,5.311,90.0,0.0,2.9209999999999923
2006-07-29 01:00:00,0.0,0.0,34.69,31.9,21.58,5.048,90.0,0.0,6.877999999999986
2006-07-29 02:00:00,0.0,0.0,35.34,31.13,20.69,5.08,90.0,0.0,7.920000000000016
2006-07-29 03:00:00,0.0,0.0,37.28,32.03,20.24,5.746,84.33098337950139,0.0,0.5269833795013937
2006-07-29 04:00:00,0.0,0.0,43.14,34.02,20.74,7.440999999999999,90.0,0.4590000000000106,0.0
2006-07-29 05:00:00,0.0,0.0,48.47,37.47,25.18,14.121,90.0,6.998999999999994,0.0
2006-07-29 06:00:00,0.0,0.0,51.84,40.75,30.64,26.487000000000005,90.0,6.7429999999999914,0.0
2006-07-29 07:00:00,0.0,0.0,53.54,43.2,34.43,38.904,90.0,2.2660000000000053,0.0
2006-07-29 08:00:00,0.0,0.0,55.36,44.61,36.31,51.025,85.25500000000001,0.0,0.0
2006-07-29 09:00:00,0.0,0.0,56.87,45.66,36.97,62.02799999999999,77.47199999999998,0.0,0.0
2006-07-29 10:00:00,0.0,0.0,56.43,46.66,37.5,70.89699999999999,69.69299999999998,0.0,0.0
2006-07-29 11:00:00,0.0,0.0,55.36,45.71,37.67,78.065,70.0,0.0,9.324999999999985
2006-07-29 12:00:00,0.0,0.0,54.05,44.97,37.09,80.832,55.278,0.0,0.0
2006-07-29 13:00:00,0.0,0.0,53.09,43.71,36.43,77.898,55.332000000000015,0.0,0.0
2006-07-29 14:00:00,0.0,0.0,51.99,42.47,36.13,72.62400000000001,76.70151523545705,0.0,18.735515235457044
2006-07-29 15:00:00,0.0,0.0,51.69,41.78,37.03,65.614,70.0,0.0,5.114000000000004
2006-07-29 16:00:00,0.0,0.0,51.35,42.32,37.76,58.433,72.99699999999999,0.0,0.0
2006-07-29 17:00:00,0.0,0.0,50.48,42.45,37.37,48.75,81.55000000000001,0.0,0.0
2006-07-29 18:00:00,0.0,0.0,48.16,40.47,36.38,34.994,90.0,0.01599999999998758,0.0
2006-07-29 19:00:00,0.0,0.0,46.07,39.43,35.0,24.066,90.0,6.433999999999987,0.0
2006-07-29 20:00:00,0.0,0.0,44.31,42.12,33.79,18.267000000000003,90.0,11.953,0.0
2006-07-29 21:00:00,0.0,0.0,40.52,43.17,32.15,15.819,90.0,10.020999999999994,0.0
2006-07-29 22:00:00,0.0,0.0,37.53,39.14,28.57,13.724,90.0,1.5160000000000053,0.0
2006-07-29 23:00:00,0.0,0.0,35.7,35.93,24.8,12.892000000000003,83.53799999999998,0.0,0.0
2006-07-30 00:00:00,0.0,0.0,32.78,32.6,22.57,12.017999999999999,75.932,0.0,0.0
2006-07-30 01:00:00,0.0,0.0,32.69,30.3,20.73,11.770999999999999,71.94899999999998,0.0,0.0
2006-07-30 02:00:00,0.0,0.0,33.34,29.53,19.85,11.028,71.692,0.0,0.0
2006-07-30 03:00:00,0.0,0.0,35.28,30.43,19.39,10.965,74.13499999999999,0.0,0.0
2006-07-30 04:00:00,0.0,0.0,41.14,32.42,19.9,12.449000000000002,81.01100000000001,0.0,0.0
2006-07-30 05:00:00,0.0,0.0,46.48,35.87,24.34,19.01,87.68,0.0,0.0
2006-07-30 06:00:00,0.0,0.0,49.84,39.15,29.8,30.086,88.70399999999998,0.0,0.0
2006-07-30 07:00:00,0.0,0.0,51.55,41.6,33.59,43.79400000000001,82.946,0.0,0.0
2006-07-30 08:00:00,0.0,0.0,53.36,43.01,35.47,58.125,73.71499999999999,0.0,0.0
2006-07-30 09:00:00,0.0,0.0,54.88,44.06,36.13,71.571,63.498999999999995,0.0,0.0
2006-07-30 10:00:00,0.0,0.0,54.43,45.06,36.66,82.753,53.39699999999999,0.0,0.0
2006-07-30 11:00:00,0.0,0.0,53.37,44.1,36.83,90.08100000000002,70.0,0.0,25.781000000000013
2006-07-30 12:00:00,0.0,0.0,52.05,43.37,36.25,91.622,40.047999999999995,0.0,0.0
2006-07-30 13:00:00,0.0,0.0,51.1,42.11,35.59,88.775,40.02499999999999,0.0,0.0
2006-07-30 14:00:00,0.0,0.0,50.0,40.86,35.29,82.678,43.471999999999994,0.0,0.0
2006-07-30 15:00:00,0.0,0.0,49.7,40.18,36.19,73.67999999999999,70.0,0.0,17.60999999999999
2006-07-30 16:00:00,0.0,0.0,49.35,40.72,36.92,62.654999999999994,64.33500000000001,0.0,0.0
2006-07-30 17:00:00,0.0,0.0,48.48,40.85,36.53,50.068,75.792,0.0,0.0
2006-07-30 18:00:00,0.0,0.0,46.17,38.87,35.54,36.972,83.60799999999999,0.0,0.0
2006-07-30 19:00:00,0.0,0.0,44.08,37.83,34.16,26.723000000000003,89.347,0.0,0.0
2006-07-30 20:00:00,0.0,0.0,42.31,40.51,32.95,25.462000000000003,90.0,0.3079999999999963,0.0
2006-07-30 21:00:00,0.0,0.0,38.52,41.57,31.31,27.858,83.542,0.0,0.0
2006-07-30 22:00:00,0.0,0.0,35.53,37.54,27.73,29.723,71.07700000000003,0.0,0.0
2006-07-30 23:00:00,0.0,0.0,33.7,34.33,23.96,30.032000000000004,61.958,0.0,0.0
2006-07-31 00:00:00,0.0,0.0,42.57,38.64,24.6,28.965000000000003,76.84500000000001,0.0,0.0
2006-07-31 01:00:00,0.0,0.0,42.49,36.34,22.77,28.531000000000002,73.06899999999999,0.0,0.0
2006-07-31 02:00:00,0.0,0.0,43.13,35.57,21.88,27.119,73.461,0.0,0.0
2006-07-31 03:00:00,0.0,0.0,45.07,36.46,21.43,26.049,90.0,0.0,13.088999999999999
2006-07-31 04:00:00,0.0,0.0,50.93,38.46,21.93,24.121999999999996,87.19800000000001,0.0,0.0
2006-07-31 05:00:00,0.0,0.0,56.27,41.91,26.38,32.777,90.0,1.7830000000000013,0.0
2006-07-31 06:00:00,0.0,0.0,59.63,45.18,31.84,48.855000000000004,90.0,0.0,2.204999999999977
2006-07-31 07:00:00,0.0,0.0,61.34,47.64,35.63,67.667,76.943,0.0,0.0
2006-07-31 08:00:00,0.0,0.0,63.16,49.05,37.51,83.017,66.70299999999999,0.0,0.0
2006-07-31 09:00:00,0.0,0.0,64.67,50.1,38.17,94.996,57.944,0.0,0.0
2006-07-31 10:00:00,0.0,0.0,64.22,51.09,38.7,103.21600000000001,50.79400000000001,0.0,0.0
2006-07-31 11:00:00,0.0,0.0,63.16,50.14,38.87,109.20400000000001,42.96599999999999,0.0,0.0
2006-07-31 12:00:00,0.0,0.0,61.85,49.41,38.28,109.71000000000001,50.0,0.0,10.170000000000002
2006-07-31 13:00:00,0.0,0.0,60.89,48.15,37.62,104.86699999999999,41.793,0.0,0.0
2006-07-31 14:00:00,0.0,0.0,59.79,46.9,37.33,96.856,90.0,0.0,42.83600000000001
2006-07-31 15:00:00,0.0,0.0,59.49,46.22,38.22,86.973,70.0,0.0,13.043
2006-07-31 16:00:00,0.0,0.0,59.14,46.76,38.96,74.53699999999999,70.32300000000001,0.0,0.0
2006-07-31 17:00:00,0.0,0.0,58.27,46.89,38.57,60.45799999999999,83.27199999999999,0.0,0.0
2006-07-31 18:00:00,0.0,0.0,55.96,44.91,37.58,44.073,90.0,4.376999999999999,0.0
2006-07-31 19:00:00,0.0,0.0,53.87,43.86,36.2,30.19,90.0,13.739999999999995,0.0
2006-07-31 20:00:00,0.0,0.0,52.1,46.55,34.99,28.134999999999998,90.0,15.505000000000015,0.0
2006-07-31 21:00:00,0.0,0.0,48.31,47.61,33.35,28.831,90.0,10.439000000000007,0.0
2006-07-31 22:00:00,0.0,0.0,45.32,43.58,29.77,27.730000000000004,90.0,0.9399999999999871,0.0
2006-07-31 23:00:00,0.0,0.0,43.5,40.37,26.0,26.419,83.45100000000002,0.0,0.0
2006-08-01 00:00:00,0.0,0.0,44.34,39.6,25.44,25.9,83.48,0.0,0.0
2006-08-01 01:00:00,0.0,0.0,44.25,37.3,23.6,24.878999999999998,80.271,0.0,0.0
2006-08-01 02:00:00,0.0,0.0,44.9,36.53,22.71,23.965999999999998,80.17400000000002,0.0,0.0
2006-08-01 03:00:00,0.0,0.0,46.84,37.43,22.26,23.8,82.73000000000002,0.0,0.0
2006-08-01 04:00:00,0.0,0.0,52.7,39.42,22.76,25.491000000000003,89.389,0.0,0.0
2006-08-01 05:00:00,0.0,0.0,58.04,42.87,27.21,34.341,90.0,3.778999999999986,0.0
2006-08-01 06:00:00,0.0,0.0,61.4,46.15,32.67,47.28900000000001,90.0,2.930999999999983,0.0
2006-08-01 07:00:00,0.0,0.0,63.1,48.6,36.46,65.89,82.27000000000002,0.0,0.0
2006-08-01 08:00:00,0.0,0.0,64.92,50.01,38.34,84.57499999999999,68.69500000000002,0.0,0.0
2006-08-01 09:00:00,0.0,0.0,66.44,51.06,39.0,97.094,59.40599999999999,0.0,0.0
2006-08-01 10:00:00,0.0,0.0,65.99,52.06,39.53,107.838,50.0,0.0,0.25800000000000267
2006-08-01 11:00:00,0.0,0.0,64.92,51.1,39.7,113.10600000000001,42.614,0.0,0.0
2006-08-01 12:00:00,0.0,0.0,63.61,50.37,39.12,114.83600000000001,70.0,0.0,31.736000000000008
2006-08-01 13:00:00,0.0,0.0,62.66,49.11,38.46,114.108,36.122,0.0,0.0
2006-08-01 14:00:00,0.0,0.0,61.56,47.86,38.16,111.01499999999999,36.565,0.0,0.0
2006-08-01 15:00:00,0.0,0.0,61.26,47.18,39.06,104.981,42.519,0.0,0.0
2006-08-01 16:00:00,0.0,0.0,60.91,47.72,39.79,95.887,52.53299999999999,0.0,0.0
2006-08-01 17:00:00,0.0,0.0,60.04,47.85,39.4,84.12200000000001,63.168,0.0,0.0
2006-08-01 18:00:00,0.0,0.0,57.72,45.87,38.41,68.36,73.63999999999999,0.0,0.0
2006-08-01 19:00:00,0.0,0.0,55.64,44.83,37.03,56.19800000000001,81.30199999999998,0.0,0.0
2006-08-01 20:00:00,0.0,0.0,53.87,47.51,35.82,56.105000000000004,81.09499999999997,0.0,0.0
2006-08-01 21:00:00,0.0,0.0,50.08,48.57,34.18,58.611999999999995,74.21799999999999,0.0,0.0
2006-08-01 22:00:00,0.0,0.0,47.09,44.54,30.6,58.334,63.896,0.0,0.0
2006-08-01 23:00:00,0.0,0.0,45.26,41.33,26.83,59.259,54.16099999999999,0.0,0.0
2006-08-02 00:00:00,0.0,0.0,44.79,40.04,26.78,58.70099999999999,52.909000000000006,0.0,0.0
2006-08-02 01:00:00,0.0,0.0,44.71,37.73,24.95,57.005,90.0,0.0,39.615000000000016
2006-08-02 02:00:00,0.0,0.0,45.36,36.96,24.06,56.33800000000001,50.042,0.0,0.0
2006-08-02 03:00:00,0.0,0.0,47.3,37.86,23.61,56.242000000000004,52.528000000000006,0.0,0.0
2006-08-02 04:00:00,0.0,0.0,53.16,39.85,24.11,56.603,70.0,0.0,9.483000000000004
2006-08-02 05:00:00,0.0,0.0,58.49,43.3,28.56,64.797,65.55299999999998,0.0,0.0
2006-08-02 06:00:00,0.0,0.0,61.86,46.58,34.02,86.273,70.0,0.0,13.813000000000002
2006-08-02 07:00:00,0.0,0.0,63.56,49.03,37.81,101.84700000000001,48.553,0.0,0.0
2006-08-02 08:00:00,0.0,0.0,65.38,50.44,39.69,113.52799999999999,70.0,0.0,28.018000000000008
2006-08-02 09:00:00,0.0,0.0,66.9,51.49,40.35,121.296,50.0,0.0,12.55599999999999
2006-08-02 10:00:00,0.0,0.0,66.45,52.49,40.88,124.46300000000002,70.0,0.0,34.64299999999999
2006-08-02 11:00:00,0.0,0.0,65.38,51.53,41.05,125.505,32.454999999999984,0.0,0.0
2006-08-02 12:00:00,0.0,0.0,64.07,50.8,40.46,124.42500000000001,30.904999999999987,0.0,0.0
2006-08-02 13:00:00,0.0,0.0,63.12,49.54,39.8,121.15299999999999,90.0,0.0,58.69300000000001
2006-08-02 14:00:00,0.0,0.0,62.02,48.3,39.51,114.553,57.13187811634343,0.0,21.854878116343457
2006-08-02 15:00:00,0.0,0.0,61.72,47.61,40.4,105.052,44.678,0.0,0.0
2006-08-02 16:00:00,0.0,0.0,61.37,48.15,41.14,94.084,56.576,0.0,0.0
2006-08-02 17:00:00,0.0,0.0,60.5,48.28,40.75,80.22500000000001,69.30499999999998,0.0,0.0
2006-08-02 18:00:00,0.0,0.0,58.18,46.3,39.76,59.103,85.137,0.0,0.0
2006-08-02 19:00:00,0.0,0.0,56.09,45.26,38.38,45.869,90.0,3.86099999999999,0.0
2006-08-02 20:00:00,0.0,0.0,54.33,47.95,37.17,42.449,90.0,7.001000000000011,0.0
2006-08-02 21:00:00,0.0,0.0,50.54,49.0,35.53,41.854,90.0,3.216000000000008,0.0
2006-08-02 22:00:00,0.0,0.0,47.55,44.97,31.95,40.80800000000001,83.66199999999999,0.0,0.0
2006-08-02 23:00:00,0.0,0.0,45.72,41.76,28.18,37.513000000000005,78.14699999999999,0.0,0.0
2006-08-03 00:00:00,0.0,0.0,44.33,40.04,26.38,33.815,76.93499999999999,0.0,0.0
2006-08-03 01:00:00,0.0,0.0,44.25,37.74,24.56,31.462999999999997,75.08700000000002,0.0,0.0
2006-08-03 02:00:00,0.0,0.0,44.9,36.96,23.67,30.123000000000005,75.40700000000001,0.0,0.0
2006-08-03 03:00:00,0.0,0.0,46.84,37.86,23.22,29.049,78.87100000000001,0.0,0.0
2006-08-03 04:00:00,0.0,0.0,52.69,39.86,23.71,28.267,87.99300000000001,0.0,0.0
2006-08-03 05:00:00,0.0,0.0,58.02,43.32,28.13,32.872,90.0,6.598000000000013,0.0
2006-08-03 06:00:00,0.0,0.0,61.39,46.59,33.59,43.361000000000004,90.0,8.208999999999982,0.0
2006-08-03 07:00:00,0.0,0.0,63.09,49.03,37.39,55.473,90.0,4.03700000000002,0.0
2006-08-03 08:00:00,0.0,0.0,64.91,50.44,39.27,67.29899999999999,87.32100000000001,0.0,0.0
2006-08-03 09:00:00,0.0,0.0,66.42,51.48,39.94,76.91099999999999,82.47472853185593,0.0,1.5457285318559182
2006-08-03 10:00:00,0.0,0.0,65.98,52.47,40.46,83.95499999999998,74.955,0.0,0.0
2006-08-03 11:00:00,0.0,0.0,64.91,51.52,40.63,88.549,70.0,0.0,1.48899999999999
2006-08-03 12:00:00,0.0,0.0,63.6,50.78,40.06,89.78999999999999,70.0,0.0,5.349999999999994
2006-08-03 13:00:00,0.0,0.0,62.64,49.51,39.4,88.11999999999999,70.0,0.0,6.569999999999993
2006-08-03 14:00:00,0.0,0.0,61.55,48.27,39.11,83.079,70.0,0.0,4.1489999999999725
2006-08-03 15:00:00,0.0,0.0,61.25,47.59,40.0,76.134,72.706,0.0,0.0
2006-08-03 16:00:00,0.0,0.0,60.93,48.15,40.76,67.304,82.536,0.0,0.0
2006-08-03 17:00:00,0.0,0.0,60.08,48.32,40.4,56.986000000000004,90.0,1.813999999999993,0.0
2006-08-03 18:00:00,0.0,0.0,57.77,46.35,39.42,46.24999999999999,90.0,7.290000000000013,0.0
2006-08-03 19:00:00,0.0,0.0,55.66,45.29,38.03,36.052,90.0,12.927999999999997,0.0
2006-08-03 20:00:00,0.0,0.0,53.87,47.93,36.8,31.792,90.0,16.807999999999993,0.0
2006-08-03 21:00:00,0.0,0.0,50.09,48.98,35.13,30.936999999999998,90.0,13.262999999999977,0.0
2006-08-03 22:00:00,0.0,0.0,47.1,44.97,31.54,29.059000000000005,90.0,4.550999999999991,0.0
2006-08-03 23:00:00,0.0,0.0,45.27,41.77,27.78,27.249000000000002,87.57100000000001,0.0,0.0
2006-08-04 00:00:00,0.0,0.0,42.95,39.31,25.56,25.314,82.50600000000001,0.0,0.0
2006-08-04 01:00:00,0.0,0.0,42.87,37.01,23.75,23.229,80.401,0.0,0.0
2006-08-04 02:00:00,0.0,0.0,43.52,36.23,22.86,22.069000000000003,80.541,0.0,0.0
2006-08-04 03:00:00,0.0,0.0,45.47,37.12,22.41,21.854,83.14599999999999,0.0,0.0
2006-08-04 04:00:00,0.0,0.0,51.3,39.15,22.9,21.418,90.0,1.9320000000000057,0.0
2006-08-04 05:00:00,0.0,0.0,56.63,42.6,27.29,25.715000000000003,90.0,10.805,0.0
2006-08-04 06:00:00,0.0,0.0,60.0,45.87,32.75,37.353,90.0,11.267000000000003,0.0
2006-08-04 07:00:00,0.0,0.0,61.7,48.3,36.56,52.223,90.0,4.337000000000003,0.0
2006-08-04 08:00:00,0.0,0.0,63.51,49.7,38.45,59.081999999999994,90.0,2.578000000000003,0.0
2006-08-04 09:00:00,0.0,0.0,65.02,50.73,39.12,62.525999999999996,90.0,2.343999999999994,0.0
2006-08-04 10:00:00,0.0,0.0,64.59,51.72,39.64,65.11,90.0,0.8400000000000176,0.0
2006-08-04 11:00:00,0.0,0.0,63.52,50.77,39.81,66.55000000000001,87.55000000000001,0.0,0.0
2006-08-04 12:00:00,0.0,0.0,62.21,50.03,39.24,67.639,83.84100000000001,0.0,0.0
2006-08-04 13:00:00,0.0,0.0,61.25,48.75,38.59,66.732,81.858,0.0,0.0
2006-08-04 14:00:00,0.0,0.0,60.16,47.51,38.3,63.284,90.0,0.0,7.314000000000036
2006-08-04 15:00:00,0.0,0.0,59.87,46.83,39.19,56.54299999999999,89.34700000000001,0.0,0.0
2006-08-04 16:00:00,0.0,0.0,59.57,47.41,39.97,45.768,90.0,11.181999999999988,0.0
2006-08-04 17:00:00,0.0,0.0,58.74,47.62,39.64,34.328,90.0,21.671999999999997,0.0
2006-08-04 18:00:00,0.0,0.0,56.44,45.68,38.67,23.673999999999996,90.0,27.115999999999985,0.0
2006-08-04 19:00:00,0.0,0.0,54.32,44.6,37.28,15.658000000000001,90.0,30.542000000000005,0.0
2006-08-04 20:00:00,0.0,0.0,52.5,47.19,36.03,13.137999999999998,90.0,32.581999999999994,0.0
2006-08-04 21:00:00,0.0,0.0,48.72,48.23,34.32,13.861,90.0,27.40899999999998,0.0
2006-08-04 22:00:00,0.0,0.0,45.73,44.25,30.73,13.158000000000001,90.0,17.551999999999992,0.0
2006-08-04 23:00:00,0.0,0.0,43.89,41.05,26.97,12.743,90.0,9.167000000000002,0.0
2006-08-05 00:00:00,0.0,0.0,34.76,34.21,23.38,11.488,80.86199999999998,0.0,0.0
2006-08-05 01:00:00,0.0,0.0,34.67,31.92,21.58,10.940000000000001,77.23,0.0,0.0
2006-08-05 02:00:00,0.0,0.0,35.33,31.13,20.69,10.62,76.53,0.0,0.0
2006-08-05 03:00:00,0.0,0.0,37.29,32.02,20.24,10.335999999999999,79.214,0.0,0.0
2006-08-05 04:00:00,0.0,0.0,43.11,34.06,20.72,11.228,86.66199999999999,0.0,0.0
2006-08-05 05:00:00,0.0,0.0,48.43,37.52,25.09,16.878,90.0,4.162000000000006,0.0
2006-08-05 06:00:00,0.0,0.0,51.8,40.78,30.54,29.340999999999998,90.0,3.779000000000007,0.0
2006-08-05 07:00:00,0.0,0.0,53.51,43.2,34.36,44.733,86.33699999999999,0.0,0.0
2006-08-05 08:00:00,0.0,0.0,55.31,44.6,36.26,58.268,77.90199999999999,0.0,0.0
2006-08-05 09:00:00,0.0,0.0,56.82,45.63,36.93,70.049,69.33100000000002,0.0,0.0
2006-08-05 10:00:00,0.0,0.0,56.39,46.61,37.45,78.287,70.0,0.0,7.836999999999989
2006-08-05 11:00:00,0.0,0.0,55.33,45.66,37.62,83.91399999999999,54.69600000000002,0.0,0.0
2006-08-05 12:00:00,0.0,0.0,54.01,44.91,37.06,86.337,49.643,0.0,0.0
2006-08-05 13:00:00,0.0,0.0,53.05,43.63,36.4,86.542,46.538000000000004,0.0,0.0
2006-08-05 14:00:00,0.0,0.0,51.96,42.38,36.12,84.07700000000001,70.0,0.0,23.61699999999999
2006-08-05 15:00:00,0.0,0.0,51.68,41.71,37.01,78.278,90.0,0.0,37.87800000000003
2006-08-05 16:00:00,0.0,0.0,51.41,42.31,37.81,67.547,70.0,0.0,6.016999999999996
2006-08-05 17:00:00,0.0,0.0,50.59,42.56,37.51,54.271,76.38900000000001,0.0,0.0
2006-08-05 18:00:00,0.0,0.0,48.29,40.63,36.55,39.946,85.524,0.0,0.0
2006-08-05 19:00:00,0.0,0.0,46.16,39.54,35.16,28.099999999999998,90.0,2.760000000000005,0.0
2006-08-05 20:00:00,0.0,0.0,44.32,42.08,33.89,25.613999999999997,90.0,4.676000000000002,0.0
2006-08-05 21:00:00,0.0,0.0,40.55,43.11,32.15,26.642999999999997,89.167,0.0,0.0
2006-08-05 22:00:00,0.0,0.0,37.55,39.16,28.55,26.509,78.75099999999998,0.0,0.0
2006-08-05 23:00:00,0.0,0.0,35.71,35.96,24.79,26.992,70.0,0.0,0.5319999999999965
2006-08-06 00:00:00,0.0,0.0,30.98,31.89,22.53,26.991000000000003,58.40899999999999,0.0,0.0
2006-08-06 01:00:00,0.0,0.0,30.89,29.59,20.74,26.458000000000002,54.762,0.0,0.0
2006-08-06 02:00:00,0.0,0.0,31.55,28.8,19.84,25.847,70.0,0.0,15.656999999999996
2006-08-06 03:00:00,0.0,0.0,33.51,29.69,19.39,25.612000000000002,56.97800000000001,0.0,0.0
2006-08-06 04:00:00,0.0,0.0,39.32,31.75,19.88,26.145,64.80499999999999,0.0,0.0
2006-08-06 05:00:00,0.0,0.0,44.64,35.21,24.22,32.256,71.814,0.0,0.0
2006-08-06 06:00:00,0.0,0.0,48.01,38.46,29.66,43.941,72.189,0.0,0.0
2006-08-06 07:00:00,0.0,0.0,49.72,40.87,33.5,62.19799999999999,90.0,0.0,28.10800000000001
2006-08-06 08:00:00,0.0,0.0,51.51,42.26,35.41,78.101,51.079,0.0,0.0
2006-08-06 09:00:00,0.0,0.0,53.02,43.28,36.07,87.017,45.35300000000001,0.0,0.0
2006-08-06 10:00:00,0.0,0.0,52.59,44.26,36.59,91.21799999999999,90.0,0.0,47.778000000000006
2006-08-06 11:00:00,0.0,0.0,51.54,43.32,36.76,92.93900000000001,38.68099999999999,0.0,0.0
2006-08-06 12:00:00,0.0,0.0,50.23,42.56,36.2,93.154,50.0,0.0,14.16399999999999
2006-08-06 13:00:00,0.0,0.0,49.26,41.27,35.55,91.706,34.37399999999999,0.0,0.0
2006-08-06 14:00:00,0.0,0.0,48.17,40.03,35.27,87.36,50.0,0.0,13.889999999999986
2006-08-06 15:00:00,0.0,0.0,47.9,39.35,36.17,80.85799999999999,70.56206925207765,0.0,28.00006925207763
2006-08-06 16:00:00,0.0,0.0,47.65,39.97,36.99,70.81400000000001,53.79600000000001,0.0,0.0
2006-08-06 17:00:00,0.0,0.0,46.85,40.26,36.71,58.81100000000001,65.00899999999999,0.0,0.0
2006-08-06 18:00:00,0.0,0.0,44.56,38.36,35.77,45.882999999999996,72.807,0.0,0.0
2006-08-06 19:00:00,0.0,0.0,42.41,37.24,34.38,32.891999999999996,81.138,0.0,0.0
2006-08-06 20:00:00,0.0,0.0,40.55,39.73,33.08,31.314,90.0,0.0,7.954000000000011
2006-08-06 21:00:00,0.0,0.0,36.78,40.76,31.31,32.796,76.054,0.0,0.0
2006-08-06 22:00:00,0.0,0.0,33.78,36.83,27.7,31.779,66.53099999999999,0.0,0.0
2006-08-06 23:00:00,0.0,0.0,31.93,33.64,23.94,30.207,90.0,0.0,30.696999999999996
2006-08-07 00:00:00,0.0,0.0,42.55,38.66,24.56,28.143,77.627,0.0,0.0
2006-08-07 01:00:00,0.0,0.0,42.46,36.37,22.77,26.451,75.14899999999997,0.0,0.0
2006-08-07 02:00:00,0.0,0.0,43.12,35.56,21.88,25.144,75.416,0.0,0.0
2006-08-07 03:00:00,0.0,0.0,45.09,36.45,21.43,24.794,78.17600000000002,0.0,0.0
2006-08-07 04:00:00,0.0,0.0,50.89,38.53,21.91,25.651999999999997,85.678,0.0,0.0
2006-08-07 05:00:00,0.0,0.0,56.2,42.0,26.23,33.336,90.0,1.0940000000000083,0.0
2006-08-07 06:00:00,0.0,0.0,59.57,45.24,31.67,50.68899999999999,85.791,0.0,0.0
2006-08-07 07:00:00,0.0,0.0,61.28,47.64,35.52,71.938,72.50200000000001,0.0,0.0
2006-08-07 08:00:00,0.0,0.0,63.07,49.03,37.43,85.37599999999999,64.15400000000001,0.0,0.0
2006-08-07 09:00:00,0.0,0.0,64.57,50.04,38.1,93.45,59.25999999999996,0.0,0.0
2006-08-07 10:00:00,0.0,0.0,64.16,51.01,38.61,99.304,54.47599999999999,0.0,0.0
2006-08-07 11:00:00,0.0,0.0,63.1,50.07,38.79,103.87099999999998,48.08899999999998,0.0,0.0
2006-08-07 12:00:00,0.0,0.0,61.79,49.3,38.23,105.91600000000001,43.403999999999975,0.0,0.0
2006-08-07 13:00:00,0.0,0.0,60.82,48.01,37.58,104.81199999999998,41.598,0.0,0.0
2006-08-07 14:00:00,0.0,0.0,59.73,46.76,37.3,102.24799999999999,70.0,0.0,28.458000000000013
2006-08-07 15:00:00,0.0,0.0,59.48,46.1,38.2,96.028,47.752,0.0,0.0
2006-08-07 16:00:00,0.0,0.0,59.25,46.74,39.04,86.919,58.11099999999998,0.0,0.0
2006-08-07 17:00:00,0.0,0.0,58.46,47.06,38.8,73.318,71.00199999999998,0.0,0.0
2006-08-07 18:00:00,0.0,0.0,56.18,45.18,37.86,55.713,83.507,0.0,0.0
2006-08-07 19:00:00,0.0,0.0,54.01,44.04,36.47,42.122,90.0,2.397999999999989,0.0
2006-08-07 20:00:00,0.0,0.0,52.13,46.49,35.15,39.039,90.0,4.731000000000023,0.0
2006-08-07 21:00:00,0.0,0.0,48.37,47.51,33.34,38.903999999999996,90.0,0.3159999999999883,0.0
2006-08-07 22:00:00,0.0,0.0,45.36,43.6,29.73,37.053,81.637,0.0,0.0
2006-08-07 23:00:00,0.0,0.0,43.51,40.42,25.97,34.059,75.841,0.0,0.0
2006-08-08 00:00:00,0.0,0.0,44.31,39.62,25.42,31.808,77.54200000000002,0.0,0.0
2006-08-08 01:00:00,0.0,0.0,44.22,37.33,23.65,29.883999999999997,75.31599999999999,0.0,0.0
2006-08-08 02:00:00,0.0,0.0,44.88,36.52,22.75,29.266,74.88400000000001,0.0,0.0
2006-08-08 03:00:00,0.0,0.0,46.86,37.41,22.3,28.191,78.379,0.0,0.0
2006-08-08 04:00:00,0.0,0.0,52.64,39.5,22.78,27.522000000000002,87.398,0.0,0.0
2006-08-08 05:00:00,0.0,0.0,57.95,42.97,27.07,34.417,90.0,3.573000000000011,0.0
2006-08-08 06:00:00,0.0,0.0,61.33,46.21,32.51,52.589999999999996,87.46000000000001,0.0,0.0
2006-08-08 07:00:00,0.0,0.0,63.03,48.61,36.37,73.15299999999999,74.85700000000001,0.0,0.0
2006-08-08 08:00:00,0.0,0.0,64.82,49.98,38.28,83.91499999999999,69.165,0.0,0.0
2006-08-08 09:00:00,0.0,0.0,66.32,50.99,38.96,89.432,90.0,0.0,23.161999999999978
2006-08-08 10:00:00,0.0,0.0,65.91,51.95,39.47,93.35999999999999,63.97,0.0,0.0
2006-08-08 11:00:00,0.0,0.0,64.85,51.01,39.64,97.10499999999999,58.394999999999996,0.0,0.0
2006-08-08 12:00:00,0.0,0.0,63.54,50.24,39.09,99.856,53.01400000000001,0.0,0.0
2006-08-08 13:00:00,0.0,0.0,62.58,48.95,38.45,101.143,48.837,0.0,0.0
2006-08-08 14:00:00,0.0,0.0,61.49,47.7,38.17,99.67,47.69,0.0,0.0
2006-08-08 15:00:00,0.0,0.0,61.24,47.03,39.07,95.19700000000002,52.143,0.0,0.0
2006-08-08 16:00:00,0.0,0.0,61.04,47.69,39.93,86.882,70.0,0.0,8.22199999999998
2006-08-08 17:00:00,0.0,0.0,60.27,48.05,39.71,75.247,72.783,0.0,0.0
2006-08-08 18:00:00,0.0,0.0,57.99,46.19,38.79,57.18599999999999,85.784,0.0,0.0
2006-08-08 19:00:00,0.0,0.0,55.81,45.04,37.4,42.532999999999994,90.0,5.71699999999999,0.0
2006-08-08 20:00:00,0.0,0.0,53.9,47.43,36.06,39.925,90.0,7.464999999999995,0.0
2006-08-08 21:00:00,0.0,0.0,50.15,48.45,34.21,41.257999999999996,90.0,1.5519999999999783,0.0
2006-08-08 22:00:00,0.0,0.0,47.13,44.57,30.6,40.967999999999996,81.332,0.0,0.0
2006-08-08 23:00:00,0.0,0.0,45.28,41.39,26.84,41.394000000000005,72.11599999999999,0.0,0.0
2006-08-09 00:00:00,0.0,0.0,44.77,40.06,27.09,41.079,70.84100000000001,0.0,0.0
2006-08-09 01:00:00,0.0,0.0,44.67,37.77,25.32,41.161,66.599,0.0,0.0
2006-08-09 02:00:00,0.0,0.0,45.34,36.95,24.43,40.452,66.268,0.0,0.0
2006-08-09 03:00:00,0.0,0.0,47.32,37.84,23.98,39.549,69.59100000000002,0.0,0.0
2006-08-09 04:00:00,0.0,0.0,53.09,39.95,24.45,39.258,78.232,0.0,0.0
2006-08-09 05:00:00,0.0,0.0,58.39,43.42,28.72,45.48,85.05,0.0,0.0
2006-08-09 06:00:00,0.0,0.0,61.78,46.65,34.15,59.12000000000001,83.46000000000001,0.0,0.0
2006-08-09 07:00:00,0.0,0.0,63.48,49.04,38.02,77.873,72.66699999999997,0.0,0.0
2006-08-09 08:00:00,0.0,0.0,65.26,50.41,39.94,88.83299999999998,70.0,0.0,3.222999999999999
2006-08-09 09:00:00,0.0,0.0,66.76,51.41,40.62,95.733,63.05699999999999,0.0,0.0
2006-08-09 10:00:00,0.0,0.0,66.35,52.37,41.12,102.117,70.0,0.0,12.277000000000008
2006-08-09 11:00:00,0.0,0.0,65.3,51.43,41.3,105.906,52.12399999999999,0.0,0.0
2006-08-09 12:00:00,0.0,0.0,63.99,50.65,40.75,106.256,49.134,0.0,0.0
2006-08-09 13:00:00,0.0,0.0,63.02,49.35,40.12,103.64899999999999,50.0,0.0,1.158999999999999
2006-08-09 14:00:00,0.0,0.0,61.94,48.1,39.84,98.21199999999999,51.66800000000001,0.0,0.0
2006-08-09 15:00:00,0.0,0.0,61.69,47.44,40.74,89.359,70.0,0.0,9.488999999999997
2006-08-09 16:00:00,0.0,0.0,61.52,48.12,41.63,78.298,72.97200000000001,0.0,0.0
2006-08-09 17:00:00,0.0,0.0,60.76,48.52,41.43,66.366,90.0,0.0,5.655999999999992
2006-08-09 18:00:00,0.0,0.0,58.49,46.68,40.53,55.256,90.0,0.4440000000000168,0.0
2006-08-09 19:00:00,0.0,0.0,56.3,45.51,39.13,45.36299999999999,90.0,5.57699999999997,0.0
2006-08-09 20:00:00,0.0,0.0,54.37,47.85,37.76,44.709999999999994,90.0,5.269999999999982,0.0
2006-08-09 21:00:00,0.0,0.0,50.61,48.86,35.89,46.025,89.33500000000002,0.0,0.0
2006-08-09 22:00:00,0.0,0.0,47.6,45.01,32.26,45.514,79.35599999999997,0.0,0.0
2006-08-09 23:00:00,0.0,0.0,45.74,41.83,28.51,44.088,71.992,0.0,0.0
2006-08-10 00:00:00,0.0,0.0,44.41,40.06,27.34,42.425,69.38499999999999,0.0,0.0
2006-08-10 01:00:00,0.0,0.0,44.31,37.78,25.59,41.247,66.433,0.0,0.0
2006-08-10 02:00:00,0.0,0.0,44.98,36.95,24.69,40.41700000000001,66.20299999999999,0.0,0.0
2006-08-10 03:00:00,0.0,0.0,46.97,37.84,24.24,40.025000000000006,69.025,0.0,0.0
2006-08-10 04:00:00,0.0,0.0,52.73,39.96,24.7,40.367000000000004,77.023,0.0,0.0
2006-08-10 05:00:00,0.0,0.0,58.02,43.44,28.95,45.935,84.47500000000001,0.0,0.0
2006-08-10 06:00:00,0.0,0.0,61.41,46.66,34.37,59.322,90.0,0.0,6.881999999999998
2006-08-10 07:00:00,0.0,0.0,63.11,49.04,38.26,76.009,74.401,0.0,0.0
2006-08-10 08:00:00,0.0,0.0,64.89,50.41,40.19,88.163,67.327,0.0,0.0
2006-08-10 09:00:00,0.0,0.0,66.38,51.4,40.86,96.00999999999999,62.63000000000001,0.0,0.0
2006-08-10 10:00:00,0.0,0.0,65.98,52.35,41.37,99.721,59.97899999999999,0.0,0.0
2006-08-10 11:00:00,0.0,0.0,64.93,51.42,41.54,101.513,56.37700000000002,0.0,0.0
2006-08-10 12:00:00,0.0,0.0,63.62,50.63,41.0,100.769,54.481,0.0,0.0
2006-08-10 13:00:00,0.0,0.0,62.65,49.33,40.37,98.335,54.015,0.0,0.0
2006-08-10 14:00:00,0.0,0.0,61.57,48.07,40.09,94.266,55.464,0.0,0.0
2006-08-10 15:00:00,0.0,0.0,61.34,47.42,40.99,86.356,63.39399999999999,0.0,0.0
2006-08-10 16:00:00,0.0,0.0,61.18,48.11,41.9,76.773,74.417,0.0,0.0
2006-08-10 17:00:00,0.0,0.0,60.44,48.55,41.74,64.672,86.05800000000002,0.0,0.0
2006-08-10 18:00:00,0.0,0.0,58.18,46.73,40.84,50.462,90.0,5.2879999999999825,0.0
2006-08-10 19:00:00,0.0,0.0,55.97,45.54,39.44,39.498000000000005,90.0,11.451999999999998,0.0
2006-08-10 20:00:00,0.0,0.0,54.02,47.84,38.06,36.788,90.0,13.131999999999998,0.0
2006-08-10 21:00:00,0.0,0.0,50.27,48.84,36.15,36.571,90.0,8.689000000000021,0.0
2006-08-10 22:00:00,0.0,0.0,47.25,45.01,32.52,34.918,89.862,0.0,0.0
2006-08-10 23:00:00,0.0,0.0,45.38,41.84,28.77,33.982,82.008,0.0,0.0
2006-08-11 00:00:00,0.0,0.0,43.66,39.33,27.0,32.509,77.48099999999998,0.0,0.0
2006-08-11 01:00:00,0.0,0.0,43.56,37.05,25.26,31.218999999999998,74.651,0.0,0.0
2006-08-11 02:00:00,0.0,0.0,44.23,36.22,24.37,29.360000000000003,75.46,0.0,0.0
2006-08-11 03:00:00,0.0,0.0,46.23,37.11,23.91,28.160000000000004,79.08999999999997,0.0,0.0
2006-08-11 04:00:00,0.0,0.0,51.97,39.24,24.37,28.131999999999998,87.44800000000001,0.0,0.0
2006-08-11 05:00:00,0.0,0.0,57.26,42.72,28.59,32.079,90.0,6.491,0.0
2006-08-11 06:00:00,0.0,0.0,60.65,45.94,34.02,42.81699999999999,90.0,7.792999999999992,0.0
2006-08-11 07:00:00,0.0,0.0,62.36,48.31,37.91,57.591,90.0,0.9890000000000043,0.0
2006-08-11 08:00:00,0.0,0.0,64.13,49.67,39.85,68.10600000000001,85.54399999999998,0.0,0.0
2006-08-11 09:00:00,0.0,0.0,65.62,50.65,40.52,75.572,81.21800000000002,0.0,0.0
2006-08-11 10:00:00,0.0,0.0,65.22,51.6,41.03,79.94,77.91,0.0,0.0
2006-08-11 11:00:00,0.0,0.0,64.18,50.67,41.2,79.71900000000001,76.331,0.0,0.0
2006-08-11 12:00:00,0.0,0.0,62.87,49.88,40.67,78.329,75.091,0.0,0.0
2006-08-11 13:00:00,0.0,0.0,61.89,48.57,40.04,74.406,76.094,0.0,0.0
2006-08-11 14:00:00,0.0,0.0,60.81,47.31,39.76,68.698,90.0,0.0,10.818000000000012
2006-08-11 15:00:00,0.0,0.0,60.59,46.66,40.67,61.394999999999996,86.52499999999999,0.0,0.0
2006-08-11 16:00:00,0.0,0.0,60.46,47.38,41.6,51.839,90.0,7.600999999999999,0.0
2006-08-11 17:00:00,0.0,0.0,59.73,47.85,41.46,42.514,90.0,16.52600000000001,0.0
2006-08-11 18:00:00,0.0,0.0,57.48,46.05,40.58,32.879000000000005,90.0,21.230999999999995,0.0
2006-08-11 19:00:00,0.0,0.0,55.25,44.85,39.17,22.843000000000004,90.0,26.426999999999992,0.0
2006-08-11 20:00:00,0.0,0.0,53.28,47.09,37.77,22.192999999999998,90.0,25.94700000000003,0.0
2006-08-11 21:00:00,0.0,0.0,49.54,48.09,35.82,22.472,90.0,20.97799999999999,0.0
2006-08-11 22:00:00,0.0,0.0,46.51,44.29,32.19,22.189999999999998,90.0,10.799999999999983,0.0
2006-08-11 23:00:00,0.0,0.0,44.64,41.11,28.44,21.254,90.0,2.935999999999993,0.0
2006-08-12 00:00:00,0.0,0.0,35.34,34.76,24.71,20.578000000000003,74.23199999999997,0.0,0.0
2006-08-12 01:00:00,0.0,0.0,35.25,32.48,22.98,20.702,70.00800000000001,0.0,0.0
2006-08-12 02:00:00,0.0,0.0,35.91,31.64,22.08,20.948,68.682,0.0,0.0
2006-08-12 03:00:00,0.0,0.0,37.92,32.53,21.63,21.771,70.30900000000001,0.0,0.0
2006-08-12 04:00:00,0.0,0.0,43.65,34.68,22.08,22.697000000000003,77.713,0.0,0.0
2006-08-12 05:00:00,0.0,0.0,48.94,38.17,26.28,26.616,86.77399999999999,0.0,0.0
2006-08-12 06:00:00,0.0,0.0,52.33,41.38,31.7,37.282999999999994,88.12700000000004,0.0,0.0
2006-08-12 07:00:00,0.0,0.0,54.04,43.73,35.6,53.981,79.38900000000001,0.0,0.0
2006-08-12 08:00:00,0.0,0.0,55.8,45.09,37.55,66.688,71.75200000000001,0.0,0.0
2006-08-12 09:00:00,0.0,0.0,57.29,46.06,38.22,77.294,64.27599999999998,0.0,0.0
2006-08-12 10:00:00,0.0,0.0,56.9,47.01,38.72,84.184,70.0,0.0,11.554000000000002
2006-08-12 11:00:00,0.0,0.0,55.85,46.08,38.9,87.287,53.54300000000001,0.0,0.0
2006-08-12 12:00:00,0.0,0.0,54.55,45.28,38.37,88.055,50.144999999999996,0.0,0.0
2006-08-12 13:00:00,0.0,0.0,53.57,43.97,37.74,87.35100000000001,47.929,0.0,0.0
2006-08-12 14:00:00,0.0,0.0,52.49,42.71,37.47,84.752,70.0,0.0,22.081999999999994
2006-08-12 15:00:00,0.0,0.0,52.27,42.06,38.38,80.085,52.625000000000014,0.0,0.0
2006-08-12 16:00:00,0.0,0.0,52.17,42.8,39.33,72.707,70.0,0.0,8.40700000000001
2006-08-12 17:00:00,0.0,0.0,51.46,43.31,39.22,63.599999999999994,70.39000000000001,0.0,0.0
2006-08-12 18:00:00,0.0,0.0,49.21,41.53,38.35,53.331,75.75899999999999,0.0,0.0
2006-08-12 19:00:00,0.0,0.0,46.97,40.31,36.94,42.06100000000001,82.15899999999999,0.0,0.0
2006-08-12 20:00:00,0.0,0.0,44.97,42.5,35.51,37.617000000000004,85.363,0.0,0.0
2006-08-12 21:00:00,0.0,0.0,41.24,43.49,33.54,37.962,90.0,0.0,9.692000000000007
2006-08-12 22:00:00,0.0,0.0,38.21,39.72,29.89,37.702,70.11799999999998,0.0,0.0
2006-08-12 23:00:00,0.0,0.0,36.33,36.55,26.15,36.641,62.38899999999998,0.0,0.0
2006-08-13 00:00:00,0.0,0.0,31.44,32.65,23.81,35.698,70.0,0.0,17.798000000000002
2006-08-13 01:00:00,0.0,0.0,31.34,30.38,22.09,35.251999999999995,48.55800000000001,0.0,0.0
2006-08-13 02:00:00,0.0,0.0,32.01,29.53,21.19,35.088,47.641999999999996,0.0,0.0
2006-08-13 03:00:00,0.0,0.0,34.02,30.42,20.74,35.023,90.0,0.0,39.84300000000002
2006-08-13 04:00:00,0.0,0.0,39.74,32.59,21.19,35.033,58.486999999999995,0.0,0.0
2006-08-13 05:00:00,0.0,0.0,45.02,36.08,25.36,36.826,90.0,0.0,20.366000000000003
2006-08-13 06:00:00,0.0,0.0,48.41,39.28,30.77,45.871,72.58899999999998,0.0,0.0
2006-08-13 07:00:00,0.0,0.0,50.12,41.63,34.69,59.251,67.189,0.0,0.0
2006-08-13 08:00:00,0.0,0.0,51.88,42.97,36.64,67.42099999999999,70.0,0.0,5.9310000000000045
2006-08-13 09:00:00,0.0,0.0,53.37,43.94,37.32,72.348,70.0,0.0,7.718000000000018
2006-08-13 10:00:00,0.0,0.0,52.98,44.88,37.82,72.94300000000001,70.0,0.0,7.2630000000000265
2006-08-13 11:00:00,0.0,0.0,51.94,43.96,38.0,72.083,70.0,0.0,8.183000000000005
2006-08-13 12:00:00,0.0,0.0,50.63,43.15,37.47,70.296,60.954,0.0,0.0
2006-08-13 13:00:00,0.0,0.0,49.65,41.83,36.85,67.038,70.0,0.0,8.708000000000027
2006-08-13 14:00:00,0.0,0.0,48.58,40.57,36.58,62.34100000000001,70.0,0.0,6.611000000000004
2006-08-13 15:00:00,0.0,0.0,48.37,39.92,37.48,55.686,70.08399999999997,0.0,0.0
2006-08-13 16:00:00,0.0,0.0,48.29,40.68,38.45,47.674,79.74600000000001,0.0,0.0
2006-08-13 17:00:00,0.0,0.0,47.6,41.24,38.38,37.104,90.0,0.11600000000000676,0.0
2006-08-13 18:00:00,0.0,0.0,45.36,39.47,37.52,25.141,90.0,7.208999999999989,0.0
2006-08-13 19:00:00,0.0,0.0,43.1,38.23,36.11,16.413000000000004,90.0,11.027000000000001,0.0
2006-08-13 20:00:00,0.0,0.0,41.07,40.38,34.66,14.838999999999999,90.0,11.271000000000008,0.0
2006-08-13 21:00:00,0.0,0.0,37.34,41.37,32.65,15.440999999999999,90.0,5.919000000000011,0.0
2006-08-13 22:00:00,0.0,0.0,34.31,37.61,29.0,15.826,85.09400000000001,0.0,0.0
2006-08-13 23:00:00,0.0,0.0,32.43,34.45,25.25,16.479,75.65100000000001,0.0,0.0
2006-08-14 00:00:00,0.0,0.0,42.87,38.68,25.29,17.636,89.20400000000001,0.0,0.0
2006-08-14 01:00:00,0.0,0.0,42.77,36.4,23.59,18.54,84.22,0.0,0.0
2006-08-14 02:00:00,0.0,0.0,43.44,35.55,22.69,19.551000000000002,90.0,0.0,7.871000000000002
2006-08-14 03:00:00,0.0,0.0,45.47,36.44,22.23,21.325000000000003,82.815,0.0,0.0
2006-08-14 04:00:00,0.0,0.0,51.17,38.63,22.68,23.52,88.96000000000001,0.0,0.0
2006-08-14 05:00:00,0.0,0.0,56.44,42.12,26.83,30.506999999999998,90.0,4.882999999999996,0.0
2006-08-14 06:00:00,0.0,0.0,59.84,45.31,32.24,40.342999999999996,90.0,7.047000000000018,0.0
2006-08-14 07:00:00,0.0,0.0,61.55,47.65,36.16,55.533,89.827,0.0,0.0
2006-08-14 08:00:00,0.0,0.0,63.3,48.99,38.12,68.226,82.18400000000003,0.0,0.0
2006-08-14 09:00:00,0.0,0.0,64.79,49.96,38.8,76.86399999999999,76.68599999999999,0.0,0.0
2006-08-14 10:00:00,0.0,0.0,64.41,50.89,39.3,84.648,70.0,0.0,0.04800000000000182
2006-08-14 11:00:00,0.0,0.0,63.37,49.97,39.48,90.165,62.655,0.0,0.0
2006-08-14 12:00:00,0.0,0.0,62.06,49.15,38.96,92.328,90.0,0.0,32.157999999999994
2006-08-14 13:00:00,0.0,0.0,61.07,47.83,38.33,92.57600000000002,54.65400000000001,0.0,0.0
2006-08-14 14:00:00,0.0,0.0,60.01,46.57,38.07,88.779,55.870999999999974,0.0,0.0
2006-08-14 15:00:00,0.0,0.0,59.8,45.92,38.97,81.303,63.386999999999986,0.0,0.0
2006-08-14 16:00:00,0.0,0.0,59.74,46.7,39.97,71.43,74.98,0.0,0.0
2006-08-14 17:00:00,0.0,0.0,59.07,47.3,39.92,57.958999999999996,88.33099999999999,0.0,0.0
2006-08-14 18:00:00,0.0,0.0,56.84,45.55,39.07,44.01199999999999,90.0,7.448000000000004,0.0
2006-08-14 19:00:00,0.0,0.0,54.57,44.29,37.66,34.302,90.0,12.218000000000004,0.0
2006-08-14 20:00:00,0.0,0.0,52.52,46.39,36.18,36.725,90.0,8.365000000000009,0.0
2006-08-14 21:00:00,0.0,0.0,48.79,47.37,34.14,37.807,90.0,2.493000000000009,0.0
2006-08-14 22:00:00,0.0,0.0,45.76,43.64,30.49,36.706,83.184,0.0,0.0
2006-08-14 23:00:00,0.0,0.0,43.87,40.48,26.74,37.82300000000001,82.05639612188351,0.0,8.78939612188353
2006-08-15 00:00:00,0.0,0.0,44.28,39.64,26.29,38.207,72.003,0.0,0.0
2006-08-15 01:00:00,0.0,0.0,44.18,37.37,24.59,39.29900000000001,66.84100000000001,0.0,0.0
2006-08-15 02:00:00,0.0,0.0,44.86,36.51,23.69,40.281,64.779,0.0,0.0
2006-08-15 03:00:00,0.0,0.0,46.89,37.4,23.23,39.986000000000004,67.53399999999999,0.0,0.0
2006-08-15 04:00:00,0.0,0.0,52.58,39.6,23.68,40.74,75.11999999999999,0.0,0.0
2006-08-15 05:00:00,0.0,0.0,57.85,43.09,27.8,43.652,85.08800000000001,0.0,0.0
2006-08-15 06:00:00,0.0,0.0,61.25,46.29,33.2,51.199000000000005,89.54100000000003,0.0,0.0
2006-08-15 07:00:00,0.0,0.0,62.95,48.62,37.14,63.266,85.444,0.0,0.0
2006-08-15 08:00:00,0.0,0.0,64.7,49.95,39.11,74.94099999999999,78.81900000000002,0.0,0.0
2006-08-15 09:00:00,0.0,0.0,66.18,50.91,39.79,85.91799999999998,70.96200000000002,0.0,0.0
2006-08-15 10:00:00,0.0,0.0,65.81,51.83,40.28,94.492,63.428,0.0,0.0
2006-08-15 11:00:00,0.0,0.0,64.77,50.91,40.46,99.02,57.11999999999999,0.0,0.0
2006-08-15 12:00:00,0.0,0.0,63.47,50.09,39.95,100.212,70.0,0.0,16.701999999999998
2006-08-15 13:00:00,0.0,0.0,62.48,48.77,39.33,97.57300000000001,90.0,0.0,36.99300000000001
2006-08-15 14:00:00,0.0,0.0,61.41,47.5,39.06,91.41,56.56,0.0,0.0
2006-08-15 15:00:00,0.0,0.0,61.22,46.86,39.97,82.39300000000001,65.65699999999998,0.0,0.0
2006-08-15 16:00:00,0.0,0.0,61.18,47.66,40.99,70.75,90.0,0.0,10.920000000000016
2006-08-15 17:00:00,0.0,0.0,60.53,48.29,40.97,54.790000000000006,90.0,0.0,0.0
2006-08-15 18:00:00,0.0,0.0,58.3,46.57,40.13,36.870000000000005,90.0,13.130000000000013,0.0
2006-08-15 19:00:00,0.0,0.0,56.01,45.29,38.72,23.562,90.0,21.458000000000013,0.0
2006-08-15 20:00:00,0.0,0.0,53.94,47.34,37.22,20.472,110.0,3.0279999999999916,0.0
2006-08-15 21:00:00,0.0,0.0,50.22,48.31,35.14,19.316,90.0,19.354000000000006,0.0
2006-08-15 22:00:00,0.0,0.0,47.18,44.61,31.48,17.471999999999998,90.0,10.798000000000002,0.0
2006-08-15 23:00:00,0.0,0.0,45.29,41.45,27.74,15.533000000000001,90.0,3.9470000000000027,0.0
2006-08-16 00:00:00,0.0,0.0,44.74,40.08,26.86,13.754999999999999,92.925,0.0,0.0
2006-08-16 01:00:00,0.0,0.0,44.64,37.81,25.17,12.54,90.0,0.0800000000000125,0.0
2006-08-16 02:00:00,0.0,0.0,45.31,36.94,24.27,10.940999999999999,90.579,0.0,0.0
2006-08-16 03:00:00,0.0,0.0,47.35,37.83,23.82,10.055,90.0,3.944999999999993,0.0
2006-08-16 04:00:00,0.0,0.0,53.02,40.05,24.25,10.198,102.122,0.0,0.0
2006-08-16 05:00:00,0.0,0.0,58.29,43.54,28.35,14.691000000000003,110.0,0.48900000000003274,0.0
2006-08-16 06:00:00,0.0,0.0,61.69,46.73,33.75,25.195,90.0,21.97500000000001,0.0
2006-08-16 07:00:00,0.0,0.0,63.4,49.05,37.7,39.027,90.0,16.123,0.0
2006-08-16 08:00:00,0.0,0.0,65.15,50.38,39.67,53.26400000000001,90.0,6.9360000000000195,0.0
2006-08-16 09:00:00,0.0,0.0,66.62,51.33,40.36,63.412,90.0,0.0,0.1019999999999861
2006-08-16 10:00:00,0.0,0.0,66.26,52.25,40.85,70.20100000000001,90.0,0.0,5.84099999999998
2006-08-16 11:00:00,0.0,0.0,65.22,51.33,41.03,74.295,90.0,0.0,11.715000000000003
2006-08-16 12:00:00,0.0,0.0,63.91,50.5,40.52,74.923,90.0,0.0,14.992999999999991
2006-08-16 13:00:00,0.0,0.0,62.92,49.17,39.9,71.146,90.0,0.0,14.155999999999977
2006-08-16 14:00:00,0.0,0.0,61.86,47.91,39.64,64.25800000000001,90.0,0.0,9.848000000000004
2006-08-16 15:00:00,0.0,0.0,61.67,47.27,40.55,55.552,90.0,0.0,1.0620000000000083
2006-08-16 16:00:00,0.0,0.0,61.66,48.09,41.59,45.751,90.0,10.589000000000006,0.0
2006-08-16 17:00:00,0.0,0.0,61.02,48.76,41.59,35.076,110.0,1.2940000000000158,0.0
2006-08-16 18:00:00,0.0,0.0,58.8,47.05,40.77,25.988,90.0,25.63200000000002,0.0
2006-08-16 19:00:00,0.0,0.0,56.5,45.76,39.35,18.424,115.0,3.185999999999993,0.0
2006-08-16 20:00:00,0.0,0.0,54.41,47.76,37.83,14.443999999999999,98.97337250000035,21.58262749999965,0.0
2006-08-16 21:00:00,0.0,0.0,50.69,48.72,35.72,13.794,90.0,26.336000000000002,0.0
2006-08-16 22:00:00,0.0,0.0,47.65,45.05,32.06,14.534,90.0,15.226000000000013,0.0
2006-08-16 23:00:00,0.0,0.0,45.75,41.9,28.32,15.31,90.0,5.660000000000008,0.0
2006-08-17 00:00:00,0.0,0.0,44.27,40.08,26.37,15.541,90.0,0.17900000000000205,0.0
2006-08-17 01:00:00,0.0,0.0,44.17,37.81,24.69,15.630999999999998,90.0,0.0,3.9609999999999843
2006-08-17 02:00:00,0.0,0.0,44.85,36.94,23.79,15.716999999999999,90.0,0.0,5.136999999999996
2006-08-17 03:00:00,0.0,0.0,46.9,37.83,23.33,15.265,90.0,0.0,2.2049999999999983
2006-08-17 04:00:00,0.0,0.0,52.56,40.06,23.77,14.161000000000001,97.22900000000001,0.0,0.0
2006-08-17 05:00:00,0.0,0.0,57.82,43.56,27.84,16.518,90.0,17.702000000000012,0.0
2006-08-17 06:00:00,0.0,0.0,61.22,46.74,33.24,23.913,110.0,2.286999999999992,0.0
2006-08-17 07:00:00,0.0,0.0,62.93,49.05,37.2,36.503,90.0,17.676999999999992,0.0
2006-08-17 08:00:00,0.0,0.0,64.67,50.37,39.17,49.148,100.062,0.0,0.0
2006-08-17 09:00:00,0.0,0.0,66.15,51.31,39.86,58.471,90.0,3.849000000000018,0.0
2006-08-17 10:00:00,0.0,0.0,65.79,52.23,40.35,65.171,90.0,0.0,1.8009999999999984
2006-08-17 11:00:00,0.0,0.0,64.75,51.31,40.53,71.534,90.0,0.0,9.944000000000004
2006-08-17 12:00:00,0.0,0.0,63.44,50.48,40.03,73.24,90.0,0.0,14.289999999999988
2006-08-17 13:00:00,0.0,0.0,62.45,49.14,39.41,71.293,90.0,0.0,15.292999999999978
2006-08-17 14:00:00,0.0,0.0,61.39,47.88,39.15,65.66399999999999,90.0,0.0,12.244000000000003
2006-08-17 15:00:00,0.0,0.0,61.21,47.24,40.06,57.434,90.0,0.0,3.9239999999999924
2006-08-17 16:00:00,0.0,0.0,61.23,48.08,41.12,48.76299999999999,96.667,0.0,0.0
2006-08-17 17:00:00,0.0,0.0,60.6,48.79,41.15,37.397000000000006,90.0,18.143000000000015,0.0
2006-08-17 18:00:00,0.0,0.0,58.39,47.11,40.34,26.392999999999997,90.0,24.447000000000006,0.0
2006-08-17 19:00:00,0.0,0.0,56.07,45.79,38.92,11.58,115.0,9.199999999999989,0.0
2006-08-17 20:00:00,0.0,0.0,53.95,47.74,37.38,9.466999999999999,124.603,0.0,0.0
2006-08-17 21:00:00,0.0,0.0,50.24,48.7,35.24,11.014,90.0,28.166000000000025,0.0
2006-08-17 22:00:00,0.0,0.0,47.2,45.05,31.57,11.111999999999998,107.708,0.0,0.0
2006-08-17 23:00:00,0.0,0.0,45.3,41.9,27.83,10.847,90.0,9.183000000000002,0.0
2006-08-18 00:00:00,0.0,0.0,42.89,39.35,25.81,10.598,90.0,2.4520000000000124,0.0
2006-08-18 01:00:00,0.0,0.0,42.79,37.09,24.14,10.496,90.0,0.0,1.4759999999999849
2006-08-18 02:00:00,0.0,0.0,43.47,36.21,23.24,10.219,90.0,0.0,2.2989999999999924
2006-08-18 03:00:00,0.0,0.0,45.52,37.09,22.78,10.121,90.0,0.26900000000000546,0.0
2006-08-18 04:00:00,0.0,0.0,51.17,39.34,23.21,11.021000000000003,97.69900000000001,0.0,0.0
2006-08-18 05:00:00,0.0,0.0,56.43,42.85,27.26,15.826,90.0,15.713999999999999,0.0
2006-08-18 06:00:00,0.0,0.0,59.83,46.02,32.65,24.180999999999997,90.0,19.319000000000003,0.0
2006-08-18 07:00:00,0.0,0.0,61.54,48.32,36.63,37.083999999999996,104.40600000000002,0.0,0.0
2006-08-18 08:00:00,0.0,0.0,63.28,49.64,38.61,53.298,90.0,3.2319999999999993,0.0
2006-08-18 09:00:00,0.0,0.0,64.75,50.57,39.3,67.90899999999999,86.71099999999998,0.0,0.0
2006-08-18 10:00:00,0.0,0.0,64.4,51.48,39.78,77.766,90.0,0.0,12.106000000000003
2006-08-18 11:00:00,0.0,0.0,63.36,50.57,39.96,85.965,70.0,0.0,2.075000000000017
2006-08-18 12:00:00,0.0,0.0,62.05,49.73,39.47,90.697,90.0,0.0,29.447000000000003
2006-08-18 13:00:00,0.0,0.0,61.06,48.39,38.86,92.26299999999999,76.30734903047095,0.0,20.260349030470945
2006-08-18 14:00:00,0.0,0.0,60.0,47.12,38.6,91.12299999999999,90.0,0.0,35.40299999999999
2006-08-18 15:00:00,0.0,0.0,59.83,46.48,39.51,87.52100000000002,58.299,0.0,0.0
2006-08-18 16:00:00,0.0,0.0,59.87,47.34,40.59,77.65599999999999,90.0,0.0,19.85599999999998
2006-08-18 17:00:00,0.0,0.0,59.26,48.09,40.65,61.42099999999999,86.57900000000001,0.0,0.0
2006-08-18 18:00:00,0.0,0.0,57.06,46.43,39.85,39.406000000000006,90.0,13.934000000000019,0.0
2006-08-18 19:00:00,0.0,0.0,54.72,45.1,38.43,23.392,90.0,24.858,0.0
2006-08-18 20:00:00,0.0,0.0,52.58,47.0,36.87,22.503999999999998,90.0,23.945999999999998,0.0
2006-08-18 21:00:00,0.0,0.0,48.88,47.95,34.69,22.552,90.0,18.968000000000004,0.0
2006-08-18 22:00:00,0.0,0.0,45.83,44.33,31.01,22.634,90.0,8.536000000000005,0.0
2006-08-18 23:00:00,0.0,0.0,43.92,41.18,27.28,22.805,90.0,0.0,0.42499999999999716
2006-08-19 00:00:00,0.0,0.0,34.7,34.25,23.57,21.457,71.06299999999999,0.0,0.0
2006-08-19 01:00:00,0.0,0.0,34.6,32.0,21.91,20.856,90.0,0.0,22.346000000000004
2006-08-19 02:00:00,0.0,0.0,35.28,31.11,21.0,20.081000000000003,67.309,0.0,0.0
2006-08-19 03:00:00,0.0,0.0,37.34,31.99,20.55,19.347,90.0,0.0,19.466999999999995
2006-08-19 04:00:00,0.0,0.0,42.97,34.26,20.97,18.471,79.72900000000001,0.0,0.0
2006-08-19 05:00:00,0.0,0.0,48.23,37.77,25.0,23.149000000000004,90.0,0.0,2.1490000000000116
2006-08-19 06:00:00,0.0,0.0,51.63,40.93,30.39,34.803999999999995,90.0,0.0,1.8540000000000134
2006-08-19 07:00:00,0.0,0.0,53.34,43.22,34.37,44.602000000000004,86.328,0.0,0.0
2006-08-19 08:00:00,0.0,0.0,55.07,44.53,36.36,59.032,90.0,0.0,13.072000000000013
2006-08-19 09:00:00,0.0,0.0,56.54,45.46,37.05,68.182,70.868,0.0,0.0
2006-08-19 10:00:00,0.0,0.0,56.2,46.37,37.53,74.448,90.0,0.0,24.347999999999985
2006-08-19 11:00:00,0.0,0.0,55.16,45.46,37.71,76.158,62.17200000000002,0.0,0.0
2006-08-19 12:00:00,0.0,0.0,53.86,44.61,37.22,73.61699999999999,62.07300000000001,0.0,0.0
2006-08-19 13:00:00,0.0,0.0,52.86,43.26,36.61,67.55600000000001,90.0,0.0,24.825999999999993
2006-08-19 14:00:00,0.0,0.0,51.8,42.0,36.36,58.394000000000005,71.76599999999999,0.0,0.0
2006-08-19 15:00:00,0.0,0.0,51.64,41.36,37.27,46.772999999999996,83.49700000000003,0.0,0.0
2006-08-19 16:00:00,0.0,0.0,51.7,42.24,38.37,33.53,90.0,8.78000000000003,0.0
2006-08-19 17:00:00,0.0,0.0,51.11,43.03,38.46,21.642,90.0,20.958,0.0
2006-08-19 18:00:00,0.0,0.0,48.91,41.38,37.67,13.415,90.0,24.545,0.0
2006-08-19 19:00:00,0.0,0.0,46.57,40.04,36.25,9.167,90.0,23.692999999999998,0.0
2006-08-19 20:00:00,0.0,0.0,44.4,41.89,34.67,10.559000000000001,90.0,20.40100000000001,0.0
2006-08-19 21:00:00,0.0,0.0,40.7,42.84,32.46,12.293,90.0,13.707000000000008,0.0
2006-08-19 22:00:00,0.0,0.0,37.65,39.23,28.77,12.536000000000001,90.0,3.113999999999983,0.0
2006-08-19 23:00:00,0.0,0.0,35.74,36.09,25.04,13.533999999999999,90.0,0.0,6.664000000000016
2006-08-20 00:00:00,0.0,0.0,30.92,31.93,22.79,14.781,90.0,0.0,19.14099999999999
2006-08-20 01:00:00,0.0,0.0,30.81,29.67,21.14,15.106,66.51400000000001,0.0,0.0
2006-08-20 02:00:00,0.0,0.0,31.5,28.77,20.23,16.682,63.818,0.0,0.0
2006-08-20 03:00:00,0.0,0.0,33.56,29.66,19.78,18.820999999999998,64.179,0.0,0.0
2006-08-20 04:00:00,0.0,0.0,39.19,31.94,20.2,20.378000000000004,70.952,0.0,0.0
2006-08-20 05:00:00,0.0,0.0,44.43,35.45,24.2,27.133,76.947,0.0,0.0
2006-08-20 06:00:00,0.0,0.0,47.84,38.61,29.58,41.344,74.686,0.0,0.0
2006-08-20 07:00:00,0.0,0.0,49.55,40.89,33.58,63.747,60.272999999999996,0.0,0.0
2006-08-20 08:00:00,0.0,0.0,51.28,42.2,35.57,83.26499999999999,70.0,0.0,24.214999999999986
2006-08-20 09:00:00,0.0,0.0,52.74,43.12,36.26,96.67699999999999,35.44299999999999,0.0,0.0
2006-08-20 10:00:00,0.0,0.0,52.4,44.02,36.74,103.47199999999998,29.688000000000017,0.0,0.0
2006-08-20 11:00:00,0.0,0.0,51.37,43.11,36.93,105.975,70.0,0.0,44.56499999999998
2006-08-20 12:00:00,0.0,0.0,50.07,42.26,36.44,105.36700000000002,23.402999999999984,0.0,0.0
2006-08-20 13:00:00,0.0,0.0,49.07,40.91,35.83,101.77699999999999,50.0,0.0,25.967
2006-08-20 14:00:00,0.0,0.0,48.01,39.64,35.58,95.85199999999999,27.378,0.0,0.0
2006-08-20 15:00:00,0.0,0.0,47.86,39.01,36.49,87.37699999999998,35.98300000000001,0.0,0.0
2006-08-20 16:00:00,0.0,0.0,47.95,39.91,37.62,75.67699999999999,70.0,0.0,20.19699999999999
2006-08-20 17:00:00,0.0,0.0,47.37,40.73,37.74,56.532000000000004,69.308,0.0,0.0
2006-08-20 18:00:00,0.0,0.0,45.18,39.11,36.96,36.518,84.732,0.0,0.0
2006-08-20 19:00:00,0.0,0.0,42.82,37.74,35.53,26.91,89.18,0.0,0.0
2006-08-20 20:00:00,0.0,0.0,40.63,39.54,33.93,29.339000000000002,84.761,0.0,0.0
2006-08-20 21:00:00,0.0,0.0,36.94,40.49,31.68,31.53,77.57999999999998,0.0,0.0
2006-08-20 22:00:00,0.0,0.0,33.88,36.91,27.99,30.929000000000002,67.85099999999998,0.0,0.0
2006-08-20 23:00:00,0.0,0.0,31.96,33.77,24.26,30.060000000000002,59.930000000000014,0.0,0.0
2006-08-21 00:00:00,0.0,0.0,42.49,38.7,25.21,29.615000000000002,76.78500000000001,0.0,0.0
2006-08-21 01:00:00,0.0,0.0,42.38,36.44,23.57,29.662000000000003,90.0,0.0,17.272000000000013
2006-08-21 02:00:00,0.0,0.0,43.07,35.54,22.66,28.944,72.32599999999998,0.0,0.0
2006-08-21 03:00:00,0.0,0.0,45.14,36.43,22.21,28.125,89.33809141274241,0.0,13.683091412742385
2006-08-21 04:00:00,0.0,0.0,50.75,38.72,22.62,28.144,83.946,0.0,0.0
2006-08-21 05:00:00,0.0,0.0,55.99,42.24,26.6,34.056,90.0,0.7740000000000009,0.0
2006-08-21 06:00:00,0.0,0.0,59.41,45.39,31.98,49.544,87.236,0.0,0.0
2006-08-21 07:00:00,0.0,0.0,61.12,47.66,35.99,70.56199999999998,74.208,0.0,0.0
2006-08-21 08:00:00,0.0,0.0,62.84,48.96,37.99,87.93299999999999,61.85699999999999,0.0,0.0
2006-08-21 09:00:00,0.0,0.0,64.3,49.87,38.68,99.09000000000002,90.0,0.0,36.24000000000001
2006-08-21 10:00:00,0.0,0.0,63.96,50.77,39.16,105.098,90.0,0.0,41.20799999999999
2006-08-21 11:00:00,0.0,0.0,62.93,49.86,39.34,107.85199999999999,44.27799999999999,0.0,0.0
2006-08-21 12:00:00,0.0,0.0,61.63,49.0,38.86,107.54499999999999,70.0,0.0,28.055000000000007
2006-08-21 13:00:00,0.0,0.0,60.63,47.65,38.26,102.58,43.95999999999999,0.0,0.0
2006-08-21 14:00:00,0.0,0.0,59.58,46.38,38.0,94.464,49.496000000000016,0.0,0.0
2006-08-21 15:00:00,0.0,0.0,59.43,45.75,38.92,82.48100000000001,90.0,0.0,28.381000000000007
2006-08-21 16:00:00,0.0,0.0,59.54,46.67,40.06,67.32900000000001,90.0,0.0,11.058999999999997
2006-08-21 17:00:00,0.0,0.0,58.98,47.53,40.21,46.155,90.0,5.565000000000026,0.0
2006-08-21 18:00:00,0.0,0.0,56.8,45.93,39.45,27.847,90.0,19.33300000000001,0.0
2006-08-21 19:00:00,0.0,0.0,54.42,44.55,38.02,19.487000000000002,90.0,22.503000000000014,0.0
2006-08-21 20:00:00,0.0,0.0,52.21,46.3,36.39,20.543,90.0,19.357,0.0
2006-08-21 21:00:00,0.0,0.0,48.52,47.23,34.11,21.17,90.0,13.690000000000012,0.0
2006-08-21 22:00:00,0.0,0.0,45.46,43.68,30.41,19.168999999999997,90.0,5.381000000000005,0.0
2006-08-21 23:00:00,0.0,0.0,43.54,40.55,26.69,17.455,90.0,0.0,0.0
2006-08-22 00:00:00,0.0,0.0,44.25,39.66,25.56,16.113,90.0,0.0,1.6430000000000007
2006-08-22 01:00:00,0.0,0.0,44.15,37.41,23.93,14.641,90.0,0.0,0.0
2006-08-22 02:00:00,0.0,0.0,44.83,36.5,23.03,13.904,90.0,0.0,4.543999999999997
2006-08-22 03:00:00,0.0,0.0,46.91,37.38,22.57,13.722999999999999,90.0,0.0,0.0
2006-08-22 04:00:00,0.0,0.0,52.51,39.7,22.98,13.909999999999998,90.0,6.280000000000015,0.0
2006-08-22 05:00:00,0.0,0.0,57.74,43.22,26.93,18.059,90.0,14.831000000000019,0.0
2006-08-22 06:00:00,0.0,0.0,61.16,46.36,32.31,27.963,90.0,16.867,0.0
2006-08-22 07:00:00,0.0,0.0,62.87,48.62,36.32,46.217999999999996,90.0,6.591999999999999,0.0
2006-08-22 08:00:00,0.0,0.0,64.59,49.92,38.33,62.076,90.0,0.0,2.5693333333333186
2006-08-22 09:00:00,0.0,0.0,66.05,50.82,39.03,73.062,90.0,0.0,7.162000000000006
2006-08-22 10:00:00,0.0,0.0,65.72,51.72,39.5,80.932,90.0,0.0,15.658666666666676
2006-08-22 11:00:00,0.0,0.0,64.69,50.81,39.69,85.162,90.0,0.0,21.154759926131195
2006-08-22 12:00:00,0.0,0.0,63.39,49.94,39.21,86.64099999999999,90.0,0.0,27.434333333333342
2006-08-22 13:00:00,0.0,0.0,62.38,48.58,38.61,84.873,90.0,0.0,26.96966666666667
2006-08-22 14:00:00,0.0,0.0,61.33,47.31,38.36,79.422,90.0,0.0,22.421999999999997
2006-08-22 15:00:00,0.0,0.0,61.2,46.69,39.28,70.432,90.0,0.0,14.928666666666658
2006-08-22 16:00:00,0.0,0.0,61.33,47.63,40.44,57.562999999999995,90.0,0.0,0.0
2006-08-22 17:00:00,0.0,0.0,60.79,48.53,40.62,40.227999999999994,96.45828000000002,8.253720000000001,0.0
2006-08-22 18:00:00,0.0,0.0,58.61,46.94,39.87,26.186000000000003,90.0,24.233999999999998,0.0
2006-08-22 19:00:00,0.0,0.0,56.22,45.54,38.44,22.768,90.0,22.431999999999988,0.0
2006-08-22 20:00:00,0.0,0.0,53.98,47.24,36.79,24.936,90.0,18.073999999999998,0.0
2006-08-22 21:00:00,0.0,0.0,50.3,48.17,34.47,27.073,100.867,0.0,0.0
2006-08-22 22:00:00,0.0,0.0,47.23,44.65,30.77,27.4,90.25,0.0,0.0
2006-08-22 23:00:00,0.0,0.0,45.31,41.52,27.04,26.716,90.0,0.0,7.845999999999988
2006-08-23 00:00:00,0.0,0.0,44.71,40.09,26.14,24.23,90.0,0.0,8.28999999999999
2006-08-23 01:00:00,0.0,0.0,44.6,37.85,24.53,23.605,90.0,0.0,11.624999999999984
2006-08-23 02:00:00,0.0,0.0,45.29,36.93,23.62,21.991999999999997,90.0,0.0,11.151999999999987
2006-08-23 03:00:00,0.0,0.0,47.38,37.81,23.16,20.349999999999998,90.0,0.0,7.000000000000009
2006-08-23 04:00:00,0.0,0.0,52.96,40.14,23.57,19.169,90.0,2.5009999999999852,0.0
2006-08-23 05:00:00,0.0,0.0,58.19,43.66,27.5,21.319000000000003,103.03099999999999,0.0,0.0
2006-08-23 06:00:00,0.0,0.0,61.61,46.8,32.87,30.456999999999997,90.0,15.822999999999979,0.0
2006-08-23 07:00:00,0.0,0.0,63.32,49.06,36.9,44.691,90.0,9.588999999999999,0.0
2006-08-23 08:00:00,0.0,0.0,65.03,50.35,38.91,56.013,93.277,0.0,0.0
2006-08-23 09:00:00,0.0,0.0,66.49,51.24,39.61,65.11699999999999,90.0,0.0,2.777000000000001
2006-08-23 10:00:00,0.0,0.0,66.16,52.13,40.08,72.2,90.0,0.0,8.829999999999998
2006-08-23 11:00:00,0.0,0.0,65.14,51.23,40.26,76.356,90.0,0.0,14.725999999999999
2006-08-23 12:00:00,0.0,0.0,63.83,50.35,39.79,75.33200000000001,90.0,0.0,16.36200000000001
2006-08-23 13:00:00,0.0,0.0,62.83,48.99,39.2,70.444,90.0,0.0,14.423999999999992
2006-08-23 14:00:00,0.0,0.0,61.78,47.71,38.95,62.215999999999994,90.0,0.0,8.775999999999982
2006-08-23 15:00:00,0.0,0.0,61.65,47.09,39.87,51.391,90.0,2.2189999999999985,0.0
2006-08-23 16:00:00,0.0,0.0,61.81,48.05,41.06,39.58500000000001,106.33500000000001,0.0,0.0
2006-08-23 17:00:00,0.0,0.0,61.28,48.99,41.26,25.848,90.0,30.682000000000016,0.0
2006-08-23 18:00:00,0.0,0.0,59.11,47.43,40.52,13.893999999999998,110.0,18.166000000000025,0.0
2006-08-23 19:00:00,0.0,0.0,56.7,46.01,39.09,9.511000000000001,115.0,12.289000000000001,0.0
2006-08-23 20:00:00,0.0,0.0,54.44,47.66,37.41,10.674,90.0,33.83600000000001,0.0
2006-08-23 21:00:00,0.0,0.0,50.77,48.59,35.07,12.359,110.0,7.071000000000026,0.0
2006-08-23 22:00:00,0.0,0.0,47.7,45.09,31.36,13.380999999999998,105.769,0.0,0.0
2006-08-23 23:00:00,0.0,0.0,45.77,41.96,27.63,13.322999999999999,97.037,0.0,0.0
2006-08-24 00:00:00,0.0,0.0,44.25,40.1,26.94,12.928,93.36200000000001,0.0,0.0
2006-08-24 01:00:00,0.0,0.0,44.13,37.85,25.34,12.393,90.0,0.0,0.07299999999999329
2006-08-24 02:00:00,0.0,0.0,44.83,36.93,24.43,11.975999999999999,90.0,0.0,0.7860000000000014
2006-08-24 03:00:00,0.0,0.0,46.92,37.81,23.97,11.829,90.0,1.8710000000000147,0.0
2006-08-24 04:00:00,0.0,0.0,52.49,40.16,24.38,11.764,90.0,10.266000000000005,0.0
2006-08-24 05:00:00,0.0,0.0,57.72,43.68,28.28,13.363,111.31700000000001,0.0,0.0
2006-08-24 06:00:00,0.0,0.0,61.14,46.81,33.64,21.275000000000002,110.0,5.315000000000012,0.0
2006-08-24 07:00:00,0.0,0.0,62.85,49.06,37.68,33.347,111.24300000000001,0.0,0.0
2006-08-24 08:00:00,0.0,0.0,64.55,50.34,39.7,46.429,103.161,0.0,0.0
2006-08-24 09:00:00,0.0,0.0,66.01,51.23,40.4,57.766999999999996,90.0,4.873000000000033,0.0
2006-08-24 10:00:00,0.0,0.0,65.69,52.11,40.87,64.369,90.0,0.0,0.6989999999999865
2006-08-24 11:00:00,0.0,0.0,64.67,51.21,41.06,67.264,90.0,0.0,5.323999999999998
2006-08-24 12:00:00,0.0,0.0,63.36,50.33,40.59,67.70400000000001,90.0,0.0,8.424000000000007
2006-08-24 13:00:00,0.0,0.0,62.35,48.96,40.0,65.08500000000001,90.0,0.0,8.775000000000006
2006-08-24 14:00:00,0.0,0.0,61.31,47.69,39.75,60.122,90.0,0.0,6.371999999999974
2006-08-24 15:00:00,0.0,0.0,61.19,47.07,40.67,52.338,90.0,1.5919999999999987,0.0
2006-08-24 16:00:00,0.0,0.0,61.37,48.05,41.88,42.341,103.95899999999999,0.0,0.0
2006-08-24 17:00:00,0.0,0.0,60.86,49.03,42.11,28.591,110.0,8.409000000000002,0.0
2006-08-24 18:00:00,0.0,0.0,58.7,47.48,41.38,14.872,115.0,12.688000000000004,0.0
2006-08-24 19:00:00,0.0,0.0,56.27,46.05,39.95,8.737,90.0,38.53300000000002,0.0
2006-08-24 20:00:00,0.0,0.0,53.99,47.65,38.26,9.419,110.0,15.480999999999966,0.0
2006-08-24 21:00:00,0.0,0.0,50.32,48.57,35.88,9.607,115.0,5.1629999999999825,0.0
2006-08-24 22:00:00,0.0,0.0,47.25,45.09,32.16,8.938,110.0,0.5620000000000172,0.0
2006-08-24 23:00:00,0.0,0.0,45.31,41.97,28.44,8.838000000000001,90.0,11.882000000000016,0.0
2006-08-25 00:00:00,0.0,0.0,43.04,39.37,26.57,8.965,95.015,0.0,0.0
2006-08-25 01:00:00,0.0,0.0,42.93,37.13,24.98,9.078000000000001,90.962,0.0,0.0
2006-08-25 02:00:00,0.0,0.0,43.62,36.19,24.07,8.594,90.0,0.28600000000000136,0.0
2006-08-25 03:00:00,0.0,0.0,45.72,37.08,23.61,7.812,93.59800000000001,0.0,0.0
2006-08-25 04:00:00,0.0,0.0,51.28,39.44,24.01,6.984,90.0,12.74600000000001,0.0
2006-08-25 05:00:00,0.0,0.0,56.5,42.97,27.88,8.967,109.73524500000025,3.647754999999755,0.0
2006-08-25 06:00:00,0.0,0.0,59.93,46.09,33.25,17.118,115.0,2.15200000000001,0.0
2006-08-25 07:00:00,0.0,0.0,61.64,48.33,37.3,29.675,112.59500000000003,0.0,0.0
2006-08-25 08:00:00,0.0,0.0,63.34,49.6,39.32,41.393,105.86699999999999,0.0,0.0
2006-08-25 09:00:00,0.0,0.0,64.79,50.49,40.03,51.597,98.71300000000001,0.0,0.0
2006-08-25 10:00:00,0.0,0.0,64.48,51.36,40.49,58.937,92.393,0.0,0.0
2006-08-25 11:00:00,0.0,0.0,63.45,50.46,40.68,62.971000000000004,90.0,0.0,3.380999999999972
2006-08-25 12:00:00,0.0,0.0,62.15,49.58,40.22,63.543,90.0,0.0,6.592999999999989
2006-08-25 13:00:00,0.0,0.0,61.14,48.2,39.63,61.205,90.0,0.0,7.234999999999985
2006-08-25 14:00:00,0.0,0.0,60.1,46.93,39.38,55.33,90.0,0.0,3.9200000000000017
2006-08-25 15:00:00,0.0,0.0,59.99,46.31,40.3,47.202,90.0,4.398000000000023,0.0
2006-08-25 16:00:00,0.0,0.0,60.19,47.31,41.54,37.697,106.343,0.0,0.0
2006-08-25 17:00:00,0.0,0.0,59.7,48.33,41.8,27.198,90.0,27.63199999999999,0.0
2006-08-25 18:00:00,0.0,0.0,57.54,46.8,41.08,18.247,122.173,0.0,0.0
2006-08-25 19:00:00,0.0,0.0,55.1,45.35,39.64,10.562,110.0,14.528000000000006,0.0
2006-08-25 20:00:00,0.0,0.0,52.8,46.9,37.93,11.207,121.42299999999999,0.0,0.0
2006-08-25 21:00:00,0.0,0.0,49.13,47.81,35.51,10.498000000000001,90.0,26.952000000000027,0.0
2006-08-25 22:00:00,0.0,0.0,46.06,44.36,31.79,8.897,90.0,18.312999999999988,0.0
2006-08-25 23:00:00,0.0,0.0,44.12,41.25,28.07,7.691999999999999,100.74800000000002,0.0,0.0
2006-08-26 00:00:00,0.0,0.0,34.83,34.27,23.77,6.567,90.0,0.0,3.6969999999999885
2006-08-26 01:00:00,0.0,0.0,34.72,32.03,22.19,6.079000000000001,90.0,0.0,7.13900000000001
2006-08-26 02:00:00,0.0,0.0,35.42,31.1,21.28,6.254999999999999,90.0,0.0,8.455000000000005
2006-08-26 03:00:00,0.0,0.0,37.52,31.98,20.82,6.364000000000001,90.0,0.0,6.368833795013831
2006-08-26 04:00:00,0.0,0.0,43.07,34.36,21.21,6.772,90.0,0.0,0.0
2006-08-26 05:00:00,0.0,0.0,48.28,37.89,25.06,9.081,90.0,7.149000000000002,0.0
2006-08-26 06:00:00,0.0,0.0,51.71,41.01,30.42,17.656000000000002,90.0,10.484000000000009,0.0
2006-08-26 07:00:00,0.0,0.0,53.42,43.23,34.48,30.605,90.0,5.524999999999977,0.0
2006-08-26 08:00:00,0.0,0.0,55.11,44.5,36.52,42.866,90.0,0.0,0.0
2006-08-26 09:00:00,0.0,0.0,56.56,45.38,37.22,53.846000000000004,90.0,0.0,4.686000000000007
2006-08-26 10:00:00,0.0,0.0,56.26,46.25,37.68,61.525999999999996,78.66400000000002,0.0,0.0
2006-08-26 11:00:00,0.0,0.0,55.24,45.35,37.87,67.33800000000001,85.32621606648202,0.0,14.204216066482033
2006-08-26 12:00:00,0.0,0.0,53.94,44.46,37.41,72.426,70.0,0.0,6.6159999999999854
2006-08-26 13:00:00,0.0,0.0,52.92,43.08,36.83,73.729,59.101,0.0,0.0
2006-08-26 14:00:00,0.0,0.0,51.88,41.8,36.59,70.647,90.0,0.0,30.377000000000002
2006-08-26 15:00:00,0.0,0.0,51.78,41.19,37.51,63.565,70.0,0.0,3.085000000000001
2006-08-26 16:00:00,0.0,0.0,52.01,42.21,38.76,54.014,90.0,0.0,11.033999999999992
2006-08-26 17:00:00,0.0,0.0,51.53,43.26,39.05,41.732000000000006,90.0,2.108000000000004,0.0
2006-08-26 18:00:00,0.0,0.0,49.38,41.76,38.34,28.494,90.0,10.985999999999995,0.0
2006-08-26 19:00:00,0.0,0.0,46.93,40.29,36.91,15.058,90.0,19.072000000000003,0.0
2006-08-26 20:00:00,0.0,0.0,44.6,41.79,35.17,12.952000000000002,90.0,18.608000000000004,0.0
2006-08-26 21:00:00,0.0,0.0,40.94,42.7,32.72,14.455,90.0,11.905000000000001,0.0
2006-08-26 22:00:00,0.0,0.0,37.86,39.27,28.99,15.622,90.0,0.49800000000001887,0.0
2006-08-26 23:00:00,0.0,0.0,35.91,36.16,25.27,16.771,80.56899999999999,0.0,0.0
2006-08-27 00:00:00,0.0,0.0,31.16,31.95,23.38,16.116999999999997,70.373,0.0,0.0
2006-08-27 01:00:00,0.0,0.0,31.04,29.71,21.8,16.627,65.923,0.0,0.0
2006-08-27 02:00:00,0.0,0.0,31.74,28.76,20.89,16.798,70.0,0.0,5.407999999999994
2006-08-27 03:00:00,0.0,0.0,33.86,29.65,20.44,17.476,66.47399999999999,0.0,0.0
2006-08-27 04:00:00,0.0,0.0,39.39,32.04,20.82,20.255,71.99499999999998,0.0,0.0
2006-08-27 05:00:00,0.0,0.0,44.6,35.57,24.65,25.192999999999998,79.62699999999998,0.0,0.0
2006-08-27 06:00:00,0.0,0.0,48.03,38.69,30.01,40.166999999999994,76.563,0.0,0.0
2006-08-27 07:00:00,0.0,0.0,49.74,40.9,34.08,56.017999999999994,68.702,0.0,0.0
2006-08-27 08:00:00,0.0,0.0,51.43,42.17,36.12,77.58200000000001,52.138000000000005,0.0,0.0
2006-08-27 09:00:00,0.0,0.0,52.88,43.04,36.82,92.41799999999999,60.321999999999996,0.0,20.0
2006-08-27 10:00:00,0.0,0.0,52.58,43.9,37.28,103.659,30.101000000000006,0.0,0.0
2006-08-27 11:00:00,0.0,0.0,51.56,43.01,37.47,111.689,20.351,0.0,0.0
2006-08-27 12:00:00,0.0,0.0,50.26,42.11,37.02,113.98700000000002,15.402999999999999,0.0,0.0
2006-08-27 13:00:00,0.0,0.0,49.24,40.72,36.44,113.102,73.29799999999999,0.0,60.0
2006-08-27 14:00:00,0.0,0.0,48.2,39.44,36.2,107.786,70.0,0.0,53.945999999999984
2006-08-27 15:00:00,0.0,0.0,48.11,38.83,37.12,98.22900000000001,25.831000000000003,0.0,0.0
2006-08-27 16:00:00,0.0,0.0,48.36,39.88,38.4,81.626,45.014,0.0,0.0
2006-08-27 17:00:00,0.0,0.0,47.9,40.97,38.71,56.546,71.03399999999999,0.0,0.0
2006-08-27 18:00:00,0.0,0.0,45.76,39.48,38.02,32.089,90.0,1.1709999999999923,0.0
2006-08-27 19:00:00,0.0,0.0,43.29,37.99,36.58,23.981,90.0,3.879000000000005,0.0
2006-08-27 20:00:00,0.0,0.0,40.93,39.45,34.82,26.624000000000002,88.57600000000002,0.0,0.0
2006-08-27 21:00:00,0.0,0.0,37.28,40.35,32.34,27.916000000000004,82.054,0.0,0.0
2006-08-27 22:00:00,0.0,0.0,34.2,36.95,28.6,28.102,71.64800000000001,0.0,0.0
2006-08-27 23:00:00,0.0,0.0,32.25,33.84,24.88,28.419,62.55099999999999,0.0,0.0
2006-08-28 00:00:00,0.0,0.0,43.27,38.72,26.04,29.393,78.63700000000001,0.0,0.0
2006-08-28 01:00:00,0.0,0.0,43.15,36.48,24.48,29.064,75.04599999999999,0.0,0.0
2006-08-28 02:00:00,0.0,0.0,43.86,35.53,23.56,29.319,73.63100000000001,0.0,0.0
2006-08-28 03:00:00,0.0,0.0,45.98,36.41,23.11,30.709000000000003,74.791,0.0,0.0
2006-08-28 04:00:00,0.0,0.0,51.49,38.82,23.49,31.636,82.16399999999999,0.0,0.0
2006-08-28 05:00:00,0.0,0.0,56.7,42.36,27.29,36.553999999999995,90.0,0.0,0.20399999999999352
2006-08-28 06:00:00,0.0,0.0,60.13,45.46,32.64,49.802,88.428,0.0,0.0
2006-08-28 07:00:00,0.0,0.0,61.85,47.67,36.73,68.813,77.43699999999998,0.0,0.0
2006-08-28 08:00:00,0.0,0.0,63.53,48.93,38.77,90.315,60.915,0.0,0.0
2006-08-28 09:00:00,0.0,0.0,64.97,49.79,39.48,100.574,53.666000000000004,0.0,0.0
2006-08-28 10:00:00,0.0,0.0,64.68,50.65,39.94,107.527,47.743,0.0,0.0
2006-08-28 11:00:00,0.0,0.0,63.66,49.76,40.13,111.33500000000001,51.33245429362882,0.0,9.117454293628827
2006-08-28 12:00:00,0.0,0.0,62.36,48.85,39.68,112.18499999999999,38.70499999999999,0.0,0.0
2006-08-28 13:00:00,0.0,0.0,61.34,47.46,39.1,109.44200000000001,50.0,0.0,11.541999999999984
2006-08-28 14:00:00,0.0,0.0,60.31,46.18,38.87,103.807,41.553,0.0,0.0
2006-08-28 15:00:00,0.0,0.0,60.22,45.57,39.79,94.854,50.726,0.0,0.0
2006-08-28 16:00:00,0.0,0.0,60.5,46.64,41.08,83.01200000000001,90.0,0.0,24.792
2006-08-28 17:00:00,0.0,0.0,60.05,47.77,41.43,68.45100000000001,80.799,0.0,0.0
2006-08-28 18:00:00,0.0,0.0,57.92,46.3,40.75,56.193000000000005,88.77700000000002,0.0,0.0
2006-08-28 19:00:00,0.0,0.0,55.43,44.8,39.3,45.638000000000005,90.0,3.891999999999996,0.0
2006-08-28 20:00:00,0.0,0.0,53.06,46.2,37.52,43.401,90.0,3.379000000000019,0.0
2006-08-28 21:00:00,0.0,0.0,49.41,47.1,35.01,45.511,86.00899999999999,0.0,0.0
2006-08-28 22:00:00,0.0,0.0,46.32,43.72,31.26,46.208999999999996,90.0,0.0,14.908999999999992
2006-08-28 23:00:00,0.0,0.0,44.37,40.62,27.55,46.775000000000006,65.76499999999999,0.0,0.0
2006-08-29 00:00:00,0.0,0.0,45.49,41.72,26.68,48.023999999999994,65.866,0.0,0.0
2006-08-29 01:00:00,0.0,0.0,45.38,39.49,25.12,47.672,62.31800000000002,0.0,0.0
2006-08-29 02:00:00,0.0,0.0,46.08,38.53,24.21,47.39,61.43000000000001,0.0,0.0
2006-08-29 03:00:00,0.0,0.0,48.21,39.41,23.75,46.21,65.16,0.0,0.0
2006-08-29 04:00:00,0.0,0.0,53.71,41.84,24.13,45.904999999999994,73.775,0.0,0.0
2006-08-29 05:00:00,0.0,0.0,58.91,45.38,27.91,48.038999999999994,84.161,0.0,0.0
2006-08-29 06:00:00,0.0,0.0,62.35,48.48,33.26,58.697,85.39299999999999,0.0,0.0
2006-08-29 07:00:00,0.0,0.0,64.06,50.68,37.35,76.176,75.914,0.0,0.0
2006-08-29 08:00:00,0.0,0.0,65.74,51.93,39.4,95.881,61.18899999999999,0.0,0.0
2006-08-29 09:00:00,0.0,0.0,67.18,52.78,40.11,108.386,70.0,0.0,18.31599999999999
2006-08-29 10:00:00,0.0,0.0,66.89,53.64,40.57,114.96499999999999,46.135000000000005,0.0,0.0
2006-08-29 11:00:00,0.0,0.0,65.88,52.75,40.76,117.316,70.0,0.0,27.926000000000002
2006-08-29 12:00:00,0.0,0.0,64.58,51.83,40.32,117.481,70.0,0.0,30.751000000000012
2006-08-29 13:00:00,0.0,0.0,63.55,50.44,39.74,115.148,50.0,0.0,11.418
2006-08-29 14:00:00,0.0,0.0,62.52,49.16,39.51,109.113,70.0,0.0,27.923000000000016
2006-08-29 15:00:00,0.0,0.0,62.45,48.55,40.43,99.662,51.768000000000015,0.0,0.0
2006-08-29 16:00:00,0.0,0.0,62.75,49.64,41.75,84.41900000000001,69.72099999999999,0.0,0.0
2006-08-29 17:00:00,0.0,0.0,62.32,50.8,42.12,64.92999999999999,90.0,0.3100000000000165,0.0
2006-08-29 18:00:00,0.0,0.0,60.19,49.36,41.45,48.28499999999999,90.0,12.71499999999999,0.0
2006-08-29 19:00:00,0.0,0.0,57.69,47.84,40.01,38.003,90.0,17.536999999999985,0.0
2006-08-29 20:00:00,0.0,0.0,55.29,49.19,38.2,35.638,90.0,17.042000000000005,0.0
2006-08-29 21:00:00,0.0,0.0,51.64,50.08,35.65,36.153,90.0,11.216999999999999,0.0
2006-08-29 22:00:00,0.0,0.0,48.55,46.73,31.9,36.76499999999999,90.0,0.41499999999999204,0.0
2006-08-29 23:00:00,0.0,0.0,46.6,43.63,28.19,36.71,81.71000000000001,0.0,0.0
2006-08-30 00:00:00,0.0,0.0,45.79,42.13,27.56,36.657,78.823,0.0,0.0
2006-08-30 01:00:00,0.0,0.0,45.67,39.9,26.02,35.462,76.12800000000001,0.0,0.0
2006-08-30 02:00:00,0.0,0.0,46.37,38.93,25.1,34.580999999999996,75.81900000000002,0.0,0.0
2006-08-30 03:00:00,0.0,0.0,48.51,39.82,24.64,34.677,78.293,0.0,0.0
2006-08-30 04:00:00,0.0,0.0,54.0,42.26,25.02,34.13399999999999,87.14599999999999,0.0,0.0
2006-08-30 05:00:00,0.0,0.0,59.2,45.8,28.77,36.726,90.0,7.044000000000008,0.0
2006-08-30 06:00:00,0.0,0.0,62.63,48.89,34.11,47.828,90.0,7.802000000000003,0.0
2006-08-30 07:00:00,0.0,0.0,64.35,51.08,38.22,66.155,87.495,0.0,0.0
2006-08-30 08:00:00,0.0,0.0,66.02,52.33,40.28,85.197,73.433,0.0,0.0
2006-08-30 09:00:00,0.0,0.0,67.46,53.18,40.99,95.898,65.732,0.0,0.0
2006-08-30 10:00:00,0.0,0.0,67.18,54.03,41.44,97.54099999999998,65.10900000000001,0.0,0.0
2006-08-30 11:00:00,0.0,0.0,66.16,53.14,41.63,96.73299999999999,64.197,0.0,0.0
2006-08-30 12:00:00,0.0,0.0,64.86,52.22,41.2,95.861,62.419,0.0,0.0
2006-08-30 13:00:00,0.0,0.0,63.84,50.82,40.63,95.076,70.0,0.0,9.786000000000008
2006-08-30 14:00:00,0.0,0.0,62.81,49.54,40.39,92.768,59.97199999999999,0.0,0.0
2006-08-30 15:00:00,0.0,0.0,62.74,48.93,41.32,86.65599999999999,66.334,0.0,0.0
2006-08-30 16:00:00,0.0,0.0,63.07,50.04,42.66,76.687,79.083,0.0,0.0
2006-08-30 17:00:00,0.0,0.0,62.65,51.24,43.06,61.874,90.0,5.076000000000008,0.0
2006-08-30 18:00:00,0.0,0.0,60.53,49.82,42.4,48.19500000000001,90.0,14.554999999999978,0.0
2006-08-30 19:00:00,0.0,0.0,58.02,48.28,40.95,43.736,90.0,13.51400000000001,0.0
2006-08-30 20:00:00,0.0,0.0,55.59,49.58,39.13,47.793,90.0,6.506999999999998,0.0
2006-08-30 21:00:00,0.0,0.0,51.95,50.47,36.54,49.831,89.12899999999999,0.0,0.0
2006-08-30 22:00:00,0.0,0.0,48.86,47.14,32.79,48.321999999999996,80.46799999999999,0.0,0.0
2006-08-30 23:00:00,0.0,0.0,46.9,44.05,29.08,46.23400000000001,73.79599999999999,0.0,0.0
2006-08-31 00:00:00,0.0,0.0,44.76,40.12,25.88,44.912,65.84799999999998,0.0,0.0
2006-08-31 01:00:00,0.0,0.0,44.64,37.89,24.35,45.188,61.69200000000001,0.0,0.0
2006-08-31 02:00:00,0.0,0.0,45.34,36.92,23.43,44.02100000000001,61.669000000000025,0.0,0.0
2006-08-31 03:00:00,0.0,0.0,47.49,37.8,22.97,45.072,70.0,0.0,6.812000000000005
2006-08-31 04:00:00,0.0,0.0,52.96,40.26,23.34,44.18,72.38000000000001,0.0,0.0
2006-08-31 05:00:00,0.0,0.0,58.15,43.8,27.07,45.508,83.51199999999999,0.0,0.0
2006-08-31 06:00:00,0.0,0.0,61.59,46.89,32.41,54.577999999999996,86.31200000000001,0.0,0.0
2006-08-31 07:00:00,0.0,0.0,63.31,49.07,36.53,67.298,81.61200000000002,0.0,0.0
2006-08-31 08:00:00,0.0,0.0,64.97,50.31,38.59,80.57600000000001,73.29400000000001,0.0,0.0
2006-08-31 09:00:00,0.0,0.0,66.41,51.15,39.3,91.06299999999999,90.0,0.0,24.203000000000003
2006-08-31 10:00:00,0.0,0.0,66.13,51.99,39.75,100.52800000000002,57.34199999999998,0.0,0.0
2006-08-31 11:00:00,0.0,0.0,65.12,51.11,39.94,108.73700000000001,47.43299999999999,0.0,0.0
2006-08-31 12:00:00,0.0,0.0,63.82,50.18,39.52,111.25600000000001,42.264,0.0,0.0
2006-08-31 13:00:00,0.0,0.0,62.8,48.78,38.95,108.388,42.141999999999996,0.0,0.0
2006-08-31 14:00:00,0.0,0.0,61.77,47.49,38.72,101.267,70.0,0.0,23.286999999999992
2006-08-31 15:00:00,0.0,0.0,61.71,46.89,39.64,89.44500000000001,58.79499999999999,0.0,0.0
2006-08-31 16:00:00,0.0,0.0,62.06,48.02,41.0,71.109,79.97100000000003,0.0,0.0
2006-08-31 17:00:00,0.0,0.0,61.66,49.26,41.43,48.256,90.0,14.093999999999994,0.0
2006-08-31 18:00:00,0.0,0.0,59.55,47.86,40.79,35.586999999999996,90.0,22.613,0.0
2006-08-31 19:00:00,0.0,0.0,57.02,46.3,39.34,33.711,90.0,18.949000000000012,0.0
2006-08-31 20:00:00,0.0,0.0,54.57,47.55,37.49,35.784,90.0,13.826000000000008,0.0
2006-08-31 21:00:00,0.0,0.0,50.94,48.43,34.87,38.260999999999996,90.0,5.979000000000003,0.0
2006-08-31 22:00:00,0.0,0.0,47.84,45.13,31.11,39.437000000000005,84.64300000000003,0.0,0.0
2006-08-31 23:00:00,0.0,0.0,45.87,42.04,27.4,40.894,74.41600000000001,0.0,0.0
2006-09-01 00:00:00,0.0,0.0,42.83,39.39,25.3,40.846,66.674,0.0,0.0
2006-09-01 01:00:00,0.0,0.0,42.71,37.17,23.79,41.544999999999995,62.12499999999999,0.0,0.0
2006-09-01 02:00:00,0.0,0.0,43.42,36.18,22.88,41.925,60.55500000000001,0.0,0.0
2006-09-01 03:00:00,0.0,0.0,45.58,37.06,22.42,42.106,62.95400000000001,0.0,0.0
2006-09-01 04:00:00,0.0,0.0,51.03,39.55,22.78,40.686,72.67399999999999,0.0,0.0
2006-09-01 05:00:00,0.0,0.0,56.21,43.1,26.46,40.488,85.28200000000001,0.0,0.0
2006-09-01 06:00:00,0.0,0.0,59.65,46.18,31.79,48.086999999999996,89.533,0.0,0.0
2006-09-01 07:00:00,0.0,0.0,61.37,48.34,35.93,62.352000000000004,83.288,0.0,0.0
2006-09-01 08:00:00,0.0,0.0,63.03,49.57,38.01,82.185,68.42499999999998,0.0,0.0
2006-09-01 09:00:00,0.0,0.0,64.46,50.39,38.72,100.24800000000002,53.321999999999974,0.0,0.0
2006-09-01 10:00:00,0.0,0.0,64.19,51.23,39.16,111.18,43.399999999999984,0.0,0.0
2006-09-01 11:00:00,0.0,0.0,63.18,50.35,39.36,115.49000000000001,37.400000000000006,0.0,0.0
2006-09-01 12:00:00,0.0,0.0,61.89,49.4,38.94,113.542,36.68799999999999,0.0,0.0
2006-09-01 13:00:00,0.0,0.0,60.85,47.99,38.38,107.067,40.15300000000001,0.0,0.0
2006-09-01 14:00:00,0.0,0.0,59.83,46.71,38.15,97.205,50.0,0.0,2.5150000000000006
2006-09-01 15:00:00,0.0,0.0,59.79,46.11,39.08,83.54700000000001,70.0,0.0,8.566999999999979
2006-09-01 16:00:00,0.0,0.0,60.19,47.28,40.48,65.86,90.0,0.0,7.910000000000011
2006-09-01 17:00:00,0.0,0.0,59.82,48.6,40.97,44.466,90.0,14.923999999999992,0.0
2006-09-01 18:00:00,0.0,0.0,57.72,47.23,40.34,24.888,90.0,30.401999999999973,0.0
2006-09-01 19:00:00,0.0,0.0,55.16,45.64,38.89,18.927999999999997,90.0,30.762,0.0
2006-09-01 20:00:00,0.0,0.0,52.66,46.79,37.0,19.805,90.0,26.644999999999982,0.0
2006-09-01 21:00:00,0.0,0.0,49.04,47.66,34.31,18.744,90.0,22.266000000000005,0.0
2006-09-01 22:00:00,0.0,0.0,45.94,44.41,30.54,17.956,90.0,12.933999999999989,0.0
2006-09-01 23:00:00,0.0,0.0,43.96,41.32,26.84,16.857999999999997,90.0,5.262000000000015,0.0
2006-09-02 00:00:00,0.0,0.0,34.64,34.3,23.98,16.843,76.077,0.0,0.0
2006-09-02 01:00:00,0.0,0.0,34.52,32.08,22.47,16.079,72.991,0.0,0.0
2006-09-02 02:00:00,0.0,0.0,35.23,31.08,21.56,15.522,72.348,0.0,0.0
2006-09-02 03:00:00,0.0,0.0,37.39,31.96,21.1,14.919,75.53099999999999,0.0,0.0
2006-09-02 04:00:00,0.0,0.0,42.83,34.47,21.46,15.048,83.71200000000002,0.0,0.0
2006-09-02 05:00:00,0.0,0.0,48.01,38.03,25.11,18.653000000000002,90.0,2.497,0.0
2006-09-02 06:00:00,0.0,0.0,51.45,41.09,30.43,30.715000000000003,90.0,2.255000000000006,0.0
2006-09-02 07:00:00,0.0,0.0,53.17,43.24,34.59,39.13399999999999,90.0,1.866000000000028,0.0
2006-09-02 08:00:00,0.0,0.0,54.82,44.46,36.67,53.334,82.61599999999999,0.0,0.0
2006-09-02 09:00:00,0.0,0.0,56.25,45.28,37.39,67.694,71.22600000000001,0.0,0.0
2006-09-02 10:00:00,0.0,0.0,55.99,46.11,37.83,78.747,61.18299999999999,0.0,0.0
2006-09-02 11:00:00,0.0,0.0,54.98,45.23,38.02,85.708,52.52200000000001,0.0,0.0
2006-09-02 12:00:00,0.0,0.0,53.69,44.29,37.61,89.134,50.0,0.0,3.5440000000000254
2006-09-02 13:00:00,0.0,0.0,52.65,42.87,37.05,86.63600000000001,45.93399999999999,0.0,0.0
2006-09-02 14:00:00,0.0,0.0,51.64,41.58,36.82,79.22999999999999,50.81,0.0,0.0
2006-09-02 15:00:00,0.0,0.0,51.6,40.99,37.75,70.936,59.40400000000002,0.0,0.0
2006-09-02 16:00:00,0.0,0.0,52.02,42.17,39.18,59.499,73.87100000000001,0.0,0.0
2006-09-02 17:00:00,0.0,0.0,51.67,43.53,39.69,46.11399999999999,88.77600000000001,0.0,0.0
2006-09-02 18:00:00,0.0,0.0,49.58,42.19,39.08,34.675,90.0,6.174999999999983,0.0
2006-09-02 19:00:00,0.0,0.0,47.0,40.57,37.63,30.951,90.0,4.249000000000007,0.0
2006-09-02 20:00:00,0.0,0.0,44.48,41.68,35.71,30.027000000000005,90.0,1.8430000000000142,0.0
2006-09-02 21:00:00,0.0,0.0,40.87,42.54,33.0,30.687,85.723,0.0,0.0
2006-09-02 22:00:00,0.0,0.0,37.76,39.32,29.21,32.225,74.06499999999998,0.0,0.0
2006-09-02 23:00:00,0.0,0.0,35.78,36.24,25.51,34.833,70.0,0.0,7.302999999999983
2006-09-03 00:00:00,0.0,0.0,30.86,31.97,22.25,36.611,70.0,0.0,21.531000000000006
2006-09-03 01:00:00,0.0,0.0,30.73,29.75,20.76,38.592999999999996,50.0,0.0,7.352999999999994
2006-09-03 02:00:00,0.0,0.0,31.45,28.75,19.84,38.754999999999995,50.0,0.0,8.71499999999999
2006-09-03 03:00:00,0.0,0.0,33.62,29.63,19.38,42.325,40.30499999999999,0.0,0.0
2006-09-03 04:00:00,0.0,0.0,39.04,32.15,19.73,48.022999999999996,70.0,0.0,27.103
2006-09-03 05:00:00,0.0,0.0,44.21,35.71,23.36,54.126000000000005,49.153999999999996,0.0,0.0
2006-09-03 06:00:00,0.0,0.0,47.66,38.77,28.68,62.806,52.303999999999995,0.0,0.0
2006-09-03 07:00:00,0.0,0.0,49.38,40.91,32.85,76.25699999999999,70.0,0.0,23.117000000000004
2006-09-03 08:00:00,0.0,0.0,51.03,42.13,34.94,88.825,40.0,0.0,0.7249999999999943
2006-09-03 09:00:00,0.0,0.0,52.45,42.94,35.66,98.22,32.829999999999984,0.0,0.0
2006-09-03 10:00:00,0.0,0.0,52.2,43.77,36.09,107.366,24.69400000000001,0.0,0.0
2006-09-03 11:00:00,0.0,0.0,51.19,42.89,36.29,115.93900000000001,14.430999999999997,0.0,0.0
2006-09-03 12:00:00,0.0,0.0,49.9,41.93,35.88,119.754,7.95600000000001,0.0,0.0
2006-09-03 13:00:00,0.0,0.0,48.86,40.51,35.33,118.859,20.0,0.0,14.159000000000006
2006-09-03 14:00:00,0.0,0.0,47.85,39.22,35.1,114.148,20.0,0.0,11.977999999999994
2006-09-03 15:00:00,0.0,0.0,47.82,38.63,36.03,107.29300000000002,40.0,0.0,24.81300000000001
2006-09-03 16:00:00,0.0,0.0,48.26,39.84,37.48,97.565,88.015,0.0,60.0
2006-09-03 17:00:00,0.0,0.0,47.93,41.24,38.02,87.241,50.0,0.0,10.050999999999988
2006-09-03 18:00:00,0.0,0.0,45.84,39.91,37.42,78.94699999999999,70.0,0.0,25.777
2006-09-03 19:00:00,0.0,0.0,43.25,38.28,35.97,76.035,41.465,0.0,0.0
2006-09-03 20:00:00,0.0,0.0,40.71,39.34,34.03,75.624,38.45600000000002,0.0,0.0
2006-09-03 21:00:00,0.0,0.0,37.1,40.19,31.28,74.34,34.230000000000004,0.0,0.0
2006-09-03 22:00:00,0.0,0.0,33.99,36.99,27.49,73.507,24.962999999999994,0.0,0.0
2006-09-03 23:00:00,0.0,0.0,32.0,33.92,23.79,72.16600000000001,17.543999999999997,0.0,0.0
2006-09-04 00:00:00,0.0,0.0,42.43,38.74,24.74,71.04,34.870000000000005,0.0,0.0
2006-09-04 01:00:00,0.0,0.0,42.3,36.52,23.25,69.119,70.0,0.0,37.04899999999999
2006-09-04 02:00:00,0.0,0.0,43.02,35.52,22.34,66.603,50.0,0.0,15.722999999999978
2006-09-04 03:00:00,0.0,0.0,45.2,36.39,21.87,63.847,39.612999999999985,0.0,0.0
2006-09-04 04:00:00,0.0,0.0,50.61,38.93,22.22,61.018,50.742000000000004,0.0,0.0
2006-09-04 05:00:00,0.0,0.0,55.77,42.5,25.83,59.538,64.56200000000003,0.0,0.0
2006-09-04 06:00:00,0.0,0.0,59.23,45.55,31.14,67.043,70.0,0.0,1.1230000000000189
2006-09-04 07:00:00,0.0,0.0,60.95,47.68,35.32,81.82900000000001,62.12099999999999,0.0,0.0
2006-09-04 08:00:00,0.0,0.0,62.59,48.89,37.42,97.28,51.620000000000005,0.0,0.0
2006-09-04 09:00:00,0.0,0.0,64.01,49.7,38.14,107.148,44.70200000000001,0.0,0.0
2006-09-04 10:00:00,0.0,0.0,63.76,50.52,38.57,112.027,40.82300000000003,0.0,0.0
2006-09-04 11:00:00,0.0,0.0,62.76,49.64,38.77,113.862,37.308,0.0,0.0
2006-09-04 12:00:00,0.0,0.0,61.46,48.68,38.37,112.492,36.018,0.0,0.0
2006-09-04 13:00:00,0.0,0.0,60.42,47.25,37.81,107.261,38.21900000000001,0.0,0.0
2006-09-04 14:00:00,0.0,0.0,59.41,45.96,37.59,99.217,48.066473684210585,0.0,4.323473684210566
2006-09-04 15:00:00,0.0,0.0,59.39,45.38,38.52,88.23599999999999,70.0,0.0,14.945999999999998
2006-09-04 16:00:00,0.0,0.0,59.86,46.6,39.99,74.19100000000002,72.25899999999999,0.0,0.0
2006-09-04 17:00:00,0.0,0.0,59.54,48.04,40.56,57.19799999999999,90.0,0.9420000000000073,0.0
2006-09-04 18:00:00,0.0,0.0,57.46,46.73,39.97,39.989,90.0,14.170999999999996,0.0
2006-09-04 19:00:00,0.0,0.0,54.86,45.08,38.51,34.123,90.0,14.326999999999984,0.0
2006-09-04 20:00:00,0.0,0.0,52.29,46.09,36.56,31.855,90.0,13.085000000000008,0.0
2006-09-04 21:00:00,0.0,0.0,48.69,46.94,33.77,28.54,90.0,10.860000000000014,0.0
2006-09-04 22:00:00,0.0,0.0,45.57,43.76,29.98,26.072,90.0,3.237999999999989,0.0
2006-09-04 23:00:00,0.0,0.0,43.58,40.69,26.28,25.042,90.0,0.0,4.492000000000004
2006-09-05 00:00:00,0.0,0.0,44.19,39.7,24.69,25.799,82.78099999999999,0.0,0.0
2006-09-05 01:00:00,0.0,0.0,44.06,37.49,23.21,25.848,78.912,0.0,0.0
2006-09-05 02:00:00,0.0,0.0,44.78,36.48,22.29,26.573000000000004,76.97699999999998,0.0,0.0
2006-09-05 03:00:00,0.0,0.0,46.97,37.35,21.83,27.717000000000002,78.43299999999999,0.0,0.0
2006-09-05 04:00:00,0.0,0.0,52.37,39.91,22.18,29.081999999999994,85.37799999999999,0.0,0.0
2006-09-05 05:00:00,0.0,0.0,57.53,43.47,25.76,31.57,90.0,5.189999999999998,0.0
2006-09-05 06:00:00,0.0,0.0,60.98,46.52,31.07,42.254000000000005,90.0,6.3160000000000025,0.0
2006-09-05 07:00:00,0.0,0.0,62.7,48.64,35.26,57.713,88.887,0.0,0.0
2006-09-05 08:00:00,0.0,0.0,64.33,49.85,37.36,70.269,81.27100000000002,0.0,0.0
2006-09-05 09:00:00,0.0,0.0,65.75,50.65,38.08,83.071,89.92019667590031,0.0,18.511196675900297
2006-09-05 10:00:00,0.0,0.0,65.51,51.46,38.51,92.03699999999999,63.442999999999984,0.0,0.0
2006-09-05 11:00:00,0.0,0.0,64.51,50.59,38.71,97.377,90.0,0.0,33.566999999999986
2006-09-05 12:00:00,0.0,0.0,63.22,49.62,38.31,100.069,70.0,0.0,18.918999999999983
2006-09-05 13:00:00,0.0,0.0,62.17,48.19,37.76,98.27300000000001,49.84699999999998,0.0,0.0
2006-09-05 14:00:00,0.0,0.0,61.17,46.9,37.54,92.20300000000002,53.40699999999999,0.0,0.0
2006-09-05 15:00:00,0.0,0.0,61.15,46.31,38.48,80.80300000000001,65.137,0.0,0.0
2006-09-05 16:00:00,0.0,0.0,61.65,47.56,39.97,66.34,82.83999999999997,0.0,0.0
2006-09-05 17:00:00,0.0,0.0,61.35,49.03,40.57,45.42999999999999,90.0,10.520000000000024,0.0
2006-09-05 18:00:00,0.0,0.0,59.27,47.75,39.99,30.049999999999997,90.0,21.96000000000003,0.0
2006-09-05 19:00:00,0.0,0.0,56.65,46.08,38.53,26.264000000000003,90.0,23.329333333333338,0.0
2006-09-05 20:00:00,0.0,0.0,54.06,47.04,36.55,26.286000000000005,90.0,16.364000000000004,0.0
2006-09-05 21:00:00,0.0,0.0,50.46,47.88,33.73,26.451999999999998,90.0,10.618000000000023,0.0
2006-09-05 22:00:00,0.0,0.0,47.34,44.73,29.93,26.288999999999998,90.0,0.7110000000000127,0.0
2006-09-05 23:00:00,0.0,0.0,45.35,41.66,26.23,26.52,90.0,0.0,3.280000000000001
2006-09-06 00:00:00,0.0,0.0,44.65,41.01,25.81,25.418,90.0,0.0,3.9480000000000146
2006-09-06 01:00:00,0.0,0.0,44.52,38.8,24.35,24.714,90.0,0.0,7.044000000000011
2006-09-06 02:00:00,0.0,0.0,45.24,37.78,23.43,24.080000000000002,90.0,0.0,7.6299999999999955
2006-09-06 03:00:00,0.0,0.0,47.43,38.65,22.97,23.913999999999998,90.0,0.0,4.864000000000004
2006-09-06 04:00:00,0.0,0.0,52.81,41.22,23.31,22.06,90.0,0.28000000000000114,0.0
2006-09-06 05:00:00,0.0,0.0,57.97,44.79,26.86,21.115000000000002,90.0,13.50500000000001,0.0
2006-09-06 06:00:00,0.0,0.0,61.43,47.83,32.17,29.288,90.0,17.14200000000001,0.0
2006-09-06 07:00:00,0.0,0.0,63.15,49.95,36.37,41.400999999999996,90.0,13.069000000000017,0.0
2006-09-06 08:00:00,0.0,0.0,64.78,51.15,38.48,54.43599999999999,90.0,6.640666666666675,0.0
2006-09-06 09:00:00,0.0,0.0,66.19,51.94,39.2,66.259,90.0,0.0,0.0
2006-09-06 10:00:00,0.0,0.0,65.96,52.74,39.63,76.27100000000002,90.0,0.0,7.9410000000000025
2006-09-06 11:00:00,0.0,0.0,64.96,51.87,39.83,80.625,90.0,0.0,13.965000000000018
2006-09-06 12:00:00,0.0,0.0,63.66,50.9,39.44,80.324,90.0,0.0,16.324000000000012
2006-09-06 13:00:00,0.0,0.0,62.62,49.46,38.89,75.663,90.0,0.0,14.693000000000026
2006-09-06 14:00:00,0.0,0.0,61.61,48.17,38.67,67.31,90.0,0.0,8.859999999999985
2006-09-06 15:00:00,0.0,0.0,61.61,47.59,39.61,56.744,90.0,0.0,0.0
2006-09-06 16:00:00,0.0,0.0,62.13,48.85,41.12,43.601,90.0,13.499000000000017,0.0
2006-09-06 17:00:00,0.0,0.0,61.84,50.37,41.75,27.525,90.0,33.10166666666669,0.0
2006-09-06 18:00:00,0.0,0.0,59.78,49.1,41.18,16.134999999999998,90.0,40.59166666666667,0.0
2006-09-06 19:00:00,0.0,0.0,57.14,47.42,39.72,13.045,90.0,36.235000000000014,0.0
2006-09-06 20:00:00,0.0,0.0,54.53,48.33,37.72,15.012999999999998,90.0,30.567,0.0
2006-09-06 21:00:00,0.0,0.0,50.93,49.16,34.87,15.854,90.0,24.10600000000001,0.0
2006-09-06 22:00:00,0.0,0.0,47.81,46.04,31.06,16.821,90.0,14.75566666666667,0.0
2006-09-06 23:00:00,0.0,0.0,45.81,42.98,27.37,17.111,90.0,8.138624166666489,0.0
2006-09-07 00:00:00,0.0,0.0,44.18,40.14,27.44,18.072999999999997,90.0,0.0,0.0
2006-09-07 01:00:00,0.0,0.0,44.05,37.93,25.99,19.355,90.0,0.0,1.3850000000000193
2006-09-07 02:00:00,0.0,0.0,44.78,36.9,25.07,20.542,90.0,0.0,3.7920000000000016
2006-09-07 03:00:00,0.0,0.0,46.98,37.78,24.61,22.147000000000002,90.0,0.0,2.7769999999999904
2006-09-07 04:00:00,0.0,0.0,52.35,40.37,24.95,21.913999999999998,90.0,0.7560000000000002,0.0
2006-09-07 05:00:00,0.0,0.0,57.5,43.94,28.47,23.181,90.0,13.395666666666665,0.0
2006-09-07 06:00:00,0.0,0.0,60.96,46.97,33.78,33.120999999999995,90.0,15.255666666666684,0.0
2006-09-07 07:00:00,0.0,0.0,62.68,49.08,37.99,47.197,90.0,7.55300000000001,0.0
2006-09-07 08:00:00,0.0,0.0,64.3,50.27,40.11,64.701,89.97899999999998,0.0,0.0
2006-09-07 09:00:00,0.0,0.0,65.72,51.06,40.83,78.293,90.0,0.0,10.683000000000007
2006-09-07 10:00:00,0.0,0.0,65.49,51.86,41.26,87.87299999999999,90.0,0.0,19.262999999999998
2006-09-07 11:00:00,0.0,0.0,64.49,50.99,41.45,93.69399999999999,70.0,0.0,6.763999999999982
2006-09-07 12:00:00,0.0,0.0,63.19,50.01,41.07,95.647,90.0,0.0,31.377000000000024
2006-09-07 13:00:00,0.0,0.0,62.15,48.57,40.52,94.106,90.0,0.0,32.866000000000014
2006-09-07 14:00:00,0.0,0.0,61.14,47.27,40.31,88.97399999999999,90.0,0.0,30.253999999999994
2006-09-07 15:00:00,0.0,0.0,61.15,46.69,41.25,80.996,90.0,0.0,21.90599999999999
2006-09-07 16:00:00,0.0,0.0,61.69,47.98,42.78,70.46399999999998,90.0,0.0,8.01400000000001
2006-09-07 17:00:00,0.0,0.0,61.42,49.53,43.43,57.796,90.0,6.583999999999989,0.0
2006-09-07 18:00:00,0.0,0.0,59.36,48.29,42.88,42.123000000000005,90.0,18.406999999999982,0.0
2006-09-07 19:00:00,0.0,0.0,56.71,46.58,41.41,38.56999999999999,90.0,16.13,0.0
2006-09-07 20:00:00,0.0,0.0,54.08,47.44,39.39,36.271,90.0,14.638999999999996,0.0
2006-09-07 21:00:00,0.0,0.0,50.48,48.27,36.51,36.534,90.0,8.726000000000013,0.0
2006-09-07 22:00:00,0.0,0.0,47.36,45.17,32.69,35.906,90.0,0.0,0.6859999999999964
2006-09-07 23:00:00,0.0,0.0,45.35,42.12,29.0,35.534,90.0,0.0,9.064000000000004
2006-09-08 00:00:00,0.0,0.0,43.3,39.41,27.16,33.967000000000006,90.0,0.0,14.097000000000023
2006-09-08 01:00:00,0.0,0.0,43.17,37.21,25.72,32.650000000000006,90.0,0.0,16.549999999999983
2006-09-08 02:00:00,0.0,0.0,43.89,36.17,24.8,32.571,90.0,0.0,17.711000000000013
2006-09-08 03:00:00,0.0,0.0,46.1,37.05,24.34,32.774,90.0,0.0,15.283999999999992
2006-09-08 04:00:00,0.0,0.0,51.46,39.65,24.67,32.129,83.65100000000001,0.0,0.0
2006-09-08 05:00:00,0.0,0.0,56.6,43.23,28.17,32.8,90.0,5.20000000000001,0.0
2006-09-08 06:00:00,0.0,0.0,60.07,46.25,33.47,40.107,90.0,9.683000000000012,0.0
2006-09-08 07:00:00,0.0,0.0,61.79,48.35,37.7,54.63900000000001,90.0,3.201000000000004,0.0
2006-09-08 08:00:00,0.0,0.0,63.41,49.53,39.82,68.366,84.394,0.0,0.0
2006-09-08 09:00:00,0.0,0.0,64.82,50.31,40.54,78.295,90.0,0.0,12.625000000000028
2006-09-08 10:00:00,0.0,0.0,64.59,51.11,40.97,84.882,78.55552908587254,0.0,6.767529085872535
2006-09-08 11:00:00,0.0,0.0,63.6,50.24,41.16,88.38499999999999,70.0,0.0,3.384999999999991
2006-09-08 12:00:00,0.0,0.0,62.3,49.25,40.78,88.673,90.0,0.0,26.34299999999999
2006-09-08 13:00:00,0.0,0.0,61.25,47.81,40.24,85.41099999999999,90.0,0.0,26.110999999999983
2006-09-08 14:00:00,0.0,0.0,60.25,46.51,40.03,78.96199999999999,90.0,0.0,22.171999999999997
2006-09-08 15:00:00,0.0,0.0,60.27,45.94,40.97,69.54700000000001,90.0,0.0,12.367000000000022
2006-09-08 16:00:00,0.0,0.0,60.83,47.24,42.52,57.733000000000004,90.0,2.8570000000000135,0.0
2006-09-08 17:00:00,0.0,0.0,60.58,48.83,43.21,38.267,90.0,24.352999999999994,0.0
2006-09-08 18:00:00,0.0,0.0,58.53,47.61,42.67,19.093,90.0,39.717,0.0
2006-09-08 19:00:00,0.0,0.0,55.86,45.89,41.2,17.247,90.0,35.70300000000002,0.0
2006-09-08 20:00:00,0.0,0.0,53.2,46.7,39.15,17.203,90.0,31.846999999999994,0.0
2006-09-08 21:00:00,0.0,0.0,49.62,47.52,36.23,17.096,90.0,26.27400000000001,0.0
2006-09-08 22:00:00,0.0,0.0,46.48,44.45,32.41,16.171,90.0,17.168999999999997,0.0
2006-09-08 23:00:00,0.0,0.0,44.47,41.39,28.72,15.722999999999999,90.0,8.857,0.0
2006-09-09 00:00:00,0.0,0.0,35.14,34.32,24.49,15.605999999999998,90.0,0.0,11.656000000000017
2006-09-09 01:00:00,0.0,0.0,35.01,32.12,23.06,15.610000000000001,74.57999999999998,0.0,0.0
2006-09-09 02:00:00,0.0,0.0,35.73,31.07,22.13,15.686999999999998,90.0,0.0,16.757000000000005
2006-09-09 03:00:00,0.0,0.0,37.95,31.95,21.67,15.686,90.0,0.0,14.116
2006-09-09 04:00:00,0.0,0.0,43.29,34.57,22.0,15.142999999999999,90.0,0.0,5.282999999999987
2006-09-09 05:00:00,0.0,0.0,48.43,38.15,25.48,16.174999999999997,90.0,5.8849999999999945,0.0
2006-09-09 06:00:00,0.0,0.0,51.9,41.17,30.77,24.213,90.0,9.626999999999994,0.0
2006-09-09 07:00:00,0.0,0.0,53.62,43.25,35.01,37.479,90.0,4.400999999999996,0.0
2006-09-09 08:00:00,0.0,0.0,55.23,44.43,37.13,52.967000000000006,83.82300000000001,0.0,0.0
2006-09-09 09:00:00,0.0,0.0,56.64,45.2,37.86,67.521,90.0,0.0,17.820999999999998
2006-09-09 10:00:00,0.0,0.0,56.42,45.99,38.28,76.14999999999999,64.54,0.0,0.0
2006-09-09 11:00:00,0.0,0.0,55.43,45.13,38.48,79.994,90.0,0.0,30.954
2006-09-09 12:00:00,0.0,0.0,54.14,44.14,38.11,79.531,90.0,0.0,33.141000000000005
2006-09-09 13:00:00,0.0,0.0,53.08,42.68,37.57,74.402,90.0,0.0,31.07199999999999
2006-09-09 14:00:00,0.0,0.0,52.08,41.39,37.36,65.711,90.0,0.0,24.880999999999986
2006-09-09 15:00:00,0.0,0.0,52.11,40.82,38.3,53.95,90.0,0.0,12.719999999999999
2006-09-09 16:00:00,0.0,0.0,52.69,42.14,39.87,38.964,90.0,5.736000000000004,0.0
2006-09-09 17:00:00,0.0,0.0,52.46,43.77,40.59,20.357999999999997,90.0,26.46200000000001,0.0
2006-09-09 18:00:00,0.0,0.0,50.41,42.57,40.06,10.224,90.0,32.81599999999999,0.0
2006-09-09 19:00:00,0.0,0.0,47.73,40.83,38.59,10.075000000000001,90.0,27.075000000000003,0.0
2006-09-09 20:00:00,0.0,0.0,45.05,41.59,36.52,11.484,90.0,21.675999999999995,0.0
2006-09-09 21:00:00,0.0,0.0,41.47,42.4,33.56,12.312,90.0,15.11800000000001,0.0
2006-09-09 22:00:00,0.0,0.0,38.33,39.36,29.74,11.661000000000001,90.0,5.768999999999991,0.0
2006-09-09 23:00:00,0.0,0.0,36.32,36.3,26.05,11.325,90.0,0.0,2.655000000000001
2006-09-10 00:00:00,0.0,0.0,30.83,31.99,22.67,11.498,90.0,0.0,16.008000000000024
2006-09-10 01:00:00,0.0,0.0,30.7,29.79,21.25,12.157000000000002,90.0,0.0,20.416999999999998
2006-09-10 02:00:00,0.0,0.0,31.42,28.74,20.32,12.39,90.0,0.0,21.909999999999982
2006-09-10 03:00:00,0.0,0.0,33.64,29.61,19.86,11.905,90.0,0.0,18.794999999999998
2006-09-10 04:00:00,0.0,0.0,38.98,32.25,20.18,10.764,90.0,0.0,9.353999999999985
2006-09-10 05:00:00,0.0,0.0,44.11,35.83,23.64,11.539,90.0,2.040999999999997,0.0
2006-09-10 06:00:00,0.0,0.0,47.58,38.85,28.93,20.769000000000002,90.0,4.590999999999994,0.0
2006-09-10 07:00:00,0.0,0.0,49.3,40.92,33.18,32.567,90.0,0.8330000000000126,0.0
2006-09-10 08:00:00,0.0,0.0,50.91,42.1,35.31,46.39900000000001,90.0,0.0,8.079000000000008
2006-09-10 09:00:00,0.0,0.0,52.32,42.86,36.04,58.232,90.0,0.0,17.01200000000002
2006-09-10 10:00:00,0.0,0.0,52.1,43.65,36.46,67.506,70.0,0.0,5.295999999999992
2006-09-10 11:00:00,0.0,0.0,51.11,42.79,36.66,71.565,90.0,0.0,31.00500000000001
2006-09-10 12:00:00,0.0,0.0,49.82,41.78,36.29,71.243,90.0,0.0,33.35300000000001
2006-09-10 13:00:00,0.0,0.0,48.76,40.33,35.75,65.796,90.0,0.0,30.955999999999975
2006-09-10 14:00:00,0.0,0.0,47.77,39.03,35.54,56.715,90.0,0.0,24.375000000000014
2006-09-10 15:00:00,0.0,0.0,47.8,38.46,36.48,44.604,90.0,0.0,11.864000000000011
2006-09-10 16:00:00,0.0,0.0,48.41,39.81,38.08,29.033,90.0,2.266999999999996,0.0
2006-09-10 17:00:00,0.0,0.0,48.19,41.47,38.82,14.248000000000001,106.27720750000003,2.954792499999966,0.0
2006-09-10 18:00:00,0.0,0.0,46.15,40.29,38.31,9.584,90.0,20.16600000000001,0.0
2006-09-10 19:00:00,0.0,0.0,43.45,38.53,36.83,10.815,102.99499999999999,0.0,0.0
2006-09-10 20:00:00,0.0,0.0,40.75,39.24,34.74,13.533,90.0,6.197000000000017,0.0
2006-09-10 21:00:00,0.0,0.0,37.18,40.05,31.76,14.612000000000002,90.0,0.0,0.6219999999999857
2006-09-10 22:00:00,0.0,0.0,34.04,37.03,27.92,13.540000000000001,90.0,0.0,9.549999999999983
2006-09-10 23:00:00,0.0,0.0,32.02,33.98,24.24,12.24,90.0,0.0,17.000000000000007
2006-09-11 00:00:00,0.0,0.0,42.4,38.76,24.21,11.146,90.0,0.0,0.7760000000000087
2006-09-11 01:00:00,0.0,0.0,42.27,36.56,22.8,9.945,90.0,0.0,3.3149999999999977
2006-09-11 02:00:00,0.0,0.0,43.0,35.5,21.88,8.843,90.0,0.0,3.462999999999994
2006-09-11 03:00:00,0.0,0.0,45.22,36.38,21.41,8.280999999999999,90.0,0.0,0.2710000000000008
2006-09-11 04:00:00,0.0,0.0,50.54,39.03,21.73,8.08,90.0,8.220000000000013,0.0
2006-09-11 05:00:00,0.0,0.0,55.67,42.62,25.16,9.196,90.0,19.25399999999999,0.0
2006-09-11 06:00:00,0.0,0.0,59.14,45.62,30.45,17.639,112.57100000000001,0.0,0.0
2006-09-11 07:00:00,0.0,0.0,60.86,47.69,34.71,28.558999999999997,109.70100000000001,0.0,0.0
2006-09-11 08:00:00,0.0,0.0,62.47,48.86,36.85,37.78,105.4,0.0,0.0
2006-09-11 09:00:00,0.0,0.0,63.87,49.62,37.58,50.221,92.9331175,2.9158824999999866,0.0
2006-09-11 10:00:00,0.0,0.0,63.67,50.4,38.0,60.101,90.0,0.0,3.0309999999999775
2006-09-11 11:00:00,0.0,0.0,62.68,49.54,38.2,64.79499999999999,90.0,0.0,9.374999999999996
2006-09-11 12:00:00,0.0,0.0,61.38,48.53,37.83,63.440000000000005,90.0,0.0,10.700000000000003
2006-09-11 13:00:00,0.0,0.0,60.33,47.07,37.3,57.928,90.0,0.0,8.228000000000023
2006-09-11 14:00:00,0.0,0.0,59.33,45.77,37.09,49.528999999999996,90.0,0.0,2.33899999999998
2006-09-11 15:00:00,0.0,0.0,59.37,45.2,38.03,37.959,99.641,0.0,0.0
2006-09-11 16:00:00,0.0,0.0,60.01,46.57,39.65,23.249,110.0,7.981000000000006,0.0
2006-09-11 17:00:00,0.0,0.0,59.8,48.27,40.42,11.432999999999998,115.0,17.057000000000002,0.0
2006-09-11 18:00:00,0.0,0.0,57.77,47.11,39.92,7.281999999999999,110.0,22.518,0.0
2006-09-11 19:00:00,0.0,0.0,55.06,45.33,38.44,9.609,90.0,34.221000000000004,0.0
2006-09-11 20:00:00,0.0,0.0,52.33,46.0,36.33,12.202000000000002,90.0,27.458000000000013,0.0
2006-09-11 21:00:00,0.0,0.0,48.76,46.8,33.31,12.188999999999998,111.68100000000001,0.0,0.0
2006-09-11 22:00:00,0.0,0.0,45.62,43.8,29.47,10.507,90.0,13.38300000000001,0.0
2006-09-11 23:00:00,0.0,0.0,43.59,40.76,25.79,8.517,90.0,6.62300000000001,0.0
2006-09-12 00:00:00,0.0,0.0,44.16,39.72,24.62,7.037,90.0,6.463000000000022,0.0
2006-09-12 01:00:00,0.0,0.0,44.03,37.53,23.22,5.963,93.81700000000001,0.0,0.0
2006-09-12 02:00:00,0.0,0.0,44.76,36.46,22.29,5.493,93.017,0.0,0.0
2006-09-12 03:00:00,0.0,0.0,46.99,37.34,21.83,5.329,90.0,5.831000000000017,0.0
2006-09-12 04:00:00,0.0,0.0,52.3,40.01,22.14,5.63,103.82,0.0,0.0
2006-09-12 05:00:00,0.0,0.0,57.42,43.6,25.55,7.1579999999999995,110.0,4.412000000000011,0.0
2006-09-12 06:00:00,0.0,0.0,60.9,46.6,30.83,14.213,115.0,4.11699999999999,0.0
2006-09-12 07:00:00,0.0,0.0,62.62,48.65,35.1,22.415,115.0,3.9549999999999983,0.0
2006-09-12 08:00:00,0.0,0.0,64.22,49.82,37.25,31.936,106.99082500000011,7.363174999999888,0.0
2006-09-12 09:00:00,0.0,0.0,65.62,50.57,37.98,43.684,90.0,15.48599999999999,0.0
2006-09-12 10:00:00,0.0,0.0,65.42,51.34,38.39,53.115,97.035,0.0,0.0
2006-09-12 11:00:00,0.0,0.0,64.43,50.48,38.6,57.87800000000001,90.63199999999999,0.0,0.0
2006-09-12 12:00:00,0.0,0.0,63.14,49.47,38.24,58.31999999999999,90.0,0.0,2.4699999999999944
2006-09-12 13:00:00,0.0,0.0,62.08,48.0,37.71,54.690999999999995,90.0,0.0,1.9010000000000105
2006-09-12 14:00:00,0.0,0.0,61.09,46.7,37.5,47.992,90.0,2.2980000000000134,0.0
2006-09-12 15:00:00,0.0,0.0,61.13,46.14,38.45,38.717,102.00300000000001,0.0,0.0
2006-09-12 16:00:00,0.0,0.0,61.79,47.53,40.08,28.955000000000002,115.0,0.44499999999999496,0.0
2006-09-12 17:00:00,0.0,0.0,61.61,49.27,40.88,18.1,90.0,38.66,0.0
2006-09-12 18:00:00,0.0,0.0,59.58,48.12,40.39,11.889,110.0,21.200999999999986,0.0
2006-09-12 19:00:00,0.0,0.0,56.85,46.33,38.91,12.024,125.06599999999999,0.0,0.0
2006-09-12 20:00:00,0.0,0.0,54.1,46.95,36.78,14.033,110.0,8.797000000000006,0.0
2006-09-12 21:00:00,0.0,0.0,50.54,47.74,33.72,15.651000000000002,90.0,21.349000000000004,0.0
2006-09-12 22:00:00,0.0,0.0,47.39,44.77,29.88,16.465,90.0,10.575000000000006,0.0
2006-09-12 23:00:00,0.0,0.0,45.36,41.73,26.2,16.246000000000002,92.04400000000001,0.0,0.0
2006-09-13 00:00:00,0.0,0.0,44.62,40.16,25.75,16.364,90.0,0.0,0.8339999999999748
2006-09-13 01:00:00,0.0,0.0,44.48,37.97,24.36,16.425,90.0,0.0,4.615000000000009
2006-09-13 02:00:00,0.0,0.0,45.21,36.89,23.43,17.788,90.0,0.0,7.258000000000022
2006-09-13 03:00:00,0.0,0.0,47.46,37.77,22.97,18.991999999999997,90.0,0.0,5.791999999999987
2006-09-13 04:00:00,0.0,0.0,52.75,40.45,23.28,19.958999999999996,91.52100000000002,0.0,0.0
2006-09-13 05:00:00,0.0,0.0,57.87,44.04,26.66,22.4,90.0,11.170000000000002,0.0
2006-09-13 06:00:00,0.0,0.0,61.34,47.04,31.94,30.557000000000002,104.763,0.0,0.0
2006-09-13 07:00:00,0.0,0.0,63.07,49.09,36.22,43.539,90.0,9.841000000000017,0.0
2006-09-13 08:00:00,0.0,0.0,64.66,50.24,38.37,53.833999999999996,90.0,4.4360000000000115,0.0
2006-09-13 09:00:00,0.0,0.0,66.06,50.98,39.1,69.365,90.0,0.0,8.224999999999994
2006-09-13 10:00:00,0.0,0.0,65.86,51.76,39.51,80.149,90.0,0.0,18.01900000000002
2006-09-13 11:00:00,0.0,0.0,64.88,50.9,39.72,83.925,90.0,0.0,23.42500000000001
2006-09-13 12:00:00,0.0,0.0,63.59,49.88,39.36,83.36,90.0,0.0,25.53
2006-09-13 13:00:00,0.0,0.0,62.52,48.41,38.84,79.568,90.0,0.0,24.797999999999973
2006-09-13 14:00:00,0.0,0.0,61.53,47.11,38.63,72.247,90.0,0.0,19.97699999999999
2006-09-13 15:00:00,0.0,0.0,61.59,46.55,39.58,61.312999999999995,90.0,0.0,8.59299999999999
2006-09-13 16:00:00,0.0,0.0,62.27,47.95,41.24,47.711,90.0,8.749000000000052,0.0
2006-09-13 17:00:00,0.0,0.0,62.1,49.73,42.07,33.42699999999999,115.47300000000001,0.0,0.0
2006-09-13 18:00:00,0.0,0.0,60.09,48.61,41.58,24.378999999999998,90.0,30.900999999999996,0.0
2006-09-13 19:00:00,0.0,0.0,57.34,46.8,40.1,21.878,90.0,27.361999999999995,0.0
2006-09-13 20:00:00,0.0,0.0,54.57,47.36,37.95,21.823999999999998,110.0,3.05600000000001,0.0
2006-09-13 21:00:00,0.0,0.0,51.01,48.16,34.86,20.316,108.71400000000001,0.0,0.0
2006-09-13 22:00:00,0.0,0.0,47.86,45.21,31.01,17.599,90.0,11.481000000000023,0.0
2006-09-13 23:00:00,0.0,0.0,45.82,42.17,27.33,15.956,90.0,4.3640000000000025,0.0
2006-09-14 00:00:00,0.0,0.0,44.16,40.16,26.03,15.546,90.0,0.0,0.19599999999999795
2006-09-14 01:00:00,0.0,0.0,44.02,37.97,24.65,14.296,90.0,0.0,2.655999999999998
2006-09-14 02:00:00,0.0,0.0,44.75,36.89,23.72,13.439,90.0,0.0,3.0789999999999926
2006-09-14 03:00:00,0.0,0.0,47.0,37.77,23.26,13.595,90.0,0.0,0.5649999999999924
2006-09-14 04:00:00,0.0,0.0,52.28,40.47,23.56,14.23,97.08,0.0,0.0
2006-09-14 05:00:00,0.0,0.0,57.4,44.06,26.92,16.293,90.0,17.087000000000014,0.0
2006-09-14 06:00:00,0.0,0.0,60.87,47.05,32.19,24.232,101.7666425000001,9.111357499999883,0.0
2006-09-14 07:00:00,0.0,0.0,62.6,49.09,36.48,34.798,108.372,0.0,0.0
2006-09-14 08:00:00,0.0,0.0,64.18,50.24,38.64,48.277,90.0,9.783000000000001,0.0
2006-09-14 09:00:00,0.0,0.0,65.58,50.97,39.38,62.596000000000004,90.0,0.0,1.6659999999999968
2006-09-14 10:00:00,0.0,0.0,65.39,51.74,39.79,74.001,90.0,0.0,10.414333333333326
2006-09-14 11:00:00,0.0,0.0,64.41,50.89,39.99,78.705,90.0,0.0,18.414999999999992
2006-09-14 12:00:00,0.0,0.0,63.12,49.86,39.64,78.93,90.0,0.0,17.976666666666674
2006-09-14 13:00:00,0.0,0.0,62.05,48.38,39.12,76.74199999999999,90.0,0.0,17.461729455217057
2006-09-14 14:00:00,0.0,0.0,61.06,47.08,38.92,73.01299999999999,90.0,0.0,17.619666666666646
2006-09-14 15:00:00,0.0,0.0,61.13,46.52,39.86,65.894,90.0,0.0,13.384
2006-09-14 16:00:00,0.0,0.0,61.84,47.95,41.55,53.544,90.0,2.796000000000019,0.0
2006-09-14 17:00:00,0.0,0.0,61.68,49.77,42.4,40.526,90.0,18.324000000000012,0.0
2006-09-14 18:00:00,0.0,0.0,59.67,48.66,41.93,33.85099999999999,90.0,21.408999999999992,0.0
2006-09-14 19:00:00,0.0,0.0,56.91,46.83,40.45,32.131,90.0,17.05900000000001,0.0
2006-09-14 20:00:00,0.0,0.0,54.11,47.35,38.27,31.401,90.0,13.329000000000008,0.0
2006-09-14 21:00:00,0.0,0.0,50.56,48.14,35.15,28.405,90.0,10.444999999999993,0.0
2006-09-14 22:00:00,0.0,0.0,47.41,45.21,31.29,24.785999999999998,90.0,4.123999999999993,0.0
2006-09-14 23:00:00,0.0,0.0,45.37,42.18,27.62,22.555,90.0,0.0,0.0
2006-09-15 00:00:00,0.0,0.0,42.77,39.43,26.04,22.471,87.5329916897507,0.0,1.763991689750688
2006-09-15 01:00:00,0.0,0.0,42.63,37.25,24.68,23.523,81.037,0.0,0.0
2006-09-15 02:00:00,0.0,0.0,43.37,36.16,23.75,23.921,79.359,0.0,0.0
2006-09-15 03:00:00,0.0,0.0,45.63,37.03,23.28,25.099000000000004,90.0,0.0,9.159000000000006
2006-09-15 04:00:00,0.0,0.0,50.89,39.75,23.58,28.116999999999997,86.10300000000001,0.0,0.0
2006-09-15 05:00:00,0.0,0.0,56.0,43.35,26.92,31.554,90.0,4.716000000000006,0.0
2006-09-15 06:00:00,0.0,0.0,59.49,46.33,32.19,42.867999999999995,90.0,5.141999999999996,0.0
2006-09-15 07:00:00,0.0,0.0,61.21,48.36,36.49,57.278999999999996,90.0,0.0,1.218999999999994
2006-09-15 08:00:00,0.0,0.0,62.79,49.5,38.65,82.313,70.0,0.0,1.3730000000000047
2006-09-15 09:00:00,0.0,0.0,64.18,50.23,39.39,100.775,70.0,0.0,16.97500000000001
2006-09-15 10:00:00,0.0,0.0,64.0,50.99,39.8,109.733,45.05700000000001,0.0,0.0
2006-09-15 11:00:00,0.0,0.0,63.02,50.14,40.0,112.567,90.0,0.0,49.407
2006-09-15 12:00:00,0.0,0.0,61.73,49.1,39.66,111.45299999999999,40.0,0.0,0.9630000000000152
2006-09-15 13:00:00,0.0,0.0,60.66,47.62,39.14,107.304,70.0,0.0,29.884
2006-09-15 14:00:00,0.0,0.0,59.68,46.32,38.94,100.10600000000001,50.0,0.0,5.165999999999997
2006-09-15 15:00:00,0.0,0.0,59.75,45.76,39.89,90.605,54.79500000000001,0.0,0.0
2006-09-15 16:00:00,0.0,0.0,60.48,47.21,41.59,78.484,70.79600000000002,0.0,0.0
2006-09-15 17:00:00,0.0,0.0,60.34,49.07,42.47,64.55700000000002,87.323,0.0,0.0
2006-09-15 18:00:00,0.0,0.0,58.34,47.98,42.01,51.64700000000001,90.0,6.682999999999993,0.0
2006-09-15 19:00:00,0.0,0.0,55.56,46.14,40.53,47.1,90.0,5.130000000000003,0.0
2006-09-15 20:00:00,0.0,0.0,52.74,46.6,38.33,43.80500000000001,90.0,3.864999999999995,0.0
2006-09-15 21:00:00,0.0,0.0,49.2,47.38,35.18,40.886,90.0,0.8740000000000165,0.0
2006-09-15 22:00:00,0.0,0.0,46.04,44.49,31.31,38.572,83.268,0.0,0.0
2006-09-15 23:00:00,0.0,0.0,43.99,41.46,27.64,36.894,76.196,0.0,0.0
2006-09-16 00:00:00,0.0,0.0,34.58,34.34,23.69,35.472,57.13799999999999,0.0,0.0
2006-09-16 01:00:00,0.0,0.0,34.44,32.15,22.33,34.046,90.0,0.0,35.12600000000002
2006-09-16 02:00:00,0.0,0.0,35.18,31.06,21.4,32.578,78.69463988919662,0.0,23.632639889196636
2006-09-16 03:00:00,0.0,0.0,37.44,31.93,20.94,31.561999999999998,70.0,0.0,11.25200000000001
2006-09-16 04:00:00,0.0,0.0,42.7,34.67,21.23,29.29,90.0,0.0,20.68999999999999
2006-09-16 05:00:00,0.0,0.0,47.8,38.27,24.54,28.634999999999998,90.0,0.0,8.024999999999984
2006-09-16 06:00:00,0.0,0.0,51.29,41.24,29.8,34.187,88.143,0.0,0.0
2006-09-16 07:00:00,0.0,0.0,53.01,43.26,34.12,45.098,85.292,0.0,0.0
2006-09-16 08:00:00,0.0,0.0,54.59,44.4,36.29,60.905,90.0,0.0,15.625
2006-09-16 09:00:00,0.0,0.0,55.98,45.12,37.03,70.171,67.95899999999997,0.0,0.0
2006-09-16 10:00:00,0.0,0.0,55.8,45.87,37.43,76.786,70.0,0.0,7.686000000000007
2006-09-16 11:00:00,0.0,0.0,54.82,45.03,37.64,79.685,90.0,0.0,32.195
2006-09-16 12:00:00,0.0,0.0,53.53,43.99,37.3,78.56,70.0,0.0,13.740000000000009
2006-09-16 13:00:00,0.0,0.0,52.46,42.5,36.78,74.616,90.0,0.0,32.876000000000005
2006-09-16 14:00:00,0.0,0.0,51.48,41.19,36.59,67.555,90.0,0.0,28.295
2006-09-16 15:00:00,0.0,0.0,51.56,40.64,37.53,57.589,72.14099999999999,0.0,0.0
2006-09-16 16:00:00,0.0,0.0,52.32,42.11,39.26,42.463,90.0,1.2269999999999897,0.0
2006-09-16 17:00:00,0.0,0.0,52.19,44.0,40.17,26.779999999999998,90.0,19.58,0.0
2006-09-16 18:00:00,0.0,0.0,50.2,42.94,39.72,17.087,90.0,25.773000000000014,0.0
2006-09-16 19:00:00,0.0,0.0,47.41,41.08,38.24,17.303,90.0,19.42700000000001,0.0
2006-09-16 20:00:00,0.0,0.0,44.56,41.49,36.01,17.031000000000002,90.0,15.029000000000003,0.0
2006-09-16 21:00:00,0.0,0.0,41.02,42.27,32.83,15.098999999999998,90.0,11.020999999999994,0.0
2006-09-16 22:00:00,0.0,0.0,37.86,39.4,28.96,13.806999999999999,90.0,2.413000000000018,0.0
2006-09-16 23:00:00,0.0,0.0,35.81,36.37,25.28,12.133,90.0,0.0,4.672999999999995
2006-09-17 00:00:00,0.0,0.0,30.8,32.01,22.34,11.369,90.0,0.0,16.21900000000001
2006-09-17 01:00:00,0.0,0.0,30.66,29.83,21.0,11.004000000000001,70.48600000000002,0.0,0.0
2006-09-17 02:00:00,0.0,0.0,31.4,28.73,20.07,11.093,90.0,0.0,20.893000000000015
2006-09-17 03:00:00,0.0,0.0,33.67,29.6,19.6,11.262,90.0,0.0,18.391999999999996
2006-09-17 04:00:00,0.0,0.0,38.91,32.35,19.89,11.151,79.999,0.0,0.0
2006-09-17 05:00:00,0.0,0.0,44.01,35.95,23.18,11.25,90.0,1.88999999999999,0.0
2006-09-17 06:00:00,0.0,0.0,47.5,38.92,28.44,16.488,90.0,8.372,0.0
2006-09-17 07:00:00,0.0,0.0,49.22,40.93,32.76,25.622,90.0,7.288000000000011,0.0
2006-09-17 08:00:00,0.0,0.0,50.79,42.06,34.94,39.231,90.0,0.0,1.4410000000000025
2006-09-17 09:00:00,0.0,0.0,52.18,42.78,35.68,49.449999999999996,81.18999999999998,0.0,0.0
2006-09-17 10:00:00,0.0,0.0,52.01,43.53,36.08,57.067,86.64298891966757,0.0,12.089988919667576
2006-09-17 11:00:00,0.0,0.0,51.03,42.68,36.29,60.447,78.76189473684212,0.0,9.208894736842126
2006-09-17 12:00:00,0.0,0.0,49.74,41.63,35.95,59.27100000000001,70.0,0.0,1.9509999999999863
2006-09-17 13:00:00,0.0,0.0,48.67,40.14,35.44,54.179,90.0,0.0,19.929000000000002
2006-09-17 14:00:00,0.0,0.0,47.69,38.84,35.25,46.644999999999996,90.0,0.0,14.864999999999995
2006-09-17 15:00:00,0.0,0.0,47.78,38.29,36.2,36.730000000000004,90.0,0.0,4.460000000000008
2006-09-17 16:00:00,0.0,0.0,48.56,39.77,37.94,24.564,90.0,10.039333333333346,0.0
2006-09-17 17:00:00,0.0,0.0,48.45,41.71,38.88,12.708,90.0,26.332000000000008,0.0
2006-09-17 18:00:00,0.0,0.0,46.46,40.66,38.45,4.125000000000001,90.0,29.778333333333336,0.0
2006-09-17 19:00:00,0.0,0.0,43.66,38.78,36.96,4.769,90.0,20.553883333333243,0.0
2006-09-17 20:00:00,0.0,0.0,40.79,39.15,34.71,5.437000000000001,90.0,17.54633333333335,0.0
2006-09-17 21:00:00,0.0,0.0,37.25,39.92,31.49,5.455,90.0,11.53833333333331,0.0
2006-09-17 22:00:00,0.0,0.0,34.09,37.07,27.62,5.0809999999999995,90.0,2.032333333333341,0.0
2006-09-17 23:00:00,0.0,0.0,32.03,34.05,23.95,5.05,90.0,0.0,5.019999999999996
2006-09-18 00:00:00,0.0,0.0,42.37,38.78,25.11,5.07,90.0,9.523333333333337,0.0
2006-09-18 01:00:00,0.0,0.0,42.23,36.6,23.78,5.189,90.0,7.420999999999992,0.0
2006-09-18 02:00:00,0.0,0.0,42.97,35.49,22.85,5.42,90.0,4.223333333333349,0.0
2006-09-18 03:00:00,0.0,0.0,45.25,36.36,22.38,5.675,90.0,8.314999999999998,0.0
2006-09-18 04:00:00,0.0,0.0,50.47,39.13,22.67,5.593,90.0,16.677000000000007,0.0
2006-09-18 05:00:00,0.0,0.0,55.57,42.74,25.92,6.139,90.0,26.42433333333335,0.0
2006-09-18 06:00:00,0.0,0.0,59.06,45.7,31.18,10.835,90.0,31.771666666666675,0.0
2006-09-18 07:00:00,0.0,0.0,60.78,47.7,35.52,20.92,90.0,33.08000000000001,0.0
2006-09-18 08:00:00,0.0,0.0,62.35,48.83,37.7,35.548,90.0,23.332000000000008,0.0
2006-09-18 09:00:00,0.0,0.0,63.73,49.53,38.45,49.441,90.0,10.602333333333334,0.0
2006-09-18 10:00:00,0.0,0.0,63.57,50.28,38.84,62.35000000000001,90.0,0.3400000000000034,0.0
2006-09-18 11:00:00,0.0,0.0,62.59,49.43,39.05,70.41699999999999,90.0,0.0,9.346999999999994
2006-09-18 12:00:00,0.0,0.0,61.3,48.38,38.72,73.838,90.0,0.0,15.437999999999988
2006-09-18 13:00:00,0.0,0.0,60.23,46.88,38.21,73.911,90.0,0.0,18.59099999999998
2006-09-18 14:00:00,0.0,0.0,59.25,45.57,38.02,69.49399999999999,83.47976731301947,0.0,10.133767313019465
2006-09-18 15:00:00,0.0,0.0,59.35,45.03,38.97,61.684,90.0,0.0,8.333999999999993
2006-09-18 16:00:00,0.0,0.0,60.15,46.54,40.74,52.458,90.0,4.972000000000001,0.0
2006-09-18 17:00:00,0.0,0.0,60.07,48.51,41.71,42.547,90.0,17.74300000000001,0.0
2006-09-18 18:00:00,0.0,0.0,58.08,47.49,41.28,38.366,90.0,18.484000000000023,0.0
2006-09-18 19:00:00,0.0,0.0,55.26,45.58,39.79,40.426,90.0,10.203999999999994,0.0
2006-09-18 20:00:00,0.0,0.0,52.37,45.9,37.53,41.389,90.0,4.410999999999998,0.0
2006-09-18 21:00:00,0.0,0.0,48.84,46.66,34.27,41.222,88.548,0.0,0.0
2006-09-18 22:00:00,0.0,0.0,45.67,43.84,30.39,41.602000000000004,78.298,0.0,0.0
2006-09-18 23:00:00,0.0,0.0,43.61,40.83,26.72,42.394,68.76599999999999,0.0,0.0
2006-09-19 00:00:00,0.0,0.0,44.13,39.74,26.16,43.208,66.822,0.0,0.0
2006-09-19 01:00:00,0.0,0.0,43.99,37.57,24.84,43.991,62.40899999999999,0.0,0.0
2006-09-19 02:00:00,0.0,0.0,44.74,36.45,23.9,44.654,70.0,0.0,9.563999999999979
2006-09-19 03:00:00,0.0,0.0,47.02,37.32,23.44,44.558,63.22199999999998,0.0,0.0
2006-09-19 04:00:00,0.0,0.0,52.23,40.11,23.72,43.835,72.225,0.0,0.0
2006-09-19 05:00:00,0.0,0.0,57.32,43.72,26.95,44.196000000000005,83.79400000000001,0.0,0.0
2006-09-19 06:00:00,0.0,0.0,60.81,46.67,32.21,50.456,89.23400000000002,0.0,0.0
2006-09-19 07:00:00,0.0,0.0,62.54,48.66,36.56,63.522,84.238,0.0,0.0
2006-09-19 08:00:00,0.0,0.0,64.1,49.78,38.75,80.60000000000002,72.02999999999997,0.0,0.0
2006-09-19 09:00:00,0.0,0.0,65.48,50.48,39.49,95.26400000000001,60.186,0.0,0.0
2006-09-19 10:00:00,0.0,0.0,65.32,51.22,39.89,103.06799999999998,53.361999999999995,0.0,0.0
2006-09-19 11:00:00,0.0,0.0,64.35,50.38,40.09,106.54400000000001,90.0,0.0,41.72400000000002
2006-09-19 12:00:00,0.0,0.0,63.06,49.32,39.77,105.955,70.0,0.0,23.805000000000007
2006-09-19 13:00:00,0.0,0.0,61.98,47.82,39.26,101.924,90.0,0.0,42.86400000000001
2006-09-19 14:00:00,0.0,0.0,61.01,46.51,39.07,93.592,52.998,0.0,0.0
2006-09-19 15:00:00,0.0,0.0,61.11,45.96,40.02,80.957,72.47073684210524,0.0,6.337736842105237
2006-09-19 16:00:00,0.0,0.0,61.94,47.49,41.81,63.384,87.856,0.0,0.0
2006-09-19 17:00:00,0.0,0.0,61.87,49.5,42.81,40.403,90.0,23.776999999999997,0.0
2006-09-19 18:00:00,0.0,0.0,59.89,48.5,42.4,28.243000000000002,90.0,32.547,0.0
2006-09-19 19:00:00,0.0,0.0,57.06,46.58,40.91,28.349999999999998,90.0,26.200000000000006,0.0
2006-09-19 20:00:00,0.0,0.0,54.14,46.85,38.62,30.535000000000004,90.0,19.07499999999999,0.0
2006-09-19 21:00:00,0.0,0.0,50.62,47.61,35.33,32.983000000000004,90.0,10.576999999999998,0.0
2006-09-19 22:00:00,0.0,0.0,47.44,44.81,31.44,34.906,88.78399999999999,0.0,0.0
2006-09-19 23:00:00,0.0,0.0,45.38,41.8,27.77,35.95399999999999,90.0,0.0,11.003999999999994
2006-09-20 00:00:00,0.0,0.0,44.87,40.18,25.74,37.056000000000004,73.73399999999998,0.0,0.0
2006-09-20 01:00:00,0.0,0.0,44.73,38.01,24.42,38.632000000000005,70.0,0.0,1.4720000000000084
2006-09-20 02:00:00,0.0,0.0,45.48,36.88,23.49,41.11200000000001,64.73799999999999,0.0,0.0
2006-09-20 03:00:00,0.0,0.0,47.77,37.75,23.02,43.477000000000004,65.063,0.0,0.0
2006-09-20 04:00:00,0.0,0.0,52.96,40.55,23.3,45.019999999999996,71.79,0.0,0.0
2006-09-20 05:00:00,0.0,0.0,58.05,44.17,26.51,46.586000000000006,82.14399999999999,0.0,0.0
2006-09-20 06:00:00,0.0,0.0,61.55,47.11,31.76,53.495999999999995,86.924,0.0,0.0
2006-09-20 07:00:00,0.0,0.0,63.27,49.1,36.12,64.506,83.984,0.0,0.0
2006-09-20 08:00:00,0.0,0.0,64.83,50.21,38.32,77.472,75.888,0.0,0.0
2006-09-20 09:00:00,0.0,0.0,66.2,50.9,39.06,90.71100000000001,65.44900000000001,0.0,0.0
2006-09-20 10:00:00,0.0,0.0,66.05,51.64,39.46,102.88100000000001,54.269,0.0,0.0
2006-09-20 11:00:00,0.0,0.0,65.08,50.8,39.66,108.46900000000002,90.0,0.0,42.929
2006-09-20 12:00:00,0.0,0.0,63.79,49.73,39.35,108.69000000000003,70.0,0.0,25.820000000000014
2006-09-20 13:00:00,0.0,0.0,62.71,48.22,38.84,104.274,90.0,0.0,44.504
2006-09-20 14:00:00,0.0,0.0,61.74,46.91,38.66,95.833,51.477000000000004,0.0,0.0
2006-09-20 15:00:00,0.0,0.0,61.85,46.37,39.61,84.047,90.0,0.0,26.217000000000006
2006-09-20 16:00:00,0.0,0.0,62.71,47.92,41.42,67.55,84.50000000000003,0.0,0.0
2006-09-20 17:00:00,0.0,0.0,62.65,49.97,42.44,54.57799999999999,90.0,10.482000000000014,0.0
2006-09-20 18:00:00,0.0,0.0,60.68,48.99,42.04,45.003,90.0,16.706999999999997,0.0
2006-09-20 19:00:00,0.0,0.0,57.83,47.05,40.55,45.47599999999999,90.0,9.953999999999997,0.0
2006-09-20 20:00:00,0.0,0.0,54.89,47.27,38.24,46.998999999999995,90.0,3.4010000000000105,0.0
2006-09-20 21:00:00,0.0,0.0,51.37,48.02,34.91,48.278999999999996,86.02099999999999,0.0,0.0
2006-09-20 22:00:00,0.0,0.0,48.19,45.25,31.02,49.49,74.96999999999998,0.0,0.0
2006-09-20 23:00:00,0.0,0.0,46.12,42.24,27.36,49.664,66.05600000000001,0.0,0.0
2006-09-21 00:00:00,0.0,0.0,44.13,40.18,25.67,49.095000000000006,60.885000000000005,0.0,0.0
2006-09-21 01:00:00,0.0,0.0,43.98,38.01,24.36,48.278,58.07199999999999,0.0,0.0
2006-09-21 02:00:00,0.0,0.0,44.73,36.88,23.43,48.171,90.0,0.0,33.13100000000002
2006-09-21 03:00:00,0.0,0.0,47.03,37.75,22.96,48.824000000000005,70.0,0.0,11.083999999999989
2006-09-21 04:00:00,0.0,0.0,52.21,40.57,23.24,48.867,70.0,0.0,2.8470000000000084
2006-09-21 05:00:00,0.0,0.0,57.29,44.18,26.42,49.135,78.75500000000002,0.0,0.0
2006-09-21 06:00:00,0.0,0.0,60.79,47.12,31.67,58.682,80.898,0.0,0.0
2006-09-21 07:00:00,0.0,0.0,62.52,49.1,36.04,76.97900000000001,75.7543130193904,0.0,5.073313019390409
2006-09-21 08:00:00,0.0,0.0,64.07,50.21,38.24,88.56799999999998,63.952000000000005,0.0,0.0
2006-09-21 09:00:00,0.0,0.0,65.44,50.89,38.99,104.356,50.964,0.0,0.0
2006-09-21 10:00:00,0.0,0.0,65.3,51.62,39.38,114.999,41.300999999999995,0.0,0.0
2006-09-21 11:00:00,0.0,0.0,64.32,50.78,39.58,119.913,70.0,0.0,35.233000000000004
2006-09-21 12:00:00,0.0,0.0,63.04,49.71,39.27,120.599,31.421,0.0,0.0
2006-09-21 13:00:00,0.0,0.0,61.95,48.2,38.77,117.13400000000001,40.0,0.0,8.213999999999984
2006-09-21 14:00:00,0.0,0.0,60.99,46.89,38.59,110.449,36.021,0.0,0.0
2006-09-21 15:00:00,0.0,0.0,61.11,46.35,39.54,98.478,48.522,0.0,0.0
2006-09-21 16:00:00,0.0,0.0,61.98,47.92,41.37,79.763,71.50699999999998,0.0,0.0
2006-09-21 17:00:00,0.0,0.0,61.94,50.0,42.43,67.20899999999999,87.161,0.0,0.0
2006-09-21 18:00:00,0.0,0.0,59.98,49.04,42.04,63.596,87.46399999999998,0.0,0.0
2006-09-21 19:00:00,0.0,0.0,57.12,47.08,40.54,65.004,79.73599999999999,0.0,0.0
2006-09-21 20:00:00,0.0,0.0,54.15,47.26,38.21,65.557,74.06299999999999,0.0,0.0
2006-09-21 21:00:00,0.0,0.0,50.64,48.0,34.85,63.913,69.577,0.0,0.0
2006-09-21 22:00:00,0.0,0.0,47.46,45.25,30.95,62.896,60.76400000000001,0.0,0.0
2006-09-21 23:00:00,0.0,0.0,45.38,42.25,27.29,59.465,55.45499999999999,0.0,0.0
2006-09-22 00:00:00,0.0,0.0,42.75,39.45,25.61,53.824,53.986000000000004,0.0,0.0
2006-09-22 01:00:00,0.0,0.0,42.6,37.28,24.32,47.972,56.227999999999994,0.0,0.0
2006-09-22 02:00:00,0.0,0.0,43.35,36.15,23.38,43.833,70.0,0.0,10.953000000000003
2006-09-22 03:00:00,0.0,0.0,45.65,37.02,22.92,40.165,65.42500000000001,0.0,0.0
2006-09-22 04:00:00,0.0,0.0,50.83,39.85,23.18,36.92,76.94,0.0,0.0
2006-09-22 05:00:00,0.0,0.0,55.9,43.47,26.34,33.016,90.0,2.693999999999992,0.0
2006-09-22 06:00:00,0.0,0.0,59.4,46.4,31.58,37.322,90.0,10.057999999999993,0.0
2006-09-22 07:00:00,0.0,0.0,61.13,48.37,35.97,46.575,90.0,8.894999999999996,0.0
2006-09-22 08:00:00,0.0,0.0,62.67,49.47,38.18,56.343999999999994,90.0,3.975999999999985,0.0
2006-09-22 09:00:00,0.0,0.0,64.05,50.15,38.92,73.116,90.0,0.0,9.995999999999995
2006-09-22 10:00:00,0.0,0.0,63.91,50.87,39.31,84.428,90.0,0.0,20.338000000000008
2006-09-22 11:00:00,0.0,0.0,62.94,50.04,39.52,88.869,70.0,0.0,6.369000000000028
2006-09-22 12:00:00,0.0,0.0,61.65,48.95,39.21,88.66499999999999,61.14500000000004,0.0,0.0
2006-09-22 13:00:00,0.0,0.0,60.56,47.44,38.72,87.489,59.23100000000001,0.0,0.0
2006-09-22 14:00:00,0.0,0.0,59.6,46.12,38.53,82.639,61.61100000000001,0.0,0.0
2006-09-22 15:00:00,0.0,0.0,59.73,45.59,39.49,67.895,76.915,0.0,0.0
2006-09-22 16:00:00,0.0,0.0,60.63,47.18,41.34,47.188,90.0,11.962000000000018,0.0
2006-09-22 17:00:00,0.0,0.0,60.6,49.3,42.42,31.328999999999997,90.0,30.991,0.0
2006-09-22 18:00:00,0.0,0.0,58.65,48.36,42.05,23.415999999999997,90.0,35.644000000000005,0.0
2006-09-22 19:00:00,0.0,0.0,55.77,46.39,40.55,24.236,90.0,28.474000000000004,0.0
2006-09-22 20:00:00,0.0,0.0,52.78,46.51,38.19,24.701,90.0,22.779,0.0
2006-09-22 21:00:00,0.0,0.0,49.27,47.25,34.8,23.961,90.0,17.358999999999995,0.0
2006-09-22 22:00:00,0.0,0.0,46.09,44.53,30.9,21.65,90.0,9.870000000000019,0.0
2006-09-22 23:00:00,0.0,0.0,44.01,41.53,27.24,19.126,90.0,3.653999999999982,0.0
2006-09-23 00:00:00,0.0,0.0,34.55,34.36,23.23,17.464,74.676,0.0,0.0
2006-09-23 01:00:00,0.0,0.0,34.4,32.19,21.95,16.079,72.461,0.0,0.0
2006-09-23 02:00:00,0.0,0.0,35.16,31.05,21.01,15.448,71.77199999999999,0.0,0.0
2006-09-23 03:00:00,0.0,0.0,37.47,31.92,20.55,15.511,74.429,0.0,0.0
2006-09-23 04:00:00,0.0,0.0,42.63,34.76,20.81,15.756000000000002,90.0,0.0,7.555999999999997
2006-09-23 05:00:00,0.0,0.0,47.7,38.39,23.94,16.846,90.0,3.1839999999999975,0.0
2006-09-23 06:00:00,0.0,0.0,51.2,41.32,29.18,23.768000000000004,90.0,7.931999999999988,0.0
2006-09-23 07:00:00,0.0,0.0,52.93,43.27,33.57,35.443999999999996,90.0,4.325999999999993,0.0
2006-09-23 08:00:00,0.0,0.0,54.47,44.37,35.79,51.43200000000001,83.19799999999998,0.0,0.0
2006-09-23 09:00:00,0.0,0.0,55.84,45.04,36.54,68.813,68.607,0.0,0.0
2006-09-23 10:00:00,0.0,0.0,55.71,45.76,36.93,85.05899999999998,90.0,0.0,36.658999999999985
2006-09-23 11:00:00,0.0,0.0,54.74,44.92,37.13,92.65599999999999,50.0,0.0,5.866000000000014
2006-09-23 12:00:00,0.0,0.0,53.45,43.84,36.83,94.401,70.0,0.0,30.281000000000006
2006-09-23 13:00:00,0.0,0.0,52.36,42.32,36.34,92.10900000000001,90.0,0.0,51.08900000000003
2006-09-23 14:00:00,0.0,0.0,51.4,41.0,36.16,85.217,43.34299999999999,0.0,0.0
2006-09-23 15:00:00,0.0,0.0,51.54,40.47,37.11,72.015,57.10499999999998,0.0,0.0
2006-09-23 16:00:00,0.0,0.0,52.46,42.08,38.99,50.93200000000001,82.59800000000001,0.0,0.0
2006-09-23 17:00:00,0.0,0.0,52.46,44.24,40.1,30.290999999999997,90.0,16.509000000000007,0.0
2006-09-23 18:00:00,0.0,0.0,50.51,43.32,39.74,21.861,90.0,21.709000000000003,0.0
2006-09-23 19:00:00,0.0,0.0,47.61,41.33,38.23,26.246000000000002,90.0,10.923999999999992,0.0
2006-09-23 20:00:00,0.0,0.0,44.6,41.4,35.86,30.593000000000004,90.0,1.2670000000000101,0.0
2006-09-23 21:00:00,0.0,0.0,41.1,42.13,32.43,33.061,82.59900000000002,0.0,0.0
2006-09-23 22:00:00,0.0,0.0,37.91,39.43,28.52,31.795,74.065,0.0,0.0
2006-09-23 23:00:00,0.0,0.0,35.82,36.44,24.86,31.112000000000002,90.0,0.0,23.992000000000004
2006-09-24 00:00:00,0.0,0.0,30.77,32.03,22.36,30.695,54.465,0.0,0.0
2006-09-24 01:00:00,0.0,0.0,30.62,29.87,21.08,30.279,51.291,0.0,0.0
2006-09-24 02:00:00,0.0,0.0,31.38,28.72,20.15,30.58,90.0,0.0,40.33000000000001
2006-09-24 03:00:00,0.0,0.0,33.7,29.59,19.68,31.434,70.0,0.0,18.464
2006-09-24 04:00:00,0.0,0.0,38.84,32.45,19.94,30.457,60.772999999999996,0.0,0.0
2006-09-24 05:00:00,0.0,0.0,43.91,36.07,23.05,30.293999999999997,90.0,0.0,17.26399999999999
2006-09-24 06:00:00,0.0,0.0,47.41,39.0,28.28,35.99699999999999,78.693,0.0,0.0
2006-09-24 07:00:00,0.0,0.0,49.14,40.94,32.69,45.666000000000004,77.10399999999998,0.0,0.0
2006-09-24 08:00:00,0.0,0.0,50.67,42.03,34.91,59.818999999999996,67.79100000000001,0.0,0.0
2006-09-24 09:00:00,0.0,0.0,52.04,42.7,35.66,73.301,57.099000000000004,0.0,0.0
2006-09-24 10:00:00,0.0,0.0,51.91,43.41,36.04,80.524,70.0,0.0,19.16400000000004
2006-09-24 11:00:00,0.0,0.0,50.95,42.58,36.25,83.301,46.47900000000001,0.0,0.0
2006-09-24 12:00:00,0.0,0.0,49.66,41.48,35.96,82.741,90.0,0.0,45.64100000000002
2006-09-24 13:00:00,0.0,0.0,48.57,39.96,35.47,77.919,90.0,0.0,43.91900000000003
2006-09-24 14:00:00,0.0,0.0,47.61,38.64,35.29,69.851,51.68899999999999,0.0,0.0
2006-09-24 15:00:00,0.0,0.0,47.76,38.11,36.24,56.867999999999995,70.0,0.0,4.757999999999996
2006-09-24 16:00:00,0.0,0.0,48.71,39.74,38.14,41.376000000000005,85.214,0.0,0.0
2006-09-24 17:00:00,0.0,0.0,48.71,41.94,39.28,27.843000000000004,90.0,8.456325833333327,0.0
2006-09-24 18:00:00,0.0,0.0,46.77,41.04,38.93,22.465,90.0,10.941666666666672,0.0
2006-09-24 19:00:00,0.0,0.0,43.86,39.03,37.42,21.354,90.0,3.956000000000011,0.0
2006-09-24 20:00:00,0.0,0.0,40.83,39.05,35.02,20.833,90.0,0.0,0.0
2006-09-24 21:00:00,0.0,0.0,37.33,39.78,31.57,19.229,90.0,0.0,0.5489999999999924
2006-09-24 22:00:00,0.0,0.0,34.14,37.11,27.65,16.908,90.0,0.0,8.00800000000001
2006-09-24 23:00:00,0.0,0.0,32.05,34.12,23.99,15.532,90.0,0.0,15.372000000000003
2006-09-25 00:00:00,0.0,0.0,42.34,40.51,24.9,15.081,90.0,0.0,0.0
2006-09-25 01:00:00,0.0,0.0,42.19,38.35,23.63,14.601,90.0,0.0,0.4310000000000116
2006-09-25 02:00:00,0.0,0.0,42.95,37.19,22.7,14.357000000000001,90.0,0.0,1.516999999999996
2006-09-25 03:00:00,0.0,0.0,45.27,38.06,22.23,14.722000000000001,90.0,0.0,0.0
2006-09-25 04:00:00,0.0,0.0,50.41,40.94,22.48,13.929000000000002,90.0,4.900999999999994,0.0
2006-09-25 05:00:00,0.0,0.0,55.47,44.57,25.57,14.154,106.456,0.0,0.0
2006-09-25 06:00:00,0.0,0.0,58.98,47.48,30.8,18.505,111.02075750000002,2.734242499999978,0.0
2006-09-25 07:00:00,0.0,0.0,60.7,49.42,35.21,27.662000000000003,90.0,22.66800000000002,0.0
2006-09-25 08:00:00,0.0,0.0,62.23,50.5,37.44,40.312000000000005,104.858,0.0,0.0
2006-09-25 09:00:00,0.0,0.0,63.6,51.16,38.2,51.436,96.52400000000002,0.0,0.0
2006-09-25 10:00:00,0.0,0.0,63.47,51.87,38.58,59.59,90.0,0.0,0.6700000000000017
2006-09-25 11:00:00,0.0,0.0,62.51,51.04,38.79,63.902,90.0,0.0,6.561999999999998
2006-09-25 12:00:00,0.0,0.0,61.23,49.94,38.5,64.087,90.0,0.0,9.417000000000002
2006-09-25 13:00:00,0.0,0.0,60.13,48.41,38.01,61.603,90.0,0.0,10.052999999999997
2006-09-25 14:00:00,0.0,0.0,59.18,47.09,37.83,55.975,90.0,0.0,6.875
2006-09-25 15:00:00,0.0,0.0,59.33,46.56,38.79,47.446000000000005,92.23400000000001,0.0,0.0
2006-09-25 16:00:00,0.0,0.0,60.3,48.21,40.71,34.672,109.54800000000002,0.0,0.0
2006-09-25 17:00:00,0.0,0.0,60.33,50.45,41.87,20.837,110.0,16.813000000000002,0.0
2006-09-25 18:00:00,0.0,0.0,58.39,49.57,41.53,8.915000000000001,135.0,0.5749999999999904,0.0
2006-09-25 19:00:00,0.0,0.0,55.46,47.54,40.03,8.509,110.0,19.521,0.0
2006-09-25 20:00:00,0.0,0.0,52.41,47.52,37.6,8.502,115.0,9.028,0.0
2006-09-25 21:00:00,0.0,0.0,48.92,48.24,34.11,8.449,110.0,7.820999999999998,0.0
2006-09-25 22:00:00,0.0,0.0,45.72,45.59,30.19,8.771,90.0,17.729000000000013,0.0
2006-09-25 23:00:00,0.0,0.0,43.63,42.6,26.53,9.243,90.0,8.517000000000015,0.0
2006-09-26 00:00:00,0.0,0.0,44.11,41.65,25.7,9.761000000000001,96.69900000000001,0.0,0.0
2006-09-26 01:00:00,0.0,0.0,43.95,39.49,24.44,10.408,92.47200000000001,0.0,0.0
2006-09-26 02:00:00,0.0,0.0,44.71,38.33,23.5,10.931000000000001,90.60900000000001,0.0,0.0
2006-09-26 03:00:00,0.0,0.0,47.04,39.2,23.03,11.189,93.081,0.0,0.0
2006-09-26 04:00:00,0.0,0.0,52.16,42.09,23.29,10.241,97.61904250000005,4.679957499999958,0.0
2006-09-26 05:00:00,0.0,0.0,57.22,45.72,26.35,9.865,90.0,24.42500000000001,0.0
2006-09-26 06:00:00,0.0,0.0,60.73,48.63,31.57,12.527999999999999,110.0,13.402000000000015,0.0
2006-09-26 07:00:00,0.0,0.0,62.46,50.56,36.0,23.126999999999995,90.0,30.893,0.0
2006-09-26 08:00:00,0.0,0.0,63.98,51.64,38.23,35.733,110.0,3.116999999999976,0.0
2006-09-26 09:00:00,0.0,0.0,65.34,52.29,38.99,49.867000000000004,101.75300000000001,0.0,0.0
2006-09-26 10:00:00,0.0,0.0,65.23,52.99,39.37,57.292,95.29800000000002,0.0,0.0
2006-09-26 11:00:00,0.0,0.0,64.27,52.17,39.58,59.985,91.035,0.0,0.0
2006-09-26 12:00:00,0.0,0.0,62.98,51.06,39.29,60.623000000000005,90.0,0.0,2.292999999999978
2006-09-26 13:00:00,0.0,0.0,61.89,49.52,38.81,58.837999999999994,90.0,0.0,3.617999999999981
2006-09-26 14:00:00,0.0,0.0,60.93,48.2,38.63,52.53200000000001,90.22800000000001,0.0,0.0
2006-09-26 15:00:00,0.0,0.0,61.09,47.68,39.59,42.497,100.86300000000001,0.0,0.0
2006-09-26 16:00:00,0.0,0.0,62.09,49.35,41.53,29.027,115.0,3.942999999999998,0.0
2006-09-26 17:00:00,0.0,0.0,62.13,51.63,42.73,14.183000000000002,135.0,2.306999999999988,0.0
2006-09-26 18:00:00,0.0,0.0,60.2,50.76,42.4,6.996999999999999,115.0,26.362999999999992,0.0
2006-09-26 19:00:00,0.0,0.0,57.26,48.72,40.89,8.197000000000001,115.0,18.672999999999988,0.0
2006-09-26 20:00:00,0.0,0.0,54.18,48.64,38.44,9.469000000000001,90.0,36.79100000000001,0.0
2006-09-26 21:00:00,0.0,0.0,50.69,49.35,34.92,10.479000000000001,115.0,4.4809999999999945,0.0
2006-09-26 22:00:00,0.0,0.0,47.49,46.74,30.99,10.941999999999998,109.278,0.0,0.0
2006-09-26 23:00:00,0.0,0.0,45.4,43.75,27.34,11.719,90.0,9.770999999999992,0.0
2006-09-27 00:00:00,0.0,0.0,44.66,41.07,26.16,12.16,90.0,4.730000000000004,0.0
2006-09-27 01:00:00,0.0,0.0,44.51,38.92,24.92,13.209000000000001,90.141,0.0,0.0
2006-09-27 02:00:00,0.0,0.0,45.27,37.75,23.98,14.040999999999999,90.0,0.0,2.040999999999997
2006-09-27 03:00:00,0.0,0.0,47.61,38.61,23.51,15.280999999999999,90.0,0.0,0.5510000000000002
2006-09-27 04:00:00,0.0,0.0,52.71,41.53,23.75,15.171999999999999,97.81800000000001,0.0,0.0
2006-09-27 05:00:00,0.0,0.0,57.76,45.16,26.79,16.076999999999998,108.633,0.0,0.0
2006-09-27 06:00:00,0.0,0.0,61.28,48.06,32.01,20.102,110.0,6.2480000000000215,0.0
2006-09-27 07:00:00,0.0,0.0,63.01,49.98,36.45,31.593999999999998,90.0,22.846000000000004,0.0
2006-09-27 08:00:00,0.0,0.0,64.52,51.05,38.69,45.2,104.05999999999997,0.0,0.0
2006-09-27 09:00:00,0.0,0.0,65.88,51.7,39.45,57.083999999999996,94.946,0.0,0.0
2006-09-27 10:00:00,0.0,0.0,65.77,52.39,39.82,69.37,90.0,0.0,6.390000000000003
2006-09-27 11:00:00,0.0,0.0,64.81,51.57,40.03,74.705,90.0,0.0,13.294999999999991
2006-09-27 12:00:00,0.0,0.0,63.53,50.45,39.75,76.234,90.0,0.0,17.50399999999999
2006-09-27 13:00:00,0.0,0.0,62.43,48.92,39.27,73.782,90.0,0.0,18.161999999999978
2006-09-27 14:00:00,0.0,0.0,61.48,47.59,39.1,68.068,90.0,0.0,14.897999999999996
2006-09-27 15:00:00,0.0,0.0,61.65,47.07,40.06,60.189,90.0,0.0,6.408999999999992
2006-09-27 16:00:00,0.0,0.0,62.67,48.76,42.02,51.413,90.0,7.037000000000006,0.0
2006-09-27 17:00:00,0.0,0.0,62.73,51.08,43.25,44.375,107.68499999999999,0.0,0.0
2006-09-27 18:00:00,0.0,0.0,60.81,50.24,42.93,40.87,108.11000000000003,0.0,0.0
2006-09-27 19:00:00,0.0,0.0,57.85,48.18,41.42,40.794000000000004,90.0,11.65600000000002,0.0
2006-09-27 20:00:00,0.0,0.0,54.75,48.05,38.95,41.016999999999996,92.79122500000034,2.941774999999672,0.0
2006-09-27 21:00:00,0.0,0.0,51.26,48.76,35.39,41.53999999999999,90.0,0.0,1.1299999999999955
2006-09-27 22:00:00,0.0,0.0,48.06,46.16,31.45,42.041000000000004,90.0,0.0,11.370999999999995
2006-09-27 23:00:00,0.0,0.0,45.96,43.18,27.8,42.12200000000001,90.0,0.0,20.18200000000001
2006-09-28 00:00:00,0.0,0.0,44.26,40.2,26.31,41.929,90.0,0.0,26.158999999999978
2006-09-28 01:00:00,0.0,0.0,44.1,38.05,25.08,41.592,90.0,0.0,29.36200000000001
2006-09-28 02:00:00,0.0,0.0,44.86,36.87,24.14,40.562999999999995,90.0,0.0,29.69299999999999
2006-09-28 03:00:00,0.0,0.0,47.21,37.74,23.67,40.227999999999994,90.0,0.0,26.60799999999997
2006-09-28 04:00:00,0.0,0.0,52.3,40.66,23.91,38.706,90.0,0.0,16.836000000000013
2006-09-28 05:00:00,0.0,0.0,57.35,44.3,26.93,37.238,90.0,0.0,3.657999999999987
2006-09-28 06:00:00,0.0,0.0,60.87,47.2,32.14,37.477,90.0,7.733000000000004,0.0
2006-09-28 07:00:00,0.0,0.0,62.59,49.11,36.59,45.805,97.48500000000001,0.0,0.0
2006-09-28 08:00:00,0.0,0.0,64.11,50.17,38.84,53.986999999999995,90.0,4.13300000000001,0.0
2006-09-28 09:00:00,0.0,0.0,65.47,50.81,39.6,63.93,90.0,0.0,3.049999999999983
2006-09-28 10:00:00,0.0,0.0,65.36,51.5,39.97,72.715,90.0,0.0,10.88500000000002
2006-09-28 11:00:00,0.0,0.0,64.4,50.68,40.18,77.619,90.0,0.0,17.358999999999995
2006-09-28 12:00:00,0.0,0.0,63.12,49.56,39.91,78.753,90.0,0.0,21.163
2006-09-28 13:00:00,0.0,0.0,62.02,48.01,39.43,75.249,90.0,0.0,20.789
2006-09-28 14:00:00,0.0,0.0,61.07,46.69,39.26,66.91,90.0,0.0,14.89
2006-09-28 15:00:00,0.0,0.0,61.25,46.17,40.22,54.277,90.0,0.0,1.6370000000000102
2006-09-28 16:00:00,0.0,0.0,62.29,47.88,42.2,35.856,90.0,21.51400000000001,0.0
2006-09-28 17:00:00,0.0,0.0,62.36,50.24,43.46,19.652,115.0,16.407999999999987,0.0
2006-09-28 18:00:00,0.0,0.0,60.45,49.42,43.15,10.358999999999998,90.0,47.661000000000016,0.0
2006-09-28 19:00:00,0.0,0.0,57.48,47.34,41.64,10.009,110.0,21.451000000000022,0.0
2006-09-28 20:00:00,0.0,0.0,54.35,47.16,39.15,11.097999999999999,90.0,34.56200000000001,0.0
2006-09-28 21:00:00,0.0,0.0,50.87,47.86,35.56,12.472999999999999,110.0,6.816999999999993,0.0
2006-09-28 22:00:00,0.0,0.0,47.67,45.29,31.61,13.738,90.0,15.832000000000008,0.0
2006-09-28 23:00:00,0.0,0.0,45.56,42.32,27.96,14.28,96.56,0.0,0.0
2006-09-29 00:00:00,0.0,0.0,42.72,39.47,26.44,14.460999999999999,90.0,0.0,0.8309999999999906
2006-09-29 01:00:00,0.0,0.0,42.56,37.32,25.22,14.053,90.0,0.0,3.9529999999999834
2006-09-29 02:00:00,0.0,0.0,43.33,36.14,24.28,13.7,90.0,0.0,4.94999999999999
2006-09-29 03:00:00,0.0,0.0,45.68,37.0,23.81,13.546000000000001,90.0,0.0,2.055999999999985
2006-09-29 04:00:00,0.0,0.0,50.76,39.94,24.05,14.168999999999999,90.0,5.580999999999998,0.0
2006-09-29 05:00:00,0.0,0.0,55.8,43.59,27.03,14.427000000000001,90.0,16.99300000000001,0.0
2006-09-29 06:00:00,0.0,0.0,59.32,46.48,32.25,16.972,115.0,1.078000000000003,0.0
2006-09-29 07:00:00,0.0,0.0,61.05,48.38,36.71,28.788999999999998,110.0,2.3509999999999893,0.0
2006-09-29 08:00:00,0.0,0.0,62.55,49.44,38.96,40.668,90.0,15.28200000000001,0.0
2006-09-29 09:00:00,0.0,0.0,63.91,50.06,39.72,53.160999999999994,90.0,5.529000000000025,0.0
2006-09-29 10:00:00,0.0,0.0,63.81,50.75,40.09,63.61600000000001,90.0,0.0,3.9659999999999798
2006-09-29 11:00:00,0.0,0.0,62.85,49.93,40.3,70.153,90.0,0.0,12.073000000000008
2006-09-29 12:00:00,0.0,0.0,61.57,48.8,40.03,70.85499999999999,90.0,0.0,15.454999999999988
2006-09-29 13:00:00,0.0,0.0,60.47,47.26,39.56,66.154,90.0,0.0,13.863999999999976
2006-09-29 14:00:00,0.0,0.0,59.52,45.93,39.39,57.172,90.0,0.0,7.331999999999982
2006-09-29 15:00:00,0.0,0.0,59.71,45.41,40.35,45.585,90.0,4.88500000000001,0.0
2006-09-29 16:00:00,0.0,0.0,60.78,47.15,42.36,32.547,90.0,22.74300000000001,0.0
2006-09-29 17:00:00,0.0,0.0,60.87,49.54,43.64,21.423,110.0,17.626999999999992,0.0
2006-09-29 18:00:00,0.0,0.0,58.96,48.74,43.34,12.602,115.0,18.438000000000002,0.0
2006-09-29 19:00:00,0.0,0.0,55.97,46.64,41.83,13.468,115.0,10.971999999999994,0.0
2006-09-29 20:00:00,0.0,0.0,52.82,46.41,39.32,15.315999999999999,90.0,28.23400000000003,0.0
2006-09-29 21:00:00,0.0,0.0,49.35,47.11,35.69,16.8,110.0,0.3499999999999961,0.0
2006-09-29 22:00:00,0.0,0.0,46.14,44.56,31.74,17.939999999999998,90.0,9.5,0.0
2006-09-29 23:00:00,0.0,0.0,44.03,41.59,28.1,17.711000000000002,91.00900000000001,0.0,0.0
2006-09-30 00:00:00,0.0,0.0,34.53,34.38,24.63,16.556,76.98400000000001,0.0,0.0
2006-09-30 01:00:00,0.0,0.0,34.37,32.23,23.42,15.007,90.0,0.0,14.987000000000009
2006-09-30 02:00:00,0.0,0.0,35.14,31.04,22.48,13.533999999999999,78.56210526315793,0.0,3.4361052631579176
2006-09-30 03:00:00,0.0,0.0,37.5,31.9,22.01,13.358,90.0,0.0,11.948
2006-09-30 04:00:00,0.0,0.0,42.56,34.86,22.24,13.731000000000002,90.0,0.0,4.070999999999998
2006-09-30 05:00:00,0.0,0.0,47.6,38.51,25.21,15.292,90.0,6.028000000000006,0.0
2006-09-30 06:00:00,0.0,0.0,51.12,41.39,30.41,19.314999999999998,90.0,13.605,0.0
2006-09-30 07:00:00,0.0,0.0,52.85,43.28,34.89,31.15,90.0,9.870000000000005,0.0
2006-09-30 08:00:00,0.0,0.0,54.35,44.34,37.15,44.259,90.0,1.5810000000000173,0.0
2006-09-30 09:00:00,0.0,0.0,55.7,44.96,37.91,61.56100000000001,77.009,0.0,0.0
2006-09-30 10:00:00,0.0,0.0,55.61,45.64,38.27,73.488,66.03200000000002,0.0,0.0
2006-09-30 11:00:00,0.0,0.0,54.66,44.82,38.49,79.644,81.34299168975075,0.0,23.01699168975072
2006-09-30 12:00:00,0.0,0.0,53.37,43.68,38.22,80.839,70.0,0.0,15.568999999999988
2006-09-30 13:00:00,0.0,0.0,52.27,42.13,37.75,78.39800000000001,70.0,0.0,16.247999999999994
2006-09-30 14:00:00,0.0,0.0,51.32,40.81,37.59,71.009,90.0,0.0,31.288999999999987
2006-09-30 15:00:00,0.0,0.0,51.52,40.29,38.55,59.081,71.27899999999998,0.0,0.0
2006-09-30 16:00:00,0.0,0.0,52.61,42.04,40.58,42.054,90.0,3.176000000000016,0.0
2006-09-30 17:00:00,0.0,0.0,52.72,44.48,41.89,29.022000000000002,90.0,20.067999999999998,0.0
2006-09-30 18:00:00,0.0,0.0,50.82,43.69,41.6,18.883,90.0,27.226999999999997,0.0
2006-09-30 19:00:00,0.0,0.0,47.81,41.58,40.08,21.677,90.0,17.792999999999992,0.0
2006-09-30 20:00:00,0.0,0.0,44.64,41.3,37.55,25.251,90.0,8.23899999999999,0.0
2006-09-30 21:00:00,0.0,0.0,41.17,41.99,33.89,25.826999999999998,90.0,1.2230000000000096,0.0
2006-09-30 22:00:00,0.0,0.0,37.96,39.47,29.94,26.087,81.283,0.0,0.0
2006-09-30 23:00:00,0.0,0.0,35.84,36.51,26.29,25.727000000000004,72.91299999999998,0.0,0.0
2006-10-01 00:00:00,0.0,0.0,30.74,32.05,23.42,26.638999999999996,70.0,0.0,10.429000000000002
2006-10-01 01:00:00,0.0,0.0,30.58,29.91,22.23,26.867,55.852999999999994,0.0,0.0
2006-10-01 02:00:00,0.0,0.0,31.35,28.7,21.28,25.951,90.0,0.0,34.62099999999999
2006-10-01 03:00:00,0.0,0.0,33.72,29.57,20.81,25.648,58.452,0.0,0.0
2006-10-01 04:00:00,0.0,0.0,38.77,32.56,21.04,25.173000000000002,67.197,0.0,0.0
2006-10-01 05:00:00,0.0,0.0,43.79,36.21,23.95,26.392,77.55799999999999,0.0,0.0
2006-10-01 06:00:00,0.0,0.0,47.32,39.08,29.15,27.315,88.23499999999999,0.0,0.0
2006-10-01 07:00:00,0.0,0.0,49.05,40.95,33.65,38.550000000000004,85.1,0.0,0.0
2006-10-01 08:00:00,0.0,0.0,50.54,42.0,35.92,51.479,90.0,0.0,13.01900000000002
2006-10-01 09:00:00,0.0,0.0,51.89,42.6,36.68,66.34899999999999,64.821,0.0,0.0
2006-10-01 10:00:00,0.0,0.0,51.8,43.27,37.05,74.798,70.0,0.0,12.677999999999983
2006-10-01 11:00:00,0.0,0.0,50.85,42.46,37.26,78.47200000000001,90.0,0.0,37.90199999999999
2006-10-01 12:00:00,0.0,0.0,49.57,41.31,37.01,77.96700000000001,70.0,0.0,20.076999999999998
2006-10-01 13:00:00,0.0,0.0,48.46,39.75,36.54,73.311,51.43899999999998,0.0,0.0
2006-10-01 14:00:00,0.0,0.0,47.52,38.42,36.38,66.43499999999999,55.885000000000005,0.0,0.0
2006-10-01 15:00:00,0.0,0.0,47.73,37.91,37.35,56.635999999999996,66.354,0.0,0.0
2006-10-01 16:00:00,0.0,0.0,48.87,39.7,39.42,41.089,86.901,0.0,0.0
2006-10-01 17:00:00,0.0,0.0,49.01,42.21,40.78,28.084,90.0,13.916000000000015,0.0
2006-10-01 18:00:00,0.0,0.0,47.13,41.47,40.52,24.075999999999997,90.0,15.044000000000015,0.0
2006-10-01 19:00:00,0.0,0.0,44.09,39.32,39.0,26.497999999999998,90.0,5.912000000000006,0.0
2006-10-01 20:00:00,0.0,0.0,40.87,38.95,36.42,28.938,87.30199999999999,0.0,0.0
2006-10-01 21:00:00,0.0,0.0,37.42,39.62,32.7,31.211000000000002,78.529,0.0,0.0
2006-10-01 22:00:00,0.0,0.0,34.2,37.15,28.73,31.938,68.142,0.0,0.0
2006-10-01 23:00:00,0.0,0.0,32.07,34.19,25.09,32.778999999999996,58.57100000000001,0.0,0.0
2006-10-02 00:00:00,0.0,0.0,42.52,38.82,26.29,35.747,71.88299999999998,0.0,0.0
2006-10-02 01:00:00,0.0,0.0,42.36,36.68,25.1,38.016,70.0,0.0,3.8759999999999906
2006-10-02 02:00:00,0.0,0.0,43.13,35.47,24.15,40.755,70.0,0.0,8.00500000000001
2006-10-02 03:00:00,0.0,0.0,45.5,36.34,23.68,42.585,90.0,0.0,27.064999999999984
2006-10-02 04:00:00,0.0,0.0,50.55,39.33,23.91,44.161,69.62899999999999,0.0,0.0
2006-10-02 05:00:00,0.0,0.0,55.57,42.98,26.82,45.865,79.50499999999997,0.0,0.0
2006-10-02 06:00:00,0.0,0.0,59.1,45.85,32.02,49.383,90.0,0.0,2.4130000000000074
2006-10-02 07:00:00,0.0,0.0,60.83,47.72,36.51,59.09700000000001,85.96300000000001,0.0,0.0
2006-10-02 08:00:00,0.0,0.0,62.32,48.76,38.79,74.38499999999999,90.0,0.0,14.515000000000015
2006-10-02 09:00:00,0.0,0.0,63.67,49.37,39.55,90.992,89.1170138504156,0.0,27.51901385041561
2006-10-02 10:00:00,0.0,0.0,63.58,50.04,39.91,104.85900000000001,48.67099999999998,0.0,0.0
2006-10-02 11:00:00,0.0,0.0,62.63,49.23,40.13,111.293,40.696999999999996,0.0,0.0
2006-10-02 12:00:00,0.0,0.0,61.35,48.08,39.88,114.02300000000001,70.0,0.0,34.713
2006-10-02 13:00:00,0.0,0.0,60.24,46.52,39.41,112.99799999999999,90.0,0.0,56.827999999999975
2006-10-02 14:00:00,0.0,0.0,59.3,45.19,39.25,107.525,36.214999999999975,0.0,0.0
2006-10-02 15:00:00,0.0,0.0,59.51,44.68,40.21,98.24,46.16000000000002,0.0,0.0
2006-10-02 16:00:00,0.0,0.0,60.65,46.47,42.28,85.956,63.44399999999999,0.0,0.0
2006-10-02 17:00:00,0.0,0.0,60.79,48.98,43.65,70.58500000000001,82.83499999999998,0.0,0.0
2006-10-02 18:00:00,0.0,0.0,58.91,48.24,43.39,58.585,90.0,1.954999999999984,0.0
2006-10-02 19:00:00,0.0,0.0,55.87,46.09,41.87,56.96,86.87,0.0,0.0
2006-10-02 20:00:00,0.0,0.0,52.65,45.71,39.29,54.416999999999994,90.0,0.0,6.766999999999982
2006-10-02 21:00:00,0.0,0.0,49.2,46.39,35.57,50.363,90.0,0.0,9.203000000000003
2006-10-02 22:00:00,0.0,0.0,45.98,43.92,31.59,47.454,74.036,0.0,0.0
2006-10-02 23:00:00,0.0,0.0,43.85,40.96,27.96,46.664,66.106,0.0,0.0
2006-10-03 00:00:00,0.0,0.0,44.8,42.19,27.53,46.932,70.0,0.0,2.412000000000006
2006-10-03 01:00:00,0.0,0.0,44.64,40.05,26.33,47.528999999999996,90.0,0.0,26.509
2006-10-03 02:00:00,0.0,0.0,45.42,38.84,25.39,47.694,70.0,0.0,8.043999999999983
2006-10-03 03:00:00,0.0,0.0,47.79,39.7,24.92,46.300000000000004,66.11000000000001,0.0,0.0
2006-10-03 04:00:00,0.0,0.0,52.83,42.69,25.15,44.038,76.63199999999998,0.0,0.0
2006-10-03 05:00:00,0.0,0.0,57.86,46.35,28.06,39.563,90.0,2.7069999999999936,0.0
2006-10-03 06:00:00,0.0,0.0,61.38,49.22,33.26,40.038,90.0,13.822000000000008,0.0
2006-10-03 07:00:00,0.0,0.0,63.11,51.09,37.75,47.713,90.0,14.237000000000009,0.0
2006-10-03 08:00:00,0.0,0.0,64.6,52.13,40.03,60.330000000000005,90.0,6.429999999999978,0.0
2006-10-03 09:00:00,0.0,0.0,65.95,52.74,40.79,70.733,88.74700000000001,0.0,0.0
2006-10-03 10:00:00,0.0,0.0,65.87,53.41,41.15,74.353,90.0,0.0,3.9229999999999805
2006-10-03 11:00:00,0.0,0.0,64.92,52.6,41.37,76.119,84.43040443213306,0.0,1.6594044321330534
2006-10-03 12:00:00,0.0,0.0,63.64,51.45,41.11,77.65400000000001,90.0,0.0,11.45399999999998
2006-10-03 13:00:00,0.0,0.0,62.53,49.88,40.65,75.85,90.0,0.0,12.789999999999981
2006-10-03 14:00:00,0.0,0.0,61.59,48.56,40.49,70.61699999999999,90.0,0.0,9.976999999999975
2006-10-03 15:00:00,0.0,0.0,61.8,48.05,41.45,62.711,90.0,0.0,1.4109999999999872
2006-10-03 16:00:00,0.0,0.0,62.94,49.84,43.52,52.401,90.0,8.899000000000006,0.0
2006-10-03 17:00:00,0.0,0.0,63.08,52.35,44.89,39.181,116.13900000000001,0.0,0.0
2006-10-03 18:00:00,0.0,0.0,61.19,51.61,44.63,26.143000000000004,105.22804500000001,21.058954999999973,0.0
2006-10-03 19:00:00,0.0,0.0,58.16,49.45,43.11,26.36,90.0,29.36,0.0
2006-10-03 20:00:00,0.0,0.0,54.94,49.08,40.53,28.015,110.0,1.5350000000000108,0.0
2006-10-03 21:00:00,0.0,0.0,51.48,49.76,36.8,28.808,90.0,14.231999999999996,0.0
2006-10-03 22:00:00,0.0,0.0,48.26,47.29,32.83,27.819,90.0,5.561000000000007,0.0
2006-10-03 23:00:00,0.0,0.0,46.13,44.33,29.19,28.276000000000003,90.0,0.0,3.626000000000019
2006-10-04 00:00:00,0.0,0.0,46.03,47.65,29.2,29.006,90.0,0.0,1.1259999999999906
2006-10-04 01:00:00,0.0,0.0,45.86,45.5,28.01,31.18,90.0,0.0,6.810000000000002
2006-10-04 02:00:00,0.0,0.0,46.64,44.3,27.07,34.379,90.0,0.0,11.369
2006-10-04 03:00:00,0.0,0.0,49.01,45.16,26.6,36.554,90.0,0.0,10.78400000000002
2006-10-04 04:00:00,0.0,0.0,54.05,48.15,26.82,33.955,90.0,0.0649999999999844,0.0
2006-10-04 05:00:00,0.0,0.0,59.08,51.81,29.73,32.028,90.0,13.592000000000002,0.0
2006-10-04 06:00:00,0.0,0.0,62.6,54.68,34.93,33.037,90.0,24.172999999999988,0.0
2006-10-04 07:00:00,0.0,0.0,64.33,56.55,39.43,43.662000000000006,90.0,21.64800000000001,0.0
2006-10-04 08:00:00,0.0,0.0,65.83,57.59,41.7,59.2,100.92000000000002,0.0,0.0
2006-10-04 09:00:00,0.0,0.0,67.17,58.2,42.47,75.54100000000001,90.0,0.0,2.701000000000003
2006-10-04 10:00:00,0.0,0.0,67.09,58.87,42.83,89.067,90.0,0.0,15.277000000000001
2006-10-04 11:00:00,0.0,0.0,66.14,58.06,43.04,95.47600000000003,90.0,0.0,23.235999999999997
2006-10-04 12:00:00,0.0,0.0,64.86,56.91,42.79,96.713,90.0,0.0,27.15300000000001
2006-10-04 13:00:00,0.0,0.0,63.75,55.34,42.33,93.307,90.0,0.0,26.886999999999986
2006-10-04 14:00:00,0.0,0.0,62.81,54.02,42.16,85.28,90.0,0.0,21.289999999999978
2006-10-04 15:00:00,0.0,0.0,63.02,53.51,43.13,69.663,90.0,0.0,5.002999999999986
2006-10-04 16:00:00,0.0,0.0,64.16,55.3,45.2,44.81099999999999,114.84899999999999,0.0,0.0
2006-10-04 17:00:00,0.0,0.0,64.3,57.81,46.56,26.896,90.0,46.773999999999994,0.0
2006-10-04 18:00:00,0.0,0.0,62.41,57.06,46.31,15.858,90.0,54.922000000000025,0.0
2006-10-04 19:00:00,0.0,0.0,59.38,54.91,44.78,15.805,127.92300000000009,10.34199999999992,0.0
2006-10-04 20:00:00,0.0,0.0,56.16,54.54,42.21,15.701,90.0,42.209,0.0
2006-10-04 21:00:00,0.0,0.0,52.7,55.22,38.48,15.076,110.0,16.324000000000026,0.0
2006-10-04 22:00:00,0.0,0.0,49.48,52.75,34.51,14.1,90.0,27.64,0.0
2006-10-04 23:00:00,0.0,0.0,47.35,49.79,30.87,13.782,90.0,19.228,0.0
2006-10-05 00:00:00,0.0,0.0,45.84,47.34,28.26,13.706,90.0,12.734000000000009,0.0
2006-10-05 01:00:00,0.0,0.0,45.68,45.2,27.07,14.485999999999999,98.464,0.0,0.0
2006-10-05 02:00:00,0.0,0.0,46.45,43.99,26.13,15.158000000000001,96.412,0.0,0.0
2006-10-05 03:00:00,0.0,0.0,48.82,44.85,25.66,17.0,97.33,0.0,0.0
2006-10-05 04:00:00,0.0,0.0,53.86,47.84,25.88,18.484,104.096,0.0,0.0
2006-10-05 05:00:00,0.0,0.0,58.89,51.5,28.79,20.964,113.21600000000001,0.0,0.0
2006-10-05 06:00:00,0.0,0.0,62.42,54.37,33.99,25.326,110.0,10.453999999999992,0.0
2006-10-05 07:00:00,0.0,0.0,64.15,56.24,38.49,36.403,90.0,27.477000000000032,0.0
2006-10-05 08:00:00,0.0,0.0,65.64,57.28,40.76,51.78399999999999,90.0,16.896000000000015,0.0
2006-10-05 09:00:00,0.0,0.0,66.99,57.89,41.53,68.531,92.87899999999998,0.0,0.0
2006-10-05 10:00:00,0.0,0.0,66.9,58.56,41.89,80.975,90.0,0.0,3.624999999999993
2006-10-05 11:00:00,0.0,0.0,65.95,57.75,42.1,87.79599999999999,90.0,0.0,11.996000000000004
2006-10-05 12:00:00,0.0,0.0,64.67,56.6,41.85,88.564,90.0,0.0,15.443999999999988
2006-10-05 13:00:00,0.0,0.0,63.56,55.03,41.39,85.66799999999998,90.0,0.0,17.354666666666667
2006-10-05 14:00:00,0.0,0.0,62.62,53.71,41.22,82.14099999999999,90.0,0.0,14.591000000000008
2006-10-05 15:00:00,0.0,0.0,62.83,53.2,42.19,75.488,90.0,0.0,10.566064635272413
2006-10-05 16:00:00,0.0,0.0,63.97,54.99,44.26,58.069,90.0,10.150999999999986,0.0
2006-10-05 17:00:00,0.0,0.0,64.11,57.5,45.62,49.26,90.0,22.970000000000027,0.0
2006-10-05 18:00:00,0.0,0.0,62.23,56.76,45.36,48.565,90.0,20.784999999999997,0.0
2006-10-05 19:00:00,0.0,0.0,59.19,54.6,43.84,51.55700000000001,90.0,11.072999999999993,0.0
2006-10-05 20:00:00,0.0,0.0,55.97,54.23,41.27,55.046,90.0,1.4240000000000084,0.0
2006-10-05 21:00:00,0.0,0.0,52.52,54.91,37.54,58.604,86.36599999999999,0.0,0.0
2006-10-05 22:00:00,0.0,0.0,49.29,52.44,33.57,61.43,73.86999999999998,0.0,0.0
2006-10-05 23:00:00,0.0,0.0,47.17,49.48,29.93,64.97,61.61000000000001,0.0,0.0
2006-10-06 00:00:00,0.0,0.0,43.72,42.04,26.52,67.696,50.0,0.0,5.416000000000011
2006-10-06 01:00:00,0.0,0.0,43.56,39.89,25.33,70.012,50.0,0.0,11.232
2006-10-06 02:00:00,0.0,0.0,44.34,38.69,24.38,72.618,70.0,0.0,35.208
2006-10-06 03:00:00,0.0,0.0,46.71,39.55,23.91,74.232,35.938,0.0,0.0
2006-10-06 04:00:00,0.0,0.0,51.75,42.54,24.14,75.21000000000001,63.133423822714725,0.0,19.913423822714716
2006-10-06 05:00:00,0.0,0.0,56.78,46.2,27.05,75.667,54.363,0.0,0.0
2006-10-06 06:00:00,0.0,0.0,60.3,49.06,32.25,76.65299999999999,64.957,0.0,0.0
2006-10-06 07:00:00,0.0,0.0,62.03,50.94,36.75,82.19,87.53,0.0,20.0
2006-10-06 08:00:00,0.0,0.0,63.52,51.98,39.02,92.53,61.98999999999999,0.0,0.0
2006-10-06 09:00:00,0.0,0.0,64.87,52.59,39.78,101.88100000000001,55.35900000000001,0.0,0.0
2006-10-06 10:00:00,0.0,0.0,64.79,53.26,40.14,110.196,47.994,0.0,0.0
2006-10-06 11:00:00,0.0,0.0,63.84,52.45,40.36,113.043,43.607,0.0,0.0
2006-10-06 12:00:00,0.0,0.0,62.56,51.29,40.11,112.161,41.799,0.0,0.0
2006-10-06 13:00:00,0.0,0.0,61.45,49.73,39.64,108.74000000000001,42.07999999999999,0.0,0.0
2006-10-06 14:00:00,0.0,0.0,60.51,48.4,39.48,101.52399999999999,46.866,0.0,0.0
2006-10-06 15:00:00,0.0,0.0,60.72,47.9,40.44,89.563,59.49700000000001,0.0,0.0
2006-10-06 16:00:00,0.0,0.0,61.86,49.69,42.51,73.92699999999999,80.133,0.0,0.0
2006-10-06 17:00:00,0.0,0.0,62.0,52.2,43.88,65.543,90.0,2.536999999999992,0.0
2006-10-06 18:00:00,0.0,0.0,60.11,51.45,43.62,66.50699999999999,88.67300000000002,0.0,0.0
2006-10-06 19:00:00,0.0,0.0,57.08,49.3,42.1,69.232,79.248,0.0,0.0
2006-10-06 20:00:00,0.0,0.0,53.86,48.93,39.52,71.336,70.97400000000002,0.0,0.0
2006-10-06 21:00:00,0.0,0.0,50.4,49.61,35.8,72.842,62.968,0.0,0.0
2006-10-06 22:00:00,0.0,0.0,47.18,47.14,31.83,72.898,53.251999999999995,0.0,0.0
2006-10-06 23:00:00,0.0,0.0,45.05,44.18,28.19,73.73500000000001,70.0,0.0,26.314999999999998
2006-10-07 00:00:00,0.0,0.0,35.77,40.03,25.8,73.527,28.072999999999993,0.0,0.0
2006-10-07 01:00:00,0.0,0.0,35.61,37.89,24.61,74.694,23.415999999999997,0.0,0.0
2006-10-07 02:00:00,0.0,0.0,36.38,36.68,23.66,74.55199999999999,70.0,0.0,47.831999999999994
2006-10-07 03:00:00,0.0,0.0,38.75,37.55,23.19,71.901,40.0,0.0,12.411000000000001
2006-10-07 04:00:00,0.0,0.0,43.8,40.54,23.42,71.59599999999999,50.0,0.0,13.835999999999999
2006-10-07 05:00:00,0.0,0.0,48.82,44.19,26.33,71.707,47.63300000000001,0.0,0.0
2006-10-07 06:00:00,0.0,0.0,52.35,47.06,31.53,71.872,59.06800000000001,0.0,0.0
2006-10-07 07:00:00,0.0,0.0,54.08,48.93,36.02,77.673,61.35700000000002,0.0,0.0
2006-10-07 08:00:00,0.0,0.0,55.57,49.98,38.3,89.458,54.392,0.0,0.0
2006-10-07 09:00:00,0.0,0.0,56.92,50.58,39.06,102.335,44.22500000000001,0.0,0.0
2006-10-07 10:00:00,0.0,0.0,56.83,51.25,39.42,109.612,50.0,0.0,12.111999999999995
2006-10-07 11:00:00,0.0,0.0,55.88,50.44,39.64,112.46,33.5,0.0,0.0
2006-10-07 12:00:00,0.0,0.0,54.6,49.29,39.39,112.13999999999999,31.139999999999993,0.0,0.0
2006-10-07 13:00:00,0.0,0.0,53.49,47.73,38.92,108.55000000000001,31.589999999999996,0.0,0.0
2006-10-07 14:00:00,0.0,0.0,52.55,46.4,38.76,102.67599999999999,70.0,0.0,34.965999999999994
2006-10-07 15:00:00,0.0,0.0,52.76,45.89,39.72,93.34899999999999,45.021,0.0,0.0
2006-10-07 16:00:00,0.0,0.0,53.9,47.68,41.79,79.783,70.0,0.0,6.413000000000011
2006-10-07 17:00:00,0.0,0.0,54.04,50.19,43.16,61.117000000000004,86.27299999999998,0.0,0.0
2006-10-07 18:00:00,0.0,0.0,52.16,49.45,42.9,55.408,89.102,0.0,0.0
2006-10-07 19:00:00,0.0,0.0,49.12,47.3,41.38,54.383,83.41699999999999,0.0,0.0
2006-10-07 20:00:00,0.0,0.0,45.9,46.93,38.8,54.072,77.55799999999999,0.0,0.0
2006-10-07 21:00:00,0.0,0.0,42.45,47.6,35.08,52.677,72.453,0.0,0.0
2006-10-07 22:00:00,0.0,0.0,39.23,45.13,31.1,51.202,70.0,0.0,5.742000000000019
2006-10-07 23:00:00,0.0,0.0,37.1,42.17,27.47,50.359,70.0,0.0,13.618999999999996
2006-10-08 00:00:00,0.0,0.0,32.48,39.0,24.23,50.386,50.0,0.0,4.675999999999988
2006-10-08 01:00:00,0.0,0.0,32.32,36.86,23.04,49.873,70.0,0.0,27.65300000000002
2006-10-08 02:00:00,0.0,0.0,33.09,35.65,22.1,48.574,50.0,0.0,7.7339999999999804
2006-10-08 03:00:00,0.0,0.0,35.46,36.52,21.63,47.971999999999994,45.638000000000005,0.0,0.0
2006-10-08 04:00:00,0.0,0.0,40.5,39.51,21.85,47.206,54.65399999999998,0.0,0.0
2006-10-08 05:00:00,0.0,0.0,45.53,43.16,24.76,47.544000000000004,65.906,0.0,0.0
2006-10-08 06:00:00,0.0,0.0,49.05,46.03,29.97,48.605000000000004,76.445,0.0,0.0
2006-10-08 07:00:00,0.0,0.0,50.78,47.9,34.46,57.089000000000006,76.051,0.0,0.0
2006-10-08 08:00:00,0.0,0.0,52.28,48.94,36.73,72.405,70.0,0.0,4.454999999999998
2006-10-08 09:00:00,0.0,0.0,53.62,49.55,37.5,86.32399999999998,54.346000000000004,0.0,0.0
2006-10-08 10:00:00,0.0,0.0,53.54,50.22,37.86,99.49300000000001,42.12700000000001,0.0,0.0
2006-10-08 11:00:00,0.0,0.0,52.59,49.41,38.07,103.708,36.361999999999995,0.0,0.0
2006-10-08 12:00:00,0.0,0.0,51.31,48.26,37.82,101.59200000000001,35.797999999999995,0.0,0.0
2006-10-08 13:00:00,0.0,0.0,50.2,46.7,37.36,94.24800000000002,40.012,0.0,0.0
2006-10-08 14:00:00,0.0,0.0,49.26,45.37,37.19,82.974,50.0,0.0,1.1539999999999964
2006-10-08 15:00:00,0.0,0.0,49.47,44.86,38.16,67.82300000000001,64.66699999999999,0.0,0.0
2006-10-08 16:00:00,0.0,0.0,50.61,46.65,40.23,49.721,87.769,0.0,0.0
2006-10-08 17:00:00,0.0,0.0,50.75,49.16,41.59,39.572,90.0,11.927999999999997,0.0
2006-10-08 18:00:00,0.0,0.0,48.86,48.42,41.34,38.265,90.0,10.355000000000004,0.0
2006-10-08 19:00:00,0.0,0.0,45.83,46.27,39.81,41.87700000000001,90.0,0.0330000000000048,0.0
2006-10-08 20:00:00,0.0,0.0,42.61,45.9,37.24,43.998,81.752,0.0,0.0
2006-10-08 21:00:00,0.0,0.0,39.15,46.57,33.51,44.485,74.74499999999999,0.0,0.0
2006-10-08 22:00:00,0.0,0.0,35.93,44.1,29.54,44.324,70.0,0.0,4.753999999999991
2006-10-08 23:00:00,0.0,0.0,33.81,41.14,25.9,44.058,56.792,0.0,0.0
2006-10-09 00:00:00,0.0,0.0,43.69,40.6,25.93,44.10600000000001,90.0,0.0,23.885999999999985
2006-10-09 01:00:00,0.0,0.0,43.53,38.46,24.74,43.864,62.866000000000014,0.0,0.0
2006-10-09 02:00:00,0.0,0.0,44.3,37.25,23.8,43.594,61.75599999999999,0.0,0.0
2006-10-09 03:00:00,0.0,0.0,46.67,38.11,23.33,42.10999999999999,70.0,0.0,3.999999999999986
2006-10-09 04:00:00,0.0,0.0,51.72,41.11,23.55,40.348,76.032,0.0,0.0
2006-10-09 05:00:00,0.0,0.0,56.74,44.76,26.46,37.972,89.98799999999999,0.0,0.0
2006-10-09 06:00:00,0.0,0.0,60.27,47.63,31.66,37.461,90.0,12.099000000000006,0.0
2006-10-09 07:00:00,0.0,0.0,62.0,49.5,36.16,44.737,90.0,12.911766666666658,0.0
2006-10-09 08:00:00,0.0,0.0,63.49,50.54,38.43,50.965999999999994,90.0,9.827333333333328,0.0
2006-10-09 09:00:00,0.0,0.0,64.84,51.15,39.2,61.004,90.0,4.186000000000007,0.0
2006-10-09 10:00:00,0.0,0.0,64.75,51.82,39.56,71.21799999999999,90.0,0.0,5.087999999999994
2006-10-09 11:00:00,0.0,0.0,63.8,51.01,39.77,75.966,90.0,0.0,11.385999999999996
2006-10-09 12:00:00,0.0,0.0,62.52,49.86,39.52,75.541,90.0,0.0,13.640999999999991
2006-10-09 13:00:00,0.0,0.0,61.41,48.3,39.06,69.55000000000001,90.0,0.0,10.780000000000015
2006-10-09 14:00:00,0.0,0.0,60.47,46.97,38.89,58.675,90.0,0.0,2.345000000000013
2006-10-09 15:00:00,0.0,0.0,60.68,46.46,39.86,42.596,99.40400000000001,0.0,0.0
2006-10-09 16:00:00,0.0,0.0,61.83,48.25,41.93,24.798,122.21199999999999,0.0,0.0
2006-10-09 17:00:00,0.0,0.0,61.96,50.76,43.29,10.615,90.0,50.395,0.0
2006-10-09 18:00:00,0.0,0.0,60.08,50.02,43.03,7.731,110.0,30.398999999999987,0.0
2006-10-09 19:00:00,0.0,0.0,57.04,47.87,41.51,8.376000000000001,130.0,3.043999999999979,0.0
2006-10-09 20:00:00,0.0,0.0,53.82,47.49,38.94,8.350000000000001,126.89999999999998,0.0,0.0
2006-10-09 21:00:00,0.0,0.0,50.37,48.17,35.21,7.753,120.99700000000001,0.0,0.0
2006-10-09 22:00:00,0.0,0.0,47.15,45.7,31.24,7.329,111.761,0.0,0.0
2006-10-09 23:00:00,0.0,0.0,45.02,42.74,27.6,6.757,90.0,13.602999999999994,0.0
2006-10-10 00:00:00,0.0,0.0,44.98,39.78,26.64,6.162000000000001,100.23800000000001,0.0,0.0
2006-10-10 01:00:00,0.0,0.0,44.82,37.64,25.45,6.161999999999999,96.748,0.0,0.0
2006-10-10 02:00:00,0.0,0.0,45.59,36.43,24.5,6.429,95.091,0.0,0.0
2006-10-10 03:00:00,0.0,0.0,47.97,37.3,24.03,7.274000000000001,97.02600000000001,0.0,0.0
2006-10-10 04:00:00,0.0,0.0,53.01,40.29,24.26,7.596,104.96400000000001,0.0,0.0
2006-10-10 05:00:00,0.0,0.0,58.03,43.94,27.17,8.505,90.0,25.635000000000005,0.0
2006-10-10 06:00:00,0.0,0.0,61.56,46.81,32.37,9.828000000000001,125.912,0.0,0.0
2006-10-10 07:00:00,0.0,0.0,63.29,48.68,36.86,15.337,110.0,18.49300000000001,0.0
2006-10-10 08:00:00,0.0,0.0,64.78,49.72,39.14,26.793,104.37993,17.467069999999996,0.0
2006-10-10 09:00:00,0.0,0.0,66.13,50.33,39.9,37.211,114.149,0.0,0.0
2006-10-10 10:00:00,0.0,0.0,66.05,51.0,40.26,45.64699999999999,106.66300000000001,0.0,0.0
2006-10-10 11:00:00,0.0,0.0,65.1,50.19,40.48,53.067,97.703,0.0,0.0
2006-10-10 12:00:00,0.0,0.0,63.81,49.04,40.22,56.12,91.94999999999999,0.0,0.0
2006-10-10 13:00:00,0.0,0.0,62.7,47.48,39.76,54.897,90.043,0.0,0.0
2006-10-10 14:00:00,0.0,0.0,61.76,46.15,39.6,49.189,93.32099999999998,0.0,0.0
2006-10-10 15:00:00,0.0,0.0,61.97,45.64,40.56,39.764,103.406,0.0,0.0
2006-10-10 16:00:00,0.0,0.0,63.12,47.43,42.63,28.343,119.83700000000002,0.0,0.0
2006-10-10 17:00:00,0.0,0.0,63.25,49.94,44.0,19.2,90.0,42.989999999999995,0.0
2006-10-10 18:00:00,0.0,0.0,61.37,49.2,43.74,18.599,130.711,0.0,0.0
2006-10-10 19:00:00,0.0,0.0,58.33,47.05,42.22,22.889,110.0,9.710999999999999,0.0
2006-10-10 20:00:00,0.0,0.0,55.11,46.67,39.64,25.945,110.0,0.4750000000000085,0.0
2006-10-10 21:00:00,0.0,0.0,51.66,47.35,35.92,28.234000000000005,101.696,0.0,0.0
2006-10-10 22:00:00,0.0,0.0,48.44,44.88,31.94,30.475,90.0,0.0,0.21499999999999098
2006-10-10 23:00:00,0.0,0.0,46.31,41.92,28.31,31.803000000000004,90.0,0.0,10.262999999999982
2006-10-11 00:00:00,0.0,0.0,45.57,41.17,26.82,33.898,90.0,0.0,15.337999999999994
2006-10-11 01:00:00,0.0,0.0,45.41,39.03,25.62,36.607,90.0,0.0,21.546999999999983
2006-10-11 02:00:00,0.0,0.0,46.18,37.82,24.68,39.23500000000001,90.0,0.0,25.555000000000007
2006-10-11 03:00:00,0.0,0.0,48.55,38.69,24.21,40.828,90.0,0.0,24.37799999999998
2006-10-11 04:00:00,0.0,0.0,53.59,41.68,24.44,43.756,90.0,0.0,19.045999999999992
2006-10-11 05:00:00,0.0,0.0,58.62,45.33,27.35,45.326,90.0,0.0,9.02600000000001
2006-10-11 06:00:00,0.0,0.0,62.15,48.2,32.55,47.169000000000004,90.0,0.7309999999999803,0.0
2006-10-11 07:00:00,0.0,0.0,63.88,50.07,37.04,55.821,90.16900000000001,0.0,0.0
2006-10-11 08:00:00,0.0,0.0,65.37,51.11,39.32,64.25500000000001,90.0,0.0,3.4550000000000054
2006-10-11 09:00:00,0.0,0.0,66.71,51.72,40.08,77.55799999999999,90.0,0.0,14.048000000000002
2006-10-11 10:00:00,0.0,0.0,66.63,52.39,40.44,85.104,90.0,0.0,20.64400000000002
2006-10-11 11:00:00,0.0,0.0,65.68,51.58,40.66,86.187,90.0,0.0,23.26700000000001
2006-10-11 12:00:00,0.0,0.0,64.4,50.43,40.4,82.794,90.0,0.0,22.56399999999998
2006-10-11 13:00:00,0.0,0.0,63.29,48.87,39.94,74.904,90.0,0.0,17.803999999999988
2006-10-11 14:00:00,0.0,0.0,62.35,47.54,39.78,63.468,90.0,0.0,8.797999999999988
2006-10-11 15:00:00,0.0,0.0,62.56,47.03,40.74,49.766,95.56400000000001,0.0,0.0
2006-10-11 16:00:00,0.0,0.0,63.7,48.82,42.81,36.88400000000001,113.446,0.0,0.0
2006-10-11 17:00:00,0.0,0.0,63.84,51.33,44.18,28.737000000000002,90.0,35.61300000000001,0.0
2006-10-11 18:00:00,0.0,0.0,61.96,50.59,43.92,21.608,129.86200000000002,0.0,0.0
2006-10-11 19:00:00,0.0,0.0,58.92,48.44,42.4,22.352,122.40800000000002,0.0,0.0
2006-10-11 20:00:00,0.0,0.0,55.7,48.07,39.82,22.534,116.056,0.0,0.0
2006-10-11 21:00:00,0.0,0.0,52.25,48.74,36.09,22.457,109.623,0.0,0.0
2006-10-11 22:00:00,0.0,0.0,49.02,46.27,32.12,21.811,90.0,10.599000000000004,0.0
2006-10-11 23:00:00,0.0,0.0,46.9,43.31,28.48,22.131999999999998,91.55800000000002,0.0,0.0
2006-10-12 00:00:00,0.0,0.0,44.82,44.15,28.07,22.887,90.0,0.0,0.8469999999999942
2006-10-12 01:00:00,0.0,0.0,44.66,42.01,26.87,23.649,90.0,0.0,5.108999999999993
2006-10-12 02:00:00,0.0,0.0,45.43,40.8,25.93,24.089000000000002,90.0,0.0,6.929000000000002
2006-10-12 03:00:00,0.0,0.0,47.8,41.67,25.46,25.224,90.0,0.0,5.294000000000011
2006-10-12 04:00:00,0.0,0.0,52.85,44.66,25.69,26.445,91.755,0.0,0.0
2006-10-12 05:00:00,0.0,0.0,57.87,48.31,28.6,28.549000000000003,101.231,0.0,0.0
2006-10-12 06:00:00,0.0,0.0,61.4,51.18,33.8,31.071,108.99190750000008,1.3170924999999052,0.0
2006-10-12 07:00:00,0.0,0.0,63.13,53.05,38.29,38.97,110.49999999999997,0.0,0.0
2006-10-12 08:00:00,0.0,0.0,64.62,54.09,40.57,54.149,90.0,10.131000000000006,0.0
2006-10-12 09:00:00,0.0,0.0,65.97,54.7,41.33,63.579,93.42100000000002,0.0,0.0
2006-10-12 10:00:00,0.0,0.0,65.88,55.37,41.69,68.411,90.0,0.0,0.4710000000000054
2006-10-12 11:00:00,0.0,0.0,64.93,54.56,41.91,71.35799999999999,90.0,0.0,4.957999999999998
2006-10-12 12:00:00,0.0,0.0,63.65,53.41,41.65,69.08,90.0,0.0,5.369999999999976
2006-10-12 13:00:00,0.0,0.0,62.54,51.85,41.19,62.718999999999994,90.0,0.0,2.1389999999999976
2006-10-12 14:00:00,0.0,0.0,61.6,50.52,41.03,53.035000000000004,95.11500000000001,0.0,0.0
2006-10-12 15:00:00,0.0,0.0,61.81,50.01,41.99,39.229,109.58100000000002,0.0,0.0
2006-10-12 16:00:00,0.0,0.0,62.96,51.8,44.06,23.854,129.966,0.0,0.0
2006-10-12 17:00:00,0.0,0.0,63.09,54.31,45.43,12.962999999999997,130.0,14.866999999999997,0.0
2006-10-12 18:00:00,0.0,0.0,61.21,53.57,45.17,6.093999999999999,90.0,58.85600000000001,0.0
2006-10-12 19:00:00,0.0,0.0,58.17,51.42,43.65,7.545999999999999,110.0,30.694000000000017,0.0
2006-10-12 20:00:00,0.0,0.0,54.95,51.04,41.07,8.602,133.458,0.0,0.0
2006-10-12 21:00:00,0.0,0.0,51.5,51.72,37.34,9.452,126.108,0.0,0.0
2006-10-12 22:00:00,0.0,0.0,48.28,49.25,33.37,9.739,115.0,1.1610000000000014,0.0
2006-10-12 23:00:00,0.0,0.0,46.15,46.29,29.73,10.324000000000002,106.846,0.0,0.0
2006-10-13 00:00:00,0.0,0.0,43.54,43.34,27.2,10.507,98.573,0.0,0.0
2006-10-13 01:00:00,0.0,0.0,43.38,41.2,26.01,10.665,94.92500000000001,0.0,0.0
2006-10-13 02:00:00,0.0,0.0,44.15,39.99,25.06,10.389,93.811,0.0,0.0
2006-10-13 03:00:00,0.0,0.0,46.53,40.86,24.59,10.396,96.584,0.0,0.0
2006-10-13 04:00:00,0.0,0.0,51.57,43.85,24.82,10.367,104.873,0.0,0.0
2006-10-13 05:00:00,0.0,0.0,56.59,47.5,27.73,10.306999999999999,110.0,6.513000000000007,0.0
2006-10-13 06:00:00,0.0,0.0,60.12,50.37,32.93,11.111,115.0,12.309000000000012,0.0
2006-10-13 07:00:00,0.0,0.0,61.85,52.24,37.42,16.785,90.0,39.72500000000001,0.0
2006-10-13 08:00:00,0.0,0.0,63.34,53.29,39.7,28.387999999999998,122.94200000000001,0.0,0.0
2006-10-13 09:00:00,0.0,0.0,64.69,53.89,40.46,39.138,114.90199999999999,0.0,0.0
2006-10-13 10:00:00,0.0,0.0,64.61,54.56,40.82,46.028000000000006,90.0,18.962000000000014,0.0
2006-10-13 11:00:00,0.0,0.0,63.66,53.75,41.04,51.388000000000005,102.062,0.0,0.0
2006-10-13 12:00:00,0.0,0.0,62.37,52.6,40.78,51.721999999999994,99.028,0.0,0.0
2006-10-13 13:00:00,0.0,0.0,61.26,51.04,40.32,48.991,98.62899999999999,0.0,0.0
2006-10-13 14:00:00,0.0,0.0,60.32,49.71,40.16,43.754999999999995,101.435,0.0,0.0
2006-10-13 15:00:00,0.0,0.0,60.54,49.2,41.12,35.687,110.0,0.17300000000000182,0.0
2006-10-13 16:00:00,0.0,0.0,61.68,50.99,43.19,22.557,110.0,18.302999999999983,0.0
2006-10-13 17:00:00,0.0,0.0,61.82,53.5,44.56,15.545999999999998,130.0,9.333999999999994,0.0
2006-10-13 18:00:00,0.0,0.0,59.93,52.76,44.3,17.464,90.0,44.52600000000001,0.0
2006-10-13 19:00:00,0.0,0.0,56.9,50.61,42.78,19.873,125.417,0.0,0.0
2006-10-13 20:00:00,0.0,0.0,53.68,50.24,40.2,20.784999999999997,118.33500000000001,0.0,0.0
2006-10-13 21:00:00,0.0,0.0,50.22,50.91,36.48,20.729,111.881,0.0,0.0
2006-10-13 22:00:00,0.0,0.0,47.0,48.44,32.5,20.002000000000002,102.93799999999999,0.0,0.0
2006-10-13 23:00:00,0.0,0.0,44.87,45.48,28.87,18.628,95.59200000000001,0.0,0.0
2006-10-14 00:00:00,0.0,0.0,36.05,37.35,25.18,17.13,90.0,0.0,13.236527239150611
2006-10-14 01:00:00,0.0,0.0,35.89,35.21,23.99,15.849,90.0,0.0,12.425666666666668
2006-10-14 02:00:00,0.0,0.0,36.66,34.0,23.05,15.308,90.0,0.0,16.598
2006-10-14 03:00:00,0.0,0.0,39.04,34.87,22.58,15.025,90.0,0.0,13.534999999999997
2006-10-14 04:00:00,0.0,0.0,44.08,37.86,22.8,15.033,90.0,0.0,5.292999999999987
2006-10-14 05:00:00,0.0,0.0,49.1,41.51,25.72,15.334,90.0,5.9960000000000075,0.0
2006-10-14 06:00:00,0.0,0.0,52.63,44.38,30.92,16.552,90.0,16.378000000000014,0.0
2006-10-14 07:00:00,0.0,0.0,54.36,46.25,35.41,25.215,90.0,15.804999999999989,0.0
2006-10-14 08:00:00,0.0,0.0,55.85,47.3,37.68,39.707,90.0,6.123000000000005,0.0
2006-10-14 09:00:00,0.0,0.0,57.2,47.9,38.45,56.072,90.0,0.0,7.521999999999994
2006-10-14 10:00:00,0.0,0.0,57.12,48.57,38.81,66.05900000000001,90.0,0.0,16.55899999999998
2006-10-14 11:00:00,0.0,0.0,56.17,47.76,39.03,71.541,90.0,0.0,20.247666666666646
2006-10-14 12:00:00,0.0,0.0,54.88,46.61,38.77,71.3,90.0,0.0,26.040000000000003
2006-10-14 13:00:00,0.0,0.0,53.77,45.05,38.31,66.763,90.0,0.0,24.633
2006-10-14 14:00:00,0.0,0.0,52.83,43.72,38.15,58.32999999999999,90.0,0.0,18.630000000000003
2006-10-14 15:00:00,0.0,0.0,53.05,43.21,39.11,46.847,90.0,0.0,4.810333333333335
2006-10-14 16:00:00,0.0,0.0,54.19,45.01,41.18,27.986,90.0,17.39399999999999,0.0
2006-10-14 17:00:00,0.0,0.0,54.33,47.51,42.55,17.232000000000003,90.0,32.158,0.0
2006-10-14 18:00:00,0.0,0.0,52.44,46.77,42.29,18.661,90.0,27.839000000000013,0.0
2006-10-14 19:00:00,0.0,0.0,49.4,44.62,40.76,19.814,90.0,19.966000000000022,0.0
2006-10-14 20:00:00,0.0,0.0,46.18,44.25,38.19,20.003,90.0,13.617000000000003,0.0
2006-10-14 21:00:00,0.0,0.0,42.73,44.92,34.46,20.36,90.0,6.750000000000009,0.0
2006-10-14 22:00:00,0.0,0.0,39.51,42.45,30.49,20.166999999999998,90.0,0.0,0.0
2006-10-14 23:00:00,0.0,0.0,37.38,39.5,26.85,19.708,90.0,0.0,10.977999999999982
2006-10-15 00:00:00,0.0,0.0,33.0,36.29,24.44,19.641,90.0,0.0,20.910999999999994
2006-10-15 01:00:00,0.0,0.0,32.84,34.15,23.25,19.143,90.0,0.0,20.569666666666677
2006-10-15 02:00:00,0.0,0.0,33.61,32.94,22.31,19.341,90.0,0.0,20.48100000000001
2006-10-15 03:00:00,0.0,0.0,35.99,33.81,21.84,19.854,90.0,0.0,21.54733333333334
2006-10-15 04:00:00,0.0,0.0,41.03,36.8,22.06,20.114,90.0,0.0,11.890666666666661
2006-10-15 05:00:00,0.0,0.0,46.06,40.45,24.97,20.959,90.0,0.0,4.478999999999985
2006-10-15 06:00:00,0.0,0.0,49.58,43.32,30.17,22.011,90.0,6.05900000000001,0.0
2006-10-15 07:00:00,0.0,0.0,51.31,45.19,34.67,29.718,90.0,6.451999999999998,0.0
2006-10-15 08:00:00,0.0,0.0,52.8,46.23,36.94,45.073,90.0,0.0,4.102999999999994
2006-10-15 09:00:00,0.0,0.0,54.15,46.84,37.71,60.235,90.0,0.0,13.20166666666664
2006-10-15 10:00:00,0.0,0.0,54.07,47.51,38.07,72.099,90.0,0.0,24.11566666666667
2006-10-15 11:00:00,0.0,0.0,53.12,46.7,38.28,78.08200000000001,90.0,0.0,33.31533333333332
2006-10-15 12:00:00,0.0,0.0,51.84,45.55,38.03,78.824,90.0,0.0,35.668999076639096
2006-10-15 13:00:00,0.0,0.0,50.72,43.99,37.57,75.616,90.0,0.0,38.336
2006-10-15 14:00:00,0.0,0.0,49.79,42.66,37.4,66.63399999999999,90.0,0.0,28.45066666666665
2006-10-15 15:00:00,0.0,0.0,50.0,42.15,38.37,54.12200000000001,90.0,0.0,15.268666666666661
2006-10-15 16:00:00,0.0,0.0,51.14,43.94,40.44,38.07,90.0,2.450000000000008,0.0
2006-10-15 17:00:00,0.0,0.0,51.28,46.45,41.8,25.820999999999998,90.0,18.70900000000002,0.0
2006-10-15 18:00:00,0.0,0.0,49.39,45.71,41.54,25.531,90.0,16.108999999999995,0.0
2006-10-15 19:00:00,0.0,0.0,46.36,43.56,40.02,28.682000000000002,90.0,6.258000000000007,0.0
2006-10-15 20:00:00,0.0,0.0,43.14,43.18,37.45,30.247,90.0,0.0,0.0
2006-10-15 21:00:00,0.0,0.0,39.68,43.86,33.72,31.095000000000002,90.0,0.0,7.168333333333326
2006-10-15 22:00:00,0.0,0.0,36.46,41.39,29.75,31.291000000000004,90.0,0.0,17.024333333333317
2006-10-15 23:00:00,0.0,0.0,34.33,38.43,26.11,30.499000000000002,90.0,0.0,24.962333333333337
2006-10-16 00:00:00,0.0,0.0,44.77,43.17,26.75,29.246000000000002,90.0,0.0,6.222666666666669
2006-10-16 01:00:00,0.0,0.0,44.61,41.03,25.56,28.027,90.0,0.0,6.826999999999997
2006-10-16 02:00:00,0.0,0.0,45.38,39.83,24.62,25.532,90.0,0.0,7.368666666666659
2006-10-16 03:00:00,0.0,0.0,47.75,40.69,24.15,24.247,90.0,0.0,4.9903333333333535
2006-10-16 04:00:00,0.0,0.0,52.8,43.68,24.37,22.316000000000003,90.0,3.534000000000006,0.0
2006-10-16 05:00:00,0.0,0.0,57.82,47.34,27.29,21.637999999999998,90.0,15.812000000000008,0.0
2006-10-16 06:00:00,0.0,0.0,61.35,50.2,32.49,23.256999999999998,91.75267249999999,24.03032750000002,0.0
2006-10-16 07:00:00,0.0,0.0,63.08,52.08,36.98,31.119999999999994,90.0,26.019999999999982,0.0
2006-10-16 08:00:00,0.0,0.0,64.57,53.12,39.25,49.95700000000001,90.0,11.983000000000004,0.0
2006-10-16 09:00:00,0.0,0.0,65.92,53.73,40.02,68.55600000000001,90.0,0.0,3.885999999999992
2006-10-16 10:00:00,0.0,0.0,65.83,54.39,40.38,80.57399999999998,90.0,0.0,14.974000000000007
2006-10-16 11:00:00,0.0,0.0,64.88,53.59,40.59,84.22600000000001,90.0,0.0,20.165999999999997
2006-10-16 12:00:00,0.0,0.0,63.6,52.43,40.34,81.998,90.0,0.0,20.628
2006-10-16 13:00:00,0.0,0.0,62.49,50.87,39.88,76.57199999999999,90.0,0.0,18.33200000000002
2006-10-16 14:00:00,0.0,0.0,61.55,49.54,39.71,67.985,90.0,0.0,12.185000000000006
2006-10-16 15:00:00,0.0,0.0,61.76,49.04,40.68,54.601,90.0,1.8789999999999907,0.0
2006-10-16 16:00:00,0.0,0.0,62.9,50.83,42.75,35.694,110.0,5.785999999999987,0.0
2006-10-16 17:00:00,0.0,0.0,63.04,53.34,44.11,29.174000000000003,90.0,36.31599999999999,0.0
2006-10-16 18:00:00,0.0,0.0,61.16,52.59,43.86,28.543,90.0,34.06700000000002,0.0
2006-10-16 19:00:00,0.0,0.0,58.12,50.44,42.33,30.997999999999998,114.892,0.0,0.0
2006-10-16 20:00:00,0.0,0.0,54.9,50.07,39.76,31.933999999999997,90.0,17.79600000000002,0.0
2006-10-16 21:00:00,0.0,0.0,51.45,50.75,36.03,31.628,101.602,0.0,0.0
2006-10-16 22:00:00,0.0,0.0,48.23,48.28,32.06,29.992,90.0,3.5780000000000074,0.0
2006-10-16 23:00:00,0.0,0.0,46.1,45.32,28.42,28.352,90.0,0.0,3.5119999999999925
2006-10-17 00:00:00,0.0,0.0,46.93,44.32,26.71,26.916000000000004,90.0,0.0,3.955999999999989
2006-10-17 01:00:00,0.0,0.0,46.77,42.18,25.52,25.271,90.0,0.0,5.801000000000002
2006-10-17 02:00:00,0.0,0.0,47.55,40.97,24.57,25.176000000000002,90.0,0.0,7.085999999999987
2006-10-17 03:00:00,0.0,0.0,49.92,41.84,24.1,25.39,90.0,0.0,4.529999999999973
2006-10-17 04:00:00,0.0,0.0,54.96,44.83,24.33,23.750999999999998,95.36900000000001,0.0,0.0
2006-10-17 05:00:00,0.0,0.0,59.99,48.48,27.24,22.647999999999996,108.062,0.0,0.0
2006-10-17 06:00:00,0.0,0.0,63.51,51.35,32.44,23.226,90.0,29.073999999999998,0.0
2006-10-17 07:00:00,0.0,0.0,65.24,53.22,36.93,31.070999999999998,90.0,29.31899999999999,0.0
2006-10-17 08:00:00,0.0,0.0,66.73,54.26,39.21,42.613,90.0,22.587000000000003,0.0
2006-10-17 09:00:00,0.0,0.0,68.08,54.87,39.97,55.345000000000006,102.575,0.0,0.0
2006-10-17 10:00:00,0.0,0.0,68.0,55.54,40.33,68.51599999999999,90.35400000000001,0.0,0.0
2006-10-17 11:00:00,0.0,0.0,67.05,54.73,40.55,75.88,90.0,0.0,8.550000000000011
2006-10-17 12:00:00,0.0,0.0,65.77,53.58,40.3,78.393,90.0,0.0,13.742999999999975
2006-10-17 13:00:00,0.0,0.0,64.66,52.02,39.83,74.99600000000001,90.0,0.0,13.486000000000004
2006-10-17 14:00:00,0.0,0.0,63.72,50.69,39.67,67.67,90.0,0.0,8.590000000000003
2006-10-17 15:00:00,0.0,0.0,63.93,50.18,40.63,52.206,97.534,0.0,0.0
2006-10-17 16:00:00,0.0,0.0,65.07,51.97,42.7,39.483999999999995,90.0,25.256,0.0
2006-10-17 17:00:00,0.0,0.0,65.21,54.48,44.07,33.675999999999995,110.0,15.083999999999996,0.0
2006-10-17 18:00:00,0.0,0.0,63.32,53.74,43.81,34.262,121.34897250000014,0.2590274999998581,0.0
2006-10-17 19:00:00,0.0,0.0,60.29,51.59,42.29,35.974,110.0,3.196000000000012,0.0
2006-10-17 20:00:00,0.0,0.0,57.07,51.21,39.71,35.022000000000006,107.96799999999999,0.0,0.0
2006-10-17 21:00:00,0.0,0.0,53.61,51.89,35.99,31.755,90.0,14.735000000000014,0.0
2006-10-17 22:00:00,0.0,0.0,50.39,49.42,32.01,29.510999999999996,97.309,0.0,0.0
2006-10-17 23:00:00,0.0,0.0,48.26,46.46,28.38,28.706,90.0,0.0,0.6059999999999972
2006-10-18 00:00:00,0.0,0.0,46.83,42.41,27.79,27.783,90.0,0.0,5.752999999999986
2006-10-18 01:00:00,0.0,0.0,46.67,40.27,26.6,27.241,90.0,0.0,8.70099999999998
2006-10-18 02:00:00,0.0,0.0,47.44,39.06,25.65,26.549999999999997,90.0,0.0,9.400000000000006
2006-10-18 03:00:00,0.0,0.0,49.82,39.92,25.18,25.218999999999998,90.0,0.0,5.298999999999992
2006-10-18 04:00:00,0.0,0.0,54.86,42.92,25.41,24.786,93.404,0.0,0.0
2006-10-18 05:00:00,0.0,0.0,59.89,46.57,28.32,25.056,90.0,14.72399999999999,0.0
2006-10-18 06:00:00,0.0,0.0,63.41,49.44,33.52,25.664,90.0,25.706000000000007,0.0
2006-10-18 07:00:00,0.0,0.0,65.14,51.31,38.01,33.224999999999994,110.0,6.234999999999999,0.0
2006-10-18 08:00:00,0.0,0.0,66.63,52.35,40.29,43.875,90.0,20.394999999999992,0.0
2006-10-18 09:00:00,0.0,0.0,67.98,52.96,41.05,57.641,90.0,9.349000000000018,0.0
2006-10-18 10:00:00,0.0,0.0,67.9,53.63,41.41,68.959,90.0,0.0,1.0189999999999877
2006-10-18 11:00:00,0.0,0.0,66.95,52.82,41.63,74.594,90.0,0.0,8.193999999999988
2006-10-18 12:00:00,0.0,0.0,65.66,51.67,41.38,74.887,90.0,0.0,11.177000000000003
2006-10-18 13:00:00,0.0,0.0,64.55,50.1,40.91,70.792,90.0,0.0,10.23200000000001
2006-10-18 14:00:00,0.0,0.0,63.62,48.78,40.75,62.166,90.0,0.0,4.015999999999995
2006-10-18 15:00:00,0.0,0.0,63.83,48.27,41.71,47.67,101.14,0.0,0.0
2006-10-18 16:00:00,0.0,0.0,64.97,50.06,43.78,35.31099999999999,90.0,28.499,0.0
2006-10-18 17:00:00,0.0,0.0,65.11,52.57,45.15,30.61,110.0,17.21999999999999,0.0
2006-10-18 18:00:00,0.0,0.0,63.22,51.83,44.89,28.400000000000002,110.0,16.54,0.0
2006-10-18 19:00:00,0.0,0.0,60.19,49.67,43.37,30.21,90.0,28.019999999999985,0.0
2006-10-18 20:00:00,0.0,0.0,56.97,49.3,40.79,30.647,111.41299999999998,0.0,0.0
2006-10-18 21:00:00,0.0,0.0,53.51,49.98,37.07,30.851,104.709,0.0,0.0
2006-10-18 22:00:00,0.0,0.0,50.29,47.51,33.1,30.494,95.406,0.0,0.0
2006-10-18 23:00:00,0.0,0.0,48.16,44.55,29.46,30.508,90.0,0.0,0.0
2006-10-19 00:00:00,0.0,0.0,45.73,42.86,27.52,30.630000000000003,90.0,0.0,4.52000000000001
2006-10-19 01:00:00,0.0,0.0,45.57,40.72,26.33,31.569,90.0,0.0,8.949000000000003
2006-10-19 02:00:00,0.0,0.0,46.34,39.51,25.39,33.662,90.0,0.0,12.421999999999997
2006-10-19 03:00:00,0.0,0.0,48.71,40.38,24.92,36.44199999999999,90.0,0.0,12.431999999999988
2006-10-19 04:00:00,0.0,0.0,53.75,43.37,25.14,40.959,90.0,0.0,8.699000000000012
2006-10-19 05:00:00,0.0,0.0,58.78,47.02,28.05,45.782,90.0,0.0,1.9320000000000164
2006-10-19 06:00:00,0.0,0.0,62.3,49.89,33.25,49.299,90.0,6.140999999999998,0.0
2006-10-19 07:00:00,0.0,0.0,64.03,51.76,37.75,59.061,90.0,4.478999999999985,0.0
2006-10-19 08:00:00,0.0,0.0,65.53,52.81,40.02,70.259,90.0,0.0,1.8989999999999725
2006-10-19 09:00:00,0.0,0.0,66.87,53.41,40.79,82.941,90.0,0.0,11.87100000000001
2006-10-19 10:00:00,0.0,0.0,66.79,54.08,41.15,91.804,90.0,0.0,19.783999999999992
2006-10-19 11:00:00,0.0,0.0,65.84,53.27,41.36,96.49900000000001,90.0,0.0,26.028999999999982
2006-10-19 12:00:00,0.0,0.0,64.56,52.12,41.11,99.25900000000001,90.0,0.0,31.468999999999994
2006-10-19 13:00:00,0.0,0.0,63.45,50.56,40.65,95.398,59.261999999999986,0.0,0.0
2006-10-19 14:00:00,0.0,0.0,62.51,49.23,40.48,85.179,90.0,0.0,22.959000000000003
2006-10-19 15:00:00,0.0,0.0,62.72,48.72,41.45,70.81299999999999,90.0,0.0,7.923000000000016
2006-10-19 16:00:00,0.0,0.0,63.86,50.52,43.52,60.25799999999999,90.0,7.642000000000031,0.0
2006-10-19 17:00:00,0.0,0.0,64.0,53.02,44.88,54.419,90.0,17.48100000000001,0.0
2006-10-19 18:00:00,0.0,0.0,62.11,52.28,44.62,50.290000000000006,90.0,18.720000000000013,0.0
2006-10-19 19:00:00,0.0,0.0,59.08,50.13,43.1,49.656,90.0,12.653999999999996,0.0
2006-10-19 20:00:00,0.0,0.0,55.86,49.76,40.53,48.827,90.0,7.32299999999999,0.0
2006-10-19 21:00:00,0.0,0.0,52.4,50.43,36.8,49.025999999999996,90.0,0.6039999999999637,0.0
2006-10-19 22:00:00,0.0,0.0,49.18,47.97,32.83,48.370000000000005,81.61,0.0,0.0
2006-10-19 23:00:00,0.0,0.0,47.06,45.01,29.19,47.198,90.0,0.0,15.937999999999992
2006-10-20 00:00:00,0.0,0.0,44.03,42.69,27.31,47.209999999999994,90.0,0.0,23.179999999999993
2006-10-20 01:00:00,0.0,0.0,43.87,40.55,26.12,45.125,90.0,0.0,24.585000000000008
2006-10-20 02:00:00,0.0,0.0,44.64,39.34,25.17,43.64,88.9953047091413,0.0,23.485304709141296
2006-10-20 03:00:00,0.0,0.0,47.02,40.21,24.7,42.269000000000005,90.0,0.0,20.339
2006-10-20 04:00:00,0.0,0.0,52.06,43.2,24.93,42.239000000000004,90.0,0.0,12.048999999999992
2006-10-20 05:00:00,0.0,0.0,57.08,46.85,27.84,42.438,89.332,0.0,0.0
2006-10-20 06:00:00,0.0,0.0,60.61,49.72,33.04,42.609,90.0,10.76100000000001,0.0
2006-10-20 07:00:00,0.0,0.0,62.34,51.59,37.54,46.497,90.0,14.973000000000013,0.0
2006-10-20 08:00:00,0.0,0.0,63.83,52.64,39.81,54.623000000000005,90.0,11.657000000000004,0.0
2006-10-20 09:00:00,0.0,0.0,65.18,53.24,40.57,65.07000000000001,90.0,3.920000000000016,0.0
2006-10-20 10:00:00,0.0,0.0,65.1,53.91,40.94,73.836,90.0,0.0,3.886000000000024
2006-10-20 11:00:00,0.0,0.0,64.15,53.1,41.15,80.238,90.0,0.0,11.83799999999998
2006-10-20 12:00:00,0.0,0.0,62.86,51.95,40.9,81.839,73.87100000000002,0.0,0.0
2006-10-20 13:00:00,0.0,0.0,61.75,50.39,40.43,79.295,73.275,0.0,0.0
2006-10-20 14:00:00,0.0,0.0,60.81,49.06,40.27,72.642,90.0,0.0,12.502000000000002
2006-10-20 15:00:00,0.0,0.0,61.03,48.55,41.24,57.27499999999999,90.0,3.5450000000000017,0.0
2006-10-20 16:00:00,0.0,0.0,62.17,50.35,43.31,37.659000000000006,90.0,28.170999999999978,0.0
2006-10-20 17:00:00,0.0,0.0,62.31,52.85,44.67,28.867,90.0,40.963,0.0
2006-10-20 18:00:00,0.0,0.0,60.42,52.11,44.41,29.730999999999995,90.0,37.209,0.0
2006-10-20 19:00:00,0.0,0.0,57.38,49.96,42.89,32.767,90.0,27.462999999999994,0.0
2006-10-20 20:00:00,0.0,0.0,54.16,49.59,40.31,34.574,90.0,19.486000000000004,0.0
2006-10-20 21:00:00,0.0,0.0,50.71,50.26,36.59,35.318999999999996,90.0,12.241000000000014,0.0
2006-10-20 22:00:00,0.0,0.0,47.49,47.79,32.62,35.715,90.0,2.1850000000000023,0.0
2006-10-20 23:00:00,0.0,0.0,45.36,44.84,28.98,34.643,84.537,0.0,0.0
2006-10-21 00:00:00,0.0,0.0,35.61,37.05,25.33,33.344,64.64599999999999,0.0,0.0
2006-10-21 01:00:00,0.0,0.0,35.45,34.91,24.14,31.622,70.0,0.0,7.122
2006-10-21 02:00:00,0.0,0.0,36.22,33.71,23.19,30.503,62.61700000000001,0.0,0.0
2006-10-21 03:00:00,0.0,0.0,38.59,34.57,22.72,29.91,90.0,0.0,24.030000000000005
2006-10-21 04:00:00,0.0,0.0,43.64,37.56,22.95,29.901,74.249,0.0,0.0
2006-10-21 05:00:00,0.0,0.0,48.66,41.21,25.86,30.976999999999997,84.753,0.0,0.0
2006-10-21 06:00:00,0.0,0.0,52.19,44.08,31.06,32.48,90.0,4.849999999999994,0.0
2006-10-21 07:00:00,0.0,0.0,53.92,45.96,35.55,38.366,90.0,7.064000000000007,0.0
2006-10-21 08:00:00,0.0,0.0,55.41,47.0,37.83,51.233999999999995,89.00599999999999,0.0,0.0
2006-10-21 09:00:00,0.0,0.0,56.76,47.6,38.59,67.677,75.273,0.0,0.0
2006-10-21 10:00:00,0.0,0.0,56.67,48.27,38.95,83.92199999999998,70.0,0.0,10.031999999999993
2006-10-21 11:00:00,0.0,0.0,55.72,47.46,39.17,91.267,51.083,0.0,0.0
2006-10-21 12:00:00,0.0,0.0,54.44,46.31,38.92,94.507,70.0,0.0,24.837000000000003
2006-10-21 13:00:00,0.0,0.0,53.33,44.75,38.45,93.23,70.0,0.0,26.700000000000003
2006-10-21 14:00:00,0.0,0.0,52.39,43.42,38.29,85.674,48.42599999999999,0.0,0.0
2006-10-21 15:00:00,0.0,0.0,52.6,42.91,39.25,70.17299999999999,64.587,0.0,0.0
2006-10-21 16:00:00,0.0,0.0,53.75,44.71,41.32,53.449,86.331,0.0,0.0
2006-10-21 17:00:00,0.0,0.0,53.88,47.21,42.69,42.364,90.0,11.415999999999997,0.0
2006-10-21 18:00:00,0.0,0.0,52.0,46.47,42.43,42.26,90.0,8.640000000000015,0.0
2006-10-21 19:00:00,0.0,0.0,48.96,44.32,40.91,45.949999999999996,88.24000000000001,0.0,0.0
2006-10-21 20:00:00,0.0,0.0,45.74,43.95,38.33,47.403999999999996,80.61600000000001,0.0,0.0
2006-10-21 21:00:00,0.0,0.0,42.29,44.62,34.61,48.297,73.22300000000001,0.0,0.0
2006-10-21 22:00:00,0.0,0.0,39.07,42.16,30.63,48.717,63.143,0.0,0.0
2006-10-21 23:00:00,0.0,0.0,36.94,39.2,27.0,50.223,52.917000000000016,0.0,0.0
2006-10-22 00:00:00,0.0,0.0,31.57,33.78,25.15,52.093999999999994,40.0,0.0,1.5940000000000083
2006-10-22 01:00:00,0.0,0.0,31.41,31.64,23.96,54.57,32.440000000000026,0.0,0.0
2006-10-22 02:00:00,0.0,0.0,32.19,30.43,23.01,54.127,70.0,0.0,38.49699999999998
2006-10-22 03:00:00,0.0,0.0,34.56,31.3,22.54,54.895,33.50499999999998,0.0,0.0
2006-10-22 04:00:00,0.0,0.0,39.6,34.29,22.77,54.938,70.0,0.0,28.278000000000006
2006-10-22 05:00:00,0.0,0.0,44.63,37.94,25.68,54.782000000000004,70.0,0.0,16.53200000000001
2006-10-22 06:00:00,0.0,0.0,48.15,40.81,30.88,54.919,64.92099999999998,0.0,0.0
2006-10-22 07:00:00,0.0,0.0,49.88,42.68,35.37,61.617999999999995,66.31200000000001,0.0,0.0
2006-10-22 08:00:00,0.0,0.0,51.37,43.72,37.65,72.334,60.40599999999998,0.0,0.0
2006-10-22 09:00:00,0.0,0.0,52.72,44.33,38.41,85.107,90.0,0.0,39.647000000000006
2006-10-22 10:00:00,0.0,0.0,52.64,45.0,38.77,91.55,70.0,0.0,25.139999999999972
2006-10-22 11:00:00,0.0,0.0,51.69,44.19,38.99,92.617,42.252999999999986,0.0,0.0
2006-10-22 12:00:00,0.0,0.0,50.41,43.04,38.74,90.37700000000001,41.81299999999999,0.0,0.0
2006-10-22 13:00:00,0.0,0.0,49.3,41.48,38.27,85.694,43.35599999999999,0.0,0.0
2006-10-22 14:00:00,0.0,0.0,48.36,40.15,38.11,76.79800000000002,49.821999999999996,0.0,0.0
2006-10-22 15:00:00,0.0,0.0,48.57,39.64,39.07,59.955,67.325,0.0,0.0
2006-10-22 16:00:00,0.0,0.0,49.71,41.43,41.14,45.788999999999994,86.49099999999999,0.0,0.0
2006-10-22 17:00:00,0.0,0.0,49.85,43.94,42.51,41.949999999999996,90.0,4.349999999999994,0.0
2006-10-22 18:00:00,0.0,0.0,47.96,43.2,42.25,43.229,90.0,0.1810000000000045,0.0
2006-10-22 19:00:00,0.0,0.0,44.93,41.05,40.73,46.038,80.672,0.0,0.0
2006-10-22 20:00:00,0.0,0.0,41.71,40.68,38.15,49.2,71.34,0.0,0.0
2006-10-22 21:00:00,0.0,0.0,38.25,41.35,34.43,52.018,65.95179501385047,0.0,3.9397950138504565
2006-10-22 22:00:00,0.0,0.0,35.03,38.88,30.45,52.306000000000004,70.0,0.0,17.945999999999984
2006-10-22 23:00:00,0.0,0.0,32.9,35.92,26.82,53.028999999999996,42.61099999999999,0.0,0.0
2006-10-23 00:00:00,0.0,0.0,42.76,38.82,27.7,55.57300000000001,53.707,0.0,0.0
2006-10-23 01:00:00,0.0,0.0,42.6,36.68,26.51,55.265,50.525000000000006,0.0,0.0
2006-10-23 02:00:00,0.0,0.0,43.37,35.47,25.57,57.24000000000001,90.0,0.0,42.83000000000001
2006-10-23 03:00:00,0.0,0.0,45.74,36.34,25.1,59.488,50.0,0.0,2.3079999999999963
2006-10-23 04:00:00,0.0,0.0,50.78,39.33,25.32,60.05500000000001,55.374999999999986,0.0,0.0
2006-10-23 05:00:00,0.0,0.0,55.81,42.98,28.23,60.88199999999999,66.138,0.0,0.0
2006-10-23 06:00:00,0.0,0.0,59.34,45.85,33.43,62.05400000000001,76.56599999999997,0.0,0.0
2006-10-23 07:00:00,0.0,0.0,61.07,47.72,37.93,66.17699999999999,80.54299999999998,0.0,0.0
2006-10-23 08:00:00,0.0,0.0,62.56,48.76,40.2,74.12199999999999,77.39800000000002,0.0,0.0
2006-10-23 09:00:00,0.0,0.0,63.91,49.37,40.97,83.691,90.0,0.0,19.440999999999995
2006-10-23 10:00:00,0.0,0.0,63.82,50.04,41.33,92.03299999999999,63.157,0.0,0.0
2006-10-23 11:00:00,0.0,0.0,62.87,49.23,41.54,95.267,58.373000000000005,0.0,0.0
2006-10-23 12:00:00,0.0,0.0,61.59,48.08,41.29,94.137,70.0,0.0,13.177000000000007
2006-10-23 13:00:00,0.0,0.0,60.48,46.52,40.82,92.003,70.0,0.0,14.182999999999993
2006-10-23 14:00:00,0.0,0.0,59.54,45.19,40.66,82.70100000000001,62.689,0.0,0.0
2006-10-23 15:00:00,0.0,0.0,59.75,44.68,41.63,65.886,80.174,0.0,0.0
2006-10-23 16:00:00,0.0,0.0,60.89,46.47,43.7,47.013000000000005,90.0,14.04700000000001,0.0
2006-10-23 17:00:00,0.0,0.0,61.03,48.98,45.06,39.458,90.0,25.611999999999995,0.0
2006-10-23 18:00:00,0.0,0.0,59.15,48.24,44.8,36.568,90.0,25.621999999999986,0.0
2006-10-23 19:00:00,0.0,0.0,56.11,46.09,43.28,35.214,90.0,20.266000000000005,0.0
2006-10-23 20:00:00,0.0,0.0,52.89,45.71,40.71,33.989999999999995,90.0,15.320000000000007,0.0
2006-10-23 21:00:00,0.0,0.0,49.44,46.39,36.98,34.83,90.0,7.980000000000004,0.0
2006-10-23 22:00:00,0.0,0.0,46.22,43.92,33.01,35.065,88.08500000000001,0.0,0.0
2006-10-23 23:00:00,0.0,0.0,44.09,40.96,29.37,37.226,77.19400000000002,0.0,0.0
2006-10-24 00:00:00,0.0,0.0,44.81,43.94,28.62,38.718,78.652,0.0,0.0
2006-10-24 01:00:00,0.0,0.0,44.65,41.8,27.43,41.074999999999996,72.80499999999999,0.0,0.0
2006-10-24 02:00:00,0.0,0.0,45.42,40.59,26.49,43.419999999999995,70.0,0.0,0.9199999999999982
2006-10-24 03:00:00,0.0,0.0,47.8,41.46,26.02,44.392,70.888,0.0,0.0
2006-10-24 04:00:00,0.0,0.0,52.84,44.45,26.24,46.54,76.99,0.0,0.0
2006-10-24 05:00:00,0.0,0.0,57.86,48.1,29.15,46.614000000000004,88.49599999999998,0.0,0.0
2006-10-24 06:00:00,0.0,0.0,61.39,50.97,34.35,46.728,90.0,9.982,0.0
2006-10-24 07:00:00,0.0,0.0,63.12,52.84,38.85,50.747,90.0,14.063000000000002,0.0
2006-10-24 08:00:00,0.0,0.0,64.61,53.89,41.12,63.411,90.0,6.208999999999989,0.0
2006-10-24 09:00:00,0.0,0.0,65.96,54.49,41.89,77.56800000000001,84.77199999999999,0.0,0.0
2006-10-24 10:00:00,0.0,0.0,65.88,55.16,42.25,86.61599999999999,76.674,0.0,0.0
2006-10-24 11:00:00,0.0,0.0,64.93,54.35,42.46,92.295,90.0,0.0,20.555000000000014
2006-10-24 12:00:00,0.0,0.0,63.64,53.2,42.21,93.52999999999999,65.52,0.0,0.0
2006-10-24 13:00:00,0.0,0.0,62.53,51.64,41.75,91.94300000000001,70.0,0.0,6.023000000000003
2006-10-24 14:00:00,0.0,0.0,61.59,50.31,41.58,88.017,70.0,0.0,4.536999999999992
2006-10-24 15:00:00,0.0,0.0,61.81,49.8,42.55,80.00500000000001,74.155,0.0,0.0
2006-10-24 16:00:00,0.0,0.0,62.95,51.59,44.62,69.121,90.0,0.03900000000001569,0.0
2006-10-24 17:00:00,0.0,0.0,63.09,54.1,45.98,60.577,90.0,12.59299999999999,0.0
2006-10-24 18:00:00,0.0,0.0,61.2,53.36,45.73,61.755,90.0,8.53500000000001,0.0
2006-10-24 19:00:00,0.0,0.0,58.17,51.21,44.2,65.07000000000001,90.0,0.0,1.4899999999999807
2006-10-24 20:00:00,0.0,0.0,54.95,50.84,41.63,65.77,81.65,0.0,0.0
2006-10-24 21:00:00,0.0,0.0,51.49,51.51,37.9,63.181,90.0,0.0,12.281000000000006
2006-10-24 22:00:00,0.0,0.0,48.27,49.04,33.93,57.912000000000006,73.32799999999997,0.0,0.0
2006-10-24 23:00:00,0.0,0.0,46.14,46.08,30.29,53.477999999999994,90.0,0.0,20.96799999999999
2006-10-25 00:00:00,0.0,0.0,46.19,42.58,29.46,48.021,90.0,0.0,19.791000000000004
2006-10-25 01:00:00,0.0,0.0,46.02,40.44,28.27,42.93000000000001,71.8,0.0,0.0
2006-10-25 02:00:00,0.0,0.0,46.8,39.24,27.33,39.453,83.23708864265922,0.0,9.320088642659213
2006-10-25 03:00:00,0.0,0.0,49.17,40.1,26.86,37.56,78.57,0.0,0.0
2006-10-25 04:00:00,0.0,0.0,54.21,43.09,27.08,35.52,88.86,0.0,0.0
2006-10-25 05:00:00,0.0,0.0,59.24,46.75,29.99,34.239,90.0,11.741000000000014,0.0
2006-10-25 06:00:00,0.0,0.0,62.76,49.61,35.19,34.964,90.0,22.59599999999999,0.0
2006-10-25 07:00:00,0.0,0.0,64.49,51.49,39.69,41.702,90.0,23.968000000000004,0.0
2006-10-25 08:00:00,0.0,0.0,65.99,52.53,41.96,52.260000000000005,90.0,18.22,0.0
2006-10-25 09:00:00,0.0,0.0,67.33,53.14,42.73,61.013999999999996,90.0,12.185999999999979,0.0
2006-10-25 10:00:00,0.0,0.0,67.25,53.8,43.09,68.609,90.0,5.530999999999992,0.0
2006-10-25 11:00:00,0.0,0.0,66.3,53.0,43.3,72.571,90.0,0.028999999999996362,0.0
2006-10-25 12:00:00,0.0,0.0,65.02,51.84,43.05,73.964,85.946,0.0,0.0
2006-10-25 13:00:00,0.0,0.0,63.91,50.28,42.58,72.273,84.497,0.0,0.0
2006-10-25 14:00:00,0.0,0.0,62.97,48.95,42.42,69.155,85.18499999999999,0.0,0.0
2006-10-25 15:00:00,0.0,0.0,63.18,48.45,43.39,64.80600000000001,90.0,0.21399999999999864,0.0
2006-10-25 16:00:00,0.0,0.0,64.32,50.24,45.46,61.667,90.0,8.353000000000009,0.0
2006-10-25 17:00:00,0.0,0.0,64.46,52.75,46.82,60.19499999999999,90.0,13.83499999999998,0.0
2006-10-25 18:00:00,0.0,0.0,62.57,52.0,46.56,63.147,90.0,7.983000000000011,0.0
2006-10-25 19:00:00,0.0,0.0,59.54,49.85,45.04,66.998,87.43199999999999,0.0,0.0
2006-10-25 20:00:00,0.0,0.0,56.32,49.48,42.46,69.85000000000001,78.41,0.0,0.0
2006-10-25 21:00:00,0.0,0.0,52.86,50.16,38.74,73.196,70.0,0.0,1.436000000000007
2006-10-25 22:00:00,0.0,0.0,49.64,47.69,34.77,73.867,58.233000000000004,0.0,0.0
2006-10-25 23:00:00,0.0,0.0,47.51,44.73,31.13,75.51899999999999,47.851000000000006,0.0,0.0
2006-10-26 00:00:00,0.0,0.0,44.52,40.21,28.62,77.18599999999999,70.0,0.0,33.835999999999984
2006-10-26 01:00:00,0.0,0.0,44.36,38.07,27.43,79.389,50.0,0.0,19.529000000000018
2006-10-26 02:00:00,0.0,0.0,45.13,36.86,26.48,80.291,28.179000000000016,0.0,0.0
2006-10-26 03:00:00,0.0,0.0,47.51,37.73,26.01,79.295,31.954999999999984,0.0,0.0
2006-10-26 04:00:00,0.0,0.0,52.55,40.72,26.24,79.417,40.09299999999999,0.0,0.0
2006-10-26 05:00:00,0.0,0.0,57.57,44.37,29.15,78.591,52.49899999999999,0.0,0.0
2006-10-26 06:00:00,0.0,0.0,61.1,47.24,34.35,77.807,64.88300000000001,0.0,0.0
2006-10-26 07:00:00,0.0,0.0,62.83,49.11,38.85,80.58,90.0,0.0,19.790000000000006
2006-10-26 08:00:00,0.0,0.0,64.32,50.16,41.12,89.135,70.0,0.0,3.5349999999999966
2006-10-26 09:00:00,0.0,0.0,65.67,50.76,41.88,99.303,59.007000000000005,0.0,0.0
2006-10-26 10:00:00,0.0,0.0,65.59,51.43,42.25,109.99999999999999,49.27,0.0,0.0
2006-10-26 11:00:00,0.0,0.0,64.64,50.62,42.46,114.157,43.562999999999995,0.0,0.0
2006-10-26 12:00:00,0.0,0.0,63.35,49.47,42.21,113.32699999999998,41.703,0.0,0.0
2006-10-26 13:00:00,0.0,0.0,62.24,47.91,41.74,105.76499999999999,46.125,0.0,0.0
2006-10-26 14:00:00,0.0,0.0,61.3,46.58,41.58,87.85900000000001,70.0,0.0,8.398999999999994
2006-10-26 15:00:00,0.0,0.0,61.52,46.07,42.55,74.22800000000001,75.912,0.0,0.0
2006-10-26 16:00:00,0.0,0.0,62.66,47.86,44.62,61.729000000000006,90.0,3.4110000000000014,0.0
2006-10-26 17:00:00,0.0,0.0,62.8,50.37,45.98,61.776,90.0,7.373999999999988,0.0
2006-10-26 18:00:00,0.0,0.0,60.91,49.63,45.72,63.724,90.0,2.535999999999973,0.0
2006-10-26 19:00:00,0.0,0.0,57.88,47.48,44.2,65.83200000000001,83.72800000000001,0.0,0.0
2006-10-26 20:00:00,0.0,0.0,54.66,47.11,41.62,67.97200000000001,75.418,0.0,0.0
2006-10-26 21:00:00,0.0,0.0,51.2,47.78,37.9,67.846,69.03399999999999,0.0,0.0
2006-10-26 22:00:00,0.0,0.0,47.98,45.31,33.93,63.823,70.0,0.0,6.602999999999994
2006-10-26 23:00:00,0.0,0.0,45.85,42.35,30.29,56.486,70.0,0.0,7.9960000000000235
2006-10-27 00:00:00,0.0,0.0,43.4,39.48,29.47,50.324,62.026,0.0,0.0
2006-10-27 01:00:00,0.0,0.0,43.24,37.34,28.28,45.894999999999996,62.965,0.0,0.0
2006-10-27 02:00:00,0.0,0.0,44.02,36.13,27.33,41.979,65.501,0.0,0.0
2006-10-27 03:00:00,0.0,0.0,46.39,37.0,26.86,38.972,71.27799999999999,0.0,0.0
2006-10-27 04:00:00,0.0,0.0,51.43,39.99,27.09,37.212,81.29800000000002,0.0,0.0
2006-10-27 05:00:00,0.0,0.0,56.46,43.64,30.0,36.503,90.0,3.5970000000000013,0.0
2006-10-27 06:00:00,0.0,0.0,59.98,46.51,35.2,36.951,90.0,14.73899999999999,0.0
2006-10-27 07:00:00,0.0,0.0,61.71,48.38,39.7,41.574,90.0,18.216000000000022,0.0
2006-10-27 08:00:00,0.0,0.0,63.2,49.42,41.97,51.945,90.0,12.64500000000001,0.0
2006-10-27 09:00:00,0.0,0.0,64.55,50.03,42.73,61.892,90.0,5.418000000000006,0.0
2006-10-27 10:00:00,0.0,0.0,64.47,50.7,43.1,71.998,86.272,0.0,0.0
2006-10-27 11:00:00,0.0,0.0,63.52,49.89,43.31,83.06700000000001,73.65300000000002,0.0,0.0
2006-10-27 12:00:00,0.0,0.0,62.24,48.74,43.06,89.798,64.242,0.0,0.0
2006-10-27 13:00:00,0.0,0.0,61.13,47.18,42.59,91.17200000000003,59.728,0.0,0.0
2006-10-27 14:00:00,0.0,0.0,60.19,45.85,42.43,84.54900000000002,90.0,0.0,26.079000000000008
2006-10-27 15:00:00,0.0,0.0,60.4,45.34,43.4,69.177,79.96300000000002,0.0,0.0
2006-10-27 16:00:00,0.0,0.0,61.54,47.13,45.47,48.465,90.0,15.674999999999994,0.0
2006-10-27 17:00:00,0.0,0.0,61.68,49.64,46.83,38.05200000000001,90.0,30.098,0.0
2006-10-27 18:00:00,0.0,0.0,59.79,48.9,46.57,35.201,90.0,30.058999999999997,0.0
2006-10-27 19:00:00,0.0,0.0,56.76,46.75,45.05,33.863,90.0,24.697000000000003,0.0
2006-10-27 20:00:00,0.0,0.0,53.54,46.37,42.47,34.167,90.0,18.213000000000008,0.0
2006-10-27 21:00:00,0.0,0.0,50.08,47.05,38.75,34.412,90.0,11.468000000000004,0.0
2006-10-27 22:00:00,0.0,0.0,46.86,44.58,34.78,34.016,90.0,2.2039999999999935,0.0
2006-10-27 23:00:00,0.0,0.0,44.73,41.62,31.14,33.769,83.721,0.0,0.0
2006-10-28 00:00:00,0.0,0.0,35.93,34.64,24.7,34.406000000000006,60.864000000000004,0.0,0.0
2006-10-28 01:00:00,0.0,0.0,35.77,32.5,23.51,33.012,58.768,0.0,0.0
2006-10-28 02:00:00,0.0,0.0,36.54,31.3,22.56,30.543,59.857,0.0,0.0
2006-10-28 03:00:00,0.0,0.0,38.92,32.16,22.09,30.385,62.78500000000001,0.0,0.0
2006-10-28 04:00:00,0.0,0.0,43.96,35.15,22.32,30.503,70.92699999999999,0.0,0.0
2006-10-28 05:00:00,0.0,0.0,48.98,38.8,25.23,32.281000000000006,80.729,0.0,0.0
2006-10-28 06:00:00,0.0,0.0,52.51,41.67,30.43,35.685,88.92500000000003,0.0,0.0
2006-10-28 07:00:00,0.0,0.0,54.24,43.55,34.93,41.657,90.0,1.0630000000000024,0.0
2006-10-28 08:00:00,0.0,0.0,55.73,44.59,37.2,52.112,90.0,0.0,4.591999999999999
2006-10-28 09:00:00,0.0,0.0,57.08,45.19,37.96,61.855,78.375,0.0,0.0
2006-10-28 10:00:00,0.0,0.0,57.0,45.86,38.33,69.293,71.897,0.0,0.0
2006-10-28 11:00:00,0.0,0.0,56.05,45.05,38.54,74.888,70.0,0.0,5.248000000000019
2006-10-28 12:00:00,0.0,0.0,54.76,43.9,38.29,76.894,60.05599999999998,0.0,0.0
2006-10-28 13:00:00,0.0,0.0,53.65,42.34,37.82,76.54700000000001,57.26299999999998,0.0,0.0
2006-10-28 14:00:00,0.0,0.0,52.71,41.01,37.66,71.31299999999999,60.066999999999986,0.0,0.0
2006-10-28 15:00:00,0.0,0.0,52.93,40.51,38.63,62.59100000000001,70.0,0.0,0.521000000000015
2006-10-28 16:00:00,0.0,0.0,54.07,42.3,40.7,56.479000000000006,80.59100000000001,0.0,0.0
2006-10-28 17:00:00,0.0,0.0,54.21,44.8,42.06,55.551,85.51899999999999,0.0,0.0
2006-10-28 18:00:00,0.0,0.0,52.32,44.06,41.8,59.17400000000001,90.0,0.0,10.994000000000014
2006-10-28 19:00:00,0.0,0.0,49.29,41.91,40.28,62.248,69.23200000000001,0.0,0.0
2006-10-28 20:00:00,0.0,0.0,46.07,41.54,37.7,65.588,59.722,0.0,0.0
2006-10-28 21:00:00,0.0,0.0,42.61,42.21,33.98,68.386,50.41400000000001,0.0,0.0
2006-10-28 22:00:00,0.0,0.0,39.39,39.75,30.01,69.722,70.0,0.0,30.572000000000013
2006-10-28 23:00:00,0.0,0.0,37.26,36.79,26.37,71.458,28.96199999999999,0.0,0.0
2006-10-29 00:00:00,0.0,0.0,32.04,33.8,25.38,72.334,70.0,0.0,51.114
2006-10-29 01:00:00,0.0,0.0,31.87,31.66,24.18,71.192,50.0,0.0,33.482
2006-10-29 02:00:00,0.0,0.0,32.65,30.45,23.24,70.26599999999999,20.0,0.0,3.926000000000002
2006-10-29 03:00:00,0.0,0.0,35.02,31.31,22.77,68.808,80.292,0.0,60.0
2006-10-29 04:00:00,0.0,0.0,40.06,34.3,23.0,67.40500000000002,29.955,0.0,0.0
2006-10-29 05:00:00,0.0,0.0,45.09,37.96,25.91,64.607,90.0,0.0,45.64699999999999
2006-10-29 06:00:00,0.0,0.0,48.61,40.83,31.11,59.371,85.73047368421047,0.0,24.551473684210478
2006-10-29 07:00:00,0.0,0.0,50.34,42.7,35.6,58.699000000000005,69.94099999999999,0.0,0.0
2006-10-29 08:00:00,0.0,0.0,51.84,43.74,37.88,65.863,67.59700000000001,0.0,0.0
2006-10-29 09:00:00,0.0,0.0,53.18,44.35,38.64,75.707,90.0,0.0,29.536999999999995
2006-10-29 10:00:00,0.0,0.0,53.1,45.02,39.0,82.725,70.0,0.0,15.60499999999999
2006-10-29 11:00:00,0.0,0.0,52.15,44.21,39.22,84.92500000000001,50.655,0.0,0.0
2006-10-29 12:00:00,0.0,0.0,50.87,43.06,38.96,79.808,53.08199999999998,0.0,0.0
2006-10-29 13:00:00,0.0,0.0,49.76,41.49,38.5,72.388,57.36199999999999,0.0,0.0
2006-10-29 14:00:00,0.0,0.0,48.82,40.17,38.34,62.75999999999999,64.57000000000002,0.0,0.0
2006-10-29 15:00:00,0.0,0.0,49.03,39.66,39.3,50.033,77.957,0.0,0.0
2006-10-29 16:00:00,0.0,0.0,50.17,41.45,41.37,32.766,90.0,10.224000000000004,0.0
2006-10-29 17:00:00,0.0,0.0,50.31,43.96,42.74,23.453,90.0,23.55700000000001,0.0
2006-10-29 18:00:00,0.0,0.0,48.42,43.22,42.48,17.809,90.0,26.311000000000007,0.0
2006-10-29 19:00:00,0.0,0.0,45.39,41.06,40.96,13.845,90.0,23.56500000000001,0.0
2006-10-29 20:00:00,0.0,0.0,42.17,40.69,38.38,12.465,90.0,18.77499999999999,0.0
2006-10-29 21:00:00,0.0,0.0,38.71,41.37,34.65,14.268,90.0,10.462000000000018,0.0
2006-10-29 22:00:00,0.0,0.0,35.49,38.9,30.68,16.058,89.012,0.0,0.0
2006-10-29 23:00:00,0.0,0.0,33.36,35.94,27.04,18.895000000000003,90.0,0.0,12.555000000000007
2006-10-30 00:00:00,0.0,0.0,44.94,44.72,26.08,22.361,90.0,3.379000000000005,0.0
2006-10-30 01:00:00,0.0,0.0,44.78,42.58,24.89,26.064999999999998,86.185,0.0,0.0
2006-10-30 02:00:00,0.0,0.0,45.55,41.37,23.94,28.15,89.87036288088643,0.0,7.1603628808864235
2006-10-30 03:00:00,0.0,0.0,47.92,42.23,23.48,30.515,83.115,0.0,0.0
2006-10-30 04:00:00,0.0,0.0,52.96,45.22,23.7,31.994,90.0,0.0,0.11399999999999011
2006-10-30 05:00:00,0.0,0.0,57.99,48.88,26.61,32.855,90.0,10.625,0.0
2006-10-30 06:00:00,0.0,0.0,61.51,51.75,31.81,33.22,90.0,21.85000000000001,0.0
2006-10-30 07:00:00,0.0,0.0,63.24,53.62,36.31,35.58,90.0,27.590000000000003,0.0
2006-10-30 08:00:00,0.0,0.0,64.74,54.66,38.58,44.182,90.0,23.797999999999988,0.0
2006-10-30 09:00:00,0.0,0.0,66.08,55.27,39.34,54.577999999999996,90.0,16.112000000000016,0.0
2006-10-30 10:00:00,0.0,0.0,66.0,55.94,39.71,64.01499999999999,90.0,7.635000000000012,0.0
2006-10-30 11:00:00,0.0,0.0,65.05,55.13,39.92,70.717,89.38300000000001,0.0,0.0
2006-10-30 12:00:00,0.0,0.0,63.77,53.98,39.67,72.452,84.96799999999999,0.0,0.0
2006-10-30 13:00:00,0.0,0.0,62.66,52.41,39.2,70.20800000000001,84.06199999999998,0.0,0.0
2006-10-30 14:00:00,0.0,0.0,61.72,51.09,39.04,64.381,87.469,0.0,0.0
2006-10-30 15:00:00,0.0,0.0,61.93,50.58,40.01,54.42700000000001,90.0,8.09299999999999,0.0
2006-10-30 16:00:00,0.0,0.0,63.07,52.37,42.08,46.464000000000006,90.0,21.055999999999997,0.0
2006-10-30 17:00:00,0.0,0.0,63.21,54.88,43.44,46.552,90.0,24.977999999999987,0.0
2006-10-30 18:00:00,0.0,0.0,61.32,54.14,43.18,51.061,90.0,17.579,0.0
2006-10-30 19:00:00,0.0,0.0,58.29,51.98,41.66,54.623000000000005,90.0,7.306999999999988,0.0
2006-10-30 20:00:00,0.0,0.0,55.07,51.61,39.08,57.202,90.0,0.0,1.4420000000000073
2006-10-30 21:00:00,0.0,0.0,51.61,52.29,35.36,59.485,79.77499999999999,0.0,0.0
2006-10-30 22:00:00,0.0,0.0,48.39,49.82,31.39,61.501,90.0,0.0,21.900999999999996
2006-10-30 23:00:00,0.0,0.0,46.27,46.86,27.75,62.900999999999996,57.979,0.0,0.0
2006-10-31 00:00:00,0.0,0.0,46.19,46.52,29.1,64.274,74.47354293628811,0.0,16.937542936288104
2006-10-31 01:00:00,0.0,0.0,46.03,44.38,27.91,65.74000000000001,70.0,0.0,17.419999999999987
2006-10-31 02:00:00,0.0,0.0,46.8,43.17,26.97,67.821,90.0,0.0,40.881
2006-10-31 03:00:00,0.0,0.0,49.17,44.04,26.5,66.161,90.0,0.0,36.45099999999999
2006-10-31 04:00:00,0.0,0.0,54.21,47.03,26.72,67.494,70.0,0.0,9.534000000000006
2006-10-31 05:00:00,0.0,0.0,59.24,50.68,29.63,68.943,90.0,0.0,19.393
2006-10-31 06:00:00,0.0,0.0,62.77,53.55,34.83,71.38499999999999,79.765,0.0,0.0
2006-10-31 07:00:00,0.0,0.0,64.5,55.42,39.33,75.094,90.0,0.0,5.844000000000008
2006-10-31 08:00:00,0.0,0.0,65.99,56.46,41.6,82.92899999999999,90.0,0.0,8.87899999999999
2006-10-31 09:00:00,0.0,0.0,67.33,57.07,42.37,90.214,76.556,0.0,0.0
2006-10-31 10:00:00,0.0,0.0,67.25,57.74,42.73,97.781,90.0,0.0,20.060999999999993
2006-10-31 11:00:00,0.0,0.0,66.3,56.93,42.94,101.57900000000001,64.59099999999998,0.0,0.0
2006-10-31 12:00:00,0.0,0.0,65.02,55.78,42.69,102.19699999999997,70.0,0.0,8.707000000000008
2006-10-31 13:00:00,0.0,0.0,63.91,54.22,42.23,100.38199999999999,59.97799999999998,0.0,0.0
2006-10-31 14:00:00,0.0,0.0,62.97,52.89,42.06,96.287,61.632999999999996,0.0,0.0
2006-10-31 15:00:00,0.0,0.0,63.18,52.38,43.03,89.54599999999999,90.0,0.0,20.95599999999999
2006-10-31 16:00:00,0.0,0.0,64.32,54.17,45.1,82.03,90.0,0.0,8.439999999999998
2006-10-31 17:00:00,0.0,0.0,64.46,56.68,46.46,77.44199999999998,90.0,0.15800000000001546,0.0
2006-10-31 18:00:00,0.0,0.0,62.57,55.94,46.2,76.97,87.74,0.0,0.0
2006-10-31 19:00:00,0.0,0.0,59.54,53.79,44.68,75.655,82.35499999999999,0.0,0.0
2006-10-31 20:00:00,0.0,0.0,56.32,53.41,42.11,73.31800000000001,78.52199999999999,0.0,0.0
2006-10-31 21:00:00,0.0,0.0,52.87,54.09,38.38,71.37,73.97,0.0,0.0
2006-10-31 22:00:00,0.0,0.0,49.64,51.62,34.41,70.027,90.0,0.0,24.357000000000028
2006-10-31 23:00:00,0.0,0.0,47.52,48.66,30.77,67.717,70.0,0.0,10.766999999999996
2006-11-01 00:00:00,0.0,0.0,48.51,54.2,32.99,66.47399999999999,70.0,0.0,0.7740000000000009
2006-11-01 01:00:00,0.0,0.0,48.35,52.06,31.79,64.223,90.0,0.0,22.02299999999999
2006-11-01 02:00:00,0.0,0.0,49.12,50.85,30.85,62.017,90.0,0.0,21.197
2006-11-01 03:00:00,0.0,0.0,51.5,51.72,30.38,59.914,73.68599999999999,0.0,0.0
2006-11-01 04:00:00,0.0,0.0,56.54,54.71,30.61,57.601,84.25899999999999,0.0,0.0
2006-11-01 05:00:00,0.0,0.0,61.56,58.36,33.52,56.7,90.0,1.740000000000009,0.0
2006-11-01 06:00:00,0.0,0.0,65.09,61.23,38.72,59.404,98.78929500000007,1.8467049999999183,0.0
2006-11-01 07:00:00,0.0,0.0,66.82,63.1,43.21,61.89999999999999,90.0,16.230000000000004,0.0
2006-11-01 08:00:00,0.0,0.0,68.31,64.15,45.49,70.748,90.0,12.202000000000027,0.0
2006-11-01 09:00:00,0.0,0.0,69.66,64.75,46.25,79.447,90.0,6.212999999999998,0.0
2006-11-01 10:00:00,0.0,0.0,69.58,65.42,46.61,87.14,90.0,0.0,0.5300000000000011
2006-11-01 11:00:00,0.0,0.0,68.63,64.61,46.83,93.89,90.0,0.0,8.82000000000002
2006-11-01 12:00:00,0.0,0.0,67.34,63.46,46.57,94.503,90.0,0.0,12.13299999999998
2006-11-01 13:00:00,0.0,0.0,66.23,61.9,46.11,91.73499999999999,90.0,0.0,12.494999999999976
2006-11-01 14:00:00,0.0,0.0,65.29,60.57,45.95,85.194,90.0,0.0,8.383999999999972
2006-11-01 15:00:00,0.0,0.0,65.5,60.06,46.91,75.636,91.83400000000003,0.0,0.0
2006-11-01 16:00:00,0.0,0.0,66.65,61.85,48.98,62.13,110.35000000000002,0.0,0.0
2006-11-01 17:00:00,0.0,0.0,66.78,64.36,50.35,54.985,121.505,0.0,0.0
2006-11-01 18:00:00,0.0,0.0,64.9,63.62,50.09,54.425,119.185,0.0,0.0
2006-11-01 19:00:00,0.0,0.0,61.86,61.47,48.57,53.859,113.04100000000001,0.0,0.0
2006-11-01 20:00:00,0.0,0.0,58.64,61.1,45.99,50.739,109.99100000000003,0.0,0.0
2006-11-01 21:00:00,0.0,0.0,55.19,61.77,42.26,45.297999999999995,108.92200000000001,0.0,0.0
2006-11-01 22:00:00,0.0,0.0,51.97,59.3,38.29,41.50900000000001,103.05099999999997,0.0,0.0
2006-11-01 23:00:00,0.0,0.0,49.84,56.34,34.65,38.089,97.74100000000003,0.0,0.0
2006-11-02 00:00:00,0.0,0.0,49.49,61.49,33.31,35.809999999999995,103.48000000000002,0.0,0.0
2006-11-02 01:00:00,0.0,0.0,49.32,59.36,32.11,34.202,101.588,0.0,0.0
2006-11-02 02:00:00,0.0,0.0,50.08,58.13,31.15,32.458,101.90200000000002,0.0,0.0
2006-11-02 03:00:00,0.0,0.0,52.43,58.97,30.67,32.174,104.89599999999999,0.0,0.0
2006-11-02 04:00:00,0.0,0.0,57.42,61.94,30.88,32.213,113.02699999999999,0.0,0.0
2006-11-02 05:00:00,0.0,0.0,62.45,65.6,33.76,31.658,125.15200000000002,0.0,0.0
2006-11-02 06:00:00,0.0,0.0,66.0,68.5,38.95,30.986000000000004,90.0,47.464,0.0
2006-11-02 07:00:00,0.0,0.0,67.74,70.37,43.46,31.505999999999997,145.064,0.0,0.0
2006-11-02 08:00:00,0.0,0.0,69.23,71.42,45.74,39.256,142.13400000000001,0.0,0.0
2006-11-02 09:00:00,0.0,0.0,70.58,72.02,46.53,49.37499999999999,130.0,4.7549999999999955,0.0
2006-11-02 10:00:00,0.0,0.0,70.52,72.68,46.9,55.043,130.05700000000002,0.0,0.0
2006-11-02 11:00:00,0.0,0.0,69.57,71.88,47.12,57.340999999999994,126.22899999999998,0.0,0.0
2006-11-02 12:00:00,0.0,0.0,68.29,70.72,46.87,57.523,123.357,0.0,0.0
2006-11-02 13:00:00,0.0,0.0,67.18,69.15,46.41,54.391,115.0,8.34900000000001,0.0
2006-11-02 14:00:00,0.0,0.0,66.25,67.81,46.25,46.63399999999999,128.67600000000002,0.0,0.0
2006-11-02 15:00:00,0.0,0.0,66.46,67.3,47.2,32.428,143.53199999999998,0.0,0.0
2006-11-02 16:00:00,0.0,0.0,67.62,69.1,49.28,21.627999999999997,155.0,4.371999999999986,0.0
2006-11-02 17:00:00,0.0,0.0,67.77,71.64,50.66,20.352,130.0,34.71799999999999,0.0
2006-11-02 18:00:00,0.0,0.0,65.89,70.92,50.4,23.005,130.0,29.205000000000013,0.0
2006-11-02 19:00:00,0.0,0.0,62.85,68.75,48.87,24.281000000000002,151.189,0.0,0.0
2006-11-02 20:00:00,0.0,0.0,59.64,68.33,46.3,23.708,145.562,0.0,0.0
2006-11-02 21:00:00,0.0,0.0,56.21,69.0,42.57,22.868000000000002,139.912,0.0,0.0
2006-11-02 22:00:00,0.0,0.0,52.98,66.59,38.6,20.782,130.0,2.387999999999998,0.0
2006-11-02 23:00:00,0.0,0.0,50.83,63.64,34.97,19.614,124.82600000000001,0.0,0.0
2006-11-03 00:00:00,0.0,0.0,47.87,61.84,32.32,18.643,118.38700000000003,0.0,0.0
2006-11-03 01:00:00,0.0,0.0,47.68,59.72,31.11,17.965,115.545,0.0,0.0
2006-11-03 02:00:00,0.0,0.0,48.43,58.47,30.14,17.867,114.173,0.0,0.0
2006-11-03 03:00:00,0.0,0.0,50.76,59.27,29.65,17.649,117.03099999999998,0.0,0.0
2006-11-03 04:00:00,0.0,0.0,55.7,62.23,29.84,17.54,125.23000000000002,0.0,0.0
2006-11-03 05:00:00,0.0,0.0,60.72,65.9,32.68,16.480999999999998,137.81900000000002,0.0,0.0
2006-11-03 06:00:00,0.0,0.0,64.3,68.82,37.86,15.427000000000001,130.0,20.552999999999997,0.0
2006-11-03 07:00:00,0.0,0.0,66.06,70.69,42.38,16.319000000000003,134.29199999999992,23.519000000000077,0.0
2006-11-03 08:00:00,0.0,0.0,67.55,71.74,44.69,24.461999999999996,154.518,0.0,0.0
2006-11-03 09:00:00,0.0,0.0,68.9,72.33,45.49,33.456999999999994,148.263,0.0,0.0
2006-11-03 10:00:00,0.0,0.0,68.85,72.99,45.87,41.464,130.0,11.245999999999992,0.0
2006-11-03 11:00:00,0.0,0.0,67.92,72.2,46.09,44.947,135.0,1.2630000000000052,0.0
2006-11-03 12:00:00,0.0,0.0,66.64,71.03,45.85,45.01800000000001,115.0,18.502000000000002,0.0
2006-11-03 13:00:00,0.0,0.0,65.52,69.46,45.39,42.087,115.0,18.283,0.0
2006-11-03 14:00:00,0.0,0.0,64.59,68.11,45.23,36.302,136.628,0.0,0.0
2006-11-03 15:00:00,0.0,0.0,64.81,67.6,46.17,24.919999999999998,148.66,0.0,0.0
2006-11-03 16:00:00,0.0,0.0,66.0,69.41,48.26,15.568999999999999,155.0,8.100999999999992,0.0
2006-11-03 17:00:00,0.0,0.0,66.16,71.97,49.66,13.125,155.0,14.664999999999978,0.0
2006-11-03 18:00:00,0.0,0.0,64.28,71.28,49.4,14.347999999999999,155.0,10.61199999999999,0.0
2006-11-03 19:00:00,0.0,0.0,61.23,69.09,47.87,16.185,130.0,27.00499999999998,0.0
2006-11-03 20:00:00,0.0,0.0,58.02,68.63,45.28,18.082,148.848,0.0,0.0
2006-11-03 21:00:00,0.0,0.0,54.62,69.29,41.56,20.155,140.315,0.0,0.0
2006-11-03 22:00:00,0.0,0.0,51.38,66.94,37.6,22.038,128.882,0.0,0.0
2006-11-03 23:00:00,0.0,0.0,49.22,63.99,33.96,23.221999999999998,118.94800000000001,0.0,0.0
2006-11-04 00:00:00,0.0,0.0,38.69,55.72,28.75,24.602999999999998,93.557,0.0,0.0
2006-11-04 01:00:00,0.0,0.0,38.49,53.61,27.53,28.113,90.0,0.0,3.483000000000003
2006-11-04 02:00:00,0.0,0.0,39.23,52.33,26.55,30.774,90.0,0.0,7.664000000000016
2006-11-04 03:00:00,0.0,0.0,41.53,53.11,26.05,34.381,90.0,0.0,8.690999999999995
2006-11-04 04:00:00,0.0,0.0,46.42,56.04,26.22,36.122,90.0,0.0,2.441999999999993
2006-11-04 05:00:00,0.0,0.0,51.44,59.73,29.03,38.94,92.98129999999999,3.2787000000000113,0.0
2006-11-04 06:00:00,0.0,0.0,55.05,62.67,34.19,40.221000000000004,106.68900000000001,0.0,0.0
2006-11-04 07:00:00,0.0,0.0,56.83,64.55,38.74,45.367,109.753,0.0,0.0
2006-11-04 08:00:00,0.0,0.0,58.32,65.6,41.05,53.141,90.0,16.828999999999994,0.0
2006-11-04 09:00:00,0.0,0.0,59.66,66.19,41.88,64.995,97.735,0.0,0.0
2006-11-04 10:00:00,0.0,0.0,59.63,66.83,42.26,78.14899999999999,90.0,0.0,0.0
2006-11-04 11:00:00,0.0,0.0,58.7,66.06,42.49,89.568,90.0,0.0,12.317999999999984
2006-11-04 12:00:00,0.0,0.0,57.43,64.88,42.26,95.89000000000001,70.0,0.0,1.3200000000000252
2006-11-04 13:00:00,0.0,0.0,56.31,63.29,41.8,94.005,78.52889196675895,0.0,11.133891966758936
2006-11-04 14:00:00,0.0,0.0,55.39,61.93,41.63,86.354,90.0,0.0,17.404000000000007
2006-11-04 15:00:00,0.0,0.0,55.61,61.42,42.56,75.41300000000001,90.0,0.0,5.823000000000022
2006-11-04 16:00:00,0.0,0.0,56.81,63.24,44.66,65.521,90.0,9.189000000000021,0.0
2006-11-04 17:00:00,0.0,0.0,56.98,65.84,46.08,61.47,90.0,17.429999999999993,0.0
2006-11-04 18:00:00,0.0,0.0,55.12,65.17,45.82,63.150000000000006,90.0,12.95999999999998,0.0
2006-11-04 19:00:00,0.0,0.0,52.06,62.97,44.28,65.57000000000001,90.0,3.7399999999999807,0.0
2006-11-04 20:00:00,0.0,0.0,48.85,62.45,41.7,67.71,85.29000000000002,0.0,0.0
2006-11-04 21:00:00,0.0,0.0,45.47,63.11,37.98,69.27900000000001,90.0,0.0,12.719000000000015
2006-11-04 22:00:00,0.0,0.0,42.23,60.82,34.01,69.832,67.22799999999998,0.0,0.0
2006-11-04 23:00:00,0.0,0.0,40.05,57.87,30.38,69.476,90.0,0.0,31.176000000000016
2006-11-05 00:00:00,0.0,0.0,33.95,51.95,26.79,69.72099999999999,90.0,0.0,47.03099999999999
2006-11-05 01:00:00,0.0,0.0,33.74,49.85,25.56,70.03699999999999,40.0,0.0,0.8869999999999933
2006-11-05 02:00:00,0.0,0.0,34.47,48.54,24.56,69.591,70.0,0.0,32.021000000000015
2006-11-05 03:00:00,0.0,0.0,36.74,49.29,24.06,68.258,90.0,0.0,48.16799999999998
2006-11-05 04:00:00,0.0,0.0,41.58,52.21,24.21,69.616,48.38399999999998,0.0,0.0
2006-11-05 05:00:00,0.0,0.0,46.61,55.9,26.98,70.98400000000001,58.50600000000002,0.0,0.0
2006-11-05 06:00:00,0.0,0.0,50.24,58.87,32.14,71.146,70.10399999999998,0.0,0.0
2006-11-05 07:00:00,0.0,0.0,52.04,60.75,36.7,73.185,85.9996675900277,0.0,9.694667590027684
2006-11-05 08:00:00,0.0,0.0,53.52,61.8,39.03,79.079,90.0,0.0,14.72900000000001
2006-11-05 09:00:00,0.0,0.0,54.86,62.38,39.87,88.843,70.0,0.0,1.7330000000000148
2006-11-05 10:00:00,0.0,0.0,54.85,63.02,40.27,98.32499999999999,59.815000000000026,0.0,0.0
2006-11-05 11:00:00,0.0,0.0,53.93,62.26,40.49,103.374,53.306000000000026,0.0,0.0
2006-11-05 12:00:00,0.0,0.0,52.66,61.07,40.27,103.43,90.0,0.0,39.43000000000001
2006-11-05 13:00:00,0.0,0.0,51.54,59.48,39.82,99.14999999999999,90.0,0.0,38.31
2006-11-05 14:00:00,0.0,0.0,50.62,58.11,39.65,92.39200000000001,70.0,0.0,14.011999999999974
2006-11-05 15:00:00,0.0,0.0,50.85,57.6,40.57,82.424,66.59599999999998,0.0,0.0
2006-11-05 16:00:00,0.0,0.0,52.07,59.42,42.68,72.43100000000001,81.739,0.0,0.0
2006-11-05 17:00:00,0.0,0.0,52.25,62.05,44.11,67.029,90.0,1.3810000000000109,0.0
2006-11-05 18:00:00,0.0,0.0,50.4,61.41,43.86,66.263,90.0,0.0,0.5930000000000035
2006-11-05 19:00:00,0.0,0.0,47.33,59.18,42.31,65.839,82.98100000000002,0.0,0.0
2006-11-05 20:00:00,0.0,0.0,44.12,58.62,39.72,65.27,77.19,0.0,0.0
2006-11-05 21:00:00,0.0,0.0,40.77,59.28,36.01,64.136,90.0,0.0,18.076000000000022
2006-11-05 22:00:00,0.0,0.0,37.52,57.04,32.04,63.405,70.0,0.0,6.805000000000007
2006-11-05 23:00:00,0.0,0.0,35.32,54.1,28.41,62.265,55.565000000000005,0.0,0.0
2006-11-06 00:00:00,0.0,0.0,45.29,57.26,29.15,60.957,70.743,0.0,0.0
2006-11-06 01:00:00,0.0,0.0,45.07,55.17,27.92,60.095000000000006,70.0,0.0,1.9349999999999987
2006-11-06 02:00:00,0.0,0.0,45.78,53.84,26.91,59.375,67.155,0.0,0.0
2006-11-06 03:00:00,0.0,0.0,48.03,54.55,26.4,58.563,70.417,0.0,0.0
2006-11-06 04:00:00,0.0,0.0,52.82,57.45,26.53,57.691,79.109,0.0,0.0
2006-11-06 05:00:00,0.0,0.0,57.85,61.16,29.27,56.744,90.0,0.0,0.0
2006-11-06 06:00:00,0.0,0.0,61.51,64.15,34.41,56.062999999999995,99.007,0.0,0.0
2006-11-06 07:00:00,0.0,0.0,63.32,66.04,38.98,55.886,107.45400000000001,0.0,0.0
2006-11-06 08:00:00,0.0,0.0,64.8,67.09,41.33,60.143,90.0,18.076999999999998,0.0
2006-11-06 09:00:00,0.0,0.0,66.14,67.66,42.2,68.515,102.48499999999999,0.0,0.0
2006-11-06 10:00:00,0.0,0.0,66.15,68.28,42.6,75.47200000000001,96.55800000000002,0.0,0.0
2006-11-06 11:00:00,0.0,0.0,65.24,67.55,42.83,81.169,90.0,0.0,0.5489999999999924
2006-11-06 12:00:00,0.0,0.0,63.96,66.35,42.62,81.992,90.0,0.0,4.061999999999983
2006-11-06 13:00:00,0.0,0.0,62.84,64.74,42.16,79.41799999999999,90.0,0.0,4.678000000000026
2006-11-06 14:00:00,0.0,0.0,61.93,63.36,41.99,72.705,90.0,0.0,0.4249999999999925
2006-11-06 15:00:00,0.0,0.0,62.16,62.85,42.9,61.22,101.69000000000003,0.0,0.0
2006-11-06 16:00:00,0.0,0.0,63.41,64.69,45.02,47.592999999999996,120.527,0.0,0.0
2006-11-06 17:00:00,0.0,0.0,63.6,67.34,46.46,42.431999999999995,110.0,19.968000000000004,0.0
2006-11-06 18:00:00,0.0,0.0,61.75,66.73,46.21,41.20399999999999,90.0,38.486000000000004,0.0
2006-11-06 19:00:00,0.0,0.0,58.67,64.48,44.66,40.108,122.70200000000001,0.0,0.0
2006-11-06 20:00:00,0.0,0.0,55.47,63.87,42.07,38.373,118.03699999999999,0.0,0.0
2006-11-06 21:00:00,0.0,0.0,52.15,64.53,38.36,37.457,112.583,0.0,0.0
2006-11-06 22:00:00,0.0,0.0,48.88,62.34,34.39,36.303,90.0,14.307000000000002,0.0
2006-11-06 23:00:00,0.0,0.0,46.67,59.41,30.77,35.705999999999996,90.0,6.1439999999999895,0.0
2006-11-07 00:00:00,0.0,0.0,47.64,55.97,29.72,35.442,92.88800000000002,0.0,0.0
2006-11-07 01:00:00,0.0,0.0,47.4,53.89,28.48,35.506,90.0,0.0,0.7359999999999989
2006-11-07 02:00:00,0.0,0.0,48.11,52.53,27.45,35.717,90.0,0.0,2.626999999999976
2006-11-07 03:00:00,0.0,0.0,50.33,53.22,26.94,34.608,90.88199999999999,0.0,0.0
2006-11-07 04:00:00,0.0,0.0,55.07,56.1,27.05,33.979,99.241,0.0,0.0
2006-11-07 05:00:00,0.0,0.0,60.1,59.81,29.75,32.571999999999996,112.08800000000002,0.0,0.0
2006-11-07 06:00:00,0.0,0.0,63.78,62.83,34.89,31.330000000000005,125.17000000000002,0.0,0.0
2006-11-07 07:00:00,0.0,0.0,65.61,64.72,39.47,31.558999999999997,130.0,3.2409999999999908,0.0
2006-11-07 08:00:00,0.0,0.0,67.09,65.77,41.83,37.226,132.464,0.0,0.0
2006-11-07 09:00:00,0.0,0.0,68.43,66.34,42.72,45.699999999999996,110.0,16.79000000000001,0.0
2006-11-07 10:00:00,0.0,0.0,68.46,66.95,43.13,54.675999999999995,97.45700750000007,21.40699249999991,0.0
2006-11-07 11:00:00,0.0,0.0,67.55,66.23,43.36,58.78999999999999,113.35000000000001,0.0,0.0
2006-11-07 12:00:00,0.0,0.0,66.28,65.02,43.16,60.356,109.10399999999998,0.0,0.0
2006-11-07 13:00:00,0.0,0.0,65.16,63.41,42.71,56.135000000000005,110.0,0.1450000000000078,0.0
2006-11-07 14:00:00,0.0,0.0,64.25,62.02,42.54,47.97899999999999,115.831,0.0,0.0
2006-11-07 15:00:00,0.0,0.0,64.48,61.51,43.43,32.386,132.034,0.0,0.0
2006-11-07 16:00:00,0.0,0.0,65.75,63.35,45.56,23.333000000000002,110.0,36.32700000000002,0.0
2006-11-07 17:00:00,0.0,0.0,65.95,66.03,47.02,21.266000000000002,130.0,22.734000000000023,0.0
2006-11-07 18:00:00,0.0,0.0,64.11,65.45,46.78,22.451,130.0,18.888999999999996,0.0
2006-11-07 19:00:00,0.0,0.0,61.02,63.18,45.22,22.823,110.0,31.597000000000016,0.0
2006-11-07 20:00:00,0.0,0.0,57.83,62.52,42.62,22.654,110.0,25.316000000000003,0.0
2006-11-07 21:00:00,0.0,0.0,54.53,63.17,38.91,22.330000000000002,129.28000000000003,0.0,0.0
2006-11-07 22:00:00,0.0,0.0,51.26,61.05,34.95,21.209,121.051,0.0,0.0
2006-11-07 23:00:00,0.0,0.0,49.03,58.12,31.32,20.18,113.29000000000002,0.0,0.0
2006-11-08 00:00:00,0.0,0.0,47.98,50.41,30.27,20.416,103.24399999999999,0.0,0.0
2006-11-08 01:00:00,0.0,0.0,47.73,48.35,29.02,20.949,99.15100000000001,0.0,0.0
2006-11-08 02:00:00,0.0,0.0,48.42,46.96,27.98,22.668,95.69200000000002,0.0,0.0
2006-11-08 03:00:00,0.0,0.0,50.62,47.62,27.46,25.039,90.0,5.661,0.0
2006-11-08 04:00:00,0.0,0.0,55.31,50.48,27.55,29.446000000000005,98.894,0.0,0.0
2006-11-08 05:00:00,0.0,0.0,60.34,54.21,30.22,34.108,105.662,0.0,0.0
2006-11-08 06:00:00,0.0,0.0,64.05,57.25,35.34,38.293000000000006,113.347,0.0,0.0
2006-11-08 07:00:00,0.0,0.0,65.89,59.14,39.94,45.281000000000006,114.689,0.0,0.0
2006-11-08 08:00:00,0.0,0.0,67.37,60.2,42.32,57.177,90.0,17.712999999999994,0.0
2006-11-08 09:00:00,0.0,0.0,68.71,60.76,43.23,70.28800000000001,97.412,0.0,0.0
2006-11-08 10:00:00,0.0,0.0,68.75,61.36,43.64,81.719,90.0,0.0,2.9690000000000083
2006-11-08 11:00:00,0.0,0.0,67.86,60.65,43.88,90.81500000000001,90.0,0.0,13.424999999999997
2006-11-08 12:00:00,0.0,0.0,66.58,59.44,43.68,94.54899999999999,90.0,0.0,18.182333333333332
2006-11-08 13:00:00,0.0,0.0,65.46,57.82,43.24,93.50099999999998,90.0,0.0,20.314333333333337
2006-11-08 14:00:00,0.0,0.0,64.56,56.41,43.06,87.67699999999999,90.0,0.0,16.980333333333313
2006-11-08 15:00:00,0.0,0.0,64.8,55.9,43.94,78.887,90.0,0.0,7.580333333333328
2006-11-08 16:00:00,0.0,0.0,66.09,57.75,46.08,68.185,90.0,6.7349999999999905,0.0
2006-11-08 17:00:00,0.0,0.0,66.3,60.46,47.56,66.493,90.0,12.827000000000012,0.0
2006-11-08 18:00:00,0.0,0.0,64.46,59.9,47.32,67.896,90.0,8.783999999999978,0.0
2006-11-08 19:00:00,0.0,0.0,61.37,57.62,45.75,68.78299999999999,90.0,0.9569999999999936,0.0
2006-11-08 20:00:00,0.0,0.0,58.18,56.92,43.15,70.275,90.0,0.0,7.024999999999977
2006-11-08 21:00:00,0.0,0.0,54.91,57.56,39.45,70.061,90.0,0.0,13.140999999999973
2006-11-08 22:00:00,0.0,0.0,51.62,55.49,35.49,70.88300000000001,90.0,0.0,23.283
2006-11-08 23:00:00,0.0,0.0,49.38,52.57,31.86,71.358,90.0,0.0,30.88133333333333
2006-11-09 00:00:00,0.0,0.0,47.12,50.53,32.25,72.33099999999999,90.0,0.0,37.430999999999976
2006-11-09 01:00:00,0.0,0.0,46.86,48.47,30.99,73.016,90.0,0.0,38.36266666666667
2006-11-09 02:00:00,0.0,0.0,47.54,47.06,29.94,72.73100000000001,90.0,0.0,41.524333333333345
2006-11-09 03:00:00,0.0,0.0,49.72,47.69,29.41,71.465,90.0,0.0,36.31166666666667
2006-11-09 04:00:00,0.0,0.0,54.36,50.54,29.48,69.011,90.0,0.0,28.53917174515241
2006-11-09 05:00:00,0.0,0.0,59.38,54.27,32.11,66.401,90.0,0.0,12.307666666666677
2006-11-09 06:00:00,0.0,0.0,63.12,57.34,37.23,63.07000000000001,90.0,0.0,0.0
2006-11-09 07:00:00,0.0,0.0,64.98,59.23,41.84,59.97600000000001,90.0,11.074000000000012,0.0
2006-11-09 08:00:00,0.0,0.0,66.46,60.29,44.23,64.182,90.0,11.797999999999995,0.0
2006-11-09 09:00:00,0.0,0.0,67.8,60.85,45.16,74.03,90.0,4.780000000000001,0.0
2006-11-09 10:00:00,0.0,0.0,67.85,61.44,45.59,81.46,90.0,0.0,1.5799999999999796
2006-11-09 11:00:00,0.0,0.0,66.96,60.74,45.83,86.805,90.0,0.0,8.275000000000006
2006-11-09 12:00:00,0.0,0.0,65.69,59.52,45.64,87.49600000000001,90.0,0.0,11.645999999999987
2006-11-09 13:00:00,0.0,0.0,64.57,57.89,45.19,81.40599999999999,90.0,0.0,8.756
2006-11-09 14:00:00,0.0,0.0,63.67,56.48,45.02,71.496,90.0,0.0,0.3823351800554364
2006-11-09 15:00:00,0.0,0.0,63.92,55.96,45.89,56.82600000000001,103.94400000000002,0.0,0.0
2006-11-09 16:00:00,0.0,0.0,65.23,57.82,48.04,42.912000000000006,110.0,13.178000000000004,0.0
2006-11-09 17:00:00,0.0,0.0,65.45,60.56,49.53,37.943000000000005,110.0,22.59700000000001,0.0
2006-11-09 18:00:00,0.0,0.0,63.62,60.03,49.29,36.888,131.05200000000002,0.0,0.0
2006-11-09 19:00:00,0.0,0.0,60.51,57.73,47.72,36.269999999999996,90.0,34.69000000000001,0.0
2006-11-09 20:00:00,0.0,0.0,57.33,56.98,45.11,36.06999999999999,110.0,8.350000000000009,0.0
2006-11-09 21:00:00,0.0,0.0,54.08,57.61,41.41,35.528000000000006,110.0,2.5720000000000027,0.0
2006-11-09 22:00:00,0.0,0.0,50.79,55.61,37.46,35.932,90.0,12.927999999999997,0.0
2006-11-09 23:00:00,0.0,0.0,48.54,52.68,33.83,36.035,90.39540000000004,3.619599999999972,0.0
2006-11-10 00:00:00,0.0,0.0,47.15,55.86,30.85,36.602999999999994,90.0,2.2570000000000032,0.0
2006-11-10 01:00:00,0.0,0.0,46.87,53.82,29.58,36.205,90.0,0.0,0.9349999999999881
2006-11-10 02:00:00,0.0,0.0,47.54,52.38,28.52,37.963,90.0,0.0,4.522999999999996
2006-11-10 03:00:00,0.0,0.0,49.69,52.98,27.98,38.431999999999995,90.0,0.0,2.7819999999999947
2006-11-10 04:00:00,0.0,0.0,54.28,55.81,28.03,37.635000000000005,90.0,5.484999999999999,0.0
2006-11-10 05:00:00,0.0,0.0,59.3,59.55,30.63,38.052,90.0,16.427999999999997,0.0
2006-11-10 06:00:00,0.0,0.0,63.07,62.65,35.73,37.402,110.0,9.047999999999988,0.0
2006-11-10 07:00:00,0.0,0.0,64.95,64.54,40.36,38.45100000000001,90.0,36.399,0.0
2006-11-10 08:00:00,0.0,0.0,66.42,65.6,42.76,45.514,115.0,9.265999999999963,0.0
2006-11-10 09:00:00,0.0,0.0,67.76,66.15,43.72,57.748999999999995,110.0,4.881000000000014,0.0
2006-11-10 10:00:00,0.0,0.0,67.83,66.74,44.15,67.46000000000001,106.25999999999999,0.0,0.0
2006-11-10 11:00:00,0.0,0.0,66.95,66.05,44.39,74.248,98.14200000000001,0.0,0.0
2006-11-10 12:00:00,0.0,0.0,65.68,64.82,44.21,75.842,90.0,3.867999999999995,0.0
2006-11-10 13:00:00,0.0,0.0,64.56,63.18,43.77,72.049,94.46100000000001,0.0,0.0
2006-11-10 14:00:00,0.0,0.0,63.67,61.76,43.59,64.66,90.0,9.360000000000005,0.0
2006-11-10 15:00:00,0.0,0.0,63.91,61.24,44.45,54.665,109.93500000000002,0.0,0.0
2006-11-10 16:00:00,0.0,0.0,65.24,63.11,46.61,49.731,90.0,30.229,0.0
2006-11-10 17:00:00,0.0,0.0,65.48,65.88,48.12,47.84199999999999,110.0,16.638000000000012,0.0
2006-11-10 18:00:00,0.0,0.0,63.66,65.38,47.88,47.818,124.102,0.0,0.0
2006-11-10 19:00:00,0.0,0.0,60.54,63.06,46.3,46.7,90.0,28.200000000000003,0.0
2006-11-10 20:00:00,0.0,0.0,57.36,62.25,43.69,45.857,90.0,22.443000000000012,0.0
2006-11-10 21:00:00,0.0,0.0,54.14,62.89,40.0,44.986999999999995,107.04299999999998,0.0,0.0
2006-11-10 22:00:00,0.0,0.0,50.84,60.94,36.04,46.711999999999996,96.10800000000002,0.0,0.0
2006-11-10 23:00:00,0.0,0.0,48.57,58.02,32.42,50.137,88.87299999999999,0.0,0.0
2006-11-11 00:00:00,0.0,0.0,38.73,47.83,28.48,53.293,61.747,0.0,0.0
2006-11-11 01:00:00,0.0,0.0,38.44,45.79,27.2,56.54199999999999,54.888000000000005,0.0,0.0
2006-11-11 02:00:00,0.0,0.0,39.1,44.33,26.13,60.917,48.643,0.0,0.0
2006-11-11 03:00:00,0.0,0.0,41.23,44.9,25.59,64.524,90.0,0.0,42.80399999999999
2006-11-11 04:00:00,0.0,0.0,45.77,47.71,25.61,66.699,88.27124653739611,0.0,35.88024653739611
2006-11-11 05:00:00,0.0,0.0,50.79,51.46,28.18,69.402,70.0,0.0,8.97199999999999
2006-11-11 06:00:00,0.0,0.0,54.58,54.59,33.27,71.57,70.86999999999999,0.0,0.0
2006-11-11 07:00:00,0.0,0.0,56.48,56.48,37.92,75.10799999999999,75.77199999999999,0.0,0.0
2006-11-11 08:00:00,0.0,0.0,57.95,57.54,40.33,82.38300000000001,73.43700000000001,0.0,0.0
2006-11-11 09:00:00,0.0,0.0,59.29,58.09,41.31,89.763,68.92699999999999,0.0,0.0
2006-11-11 10:00:00,0.0,0.0,59.38,58.66,41.75,94.682,65.108,0.0,0.0
2006-11-11 11:00:00,0.0,0.0,58.5,57.99,42.0,98.26399999999998,60.22600000000003,0.0,0.0
2006-11-11 12:00:00,0.0,0.0,57.24,56.75,41.82,99.10600000000002,70.0,0.0,13.295999999999992
2006-11-11 13:00:00,0.0,0.0,56.11,55.1,41.38,97.114,55.47600000000002,0.0,0.0
2006-11-11 14:00:00,0.0,0.0,55.22,53.67,41.2,93.087,57.003,0.0,0.0
2006-11-11 15:00:00,0.0,0.0,55.47,53.15,42.05,87.662,63.00799999999999,0.0,0.0
2006-11-11 16:00:00,0.0,0.0,56.82,55.03,44.22,82.64,73.42999999999999,0.0,0.0
2006-11-11 17:00:00,0.0,0.0,57.07,57.83,45.75,80.313,80.33699999999999,0.0,0.0
2006-11-11 18:00:00,0.0,0.0,55.26,57.35,45.51,80.49000000000001,77.62999999999997,0.0,0.0
2006-11-11 19:00:00,0.0,0.0,52.13,55.01,43.92,80.637,70.423,0.0,0.0
2006-11-11 20:00:00,0.0,0.0,48.95,54.16,41.31,80.859,63.56099999999998,0.0,0.0
2006-11-11 21:00:00,0.0,0.0,45.76,54.79,37.62,80.908,70.0,0.0,12.738000000000028
2006-11-11 22:00:00,0.0,0.0,42.45,52.9,33.66,81.328,47.681999999999995,0.0,0.0
2006-11-11 23:00:00,0.0,0.0,40.17,49.99,30.04,81.59700000000001,70.0,0.0,31.39700000000002
2006-11-12 00:00:00,0.0,0.0,34.74,45.04,27.49,81.45100000000001,50.0,0.0,24.18100000000001
2006-11-12 01:00:00,0.0,0.0,34.44,43.01,26.2,80.723,22.927,0.0,0.0
2006-11-12 02:00:00,0.0,0.0,35.08,41.53,25.12,79.779,70.0,0.0,48.04899999999999
2006-11-12 03:00:00,0.0,0.0,37.18,42.07,24.57,77.843,25.97700000000001,0.0,0.0
2006-11-12 04:00:00,0.0,0.0,41.68,44.86,24.57,73.807,50.0,0.0,12.697000000000003
2006-11-12 05:00:00,0.0,0.0,46.7,48.62,27.11,70.01799999999999,70.0,0.0,17.588000000000008
2006-11-12 06:00:00,0.0,0.0,50.52,51.77,32.19,65.993,68.487,0.0,0.0
2006-11-12 07:00:00,0.0,0.0,52.43,53.67,36.85,63.666000000000004,79.28400000000002,0.0,0.0
2006-11-12 08:00:00,0.0,0.0,53.9,54.73,39.28,66.572,81.33799999999998,0.0,0.0
2006-11-12 09:00:00,0.0,0.0,55.24,55.27,40.28,73.722,77.068,0.0,0.0
2006-11-12 10:00:00,0.0,0.0,55.34,55.83,40.72,80.56500000000001,71.325,0.0,0.0
2006-11-12 11:00:00,0.0,0.0,54.48,55.18,40.97,89.25500000000001,61.37499999999999,0.0,0.0
2006-11-12 12:00:00,0.0,0.0,53.21,53.93,40.81,95.509,52.44099999999999,0.0,0.0
2006-11-12 13:00:00,0.0,0.0,52.08,52.27,40.37,96.893,50.0,0.0,2.1729999999999805
2006-11-12 14:00:00,0.0,0.0,51.2,50.83,40.19,92.016,50.204,0.0,0.0
2006-11-12 15:00:00,0.0,0.0,51.46,50.31,41.02,82.77400000000002,70.0,0.0,9.983999999999977
2006-11-12 16:00:00,0.0,0.0,52.83,52.2,43.2,74.745,73.48500000000001,0.0,0.0
2006-11-12 17:00:00,0.0,0.0,53.08,55.02,44.75,70.262,82.58800000000002,0.0,0.0
2006-11-12 18:00:00,0.0,0.0,51.28,54.57,44.51,71.9,78.45999999999998,0.0,0.0
2006-11-12 19:00:00,0.0,0.0,48.14,52.22,42.92,71.924,71.35599999999998,0.0,0.0
2006-11-12 20:00:00,0.0,0.0,44.97,51.32,40.3,72.423,64.167,0.0,0.0
2006-11-12 21:00:00,0.0,0.0,41.8,51.94,36.61,71.965,90.0,0.0,31.61500000000001
2006-11-12 22:00:00,0.0,0.0,38.49,50.11,32.66,72.354,48.90599999999999,0.0,0.0
2006-11-12 23:00:00,0.0,0.0,36.18,47.2,29.04,70.84499999999998,41.574999999999996,0.0,0.0
2006-11-13 00:00:00,0.0,0.0,46.03,50.75,28.2,69.46000000000001,70.0,0.0,14.47999999999999
2006-11-13 01:00:00,0.0,0.0,45.72,48.73,26.9,68.405,52.944999999999986,0.0,0.0
2006-11-13 02:00:00,0.0,0.0,46.35,47.22,25.8,67.45700000000001,51.91299999999998,0.0,0.0
2006-11-13 03:00:00,0.0,0.0,48.42,47.73,25.24,67.542,53.84799999999999,0.0,0.0
2006-11-13 04:00:00,0.0,0.0,52.87,50.5,25.23,69.941,58.65899999999999,0.0,0.0
2006-11-13 05:00:00,0.0,0.0,57.89,54.28,27.73,71.004,70.0,0.0,1.1040000000000134
2006-11-13 06:00:00,0.0,0.0,61.73,57.45,32.8,72.448,79.53199999999998,0.0,0.0
2006-11-13 07:00:00,0.0,0.0,63.66,59.35,37.48,73.842,86.64799999999997,0.0,0.0
2006-11-13 08:00:00,0.0,0.0,65.13,60.41,39.92,81.52599999999998,83.934,0.0,0.0
2006-11-13 09:00:00,0.0,0.0,66.47,60.95,40.94,91.1,77.25999999999999,0.0,0.0
2006-11-13 10:00:00,0.0,0.0,66.59,61.5,41.39,97.11700000000002,72.363,0.0,0.0
2006-11-13 11:00:00,0.0,0.0,65.73,60.86,41.65,100.11300000000001,68.12700000000001,0.0,0.0
2006-11-13 12:00:00,0.0,0.0,64.47,59.6,41.49,100.8,64.76000000000002,0.0,0.0
2006-11-13 13:00:00,0.0,0.0,63.34,57.94,41.05,98.962,63.36800000000001,0.0,0.0
2006-11-13 14:00:00,0.0,0.0,62.46,56.48,40.87,93.88899999999998,65.92099999999999,0.0,0.0
2006-11-13 15:00:00,0.0,0.0,62.72,55.96,41.69,87.25800000000001,73.112,0.0,0.0
2006-11-13 16:00:00,0.0,0.0,64.11,57.86,43.88,80.115,85.73499999999997,0.0,0.0
2006-11-13 17:00:00,0.0,0.0,64.38,60.71,45.44,76.64600000000002,90.0,3.8839999999999897,0.0
2006-11-13 18:00:00,0.0,0.0,62.58,60.29,45.21,76.042,90.0,2.038000000000011,0.0
2006-11-13 19:00:00,0.0,0.0,59.43,57.91,43.61,75.16199999999999,85.78800000000001,0.0,0.0
2006-11-13 20:00:00,0.0,0.0,56.27,56.97,40.99,73.524,80.706,0.0,0.0
2006-11-13 21:00:00,0.0,0.0,53.13,57.59,37.31,72.30799999999999,75.72200000000001,0.0,0.0
2006-11-13 22:00:00,0.0,0.0,49.8,55.81,33.36,71.55,67.42,0.0,0.0
2006-11-13 23:00:00,0.0,0.0,47.48,52.91,29.74,70.604,59.52600000000001,0.0,0.0
2006-11-14 00:00:00,0.0,0.0,46.62,48.94,29.72,69.07900000000001,56.20099999999999,0.0,0.0
2006-11-14 01:00:00,0.0,0.0,46.3,46.94,28.41,67.04299999999999,70.0,0.0,15.393000000000011
2006-11-14 02:00:00,0.0,0.0,46.92,45.41,27.3,64.19900000000001,55.43099999999998,0.0,0.0
2006-11-14 03:00:00,0.0,0.0,48.97,45.88,26.74,62.547,59.04299999999998,0.0,0.0
2006-11-14 04:00:00,0.0,0.0,53.36,48.64,26.7,61.916,66.784,0.0,0.0
2006-11-14 05:00:00,0.0,0.0,58.38,52.42,29.17,62.092999999999996,77.87700000000001,0.0,0.0
2006-11-14 06:00:00,0.0,0.0,62.26,55.62,34.23,61.481,90.0,0.6290000000000049,0.0
2006-11-14 07:00:00,0.0,0.0,64.2,57.53,38.92,62.40800000000001,90.0,8.242000000000004,0.0
2006-11-14 08:00:00,0.0,0.0,65.67,58.59,41.38,69.048,90.0,6.592000000000001,0.0
2006-11-14 09:00:00,0.0,0.0,67.0,59.12,42.42,77.895,90.0,0.6449999999999854,0.0
2006-11-14 10:00:00,0.0,0.0,67.14,59.66,42.88,81.843,90.0,0.0,2.162999999999986
2006-11-14 11:00:00,0.0,0.0,66.29,59.04,43.13,87.216,81.24399999999997,0.0,0.0
2006-11-14 12:00:00,0.0,0.0,65.03,57.76,42.99,89.611,90.0,0.0,13.831000000000017
2006-11-14 13:00:00,0.0,0.0,63.9,56.09,42.55,87.05499999999999,77.33919944598338,0.0,1.8541994459833764
2006-11-14 14:00:00,0.0,0.0,63.03,54.63,42.37,78.41399999999999,81.61600000000001,0.0,0.0
2006-11-14 15:00:00,0.0,0.0,63.29,54.11,43.18,63.111000000000004,90.0,7.4690000000000225,0.0
2006-11-14 16:00:00,0.0,0.0,64.7,56.02,45.38,49.568000000000005,90.0,26.53200000000001,0.0
2006-11-14 17:00:00,0.0,0.0,64.98,58.89,46.96,47.266999999999996,90.0,33.56300000000002,0.0
2006-11-14 18:00:00,0.0,0.0,63.19,58.5,46.72,47.616,90.0,30.79400000000001,0.0
2006-11-14 19:00:00,0.0,0.0,60.03,56.11,45.12,46.523999999999994,90.0,24.736000000000004,0.0
2006-11-14 20:00:00,0.0,0.0,56.87,55.11,42.5,48.105000000000004,90.0,16.375,0.0
2006-11-14 21:00:00,0.0,0.0,53.76,55.73,38.81,49.215999999999994,90.0,9.083999999999996,0.0
2006-11-14 22:00:00,0.0,0.0,50.43,54.01,34.87,49.796,90.0,0.0,0.4859999999999971
2006-11-14 23:00:00,0.0,0.0,48.09,51.11,31.25,52.489000000000004,90.0,0.0,12.039000000000001
2006-11-15 00:00:00,0.0,0.0,46.88,48.92,30.5,53.521,72.77900000000001,0.0,0.0
2006-11-15 01:00:00,0.0,0.0,46.54,46.92,29.19,54.772000000000006,67.87799999999999,0.0,0.0
2006-11-15 02:00:00,0.0,0.0,47.15,45.37,28.06,54.483000000000004,66.09699999999998,0.0,0.0
2006-11-15 03:00:00,0.0,0.0,49.18,45.81,27.49,55.298,67.182,0.0,0.0
2006-11-15 04:00:00,0.0,0.0,53.52,48.55,27.44,54.32599999999999,75.184,0.0,0.0
2006-11-15 05:00:00,0.0,0.0,58.54,52.34,29.87,53.225,90.0,0.0,2.4749999999999943
2006-11-15 06:00:00,0.0,0.0,62.44,55.57,34.92,52.724,90.0,10.20600000000001,0.0
2006-11-15 07:00:00,0.0,0.0,64.4,57.47,39.63,51.984,90.0,19.516,0.0
2006-11-15 08:00:00,0.0,0.0,65.86,58.54,42.1,58.205999999999996,90.0,18.293999999999983,0.0
2006-11-15 09:00:00,0.0,0.0,67.2,59.06,43.16,69.413,90.0,10.007000000000005,0.0
2006-11-15 10:00:00,0.0,0.0,67.36,59.6,43.62,80.822,90.0,0.0,0.24199999999999733
2006-11-15 11:00:00,0.0,0.0,66.51,58.98,43.88,89.667,90.0,0.0,10.296999999999997
2006-11-15 12:00:00,0.0,0.0,65.26,57.7,43.75,90.863,75.84700000000001,0.0,0.0
2006-11-15 13:00:00,0.0,0.0,64.12,56.02,43.31,85.80499999999999,77.64500000000001,0.0,0.0
2006-11-15 14:00:00,0.0,0.0,63.25,54.55,43.13,74.051,90.0,0.0,3.120999999999995
2006-11-15 15:00:00,0.0,0.0,63.52,54.03,43.93,61.219,90.0,10.260999999999996,0.0
2006-11-15 16:00:00,0.0,0.0,64.96,55.94,46.13,56.051,90.0,20.97899999999999,0.0
2006-11-15 17:00:00,0.0,0.0,65.24,58.85,47.73,54.695,90.0,27.124999999999993,0.0
2006-11-15 18:00:00,0.0,0.0,63.46,58.48,47.49,58.108000000000004,90.0,21.322000000000003,0.0
2006-11-15 19:00:00,0.0,0.0,60.3,56.07,45.89,62.439,90.0,9.820999999999998,0.0
2006-11-15 20:00:00,0.0,0.0,57.14,55.03,43.26,65.553,90.0,0.0,0.12300000000000466
2006-11-15 21:00:00,0.0,0.0,54.05,55.64,39.58,67.16199999999999,90.0,0.0,7.891999999999996
2006-11-15 22:00:00,0.0,0.0,50.71,53.98,35.64,67.882,90.0,0.0,17.552000000000007
2006-11-15 23:00:00,0.0,0.0,48.36,51.08,32.02,68.72500000000001,70.0,0.0,7.265000000000001
2006-11-16 00:00:00,0.0,0.0,46.48,46.24,31.52,70.047,90.0,0.0,35.807
2006-11-16 01:00:00,0.0,0.0,46.13,44.26,30.2,70.856,49.73399999999999,0.0,0.0
2006-11-16 02:00:00,0.0,0.0,46.72,42.68,29.06,72.044,90.0,0.0,43.58399999999999
2006-11-16 03:00:00,0.0,0.0,48.73,43.1,28.48,74.018,63.15091412742388,0.0,16.858914127423887
2006-11-16 04:00:00,0.0,0.0,53.02,45.82,28.41,76.61399999999999,90.0,0.0,39.36399999999998
2006-11-16 05:00:00,0.0,0.0,58.04,49.62,30.8,78.28899999999999,90.0,0.0,29.828999999999994
2006-11-16 06:00:00,0.0,0.0,61.96,52.87,35.84,78.12100000000001,90.0,0.0,17.450999999999993
2006-11-16 07:00:00,0.0,0.0,63.94,54.78,40.56,78.3,90.0,0.0,9.02000000000001
2006-11-16 08:00:00,0.0,0.0,65.4,55.84,43.05,84.95199999999998,90.0,0.0,10.662000000000006
2006-11-16 09:00:00,0.0,0.0,66.74,56.36,44.13,91.54599999999999,90.0,0.0,14.316000000000003
2006-11-16 10:00:00,0.0,0.0,66.91,56.88,44.6,92.19399999999999,90.0,0.0,13.804000000000002
2006-11-16 11:00:00,0.0,0.0,66.08,56.29,44.87,100.00300000000001,70.0,0.0,2.7630000000000194
2006-11-16 12:00:00,0.0,0.0,64.82,55.0,44.74,102.875,90.0,0.0,28.314999999999998
2006-11-16 13:00:00,0.0,0.0,63.68,53.31,44.31,96.10499999999999,70.0,0.0,4.8049999999999855
2006-11-16 14:00:00,0.0,0.0,62.82,51.82,44.12,82.533,76.227,0.0,0.0
2006-11-16 15:00:00,0.0,0.0,63.09,51.3,44.91,65.05799999999999,90.0,4.241999999999976,0.0
2006-11-16 16:00:00,0.0,0.0,64.55,53.23,47.12,55.857000000000006,90.0,19.042999999999978,0.0
2006-11-16 17:00:00,0.0,0.0,64.85,56.16,48.74,58.194,90.0,21.555999999999997,0.0
2006-11-16 18:00:00,0.0,0.0,63.07,55.82,48.5,61.037,90.0,16.353000000000005,0.0
2006-11-16 19:00:00,0.0,0.0,59.9,53.39,46.89,63.286,90.0,6.8940000000000055,0.0
2006-11-16 20:00:00,0.0,0.0,56.74,52.3,44.26,62.111000000000004,90.0,1.1890000000000072,0.0
2006-11-16 21:00:00,0.0,0.0,53.68,52.91,40.59,59.324999999999996,90.0,0.0,2.144999999999989
2006-11-16 22:00:00,0.0,0.0,50.33,51.3,36.64,58.080999999999996,90.0,0.0,9.811000000000007
2006-11-16 23:00:00,0.0,0.0,47.96,48.41,33.03,54.81999999999999,80.21821883656503,0.0,5.6382188365650245
2006-11-17 00:00:00,0.0,0.0,45.41,50.35,32.13,52.395999999999994,90.0,0.0,14.50600000000001
2006-11-17 01:00:00,0.0,0.0,45.04,48.37,30.79,50.255,90.0,0.0,16.055000000000003
2006-11-17 02:00:00,0.0,0.0,45.63,46.77,29.64,47.79900000000001,90.0,0.0,15.759000000000002
2006-11-17 03:00:00,0.0,0.0,47.61,47.16,29.05,46.667,90.0,0.0,12.847000000000023
2006-11-17 04:00:00,0.0,0.0,51.85,49.86,28.96,48.602000000000004,82.068,0.0,0.0
2006-11-17 05:00:00,0.0,0.0,56.87,53.67,31.32,50.82000000000001,90.0,1.039999999999992,0.0
2006-11-17 06:00:00,0.0,0.0,60.82,56.95,36.35,53.278000000000006,90.0,10.841999999999992,0.0
2006-11-17 07:00:00,0.0,0.0,62.81,58.85,41.09,54.935,90.0,17.814999999999998,0.0
2006-11-17 08:00:00,0.0,0.0,64.28,59.92,43.59,60.965,90.0,16.825000000000003,0.0
2006-11-17 09:00:00,0.0,0.0,65.61,60.43,44.69,66.581,90.0,14.149000000000008,0.0
2006-11-17 10:00:00,0.0,0.0,65.8,60.95,45.17,75.054,90.0,6.866000000000014,0.0
2006-11-17 11:00:00,0.0,0.0,64.97,60.37,45.44,83.289,90.0,0.0,2.5090000000000003
2006-11-17 12:00:00,0.0,0.0,63.72,59.07,45.32,86.856,90.0,0.0,8.746000000000018
2006-11-17 13:00:00,0.0,0.0,62.58,57.37,44.89,85.65700000000001,79.18299999999998,0.0,0.0
2006-11-17 14:00:00,0.0,0.0,61.72,55.87,44.7,79.347,90.0,0.0,7.057000000000016
2006-11-17 15:00:00,0.0,0.0,62.0,55.35,45.48,69.153,90.0,3.6769999999999783,0.0
2006-11-17 16:00:00,0.0,0.0,63.48,57.29,47.7,61.399,90.0,17.071000000000012,0.0
2006-11-17 17:00:00,0.0,0.0,63.78,60.25,49.33,53.086999999999996,90.0,30.27300000000001,0.0
2006-11-17 18:00:00,0.0,0.0,62.01,59.93,49.1,53.343,90.0,27.697000000000003,0.0
2006-11-17 19:00:00,0.0,0.0,58.83,57.48,47.48,53.767999999999994,90.0,20.02199999999999,0.0
2006-11-17 20:00:00,0.0,0.0,55.68,56.35,44.85,54.967,90.0,11.912999999999982,0.0
2006-11-17 21:00:00,0.0,0.0,52.65,56.95,41.18,57.358999999999995,90.0,3.4209999999999923,0.0
2006-11-17 22:00:00,0.0,0.0,49.29,55.4,37.23,58.348,83.572,0.0,0.0
2006-11-17 23:00:00,0.0,0.0,46.91,52.51,33.62,59.98799999999999,90.0,0.0,16.948000000000008
2006-11-18 00:00:00,0.0,0.0,37.84,48.62,31.03,59.699,58.15333518005533,0.0,0.36233518005531845
2006-11-18 01:00:00,0.0,0.0,37.47,46.65,29.69,59.934,90.0,0.0,36.12400000000002
2006-11-18 02:00:00,0.0,0.0,38.04,45.02,28.53,59.961,90.0,0.0,38.37100000000001
2006-11-18 03:00:00,0.0,0.0,39.99,45.38,27.93,59.992999999999995,90.0,0.0,36.692999999999984
2006-11-18 04:00:00,0.0,0.0,44.19,48.06,27.82,59.854,90.0,0.0,29.783999999999992
2006-11-18 05:00:00,0.0,0.0,49.2,51.89,30.14,57.629,90.0,0.0,16.399
2006-11-18 06:00:00,0.0,0.0,53.18,55.19,35.16,55.555,90.0,0.0,2.0249999999999915
2006-11-18 07:00:00,0.0,0.0,55.19,57.1,39.92,55.882999999999996,90.0,6.326999999999998,0.0
2006-11-18 08:00:00,0.0,0.0,56.65,58.17,42.43,61.069,90.0,6.181000000000026,0.0
2006-11-18 09:00:00,0.0,0.0,57.98,58.67,43.55,68.802,90.0,1.3979999999999961,0.0
2006-11-18 10:00:00,0.0,0.0,58.2,59.18,44.04,75.232,86.18800000000002,0.0,0.0
2006-11-18 11:00:00,0.0,0.0,57.37,58.61,44.31,80.14699999999999,90.0,0.0,9.85699999999999
2006-11-18 12:00:00,0.0,0.0,56.12,57.3,44.2,81.611,76.00899999999999,0.0,0.0
2006-11-18 13:00:00,0.0,0.0,54.98,55.6,43.77,76.114,90.0,0.0,11.76400000000001
2006-11-18 14:00:00,0.0,0.0,54.13,54.09,43.58,62.554,89.24600000000001,0.0,0.0
2006-11-18 15:00:00,0.0,0.0,54.41,53.57,44.35,46.577,90.0,10.752999999999986,0.0
2006-11-18 16:00:00,0.0,0.0,55.91,55.51,46.58,36.997,90.0,26.003,0.0
2006-11-18 17:00:00,0.0,0.0,56.22,58.5,48.23,31.202,90.0,36.74799999999999,0.0
2006-11-18 18:00:00,0.0,0.0,54.46,58.21,48.0,29.78,90.0,35.89,0.0
2006-11-18 19:00:00,0.0,0.0,51.27,55.75,46.37,29.145000000000003,90.0,29.244999999999997,0.0
2006-11-18 20:00:00,0.0,0.0,48.13,54.56,43.74,27.334,90.0,24.096000000000032,0.0
2006-11-18 21:00:00,0.0,0.0,45.12,55.16,40.07,25.841,90.0,19.509000000000004,0.0
2006-11-18 22:00:00,0.0,0.0,41.75,53.67,36.13,24.625999999999998,90.0,11.924000000000003,0.0
2006-11-18 23:00:00,0.0,0.0,39.35,50.78,32.52,24.589000000000002,90.0,3.0610000000000355,0.0
2006-11-19 00:00:00,0.0,0.0,34.65,48.1,29.55,24.488,90.0,0.0,5.521333333333331
2006-11-19 01:00:00,0.0,0.0,34.26,46.15,28.2,24.493000000000002,90.0,0.0,5.883000000000006
2006-11-19 02:00:00,0.0,0.0,34.82,44.49,27.02,23.701,90.0,0.0,8.733640812557814
2006-11-19 03:00:00,0.0,0.0,36.75,44.82,26.42,23.567999999999998,90.0,0.0,8.911333333333333
2006-11-19 04:00:00,0.0,0.0,40.89,47.48,26.29,21.521,90.0,0.0,0.0
2006-11-19 05:00:00,0.0,0.0,45.91,51.31,28.58,21.337,90.0,9.46300000000001,0.0
2006-11-19 06:00:00,0.0,0.0,49.92,54.64,33.59,21.687999999999995,90.0,21.462000000000003,0.0
2006-11-19 07:00:00,0.0,0.0,51.94,56.56,38.36,23.403000000000002,90.0,28.457000000000008,0.0
2006-11-19 08:00:00,0.0,0.0,53.4,57.63,40.88,30.014999999999997,90.0,26.89500000000001,0.0
2006-11-19 09:00:00,0.0,0.0,54.73,58.13,42.03,40.379,90.0,19.511000000000017,0.0
2006-11-19 10:00:00,0.0,0.0,54.96,58.62,42.53,52.91,90.0,8.200000000000017,0.0
2006-11-19 11:00:00,0.0,0.0,54.14,58.07,42.8,63.79500000000001,90.0,0.0,0.4516666666666822
2006-11-19 12:00:00,0.0,0.0,52.89,56.75,42.7,71.24199999999999,90.0,0.0,8.997796860572457
2006-11-19 13:00:00,0.0,0.0,51.75,55.04,42.27,72.049,90.0,0.0,14.655666666666658
2006-11-19 14:00:00,0.0,0.0,50.91,53.52,42.08,66.82900000000001,90.0,0.0,10.31899999999999
2006-11-19 15:00:00,0.0,0.0,51.19,52.99,42.83,60.259,90.0,0.0,3.2489999999999952
2006-11-19 16:00:00,0.0,0.0,52.71,54.95,45.07,54.720000000000006,90.0,3.010000000000007,0.0
2006-11-19 17:00:00,0.0,0.0,53.04,57.97,46.74,53.744,90.0,9.006,0.0
2006-11-19 18:00:00,0.0,0.0,51.28,57.7,46.51,46.412,90.0,14.077999999999975,0.0
2006-11-19 19:00:00,0.0,0.0,48.08,55.22,44.88,45.274,90.0,7.905999999999986,0.0
2006-11-19 20:00:00,0.0,0.0,44.94,53.99,42.24,50.794,90.0,0.0,0.0
2006-11-19 21:00:00,0.0,0.0,41.96,54.58,38.57,55.711999999999996,79.39800000000001,0.0,0.0
2006-11-19 22:00:00,0.0,0.0,38.58,53.15,34.63,58.827,90.0,0.0,22.467
2006-11-19 23:00:00,0.0,0.0,36.17,50.27,31.03,60.015,57.45500000000002,0.0,0.0
2006-11-20 00:00:00,0.0,0.0,46.86,55.13,30.25,60.41,90.0,0.0,18.169999999999987
2006-11-20 01:00:00,0.0,0.0,46.46,53.19,28.89,61.382,90.0,0.0,22.842000000000002
2006-11-20 02:00:00,0.0,0.0,47.01,51.51,27.7,60.293,70.0,0.0,4.072999999999993
2006-11-20 03:00:00,0.0,0.0,48.91,51.81,27.09,61.694,70.0,0.0,3.8840000000000003
2006-11-20 04:00:00,0.0,0.0,53.0,54.46,26.94,61.576,90.0,0.0,17.175999999999988
2006-11-20 05:00:00,0.0,0.0,58.02,58.3,29.2,61.531000000000006,83.989,0.0,0.0
2006-11-20 06:00:00,0.0,0.0,62.05,61.65,34.19,61.744,90.0,6.146000000000004,0.0
2006-11-20 07:00:00,0.0,0.0,64.09,63.57,38.98,63.513000000000005,90.0,13.126999999999995,0.0
2006-11-20 08:00:00,0.0,0.0,65.55,64.64,41.52,69.71300000000001,90.0,11.997000000000014,0.0
2006-11-20 09:00:00,0.0,0.0,66.88,65.13,42.68,80.27399999999999,90.0,4.415999999999997,0.0
2006-11-20 10:00:00,0.0,0.0,67.13,65.62,43.19,92.28099999999999,90.0,0.0,6.341000000000008
2006-11-20 11:00:00,0.0,0.0,66.32,65.08,43.47,100.396,90.0,0.0,15.525999999999996
2006-11-20 12:00:00,0.0,0.0,65.07,63.75,43.37,104.11,90.0,0.0,21.919999999999987
2006-11-20 13:00:00,0.0,0.0,63.92,62.03,42.94,101.75200000000001,67.138,0.0,0.0
2006-11-20 14:00:00,0.0,0.0,63.09,60.5,42.75,94.216,72.124,0.0,0.0
2006-11-20 15:00:00,0.0,0.0,63.37,59.98,43.49,82.78999999999999,84.05000000000001,0.0,0.0
2006-11-20 16:00:00,0.0,0.0,64.91,61.94,45.75,73.224,90.0,9.375999999999998,0.0
2006-11-20 17:00:00,0.0,0.0,65.25,64.99,47.42,65.23100000000001,90.0,22.42899999999999,0.0
2006-11-20 18:00:00,0.0,0.0,63.5,64.75,47.2,67.20599999999999,90.0,18.244,0.0
2006-11-20 19:00:00,0.0,0.0,60.29,62.25,45.56,69.94800000000001,90.0,8.151999999999994,0.0
2006-11-20 20:00:00,0.0,0.0,57.16,60.97,42.92,71.679,89.37099999999998,0.0,0.0
2006-11-20 21:00:00,0.0,0.0,54.21,61.55,39.26,74.765,90.0,0.0,9.745000000000005
2006-11-20 22:00:00,0.0,0.0,50.82,60.18,35.32,77.663,90.0,0.0,21.343000000000018
2006-11-20 23:00:00,0.0,0.0,48.39,57.3,31.71,80.80799999999999,56.592,0.0,0.0
2006-11-21 00:00:00,0.0,0.0,48.28,54.33,31.73,82.807,51.532999999999994,0.0,0.0
2006-11-21 01:00:00,0.0,0.0,47.87,52.4,30.36,84.45499999999998,90.0,0.0,43.824999999999974
2006-11-21 02:00:00,0.0,0.0,48.4,50.69,29.16,82.965,73.3123905817175,0.0,28.02739058171749
2006-11-21 03:00:00,0.0,0.0,50.28,50.96,28.54,82.928,90.0,0.0,43.14800000000001
2006-11-21 04:00:00,0.0,0.0,54.33,53.59,28.37,83.596,90.0,0.0,37.30599999999999
2006-11-21 05:00:00,0.0,0.0,59.34,57.44,30.59,83.31700000000001,90.0,0.0,25.94699999999999
2006-11-21 06:00:00,0.0,0.0,63.4,60.82,35.58,83.431,76.36899999999999,0.0,0.0
2006-11-21 07:00:00,0.0,0.0,65.46,62.74,40.38,83.951,90.0,0.0,5.370999999999995
2006-11-21 08:00:00,0.0,0.0,66.91,63.81,42.93,88.84400000000002,90.0,0.0,5.193999999999988
2006-11-21 09:00:00,0.0,0.0,68.24,64.3,44.12,96.089,90.0,0.0,9.42900000000001
2006-11-21 10:00:00,0.0,0.0,68.51,64.78,44.63,103.31,90.0,0.0,15.390000000000002
2006-11-21 11:00:00,0.0,0.0,67.71,64.25,44.91,107.44,69.43,0.0,0.0
2006-11-21 12:00:00,0.0,0.0,66.46,62.91,44.82,108.46600000000001,70.0,0.0,4.2760000000000105
2006-11-21 13:00:00,0.0,0.0,65.31,61.18,44.4,104.70399999999998,90.0,0.0,23.813999999999993
2006-11-21 14:00:00,0.0,0.0,64.48,59.64,44.21,92.935,90.0,0.0,14.60499999999999
2006-11-21 15:00:00,0.0,0.0,64.77,59.12,44.94,78.625,90.0,0.0,0.0
2006-11-21 16:00:00,0.0,0.0,66.33,61.09,47.2,72.018,90.0,7.602000000000018,0.0
2006-11-21 17:00:00,0.0,0.0,66.68,64.17,48.9,69.30799999999999,90.0,20.134165833333277,0.0
2006-11-21 18:00:00,0.0,0.0,64.94,63.96,48.67,68.91199999999999,90.0,16.991333333333333,0.0
2006-11-21 19:00:00,0.0,0.0,61.72,61.43,47.03,68.666,90.0,6.514000000000008,0.0
2006-11-21 20:00:00,0.0,0.0,58.59,60.1,44.38,68.086,90.0,3.3173333333333233,0.0
2006-11-21 21:00:00,0.0,0.0,55.66,60.69,40.72,66.614,90.0,0.0,0.0
2006-11-21 22:00:00,0.0,0.0,52.27,59.37,36.79,64.182,90.0,0.0,5.7520000000000095
2006-11-21 23:00:00,0.0,0.0,49.82,56.5,33.18,61.497,90.0,0.0,11.996999999999986
2006-11-22 00:00:00,0.0,0.0,49.48,57.88,32.85,59.71,90.0,0.0,9.500000000000014
2006-11-22 01:00:00,0.0,0.0,49.05,55.96,31.48,58.545,90.0,0.0,12.054999999999982
2006-11-22 02:00:00,0.0,0.0,49.58,54.23,30.26,56.409,90.0,0.0,12.33899999999997
2006-11-22 03:00:00,0.0,0.0,51.44,54.47,29.64,54.36,90.0,0.0,8.810000000000016
2006-11-22 04:00:00,0.0,0.0,55.43,57.08,29.45,50.631,90.0,0.0,0.0
2006-11-22 05:00:00,0.0,0.0,60.44,60.94,31.64,48.650999999999996,90.0,9.369,0.0
2006-11-22 06:00:00,0.0,0.0,64.53,64.35,36.61,48.15,104.6226666666667,7.71733333333329,0.0
2006-11-22 07:00:00,0.0,0.0,66.6,66.27,41.42,48.556,115.0,5.733999999999988,0.0
2006-11-22 08:00:00,0.0,0.0,68.06,67.34,43.99,51.790000000000006,110.0,12.600000000000009,0.0
2006-11-22 09:00:00,0.0,0.0,69.39,67.82,45.2,58.494,110.0,8.916000000000025,0.0
2006-11-22 10:00:00,0.0,0.0,69.67,68.29,45.72,66.697,109.82933333333332,2.1536666666666795,0.0
2006-11-22 11:00:00,0.0,0.0,68.88,67.78,46.01,73.083,90.0,14.586999999999982,0.0
2006-11-22 12:00:00,0.0,0.0,67.63,66.43,45.93,76.435,90.0,8.555000000000025,0.0
2006-11-22 13:00:00,0.0,0.0,66.48,64.69,45.5,74.499,97.17100000000002,0.0,0.0
2006-11-22 14:00:00,0.0,0.0,65.65,63.14,45.31,64.22299999999998,90.0,14.87700000000001,0.0
2006-11-22 15:00:00,0.0,0.0,65.95,62.62,46.03,53.914,115.0,0.6859999999999928,0.0
2006-11-22 16:00:00,0.0,0.0,67.53,64.6,48.3,47.44200000000001,110.0,17.98799999999999,0.0
2006-11-22 17:00:00,0.0,0.0,67.89,67.7,50.01,39.772,110.0,30.828000000000003,0.0
2006-11-22 18:00:00,0.0,0.0,66.16,67.52,49.79,38.035000000000004,90.0,50.435,0.0
2006-11-22 19:00:00,0.0,0.0,62.93,64.98,48.14,38.218,90.0,42.832,0.0
2006-11-22 20:00:00,0.0,0.0,59.8,63.6,45.49,40.701,90.0,33.18900000000001,0.0
2006-11-22 21:00:00,0.0,0.0,56.9,64.18,41.83,43.376999999999995,90.0,24.53300000000001,0.0
2006-11-22 22:00:00,0.0,0.0,53.5,62.92,37.9,46.697,102.62299999999999,0.0,0.0
2006-11-22 23:00:00,0.0,0.0,51.03,60.06,34.3,51.181,90.0,0.0,0.0
2006-11-23 00:00:00,0.0,0.0,48.4,49.9,31.52,58.635999999999996,71.184,0.0,0.0
2006-11-23 01:00:00,0.0,0.0,47.96,47.99,30.13,67.956,90.0,0.0,31.875999999999994
2006-11-23 02:00:00,0.0,0.0,48.47,46.23,28.91,76.226,50.0,0.0,2.616000000000014
2006-11-23 03:00:00,0.0,0.0,50.3,46.44,28.27,81.49,43.519999999999996,0.0,0.0
2006-11-23 04:00:00,0.0,0.0,54.25,49.03,28.06,84.912,46.428000000000004,0.0,0.0
2006-11-23 05:00:00,0.0,0.0,59.26,52.9,30.22,88.68799999999999,53.692,0.0,0.0
2006-11-23 06:00:00,0.0,0.0,63.38,56.34,35.18,92.03099999999999,62.869,0.0,0.0
2006-11-23 07:00:00,0.0,0.0,65.47,58.25,40.01,93.51700000000001,70.213,0.0,0.0
2006-11-23 08:00:00,0.0,0.0,66.92,59.34,42.59,97.965,70.885,0.0,0.0
2006-11-23 09:00:00,0.0,0.0,68.24,59.81,43.82,103.90400000000001,67.96599999999998,0.0,0.0
2006-11-23 10:00:00,0.0,0.0,68.54,60.27,44.35,110.255,64.43594736842107,0.0,1.53094736842106
2006-11-23 11:00:00,0.0,0.0,67.76,59.77,44.64,113.55099999999999,70.0,0.0,11.380999999999986
2006-11-23 12:00:00,0.0,0.0,66.51,58.41,44.57,113.95099999999998,55.539000000000016,0.0,0.0
2006-11-23 13:00:00,0.0,0.0,65.36,56.67,44.15,112.29199999999999,53.88800000000002,0.0,0.0
2006-11-23 14:00:00,0.0,0.0,64.54,55.1,43.95,108.32300000000001,55.266999999999996,0.0,0.0
2006-11-23 15:00:00,0.0,0.0,64.84,54.58,44.66,101.36099999999999,62.71900000000001,0.0,0.0
2006-11-23 16:00:00,0.0,0.0,66.44,56.57,46.94,91.021,78.92899999999997,0.0,0.0
2006-11-23 17:00:00,0.0,0.0,66.81,59.7,48.67,81.50000000000001,90.0,3.680000000000007,0.0
2006-11-23 18:00:00,0.0,0.0,65.09,59.54,48.45,75.843,90.0,7.237000000000023,0.0
2006-11-23 19:00:00,0.0,0.0,61.85,56.98,46.79,73.455,90.0,2.164999999999992,0.0
2006-11-23 20:00:00,0.0,0.0,58.73,55.56,44.14,77.575,80.85499999999999,0.0,0.0
2006-11-23 21:00:00,0.0,0.0,55.85,56.13,40.48,78.72399999999999,73.73599999999999,0.0,0.0
2006-11-23 22:00:00,0.0,0.0,52.44,54.93,36.55,80.99399999999999,70.0,0.0,7.073999999999984
2006-11-23 23:00:00,0.0,0.0,49.96,52.07,32.95,81.163,53.81699999999999,0.0,0.0
2006-11-24 00:00:00,0.0,0.0,45.91,48.28,30.97,79.895,50.0,0.0,4.734999999999996
2006-11-24 01:00:00,0.0,0.0,45.46,46.39,29.57,79.483,41.937,0.0,0.0
2006-11-24 02:00:00,0.0,0.0,45.96,44.6,28.33,77.793,41.097,0.0,0.0
2006-11-24 03:00:00,0.0,0.0,47.77,44.78,27.69,76.418,43.822,0.0,0.0
2006-11-24 04:00:00,0.0,0.0,51.66,47.36,27.46,74.32400000000001,52.156000000000006,0.0,0.0
2006-11-24 05:00:00,0.0,0.0,56.67,51.24,29.58,72.25099999999999,65.239,0.0,0.0
2006-11-24 06:00:00,0.0,0.0,60.81,54.7,34.53,70.584,79.45600000000002,0.0,0.0
2006-11-24 07:00:00,0.0,0.0,62.92,56.62,39.38,70.958,87.96199999999999,0.0,0.0
2006-11-24 08:00:00,0.0,0.0,64.37,57.7,41.98,74.49499999999999,89.555,0.0,0.0
2006-11-24 09:00:00,0.0,0.0,65.7,58.17,43.23,80.315,86.78499999999998,0.0,0.0
2006-11-24 10:00:00,0.0,0.0,66.01,58.62,43.76,83.505,84.885,0.0,0.0
2006-11-24 11:00:00,0.0,0.0,65.23,58.13,44.05,86.038,81.372,0.0,0.0
2006-11-24 12:00:00,0.0,0.0,63.99,56.77,43.99,83.478,81.27200000000002,0.0,0.0
2006-11-24 13:00:00,0.0,0.0,62.84,55.01,43.57,79.643,81.77699999999999,0.0,0.0
2006-11-24 14:00:00,0.0,0.0,62.02,53.44,43.37,74.05,84.78,0.0,0.0
2006-11-24 15:00:00,0.0,0.0,62.32,52.91,44.07,72.899,86.40099999999998,0.0,0.0
2006-11-24 16:00:00,0.0,0.0,63.95,54.91,46.36,75.48299999999999,89.73700000000002,0.0,0.0
2006-11-24 17:00:00,0.0,0.0,64.33,58.07,48.1,77.52699999999999,90.0,2.9729999999999848,0.0
2006-11-24 18:00:00,0.0,0.0,62.61,57.94,47.89,79.97399999999999,88.46600000000001,0.0,0.0
2006-11-24 19:00:00,0.0,0.0,59.36,55.36,46.23,79.941,81.00899999999999,0.0,0.0
2006-11-24 20:00:00,0.0,0.0,56.25,53.89,43.57,77.428,76.282,0.0,0.0
2006-11-24 21:00:00,0.0,0.0,53.4,54.46,39.92,73.274,74.506,0.0,0.0
2006-11-24 22:00:00,0.0,0.0,49.98,53.32,35.99,70.22800000000001,69.06199999999998,0.0,0.0
2006-11-24 23:00:00,0.0,0.0,47.48,50.46,32.39,68.63,70.0,0.0,8.300000000000026
2006-11-25 00:00:00,0.0,0.0,37.35,40.25,28.57,67.548,38.622,0.0,0.0
2006-11-25 01:00:00,0.0,0.0,36.88,38.36,27.17,67.142,50.0,0.0,14.732
2006-11-25 02:00:00,0.0,0.0,37.37,36.56,25.92,66.356,90.0,0.0,56.50600000000001
2006-11-25 03:00:00,0.0,0.0,39.15,36.7,25.27,66.703,34.417,0.0,0.0
2006-11-25 04:00:00,0.0,0.0,42.99,39.26,25.02,67.16,90.0,0.0,49.89000000000003
2006-11-25 05:00:00,0.0,0.0,48.0,43.15,27.1,68.07,50.18,0.0,0.0
2006-11-25 06:00:00,0.0,0.0,52.18,46.64,32.05,71.119,59.75099999999999,0.0,0.0
2006-11-25 07:00:00,0.0,0.0,54.3,48.56,36.91,71.59,70.0,0.0,1.8200000000000074
2006-11-25 08:00:00,0.0,0.0,55.74,49.64,39.52,73.65500000000002,71.24500000000002,0.0,0.0
2006-11-25 09:00:00,0.0,0.0,57.07,50.1,40.79,80.06899999999999,67.89099999999996,0.0,0.0
2006-11-25 10:00:00,0.0,0.0,57.4,50.54,41.33,90.12199999999999,59.14800000000002,0.0,0.0
2006-11-25 11:00:00,0.0,0.0,56.63,50.07,41.63,97.904,50.42599999999999,0.0,0.0
2006-11-25 12:00:00,0.0,0.0,55.39,48.7,41.57,101.937,50.0,0.0,6.277000000000008
2006-11-25 13:00:00,0.0,0.0,54.24,46.94,41.16,100.68299999999999,50.0,0.0,8.34299999999999
2006-11-25 14:00:00,0.0,0.0,53.43,45.35,40.96,95.9,43.84000000000001,0.0,0.0
2006-11-25 15:00:00,0.0,0.0,53.73,44.83,41.64,89.69200000000001,70.0,0.0,19.49199999999999
2006-11-25 16:00:00,0.0,0.0,55.38,46.83,43.94,81.53899999999999,64.611,0.0,0.0
2006-11-25 17:00:00,0.0,0.0,55.77,50.02,45.7,74.59599999999999,76.89399999999999,0.0,0.0
2006-11-25 18:00:00,0.0,0.0,54.06,49.92,45.48,73.539,75.92099999999999,0.0,0.0
2006-11-25 19:00:00,0.0,0.0,50.8,47.32,43.82,72.55499999999999,69.38499999999999,0.0,0.0
2006-11-25 20:00:00,0.0,0.0,47.69,45.8,41.16,70.223,70.0,0.0,5.573000000000004
2006-11-25 21:00:00,0.0,0.0,44.87,46.37,37.51,67.912,60.83799999999999,0.0,0.0
2006-11-25 22:00:00,0.0,0.0,41.44,45.28,33.58,65.495,90.0,0.0,35.19500000000001
2006-11-25 23:00:00,0.0,0.0,38.93,42.43,29.98,62.733999999999995,90.0,0.0,41.39399999999999
2006-11-26 00:00:00,0.0,0.0,34.02,42.28,27.94,57.806000000000004,50.0,0.0,3.5660000000000025
2006-11-26 01:00:00,0.0,0.0,33.54,40.4,26.53,53.748,70.0,0.0,23.277999999999984
2006-11-26 02:00:00,0.0,0.0,34.02,38.57,25.26,50.56399999999999,47.286,0.0,0.0
2006-11-26 03:00:00,0.0,0.0,35.78,38.68,24.61,47.157,51.91300000000001,0.0,0.0
2006-11-26 04:00:00,0.0,0.0,39.57,41.22,24.34,44.027,61.102999999999994,0.0,0.0
2006-11-26 05:00:00,0.0,0.0,44.58,45.13,26.39,40.42999999999999,75.66999999999999,0.0,0.0
2006-11-26 06:00:00,0.0,0.0,48.78,48.63,31.32,36.952,90.0,1.7780000000000058,0.0
2006-11-26 07:00:00,0.0,0.0,50.92,50.56,36.2,35.409,90.0,12.271000000000008,0.0
2006-11-26 08:00:00,0.0,0.0,52.36,51.65,38.82,37.099,90.0,15.730999999999995,0.0
2006-11-26 09:00:00,0.0,0.0,53.69,52.1,40.11,43.284,90.0,12.615999999999987,0.0
2006-11-26 10:00:00,0.0,0.0,54.04,52.53,40.67,47.894999999999996,90.0,9.345000000000017,0.0
2006-11-26 11:00:00,0.0,0.0,53.27,52.07,40.96,50.843,90.0,5.457000000000008,0.0
2006-11-26 12:00:00,0.0,0.0,52.03,50.69,40.92,53.81299999999999,90.0,0.0,0.1729999999999876
2006-11-26 13:00:00,0.0,0.0,50.88,48.92,40.5,53.75399999999999,90.0,0.0,3.4540000000000077
2006-11-26 14:00:00,0.0,0.0,50.07,47.33,40.3,47.834,89.86599999999999,0.0,0.0
2006-11-26 15:00:00,0.0,0.0,50.38,46.8,40.97,38.022,90.0,10.128,0.0
2006-11-26 16:00:00,0.0,0.0,52.05,48.81,43.28,32.329,90.0,21.811000000000014,0.0
2006-11-26 17:00:00,0.0,0.0,52.45,52.03,45.06,33.03,90.0,26.51000000000002,0.0
2006-11-26 18:00:00,0.0,0.0,50.75,51.96,44.85,38.77,90.0,18.790000000000006,0.0
2006-11-26 19:00:00,0.0,0.0,47.48,49.34,43.18,43.524,90.0,6.475999999999999,0.0
2006-11-26 20:00:00,0.0,0.0,44.37,47.77,40.51,47.77799999999999,85.51728808864272,0.0,0.645288088642725
2006-11-26 21:00:00,0.0,0.0,41.58,48.33,36.86,50.785000000000004,90.0,0.0,14.015000000000015
2006-11-26 22:00:00,0.0,0.0,38.14,47.3,32.94,52.17399999999999,90.0,0.0,23.79400000000001
2006-11-26 23:00:00,0.0,0.0,35.61,44.45,29.34,53.106,90.0,0.0,33.70599999999999
2006-11-27 00:00:00,0.0,0.0,46.17,49.59,28.61,53.157,90.0,0.0,18.786999999999995
2006-11-27 01:00:00,0.0,0.0,45.68,47.72,27.19,53.252,90.0,0.0,22.662
2006-11-27 02:00:00,0.0,0.0,46.15,45.86,25.91,53.516999999999996,70.0,0.0,5.597000000000001
2006-11-27 03:00:00,0.0,0.0,47.88,45.95,25.24,54.019999999999996,90.0,0.0,24.95
2006-11-27 04:00:00,0.0,0.0,51.62,48.47,24.96,53.693,71.357,0.0,0.0
2006-11-27 05:00:00,0.0,0.0,56.63,52.38,26.97,54.333,90.0,0.0,8.352999999999998
2006-11-27 06:00:00,0.0,0.0,60.86,55.92,31.89,54.713,90.0,2.290333333333333,0.0
2006-11-27 07:00:00,0.0,0.0,63.01,57.84,36.78,55.515,90.0,8.781666666666695,0.0
2006-11-27 08:00:00,0.0,0.0,64.45,58.93,39.42,60.57,90.0,9.140491666666515,0.0
2006-11-27 09:00:00,0.0,0.0,65.78,59.38,40.74,69.48199999999999,90.0,4.751333333333349,0.0
2006-11-27 10:00:00,0.0,0.0,66.15,59.8,41.3,75.99699999999999,90.0,0.0,0.0
2006-11-27 11:00:00,0.0,0.0,65.39,59.36,41.6,80.295,90.0,0.0,3.944999999999979
2006-11-27 12:00:00,0.0,0.0,64.15,57.96,41.56,80.924,90.0,0.0,7.253999999999984
2006-11-27 13:00:00,0.0,0.0,63.0,56.19,41.15,76.18299999999999,90.0,0.0,5.842999999999995
2006-11-27 14:00:00,0.0,0.0,62.2,54.58,40.94,66.129,90.0,0.0,0.0
2006-11-27 15:00:00,0.0,0.0,62.51,54.05,41.6,59.449,90.0,7.044333333333313,0.0
2006-11-27 16:00:00,0.0,0.0,64.2,56.08,43.92,56.51,90.0,16.023333333333355,0.0
2006-11-27 17:00:00,0.0,0.0,64.61,59.32,45.72,54.538999999999994,90.0,20.111000000000004,0.0
2006-11-27 18:00:00,0.0,0.0,62.91,59.28,45.5,55.956,90.0,20.067333333333337,0.0
2006-11-27 19:00:00,0.0,0.0,59.64,56.64,43.83,57.196000000000005,90.0,11.24733333333334,0.0
2006-11-27 20:00:00,0.0,0.0,56.54,55.03,41.16,56.75399999999999,90.0,2.6426666666666847,0.0
2006-11-27 21:00:00,0.0,0.0,53.76,55.58,37.52,56.043,90.0,0.0,0.0
2006-11-27 22:00:00,0.0,0.0,50.32,54.61,33.59,55.394999999999996,90.0,0.0,6.874999999999986
2006-11-27 23:00:00,0.0,0.0,47.77,51.77,30.0,54.485,90.0,0.0,14.944999999999993
2006-11-28 00:00:00,0.0,0.0,48.31,52.02,30.01,53.42399999999999,90.0,0.0,13.083999999999989
2006-11-28 01:00:00,0.0,0.0,47.8,50.16,28.58,52.509,90.0,0.0,15.969000000000008
2006-11-28 02:00:00,0.0,0.0,48.26,48.28,27.29,51.79,90.0,0.0,17.959999999999994
2006-11-28 03:00:00,0.0,0.0,49.97,48.34,26.62,51.569,90.0,0.0,16.63899999999998
2006-11-28 04:00:00,0.0,0.0,53.66,50.84,26.31,51.315000000000005,90.0,0.0,10.504999999999995
2006-11-28 05:00:00,0.0,0.0,58.67,54.76,28.29,51.830999999999996,90.0,0.0,0.11100000000001842
2006-11-28 06:00:00,0.0,0.0,62.92,58.32,33.21,51.528999999999996,97.921,0.0,0.0
2006-11-28 07:00:00,0.0,0.0,65.09,60.25,38.11,51.31,107.13999999999999,0.0,0.0
2006-11-28 08:00:00,0.0,0.0,66.53,61.34,40.76,53.24399999999999,110.38600000000002,0.0,0.0
2006-11-28 09:00:00,0.0,0.0,67.86,61.79,42.1,57.318,109.43199999999999,0.0,0.0
2006-11-28 10:00:00,0.0,0.0,68.24,62.2,42.66,63.38399999999999,104.71600000000001,0.0,0.0
2006-11-28 11:00:00,0.0,0.0,67.5,61.77,42.97,68.57,98.66999999999999,0.0,0.0
2006-11-28 12:00:00,0.0,0.0,66.26,60.37,42.94,69.317,90.0,5.253,0.0
2006-11-28 13:00:00,0.0,0.0,65.1,58.58,42.53,65.86,95.35,0.0,0.0
2006-11-28 14:00:00,0.0,0.0,64.3,56.96,42.32,56.767,90.0,11.813000000000002,0.0
2006-11-28 15:00:00,0.0,0.0,64.62,56.43,42.97,46.892,112.128,0.0,0.0
2006-11-28 16:00:00,0.0,0.0,66.33,58.47,45.3,42.762,115.0,7.338000000000003,0.0
2006-11-28 17:00:00,0.0,0.0,66.75,61.74,47.11,44.043000000000006,90.0,36.557,0.0
2006-11-28 18:00:00,0.0,0.0,65.06,61.72,46.9,44.055,124.625,0.0,0.0
2006-11-28 19:00:00,0.0,0.0,61.78,59.07,45.22,43.66,115.0,2.4100000000000055,0.0
2006-11-28 20:00:00,0.0,0.0,58.68,57.4,42.55,42.095,111.53500000000001,0.0,0.0
2006-11-28 21:00:00,0.0,0.0,55.94,57.96,38.91,39.569,108.241,0.0,0.0
2006-11-28 22:00:00,0.0,0.0,52.48,57.04,34.98,38.266999999999996,101.23299999999998,0.0,0.0
2006-11-28 23:00:00,0.0,0.0,49.92,54.2,31.39,35.882000000000005,94.62800000000003,0.0,0.0
2006-11-29 00:00:00,0.0,0.0,48.72,56.88,31.31,34.934999999999995,96.97500000000002,0.0,0.0
2006-11-29 01:00:00,0.0,0.0,48.2,55.03,29.87,36.019,92.08100000000002,0.0,0.0
2006-11-29 02:00:00,0.0,0.0,48.64,53.12,28.57,37.37,90.0,0.0,2.0400000000000063
2006-11-29 03:00:00,0.0,0.0,50.32,53.15,27.89,39.339,90.0,0.0,2.978999999999999
2006-11-29 04:00:00,0.0,0.0,53.97,55.64,27.56,40.528999999999996,91.64099999999999,0.0,0.0
2006-11-29 05:00:00,0.0,0.0,58.98,59.57,29.51,41.55999999999999,101.5,0.0,0.0
2006-11-29 06:00:00,0.0,0.0,63.26,63.15,34.41,41.910999999999994,110.0,3.909000000000006,0.0
2006-11-29 07:00:00,0.0,0.0,65.44,65.09,39.33,43.417,121.44299999999998,0.0,0.0
2006-11-29 08:00:00,0.0,0.0,66.88,66.18,41.99,48.391999999999996,121.65800000000004,0.0,0.0
2006-11-29 09:00:00,0.0,0.0,68.2,66.61,43.35,58.193000000000005,90.0,24.966999999999985,0.0
2006-11-29 10:00:00,0.0,0.0,68.61,67.02,43.92,64.446,110.10400000000003,0.0,0.0
2006-11-29 11:00:00,0.0,0.0,67.87,66.6,44.23,68.082,90.0,15.617999999999995,0.0
2006-11-29 12:00:00,0.0,0.0,66.63,65.19,44.21,70.042,100.988,0.0,0.0
2006-11-29 13:00:00,0.0,0.0,65.47,63.39,43.8,67.46300000000001,100.19699999999999,0.0,0.0
2006-11-29 14:00:00,0.0,0.0,64.68,61.77,43.6,58.74900000000001,106.301,0.0,0.0
2006-11-29 15:00:00,0.0,0.0,65.0,61.24,44.23,50.071,90.0,25.398999999999997,0.0
2006-11-29 16:00:00,0.0,0.0,66.73,63.28,46.57,44.851000000000006,126.72900000000001,0.0,0.0
2006-11-29 17:00:00,0.0,0.0,67.17,66.58,48.4,42.671,115.0,19.478999999999985,0.0
2006-11-29 18:00:00,0.0,0.0,65.48,66.59,48.19,43.364999999999995,90.0,41.89500000000001,0.0
2006-11-29 19:00:00,0.0,0.0,62.19,63.92,46.5,44.157000000000004,123.45299999999997,0.0,0.0
2006-11-29 20:00:00,0.0,0.0,59.1,62.2,43.83,45.556,90.0,24.573999999999998,0.0
2006-11-29 21:00:00,0.0,0.0,56.38,62.75,40.19,46.025999999999996,108.29400000000001,0.0,0.0
2006-11-29 22:00:00,0.0,0.0,52.92,61.89,36.27,46.946999999999996,99.13300000000001,0.0,0.0
2006-11-29 23:00:00,0.0,0.0,50.34,59.06,32.68,47.626000000000005,90.0,0.0,0.5459999999999923
2006-11-30 00:00:00,0.0,0.0,48.75,60.25,30.69,47.449,90.0,0.0,2.7590000000000146
2006-11-30 01:00:00,0.0,0.0,48.22,58.41,29.24,47.727000000000004,90.0,0.0,6.856999999999999
2006-11-30 02:00:00,0.0,0.0,48.65,56.48,27.92,48.269000000000005,90.0,0.0,10.219000000000003
2006-11-30 03:00:00,0.0,0.0,50.31,56.48,27.24,49.657,90.0,0.0,10.626999999999995
2006-11-30 04:00:00,0.0,0.0,53.9,58.95,26.89,49.421,90.0,0.0,4.681000000000012
2006-11-30 05:00:00,0.0,0.0,58.91,62.89,28.8,50.516,95.08399999999997,0.0,0.0
2006-11-30 06:00:00,0.0,0.0,63.21,66.5,33.69,49.072,109.328,0.0,0.0
2006-11-30 07:00:00,0.0,0.0,65.42,68.43,38.63,47.486000000000004,119.99399999999999,0.0,0.0
2006-11-30 08:00:00,0.0,0.0,66.85,69.53,41.31,50.333999999999996,122.35600000000001,0.0,0.0
2006-11-30 09:00:00,0.0,0.0,68.18,69.96,42.69,57.884,117.946,0.0,0.0
2006-11-30 10:00:00,0.0,0.0,68.6,70.35,43.27,60.922000000000004,90.0,26.298000000000002,0.0
2006-11-30 11:00:00,0.0,0.0,67.86,69.95,43.58,65.414,110.976,0.0,0.0
2006-11-30 12:00:00,0.0,0.0,66.63,68.53,43.56,64.80100000000002,108.91900000000001,0.0,0.0
2006-11-30 13:00:00,0.0,0.0,65.47,66.72,43.16,59.60999999999999,110.0,0.7399999999999949,0.0
2006-11-30 14:00:00,0.0,0.0,64.68,65.09,42.95,51.80999999999999,115.91000000000001,0.0,0.0
2006-11-30 15:00:00,0.0,0.0,65.01,64.55,43.58,45.164,122.97600000000003,0.0,0.0
2006-11-30 16:00:00,0.0,0.0,66.76,66.61,45.93,40.999,115.0,18.301,0.0
2006-11-30 17:00:00,0.0,0.0,67.2,69.94,47.77,43.54,115.0,21.370000000000005,0.0
2006-11-30 18:00:00,0.0,0.0,65.53,69.97,47.56,46.644000000000005,95.59802999999997,35.817970000000045,0.0
2006-11-30 19:00:00,0.0,0.0,62.23,67.28,45.87,48.182,122.19800000000001,0.0,0.0
2006-11-30 20:00:00,0.0,0.0,59.14,65.52,43.19,49.340999999999994,113.509,0.0,0.0
2006-11-30 21:00:00,0.0,0.0,56.45,66.06,39.55,50.566,106.494,0.0,0.0
2006-11-30 22:00:00,0.0,0.0,52.97,65.26,35.64,51.825,97.045,0.0,0.0
2006-11-30 23:00:00,0.0,0.0,50.38,62.43,32.05,54.964000000000006,90.0,0.0,3.437333333333342
2006-12-01 00:00:00,0.0,0.0,47.51,56.16,30.41,57.508,90.0,0.0,18.428000000000008
2006-12-01 01:00:00,0.0,0.0,46.96,54.34,28.94,60.823,90.0,0.0,22.24966666666666
2006-12-01 02:00:00,0.0,0.0,47.37,52.36,27.6,62.106,90.0,0.0,28.10933333333333
2006-12-01 03:00:00,0.0,0.0,48.97,52.3,26.9,62.745999999999995,90.0,0.0,29.576
2006-12-01 04:00:00,0.0,0.0,52.47,54.73,26.51,62.376000000000005,90.0,0.0,21.21893074792244
2006-12-01 05:00:00,0.0,0.0,57.47,58.69,28.36,61.992999999999995,90.0,0.0,9.13966666666667
2006-12-01 06:00:00,0.0,0.0,61.83,62.36,33.22,61.769000000000005,90.0,0.6409999999999911,0.0
2006-12-01 07:00:00,0.0,0.0,64.07,64.29,38.19,61.227000000000004,90.0,10.32299999999999,0.0
2006-12-01 08:00:00,0.0,0.0,65.5,65.39,40.9,63.842,90.0,12.947999999999988,0.0
2006-12-01 09:00:00,0.0,0.0,66.82,65.81,42.32,67.83000000000001,90.0,12.11999999999999,0.0
2006-12-01 10:00:00,0.0,0.0,67.28,66.18,42.92,72.454,90.0,8.92600000000003,0.0
2006-12-01 11:00:00,0.0,0.0,66.56,65.81,43.23,77.01299999999999,90.0,3.5870000000000077,0.0
2006-12-01 12:00:00,0.0,0.0,65.33,64.37,43.23,78.84299999999999,90.0,0.0,0.912999999999971
2006-12-01 13:00:00,0.0,0.0,64.16,62.55,42.83,77.293,90.0,0.0,2.7530000000000143
2006-12-01 14:00:00,0.0,0.0,63.39,60.89,42.62,70.846,90.0,1.0539999999999852,0.0
2006-12-01 15:00:00,0.0,0.0,63.72,60.36,43.23,66.027,90.0,6.2829999999999835,0.0
2006-12-01 16:00:00,0.0,0.0,65.51,62.43,45.59,62.135000000000005,90.0,16.395000000000014,0.0
2006-12-01 17:00:00,0.0,0.0,65.98,65.82,47.47,62.451,90.0,21.819000000000017,0.0
2006-12-01 18:00:00,0.0,0.0,64.32,65.9,47.26,64.153,90.0,18.326999999999984,0.0
2006-12-01 19:00:00,0.0,0.0,61.0,63.17,45.56,65.43900000000001,90.0,9.291000000000002,0.0
2006-12-01 20:00:00,0.0,0.0,57.92,61.32,42.87,66.24199999999999,90.0,0.8680000000000181,0.0
2006-12-01 21:00:00,0.0,0.0,55.28,61.85,39.25,65.394,90.0,0.0,0.0
2006-12-01 22:00:00,0.0,0.0,51.79,61.17,35.33,63.461999999999996,84.828,0.0,0.0
2006-12-01 23:00:00,0.0,0.0,49.17,58.35,31.75,62.863,76.40700000000001,0.0,0.0
2006-12-02 00:00:00,0.0,0.0,39.4,49.43,29.33,62.417,55.74299999999999,0.0,0.0
2006-12-02 01:00:00,0.0,0.0,38.83,47.63,27.85,62.011,52.299000000000014,0.0,0.0
2006-12-02 02:00:00,0.0,0.0,39.23,45.62,26.5,61.37,50.0,0.0,0.020000000000010232
2006-12-02 03:00:00,0.0,0.0,40.81,45.53,25.79,61.037,51.093,0.0,0.0
2006-12-02 04:00:00,0.0,0.0,44.25,47.94,25.38,62.372,55.19800000000001,0.0,0.0
2006-12-02 05:00:00,0.0,0.0,49.26,51.92,27.19,63.6,70.0,0.0,5.230000000000004
2006-12-02 06:00:00,0.0,0.0,53.65,55.6,32.05,63.965,77.33500000000001,0.0,0.0
2006-12-02 07:00:00,0.0,0.0,55.9,57.55,37.03,64.991,85.48899999999999,0.0,0.0
2006-12-02 08:00:00,0.0,0.0,57.33,58.64,39.75,67.923,87.79699999999998,0.0,0.0
2006-12-02 09:00:00,0.0,0.0,58.65,59.05,41.19,74.55499999999999,84.33499999999998,0.0,0.0
2006-12-02 10:00:00,0.0,0.0,59.12,59.42,41.8,80.16300000000001,80.17699999999999,0.0,0.0
2006-12-02 11:00:00,0.0,0.0,58.41,59.06,42.12,83.985,75.60500000000002,0.0,0.0
2006-12-02 12:00:00,0.0,0.0,57.18,57.61,42.13,85.73299999999999,79.47938227146808,0.0,8.292382271468082
2006-12-02 13:00:00,0.0,0.0,56.01,55.78,41.73,84.44500000000001,69.075,0.0,0.0
2006-12-02 14:00:00,0.0,0.0,55.25,54.11,41.52,75.91899999999998,74.961,0.0,0.0
2006-12-02 15:00:00,0.0,0.0,55.58,53.58,42.11,67.029,84.24100000000001,0.0,0.0
2006-12-02 16:00:00,0.0,0.0,57.39,55.66,44.48,65.895,90.0,1.6349999999999747,0.0
2006-12-02 17:00:00,0.0,0.0,57.87,59.08,46.38,65.97699999999999,90.0,7.352999999999987,0.0
2006-12-02 18:00:00,0.0,0.0,56.22,59.19,46.17,68.34599999999999,90.0,3.2339999999999947,0.0
2006-12-02 19:00:00,0.0,0.0,52.89,56.44,44.46,69.782,84.00800000000001,0.0,0.0
2006-12-02 20:00:00,0.0,0.0,49.81,54.54,41.77,69.18100000000001,76.939,0.0,0.0
2006-12-02 21:00:00,0.0,0.0,47.2,55.07,38.15,67.156,73.264,0.0,0.0
2006-12-02 22:00:00,0.0,0.0,43.7,54.44,34.23,62.498,69.87199999999999,0.0,0.0
2006-12-02 23:00:00,0.0,0.0,41.06,51.62,30.65,52.88399999999999,70.446,0.0,0.0
2006-12-03 00:00:00,0.0,0.0,34.96,46.01,28.24,50.204,59.00600000000001,0.0,0.0
2006-12-03 01:00:00,0.0,0.0,34.37,44.21,26.75,46.411,78.91900000000001,0.0,20.0
2006-12-03 02:00:00,0.0,0.0,34.76,42.18,25.39,45.26199999999999,57.067999999999984,0.0,0.0
2006-12-03 03:00:00,0.0,0.0,36.32,42.06,24.67,43.565,70.0,0.0,10.514999999999986
2006-12-03 04:00:00,0.0,0.0,39.71,44.46,24.24,44.572,90.0,0.0,26.16200000000002
2006-12-03 05:00:00,0.0,0.0,44.72,48.44,26.02,53.349,65.83099999999999,0.0,0.0
2006-12-03 06:00:00,0.0,0.0,49.13,52.15,30.86,61.754000000000005,70.386,0.0,0.0
2006-12-03 07:00:00,0.0,0.0,51.4,54.1,35.86,63.169999999999995,90.0,0.0,11.809999999999974
2006-12-03 08:00:00,0.0,0.0,52.83,55.19,38.6,72.926,73.694,0.0,0.0
2006-12-03 09:00:00,0.0,0.0,54.15,55.6,40.06,83.898,65.912,0.0,0.0
2006-12-03 10:00:00,0.0,0.0,54.64,55.95,40.67,97.808,53.452,0.0,0.0
2006-12-03 11:00:00,0.0,0.0,53.94,55.61,41.0,105.34799999999998,45.20199999999998,0.0,0.0
2006-12-03 12:00:00,0.0,0.0,52.71,54.15,41.01,102.53600000000002,45.33399999999998,0.0,0.0
2006-12-03 13:00:00,0.0,0.0,51.54,52.31,40.62,94.16299999999998,50.307,0.0,0.0
2006-12-03 14:00:00,0.0,0.0,50.77,50.64,40.4,87.66399999999999,54.146,0.0,0.0
2006-12-03 15:00:00,0.0,0.0,51.12,50.1,40.98,83.84,58.359999999999985,0.0,0.0
2006-12-03 16:00:00,0.0,0.0,52.95,52.19,43.37,78.798,69.71200000000002,0.0,0.0
2006-12-03 17:00:00,0.0,0.0,53.44,55.63,45.28,75.057,79.293,0.0,0.0
2006-12-03 18:00:00,0.0,0.0,51.79,55.77,45.08,76.539,76.10099999999998,0.0,0.0
2006-12-03 19:00:00,0.0,0.0,48.45,53.01,43.36,78.07000000000001,66.75,0.0,0.0
2006-12-03 20:00:00,0.0,0.0,45.38,51.06,40.67,82.299,54.81100000000002,0.0,0.0
2006-12-03 21:00:00,0.0,0.0,42.79,51.58,37.05,84.15700000000001,47.26299999999999,0.0,0.0
2006-12-03 22:00:00,0.0,0.0,39.29,51.01,33.13,85.251,70.0,0.0,31.820999999999998
2006-12-03 23:00:00,0.0,0.0,36.63,48.2,29.55,83.883,30.497,0.0,0.0
2006-12-04 00:00:00,0.0,0.0,46.36,49.55,30.09,82.04500000000002,50.0,0.0,6.045000000000002
2006-12-04 01:00:00,0.0,0.0,45.76,47.77,28.6,80.47,41.66,0.0,0.0
2006-12-04 02:00:00,0.0,0.0,46.14,45.71,27.22,79.05600000000001,80.01399999999998,0.0,40.0
2006-12-04 03:00:00,0.0,0.0,47.67,45.56,26.5,77.972,41.757999999999996,0.0,0.0
2006-12-04 04:00:00,0.0,0.0,51.02,47.94,26.05,76.785,48.224999999999994,0.0,0.0
2006-12-04 05:00:00,0.0,0.0,56.02,51.93,27.79,76.408,59.332000000000015,0.0,0.0
2006-12-04 06:00:00,0.0,0.0,60.46,55.67,32.63,76.285,72.475,0.0,0.0
2006-12-04 07:00:00,0.0,0.0,62.75,57.61,37.64,76.075,81.92500000000001,0.0,0.0
2006-12-04 08:00:00,0.0,0.0,64.17,58.71,40.39,79.92,83.35,0.0,0.0
2006-12-04 09:00:00,0.0,0.0,65.49,59.11,41.87,87.583,78.88699999999999,0.0,0.0
2006-12-04 10:00:00,0.0,0.0,66.0,59.46,42.49,97.43199999999999,70.518,0.0,0.0
2006-12-04 11:00:00,0.0,0.0,65.3,59.13,42.82,104.652,70.0,0.0,7.402000000000012
2006-12-04 12:00:00,0.0,0.0,64.08,57.66,42.85,104.88700000000001,59.702999999999975,0.0,0.0
2006-12-04 13:00:00,0.0,0.0,62.9,55.82,42.45,100.259,90.0,0.0,29.089000000000002
2006-12-04 14:00:00,0.0,0.0,62.15,54.13,42.24,94.17999999999999,64.34000000000002,0.0,0.0
2006-12-04 15:00:00,0.0,0.0,62.49,53.59,42.8,87.67699999999999,71.20300000000002,0.0,0.0
2006-12-04 16:00:00,0.0,0.0,64.35,55.69,45.2,78.878,86.362,0.0,0.0
2006-12-04 17:00:00,0.0,0.0,64.85,59.16,47.13,71.608,90.0,9.531999999999975,0.0
2006-12-04 18:00:00,0.0,0.0,63.21,59.32,46.93,69.383,90.0,10.076999999999998,0.0
2006-12-04 19:00:00,0.0,0.0,59.86,56.54,45.2,70.129,90.0,1.4709999999999894,0.0
2006-12-04 20:00:00,0.0,0.0,56.79,54.54,42.51,71.03699999999999,82.80299999999998,0.0,0.0
2006-12-04 21:00:00,0.0,0.0,54.23,55.06,38.89,73.678,74.502,0.0,0.0
2006-12-04 22:00:00,0.0,0.0,50.72,54.55,34.98,76.101,64.14899999999999,0.0,0.0
2006-12-04 23:00:00,0.0,0.0,48.04,51.74,31.4,78.195,70.0,0.0,17.014999999999986
2006-12-05 00:00:00,0.0,0.0,46.88,48.47,30.3,81.88899999999998,43.76100000000001,0.0,0.0
2006-12-05 01:00:00,0.0,0.0,46.28,46.7,28.79,83.599,50.0,0.0,11.829000000000008
2006-12-05 02:00:00,0.0,0.0,46.64,44.62,27.4,85.358,33.302,0.0,0.0
2006-12-05 03:00:00,0.0,0.0,48.15,44.44,26.67,86.831,40.0,0.0,7.570999999999998
2006-12-05 04:00:00,0.0,0.0,51.44,46.79,26.2,87.198,37.232000000000006,0.0,0.0
2006-12-05 05:00:00,0.0,0.0,56.44,50.79,27.91,87.39899999999999,47.741,0.0,0.0
2006-12-05 06:00:00,0.0,0.0,60.91,54.56,32.73,88.517,66.9683545706371,0.0,7.28535457063711
2006-12-05 07:00:00,0.0,0.0,63.21,56.51,37.76,89.84400000000002,67.63599999999995,0.0,0.0
2006-12-05 08:00:00,0.0,0.0,64.64,57.61,40.53,91.47300000000001,71.307,0.0,0.0
2006-12-05 09:00:00,0.0,0.0,65.96,58.0,42.03,98.195,67.79499999999999,0.0,0.0
2006-12-05 10:00:00,0.0,0.0,66.48,58.34,42.66,105.15799999999999,62.32200000000001,0.0,0.0
2006-12-05 11:00:00,0.0,0.0,65.79,58.02,42.99,109.935,70.0,0.0,13.135000000000003
2006-12-05 12:00:00,0.0,0.0,64.57,56.54,43.02,111.231,52.89900000000001,0.0,0.0
2006-12-05 13:00:00,0.0,0.0,63.39,54.69,42.63,106.88499999999999,53.825,0.0,0.0
2006-12-05 14:00:00,0.0,0.0,62.64,52.99,42.41,99.298,58.74200000000001,0.0,0.0
2006-12-05 15:00:00,0.0,0.0,62.99,52.45,42.97,91.345,67.065,0.0,0.0
2006-12-05 16:00:00,0.0,0.0,64.87,54.56,45.37,87.661,77.13900000000001,0.0,0.0
2006-12-05 17:00:00,0.0,0.0,65.38,58.06,47.32,84.906,85.85399999999997,0.0,0.0
2006-12-05 18:00:00,0.0,0.0,63.75,58.25,47.12,83.986,85.13400000000001,0.0,0.0
2006-12-05 19:00:00,0.0,0.0,60.39,55.45,45.39,83.221,78.009,0.0,0.0
2006-12-05 20:00:00,0.0,0.0,57.32,53.41,42.69,83.556,70.0,0.0,0.136000000000017
2006-12-05 21:00:00,0.0,0.0,54.79,53.92,39.07,84.12500000000001,63.65499999999999,0.0,0.0
2006-12-05 22:00:00,0.0,0.0,51.27,53.47,35.17,83.582,70.0,0.0,13.67199999999999
2006-12-05 23:00:00,0.0,0.0,48.58,50.66,31.59,84.08500000000001,70.0,0.0,23.254999999999995
2006-12-06 00:00:00,0.0,0.0,48.26,56.74,33.07,84.614,53.45599999999998,0.0,0.0
2006-12-06 01:00:00,0.0,0.0,47.64,54.98,31.56,85.17699999999999,49.00299999999999,0.0,0.0
2006-12-06 02:00:00,0.0,0.0,47.99,52.87,30.15,86.458,44.55200000000001,0.0,0.0
2006-12-06 03:00:00,0.0,0.0,49.48,52.67,29.41,86.825,70.0,0.0,25.265
2006-12-06 04:00:00,0.0,0.0,52.72,55.0,28.93,85.36699999999999,51.283,0.0,0.0
2006-12-06 05:00:00,0.0,0.0,57.72,59.02,30.6,84.489,62.851000000000006,0.0,0.0
2006-12-06 06:00:00,0.0,0.0,62.22,62.81,35.41,81.423,79.017,0.0,0.0
2006-12-06 07:00:00,0.0,0.0,64.54,64.76,40.46,78.226,90.0,1.5340000000000202,0.0
2006-12-06 08:00:00,0.0,0.0,65.96,65.86,43.23,77.37299999999999,90.0,7.6769999999999925,0.0
2006-12-06 09:00:00,0.0,0.0,67.28,66.25,44.76,82.75099999999999,90.0,5.5390000000000015,0.0
2006-12-06 10:00:00,0.0,0.0,67.82,66.57,45.39,90.249,90.0,0.0,0.4690000000000225
2006-12-06 11:00:00,0.0,0.0,67.14,66.27,45.73,95.942,83.19800000000001,0.0,0.0
2006-12-06 12:00:00,0.0,0.0,65.91,64.78,45.77,98.74199999999999,77.71799999999999,0.0,0.0
2006-12-06 13:00:00,0.0,0.0,64.74,62.92,45.38,96.36099999999999,76.67899999999999,0.0,0.0
2006-12-06 14:00:00,0.0,0.0,63.99,61.21,45.16,90.24900000000001,80.11099999999999,0.0,0.0
2006-12-06 15:00:00,0.0,0.0,64.34,60.67,45.71,80.66,90.0,0.060000000000030695,0.0
2006-12-06 16:00:00,0.0,0.0,66.24,62.79,48.12,73.295,90.0,13.854999999999976,0.0
2006-12-06 17:00:00,0.0,0.0,66.76,66.32,50.08,66.906,90.0,26.254000000000005,0.0
2006-12-06 18:00:00,0.0,0.0,65.14,66.54,49.88,68.516,90.0,23.044000000000015,0.0
2006-12-06 19:00:00,0.0,0.0,61.77,63.72,48.15,70.9,90.0,12.740000000000009,0.0
2006-12-06 20:00:00,0.0,0.0,58.71,61.62,45.45,73.317,90.0,2.463000000000001,0.0
2006-12-06 21:00:00,0.0,0.0,56.21,62.14,41.83,73.765,86.41499999999999,0.0,0.0
2006-12-06 22:00:00,0.0,0.0,52.67,61.74,37.93,74.37100000000001,77.96900000000002,0.0,0.0
2006-12-06 23:00:00,0.0,0.0,49.97,58.94,34.35,74.51899999999999,68.74099999999999,0.0,0.0
2006-12-07 00:00:00,0.0,0.0,48.71,58.06,32.43,76.42,82.78,0.0,20.0
2006-12-07 01:00:00,0.0,0.0,48.08,56.31,30.91,77.795,57.50500000000001,0.0,0.0
2006-12-07 02:00:00,0.0,0.0,48.42,54.18,29.49,77.473,54.617,0.0,0.0
2006-12-07 03:00:00,0.0,0.0,49.88,53.94,28.75,79.298,53.272000000000006,0.0,0.0
2006-12-07 04:00:00,0.0,0.0,53.07,56.26,28.24,79.763,57.807,0.0,0.0
2006-12-07 05:00:00,0.0,0.0,58.07,60.28,29.88,79.84400000000001,70.0,0.0,1.6140000000000043
2006-12-07 06:00:00,0.0,0.0,62.6,64.1,34.68,83.018,78.36200000000001,0.0,0.0
2006-12-07 07:00:00,0.0,0.0,64.93,66.05,39.74,86.02200000000002,90.0,0.0,5.302000000000007
2006-12-07 08:00:00,0.0,0.0,66.35,67.16,42.53,89.99699999999999,86.043,0.0,0.0
2006-12-07 09:00:00,0.0,0.0,67.67,67.54,44.08,94.98200000000001,84.30800000000002,0.0,0.0
2006-12-07 10:00:00,0.0,0.0,68.23,67.85,44.72,98.738,82.062,0.0,0.0
2006-12-07 11:00:00,0.0,0.0,67.55,67.56,45.06,98.99600000000001,81.17399999999999,0.0,0.0
2006-12-07 12:00:00,0.0,0.0,66.33,66.07,45.11,97.396,80.114,0.0,0.0
2006-12-07 13:00:00,0.0,0.0,65.15,64.2,44.72,93.981,80.089,0.0,0.0
2006-12-07 14:00:00,0.0,0.0,64.41,62.48,44.5,91.86699999999999,79.523,0.0,0.0
2006-12-07 15:00:00,0.0,0.0,64.77,61.94,45.04,87.25700000000002,84.49299999999997,0.0,0.0
2006-12-07 16:00:00,0.0,0.0,66.69,64.06,47.46,86.63900000000001,90.0,1.570999999999998,0.0
2006-12-07 17:00:00,0.0,0.0,67.22,67.62,49.43,87.235,90.0,7.035000000000025,0.0
2006-12-07 18:00:00,0.0,0.0,65.6,67.87,49.24,90.50900000000001,90.0,2.201000000000022,0.0
2006-12-07 19:00:00,0.0,0.0,62.22,65.03,47.5,90.125,84.625,0.0,0.0
2006-12-07 20:00:00,0.0,0.0,59.17,62.89,44.79,90.17599999999999,76.67399999999998,0.0,0.0
2006-12-07 21:00:00,0.0,0.0,56.69,63.39,41.18,90.386,70.874,0.0,0.0
2006-12-07 22:00:00,0.0,0.0,53.15,63.05,37.28,90.41300000000001,90.0,0.0,26.933000000000007
2006-12-07 23:00:00,0.0,0.0,50.43,60.26,33.7,92.17800000000001,52.21199999999998,0.0,0.0
2006-12-08 00:00:00,0.0,0.0,46.81,56.12,33.09,93.387,42.633,0.0,0.0
2006-12-08 01:00:00,0.0,0.0,46.16,54.38,31.56,94.59100000000001,70.0,0.0,32.491000000000014
2006-12-08 02:00:00,0.0,0.0,46.49,52.22,30.13,93.256,90.0,0.0,54.41600000000001
2006-12-08 03:00:00,0.0,0.0,47.93,51.96,29.38,90.39,50.0,0.0,11.120000000000005
2006-12-08 04:00:00,0.0,0.0,51.07,54.26,28.85,87.05499999999999,47.12500000000001,0.0,0.0
2006-12-08 05:00:00,0.0,0.0,56.07,58.29,30.45,83.401,61.40900000000002,0.0,0.0
2006-12-08 06:00:00,0.0,0.0,60.62,62.13,35.25,82.298,75.70199999999997,0.0,0.0
2006-12-08 07:00:00,0.0,0.0,62.97,64.09,40.32,79.766,87.61399999999998,0.0,0.0
2006-12-08 08:00:00,0.0,0.0,64.39,65.19,43.12,78.64399999999999,90.0,4.055999999999997,0.0
2006-12-08 09:00:00,0.0,0.0,65.71,65.57,44.69,80.961,90.0,5.008999999999993,0.0
2006-12-08 10:00:00,0.0,0.0,66.28,65.88,45.34,83.023,90.0,4.47699999999999,0.0
2006-12-08 11:00:00,0.0,0.0,65.62,65.6,45.68,88.279,88.62099999999998,0.0,0.0
2006-12-08 12:00:00,0.0,0.0,64.4,64.1,45.74,94.709,79.53099999999999,0.0,0.0
2006-12-08 13:00:00,0.0,0.0,63.22,62.22,45.36,95.36500000000002,75.435,0.0,0.0
2006-12-08 14:00:00,0.0,0.0,62.48,60.49,45.13,92.09200000000001,76.00800000000001,0.0,0.0
2006-12-08 15:00:00,0.0,0.0,62.84,59.95,45.66,85.233,83.21700000000001,0.0,0.0
2006-12-08 16:00:00,0.0,0.0,64.78,62.08,48.09,80.6,90.0,4.3500000000000085,0.0
2006-12-08 17:00:00,0.0,0.0,65.32,65.67,50.08,81.373,90.0,9.696999999999989,0.0
2006-12-08 18:00:00,0.0,0.0,63.71,65.94,49.89,81.81,90.0,7.730000000000009,0.0
2006-12-08 19:00:00,0.0,0.0,60.33,63.08,48.14,82.94900000000001,88.60099999999998,0.0,0.0
2006-12-08 20:00:00,0.0,0.0,57.28,60.89,45.43,84.088,79.512,0.0,0.0
2006-12-08 21:00:00,0.0,0.0,54.82,61.39,41.83,82.676,75.36399999999999,0.0,0.0
2006-12-08 22:00:00,0.0,0.0,51.27,61.11,37.92,83.014,67.28600000000002,0.0,0.0
2006-12-08 23:00:00,0.0,0.0,48.54,58.32,34.35,82.451,58.759,0.0,0.0
2006-12-09 00:00:00,0.0,0.0,39.43,56.89,31.77,81.035,47.05500000000001,0.0,0.0
2006-12-09 01:00:00,0.0,0.0,38.77,55.16,30.23,76.725,70.0,0.0,22.564999999999984
2006-12-09 02:00:00,0.0,0.0,39.09,52.97,28.79,71.919,48.93099999999998,0.0,0.0
2006-12-09 03:00:00,0.0,0.0,40.5,52.68,28.03,66.044,55.16599999999999,0.0,0.0
2006-12-09 04:00:00,0.0,0.0,43.59,54.96,27.49,61.263,81.34662603878114,0.0,16.569626038781145
2006-12-09 05:00:00,0.0,0.0,48.59,59.0,29.05,56.260999999999996,80.37899999999998,0.0,0.0
2006-12-09 06:00:00,0.0,0.0,53.17,62.87,33.83,52.763,90.0,2.1069999999999967,0.0
2006-12-09 07:00:00,0.0,0.0,55.53,64.83,38.92,51.524,90.0,12.75600000000002,0.0
2006-12-09 08:00:00,0.0,0.0,56.95,65.94,41.74,52.856,90.0,16.774000000000026,0.0
2006-12-09 09:00:00,0.0,0.0,58.26,66.3,43.33,60.976,90.0,11.914000000000001,0.0
2006-12-09 10:00:00,0.0,0.0,58.86,66.6,43.99,68.465,90.0,5.985000000000026,0.0
2006-12-09 11:00:00,0.0,0.0,58.2,66.34,44.33,72.529,91.341,0.0,0.0
2006-12-09 12:00:00,0.0,0.0,56.98,64.83,44.4,73.28399999999999,90.0,0.0,2.0739999999999927
2006-12-09 13:00:00,0.0,0.0,55.8,62.94,44.02,69.43200000000002,90.0,0.0,1.671999999999997
2006-12-09 14:00:00,0.0,0.0,55.07,61.2,43.79,60.716,90.0,4.343999999999985,0.0
2006-12-09 15:00:00,0.0,0.0,55.44,60.66,44.3,49.198,106.20199999999998,0.0,0.0
2006-12-09 16:00:00,0.0,0.0,57.39,62.8,46.75,38.304,90.0,33.63599999999998,0.0
2006-12-09 17:00:00,0.0,0.0,57.95,66.42,48.75,31.248999999999995,90.0,46.87100000000001,0.0
2006-12-09 18:00:00,0.0,0.0,56.35,66.71,48.56,30.264,90.0,46.355999999999995,0.0
2006-12-09 19:00:00,0.0,0.0,52.95,63.84,46.81,28.392,95.26423500000011,34.943764999999914,0.0
2006-12-09 20:00:00,0.0,0.0,49.91,61.6,44.1,26.641,110.0,13.969000000000023,0.0
2006-12-09 21:00:00,0.0,0.0,47.48,62.1,40.49,25.713,90.0,29.357,0.0
2006-12-09 22:00:00,0.0,0.0,43.92,61.87,36.59,26.325000000000003,90.0,21.05500000000001,0.0
2006-12-09 23:00:00,0.0,0.0,41.17,59.09,33.02,29.967000000000002,90.0,8.313000000000024,0.0
2006-12-10 00:00:00,0.0,0.0,36.47,56.89,29.21,34.04900000000001,90.0,0.0,3.1456666666666777
2006-12-10 01:00:00,0.0,0.0,35.8,55.17,27.66,36.479,90.0,0.0,12.849000000000002
2006-12-10 02:00:00,0.0,0.0,36.1,52.96,26.21,37.582,90.0,0.0,13.978666666666669
2006-12-10 03:00:00,0.0,0.0,37.49,52.64,25.44,39.434,90.0,0.0,18.864000000000004
2006-12-10 04:00:00,0.0,0.0,40.53,54.9,24.87,40.028999999999996,90.0,0.0,14.729
2006-12-10 05:00:00,0.0,0.0,45.53,58.95,26.41,40.975,90.0,0.0,3.418333333333339
2006-12-10 06:00:00,0.0,0.0,50.14,62.85,31.18,42.114,90.0,7.056000000000012,0.0
2006-12-10 07:00:00,0.0,0.0,52.52,64.81,36.28,44.67,90.0,13.940000000000026,0.0
2006-12-10 08:00:00,0.0,0.0,53.93,65.92,39.12,50.28399999999999,90.0,13.685999999999993,0.0
2006-12-10 09:00:00,0.0,0.0,55.25,66.28,40.73,60.932,90.0,6.328,0.0
2006-12-10 10:00:00,0.0,0.0,55.86,66.57,41.39,73.3,90.0,0.0,3.772082179132478
2006-12-10 11:00:00,0.0,0.0,55.21,66.32,41.74,80.905,90.0,0.0,9.301666666666664
2006-12-10 12:00:00,0.0,0.0,53.99,64.8,41.81,83.13600000000001,90.0,0.0,14.202666666666687
2006-12-10 13:00:00,0.0,0.0,52.81,62.9,41.43,78.24000000000001,90.0,0.0,12.766666666666652
2006-12-10 14:00:00,0.0,0.0,52.08,61.15,41.21,69.426,90.0,0.0,8.319333333333347
2006-12-10 15:00:00,0.0,0.0,52.45,60.61,41.71,62.839,90.0,0.0,3.068999999999977
2006-12-10 16:00:00,0.0,0.0,54.43,62.76,44.16,59.54800000000001,90.0,6.801999999999986,0.0
2006-12-10 17:00:00,0.0,0.0,55.0,66.4,46.18,58.048,90.0,14.53200000000001,0.0
2006-12-10 18:00:00,0.0,0.0,53.4,66.73,45.99,58.038,90.0,13.082000000000022,0.0
2006-12-10 19:00:00,0.0,0.0,50.0,63.83,44.23,59.91100000000001,90.0,3.149000000000001,0.0
2006-12-10 20:00:00,0.0,0.0,46.96,61.55,41.52,61.972,90.0,0.0,3.6086666666666503
2006-12-10 21:00:00,0.0,0.0,44.56,62.04,37.92,63.718,90.0,0.0,12.531333333333322
2006-12-10 22:00:00,0.0,0.0,40.99,61.87,34.02,64.779,90.0,0.0,21.23233333333333
2006-12-10 23:00:00,0.0,0.0,38.22,59.09,30.45,66.406,90.0,0.0,31.97933333333333
2006-12-11 00:00:00,0.0,0.0,48.45,63.55,31.14,67.617,90.0,0.0,17.81033333333334
2006-12-11 01:00:00,0.0,0.0,47.77,61.84,29.58,68.393,90.0,0.0,24.202999999999975
2006-12-11 02:00:00,0.0,0.0,48.06,59.6,28.11,69.943,90.0,0.0,24.173000000000002
2006-12-11 03:00:00,0.0,0.0,49.42,59.25,27.34,71.64099999999999,90.0,0.0,30.630999999999986
2006-12-11 04:00:00,0.0,0.0,52.41,61.49,26.75,72.111,90.0,0.0,24.794333333333327
2006-12-11 05:00:00,0.0,0.0,57.42,65.56,28.25,74.01,90.0,0.0,17.779999999999973
2006-12-11 06:00:00,0.0,0.0,62.04,69.48,33.01,77.01899999999999,90.0,0.0,5.822333333333335
2006-12-11 07:00:00,0.0,0.0,64.44,71.44,38.13,76.90599999999999,90.0,2.1040000000000134,0.0
2006-12-11 08:00:00,0.0,0.0,65.86,72.55,40.98,81.96100000000001,90.0,2.4289999999999736,0.0
2006-12-11 09:00:00,0.0,0.0,67.17,72.9,42.61,89.634,90.0,0.0,0.28733333333335054
2006-12-11 10:00:00,0.0,0.0,67.8,73.18,43.28,94.59600000000002,90.0,0.0,3.669333333333327
2006-12-11 11:00:00,0.0,0.0,67.15,72.95,43.63,97.638,90.0,0.0,8.907999999999989
2006-12-11 12:00:00,0.0,0.0,65.94,71.42,43.72,97.45999999999998,90.0,0.0,11.379999999999995
2006-12-11 13:00:00,0.0,0.0,64.76,69.51,43.34,94.20100000000001,90.0,0.0,9.924333333333308
2006-12-11 14:00:00,0.0,0.0,64.04,67.75,43.11,88.458,90.0,0.0,8.557999999999979
2006-12-11 15:00:00,0.0,0.0,64.41,67.21,43.6,80.849,90.0,0.0,0.6290000000000218
2006-12-11 16:00:00,0.0,0.0,66.41,69.37,46.06,74.51500000000001,90.0,12.325000000000003,0.0
2006-12-11 17:00:00,0.0,0.0,66.98,73.04,48.1,73.22,90.0,19.900000000000006,0.0
2006-12-11 18:00:00,0.0,0.0,65.4,73.39,47.91,73.366,90.0,18.333999999999996,0.0
2006-12-11 19:00:00,0.0,0.0,61.98,70.48,46.15,73.07799999999999,90.0,10.532000000000007,0.0
2006-12-11 20:00:00,0.0,0.0,58.95,68.15,43.43,72.183,90.0,3.3470000000000084,0.0
2006-12-11 21:00:00,0.0,0.0,56.57,68.63,39.83,70.741,90.0,0.0,0.7110000000000127
2006-12-11 22:00:00,0.0,0.0,52.99,68.52,35.93,69.694,90.0,0.0,7.254000000000005
2006-12-11 23:00:00,0.0,0.0,50.21,65.75,32.37,67.849,90.0,0.0,11.185666666666648
2006-12-12 00:00:00,0.0,0.0,49.68,62.77,31.94,64.90899999999999,90.0,0.0,13.852333333333334
2006-12-12 01:00:00,0.0,0.0,48.99,61.07,30.37,61.782999999999994,90.0,0.0,14.68633333333333
2006-12-12 02:00:00,0.0,0.0,49.27,58.81,28.89,59.748,90.0,0.0,14.44466666666666
2006-12-12 03:00:00,0.0,0.0,50.6,58.42,28.11,58.78,90.0,0.0,14.983333333333334
2006-12-12 04:00:00,0.0,0.0,53.55,60.65,27.5,60.255,90.0,0.0,13.554999999999993
2006-12-12 05:00:00,0.0,0.0,58.55,64.72,28.97,60.3,90.0,0.0,0.0
2006-12-12 06:00:00,0.0,0.0,63.21,68.67,33.72,61.33,90.0,9.270000000000001,0.0
2006-12-12 07:00:00,0.0,0.0,65.62,70.63,38.85,61.172,90.0,18.92800000000001,0.0
2006-12-12 08:00:00,0.0,0.0,67.03,71.75,41.71,64.883,90.0,20.607000000000028,0.0
2006-12-12 09:00:00,0.0,0.0,68.34,72.1,43.37,67.03699999999999,90.0,21.773000000000025,0.0
2006-12-12 10:00:00,0.0,0.0,68.99,72.37,44.05,77.07200000000002,90.0,13.337999999999994,0.0
2006-12-12 11:00:00,0.0,0.0,68.35,72.15,44.4,82.96799999999998,90.0,6.932000000000016,0.0
2006-12-12 12:00:00,0.0,0.0,67.14,70.61,44.49,85.69500000000002,90.0,1.545000000000016,0.0
2006-12-12 13:00:00,0.0,0.0,65.95,68.7,44.11,82.31400000000002,90.0,1.4459999999999837,0.0
2006-12-12 14:00:00,0.0,0.0,65.24,66.92,43.89,72.97399999999999,90.0,8.075999999999993,0.0
2006-12-12 15:00:00,0.0,0.0,65.62,66.38,44.36,65.206,90.0,16.15400000000001,0.0
2006-12-12 16:00:00,0.0,0.0,67.64,68.55,46.83,63.226,90.0,24.794000000000004,0.0
2006-12-12 17:00:00,0.0,0.0,68.22,72.25,48.89,65.041,90.0,29.319000000000017,0.0
2006-12-12 18:00:00,0.0,0.0,66.64,72.63,48.7,67.23100000000001,90.0,25.73900000000001,0.0
2006-12-12 19:00:00,0.0,0.0,63.22,69.69,46.93,69.709,90.0,15.131000000000029,0.0
2006-12-12 20:00:00,0.0,0.0,60.19,67.31,44.21,71.78500000000001,90.0,4.925000000000011,0.0
2006-12-12 21:00:00,0.0,0.0,57.84,67.8,40.62,72.082,90.0,0.0,0.8220000000000027
2006-12-12 22:00:00,0.0,0.0,54.25,67.74,36.72,73.96600000000001,90.0,0.0,8.589333333333343
2006-12-12 23:00:00,0.0,0.0,51.45,64.97,33.16,75.132,90.0,0.0,20.552000000000007
2006-12-13 00:00:00,0.0,0.0,49.74,64.1,31.42,75.709,90.0,0.0,22.11566666666667
2006-12-13 01:00:00,0.0,0.0,49.03,62.41,29.85,75.478,90.0,0.0,27.52133333333333
2006-12-13 02:00:00,0.0,0.0,49.3,60.13,28.35,75.175,90.0,0.0,30.728333333333342
2006-12-13 03:00:00,0.0,0.0,50.61,59.71,27.56,75.29599999999999,90.0,0.0,30.74933333333331
2006-12-13 04:00:00,0.0,0.0,53.51,61.93,26.94,72.886,90.0,0.0,25.506
2006-12-13 05:00:00,0.0,0.0,58.51,66.01,28.37,72.882,90.0,0.0,14.992000000000004
2006-12-13 06:00:00,0.0,0.0,63.19,69.98,33.11,73.662,90.0,0.0,2.382000000000019
2006-12-13 07:00:00,0.0,0.0,65.62,71.94,38.26,75.20100000000001,90.0,5.619000000000005,0.0
2006-12-13 08:00:00,0.0,0.0,67.03,73.06,41.13,79.53000000000002,90.0,6.690000000000012,0.0
2006-12-13 09:00:00,0.0,0.0,68.34,73.4,42.81,87.243,90.0,2.3070000000000306,0.0
2006-12-13 10:00:00,0.0,0.0,69.01,73.66,43.49,91.41699999999999,90.0,0.0,0.2569999999999766
2006-12-13 11:00:00,0.0,0.0,68.38,73.46,43.85,93.34400000000001,90.0,0.0,0.9873333333333487
2006-12-13 12:00:00,0.0,0.0,67.17,71.91,43.95,87.95799999999998,90.0,0.07200000000000739,0.0
2006-12-13 13:00:00,0.0,0.0,65.98,69.99,43.58,81.45599999999999,90.0,3.093999999999994,0.0
2006-12-13 14:00:00,0.0,0.0,65.27,68.2,43.35,75.60800000000002,90.0,6.2119999999999935,0.0
2006-12-13 15:00:00,0.0,0.0,65.65,67.66,43.81,70.336,90.0,11.784000000000017,0.0
2006-12-13 16:00:00,0.0,0.0,67.69,69.83,46.29,66.05999999999999,90.0,22.749999999999986,0.0
2006-12-13 17:00:00,0.0,0.0,68.29,73.57,48.36,65.64600000000002,90.0,29.573999999999984,0.0
2006-12-13 18:00:00,0.0,0.0,66.71,73.97,48.18,68.833,90.0,25.027000000000015,0.0
2006-12-13 19:00:00,0.0,0.0,63.28,71.02,46.4,69.822,90.0,15.877999999999986,0.0
2006-12-13 20:00:00,0.0,0.0,60.26,68.59,43.68,70.85100000000001,90.0,6.6790000000000305,0.0
2006-12-13 21:00:00,0.0,0.0,57.93,69.07,40.09,72.158,90.0,0.0,0.06799999999998363
2006-12-13 22:00:00,0.0,0.0,54.34,69.07,36.19,75.454,90.0,0.0,9.187333333333328
2006-12-13 23:00:00,0.0,0.0,51.52,66.31,32.63,76.33699999999999,90.0,0.0,19.210333333333324
2006-12-14 00:00:00,0.0,0.0,49.07,64.64,31.14,77.131,90.0,0.0,27.281000000000006
2006-12-14 01:00:00,0.0,0.0,48.35,62.97,29.56,77.521,90.0,0.0,29.974333333333334
2006-12-14 02:00:00,0.0,0.0,48.61,60.66,28.05,77.836,90.0,0.0,32.18266666666666
2006-12-14 03:00:00,0.0,0.0,49.89,60.21,27.25,78.07300000000001,90.0,0.0,35.723
2006-12-14 04:00:00,0.0,0.0,52.74,62.4,26.61,78.324,90.0,0.0,31.57399999999998
2006-12-14 05:00:00,0.0,0.0,57.74,66.5,28.0,78.42500000000001,90.0,0.0,17.851666666666688
2006-12-14 06:00:00,0.0,0.0,62.45,70.49,32.73,78.464,90.0,0.0,6.127333333333347
2006-12-14 07:00:00,0.0,0.0,64.9,72.46,37.9,78.59200000000001,90.0,1.667999999999985,0.0
2006-12-14 08:00:00,0.0,0.0,66.3,73.58,40.79,80.90100000000001,90.0,4.7690000000000055,0.0
2006-12-14 09:00:00,0.0,0.0,67.61,73.91,42.48,86.33,90.0,2.6699999999999875,0.0
2006-12-14 10:00:00,0.0,0.0,68.29,74.16,43.18,89.78999999999999,90.0,0.8400000000000127,0.0
2006-12-14 11:00:00,0.0,0.0,67.67,73.97,43.54,92.455,90.0,0.0,2.2750000000000057
2006-12-14 12:00:00,0.0,0.0,66.46,72.41,43.64,92.04200000000002,90.0,0.0,2.8653333333333393
2006-12-14 13:00:00,0.0,0.0,65.27,70.49,43.27,88.729,90.0,0.0,1.3656666666666553
2006-12-14 14:00:00,0.0,0.0,64.57,68.69,43.04,82.383,90.0,0.0,1.0830000000000268
2006-12-14 15:00:00,0.0,0.0,64.95,68.15,43.49,75.51899999999999,90.0,6.071000000000041,0.0
2006-12-14 16:00:00,0.0,0.0,67.02,70.33,45.98,71.409,90.0,16.920999999999978,0.0
2006-12-14 17:00:00,0.0,0.0,67.62,74.09,48.07,71.004,90.0,23.776000000000007,0.0
2006-12-14 18:00:00,0.0,0.0,66.06,74.52,47.89,71.79100000000001,90.0,21.679000000000002,0.0
2006-12-14 19:00:00,0.0,0.0,62.62,71.55,46.11,72.04499999999999,90.0,13.235000000000019,0.0
2006-12-14 20:00:00,0.0,0.0,59.59,69.08,43.38,71.678,90.0,5.372000000000007,0.0
2006-12-14 21:00:00,0.0,0.0,57.3,69.55,39.79,70.535,90.0,1.105000000000004,0.0
2006-12-14 22:00:00,0.0,0.0,53.7,69.61,35.9,70.097,90.0,0.0,4.22033333333332
2006-12-14 23:00:00,0.0,0.0,50.86,66.85,32.34,67.878,90.0,0.0,12.828000000000008
2006-12-15 00:00:00,0.0,0.0,48.41,62.28,32.23,66.796,90.0,0.0,18.876000000000005
2006-12-15 01:00:00,0.0,0.0,47.67,60.61,30.64,65.537,90.0,0.0,18.283666666666655
2006-12-15 02:00:00,0.0,0.0,47.92,58.28,29.11,64.788,90.0,0.0,21.144666666666666
2006-12-15 03:00:00,0.0,0.0,49.18,57.8,28.31,62.665,90.0,0.0,19.041666666666657
2006-12-15 04:00:00,0.0,0.0,51.97,59.98,27.65,61.438,90.0,0.0,11.838000000000003
2006-12-15 05:00:00,0.0,0.0,56.97,64.08,29.01,59.696999999999996,90.0,0.0,4.636999999999986
2006-12-15 06:00:00,0.0,0.0,61.71,68.1,33.72,57.02900000000001,101.50099999999999,0.0,0.0
2006-12-15 07:00:00,0.0,0.0,64.17,70.07,38.9,55.72700000000001,110.0,2.4129999999999985,0.0
2006-12-15 08:00:00,0.0,0.0,65.58,71.19,41.81,56.69899999999999,90.0,26.881,0.0
2006-12-15 09:00:00,0.0,0.0,66.89,71.52,43.52,61.86600000000001,115.0,0.06399999999998673,0.0
2006-12-15 10:00:00,0.0,0.0,67.58,71.76,44.23,63.757999999999996,114.812,0.0,0.0
2006-12-15 11:00:00,0.0,0.0,66.97,71.58,44.59,65.967,110.0,2.1730000000000196,0.0
2006-12-15 12:00:00,0.0,0.0,65.76,70.01,44.71,65.031,90.0,20.449000000000012,0.0
2006-12-15 13:00:00,0.0,0.0,64.57,68.08,44.34,59.045,112.945,0.0,0.0
2006-12-15 14:00:00,0.0,0.0,63.87,66.27,44.1,51.274,90.0,27.96599999999998,0.0
2006-12-15 15:00:00,0.0,0.0,64.26,65.73,44.54,43.69600000000001,125.834,0.0,0.0
2006-12-15 16:00:00,0.0,0.0,66.35,67.92,47.04,44.108999999999995,132.201,0.0,0.0
2006-12-15 17:00:00,0.0,0.0,66.96,71.71,49.15,44.545,106.49413500000011,31.78086499999986,0.0
2006-12-15 18:00:00,0.0,0.0,65.41,72.17,48.97,43.730000000000004,90.0,47.81999999999999,0.0
2006-12-15 19:00:00,0.0,0.0,61.95,69.18,47.18,43.72,129.59000000000003,0.0,0.0
2006-12-15 20:00:00,0.0,0.0,58.94,66.65,44.45,43.899,121.14100000000002,0.0,0.0
2006-12-15 21:00:00,0.0,0.0,56.67,67.12,40.86,44.08,110.0,5.570000000000002,0.0
2006-12-15 22:00:00,0.0,0.0,53.06,67.24,36.97,43.43300000000001,90.0,18.83699999999999,0.0
2006-12-15 23:00:00,0.0,0.0,50.21,64.48,33.41,43.84,99.25999999999999,0.0,0.0
2006-12-16 00:00:00,0.0,0.0,39.98,54.2,31.74,45.486000000000004,90.0,0.0,14.566000000000004
2006-12-16 01:00:00,0.0,0.0,39.24,52.55,30.14,46.672999999999995,90.0,0.0,19.742999999999988
2006-12-16 02:00:00,0.0,0.0,39.47,50.19,28.6,48.411,90.0,0.0,25.150999999999996
2006-12-16 03:00:00,0.0,0.0,40.71,49.68,27.79,50.314,90.0,0.0,27.133999999999986
2006-12-16 04:00:00,0.0,0.0,43.45,51.84,27.11,51.605000000000004,90.0,0.0,24.205
2006-12-16 05:00:00,0.0,0.0,48.45,55.95,28.44,53.104,90.0,0.0,15.263999999999983
2006-12-16 06:00:00,0.0,0.0,53.21,60.0,33.14,53.715999999999994,90.0,0.0,2.3659999999999997
2006-12-16 07:00:00,0.0,0.0,55.69,61.97,38.34,54.599,90.0,6.401000000000002,0.0
2006-12-16 08:00:00,0.0,0.0,57.1,63.09,41.25,56.559,90.0,9.881000000000014,0.0
2006-12-16 09:00:00,0.0,0.0,58.4,63.42,42.99,62.391,97.41900000000001,0.0,0.0
2006-12-16 10:00:00,0.0,0.0,59.12,63.65,43.7,67.861,93.60900000000001,0.0,0.0
2006-12-16 11:00:00,0.0,0.0,58.51,63.49,44.07,71.42399999999999,90.0,0.0,0.3539999999999983
2006-12-16 12:00:00,0.0,0.0,57.31,61.91,44.19,72.97600000000001,90.0,0.0,4.5659999999999945
2006-12-16 13:00:00,0.0,0.0,56.11,59.96,43.82,69.408,90.0,0.0,4.518000000000001
2006-12-16 14:00:00,0.0,0.0,55.42,58.14,43.59,61.08,91.07000000000002,0.0,0.0
2006-12-16 15:00:00,0.0,0.0,55.81,57.6,44.02,51.264,101.16600000000003,0.0,0.0
2006-12-16 16:00:00,0.0,0.0,57.92,59.8,46.53,46.373000000000005,112.87700000000001,0.0,0.0
2006-12-16 17:00:00,0.0,0.0,58.55,63.62,48.65,45.263,120.55699999999999,0.0,0.0
2006-12-16 18:00:00,0.0,0.0,57.0,64.1,48.47,43.947,120.623,0.0,0.0
2006-12-16 19:00:00,0.0,0.0,53.53,61.1,46.68,42.387,90.0,23.923000000000023,0.0
2006-12-16 20:00:00,0.0,0.0,50.52,58.53,43.94,41.916,90.0,16.074000000000012,0.0
2006-12-16 21:00:00,0.0,0.0,48.28,58.99,40.36,41.996,100.634,0.0,0.0
2006-12-16 22:00:00,0.0,0.0,44.66,59.17,36.47,42.795,92.50499999999998,0.0,0.0
2006-12-16 23:00:00,0.0,0.0,41.79,56.41,32.91,43.98800000000001,90.0,0.0,7.877999999999986
2006-12-17 00:00:00,0.0,0.0,36.65,55.84,31.05,44.065000000000005,90.0,0.0,15.525000000000006
2006-12-17 01:00:00,0.0,0.0,35.89,54.19,29.44,45.312,90.0,0.0,20.791999999999994
2006-12-17 02:00:00,0.0,0.0,36.11,51.81,27.89,45.26800000000001,90.0,0.0,24.457999999999984
2006-12-17 03:00:00,0.0,0.0,37.32,51.27,27.07,46.772000000000006,90.0,0.0,26.111999999999995
2006-12-17 04:00:00,0.0,0.0,40.02,53.41,26.37,46.553,90.0,0.0,21.752999999999986
2006-12-17 05:00:00,0.0,0.0,45.02,57.53,27.66,47.011,90.0,0.0,11.800999999999988
2006-12-17 06:00:00,0.0,0.0,49.81,61.61,32.35,44.946,93.82399999999998,0.0,0.0
2006-12-17 07:00:00,0.0,0.0,52.3,63.58,37.57,42.985,105.46499999999999,0.0,0.0
2006-12-17 08:00:00,0.0,0.0,53.71,64.71,40.5,44.501999999999995,109.418,0.0,0.0
2006-12-17 09:00:00,0.0,0.0,55.01,65.02,42.25,48.658,108.622,0.0,0.0
2006-12-17 10:00:00,0.0,0.0,55.74,65.25,42.97,53.42,105.54000000000002,0.0,0.0
2006-12-17 11:00:00,0.0,0.0,55.15,65.1,43.34,56.06400000000001,102.52600000000001,0.0,0.0
2006-12-17 12:00:00,0.0,0.0,53.94,63.51,43.48,57.509,98.42099999999999,0.0,0.0
2006-12-17 13:00:00,0.0,0.0,52.75,61.56,43.11,54.33200000000001,98.08800000000002,0.0,0.0
2006-12-17 14:00:00,0.0,0.0,52.06,59.73,42.87,44.249,105.411,0.0,0.0
2006-12-17 15:00:00,0.0,0.0,52.45,59.18,43.29,33.241,116.67900000000002,0.0,0.0
2006-12-17 16:00:00,0.0,0.0,54.58,61.39,45.81,28.345,128.435,0.0,0.0
2006-12-17 17:00:00,0.0,0.0,55.22,65.24,47.95,27.021,136.389,0.0,0.0
2006-12-17 18:00:00,0.0,0.0,53.68,65.75,47.77,25.429000000000002,136.771,0.0,0.0
2006-12-17 19:00:00,0.0,0.0,50.21,62.72,45.97,23.505000000000003,130.395,0.0,0.0
2006-12-17 20:00:00,0.0,0.0,47.2,60.11,43.23,21.985000000000003,123.555,0.0,0.0
2006-12-17 21:00:00,0.0,0.0,44.98,60.57,39.65,18.566,121.63400000000001,0.0,0.0
2006-12-17 22:00:00,0.0,0.0,41.35,60.8,35.77,17.794,115.12600000000003,0.0,0.0
2006-12-17 23:00:00,0.0,0.0,38.47,58.05,32.21,16.704,107.026,0.0,0.0
2006-12-18 00:00:00,0.0,0.0,48.79,64.92,33.37,15.504999999999999,126.57500000000002,0.0,0.0
2006-12-18 01:00:00,0.0,0.0,48.02,63.28,31.76,14.52,123.54,0.0,0.0
2006-12-18 02:00:00,0.0,0.0,48.23,60.88,30.19,13.458,120.842,0.0,0.0
2006-12-18 03:00:00,0.0,0.0,49.42,60.31,29.37,12.771999999999998,121.328,0.0,0.0
2006-12-18 04:00:00,0.0,0.0,52.06,62.43,28.65,11.902000000000001,126.23799999999999,0.0,0.0
2006-12-18 05:00:00,0.0,0.0,57.06,66.56,29.9,11.026,137.494,0.0,0.0
2006-12-18 06:00:00,0.0,0.0,61.88,70.66,34.59,10.103,152.02700000000002,0.0,0.0
2006-12-18 07:00:00,0.0,0.0,64.39,72.63,39.81,9.62,155.0,7.209999999999994,0.0
2006-12-18 08:00:00,0.0,0.0,65.79,73.76,42.76,11.711,155.0,10.599000000000006,0.0
2006-12-18 09:00:00,0.0,0.0,67.1,74.07,44.54,17.762999999999998,155.0,7.946999999999996,0.0
2006-12-18 10:00:00,0.0,0.0,67.85,74.29,45.26,22.955,155.0,4.444999999999993,0.0
2006-12-18 11:00:00,0.0,0.0,67.26,74.15,45.64,27.183,154.867,0.0,0.0
2006-12-18 12:00:00,0.0,0.0,66.05,72.55,45.78,28.991999999999997,150.38799999999998,0.0,0.0
2006-12-18 13:00:00,0.0,0.0,64.85,70.59,45.41,28.325,147.52499999999998,0.0,0.0
2006-12-18 14:00:00,0.0,0.0,64.17,68.75,45.18,24.975,155.0,0.0,6.875
2006-12-18 15:00:00,0.0,0.0,64.57,68.21,45.58,20.369000000000003,155.0,0.0,2.0090000000000217
2006-12-18 16:00:00,0.0,0.0,66.72,70.43,48.11,12.091999999999999,155.0,13.168000000000006,0.0
2006-12-18 17:00:00,0.0,0.0,67.37,74.3,50.27,7.339,155.0,24.601,0.0
2006-12-18 18:00:00,0.0,0.0,65.83,74.84,50.09,8.002,155.0,22.75799999999999,0.0
2006-12-18 19:00:00,0.0,0.0,62.35,71.79,48.29,8.152000000000001,155.0,14.277999999999999,0.0
2006-12-18 20:00:00,0.0,0.0,59.35,69.13,45.54,7.691,155.0,6.328999999999988,0.0
2006-12-18 21:00:00,0.0,0.0,57.16,69.58,41.97,7.2,155.0,1.509999999999991,0.0
2006-12-18 22:00:00,0.0,0.0,53.52,69.87,38.08,7.760999999999999,148.709,0.0,0.0
2006-12-18 23:00:00,0.0,0.0,50.63,67.13,34.53,8.407,138.88299999999998,0.0,0.0
2006-12-19 00:00:00,0.0,0.0,50.89,69.8,33.95,8.907,140.733,0.0,0.0
2006-12-19 01:00:00,0.0,0.0,50.11,68.18,32.33,9.764,135.856,0.0,0.0
2006-12-19 02:00:00,0.0,0.0,50.3,65.74,30.76,10.886,155.0,0.0,24.086000000000013
2006-12-19 03:00:00,0.0,0.0,51.47,65.15,29.92,11.866999999999999,155.0,0.0,25.326999999999998
2006-12-19 04:00:00,0.0,0.0,54.06,67.25,29.18,12.3,133.19,0.0,0.0
2006-12-19 05:00:00,0.0,0.0,59.06,71.39,30.4,12.803999999999998,155.0,0.0,11.953999999999994
2006-12-19 06:00:00,0.0,0.0,63.9,75.52,35.08,12.208,155.0,2.2920000000000016,0.0
2006-12-19 07:00:00,0.0,0.0,66.43,77.49,40.32,12.005,155.0,12.234999999999985,0.0
2006-12-19 08:00:00,0.0,0.0,67.83,78.62,43.28,15.427,155.0,14.302999999999999,0.0
2006-12-19 09:00:00,0.0,0.0,69.14,78.93,45.08,24.689,155.0,8.461000000000006,0.0
2006-12-19 10:00:00,0.0,0.0,69.9,79.13,45.81,31.893,155.0,2.947000000000002,0.0
2006-12-19 11:00:00,0.0,0.0,69.32,79.01,46.19,37.33,155.0,0.0,2.8100000000000094
2006-12-19 12:00:00,0.0,0.0,68.12,77.4,46.34,39.046,155.0,0.0,7.186
2006-12-19 13:00:00,0.0,0.0,66.92,75.43,45.97,36.840999999999994,146.47899999999998,0.0,0.0
2006-12-19 14:00:00,0.0,0.0,66.24,73.59,45.73,30.016,155.0,0.0,4.456000000000017
2006-12-19 15:00:00,0.0,0.0,66.65,73.04,46.13,23.198,155.0,2.622000000000007,0.0
2006-12-19 16:00:00,0.0,0.0,68.81,75.27,48.67,18.239,155.0,14.510999999999981,0.0
2006-12-19 17:00:00,0.0,0.0,69.47,79.17,50.84,13.887999999999998,155.0,25.59199999999999,0.0
2006-12-19 18:00:00,0.0,0.0,67.95,79.73,50.67,14.98,155.0,23.370000000000005,0.0
2006-12-19 19:00:00,0.0,0.0,64.46,76.67,48.85,15.471,155.0,14.508999999999993,0.0
2006-12-19 20:00:00,0.0,0.0,61.46,73.96,46.11,16.024,155.0,5.505999999999981,0.0
2006-12-19 21:00:00,0.0,0.0,59.29,74.41,42.53,16.226,155.0,0.003999999999992454,0.0
2006-12-19 22:00:00,0.0,0.0,55.65,74.76,38.65,17.485,146.575,0.0,0.0
2006-12-19 23:00:00,0.0,0.0,52.73,72.02,35.1,18.75,136.09999999999997,0.0,0.0
2006-12-20 00:00:00,0.0,0.0,51.06,72.54,35.61,20.562,135.0,0.0,1.3519999999999897
2006-12-20 01:00:00,0.0,0.0,50.26,70.92,33.97,23.052,155.0,0.0,27.902000000000015
2006-12-20 02:00:00,0.0,0.0,50.45,68.47,32.39,25.386,155.0,0.0,34.07600000000001
2006-12-20 03:00:00,0.0,0.0,51.59,67.84,31.54,26.096,130.0,0.0,10.12599999999999
2006-12-20 04:00:00,0.0,0.0,54.13,69.92,30.78,25.225000000000005,135.0,0.0,10.394999999999987
2006-12-20 05:00:00,0.0,0.0,59.13,74.07,31.97,24.761000000000003,155.0,0.0,19.591000000000015
2006-12-20 06:00:00,0.0,0.0,64.0,78.22,36.63,24.112000000000002,155.0,0.0,5.262000000000015
2006-12-20 07:00:00,0.0,0.0,66.55,80.2,41.89,24.385000000000005,155.0,4.254999999999983,0.0
2006-12-20 08:00:00,0.0,0.0,67.94,81.33,44.86,27.180000000000003,155.0,6.949999999999983,0.0
2006-12-20 09:00:00,0.0,0.0,69.25,81.63,46.69,34.233999999999995,155.0,3.335999999999993,0.0
2006-12-20 10:00:00,0.0,0.0,70.03,81.83,47.43,40.586000000000006,153.704,0.0,0.0
2006-12-20 11:00:00,0.0,0.0,69.45,81.72,47.81,46.123,147.857,0.0,0.0
2006-12-20 12:00:00,0.0,0.0,68.25,80.1,47.96,46.294000000000004,155.0,0.0,9.98400000000003
2006-12-20 13:00:00,0.0,0.0,67.05,78.13,47.6,41.278999999999996,146.501,0.0,0.0
2006-12-20 14:00:00,0.0,0.0,66.38,76.27,47.36,31.765,155.0,0.0,1.7550000000000168
2006-12-20 15:00:00,0.0,0.0,66.79,75.72,47.74,23.67,155.0,6.580000000000007,0.0
2006-12-20 16:00:00,0.0,0.0,68.98,77.96,50.29,18.238999999999997,155.0,18.990999999999993,0.0
2006-12-20 17:00:00,0.0,0.0,69.65,81.89,52.48,15.241,155.0,28.778999999999996,0.0
2006-12-20 18:00:00,0.0,0.0,68.13,82.48,52.31,14.036,155.0,28.884,0.0
2006-12-20 19:00:00,0.0,0.0,64.63,79.4,50.49,12.895999999999999,155.0,21.62400000000001,0.0
2006-12-20 20:00:00,0.0,0.0,61.63,76.63,47.74,11.93,155.0,14.07,0.0
2006-12-20 21:00:00,0.0,0.0,59.5,77.08,44.17,11.536,155.0,9.213999999999993,0.0
2006-12-20 22:00:00,0.0,0.0,55.84,77.49,40.29,10.495999999999999,155.0,3.1239999999999952,0.0
2006-12-20 23:00:00,0.0,0.0,52.91,74.75,36.74,10.11,149.29000000000002,0.0,0.0
2006-12-21 00:00:00,0.0,0.0,50.17,70.88,35.28,10.182,141.148,0.0,0.0
2006-12-21 01:00:00,0.0,0.0,49.35,69.27,33.64,10.818,155.0,0.0,18.558000000000007
2006-12-21 02:00:00,0.0,0.0,49.53,66.79,32.04,11.531,135.0,0.0,3.1710000000000065
2006-12-21 03:00:00,0.0,0.0,50.64,66.14,31.19,12.29,130.68,0.0,0.0
2006-12-21 04:00:00,0.0,0.0,53.14,68.2,30.41,13.123999999999999,155.0,0.0,21.37400000000001
2006-12-21 05:00:00,0.0,0.0,58.13,72.36,31.56,14.117,155.0,0.0,12.067000000000007
2006-12-21 06:00:00,0.0,0.0,63.03,76.54,36.21,15.469000000000001,155.0,0.31099999999999284,0.0
2006-12-21 07:00:00,0.0,0.0,65.59,78.52,41.49,16.831,155.0,8.768999999999991,0.0
2006-12-21 08:00:00,0.0,0.0,66.99,79.65,44.47,20.811999999999998,155.0,10.297999999999988,0.0
2006-12-21 09:00:00,0.0,0.0,68.29,79.95,46.32,28.186999999999998,155.0,6.373000000000019,0.0
2006-12-21 10:00:00,0.0,0.0,69.09,80.13,47.06,35.805,155.0,0.4750000000000014,0.0
2006-12-21 11:00:00,0.0,0.0,68.53,80.04,47.45,40.597,150.423,0.0,0.0
2006-12-21 12:00:00,0.0,0.0,67.33,78.41,47.61,42.106,155.0,0.0,8.756000000000014
2006-12-21 13:00:00,0.0,0.0,66.12,76.43,47.25,41.07000000000001,143.73000000000002,0.0,0.0
2006-12-21 14:00:00,0.0,0.0,65.46,74.56,47.01,36.911,155.0,0.0,9.881000000000014
2006-12-21 15:00:00,0.0,0.0,65.87,74.01,47.38,31.328000000000003,155.0,0.0,4.068000000000012
2006-12-21 16:00:00,0.0,0.0,68.08,76.25,49.94,21.225,155.0,13.04499999999999,0.0
2006-12-21 17:00:00,0.0,0.0,68.76,80.21,52.15,18.975,155.0,22.145000000000024,0.0
2006-12-21 18:00:00,0.0,0.0,67.25,80.83,51.98,19.391,155.0,20.668999999999983,0.0
2006-12-21 19:00:00,0.0,0.0,63.74,77.73,50.15,19.746,155.0,11.87400000000001,0.0
2006-12-21 20:00:00,0.0,0.0,60.75,74.92,47.4,18.988999999999997,155.0,4.081000000000017,0.0
2006-12-21 21:00:00,0.0,0.0,58.64,75.36,43.83,18.925,153.905,0.0,0.0
2006-12-21 22:00:00,0.0,0.0,54.97,75.83,39.95,18.465000000000003,155.0,0.0,7.715000000000016
2006-12-21 23:00:00,0.0,0.0,52.03,73.1,36.4,16.791000000000004,139.739,0.0,0.0
2006-12-22 00:00:00,0.0,0.0,49.06,69.99,33.97,16.75,131.26999999999998,0.0,0.0
2006-12-22 01:00:00,0.0,0.0,48.23,68.4,32.32,15.776,155.0,0.0,26.826000000000008
2006-12-22 02:00:00,0.0,0.0,48.4,65.89,30.71,16.176000000000002,144.32919390581668,0.0,20.505193905816697
2006-12-22 03:00:00,0.0,0.0,49.49,65.21,29.85,15.003,155.0,0.0,30.453000000000017
2006-12-22 04:00:00,0.0,0.0,51.93,67.26,29.05,14.434999999999999,135.0,0.0,6.1949999999999985
2006-12-22 05:00:00,0.0,0.0,56.93,71.43,30.17,13.811,155.0,0.0,15.281000000000006
2006-12-22 06:00:00,0.0,0.0,61.85,75.63,34.81,13.347000000000001,153.943,0.0,0.0
2006-12-22 07:00:00,0.0,0.0,64.43,77.61,40.1,13.067000000000002,155.0,9.073000000000002,0.0
2006-12-22 08:00:00,0.0,0.0,65.82,78.74,43.1,15.187,155.0,12.472999999999987,0.0
2006-12-22 09:00:00,0.0,0.0,67.12,79.03,44.96,22.26,155.0,8.849999999999994,0.0
2006-12-22 10:00:00,0.0,0.0,67.94,79.21,45.72,29.174,155.0,3.6959999999999837,0.0
2006-12-22 11:00:00,0.0,0.0,67.38,79.13,46.11,32.929,154.69099999999997,0.0,0.0
2006-12-22 12:00:00,0.0,0.0,66.19,77.49,46.28,32.866,155.0,0.0,2.9060000000000272
2006-12-22 13:00:00,0.0,0.0,64.98,75.5,45.92,29.028,155.0,0.0,2.628
2006-12-22 14:00:00,0.0,0.0,64.32,73.62,45.68,21.938000000000002,155.0,1.681999999999988,0.0
2006-12-22 15:00:00,0.0,0.0,64.74,73.07,46.04,15.277,155.0,8.572999999999972,0.0
2006-12-22 16:00:00,0.0,0.0,66.97,75.33,48.61,9.731,155.0,21.17899999999998,0.0
2006-12-22 17:00:00,0.0,0.0,67.66,79.31,50.83,8.317,155.0,29.482999999999997,0.0
2006-12-22 18:00:00,0.0,0.0,66.15,79.96,50.66,8.8,155.0,27.96999999999999,0.0
2006-12-22 19:00:00,0.0,0.0,62.64,76.84,48.83,8.831,155.0,19.479,0.0
2006-12-22 20:00:00,0.0,0.0,59.65,73.98,46.07,8.721,155.0,10.979000000000006,0.0
2006-12-22 21:00:00,0.0,0.0,57.57,74.42,42.51,9.014999999999999,155.0,5.484999999999999,0.0
2006-12-22 22:00:00,0.0,0.0,53.89,74.94,38.63,9.18,153.28,0.0,0.0
2006-12-22 23:00:00,0.0,0.0,50.93,72.21,35.08,9.504999999999999,155.0,0.0,11.285000000000016
2006-12-23 00:00:00,0.0,0.0,41.11,66.61,32.36,10.023,135.0,0.0,9.943000000000003
2006-12-23 01:00:00,0.0,0.0,40.28,65.03,30.7,10.949,135.0,0.0,14.938999999999993
2006-12-23 02:00:00,0.0,0.0,40.43,62.49,29.07,11.61,135.0,0.0,19.62000000000001
2006-12-23 03:00:00,0.0,0.0,41.49,61.78,28.21,11.764,130.0,0.0,15.283999999999978
2006-12-23 04:00:00,0.0,0.0,43.89,63.81,27.39,10.751999999999999,155.0,0.0,35.662000000000006
2006-12-23 05:00:00,0.0,0.0,48.88,67.99,28.47,10.084,155.0,0.0,24.744000000000014
2006-12-23 06:00:00,0.0,0.0,53.83,72.22,33.11,9.564,144.596,0.0,0.0
2006-12-23 07:00:00,0.0,0.0,56.43,74.2,38.41,9.360000000000001,155.0,0.0,0.3199999999999932
2006-12-23 08:00:00,0.0,0.0,57.82,75.34,41.42,11.684,155.0,2.896000000000001,0.0
2006-12-23 09:00:00,0.0,0.0,59.12,75.62,43.31,18.520000000000003,154.53,0.0,0.0
2006-12-23 10:00:00,0.0,0.0,59.96,75.78,44.07,24.491999999999997,150.31799999999998,0.0,0.0
2006-12-23 11:00:00,0.0,0.0,59.4,75.72,44.46,28.389999999999997,155.0,0.0,8.810000000000016
2006-12-23 12:00:00,0.0,0.0,58.21,74.07,44.64,28.125999999999998,155.0,0.0,11.20600000000001
2006-12-23 13:00:00,0.0,0.0,57.0,72.07,44.29,24.776000000000003,143.58399999999997,0.0,0.0
2006-12-23 14:00:00,0.0,0.0,56.35,70.18,44.04,18.939,146.631,0.0,0.0
2006-12-23 15:00:00,0.0,0.0,56.77,69.63,44.39,12.486,155.0,0.0,1.6960000000000122
2006-12-23 16:00:00,0.0,0.0,59.02,71.9,46.97,7.702999999999999,155.0,10.187000000000006,0.0
2006-12-23 17:00:00,0.0,0.0,59.72,75.91,49.21,7.904000000000002,155.0,16.935999999999986,0.0
2006-12-23 18:00:00,0.0,0.0,58.22,76.58,49.04,9.22,155.0,14.619999999999997,0.0
2006-12-23 19:00:00,0.0,0.0,54.7,73.45,47.2,9.714,155.0,5.635999999999996,0.0
2006-12-23 20:00:00,0.0,0.0,51.71,70.54,44.44,9.146,152.544,0.0,0.0
2006-12-23 21:00:00,0.0,0.0,49.66,70.97,40.88,8.475,155.0,0.0,6.9649999999999945
2006-12-23 22:00:00,0.0,0.0,45.98,71.55,37.01,7.683,141.857,0.0,0.0
2006-12-23 23:00:00,0.0,0.0,43.0,68.83,33.46,7.327,132.96300000000002,0.0,0.0
2006-12-24 00:00:00,0.0,0.0,37.52,64.96,32.17,7.5280000000000005,135.0,0.0,12.878000000000005
2006-12-24 01:00:00,0.0,0.0,36.68,63.39,30.5,7.766,130.0,0.0,12.195999999999984
2006-12-24 02:00:00,0.0,0.0,36.81,60.83,28.86,8.39,135.0,0.0,21.890000000000004
2006-12-24 03:00:00,0.0,0.0,37.85,60.08,27.99,8.923,155.0,0.0,43.00300000000003
2006-12-24 04:00:00,0.0,0.0,40.2,62.1,27.15,8.946,132.1696675900276,0.0,16.66566759002757
2006-12-24 05:00:00,0.0,0.0,45.19,66.29,28.2,8.774,135.0,0.0,9.093999999999992
2006-12-24 06:00:00,0.0,0.0,50.17,70.54,32.82,8.398,155.0,0.0,14.867999999999988
2006-12-24 07:00:00,0.0,0.0,52.78,72.53,38.14,8.312,150.138,0.0,0.0
2006-12-24 08:00:00,0.0,0.0,54.17,73.66,41.17,11.011,155.0,0.0,2.01100000000001
2006-12-24 09:00:00,0.0,0.0,55.47,73.94,43.08,18.029,149.461,0.0,0.0
2006-12-24 10:00:00,0.0,0.0,56.33,74.1,43.85,23.537999999999997,145.742,0.0,0.0
2006-12-24 11:00:00,0.0,0.0,55.78,74.05,44.24,27.662,155.0,0.0,13.591999999999999
2006-12-24 12:00:00,0.0,0.0,54.59,72.39,44.43,28.092000000000002,155.0,0.0,16.682000000000002
2006-12-24 13:00:00,0.0,0.0,53.38,70.38,44.08,24.881999999999998,155.0,0.0,17.04200000000001
2006-12-24 14:00:00,0.0,0.0,52.73,68.48,43.83,19.194,140.846,0.0,0.0
2006-12-24 15:00:00,0.0,0.0,53.15,67.93,44.17,12.433,147.817,0.0,0.0
2006-12-24 16:00:00,0.0,0.0,55.43,70.2,46.75,8.631,155.0,3.749000000000003,0.0
2006-12-24 17:00:00,0.0,0.0,56.14,74.24,49.01,9.08,155.0,10.309999999999981,0.0
2006-12-24 18:00:00,0.0,0.0,54.65,74.94,48.84,9.49,155.0,8.939999999999984,0.0
2006-12-24 19:00:00,0.0,0.0,51.11,71.79,47.0,9.232000000000001,155.0,0.6679999999999922,0.0
2006-12-24 20:00:00,0.0,0.0,48.13,68.83,44.24,8.606,147.594,0.0,0.0
2006-12-24 21:00:00,0.0,0.0,46.1,69.26,40.68,8.195,155.0,0.0,12.155000000000008
2006-12-24 22:00:00,0.0,0.0,42.41,69.9,36.81,8.343,155.0,0.0,19.223000000000013
2006-12-24 23:00:00,0.0,0.0,39.42,67.18,33.26,8.453,130.0,0.0,3.5929999999999884
2006-12-25 00:00:00,0.0,0.0,48.99,72.29,33.94,8.418,141.802,0.0,0.0
2006-12-25 01:00:00,0.0,0.0,48.13,70.72,32.26,8.373999999999999,137.736,0.0,0.0
2006-12-25 02:00:00,0.0,0.0,48.26,68.14,30.61,8.459,133.551,0.0,0.0
2006-12-25 03:00:00,0.0,0.0,49.27,67.36,29.73,8.713000000000001,155.0,0.0,22.352999999999994
2006-12-25 04:00:00,0.0,0.0,51.57,69.36,28.87,8.743,136.05700000000002,0.0,0.0
2006-12-25 05:00:00,0.0,0.0,56.56,73.56,29.89,8.679,146.331,0.0,0.0
2006-12-25 06:00:00,0.0,0.0,61.57,77.84,34.5,8.499,155.0,5.411000000000001,0.0
2006-12-25 07:00:00,0.0,0.0,64.19,79.83,39.83,8.675,155.0,15.174999999999985,0.0
2006-12-25 08:00:00,18.02199999999999,0.0,65.58,80.97,42.87,11.398,155.0,0.0,0.0
2006-12-25 09:00:00,0.0,0.0,66.88,81.24,44.8,17.323999999999998,155.0,15.59599999999999,0.0
2006-12-25 10:00:00,0.0,0.0,67.75,81.38,45.58,22.477,155.0,12.23299999999999,0.0
2006-12-25 11:00:00,0.0,0.0,67.21,81.35,45.98,24.723,155.0,9.816999999999965,0.0
2006-12-25 12:00:00,0.0,0.0,66.02,79.68,46.18,23.917,155.0,7.96299999999998,0.0
2006-12-25 13:00:00,0.0,0.0,64.81,77.66,45.82,20.656000000000002,155.0,7.633999999999986,0.0
2006-12-25 14:00:00,0.0,0.0,64.17,75.75,45.58,15.26,155.0,10.239999999999995,0.0
2006-12-25 15:00:00,16.354000000000006,0.0,64.59,75.2,45.9,9.335999999999999,155.0,0.0,0.0
2006-12-25 16:00:00,0.0,0.0,66.89,77.48,48.5,5.768000000000001,155.0,27.102000000000007,0.0
2006-12-25 17:00:00,0.0,0.0,67.61,81.55,50.77,5.435,155.0,34.49499999999999,0.0
2006-12-25 18:00:00,0.0,0.0,66.13,82.28,50.6,5.939,155.0,33.07099999999999,0.0
2006-12-25 19:00:00,0.0,0.0,62.58,79.1,48.76,6.329,155.0,24.11099999999999,0.0
2006-12-25 20:00:00,14.876999999999988,0.0,59.61,76.1,45.99,6.8229999999999995,155.0,0.0,0.0
2006-12-25 21:00:00,0.0,0.0,57.6,76.53,42.44,7.3629999999999995,155.0,9.206999999999994,0.0
2006-12-25 22:00:00,2.762999999999991,0.0,53.91,77.22,38.56,6.927,155.0,0.0,0.0
2006-12-25 23:00:00,0.0,0.0,50.9,74.51,35.02,6.428000000000001,155.0,0.0,5.998000000000005
2006-12-26 00:00:00,0.0,0.0,51.37,72.45,34.48,5.911999999999999,155.0,0.0,7.612000000000007
2006-12-26 01:00:00,0.0,0.0,50.5,70.9,32.79,5.474,155.0,0.0,11.283999999999988
2006-12-26 02:00:00,0.0,0.0,50.62,68.29,31.13,5.218,155.0,0.0,15.178000000000011
2006-12-26 03:00:00,0.0,0.0,51.61,67.48,30.24,5.187,155.0,0.0,15.857000000000014
2006-12-26 04:00:00,0.0,0.0,53.85,69.46,29.36,5.535,155.0,0.0,12.865000000000009
2006-12-26 05:00:00,0.0,0.0,58.84,73.67,30.34,6.047000000000001,155.0,0.0,3.1970000000000027
2006-12-26 06:00:00,0.0,0.0,63.88,77.97,34.94,6.726000000000001,155.0,10.063999999999995,0.0
2006-12-26 07:00:00,19.331999999999994,0.0,66.52,79.97,40.29,7.4479999999999995,155.0,0.0,0.0
2006-12-26 08:00:00,0.0,0.0,67.9,81.11,43.35,10.98,155.0,21.379999999999995,0.0
2006-12-26 09:00:00,0.0,0.0,69.2,81.37,45.3,17.789,155.0,18.08099999999999,0.0
2006-12-26 10:00:00,0.0,0.0,70.09,81.51,46.08,24.263,155.0,13.417,0.0
2006-12-26 11:00:00,10.196000000000005,0.0,69.56,81.48,46.48,27.323999999999998,155.0,0.0,0.0
2006-12-26 12:00:00,7.842999999999989,0.0,68.37,79.81,46.69,27.027,155.0,0.0,0.0
2006-12-26 13:00:00,0.0,0.0,67.16,77.78,46.34,22.652,155.0,8.628,0.0
2006-12-26 14:00:00,0.0,0.0,66.52,75.86,46.09,16.095,155.0,12.374999999999986,0.0
2006-12-26 15:00:00,0.0,0.0,66.95,75.31,46.4,9.697,155.0,18.963,0.0
2006-12-26 16:00:00,29.86199999999998,0.0,69.27,77.6,49.01,6.018,155.0,0.0,0.0
2006-12-26 17:00:00,30.696129999999656,0.0,70.0,81.7,51.3,5.596,155.0,6.707870000000325,0.0
2006-12-26 18:00:00,36.232,0.0,68.52,82.45,51.14,5.878,155.0,0.0,0.0
2006-12-26 19:00:00,27.22,0.0,64.97,79.26,49.28,6.29,155.0,0.0,0.0
2006-12-26 20:00:00,18.02699999999998,0.0,62.0,76.21,46.51,6.693,155.0,0.0,0.0
2006-12-26 21:00:00,0.0,0.0,60.02,76.63,42.96,7.108,155.0,12.50200000000001,0.0
2006-12-26 22:00:00,0.0,0.0,56.32,77.38,39.09,7.523,155.0,5.26700000000001,0.0
2006-12-26 23:00:00,0.0,0.0,53.29,74.67,35.55,7.844,155.0,0.0,4.334000000000017
2006-12-27 00:00:00,0.0,0.0,52.39,71.47,35.68,8.077,155.0,0.0,8.53700000000002
2006-12-27 01:00:00,0.0,0.0,51.5,69.93,33.98,8.199,155.0,0.0,12.789000000000009
2006-12-27 02:00:00,0.0,0.0,51.6,67.3,32.3,8.282,155.0,0.0,17.082000000000008
2006-12-27 03:00:00,0.0,0.0,52.57,66.46,31.41,8.508000000000001,155.0,0.0,18.068000000000026
2006-12-27 04:00:00,0.0,0.0,54.77,68.42,30.51,7.984,155.0,0.0,14.28399999999999
2006-12-27 05:00:00,0.0,0.0,59.76,72.64,31.46,7.843,155.0,0.0,3.9830000000000183
2006-12-27 06:00:00,0.0,0.0,64.82,76.97,36.04,8.03,155.0,9.799999999999983,0.0
2006-12-27 07:00:00,0.0,0.0,67.48,78.97,41.41,8.797999999999998,155.0,19.061999999999998,0.0
2006-12-27 08:00:00,20.72999999999999,0.0,68.86,80.11,44.48,12.72,155.0,0.0,0.0
2006-12-27 09:00:00,16.515,0.0,70.16,80.37,46.45,20.465,155.0,0.0,0.0
2006-12-27 10:00:00,0.0,0.0,71.06,80.49,47.24,26.440999999999995,155.0,12.349000000000004,0.0
2006-12-27 11:00:00,0.0,0.0,70.54,80.48,47.65,30.979000000000006,155.0,7.6910000000000025,0.0
2006-12-27 12:00:00,0.0,0.0,69.35,78.8,47.86,32.211999999999996,155.0,3.7979999999999876,0.0
2006-12-27 13:00:00,0.0,0.0,68.14,76.77,47.51,29.985,155.0,2.434999999999988,0.0
2006-12-27 14:00:00,4.742999999999995,0.0,67.5,74.83,47.26,24.847,155.0,0.0,0.0
2006-12-27 15:00:00,11.420000000000002,0.0,67.94,74.28,47.56,18.36,155.0,0.0,0.0
2006-12-27 16:00:00,0.0,0.0,70.28,76.58,50.18,15.581,155.0,21.45900000000001,0.0
2006-12-27 17:00:00,27.93499999999998,0.0,71.02,80.71,52.48,16.275000000000002,155.0,0.0,0.0
2006-12-27 18:00:00,26.07799999999998,0.0,69.55,81.49,52.32,17.282,155.0,0.0,0.0
2006-12-27 19:00:00,15.973000000000013,0.0,65.99,78.28,50.46,18.756999999999998,155.0,0.0,0.0
2006-12-27 20:00:00,0.0,0.0,63.02,75.18,47.69,20.585,155.0,5.304999999999994,0.0
2006-12-27 21:00:00,0.0,0.0,61.07,75.59,44.14,23.308,152.492,0.0,0.0
2006-12-27 22:00:00,0.0,0.0,57.35,76.4,40.27,25.01,144.01,0.0,0.0
2006-12-27 23:00:00,0.0,0.0,54.31,73.7,36.73,26.129999999999995,135.0,0.0,1.3899999999999988
2006-12-28 00:00:00,0.0,0.0,51.69,70.56,33.98,26.938,124.292,0.0,0.0
2006-12-28 01:00:00,0.0,0.0,50.79,69.03,32.27,26.67,120.42,0.0,0.0
2006-12-28 02:00:00,0.0,0.0,50.88,66.37,30.58,26.505000000000003,116.32499999999999,0.0,0.0
2006-12-28 03:00:00,0.0,0.0,51.82,65.5,29.68,26.684,115.31599999999999,0.0,0.0
2006-12-28 04:00:00,0.0,0.0,53.96,67.44,28.76,26.589999999999996,132.4974515235457,0.0,13.927451523545692
2006-12-28 05:00:00,0.0,0.0,58.95,71.67,29.67,27.454,127.83600000000001,0.0,0.0
2006-12-28 06:00:00,0.0,0.0,64.04,76.03,34.25,29.034000000000002,140.286,0.0,0.0
2006-12-28 07:00:00,0.0,0.0,66.72,78.03,39.63,30.717999999999996,148.662,0.0,0.0
2006-12-28 08:00:00,0.0,0.0,68.1,79.17,42.71,34.605000000000004,150.375,0.0,0.0
2006-12-28 09:00:00,0.0,0.0,69.4,79.42,44.71,42.748,145.782,0.0,0.0
2006-12-28 10:00:00,0.0,0.0,70.32,79.54,45.51,50.224999999999994,140.145,0.0,0.0
2006-12-28 11:00:00,0.0,0.0,69.8,79.54,45.91,55.148,135.102,0.0,0.0
2006-12-28 12:00:00,0.0,0.0,68.62,77.85,46.14,56.174,131.43599999999998,0.0,0.0
2006-12-28 13:00:00,0.0,0.0,67.4,75.81,45.79,53.419000000000004,130.58100000000002,0.0,0.0
2006-12-28 14:00:00,0.0,0.0,66.77,73.87,45.54,46.376000000000005,134.80399999999997,0.0,0.0
2006-12-28 15:00:00,0.0,0.0,67.21,73.31,45.83,38.777,142.57299999999998,0.0,0.0
2006-12-28 16:00:00,0.0,0.0,69.57,75.62,48.45,34.156,154.484,0.0,0.0
2006-12-28 17:00:00,0.0,0.0,70.32,79.78,50.77,33.658,155.0,7.211999999999989,0.0
2006-12-28 18:00:00,0.0,0.0,68.86,80.58,50.62,33.448,155.0,6.6119999999999965,0.0
2006-12-28 19:00:00,0.0,0.0,65.29,77.35,48.75,33.548,152.842,0.0,0.0
2006-12-28 20:00:00,0.0,0.0,62.33,74.21,45.97,35.276,142.23399999999998,0.0,0.0
2006-12-28 21:00:00,0.0,0.0,60.4,74.62,42.43,35.626000000000005,136.824,0.0,0.0
2006-12-28 22:00:00,0.0,0.0,56.68,75.48,38.56,37.494,128.226,0.0,0.0
2006-12-28 23:00:00,0.0,0.0,53.62,72.78,35.02,38.791000000000004,117.629,0.0,0.0
2006-12-29 00:00:00,0.0,0.0,49.77,67.32,32.15,40.519000000000005,103.721,0.0,0.0
2006-12-29 01:00:00,0.0,0.0,48.86,65.8,30.44,42.57,97.53,0.0,0.0
2006-12-29 02:00:00,0.0,0.0,48.94,63.12,28.74,43.735,92.065,0.0,0.0
2006-12-29 03:00:00,0.0,0.0,49.86,62.22,27.83,44.785,90.12500000000001,0.0,0.0
2006-12-29 04:00:00,0.0,0.0,51.95,64.14,26.89,45.498,92.482,0.0,0.0
2006-12-29 05:00:00,0.0,0.0,56.94,68.38,27.77,45.945,102.145,0.0,0.0
2006-12-29 06:00:00,0.0,0.0,62.06,72.76,32.33,46.281,115.869,0.0,0.0
2006-12-29 07:00:00,0.0,0.0,64.75,74.76,37.73,46.625,125.615,0.0,0.0
2006-12-29 08:00:00,0.0,0.0,66.13,75.91,40.83,46.513999999999996,131.356,0.0,0.0
2006-12-29 09:00:00,0.0,0.0,67.42,76.15,42.84,55.037,126.37300000000003,0.0,0.0
2006-12-29 10:00:00,0.0,0.0,68.36,76.26,43.65,58.361999999999995,124.908,0.0,0.0
2006-12-29 11:00:00,0.0,0.0,67.86,76.28,44.06,62.04899999999999,121.15100000000001,0.0,0.0
2006-12-29 12:00:00,0.0,0.0,66.67,74.58,44.29,67.51400000000001,113.02599999999998,0.0,0.0
2006-12-29 13:00:00,0.0,0.0,65.46,72.53,43.95,68.44399999999999,108.496,0.0,0.0
2006-12-29 14:00:00,0.0,0.0,64.83,70.57,43.69,67.443,106.64699999999999,0.0,0.0
2006-12-29 15:00:00,0.0,0.0,65.27,70.02,43.97,63.266000000000005,110.99400000000001,0.0,0.0
2006-12-29 16:00:00,0.0,0.0,67.65,72.34,46.6,62.425000000000004,119.16500000000002,0.0,0.0
2006-12-29 17:00:00,0.0,0.0,68.42,76.52,48.94,64.696,124.18399999999997,0.0,0.0
2006-12-29 18:00:00,0.0,0.0,66.96,77.35,48.79,67.044,121.05599999999998,0.0,0.0
2006-12-29 19:00:00,0.0,0.0,63.38,74.11,46.91,69.36,110.03999999999999,0.0,0.0
2006-12-29 20:00:00,0.0,0.0,60.43,70.91,44.13,71.55000000000001,98.92000000000002,0.0,0.0
2006-12-29 21:00:00,0.0,0.0,58.53,71.32,40.59,72.399,93.041,0.0,0.0
2006-12-29 22:00:00,0.0,0.0,54.79,72.24,36.73,72.041,90.0,0.0,0.0
2006-12-29 23:00:00,0.0,0.0,51.72,69.55,33.19,65.732,90.0,0.0,1.2720000000000198
2006-12-30 00:00:00,0.0,0.0,41.17,55.44,30.03,66.047,70.0,0.0,9.40699999999999
2006-12-30 01:00:00,0.0,0.0,40.24,53.93,28.31,63.095,59.38500000000001,0.0,0.0
2006-12-30 02:00:00,0.0,0.0,40.31,51.22,26.6,67.451,50.679000000000016,0.0,0.0
2006-12-30 03:00:00,0.0,0.0,41.2,50.3,25.68,70.664,46.516000000000005,0.0,0.0
2006-12-30 04:00:00,0.0,0.0,43.25,52.2,24.72,76.95600000000002,70.0,0.0,26.786
2006-12-30 05:00:00,0.0,0.0,48.23,56.45,25.56,80.56099999999999,49.679000000000016,0.0,0.0
2006-12-30 06:00:00,0.0,0.0,53.38,60.86,30.12,81.876,70.0,0.0,7.515999999999984
2006-12-30 07:00:00,0.0,0.0,56.09,62.86,35.53,82.406,90.0,0.0,17.926000000000002
2006-12-30 08:00:00,0.0,0.0,57.46,64.0,38.64,86.835,73.26499999999999,0.0,0.0
2006-12-30 09:00:00,0.0,0.0,58.76,64.24,40.68,94.372,69.30799999999998,0.0,0.0
2006-12-30 10:00:00,0.0,0.0,59.71,64.34,41.49,98.62599999999999,70.0,0.0,3.0859999999999843
2006-12-30 11:00:00,0.0,0.0,59.22,64.38,41.91,102.75099999999999,90.0,0.0,27.241000000000014
2006-12-30 12:00:00,0.0,0.0,58.03,62.66,42.15,103.297,70.0,0.0,10.457000000000008
2006-12-30 13:00:00,0.0,0.0,56.81,60.61,41.81,99.743,90.0,0.0,30.51299999999999
2006-12-30 14:00:00,0.0,0.0,56.19,58.64,41.55,92.07000000000001,64.31,0.0,0.0
2006-12-30 15:00:00,0.0,0.0,56.64,58.08,41.82,79.486,77.05399999999997,0.0,0.0
2006-12-30 16:00:00,0.0,0.0,59.04,60.41,44.46,64.91499999999999,90.0,8.995000000000005,0.0
2006-12-30 17:00:00,0.0,0.0,59.82,64.62,46.81,61.467,90.0,19.783000000000015,0.0
2006-12-30 18:00:00,0.0,0.0,58.37,65.48,46.66,63.843,90.0,16.66699999999999,0.0
2006-12-30 19:00:00,0.0,0.0,54.78,62.22,44.78,63.51800000000001,90.0,8.261999999999997,0.0
2006-12-30 20:00:00,0.0,0.0,51.83,58.98,41.99,65.672,90.0,0.0,2.872000000000014
2006-12-30 21:00:00,0.0,0.0,49.95,59.38,38.46,68.96700000000001,78.82300000000001,0.0,0.0
2006-12-30 22:00:00,0.0,0.0,46.21,60.36,34.59,72.611,68.549,0.0,0.0
2006-12-30 23:00:00,0.0,0.0,43.12,57.67,31.06,74.855,56.99499999999999,0.0,0.0
2006-12-31 00:00:00,0.0,0.0,35.94,49.34,29.63,73.62700000000001,41.28299999999999,0.0,0.0
2006-12-31 01:00:00,0.0,0.0,35.01,47.84,27.9,72.718,38.032,0.0,0.0
2006-12-31 02:00:00,0.0,0.0,35.06,45.11,26.17,70.354,90.0,0.0,54.01400000000001
2006-12-31 03:00:00,0.0,0.0,35.93,44.16,25.24,69.138,81.3401578947368,0.0,45.14815789473681
2006-12-31 04:00:00,0.0,0.0,37.93,46.04,24.27,67.586,70.0,0.0,29.34600000000001
2006-12-31 05:00:00,0.0,0.0,42.91,50.3,25.08,67.952,50.337999999999994,0.0,0.0
2006-12-31 06:00:00,0.0,0.0,48.08,54.73,29.62,68.456,63.974,0.0,0.0
2006-12-31 07:00:00,0.0,0.0,50.81,56.74,35.05,72.831,70.0,0.0,0.23099999999998033
2006-12-31 08:00:00,0.0,0.0,52.18,57.89,38.17,79.765,68.47500000000002,0.0,0.0
2006-12-31 09:00:00,0.0,0.0,53.48,58.12,40.23,86.77900000000001,65.05099999999999,0.0,0.0
2006-12-31 10:00:00,0.0,0.0,54.45,58.21,41.05,91.78999999999999,61.92000000000002,0.0,0.0
2006-12-31 11:00:00,0.0,0.0,53.96,58.26,41.47,92.88799999999999,90.0,0.0,29.19800000000001
2006-12-31 12:00:00,0.0,0.0,52.78,56.54,41.72,84.94900000000001,66.09100000000001,0.0,0.0
2006-12-31 13:00:00,0.0,0.0,51.56,54.47,41.38,81.01700000000001,90.0,0.0,23.607000000000028
2006-12-31 14:00:00,0.0,0.0,50.94,52.49,41.12,73.96599999999998,70.58400000000003,0.0,0.0
2006-12-31 15:00:00,0.0,0.0,51.39,51.93,41.38,66.659,78.041,0.0,0.0
2006-12-31 16:00:00,0.0,0.0,53.81,54.27,44.03,62.171,90.0,0.0,0.06099999999999284
2006-12-31 17:00:00,0.0,0.0,54.6,58.51,46.4,61.27499999999999,90.0,8.235,0.0
2006-12-31 18:00:00,0.0,0.0,53.16,59.4,46.25,64.28999999999999,90.0,4.519999999999982,0.0
2006-12-31 19:00:00,0.0,0.0,49.56,56.11,44.36,64.723,85.30699999999999,0.0,0.0
2006-12-31 20:00:00,0.0,0.0,46.61,52.82,41.57,66.965,74.035,0.0,0.0
2006-12-31 21:00:00,0.0,0.0,44.77,53.22,38.04,69.669,70.0,0.0,3.639000000000003
2006-12-31 22:00:00,0.0,0.0,41.02,54.26,34.18,71.43400000000001,58.025999999999996,0.0,0.0
2006-12-31 23:00:00,0.0,0.0,37.91,51.57,30.64,72.16600000000001,86.38542105263159,0.0,38.43142105263158
