t,shortage_gw,dr_gw,demand_r2,demand_r4,demand_r5,vre_dispatch_gw,thermal_gw,battery_discharge_gw,battery_charge_gw,electrolysis_gw,fuelcell_gw,h2_inventory_gwh
2006-01-01 00:00:00,0.0,0.0,37.91,57.03,31.42,58.05499999999999,93.305,0.0,0.0,30.0,0.0,822.8508000000006
2006-01-01 01:00:00,0.0,0.0,36.96,55.54,29.68,56.67099999999999,90.0,0.0,0.0,29.490999999999996,0.0,839.0843200000006
2006-01-01 02:00:00,0.0,0.0,37.0,52.78,27.94,53.885,90.0,0.0,1.1649999999999947,30.0,0.0,855.6843200000006
2006-01-01 03:00:00,0.0,0.0,37.84,51.79,27.01,51.346,90.29400000000001,0.0,0.0,30.0,0.0,872.2843200000007
2006-01-01 04:00:00,0.0,0.0,39.79,53.66,26.01,51.954,92.50600000000001,0.0,0.0,30.0,0.0,888.8843200000007
2006-01-01 05:00:00,0.0,0.0,44.78,57.93,26.79,49.64399999999999,104.85600000000001,0.0,0.0,30.0,0.0,905.4843200000007
2006-01-01 06:00:00,0.0,0.0,49.97,62.39,31.32,46.977000000000004,91.703,0.0,0.0,0.0,0.0,900.4843200000007
2006-01-01 07:00:00,0.0,0.0,52.71,64.4,36.76,44.918000000000006,110.0,0.0,0.0,6.047999999999984,0.0,899.8388800000007
2006-01-01 08:00:00,0.0,0.0,54.09,65.55,39.9,46.616,135.0,0.0,0.0,27.076000000000015,0.0,914.3336000000007
2006-01-01 09:00:00,0.0,0.0,55.38,65.77,41.98,53.227,104.90299999999998,0.0,0.0,0.0,0.0,909.3336000000007
2006-01-01 10:00:00,0.0,0.0,56.37,65.85,42.81,58.876999999999995,110.0,0.0,0.0,8.847000000000005,0.0,910.7034400000007
2006-01-01 11:00:00,0.0,0.0,55.89,65.91,43.23,63.873999999999995,126.156,0.0,0.0,30.0,0.0,927.3034400000007
2006-01-01 12:00:00,0.0,0.0,54.71,64.19,43.49,63.684,110.0,0.0,0.0,16.293999999999997,0.0,934.0351200000007
2006-01-01 13:00:00,0.0,0.0,53.49,62.11,43.15,58.230000000000004,110.0,0.0,0.0,14.480000000000015,0.0,939.4607200000007
2006-01-01 14:00:00,0.0,0.0,52.88,60.12,42.89,50.95,129.94,0.0,0.0,30.0,0.0,956.0607200000007
2006-01-01 15:00:00,0.0,0.0,53.33,59.56,43.13,43.34,110.0,0.0,0.0,2.319999999999995,0.0,952.7311200000007
2006-01-01 16:00:00,0.0,0.0,55.77,61.91,45.8,32.851000000000006,125.62899999999999,0.0,0.0,0.0,0.0,947.7311200000007
2006-01-01 17:00:00,0.0,0.0,56.57,66.18,48.18,22.735,143.195,0.0,0.0,0.0,0.0,942.7311200000007
2006-01-01 18:00:00,0.0,0.0,55.14,67.09,48.03,21.96,143.3,0.0,0.0,0.0,0.0,937.7311200000007
2006-01-01 19:00:00,0.0,0.0,51.53,63.79,46.14,21.186,155.0,0.0,0.0,19.72600000000002,0.0,946.9338400000007
2006-01-01 20:00:00,0.0,0.0,48.59,60.45,43.35,19.428000000000004,127.96200000000002,0.0,0.0,0.0,0.0,941.9338400000007
2006-01-01 21:00:00,0.0,0.0,46.77,60.84,39.82,18.337000000000003,124.09300000000002,0.0,0.0,0.0,0.0,936.9338400000007
2006-01-01 22:00:00,0.0,0.0,43.01,61.94,35.96,16.436,119.47400000000002,0.0,0.0,0.0,0.0,931.9338400000007
2006-01-01 23:00:00,0.0,0.0,39.89,59.26,32.43,15.080000000000002,111.50000000000001,0.0,0.0,0.0,0.0,926.9338400000007
2006-01-02 00:00:00,0.0,0.0,49.94,65.91,33.71,14.481000000000002,130.079,0.0,0.0,0.0,0.0,921.9338400000007
2006-01-02 01:00:00,0.0,0.0,48.99,64.42,31.97,14.712000000000002,125.668,0.0,0.0,0.0,0.0,916.9338400000007
2006-01-02 02:00:00,0.0,0.0,49.03,61.66,30.23,14.979999999999999,120.94000000000003,0.0,0.0,0.0,0.0,911.9338400000007
2006-01-02 03:00:00,0.0,0.0,49.87,60.68,29.29,15.200999999999999,119.639,0.0,0.0,0.0,0.0,906.9338400000007
2006-01-02 04:00:00,0.0,0.0,51.82,62.55,28.3,14.852,122.81799999999998,0.0,0.0,0.0,0.0,901.9338400000007
2006-01-02 05:00:00,0.0,0.0,56.81,66.81,29.07,14.479,133.211,0.0,0.0,0.0,0.0,896.9338400000007
2006-01-02 06:00:00,0.0,0.0,62.0,71.27,33.61,14.355,147.525,0.0,0.0,0.0,0.0,891.9338400000007
2006-01-02 07:00:00,0.0,0.0,64.74,73.28,39.05,14.806999999999999,155.0,2.262999999999991,0.0,0.0,0.0,886.9338400000007
2006-01-02 08:00:00,0.0,0.0,66.12,74.43,42.19,18.295,155.0,4.444999999999993,0.0,0.0,0.0,881.9338400000007
2006-01-02 09:00:00,0.0,0.0,67.41,74.66,44.26,26.032,155.0,0.2980000000000018,0.0,0.0,0.0,876.9338400000007
2006-01-02 10:00:00,0.0,0.0,68.4,74.73,45.09,32.931,150.28900000000002,0.0,0.0,0.0,0.0,871.9338400000007
2006-01-02 11:00:00,0.0,0.0,67.92,74.8,45.51,41.014,142.216,0.0,0.0,0.0,0.0,866.9338400000007
2006-01-02 12:00:00,0.0,0.0,66.74,73.07,45.77,43.371,137.209,0.0,0.0,0.0,0.0,861.9338400000007
2006-01-02 13:00:00,0.0,0.0,65.51,70.99,45.43,42.345,134.585,0.0,0.0,0.0,0.0,856.9338400000007
2006-01-02 14:00:00,0.0,0.0,64.91,69.0,45.17,37.958,136.12199999999999,0.0,0.0,0.0,0.0,851.9338400000007
2006-01-02 15:00:00,0.0,0.0,65.36,68.44,45.42,33.397,146.30444444444225,0.0,0.0,5.481444444442237,0.0,850.8804799999991
2006-01-02 16:00:00,0.0,0.0,67.8,70.79,48.08,29.502,152.168,0.0,0.0,0.0,0.0,845.8804799999991
2006-01-02 17:00:00,0.0,0.0,68.6,75.06,50.47,23.637999999999998,155.0,10.491999999999983,0.0,0.0,0.0,840.8804799999991
2006-01-02 18:00:00,0.0,0.0,67.17,75.97,50.32,26.524,155.0,6.935999999999993,0.0,0.0,0.0,835.8804799999991
2006-01-02 19:00:00,0.0,0.0,63.56,72.67,48.43,28.436,151.224,0.0,0.0,0.0,0.0,830.8804799999991
2006-01-02 20:00:00,0.0,0.0,60.62,69.33,45.63,29.958,155.0,0.0,0.0,14.378000000000016,0.0,836.2326399999992
2006-01-02 21:00:00,0.0,0.0,58.8,69.72,42.1,30.423000000000002,135.19699999999997,0.0,0.0,0.0,0.0,831.2326399999992
2006-01-02 22:00:00,0.0,0.0,55.04,70.82,38.24,31.051000000000002,128.049,0.0,0.0,0.0,0.0,826.2326399999992
2006-01-02 23:00:00,0.0,0.0,51.92,68.14,34.71,31.625,118.145,0.0,0.0,0.0,0.0,821.2326399999992
2006-01-03 00:00:00,0.0,0.0,51.94,68.99,33.46,32.276,117.114,0.0,0.0,0.0,0.0,816.2326399999992
2006-01-03 01:00:00,0.0,0.0,50.99,67.5,31.72,33.125,115.0,0.0,0.0,2.9149999999999974,0.0,813.3314399999991
2006-01-03 02:00:00,0.0,0.0,51.03,64.74,29.98,32.228,110.0,0.0,0.0,1.478000000000005,0.0,809.3955999999991
2006-01-03 03:00:00,0.0,0.0,51.87,63.76,29.05,31.387,110.0,0.0,0.0,1.7069999999999972,0.0,805.6246399999992
2006-01-03 04:00:00,0.0,0.0,53.82,65.63,28.05,30.521,147.92581440443195,0.0,5.946814404431946,30.0,0.0,822.2246399999992
2006-01-03 05:00:00,0.0,0.0,58.81,69.9,28.82,28.858,123.67200000000003,0.0,0.0,0.0,0.0,817.2246399999992
2006-01-03 06:00:00,0.0,0.0,64.0,74.36,33.36,25.801000000000002,140.919,0.0,0.0,0.0,0.0,812.2246399999992
2006-01-03 07:00:00,0.0,0.0,66.74,76.36,38.8,22.413,154.487,0.0,0.0,0.0,0.0,807.2246399999992
2006-01-03 08:00:00,0.0,0.0,68.12,77.51,41.94,23.932,155.0,3.6380000000000052,0.0,0.0,0.0,802.2246399999992
2006-01-03 09:00:00,0.0,0.0,69.41,77.74,44.02,28.923000000000002,155.0,2.247,0.0,0.0,0.0,797.2246399999992
2006-01-03 10:00:00,0.0,0.0,70.4,77.82,44.85,35.52,152.55,0.0,0.0,0.0,0.0,792.2246399999992
2006-01-03 11:00:00,0.0,0.0,69.92,77.88,45.27,39.581,148.489,0.0,0.0,0.0,0.0,787.2246399999992
2006-01-03 12:00:00,0.0,0.0,68.74,76.15,45.52,39.382,146.028,0.0,0.0,0.0,0.0,782.2246399999992
2006-01-03 13:00:00,0.0,0.0,67.52,74.07,45.19,36.68,145.09999999999997,0.0,0.0,0.0,0.0,777.2246399999992
2006-01-03 14:00:00,0.0,0.0,66.91,72.09,44.93,32.154,146.77599999999998,0.0,0.0,0.0,0.0,772.2246399999992
2006-01-03 15:00:00,0.0,0.0,67.36,71.53,45.17,27.196,151.864,0.0,0.0,0.0,0.0,767.2246399999992
2006-01-03 16:00:00,0.0,0.0,69.8,73.87,47.83,19.753,155.0,11.746999999999986,0.0,0.0,0.0,762.2246399999992
2006-01-03 17:00:00,0.0,0.0,70.6,78.14,50.22,13.206,155.0,25.75399999999999,0.0,0.0,0.0,757.2246399999992
2006-01-03 18:00:00,0.0,0.0,69.17,79.06,50.07,14.158,155.0,24.141999999999996,0.0,0.0,0.0,752.2246399999992
2006-01-03 19:00:00,0.0,0.0,65.56,75.75,48.18,14.781,155.0,14.708999999999989,0.0,0.0,0.0,747.2246399999992
2006-01-03 20:00:00,0.0,0.0,62.62,72.42,45.39,14.345999999999998,155.0,6.084000000000003,0.0,0.0,0.0,742.2246399999992
2006-01-03 21:00:00,0.0,0.0,60.8,72.81,41.86,14.337,155.0,1.1329999999999973,0.0,0.0,0.0,737.2246399999992
2006-01-03 22:00:00,0.0,0.0,57.04,73.9,38.0,14.879999999999999,149.06,0.0,0.0,0.0,0.0,732.2246399999992
2006-01-03 23:00:00,0.0,0.0,53.92,71.22,34.46,15.419999999999998,139.17999999999998,0.0,0.0,0.0,0.0,727.2246399999992
2006-01-04 00:00:00,0.0,0.0,52.83,70.87,35.94,16.065,138.575,0.0,0.0,0.0,0.0,722.2246399999992
2006-01-04 01:00:00,0.0,0.0,51.88,69.38,34.2,16.598,133.862,0.0,0.0,0.0,0.0,717.2246399999992
2006-01-04 02:00:00,0.0,0.0,51.93,66.62,32.45,16.545,129.45499999999998,0.0,0.0,0.0,0.0,712.2246399999992
2006-01-04 03:00:00,0.0,0.0,52.77,65.63,31.52,16.336,135.0,0.0,0.0,6.41600000000001,0.0,711.8441599999992
2006-01-04 04:00:00,0.0,0.0,54.72,67.5,30.53,16.294,131.45600000000002,0.0,0.0,0.0,0.0,706.8441599999992
2006-01-04 05:00:00,0.0,0.0,59.7,71.77,31.3,16.131,141.63899999999998,0.0,0.0,0.0,0.0,701.8441599999992
2006-01-04 06:00:00,0.0,0.0,64.9,76.23,35.83,16.04,155.0,0.9200000000000017,0.0,0.0,0.0,696.8441599999992
2006-01-04 07:00:00,0.0,0.0,67.64,78.24,41.27,16.441999999999997,155.0,10.708,0.0,0.0,0.0,691.8441599999992
2006-01-04 08:00:00,0.0,0.0,69.01,79.39,44.41,20.559000000000005,155.0,12.251000000000005,0.0,0.0,0.0,686.8441599999992
2006-01-04 09:00:00,0.0,0.0,70.31,79.61,46.49,30.206,155.0,6.203999999999979,0.0,0.0,0.0,681.8441599999992
2006-01-04 10:00:00,0.0,0.0,71.3,79.69,47.32,38.841,154.469,0.0,0.0,0.0,0.0,676.8441599999992
2006-01-04 11:00:00,0.0,0.0,70.81,79.75,47.74,43.612,149.688,0.0,0.0,0.0,0.0,671.8441599999992
2006-01-04 12:00:00,0.0,0.0,69.63,78.03,48.0,44.397000000000006,146.26299999999998,0.0,0.0,0.0,0.0,666.8441599999992
2006-01-04 13:00:00,0.0,0.0,68.41,75.95,47.66,41.56999999999999,145.45,0.0,0.0,0.0,0.0,661.8441599999992
2006-01-04 14:00:00,0.0,0.0,67.8,73.96,47.4,35.016000000000005,149.144,0.0,0.0,0.0,0.0,656.8441599999992
2006-01-04 15:00:00,0.0,0.0,68.26,73.4,47.65,26.802,155.0,2.5080000000000098,0.0,0.0,0.0,651.8441599999992
2006-01-04 16:00:00,0.0,0.0,70.7,75.75,50.31,21.272999999999996,155.0,15.486999999999995,0.0,0.0,0.0,646.8441599999992
2006-01-04 17:00:00,0.0,0.0,71.49,80.02,52.69,22.961,155.0,21.238999999999983,0.0,0.0,0.0,641.8441599999992
2006-01-04 18:00:00,0.0,0.0,70.06,80.93,52.54,25.389000000000003,155.0,18.141000000000005,0.0,0.0,0.0,636.8441599999992
2006-01-04 19:00:00,0.0,0.0,66.45,77.63,50.65,26.241999999999997,155.0,8.488,0.0,0.0,0.0,631.8441599999992
2006-01-04 20:00:00,0.0,0.0,63.51,74.29,47.86,26.424999999999997,154.23499999999999,0.0,0.0,0.0,0.0,626.8441599999992
2006-01-04 21:00:00,0.0,0.0,61.69,74.68,44.33,28.069000000000003,147.631,0.0,0.0,0.0,0.0,621.8441599999992
2006-01-04 22:00:00,0.0,0.0,57.93,75.78,40.47,29.740000000000002,155.0,0.0,0.0,15.560000000000008,0.0,628.0473599999992
2006-01-04 23:00:00,0.0,0.0,54.81,73.1,36.94,31.384999999999998,128.465,0.0,0.0,0.0,0.0,623.0473599999992
2006-01-05 00:00:00,0.0,0.0,52.4,74.75,37.09,33.406,125.83400000000002,0.0,0.0,0.0,0.0,618.0473599999992
2006-01-05 01:00:00,0.0,0.0,51.45,73.26,35.35,34.776,120.284,0.0,0.0,0.0,0.0,613.0473599999992
2006-01-05 02:00:00,0.0,0.0,51.5,70.5,33.61,36.845000000000006,113.76499999999999,0.0,0.0,0.0,0.0,608.0473599999992
2006-01-05 03:00:00,0.0,0.0,52.34,69.51,32.68,38.897,110.63300000000002,0.0,0.0,0.0,0.0,603.0473599999992
2006-01-05 04:00:00,0.0,0.0,54.29,71.38,31.68,39.519,135.0,0.0,0.0,22.169000000000022,0.0,614.0090399999992
2006-01-05 05:00:00,0.0,0.0,59.27,75.65,32.46,42.127,130.0,0.0,0.0,9.746999999999986,0.0,616.0268799999992
2006-01-05 06:00:00,0.0,0.0,64.47,80.11,36.99,44.682,131.888,0.0,0.0,0.0,0.0,611.0268799999992
2006-01-05 07:00:00,0.0,0.0,67.21,82.12,42.43,46.83500000000001,155.0,0.0,0.0,15.074999999999996,0.0,616.8808799999993
2006-01-05 08:00:00,0.0,0.0,68.58,83.27,45.57,54.059000000000005,138.361,0.0,0.0,0.0,0.0,611.8808799999993
2006-01-05 09:00:00,0.0,0.0,69.88,83.49,47.65,64.33,135.0,0.0,0.0,3.3100000000000165,0.0,609.2640799999992
2006-01-05 10:00:00,0.0,0.0,70.87,83.57,48.48,75.223,135.0,0.0,0.0,12.30300000000003,0.0,613.1222399999992
2006-01-05 11:00:00,0.0,0.0,70.38,83.63,48.9,84.35699999999999,113.553,0.0,0.0,0.0,0.0,608.1222399999992
2006-01-05 12:00:00,0.0,0.0,69.2,81.9,49.16,86.332,108.92800000000003,0.0,0.0,0.0,0.0,603.1222399999992
2006-01-05 13:00:00,0.0,0.0,67.98,79.83,48.82,81.475,110.155,0.0,0.0,0.0,0.0,598.1222399999992
2006-01-05 14:00:00,0.0,0.0,67.37,77.84,48.56,70.248,118.52199999999999,0.0,0.0,0.0,0.0,593.1222399999992
2006-01-05 15:00:00,0.0,0.0,67.83,77.28,48.8,59.123,130.0,0.0,0.0,0.21299999999999386,0.0,588.2755999999993
2006-01-05 16:00:00,0.0,0.0,70.27,79.63,51.47,51.547,144.823,0.0,0.0,0.0,0.0,583.2755999999993
2006-01-05 17:00:00,0.0,0.0,71.07,83.9,53.85,50.099000000000004,155.0,0.0,0.0,1.2790000000000123,0.0,579.1964799999993
2006-01-05 18:00:00,0.0,0.0,69.63,84.81,53.7,49.281,153.859,0.0,0.0,0.0,0.0,574.1964799999993
2006-01-05 19:00:00,0.0,0.0,66.02,81.51,51.81,46.160000000000004,148.18,0.0,0.0,0.0,0.0,569.1964799999993
2006-01-05 20:00:00,0.0,0.0,63.08,78.17,49.02,42.295,142.97500000000002,0.0,0.0,0.0,0.0,564.1964799999993
2006-01-05 21:00:00,0.0,0.0,61.26,78.56,45.49,38.925,141.38500000000002,0.0,0.0,0.0,0.0,559.1964799999993
2006-01-05 22:00:00,0.0,0.0,57.5,79.66,41.63,36.802,136.988,0.0,0.0,0.0,0.0,554.1964799999993
2006-01-05 23:00:00,0.0,0.0,54.38,76.98,38.1,35.655,135.0,0.0,0.0,6.195000000000004,0.0,553.6568799999993
2006-01-06 00:00:00,0.0,0.0,51.07,72.44,36.91,34.792,120.62799999999999,0.0,0.0,0.0,0.0,548.6568799999993
2006-01-06 01:00:00,0.0,0.0,50.12,70.96,35.17,32.793,118.457,0.0,0.0,0.0,0.0,543.6568799999993
2006-01-06 02:00:00,0.0,0.0,50.17,68.2,33.43,30.746000000000002,116.054,0.0,0.0,0.0,0.0,538.6568799999993
2006-01-06 03:00:00,0.0,0.0,51.01,67.21,32.5,30.386999999999997,115.33299999999998,0.0,0.0,0.0,0.0,533.6568799999993
2006-01-06 04:00:00,0.0,0.0,52.96,69.08,31.5,29.244,119.29599999999999,0.0,0.0,0.0,0.0,528.6568799999993
2006-01-06 05:00:00,0.0,0.0,57.94,73.35,32.28,27.979999999999997,130.59,0.0,0.0,0.0,0.0,523.6568799999993
2006-01-06 06:00:00,0.0,0.0,63.14,77.81,36.81,27.700000000000003,145.06,0.0,0.0,0.0,0.0,518.6568799999993
2006-01-06 07:00:00,0.0,0.0,65.88,79.81,42.25,28.07,154.87,0.0,0.0,0.0,0.0,513.6568799999993
2006-01-06 08:00:00,0.0,0.0,67.25,80.97,45.39,31.095000000000002,155.0,2.5149999999999864,0.0,0.0,0.0,508.65687999999926
2006-01-06 09:00:00,0.0,0.0,68.55,81.19,47.47,38.175,154.035,0.0,0.0,0.0,0.0,503.65687999999926
2006-01-06 10:00:00,0.0,0.0,69.54,81.27,48.3,44.139,149.971,0.0,0.0,0.0,0.0,498.65687999999926
2006-01-06 11:00:00,0.0,0.0,69.06,81.33,48.72,46.411,147.69899999999998,0.0,0.0,0.0,0.0,493.65687999999926
2006-01-06 12:00:00,0.0,0.0,67.88,79.6,48.98,45.429,146.03099999999998,0.0,0.0,0.0,0.0,488.65687999999926
2006-01-06 13:00:00,0.0,0.0,66.65,77.53,48.64,41.836000000000006,145.984,0.0,0.0,0.0,0.0,483.65687999999926
2006-01-06 14:00:00,0.0,0.0,66.05,75.54,48.38,34.28,150.69,0.0,0.0,0.0,0.0,478.65687999999926
2006-01-06 15:00:00,0.0,0.0,66.5,74.98,48.62,26.084999999999997,155.0,4.014999999999995,0.0,0.0,0.0,473.65687999999926
2006-01-06 16:00:00,0.0,0.0,68.94,77.33,51.29,23.627,155.0,13.932999999999986,0.0,0.0,0.0,468.65687999999926
2006-01-06 17:00:00,0.0,0.0,69.74,81.6,53.67,24.518,155.0,20.49199999999999,0.0,0.0,0.0,463.65687999999926
2006-01-06 18:00:00,0.0,0.0,68.31,82.51,53.52,25.762,155.0,18.578000000000003,0.0,0.0,0.0,458.65687999999926
2006-01-06 19:00:00,0.0,0.0,64.69,79.21,51.63,25.222,155.0,10.30799999999998,0.0,0.0,0.0,453.65687999999926
2006-01-06 20:00:00,0.0,0.0,61.75,75.87,48.84,23.97,155.0,2.490000000000011,0.0,0.0,0.0,448.65687999999926
2006-01-06 21:00:00,0.0,0.0,59.93,76.26,45.31,22.059000000000005,154.441,0.0,0.0,0.0,0.0,443.65687999999926
2006-01-06 22:00:00,0.0,0.0,56.18,77.36,41.45,20.997999999999998,148.992,0.0,0.0,0.0,0.0,438.65687999999926
2006-01-06 23:00:00,0.0,0.0,53.05,74.68,37.92,19.532,141.118,0.0,0.0,0.0,0.0,433.65687999999926
2006-01-07 00:00:00,0.0,0.0,43.01,64.66,34.53,18.249,130.0,0.0,0.0,11.04900000000001,0.0,436.6121599999993
2006-01-07 01:00:00,0.0,0.0,42.06,63.17,32.79,17.853,115.167,0.0,0.0,0.0,0.0,431.6121599999993
2006-01-07 02:00:00,0.0,0.0,42.11,60.42,31.05,17.683999999999997,135.0,0.0,0.0,24.104,0.0,443.96703999999926
2006-01-07 03:00:00,0.0,0.0,42.95,59.43,30.11,17.725,115.0,0.0,0.0,5.235000000000003,0.0,442.73623999999927
2006-01-07 04:00:00,0.0,0.0,44.89,61.3,29.12,18.608,111.702,0.0,0.0,0.0,0.0,437.73623999999927
2006-01-07 05:00:00,0.0,0.0,49.88,65.57,29.89,18.755,121.58500000000001,0.0,0.0,0.0,0.0,432.73623999999927
2006-01-07 06:00:00,0.0,0.0,55.08,70.03,34.43,19.317,135.223,0.0,0.0,0.0,0.0,427.73623999999927
2006-01-07 07:00:00,0.0,0.0,57.82,72.03,39.87,19.567999999999998,145.152,0.0,0.0,0.0,0.0,422.73623999999927
2006-01-07 08:00:00,0.0,0.0,59.19,73.18,43.01,22.401,155.0,0.0,0.0,7.0209999999999875,0.0,422.79135999999926
2006-01-07 09:00:00,0.0,0.0,60.49,73.41,45.08,28.798999999999996,145.18099999999998,0.0,0.0,0.0,0.0,417.79135999999926
2006-01-07 10:00:00,0.0,0.0,61.48,73.49,45.91,34.38,141.5,0.0,0.0,0.0,0.0,412.79135999999926
2006-01-07 11:00:00,0.0,0.0,60.99,73.55,46.34,36.70099999999999,139.179,0.0,0.0,0.0,0.0,407.79135999999926
2006-01-07 12:00:00,0.0,0.0,59.81,71.82,46.59,35.11000000000001,138.10999999999999,0.0,0.0,0.0,0.0,402.79135999999926
2006-01-07 13:00:00,0.0,0.0,58.59,69.75,46.25,31.019000000000002,138.571,0.0,0.0,0.0,0.0,397.79135999999926
2006-01-07 14:00:00,0.0,0.0,57.98,67.76,46.0,24.29,142.45000000000002,0.0,0.0,0.0,0.0,392.79135999999926
2006-01-07 15:00:00,0.0,0.0,58.44,67.2,46.24,19.531000000000002,147.349,0.0,0.0,0.0,0.0,387.79135999999926
2006-01-07 16:00:00,0.0,0.0,60.88,69.55,48.9,19.608,154.72199999999998,0.0,0.0,0.0,0.0,382.79135999999926
2006-01-07 17:00:00,0.0,0.0,61.67,73.82,51.29,21.391,155.0,5.388999999999996,0.0,0.0,0.0,377.79135999999926
2006-01-07 18:00:00,0.0,0.0,60.24,74.73,51.14,23.296999999999997,155.0,2.8130000000000024,0.0,0.0,0.0,372.79135999999926
2006-01-07 19:00:00,0.0,0.0,56.63,71.43,49.25,23.439999999999998,148.87,0.0,0.0,0.0,0.0,367.79135999999926
2006-01-07 20:00:00,0.0,0.0,53.69,68.09,46.45,23.037,140.19299999999998,0.0,0.0,0.0,0.0,362.79135999999926
2006-01-07 21:00:00,0.0,0.0,51.87,68.48,42.92,22.833000000000002,135.437,0.0,0.0,0.0,0.0,357.79135999999926
2006-01-07 22:00:00,0.0,0.0,48.11,69.58,39.06,22.431,129.319,0.0,0.0,0.0,0.0,352.79135999999926
2006-01-07 23:00:00,0.0,0.0,44.99,66.9,35.53,21.982000000000003,130.0,0.0,0.0,9.562000000000005,0.0,354.67599999999925
2006-01-08 00:00:00,0.0,0.0,40.21,61.11,33.8,21.644,110.0,0.0,0.0,1.524000000000008,0.0,350.77327999999926
2006-01-08 01:00:00,0.0,0.0,39.26,59.62,32.06,21.332,138.66663711911355,0.0,4.0586371191135715,30.0,0.0,367.3732799999993
2006-01-08 02:00:00,0.0,0.0,39.31,56.86,30.32,21.982,135.0,0.0,5.492000000000005,30.0,0.0,383.9732799999993
2006-01-08 03:00:00,0.0,0.0,40.15,55.88,29.39,21.84,130.0,0.0,1.4200000000000044,30.0,0.0,400.57327999999933
2006-01-08 04:00:00,0.0,0.0,42.1,57.75,28.39,21.704,101.536,0.0,0.0,0.0,0.0,395.57327999999933
2006-01-08 05:00:00,0.0,0.0,47.08,62.01,29.17,21.936,111.32399999999998,0.0,0.0,0.0,0.0,390.57327999999933
2006-01-08 06:00:00,0.0,0.0,52.28,66.47,33.7,22.302,135.0,0.0,0.0,9.852000000000013,0.0,392.6667199999993
2006-01-08 07:00:00,0.0,0.0,55.02,68.48,39.14,22.955999999999996,134.68400000000003,0.0,0.0,0.0,0.0,387.6667199999993
2006-01-08 08:00:00,0.0,0.0,56.39,69.63,42.28,26.480000000000004,155.0,0.0,0.0,18.180000000000007,0.0,395.75631999999933
2006-01-08 09:00:00,0.0,0.0,57.69,69.86,44.36,32.87800000000001,134.03199999999998,0.0,0.0,0.0,0.0,390.75631999999933
2006-01-08 10:00:00,0.0,0.0,58.68,69.93,45.19,38.09499999999999,130.705,0.0,0.0,0.0,0.0,385.75631999999933
2006-01-08 11:00:00,0.0,0.0,58.2,70.0,45.61,40.967000000000006,155.0,0.0,0.0,27.157,0.0,400.30935999999934
2006-01-08 12:00:00,0.0,0.0,57.01,68.27,45.87,38.923,127.22699999999998,0.0,0.0,0.0,0.0,395.30935999999934
2006-01-08 13:00:00,0.0,0.0,55.79,66.19,45.53,33.010999999999996,129.499,0.0,0.0,0.0,0.0,390.30935999999934
2006-01-08 14:00:00,0.0,0.0,55.19,64.2,45.27,23.746999999999996,135.913,0.0,0.0,0.0,0.0,385.30935999999934
2006-01-08 15:00:00,0.0,0.0,55.64,63.64,45.51,16.717999999999996,143.072,0.0,0.0,0.0,0.0,380.30935999999934
2006-01-08 16:00:00,0.0,0.0,58.08,65.99,48.18,17.402,149.848,0.0,0.0,0.0,0.0,375.30935999999934
2006-01-08 17:00:00,0.0,0.0,58.88,70.26,50.56,18.533,155.0,1.1670000000000096,0.0,0.0,0.0,370.30935999999934
2006-01-08 18:00:00,0.0,0.0,57.44,71.17,50.41,18.814,155.0,0.20599999999998175,0.0,0.0,0.0,365.30935999999934
2006-01-08 19:00:00,0.0,0.0,53.83,67.87,48.52,17.967,147.253,0.0,0.0,0.0,0.0,360.30935999999934
2006-01-08 20:00:00,0.0,0.0,50.89,64.53,45.73,16.801,139.349,0.0,0.0,0.0,0.0,355.30935999999934
2006-01-08 21:00:00,0.0,0.0,49.07,64.92,42.2,15.691999999999998,135.49800000000002,0.0,0.0,0.0,0.0,350.30935999999934
2006-01-08 22:00:00,0.0,0.0,45.31,66.02,38.34,14.818000000000001,155.0,0.0,0.0,25.148000000000014,0.0,363.41591999999935
2006-01-08 23:00:00,0.0,0.0,42.19,63.34,34.81,14.118999999999998,121.22099999999999,0.0,0.0,0.0,0.0,358.41591999999935
2006-01-09 00:00:00,0.0,0.0,52.18,68.41,34.66,13.921,136.32899999999998,0.0,0.0,0.0,0.0,353.41591999999935
2006-01-09 01:00:00,0.0,0.0,51.23,66.92,32.92,14.099,131.971,0.0,0.0,0.0,0.0,348.41591999999935
2006-01-09 02:00:00,0.0,0.0,51.28,64.16,31.18,14.629000000000001,130.0,0.0,0.0,3.0090000000000217,0.0,345.5823999999994
2006-01-09 03:00:00,0.0,0.0,52.12,63.18,30.25,15.286000000000001,125.264,0.0,0.0,0.0,0.0,340.5823999999994
2006-01-09 04:00:00,0.0,0.0,54.07,65.05,29.25,16.461,126.909,0.0,0.0,0.0,0.0,335.5823999999994
2006-01-09 05:00:00,0.0,0.0,59.05,69.31,30.03,18.185000000000002,135.20499999999998,0.0,0.0,0.0,0.0,330.5823999999994
2006-01-09 06:00:00,0.0,0.0,64.25,73.77,34.56,21.218,146.362,0.0,0.0,0.0,0.0,325.5823999999994
2006-01-09 07:00:00,0.0,0.0,66.99,75.78,40.0,25.7,152.07,0.0,0.0,0.0,0.0,320.5823999999994
2006-01-09 08:00:00,0.0,0.0,68.36,76.93,43.14,32.129999999999995,151.3,0.0,0.0,0.0,0.0,315.5823999999994
2006-01-09 09:00:00,0.0,0.0,69.66,77.16,45.22,38.608000000000004,148.432,0.0,0.0,0.0,0.0,310.5823999999994
2006-01-09 10:00:00,0.0,0.0,70.65,77.23,46.05,43.633,155.0,0.0,0.0,9.702999999999996,0.0,312.56855999999937
2006-01-09 11:00:00,0.0,0.0,70.17,77.3,46.47,44.922999999999995,144.01699999999997,0.0,0.0,0.0,0.0,307.56855999999937
2006-01-09 12:00:00,0.0,0.0,68.99,75.57,46.73,43.602000000000004,142.688,0.0,0.0,0.0,0.0,302.56855999999937
2006-01-09 13:00:00,0.0,0.0,67.76,73.49,46.39,39.136,143.50400000000002,0.0,0.0,0.0,0.0,297.56855999999937
2006-01-09 14:00:00,0.0,0.0,67.16,71.5,46.13,32.96000000000001,146.83,0.0,0.0,0.0,0.0,292.56855999999937
2006-01-09 15:00:00,0.0,0.0,67.61,70.94,46.37,28.473999999999997,151.446,0.0,0.0,0.0,0.0,287.56855999999937
2006-01-09 16:00:00,0.0,0.0,70.05,73.29,49.04,29.419999999999995,155.0,2.960000000000017,0.0,0.0,0.0,282.56855999999937
2006-01-09 17:00:00,0.0,0.0,70.85,77.56,51.42,34.426,155.0,5.403999999999982,0.0,0.0,0.0,277.56855999999937
2006-01-09 18:00:00,0.0,0.0,69.41,78.47,51.27,38.986000000000004,155.0,0.16400000000001747,0.0,0.0,0.0,272.56855999999937
2006-01-09 19:00:00,0.0,0.0,65.8,75.17,49.38,41.522000000000006,143.828,0.0,0.0,0.0,0.0,267.56855999999937
2006-01-09 20:00:00,0.0,0.0,62.86,71.83,46.59,43.712,132.56799999999998,0.0,0.0,0.0,0.0,262.56855999999937
2006-01-09 21:00:00,0.0,0.0,61.04,72.22,43.06,46.594,124.726,0.0,0.0,0.0,0.0,257.56855999999937
2006-01-09 22:00:00,0.0,0.0,57.28,73.32,39.2,46.365,118.43499999999997,0.0,0.0,0.0,0.0,252.56855999999934
2006-01-09 23:00:00,0.0,0.0,54.16,70.64,35.67,45.553,110.0,0.0,0.0,0.08300000000000551,0.0,247.62831999999935
2006-01-10 00:00:00,0.0,0.0,53.42,69.7,32.37,44.56100000000001,105.929,0.0,0.0,0.0,0.0,242.62831999999935
2006-01-10 01:00:00,0.0,0.0,52.47,68.21,30.63,43.653,115.0,0.0,0.0,12.343000000000004,0.0,246.51527999999936
2006-01-10 02:00:00,0.0,0.0,52.52,65.46,28.89,43.111999999999995,128.758,0.0,0.0,30.0,0.0,263.11527999999936
2006-01-10 03:00:00,0.0,0.0,53.36,64.47,27.96,42.441,115.0,0.0,0.0,16.65099999999997,0.0,270.10399999999936
2006-01-10 04:00:00,0.0,0.0,55.3,66.34,26.96,41.865,131.73499999999999,0.0,0.0,30.0,0.0,286.7039999999994
2006-01-10 05:00:00,0.0,0.0,60.29,70.61,27.73,42.724000000000004,110.906,0.0,0.0,0.0,0.0,281.7039999999994
2006-01-10 06:00:00,0.0,0.0,65.49,75.07,32.27,44.370999999999995,123.459,0.0,0.0,0.0,0.0,276.7039999999994
2006-01-10 07:00:00,0.0,0.0,68.23,77.07,37.71,46.91199999999999,131.098,0.0,0.0,0.0,0.0,271.7039999999994
2006-01-10 08:00:00,0.0,0.0,69.6,78.22,40.85,53.138,130.53199999999998,0.0,0.0,0.0,0.0,266.7039999999994
2006-01-10 09:00:00,0.0,0.0,70.9,78.45,42.93,62.669999999999995,124.61000000000001,0.0,0.0,0.0,0.0,261.7039999999994
2006-01-10 10:00:00,0.0,0.0,71.89,78.53,43.76,70.042,135.0,0.0,0.0,15.862000000000002,0.0,268.1246399999994
2006-01-10 11:00:00,0.0,0.0,71.4,78.59,44.18,74.386,114.784,0.0,0.0,0.0,0.0,263.1246399999994
2006-01-10 12:00:00,0.0,0.0,70.22,76.86,44.43,75.75400000000002,110.756,0.0,0.0,0.0,0.0,258.1246399999994
2006-01-10 13:00:00,0.0,0.0,69.0,74.79,44.1,73.727,110.0,0.0,0.0,0.8369999999999944,0.0,253.72727999999938
2006-01-10 14:00:00,0.0,0.0,68.39,72.8,43.84,68.00999999999999,112.02000000000001,0.0,0.0,0.0,0.0,248.72727999999938
2006-01-10 15:00:00,0.0,0.0,68.85,72.24,44.08,63.013,117.15699999999998,0.0,0.0,0.0,0.0,243.72727999999938
2006-01-10 16:00:00,0.0,0.0,71.29,74.59,46.74,59.318,130.0,0.0,0.0,1.6979999999999968,0.0,239.94983999999937
2006-01-10 17:00:00,0.0,0.0,72.08,78.86,49.13,59.71300000000001,135.35699999999997,0.0,0.0,0.0,0.0,234.94983999999937
2006-01-10 18:00:00,0.0,0.0,70.65,79.77,48.98,57.879999999999995,136.51999999999998,0.0,0.0,0.0,0.0,229.94983999999937
2006-01-10 19:00:00,0.0,0.0,67.04,76.46,47.09,53.187,132.40300000000002,0.0,0.0,0.0,0.0,224.94983999999937
2006-01-10 20:00:00,0.0,0.0,64.1,73.13,44.3,56.855999999999995,135.0,0.0,0.0,15.326000000000015,0.0,230.9845599999994
2006-01-10 21:00:00,0.0,0.0,62.28,73.52,40.77,59.42699999999999,130.0,0.0,0.0,17.856999999999996,0.0,238.84159999999937
2006-01-10 22:00:00,0.0,0.0,58.52,74.62,36.91,64.96300000000001,100.08700000000002,0.0,0.0,0.0,0.0,233.84159999999937
2006-01-10 23:00:00,0.0,0.0,55.4,71.93,33.38,65.864,119.846,0.0,0.0,30.0,0.0,250.44159999999937
2006-01-11 00:00:00,0.0,0.0,53.15,69.63,34.24,66.942,90.0,0.0,0.0,4.922000000000004,0.0,248.9854399999994
2006-01-11 01:00:00,0.0,0.0,52.2,68.14,32.5,68.074,130.0,0.0,20.233999999999995,30.0,0.0,265.5854399999994
2006-01-11 02:00:00,0.0,0.0,52.24,65.39,30.75,68.586,135.0,0.0,30.206000000000007,30.0,0.0,282.1854399999994
2006-01-11 03:00:00,0.0,0.0,53.08,64.4,29.82,69.169,110.0,0.0,6.868999999999986,30.0,0.0,298.7854399999994
2006-01-11 04:00:00,0.0,0.0,55.03,66.27,28.82,69.069,106.05099999999999,0.0,0.0,30.0,0.0,315.38543999999945
2006-01-11 05:00:00,0.0,0.0,60.02,70.54,29.6,69.58200000000001,115.57800000000002,0.0,0.0,30.0,0.0,331.98543999999947
2006-01-11 06:00:00,0.0,0.0,65.21,75.0,34.13,70.479,128.86100000000002,0.0,0.0,30.0,0.0,348.5854399999995
2006-01-11 07:00:00,0.0,0.0,67.95,77.0,39.57,71.562,130.0,0.0,0.0,22.042000000000016,0.0,359.4556799999995
2006-01-11 08:00:00,0.0,0.0,69.33,78.15,42.71,76.532,110.0,0.0,0.0,1.341999999999988,0.0,355.4219199999995
2006-01-11 09:00:00,0.0,0.0,70.62,78.38,44.79,84.183,104.60700000000001,0.0,0.0,0.0,0.0,350.4219199999995
2006-01-11 10:00:00,0.0,0.0,71.61,78.46,45.62,88.06200000000001,110.0,0.0,0.0,7.372000000000014,0.0,350.7297599999995
2006-01-11 11:00:00,0.0,0.0,71.13,78.52,46.04,91.92200000000001,98.76799999999997,0.0,0.0,0.0,0.0,345.7297599999995
2006-01-11 12:00:00,0.0,0.0,69.95,76.79,46.3,91.473,110.0,0.0,0.0,13.432999999999982,0.0,350.4015199999995
2006-01-11 13:00:00,0.0,0.0,68.72,74.72,45.96,85.91999999999999,110.0,0.0,0.0,11.519999999999989,0.0,353.6959199999995
2006-01-11 14:00:00,0.0,0.0,68.12,72.73,45.7,76.232,115.0,0.0,0.0,9.68199999999998,0.0,355.66695999999945
2006-01-11 15:00:00,0.0,0.0,68.57,72.17,45.95,64.395,117.29500000000003,0.0,0.0,0.0,0.0,350.66695999999945
2006-01-11 16:00:00,0.0,0.0,71.01,74.52,48.61,57.31399999999999,131.82600000000002,0.0,0.0,0.0,0.0,345.66695999999945
2006-01-11 17:00:00,0.0,0.0,71.81,78.79,50.99,54.297999999999995,142.29200000000003,0.0,0.0,0.0,0.0,340.66695999999945
2006-01-11 18:00:00,0.0,0.0,70.38,79.7,50.84,51.722,144.198,0.0,0.0,0.0,0.0,335.66695999999945
2006-01-11 19:00:00,0.0,0.0,66.77,76.39,48.95,47.98500000000001,139.125,0.0,0.0,0.0,0.0,330.66695999999945
2006-01-11 20:00:00,0.0,0.0,63.83,73.06,46.16,42.633,135.417,0.0,0.0,0.0,0.0,325.66695999999945
2006-01-11 21:00:00,0.0,0.0,62.0,73.45,42.63,39.026,134.054,0.0,0.0,0.0,0.0,320.66695999999945
2006-01-11 22:00:00,0.0,0.0,58.25,74.55,38.77,36.148,130.422,0.0,0.0,0.0,0.0,315.66695999999945
2006-01-11 23:00:00,0.0,0.0,55.13,71.86,35.24,34.052,123.178,0.0,0.0,0.0,0.0,310.66695999999945
2006-01-12 00:00:00,0.0,0.0,51.99,67.76,34.81,31.889,117.67099999999999,0.0,0.0,0.0,0.0,305.66695999999945
2006-01-12 01:00:00,0.0,0.0,51.04,66.27,33.07,30.658,114.722,0.0,0.0,0.0,0.0,300.66695999999945
2006-01-12 02:00:00,0.0,0.0,51.09,63.52,31.33,30.554999999999996,135.0,0.0,0.0,24.615000000000002,0.0,313.38975999999946
2006-01-12 03:00:00,0.0,0.0,51.93,62.53,30.4,30.73,110.0,0.0,0.0,0.8699999999999974,0.0,309.01615999999945
2006-01-12 04:00:00,0.0,0.0,53.87,64.4,29.4,31.535,141.13500000000002,0.0,0.0,30.0,0.0,325.61615999999947
2006-01-12 05:00:00,0.0,0.0,58.86,68.67,30.18,33.981,118.729,0.0,0.0,0.0,0.0,320.61615999999947
2006-01-12 06:00:00,0.0,0.0,64.06,73.13,34.71,36.760000000000005,130.14000000000001,0.0,0.0,0.0,0.0,315.61615999999947
2006-01-12 07:00:00,0.0,0.0,66.8,75.13,40.15,38.778000000000006,138.302,0.0,0.0,0.0,0.0,310.61615999999947
2006-01-12 08:00:00,0.0,0.0,68.17,76.28,43.29,43.036,139.70399999999998,0.0,0.0,0.0,0.0,305.61615999999947
2006-01-12 09:00:00,0.0,0.0,69.47,76.51,45.37,50.167,136.183,0.0,0.0,0.0,0.0,300.61615999999947
2006-01-12 10:00:00,0.0,0.0,70.46,76.59,46.2,55.845,135.0,0.0,0.0,2.5950000000000126,0.0,297.4845599999995
2006-01-12 11:00:00,0.0,0.0,69.97,76.65,46.62,59.101,129.139,0.0,0.0,0.0,0.0,292.4845599999995
2006-01-12 12:00:00,0.0,0.0,68.79,74.92,46.88,58.87899999999999,126.71099999999998,0.0,0.0,0.0,0.0,287.4845599999995
2006-01-12 13:00:00,0.0,0.0,67.57,72.84,46.54,54.239,127.711,0.0,0.0,0.0,0.0,282.4845599999995
2006-01-12 14:00:00,0.0,0.0,66.96,70.86,46.28,47.791000000000004,135.0,0.0,0.0,3.691000000000008,0.0,280.1420799999995
2006-01-12 15:00:00,0.0,0.0,67.42,70.3,46.52,39.61299999999999,139.627,0.0,0.0,0.0,0.0,275.1420799999995
2006-01-12 16:00:00,0.0,0.0,69.86,72.65,49.19,35.322,151.37800000000001,0.0,0.0,0.0,0.0,270.1420799999995
2006-01-12 17:00:00,0.0,0.0,70.65,76.92,51.57,35.389,155.0,3.7510000000000003,0.0,0.0,0.0,265.1420799999995
2006-01-12 18:00:00,0.0,0.0,69.22,77.83,51.42,45.024,148.44600000000003,0.0,0.0,0.0,0.0,260.1420799999995
2006-01-12 19:00:00,0.0,0.0,65.61,74.52,49.53,47.037000000000006,137.623,0.0,0.0,0.0,0.0,255.1420799999995
2006-01-12 20:00:00,0.0,0.0,62.67,71.19,46.74,47.567,135.0,0.0,0.0,6.966999999999999,0.0,255.15831999999952
2006-01-12 21:00:00,0.0,0.0,60.85,71.58,43.21,47.565,153.07500000000002,0.0,0.0,30.0,0.0,271.7583199999995
2006-01-12 22:00:00,0.0,0.0,57.09,72.67,39.35,46.95,135.0,0.0,0.0,17.840000000000014,0.0,279.60311999999954
2006-01-12 23:00:00,0.0,0.0,53.97,69.99,35.82,46.549,115.0,0.0,0.0,6.769000000000013,0.0,279.47679999999957
2006-01-13 00:00:00,0.0,0.0,51.42,68.86,32.92,45.906,130.0,0.0,0.0,27.706,0.0,294.4251199999996
2006-01-13 01:00:00,0.0,0.0,50.47,67.37,31.18,46.356,115.0,0.0,0.0,17.336,0.0,301.9070399999996
2006-01-13 02:00:00,0.0,0.0,50.52,64.61,29.44,47.473,135.0,0.0,12.90300000000002,30.0,0.0,318.5070399999996
2006-01-13 03:00:00,0.0,0.0,51.36,63.62,28.51,48.340999999999994,90.149,0.0,0.0,0.0,0.0,313.5070399999996
2006-01-13 04:00:00,0.0,0.0,53.31,65.49,27.51,48.982,92.328,0.0,0.0,0.0,0.0,308.5070399999996
2006-01-13 05:00:00,0.0,0.0,58.29,69.76,28.29,49.986,131.35399999999998,0.0,0.0,30.0,0.0,325.10703999999964
2006-01-13 06:00:00,0.0,0.0,63.49,74.22,32.82,50.68600000000001,114.84400000000002,0.0,0.0,0.0,0.0,320.10703999999964
2006-01-13 07:00:00,0.0,0.0,66.23,76.23,38.26,52.242,130.0,0.0,0.0,6.5219999999999985,0.0,319.8028799999996
2006-01-13 08:00:00,0.0,0.0,67.6,77.38,41.4,57.849,153.531,0.0,0.0,30.0,0.0,336.40287999999964
2006-01-13 09:00:00,0.0,0.0,68.9,77.6,43.48,67.484,117.49600000000001,0.0,0.0,0.0,0.0,331.40287999999964
2006-01-13 10:00:00,0.0,0.0,69.89,77.68,44.31,73.729,135.0,0.0,0.0,21.848999999999993,0.0,342.1341599999996
2006-01-13 11:00:00,0.0,0.0,69.4,77.74,44.73,78.035,108.835,0.0,0.0,0.0,0.0,337.1341599999996
2006-01-13 12:00:00,0.0,0.0,68.22,76.01,44.99,77.73100000000001,135.0,0.0,0.0,28.511000000000003,0.0,352.6620799999996
2006-01-13 13:00:00,0.0,0.0,67.0,73.94,44.65,73.52799999999999,115.0,0.0,0.0,7.937999999999986,0.0,353.3774399999996
2006-01-13 14:00:00,0.0,0.0,66.39,71.95,44.39,65.003,130.0,0.0,0.0,17.273000000000007,0.0,360.81399999999957
2006-01-13 15:00:00,0.0,0.0,66.85,71.39,44.63,58.614,149.25599999999997,0.0,0.0,30.0,0.0,377.4139999999996
2006-01-13 16:00:00,0.0,0.0,69.29,73.74,47.3,56.889,128.441,0.0,0.0,0.0,0.0,372.4139999999996
2006-01-13 17:00:00,0.0,0.0,70.08,78.01,49.68,58.64399999999999,134.12600000000003,0.0,0.0,0.0,0.0,367.4139999999996
2006-01-13 18:00:00,0.0,0.0,68.65,78.92,49.53,59.92,135.0,0.0,0.0,2.8200000000000145,0.0,364.4443999999996
2006-01-13 19:00:00,0.0,0.0,65.04,75.62,47.64,59.764,123.536,0.0,0.0,0.0,0.0,359.4443999999996
2006-01-13 20:00:00,0.0,0.0,62.1,72.28,44.85,57.779999999999994,116.45000000000002,0.0,0.0,0.0,0.0,354.4443999999996
2006-01-13 21:00:00,0.0,0.0,60.28,72.67,41.32,55.717999999999996,113.552,0.0,0.0,0.0,0.0,349.4443999999996
2006-01-13 22:00:00,0.0,0.0,56.52,73.77,37.46,53.364000000000004,115.0,0.0,0.0,5.613999999999987,0.0,348.4864799999996
2006-01-13 23:00:00,0.0,0.0,53.4,71.09,33.93,49.86599999999999,110.0,0.0,0.0,6.4459999999999695,0.0,348.1275999999996
2006-01-14 00:00:00,0.0,0.0,44.03,63.87,31.78,45.515,155.0,0.0,35.83500000000002,30.0,0.0,364.7275999999996
2006-01-14 01:00:00,0.0,0.0,43.08,62.38,30.04,38.791000000000004,110.0,0.0,0.0,18.291000000000004,0.0,372.8971199999996
2006-01-14 02:00:00,0.0,0.0,43.13,59.62,28.3,33.554,110.0,0.0,0.0,17.50399999999999,0.0,380.49999999999955
2006-01-14 03:00:00,0.0,0.0,43.97,58.64,27.36,30.018,115.0,0.0,0.0,20.048,0.0,389.9345599999995
2006-01-14 04:00:00,0.0,0.0,45.92,60.51,26.37,27.499,130.301,0.0,0.0,30.0,0.0,406.53455999999954
2006-01-14 05:00:00,0.0,0.0,50.9,64.78,27.14,26.611,115.0,0.0,0.0,3.790999999999997,0.0,404.2640799999995
2006-01-14 06:00:00,0.0,0.0,56.1,69.24,31.68,25.788999999999998,126.23100000000001,0.0,0.0,0.0,0.0,399.2640799999995
2006-01-14 07:00:00,0.0,0.0,58.84,71.24,37.12,25.804,136.39600000000002,0.0,0.0,0.0,0.0,394.2640799999995
2006-01-14 08:00:00,0.0,0.0,60.21,72.39,40.26,29.206999999999997,138.653,0.0,0.0,0.0,0.0,389.2640799999995
2006-01-14 09:00:00,0.0,0.0,61.51,72.62,42.33,33.927,137.533,0.0,0.0,0.0,0.0,384.2640799999995
2006-01-14 10:00:00,0.0,0.0,62.5,72.7,43.16,36.112,137.248,0.0,0.0,0.0,0.0,379.2640799999995
2006-01-14 11:00:00,0.0,0.0,62.01,72.76,43.59,37.309,136.05100000000002,0.0,0.0,0.0,0.0,374.2640799999995
2006-01-14 12:00:00,0.0,0.0,60.83,71.03,43.84,36.455,135.0,0.0,0.0,0.7549999999999875,0.0,369.8076799999995
2006-01-14 13:00:00,0.0,0.0,59.61,68.95,43.5,33.144,133.916,0.0,0.0,0.0,0.0,364.8076799999995
2006-01-14 14:00:00,0.0,0.0,59.0,66.97,43.25,25.942999999999998,138.27700000000002,0.0,0.0,0.0,0.0,359.8076799999995
2006-01-14 15:00:00,0.0,0.0,59.46,66.41,43.49,21.269999999999996,143.09,0.0,0.0,0.0,0.0,354.8076799999995
2006-01-14 16:00:00,0.0,0.0,61.9,68.75,46.15,21.864,149.93599999999998,0.0,0.0,0.0,0.0,349.8076799999995
2006-01-14 17:00:00,0.0,0.0,62.69,73.03,48.54,25.456999999999997,153.803,0.0,0.0,0.0,0.0,344.8076799999995
2006-01-14 18:00:00,0.0,0.0,61.26,73.94,48.39,28.631999999999998,149.958,0.0,0.0,0.0,0.0,339.8076799999995
2006-01-14 19:00:00,0.0,0.0,57.65,70.63,46.5,31.752999999999997,138.027,0.0,0.0,0.0,0.0,334.8076799999995
2006-01-14 20:00:00,0.0,0.0,54.71,67.3,43.7,35.041,125.66899999999998,0.0,0.0,0.0,0.0,329.8076799999995
2006-01-14 21:00:00,0.0,0.0,52.89,67.69,40.17,37.333000000000006,118.417,0.0,0.0,0.0,0.0,324.8076799999995
2006-01-14 22:00:00,0.0,0.0,49.13,68.78,36.31,38.004,130.0,0.0,0.0,18.78399999999999,0.0,333.3321599999995
2006-01-14 23:00:00,0.0,0.0,46.01,66.1,32.78,38.186,131.704,0.0,0.0,30.0,0.0,349.9321599999995
2006-01-15 00:00:00,0.0,0.0,40.97,61.71,30.91,38.11,110.0,0.0,0.0,19.519999999999992,0.0,358.9865599999995
2006-01-15 01:00:00,0.0,0.0,40.02,60.22,29.17,38.636,115.0,0.0,0.0,29.226000000000003,0.0,375.02927999999946
2006-01-15 02:00:00,0.0,0.0,40.06,57.46,27.43,40.42100000000001,109.52900000000002,0.0,0.0,30.0,0.0,391.6292799999995
2006-01-15 03:00:00,0.0,0.0,40.9,56.48,26.49,42.427,106.443,0.0,0.0,30.0,0.0,408.2292799999995
2006-01-15 04:00:00,0.0,0.0,42.85,58.35,25.5,44.556,110.0,0.0,2.8559999999999945,30.0,0.0,424.8292799999995
2006-01-15 05:00:00,0.0,0.0,47.84,62.62,26.27,47.22,114.51000000000002,0.0,0.0,30.0,0.0,441.42927999999955
2006-01-15 06:00:00,0.0,0.0,53.03,67.07,30.81,49.088,96.822,0.0,0.0,0.0,0.0,436.42927999999955
2006-01-15 07:00:00,0.0,0.0,55.77,69.08,36.25,50.422,110.0,0.0,0.0,4.321999999999985,0.0,434.5411199999995
2006-01-15 08:00:00,0.0,0.0,57.15,70.23,39.39,56.183,135.587,0.0,0.0,30.0,0.0,451.14111999999955
2006-01-15 09:00:00,0.0,0.0,58.44,70.46,41.46,64.492,110.0,0.0,0.0,9.132000000000012,0.0,452.71615999999955
2006-01-15 10:00:00,0.0,0.0,59.43,70.54,42.3,71.937,110.0,0.0,0.0,14.666999999999998,0.0,458.27639999999957
2006-01-15 11:00:00,0.0,0.0,58.95,70.6,42.72,78.262,119.008,0.0,0.0,30.0,0.0,474.8763999999996
2006-01-15 12:00:00,0.0,0.0,57.77,68.87,42.97,79.976,115.0,0.0,0.36599999999998545,30.0,0.0,491.4763999999996
2006-01-15 13:00:00,0.0,0.0,56.55,66.79,42.63,76.67099999999999,90.0,0.0,0.0,5.700999999999997,0.0,490.5811199999996
2006-01-15 14:00:00,0.0,0.0,55.94,64.81,42.38,69.245,110.0,0.0,0.0,21.11500000000002,0.0,500.7839199999996
2006-01-15 15:00:00,0.0,0.0,56.39,64.25,42.62,60.193000000000005,135.0,0.0,6.933000000000007,30.0,0.0,517.3839199999996
2006-01-15 16:00:00,0.0,0.0,58.83,66.59,45.28,55.53099999999999,115.0,0.0,0.0,4.830999999999973,0.0,515.8622399999996
2006-01-15 17:00:00,0.0,0.0,59.63,70.86,47.67,55.754000000000005,117.406,0.0,0.0,0.0,0.0,510.8622399999996
2006-01-15 18:00:00,0.0,0.0,58.2,71.77,47.52,56.765,115.725,0.0,0.0,0.0,0.0,505.8622399999996
2006-01-15 19:00:00,0.0,0.0,54.59,68.47,45.63,56.225,115.0,0.0,0.0,7.5349999999999895,0.0,506.2874399999996
2006-01-15 20:00:00,0.0,0.0,51.65,65.14,42.83,54.094,115.0,0.0,0.0,14.473999999999986,0.0,511.7087199999996
2006-01-15 21:00:00,0.0,0.0,49.83,65.53,39.3,52.91499999999999,110.0,0.0,0.0,13.25500000000001,0.0,516.2523199999996
2006-01-15 22:00:00,0.0,0.0,46.07,66.62,35.44,51.387,91.743,0.0,0.0,0.0,0.0,511.2523199999996
2006-01-15 23:00:00,0.0,0.0,42.95,63.94,31.91,49.661,90.0,0.0,0.0,5.860999999999979,0.0,510.4722399999996
2006-01-16 00:00:00,0.0,0.0,52.33,66.22,32.99,47.95099999999999,128.589,0.0,0.0,30.0,0.0,527.0722399999996
2006-01-16 01:00:00,0.0,0.0,51.37,64.73,31.25,47.123,95.227,0.0,0.0,0.0,0.0,522.0722399999996
2006-01-16 02:00:00,0.0,0.0,51.42,61.97,29.51,47.247,120.65299999999999,0.0,0.0,30.0,0.0,538.6722399999996
2006-01-16 03:00:00,0.0,0.0,52.26,60.99,28.58,46.156000000000006,110.0,0.0,0.0,19.326,0.0,547.5869599999996
2006-01-16 04:00:00,0.0,0.0,54.21,62.86,27.58,45.429,115.0,0.0,0.0,20.779000000000007,0.0,557.5478399999996
2006-01-16 05:00:00,0.0,0.0,59.2,67.13,28.36,43.693999999999996,130.0,0.0,0.0,24.004000000000016,0.0,569.8307199999996
2006-01-16 06:00:00,0.0,0.0,64.39,71.59,32.89,41.078,122.792,0.0,0.0,0.0,0.0,564.8307199999996
2006-01-16 07:00:00,0.0,0.0,67.13,73.59,38.33,39.181,134.869,0.0,0.0,0.0,0.0,559.8307199999996
2006-01-16 08:00:00,0.0,0.0,68.51,74.74,41.47,40.987,138.733,0.0,0.0,0.0,0.0,554.8307199999996
2006-01-16 09:00:00,0.0,0.0,69.8,74.97,43.55,44.647,138.673,0.0,0.0,0.0,0.0,549.8307199999996
2006-01-16 10:00:00,0.0,0.0,70.79,75.05,44.38,46.830999999999996,138.389,0.0,0.0,0.0,0.0,544.8307199999996
2006-01-16 11:00:00,0.0,0.0,70.31,75.11,44.8,49.742,155.0,0.0,0.0,19.522000000000006,0.0,553.8865599999996
2006-01-16 12:00:00,0.0,0.0,69.13,73.38,45.06,53.931,128.639,0.0,0.0,0.0,0.0,548.8865599999996
2006-01-16 13:00:00,0.0,0.0,67.9,71.3,44.72,53.435,125.48500000000001,0.0,0.0,0.0,0.0,543.8865599999996
2006-01-16 14:00:00,0.0,0.0,67.3,69.32,44.46,48.099999999999994,135.0,0.0,0.0,7.020000000000021,0.0,543.9409599999996
2006-01-16 15:00:00,0.0,0.0,67.75,68.76,44.7,45.092000000000006,131.11800000000002,0.0,0.0,0.0,0.0,538.9409599999996
2006-01-16 16:00:00,0.0,0.0,70.19,71.1,47.37,46.173,137.48700000000002,0.0,0.0,0.0,0.0,533.9409599999996
2006-01-16 17:00:00,0.0,0.0,70.99,75.38,49.75,48.332,142.78799999999998,0.0,0.0,0.0,0.0,528.9409599999996
2006-01-16 18:00:00,0.0,0.0,69.56,76.29,49.6,48.133,142.317,0.0,0.0,0.0,0.0,523.9409599999996
2006-01-16 19:00:00,0.0,0.0,65.95,72.98,47.71,44.652,136.98800000000003,0.0,0.0,0.0,0.0,518.9409599999996
2006-01-16 20:00:00,0.0,0.0,63.01,69.65,44.92,42.0,130.58,0.0,0.0,0.0,0.0,513.9409599999996
2006-01-16 21:00:00,0.0,0.0,61.18,70.04,41.39,39.618,127.992,0.0,0.0,0.0,0.0,508.94095999999956
2006-01-16 22:00:00,0.0,0.0,57.43,71.13,37.53,38.631,122.459,0.0,0.0,0.0,0.0,503.94095999999956
2006-01-16 23:00:00,0.0,0.0,54.31,68.45,34.0,39.651,130.0,0.0,0.0,17.891000000000005,0.0,511.8224799999996
2006-01-17 00:00:00,0.0,0.0,52.67,62.94,33.7,40.443,133.867,0.0,0.0,30.0,0.0,528.4224799999996
2006-01-17 01:00:00,0.0,0.0,51.72,61.45,31.96,41.539,98.591,0.0,0.0,0.0,0.0,523.4224799999996
2006-01-17 02:00:00,0.0,0.0,51.76,58.69,30.22,43.031,122.63899999999998,0.0,0.0,30.0,0.0,540.0224799999996
2006-01-17 03:00:00,0.0,0.0,52.6,57.71,29.29,44.192,135.0,0.0,14.592000000000013,30.0,0.0,556.6224799999997
2006-01-17 04:00:00,0.0,0.0,54.55,59.58,28.29,45.634,135.0,0.0,13.21400000000002,30.0,0.0,573.2224799999997
2006-01-17 05:00:00,0.0,0.0,59.54,63.84,29.07,47.474999999999994,110.0,0.0,0.0,10.025000000000006,0.0,575.4404799999996
2006-01-17 06:00:00,0.0,0.0,64.73,68.3,33.6,49.615,112.01499999999999,0.0,0.0,0.0,0.0,570.4404799999996
2006-01-17 07:00:00,0.0,0.0,67.47,70.31,39.04,51.23400000000001,120.586,0.0,0.0,0.0,0.0,565.4404799999996
2006-01-17 08:00:00,0.0,0.0,68.85,71.46,42.18,55.852999999999994,135.0,0.0,0.0,13.363000000000023,0.0,570.0618399999996
2006-01-17 09:00:00,0.0,0.0,70.14,71.68,44.26,66.457,114.62300000000002,0.0,0.0,0.0,0.0,565.0618399999996
2006-01-17 10:00:00,0.0,0.0,71.13,71.76,45.09,75.434,135.0,0.0,0.0,27.45399999999999,0.0,579.8287199999996
2006-01-17 11:00:00,0.0,0.0,70.65,71.83,45.51,83.902,99.088,0.0,0.0,0.0,0.0,574.8287199999996
2006-01-17 12:00:00,0.0,0.0,69.47,70.1,45.77,87.50299999999999,122.83700000000003,0.0,0.0,30.0,0.0,591.4287199999997
2006-01-17 13:00:00,0.0,0.0,68.25,68.02,45.43,85.603,121.09700000000001,0.0,0.0,30.0,0.0,608.0287199999997
2006-01-17 14:00:00,0.0,0.0,67.64,66.03,45.17,78.49299999999998,125.34700000000001,0.0,0.0,30.0,0.0,624.6287199999997
2006-01-17 15:00:00,0.0,0.0,68.09,65.47,45.41,67.18400000000001,130.0,0.0,0.0,23.21400000000002,0.0,636.3427999999997
2006-01-17 16:00:00,0.0,0.0,70.53,67.82,48.08,57.647999999999996,123.782,0.0,0.0,0.0,0.0,631.3427999999997
2006-01-17 17:00:00,0.0,0.0,71.33,72.09,50.46,53.223,135.65699999999998,0.0,0.0,0.0,0.0,626.3427999999997
2006-01-17 18:00:00,0.0,0.0,69.9,73.0,50.31,50.874,137.33599999999998,0.0,0.0,0.0,0.0,621.3427999999997
2006-01-17 19:00:00,0.0,0.0,66.29,69.7,48.42,47.402,132.008,0.0,0.0,0.0,0.0,616.3427999999997
2006-01-17 20:00:00,0.0,0.0,63.35,66.36,45.63,44.38,130.0,0.0,0.0,4.039999999999981,0.0,614.2515999999997
2006-01-17 21:00:00,0.0,0.0,61.53,66.75,42.1,41.918,123.462,0.0,0.0,0.0,0.0,609.2515999999997
2006-01-17 22:00:00,0.0,0.0,57.77,67.85,38.24,41.830999999999996,117.029,0.0,0.0,0.0,0.0,604.2515999999997
2006-01-17 23:00:00,0.0,0.0,54.65,65.17,34.71,42.592999999999996,106.93700000000001,0.0,0.0,0.0,0.0,599.2515999999997
2006-01-18 00:00:00,0.0,0.0,52.11,61.42,33.27,45.122,96.678,0.0,0.0,0.0,0.0,594.2515999999997
2006-01-18 01:00:00,0.0,0.0,51.16,59.93,31.53,46.313,91.307,0.0,0.0,0.0,0.0,589.2515999999997
2006-01-18 02:00:00,0.0,0.0,51.2,57.18,29.79,48.342,110.0,0.0,0.0,25.172000000000004,0.0,602.3754399999997
2006-01-18 03:00:00,0.0,0.0,52.05,56.19,28.85,47.92400000000001,134.3493878116344,0.0,20.18338781163439,30.0,0.0,618.9754399999997
2006-01-18 04:00:00,0.0,0.0,53.99,58.06,27.86,47.12,90.0,0.0,0.0,2.209999999999983,0.0,615.5666399999997
2006-01-18 05:00:00,0.0,0.0,58.98,62.33,28.63,44.704,110.0,0.0,0.0,9.763999999999996,0.0,617.5967199999997
2006-01-18 06:00:00,0.0,0.0,64.17,66.79,33.17,42.592,116.53800000000001,0.0,0.0,0.0,0.0,612.5967199999997
2006-01-18 07:00:00,0.0,0.0,66.92,68.79,38.61,41.574,135.0,0.0,0.0,7.253999999999998,0.0,612.8195999999997
2006-01-18 08:00:00,0.0,0.0,68.29,69.94,41.75,44.192,135.0,0.0,0.0,4.212,0.0,610.8522399999997
2006-01-18 09:00:00,0.0,0.0,69.58,70.17,43.82,48.796,135.0,0.0,0.0,5.225999999999997,0.0,609.6149599999997
2006-01-18 10:00:00,0.0,0.0,70.58,70.25,44.66,53.382,135.0,0.0,0.0,7.891999999999989,0.0,610.2971999999996
2006-01-18 11:00:00,0.0,0.0,70.09,70.31,45.08,59.373000000000005,121.10700000000001,0.0,0.0,0.0,0.0,605.2971999999996
2006-01-18 12:00:00,0.0,0.0,68.91,68.58,45.33,62.044,115.776,0.0,0.0,0.0,0.0,600.2971999999996
2006-01-18 13:00:00,0.0,0.0,67.69,66.51,44.99,58.886,115.30400000000003,0.0,0.0,0.0,0.0,595.2971999999996
2006-01-18 14:00:00,0.0,0.0,67.08,64.52,44.74,50.315,135.0,0.0,0.0,13.975000000000016,0.0,600.3591999999996
2006-01-18 15:00:00,0.0,0.0,67.54,63.96,44.98,42.28,129.2,0.0,0.0,0.0,0.0,595.3591999999996
2006-01-18 16:00:00,0.0,0.0,69.98,66.31,47.64,33.93000000000001,145.00000000000003,0.0,0.0,0.0,0.0,590.3591999999996
2006-01-18 17:00:00,0.0,0.0,70.77,70.58,50.03,30.374,155.0,1.005999999999986,0.0,0.0,0.0,585.3591999999996
2006-01-18 18:00:00,0.0,0.0,69.34,71.49,49.88,30.782000000000004,154.928,0.0,0.0,0.0,0.0,580.3591999999996
2006-01-18 19:00:00,0.0,0.0,65.73,68.19,47.99,30.231,146.679,0.0,0.0,0.0,0.0,575.3591999999996
2006-01-18 20:00:00,0.0,0.0,62.79,64.85,45.19,29.753999999999998,138.076,0.0,0.0,0.0,0.0,570.3591999999996
2006-01-18 21:00:00,0.0,0.0,60.97,65.24,41.66,29.349999999999998,133.52,0.0,0.0,0.0,0.0,565.3591999999996
2006-01-18 22:00:00,0.0,0.0,57.21,66.34,37.8,29.494999999999997,126.85500000000002,0.0,0.0,0.0,0.0,560.3591999999996
2006-01-18 23:00:00,0.0,0.0,54.09,63.65,34.27,29.604999999999997,117.40500000000003,0.0,0.0,0.0,0.0,555.3591999999996
2006-01-19 00:00:00,0.0,0.0,52.36,61.33,32.31,30.537000000000003,110.463,0.0,0.0,0.0,0.0,550.3591999999996
2006-01-19 01:00:00,0.0,0.0,51.41,59.85,30.57,30.999,135.0,0.0,0.0,29.168999999999997,0.0,566.3608799999996
2006-01-19 02:00:00,0.0,0.0,51.45,57.09,28.83,31.187,155.0,0.0,23.817000000000007,30.0,0.0,582.9608799999996
2006-01-19 03:00:00,0.0,0.0,52.29,56.1,27.9,31.814000000000004,110.0,0.0,0.0,10.523999999999997,0.0,585.5381599999996
2006-01-19 04:00:00,0.0,0.0,54.24,57.97,26.9,31.348,115.0,0.0,0.0,12.237999999999971,0.0,589.3495199999995
2006-01-19 05:00:00,0.0,0.0,59.23,62.24,27.67,32.896,130.0,0.0,0.0,18.755999999999986,0.0,597.8538399999995
2006-01-19 06:00:00,0.0,0.0,64.42,66.7,32.21,34.447,135.0,0.0,0.0,11.116999999999997,0.0,600.8580799999995
2006-01-19 07:00:00,0.0,0.0,67.16,68.71,37.65,35.649,132.87099999999998,0.0,0.0,0.0,0.0,595.8580799999995
2006-01-19 08:00:00,0.0,0.0,68.54,69.86,40.79,41.698,155.0,0.0,0.0,22.507999999999996,0.0,607.0638399999995
2006-01-19 09:00:00,0.0,0.0,69.83,70.08,42.86,51.06899999999999,130.0,0.0,0.0,3.2989999999999977,0.0,604.4391199999994
2006-01-19 10:00:00,0.0,0.0,70.82,70.16,43.7,58.047000000000004,121.63299999999998,0.0,0.0,0.0,0.0,599.4391199999994
2006-01-19 11:00:00,0.0,0.0,70.34,70.22,44.12,61.99100000000001,117.68900000000001,0.0,0.0,0.0,0.0,594.4391199999994
2006-01-19 12:00:00,0.0,0.0,69.16,68.49,44.37,64.386,112.63399999999999,0.0,0.0,0.0,0.0,589.4391199999994
2006-01-19 13:00:00,0.0,0.0,67.93,66.42,44.04,62.867000000000004,135.0,0.0,0.0,24.47700000000003,0.0,602.0625599999995
2006-01-19 14:00:00,0.0,0.0,67.33,64.43,43.78,57.781,115.0,0.0,0.0,2.2409999999999997,0.0,598.6760799999995
2006-01-19 15:00:00,0.0,0.0,67.78,63.87,44.02,51.473,119.19699999999999,0.0,0.0,0.0,0.0,593.6760799999995
2006-01-19 16:00:00,0.0,0.0,70.22,66.22,46.68,46.949,135.0,0.0,0.0,3.8290000000000113,0.0,591.4329599999995
2006-01-19 17:00:00,0.0,0.0,71.02,70.49,49.07,49.36900000000001,136.21099999999998,0.0,0.0,0.0,0.0,586.4329599999995
2006-01-19 18:00:00,0.0,0.0,69.59,71.4,48.92,52.071,132.83900000000003,0.0,0.0,0.0,0.0,581.4329599999995
2006-01-19 19:00:00,0.0,0.0,65.98,68.1,47.03,53.821,135.0,0.0,0.0,12.711000000000006,0.0,585.5848799999995
2006-01-19 20:00:00,0.0,0.0,63.04,64.76,44.24,54.742000000000004,135.0,0.0,0.0,22.702,0.0,596.9303199999996
2006-01-19 21:00:00,0.0,0.0,61.21,65.15,40.71,54.968999999999994,135.0,0.0,0.0,27.89899999999998,0.0,612.0175999999996
2006-01-19 22:00:00,0.0,0.0,57.46,66.25,36.84,55.913000000000004,110.0,0.0,0.0,10.362999999999982,0.0,614.4789599999996
2006-01-19 23:00:00,0.0,0.0,54.34,63.57,33.31,56.494,110.0,0.0,0.0,20.273999999999987,0.0,624.0762399999995
2006-01-20 00:00:00,0.0,0.0,49.93,61.53,33.47,57.549,115.0,0.0,2.6189999999999714,30.0,0.0,640.6762399999996
2006-01-20 01:00:00,0.0,0.0,48.98,60.04,31.73,59.055,106.69500000000004,0.0,0.0,30.0,0.0,657.2762399999996
2006-01-20 02:00:00,0.0,0.0,49.02,57.28,29.99,60.30500000000001,90.0,0.0,0.0,19.015000000000015,0.0,665.9670399999995
2006-01-20 03:00:00,0.0,0.0,49.86,56.3,29.05,60.986999999999995,99.22299999999998,0.0,0.0,30.0,0.0,682.5670399999996
2006-01-20 04:00:00,0.0,0.0,51.81,58.17,28.06,61.562999999999995,90.0,0.0,0.0,18.52299999999999,0.0,690.9035999999995
2006-01-20 05:00:00,0.0,0.0,56.8,62.44,28.83,61.782000000000004,110.0,0.0,0.0,28.712000000000003,0.0,706.5762399999995
2006-01-20 06:00:00,0.0,0.0,61.99,66.89,33.37,61.507,95.743,0.0,0.0,0.0,0.0,701.5762399999995
2006-01-20 07:00:00,0.0,0.0,64.73,68.9,38.8,62.99500000000001,115.0,0.0,0.0,10.565000000000005,0.0,704.1830399999996
2006-01-20 08:00:00,0.0,0.0,66.11,70.05,41.95,67.68900000000001,115.0,0.0,0.0,9.578999999999994,0.0,706.0799199999996
2006-01-20 09:00:00,0.0,0.0,67.4,70.28,44.02,74.43,110.0,0.0,0.0,7.730000000000004,0.0,706.6455199999996
2006-01-20 10:00:00,0.0,0.0,68.39,70.36,44.85,80.10100000000001,110.0,0.0,0.0,11.50100000000003,0.0,709.9262399999996
2006-01-20 11:00:00,0.0,0.0,67.91,70.42,45.27,84.74400000000001,93.856,0.0,0.0,0.0,0.0,704.9262399999996
2006-01-20 12:00:00,0.0,0.0,66.73,68.69,45.53,85.72,130.0,0.0,9.769999999999992,30.0,0.0,721.5262399999996
2006-01-20 13:00:00,0.0,0.0,65.51,66.61,45.19,84.30099999999999,90.0,0.0,0.0,1.990999999999982,0.0,717.9597599999995
2006-01-20 14:00:00,0.0,0.0,64.9,64.63,44.93,80.46,119.00000000000001,0.0,0.0,30.0,0.0,734.5597599999995
2006-01-20 15:00:00,0.0,0.0,65.35,64.07,45.18,77.35199999999999,122.24799999999999,0.0,0.0,30.0,0.0,751.1597599999996
2006-01-20 16:00:00,0.0,0.0,67.79,66.41,47.84,74.978,135.0,0.0,2.937999999999988,30.0,0.0,767.7597599999996
2006-01-20 17:00:00,0.0,0.0,68.59,70.68,50.23,74.277,110.22300000000001,0.0,0.0,0.0,0.0,762.7597599999996
2006-01-20 18:00:00,0.0,0.0,67.16,71.59,50.08,74.04700000000001,115.0,0.0,0.0,5.217000000000002,0.0,761.5159999999996
2006-01-20 19:00:00,0.0,0.0,63.55,68.29,48.19,72.49199999999999,130.0,0.0,0.0,27.46199999999999,0.0,776.2886399999996
2006-01-20 20:00:00,0.0,0.0,60.61,64.96,45.39,71.363,115.0,0.0,0.0,20.402999999999995,0.0,785.9787999999996
2006-01-20 21:00:00,0.0,0.0,58.79,65.35,41.86,70.702,110.0,0.0,0.0,19.702,0.0,795.1642399999996
2006-01-20 22:00:00,0.0,0.0,55.03,66.44,38.0,69.62599999999999,114.844,0.0,0.0,30.0,0.0,811.7642399999996
2006-01-20 23:00:00,0.0,0.0,51.91,63.76,34.47,69.107,106.03299999999999,0.0,0.0,30.0,0.0,828.3642399999997
2006-01-21 00:00:00,0.0,0.0,41.7,59.72,31.89,68.03399999999999,135.0,0.0,44.72399999999999,30.0,0.0,844.9642399999997
2006-01-21 01:00:00,0.0,0.0,40.75,58.23,30.15,66.479,110.0,0.0,22.34899999999999,30.0,0.0,861.5642399999997
2006-01-21 02:00:00,0.0,0.0,40.8,55.48,28.41,64.02,90.0,0.0,4.329999999999998,30.0,0.0,878.1642399999997
2006-01-21 03:00:00,0.0,0.0,41.64,54.49,27.48,62.653,110.0,0.0,24.042999999999985,30.0,0.0,894.7642399999997
2006-01-21 04:00:00,0.0,0.0,43.59,56.36,26.48,60.72299999999999,90.70700000000002,0.0,0.0,30.0,0.0,911.3642399999998
2006-01-21 05:00:00,0.0,0.0,48.57,60.63,27.25,59.48,110.0,0.0,8.029999999999973,30.0,0.0,927.9642399999998
2006-01-21 06:00:00,0.0,0.0,53.77,65.09,31.79,56.809,115.0,0.0,0.0,26.158999999999995,0.0,941.7987199999998
2006-01-21 07:00:00,0.0,0.0,56.51,67.09,37.23,54.03999999999999,110.0,0.0,0.0,8.209999999999972,0.0,942.7099199999998
2006-01-21 08:00:00,0.0,0.0,57.88,68.24,40.37,53.466,115.0,0.0,0.0,6.97600000000002,0.0,942.7326399999998
2006-01-21 09:00:00,0.0,0.0,59.18,68.47,42.44,57.684,110.0,0.0,0.0,2.5940000000000047,0.0,939.6003199999998
2006-01-21 10:00:00,0.0,0.0,60.17,68.55,43.28,62.202,134.798,0.0,0.0,30.0,0.0,956.2003199999998
2006-01-21 11:00:00,0.0,0.0,59.68,68.61,43.7,65.89099999999999,115.0,0.0,0.0,13.900999999999994,0.0,961.2090399999998
2006-01-21 12:00:00,0.0,0.0,58.5,66.88,43.95,65.393,98.93699999999998,0.0,0.0,0.0,0.0,956.2090399999998
2006-01-21 13:00:00,0.0,0.0,57.28,64.81,43.62,60.584,115.0,0.0,0.0,14.874000000000006,0.0,961.9183199999999
2006-01-21 14:00:00,0.0,0.0,56.67,62.82,43.36,52.83,110.0,0.0,0.0,4.98,0.0,960.5039199999999
2006-01-21 15:00:00,0.0,0.0,57.13,62.26,43.6,42.035000000000004,115.955,0.0,0.0,0.0,0.0,955.5039199999999
2006-01-21 16:00:00,0.0,0.0,59.57,64.61,46.26,35.435,135.0,0.0,0.0,4.994999999999997,0.0,954.1003199999999
2006-01-21 17:00:00,0.0,0.0,60.37,68.88,48.65,32.21,140.69,0.0,0.0,0.0,0.0,949.1003199999999
2006-01-21 18:00:00,0.0,0.0,58.93,69.79,48.5,32.297,139.923,0.0,0.0,0.0,0.0,944.1003199999999
2006-01-21 19:00:00,0.0,0.0,55.32,66.49,46.61,30.613,132.80700000000002,0.0,0.0,0.0,0.0,939.1003199999999
2006-01-21 20:00:00,0.0,0.0,52.38,63.15,43.82,28.482,125.868,0.0,0.0,0.0,0.0,934.1003199999999
2006-01-21 21:00:00,0.0,0.0,50.56,63.54,40.29,25.002000000000002,124.38800000000002,0.0,0.0,0.0,0.0,929.1003199999999
2006-01-21 22:00:00,0.0,0.0,46.8,64.64,36.42,24.274,130.0,0.0,0.0,11.413999999999998,0.0,932.3183999999999
2006-01-21 23:00:00,0.0,0.0,43.68,61.95,32.89,23.724999999999998,130.0,0.0,0.0,20.205,0.0,941.8659999999999
2006-01-22 00:00:00,0.0,0.0,40.86,61.04,31.66,24.532,110.0,0.0,0.0,5.971999999999998,0.0,941.1658399999999
2006-01-22 01:00:00,0.0,0.0,39.91,59.55,29.92,26.668,130.0,0.0,2.2880000000000056,30.0,0.0,957.7658399999999
2006-01-22 02:00:00,0.0,0.0,39.96,56.8,28.18,28.211999999999996,115.0,0.0,0.0,23.271999999999995,0.0,969.52168
2006-01-22 03:00:00,0.0,0.0,40.8,55.81,27.25,28.918,110.0,0.0,0.0,20.05800000000001,0.0,978.96344
2006-01-22 04:00:00,0.0,0.0,42.75,57.68,26.25,28.641,135.0,0.0,11.961000000000004,30.0,0.0,995.56344
2006-01-22 05:00:00,0.0,0.0,47.73,61.95,27.03,28.125999999999998,110.0,0.0,0.0,6.415999999999997,0.0,995.18296
2006-01-22 06:00:00,0.0,0.0,52.93,66.41,31.56,28.682000000000002,117.21800000000002,0.0,0.0,0.0,0.0,990.18296
2006-01-22 07:00:00,0.0,0.0,55.67,68.41,37.0,28.632,127.448,0.0,0.0,0.0,0.0,985.18296
2006-01-22 08:00:00,0.0,0.0,57.04,69.56,40.14,35.253,126.48700000000001,0.0,0.0,0.0,0.0,980.18296
2006-01-22 09:00:00,0.0,0.0,58.34,69.79,42.22,44.779,120.571,0.0,0.0,0.0,0.0,975.18296
2006-01-22 10:00:00,0.0,0.0,59.33,69.87,43.05,50.60699999999999,135.0,0.0,0.0,18.357000000000006,0.0,983.4
2006-01-22 11:00:00,0.0,0.0,58.85,69.93,43.47,52.602999999999994,144.64700000000002,0.0,0.0,30.0,0.0,1000.0
2006-01-22 12:00:00,0.0,0.0,57.67,68.2,43.73,51.78500000000001,115.0,0.0,0.0,2.185000000000011,0.0,996.5732
2006-01-22 13:00:00,0.0,0.0,56.44,66.13,43.39,47.014,113.946,0.0,0.0,0.0,0.0,991.5732
2006-01-22 14:00:00,0.0,0.0,55.84,64.14,43.13,39.777,135.0,0.0,0.0,16.667,0.0,998.57344
2006-01-22 15:00:00,0.0,0.0,56.29,63.58,43.37,29.087999999999997,129.152,0.0,0.0,0.0,0.0,993.57344
2006-01-22 16:00:00,0.0,0.0,58.73,65.93,46.04,22.014000000000003,143.686,0.0,0.0,0.0,0.0,988.57344
2006-01-22 17:00:00,0.0,0.0,59.53,70.2,48.42,21.386000000000003,151.76399999999998,0.0,0.0,0.0,0.0,983.57344
2006-01-22 18:00:00,0.0,0.0,58.1,71.11,48.27,22.714,149.766,0.0,0.0,0.0,0.0,978.57344
2006-01-22 19:00:00,0.0,0.0,54.49,67.8,46.38,23.382,140.288,0.0,0.0,0.0,0.0,973.57344
2006-01-22 20:00:00,0.0,0.0,51.54,64.47,43.59,22.736,135.0,0.0,0.0,3.136000000000001,0.0,970.83136
2006-01-22 21:00:00,0.0,0.0,49.72,64.86,40.06,22.715000000000003,126.92500000000001,0.0,0.0,0.0,0.0,965.83136
2006-01-22 22:00:00,0.0,0.0,45.97,65.96,36.2,24.755999999999997,130.0,0.0,0.0,11.626000000000001,0.0,969.20208
2006-01-22 23:00:00,0.0,0.0,42.84,63.27,32.67,26.491999999999997,107.28800000000001,0.0,0.0,0.0,0.0,964.20208
2006-01-23 00:00:00,0.0,0.0,54.39,72.86,34.31,27.201999999999998,155.0,0.0,0.0,25.642,0.0,977.66432
2006-01-23 01:00:00,0.0,0.0,53.44,71.37,32.57,27.541,124.839,0.0,0.0,0.0,0.0,972.66432
2006-01-23 02:00:00,0.0,0.0,53.48,68.62,30.83,28.682000000000002,149.248,0.0,0.0,30.0,0.0,989.26432
2006-01-23 03:00:00,0.0,0.0,54.33,67.63,29.89,29.052000000000003,117.798,0.0,0.0,0.0,0.0,984.26432
2006-01-23 04:00:00,0.0,0.0,56.27,69.5,28.9,29.514,148.95555555555558,0.0,0.0,28.79955555555556,0.0,1000.0
2006-01-23 05:00:00,0.0,0.0,61.26,73.77,29.67,30.745,128.95499999999998,0.0,0.0,0.0,0.0,995.0
2006-01-23 06:00:00,0.0,0.0,66.45,78.23,34.21,32.038999999999994,141.851,0.0,0.0,0.0,0.0,990.0
2006-01-23 07:00:00,0.0,0.0,69.2,80.23,39.65,35.111999999999995,148.968,0.0,0.0,0.0,0.0,985.0
2006-01-23 08:00:00,0.0,0.0,70.57,81.38,42.79,44.20300000000001,145.53699999999998,0.0,0.0,0.0,0.0,980.0
2006-01-23 09:00:00,0.0,0.0,71.86,81.61,44.86,58.168,155.0,0.0,0.0,19.838,0.0,989.28336
2006-01-23 10:00:00,0.0,0.0,72.86,81.69,45.69,66.983,128.257,0.0,0.0,0.0,0.0,984.28336
2006-01-23 11:00:00,0.0,0.0,72.37,81.75,46.11,70.25299999999999,153.7501111111111,0.0,0.0,28.77311111111109,0.0,1000.0
2006-01-23 12:00:00,0.0,0.0,71.19,80.02,46.37,68.35499999999999,124.225,0.0,0.0,0.0,0.0,995.0
2006-01-23 13:00:00,0.0,0.0,69.97,77.95,46.03,62.562,126.38799999999999,0.0,0.0,0.0,0.0,990.0
2006-01-23 14:00:00,0.0,0.0,69.36,75.96,45.77,53.491,153.43233333333333,0.0,0.0,20.833333333333336,0.0,1000.0
2006-01-23 15:00:00,0.0,0.0,69.82,75.4,46.02,40.119,146.12099999999998,0.0,0.0,0.0,0.0,995.0
2006-01-23 16:00:00,0.0,0.0,72.26,77.75,48.68,29.451000000000004,155.0,9.238999999999999,0.0,0.0,0.0,990.0
2006-01-23 17:00:00,0.0,0.0,73.05,82.02,51.07,31.424000000000003,155.0,14.715999999999982,0.0,0.0,0.0,985.0
2006-01-23 18:00:00,0.0,0.0,71.62,82.93,50.92,33.596000000000004,155.0,11.87400000000001,0.0,0.0,0.0,980.0
2006-01-23 19:00:00,0.0,0.0,68.01,79.62,49.03,34.63,155.0,2.0300000000000153,0.0,0.0,0.0,975.0
2006-01-23 20:00:00,0.0,0.0,65.07,76.29,46.23,34.099000000000004,155.0,0.0,0.0,6.5090000000000305,0.0,974.6864800000001
2006-01-23 21:00:00,0.0,0.0,63.25,76.68,42.7,32.484,155.0,0.0,9.853999999999983,0.0,0.0,969.6864800000001
2006-01-23 22:00:00,0.0,0.0,59.49,77.78,38.84,31.794,155.0,0.0,15.684000000000006,0.0,0.0,964.6864800000001
2006-01-23 23:00:00,0.0,0.0,56.37,75.09,35.31,30.949999999999996,130.82,0.0,0.0,0.0,0.0,959.6864800000001
2006-01-24 00:00:00,0.0,0.0,55.54,74.57,35.47,29.907,130.673,0.0,0.0,0.0,0.0,954.6864800000001
2006-01-24 01:00:00,0.0,0.0,54.58,73.08,33.73,29.041999999999998,155.0,0.0,0.0,27.652000000000026,0.0,969.5959200000001
2006-01-24 02:00:00,0.0,0.0,54.63,70.32,31.99,28.162,155.0,0.0,1.2220000000000137,30.0,0.0,986.1959200000001
2006-01-24 03:00:00,0.0,0.0,55.47,69.34,31.06,26.535999999999994,135.0,0.0,0.0,10.666,0.0,988.8754400000001
2006-01-24 04:00:00,0.0,0.0,57.42,71.21,30.06,25.302999999999997,135.0,0.0,0.0,6.613000000000003,0.0,988.6368000000001
2006-01-24 05:00:00,0.0,0.0,62.41,75.48,30.84,23.351,140.379,0.0,0.0,0.0,0.0,983.6368000000001
2006-01-24 06:00:00,0.0,0.0,67.6,79.93,35.37,21.983000000000004,155.0,0.9169999999999874,0.0,0.0,0.0,978.6368000000001
2006-01-24 07:00:00,0.0,0.0,70.34,81.94,40.81,21.722,155.0,11.367999999999995,0.0,0.0,0.0,973.6368000000001
2006-01-24 08:00:00,0.0,0.0,71.72,83.09,43.95,27.482,155.0,11.277999999999992,0.0,0.0,0.0,968.6368000000001
2006-01-24 09:00:00,0.0,0.0,73.01,83.32,46.03,37.424,155.0,4.935999999999993,0.0,0.0,0.0,963.6368000000001
2006-01-24 10:00:00,0.0,0.0,74.0,83.4,46.86,43.449000000000005,155.0,0.8109999999999928,0.0,0.0,0.0,958.6368000000001
2006-01-24 11:00:00,0.0,0.0,73.52,83.46,47.28,48.453,155.0,0.0,4.193000000000012,0.0,0.0,953.6368000000001
2006-01-24 12:00:00,0.0,0.0,72.34,81.73,47.54,48.473,148.13700000000003,0.0,0.0,0.0,0.0,948.6368000000001
2006-01-24 13:00:00,0.0,0.0,71.11,79.65,47.2,44.087,155.0,0.0,6.1270000000000095,0.0,0.0,943.6368000000001
2006-01-24 14:00:00,0.0,0.0,70.51,77.67,46.94,35.312,154.808,0.0,0.0,0.0,0.0,938.6368000000001
2006-01-24 15:00:00,0.0,0.0,70.96,77.11,47.18,25.008,155.0,10.241999999999983,0.0,0.0,0.0,933.6368000000001
2006-01-24 16:00:00,0.0,0.0,73.4,79.45,49.85,18.663,155.0,24.037000000000003,0.0,0.0,0.0,928.6368000000001
2006-01-24 17:00:00,0.0,0.0,74.2,83.72,52.23,17.084,155.0,33.065999999999995,0.0,0.0,0.0,923.6368000000001
2006-01-24 18:00:00,0.0,0.0,72.77,84.63,52.08,19.379,155.0,30.101,0.0,0.0,0.0,918.6368000000001
2006-01-24 19:00:00,0.0,0.0,69.16,81.33,50.19,19.885999999999996,155.0,20.79400000000001,0.0,0.0,0.0,913.6368000000001
2006-01-24 20:00:00,0.0,0.0,66.22,78.0,47.4,19.895,155.0,11.724999999999987,0.0,0.0,0.0,908.6368000000001
2006-01-24 21:00:00,0.0,0.0,64.39,78.39,43.87,19.738999999999997,155.0,6.910999999999987,0.0,0.0,0.0,903.6368000000001
2006-01-24 22:00:00,0.0,0.0,60.64,79.48,40.01,19.493,155.0,0.6369999999999862,0.0,0.0,0.0,898.6368000000001
2006-01-24 23:00:00,0.0,0.0,57.52,76.8,36.48,20.292,145.50799999999998,0.0,0.0,0.0,0.0,893.6368000000001
2006-01-25 00:00:00,0.0,0.0,54.27,72.59,36.81,20.942,155.0,0.0,0.0,17.271999999999995,0.0,901.0726400000001
2006-01-25 01:00:00,0.0,0.0,53.32,71.1,35.07,21.905,155.0,0.0,0.0,22.415000000000017,0.0,912.2114400000002
2006-01-25 02:00:00,0.0,0.0,53.37,68.34,33.33,23.704,155.0,0.0,0.0,28.663999999999998,0.0,927.8495200000001
2006-01-25 03:00:00,0.0,0.0,54.21,67.35,32.39,24.52,135.0,0.0,10.570000000000007,0.0,0.0,922.8495200000001
2006-01-25 04:00:00,0.0,0.0,56.16,69.22,31.4,26.194000000000003,135.0,0.0,9.414000000000009,0.0,0.0,917.8495200000001
2006-01-25 05:00:00,0.0,0.0,61.14,73.49,32.17,28.025,155.0,0.0,0.0,21.22500000000001,0.0,928.1315200000001
2006-01-25 06:00:00,0.0,0.0,66.34,77.95,36.71,29.415000000000003,155.0,0.0,0.0,8.414999999999988,0.0,929.1903200000002
2006-01-25 07:00:00,0.0,0.0,69.08,79.96,42.15,31.613000000000003,155.0,0.0,0.0,0.42300000000000004,0.0,924.4948800000002
2006-01-25 08:00:00,0.0,0.0,70.45,81.11,45.29,39.385,155.0,0.0,2.5350000000000037,0.0,0.0,919.4948800000002
2006-01-25 09:00:00,0.0,0.0,71.75,81.33,47.36,50.03699999999999,155.0,0.0,0.0,9.597000000000016,0.0,921.4047200000002
2006-01-25 10:00:00,0.0,0.0,72.74,81.41,48.19,58.65100000000001,138.689,0.0,0.0,0.0,0.0,916.4047200000002
2006-01-25 11:00:00,0.0,0.0,72.25,81.47,48.61,63.475,155.0,0.0,0.0,21.145000000000014,0.0,926.6291200000003
2006-01-25 12:00:00,0.0,0.0,71.07,79.75,48.87,65.352,155.0,0.0,0.0,25.662000000000027,0.0,940.1057600000003
2006-01-25 13:00:00,0.0,0.0,69.85,77.67,48.53,61.949000000000005,155.0,0.0,0.0,25.899000000000008,0.0,953.7530400000003
2006-01-25 14:00:00,0.0,0.0,69.24,75.68,48.27,52.485,155.0,0.0,0.0,19.295000000000005,0.0,962.6454400000002
2006-01-25 15:00:00,0.0,0.0,69.7,75.12,48.52,41.139,147.20100000000002,0.0,0.0,0.0,0.0,957.6454400000002
2006-01-25 16:00:00,0.0,0.0,72.14,77.47,51.18,34.926,155.0,5.863999999999999,0.0,0.0,0.0,952.6454400000002
2006-01-25 17:00:00,0.0,0.0,72.94,81.74,53.57,33.698,155.0,14.551999999999994,0.0,0.0,0.0,947.6454400000002
2006-01-25 18:00:00,0.0,0.0,71.5,82.65,53.42,35.102,155.0,12.467999999999998,0.0,0.0,0.0,942.6454400000002
2006-01-25 19:00:00,0.0,0.0,67.89,79.35,51.53,35.498000000000005,155.0,3.2719999999999914,0.0,0.0,0.0,937.6454400000002
2006-01-25 20:00:00,0.0,0.0,64.95,76.01,48.73,35.91,148.78,0.0,0.0,0.0,0.0,932.6454400000002
2006-01-25 21:00:00,0.0,0.0,63.13,76.4,45.2,35.873,143.857,0.0,0.0,0.0,0.0,927.6454400000002
2006-01-25 22:00:00,0.0,0.0,59.37,77.5,41.34,35.357,155.0,0.0,0.0,17.147000000000013,0.0,934.9912800000002
2006-01-25 23:00:00,0.0,0.0,56.25,74.82,37.81,34.955,155.0,0.0,0.0,26.07500000000001,0.0,948.7652800000002
2006-01-26 00:00:00,0.0,0.0,53.78,74.03,37.12,33.613,135.0,0.0,0.0,8.682999999999991,0.0,950.0170400000002
2006-01-26 01:00:00,0.0,0.0,52.83,72.54,35.38,33.589,155.0,0.0,20.0,12.838999999999997,0.0,954.2611200000001
2006-01-26 02:00:00,0.0,0.0,52.88,69.79,33.64,33.394,130.0,0.0,12.083999999999975,0.0,0.0,949.2611200000001
2006-01-26 03:00:00,0.0,0.0,53.72,68.8,32.7,33.402,135.0,0.0,18.182000000000016,0.0,0.0,944.2611200000001
2006-01-26 04:00:00,0.0,0.0,55.67,70.67,31.71,33.171,155.0,0.0,5.120999999999986,30.0,0.0,960.8611200000001
2006-01-26 05:00:00,0.0,0.0,60.65,74.94,32.48,33.443,155.0,0.0,0.0,25.373000000000026,0.0,974.1296800000001
2006-01-26 06:00:00,0.0,0.0,65.85,79.4,37.02,34.198,143.072,0.0,0.0,0.0,0.0,969.1296800000001
2006-01-26 07:00:00,0.0,0.0,68.59,81.4,42.46,34.829,155.0,0.0,0.0,2.3790000000000004,0.0,965.8425600000002
2006-01-26 08:00:00,0.0,0.0,69.96,82.55,45.6,39.184,153.926,0.0,0.0,0.0,0.0,960.8425600000002
2006-01-26 09:00:00,0.0,0.0,71.26,82.78,47.67,47.9,155.0,0.0,0.0,6.190000000000006,0.0,960.2993600000002
2006-01-26 10:00:00,0.0,0.0,72.25,82.86,48.5,56.897,141.713,0.0,0.0,0.0,0.0,955.2993600000002
2006-01-26 11:00:00,0.0,0.0,71.77,82.92,48.93,63.36500000000001,155.0,0.0,0.0,19.745000000000022,0.0,964.5157600000002
2006-01-26 12:00:00,0.0,0.0,70.58,81.19,49.18,66.268,155.0,0.0,25.318000000000005,0.0,0.0,959.5157600000002
2006-01-26 13:00:00,0.0,0.0,69.36,79.11,48.84,64.10999999999999,130.0,0.0,0.0,1.7999999999999776,0.0,955.8117600000002
2006-01-26 14:00:00,0.0,0.0,68.76,77.13,48.58,56.806,155.0,0.0,0.0,22.336000000000006,0.0,966.8936800000001
2006-01-26 15:00:00,0.0,0.0,69.21,76.57,48.83,45.284,144.326,0.0,0.0,0.0,0.0,961.8936800000001
2006-01-26 16:00:00,0.0,0.0,71.65,78.91,51.49,35.879,155.0,6.170999999999992,0.0,0.0,0.0,956.8936800000001
2006-01-26 17:00:00,0.0,0.0,72.45,83.19,53.88,32.292,155.0,17.227999999999994,0.0,0.0,0.0,951.8936800000001
2006-01-26 18:00:00,0.0,0.0,71.01,84.1,53.73,33.055,155.0,15.78500000000001,0.0,0.0,0.0,946.8936800000001
2006-01-26 19:00:00,0.0,0.0,67.4,80.79,51.84,32.755,155.0,7.275000000000006,0.0,0.0,0.0,941.8936800000001
2006-01-26 20:00:00,0.0,0.0,64.46,77.46,49.04,31.669000000000004,155.0,0.0,0.7090000000000316,0.0,0.0,936.8936800000001
2006-01-26 21:00:00,0.0,0.0,62.64,77.85,45.51,29.936,151.064,0.0,0.0,0.0,0.0,931.8936800000001
2006-01-26 22:00:00,0.0,0.0,58.88,78.94,41.65,26.881,147.589,0.0,0.0,0.0,0.0,926.8936800000001
2006-01-26 23:00:00,0.0,0.0,55.76,76.26,38.12,24.512999999999998,155.0,0.0,0.0,14.373000000000001,0.0,932.2422400000002
2006-01-27 00:00:00,0.0,0.0,53.47,76.86,36.4,22.544,139.186,0.0,0.0,0.0,0.0,927.2422400000002
2006-01-27 01:00:00,0.0,0.0,52.52,75.37,34.66,21.361,155.0,0.0,18.811,0.0,0.0,922.2422400000002
2006-01-27 02:00:00,0.0,0.0,52.57,72.62,32.92,21.008,135.0,0.0,0.0,2.8979999999999873,0.0,919.3288000000001
2006-01-27 03:00:00,0.0,0.0,53.41,71.63,31.99,20.674,135.0,0.0,0.0,3.6440000000000197,0.0,916.9524800000002
2006-01-27 04:00:00,0.0,0.0,55.36,73.5,30.99,20.834,155.0,0.0,0.0,20.98400000000001,0.0,927.0609600000001
2006-01-27 05:00:00,0.0,0.0,60.34,77.77,31.76,20.667,155.0,0.0,0.0,10.79700000000001,0.0,929.8348000000001
2006-01-27 06:00:00,0.0,0.0,65.54,82.23,36.3,20.285,155.0,3.785000000000011,0.0,0.0,0.0,924.8348000000001
2006-01-27 07:00:00,0.0,0.0,68.28,84.23,41.74,20.39,155.0,13.859999999999985,0.0,0.0,0.0,919.8348000000001
2006-01-27 08:00:00,0.0,0.0,69.65,85.38,44.88,26.292999999999996,155.0,13.617000000000004,0.0,0.0,0.0,914.8348000000001
2006-01-27 09:00:00,0.0,0.0,70.95,85.61,46.96,35.476000000000006,155.0,8.043999999999983,0.0,0.0,0.0,909.8348000000001
2006-01-27 10:00:00,0.0,0.0,71.94,85.69,47.79,43.123999999999995,155.0,2.295999999999978,0.0,0.0,0.0,904.8348000000001
2006-01-27 11:00:00,0.0,0.0,71.45,85.75,48.21,47.004999999999995,155.0,0.0,0.0,1.5950000000000062,0.0,900.9832000000001
2006-01-27 12:00:00,0.0,0.0,70.27,84.02,48.46,49.932,155.0,0.0,0.0,7.182000000000008,0.0,901.1542400000002
2006-01-27 13:00:00,0.0,0.0,69.05,81.95,48.13,49.096,155.0,0.0,9.965999999999994,0.0,0.0,896.1542400000002
2006-01-27 14:00:00,0.0,0.0,68.44,79.96,47.87,42.992999999999995,155.0,0.0,0.0,6.723000000000007,0.0,895.9948000000002
2006-01-27 15:00:00,0.0,0.0,68.9,79.4,48.11,33.212,155.0,3.1980000000000075,0.0,0.0,0.0,890.9948000000002
2006-01-27 16:00:00,0.0,0.0,71.34,81.75,50.77,29.136999999999997,155.0,14.722999999999999,0.0,0.0,0.0,885.9948000000002
2006-01-27 17:00:00,0.0,0.0,72.13,86.02,53.16,27.643,155.0,23.666999999999987,0.0,0.0,0.0,880.9948000000002
2006-01-27 18:00:00,0.0,0.0,70.7,86.93,53.01,30.136,155.0,20.504000000000023,0.0,0.0,0.0,875.9948000000002
2006-01-27 19:00:00,0.0,0.0,67.09,83.62,51.12,32.322,155.0,9.507999999999996,0.0,0.0,0.0,870.9948000000002
2006-01-27 20:00:00,0.0,0.0,64.15,80.29,48.33,32.686,155.0,0.08400000000001029,0.0,0.0,0.0,865.9948000000002
2006-01-27 21:00:00,0.0,0.0,62.33,80.68,44.8,32.456999999999994,150.353,0.0,0.0,0.0,0.0,860.9948000000002
2006-01-27 22:00:00,0.0,0.0,58.57,81.78,40.94,30.039,155.0,0.0,0.0,8.749,0.0,862.2940800000001
2006-01-27 23:00:00,0.0,0.0,55.45,79.09,37.41,28.949000000000005,155.0,0.0,16.99900000000001,0.0,0.0,857.2940800000001
2006-01-28 00:00:00,0.0,0.0,44.74,69.63,34.2,27.884999999999998,155.0,0.0,9.315000000000012,30.0,0.0,873.8940800000001
2006-01-28 01:00:00,0.0,0.0,43.79,68.14,32.46,28.534,130.0,0.0,0.0,19.144000000000002,0.0,882.6777600000001
2006-01-28 02:00:00,0.0,0.0,43.84,65.39,30.72,29.112,135.0,0.0,0.0,29.16200000000001,0.0,898.6744000000001
2006-01-28 03:00:00,0.0,0.0,44.68,64.4,29.79,28.393,155.0,0.0,20.0,29.52300000000001,0.0,914.9309600000001
2006-01-28 04:00:00,0.0,0.0,46.62,66.27,28.79,27.806,130.0,0.0,0.0,21.126000000000015,0.0,925.1416800000002
2006-01-28 05:00:00,0.0,0.0,51.61,70.54,29.57,27.582,155.0,0.0,35.862000000000016,0.0,0.0,920.1416800000002
2006-01-28 06:00:00,0.0,0.0,56.81,75.0,34.1,28.038,132.872,0.0,0.0,0.0,0.0,915.1416800000002
2006-01-28 07:00:00,0.0,0.0,59.55,77.0,39.54,28.688000000000002,143.85652570021466,0.0,0.0,1.4545257002146805,0.0,911.1889385041547
2006-01-28 08:00:00,0.0,0.0,60.92,78.15,42.68,35.738,155.0,0.0,0.0,13.987999999999987,0.0,916.2602985041548
2006-01-28 09:00:00,0.0,0.0,62.22,78.38,44.76,47.304,135.0,0.0,0.0,1.9440000000000257,0.0,912.6599785041548
2006-01-28 10:00:00,0.0,0.0,63.21,78.46,45.59,55.805,155.0,0.0,0.0,28.545,0.0,928.2123785041548
2006-01-28 11:00:00,0.0,0.0,62.72,78.52,46.01,61.477999999999994,135.0,0.0,14.228000000000014,0.0,0.0,923.2123785041548
2006-01-28 12:00:00,0.0,0.0,61.54,76.79,46.27,62.364000000000004,130.0,0.0,0.0,12.76399999999999,0.0,927.4024585041548
2006-01-28 13:00:00,0.0,0.0,60.32,74.72,45.93,59.454,135.0,0.0,0.0,18.48400000000001,0.0,935.7109385041548
2006-01-28 14:00:00,0.0,0.0,59.71,72.73,45.67,51.809000000000005,135.0,0.0,13.698999999999998,0.0,0.0,930.7109385041548
2006-01-28 15:00:00,0.0,0.0,60.17,72.17,45.91,38.328,134.922,0.0,0.0,0.0,0.0,925.7109385041548
2006-01-28 16:00:00,0.0,0.0,62.61,74.52,48.58,29.424,151.286,0.0,0.0,0.0,0.0,920.7109385041548
2006-01-28 17:00:00,0.0,0.0,63.4,78.79,50.96,26.758,155.0,6.39200000000001,0.0,0.0,0.0,915.7109385041548
2006-01-28 18:00:00,0.0,0.0,61.97,79.7,50.81,26.62,155.0,5.859999999999999,0.0,0.0,0.0,910.7109385041548
2006-01-28 19:00:00,0.0,0.0,58.36,76.4,48.92,25.823999999999998,152.856,0.0,0.0,0.0,0.0,905.7109385041548
2006-01-28 20:00:00,0.0,0.0,55.42,73.06,46.13,24.689,155.0,0.0,10.079000000000013,0.0,0.0,900.7109385041548
2006-01-28 21:00:00,0.0,0.0,53.6,73.45,42.6,23.612000000000002,155.0,0.0,13.962,0.0,0.0,895.7109385041548
2006-01-28 22:00:00,0.0,0.0,49.84,74.55,38.74,21.855999999999998,136.274,0.0,0.0,0.0,0.0,890.7109385041548
2006-01-28 23:00:00,0.0,0.0,46.72,71.87,35.21,20.644,130.0,0.0,1.8439999999999888,0.0,0.0,885.7109385041548
2006-01-29 00:00:00,0.0,0.0,40.27,62.7,33.89,19.477000000000004,155.0,0.0,38.049903047091085,4.5670969529089085,0.0,883.9992483102492
2006-01-29 01:00:00,0.0,0.0,39.32,61.21,32.15,19.260999999999996,135.0,0.0,0.0,26.580999999999996,0.0,898.1375683102492
2006-01-29 02:00:00,0.0,0.0,39.36,58.45,30.41,19.45,110.0,0.0,0.0,6.230000000000004,0.0,897.6231683102492
2006-01-29 03:00:00,0.0,0.0,40.21,57.47,29.47,20.557,155.0,0.0,23.40700000000001,30.0,0.0,914.2231683102492
2006-01-29 04:00:00,0.0,0.0,42.15,59.34,28.48,21.19,130.0,0.0,0.0,26.220000000000006,0.0,928.1015683102493
2006-01-29 05:00:00,0.0,0.0,47.14,63.6,29.25,21.698999999999998,130.0,0.0,0.0,16.70900000000001,0.0,935.1320483102493
2006-01-29 06:00:00,0.0,0.0,52.33,68.06,33.79,21.732,135.0,0.0,0.0,7.552,0.0,935.5694883102493
2006-01-29 07:00:00,0.0,0.0,55.08,70.07,39.23,22.890000000000004,155.0,0.0,0.0,18.51,0.0,943.8966883102493
2006-01-29 08:00:00,0.0,0.0,56.45,71.22,42.37,29.51,155.0,0.0,19.470000000000013,0.0,0.0,938.8966883102493
2006-01-29 09:00:00,0.0,0.0,57.74,71.45,44.44,38.824,135.0,0.0,5.193999999999995,0.0,0.0,933.8966883102493
2006-01-29 10:00:00,0.0,0.0,58.73,71.52,45.27,45.352000000000004,155.0,0.0,0.0,29.83200000000002,0.0,950.3757283102493
2006-01-29 11:00:00,0.0,0.0,58.25,71.59,45.69,48.309,155.0,0.0,2.7790000000000106,30.0,0.0,966.9757283102493
2006-01-29 12:00:00,0.0,0.0,57.07,69.86,45.95,47.621,155.0,0.0,34.741000000000014,0.0,0.0,961.9757283102493
2006-01-29 13:00:00,0.0,0.0,55.85,67.78,45.61,44.059000000000005,135.0,0.0,14.819000000000003,0.0,0.0,956.9757283102493
2006-01-29 14:00:00,0.0,0.0,55.24,65.79,45.35,36.968999999999994,155.0,0.0,0.5889999999999986,30.0,0.0,973.5757283102494
2006-01-29 15:00:00,0.0,0.0,55.69,65.23,45.6,26.834000000000003,135.0,0.0,0.0,0.31399999999999473,0.0,968.8018083102494
2006-01-29 16:00:00,0.0,0.0,58.14,67.58,48.26,19.446,155.0,0.0,0.0,5.466000000000008,0.0,967.7373283102494
2006-01-29 17:00:00,0.0,0.0,58.93,71.85,50.65,16.267,155.0,5.16299999999999,0.0,0.0,0.0,962.7373283102494
2006-01-29 18:00:00,0.0,0.0,57.5,72.76,50.5,16.269999999999996,155.0,4.490000000000009,0.0,0.0,0.0,957.7373283102494
2006-01-29 19:00:00,0.0,0.0,53.89,69.46,48.61,15.754999999999999,151.20499999999998,0.0,0.0,0.0,0.0,952.7373283102494
2006-01-29 20:00:00,0.0,0.0,50.95,66.12,45.81,15.488,155.0,0.0,12.607999999999995,0.0,0.0,947.7373283102494
2006-01-29 21:00:00,0.0,0.0,49.13,66.51,42.28,15.256,155.0,0.0,0.0,17.336,0.0,955.2192483102493
2006-01-29 22:00:00,0.0,0.0,45.37,67.61,38.42,14.811,155.0,0.0,0.0,23.411000000000005,0.0,967.0751683102493
2006-01-29 23:00:00,0.0,0.0,42.25,64.93,34.89,14.578000000000001,135.0,0.0,0.0,12.508000000000003,0.0,971.0809283102493
2006-01-30 00:00:00,0.0,0.0,51.18,69.56,35.82,14.679000000000002,155.0,0.0,0.0,18.118999999999996,0.0,979.1266083102493
2006-01-30 01:00:00,0.0,0.0,50.23,68.07,34.08,15.441,135.0,0.0,3.061000000000007,0.0,0.0,974.1266083102493
2006-01-30 02:00:00,0.0,0.0,50.27,65.31,32.34,15.939,155.0,0.0,7.6348448753462534,20.384155124653752,0.0,983.8032
2006-01-30 03:00:00,0.0,0.0,51.12,64.32,31.41,16.29,155.0,0.0,0.0,29.440000000000026,0.0,1000.0
2006-01-30 04:00:00,0.0,0.0,53.06,66.19,30.41,17.029999999999998,134.57444444444445,0.0,0.0,6.944444444444445,0.0,1000.0
2006-01-30 05:00:00,0.0,0.0,58.05,70.46,31.18,17.377000000000002,144.25744444444442,0.0,0.0,6.944444444444445,0.0,1000.0
2006-01-30 06:00:00,0.0,0.0,63.24,74.92,35.72,18.11,155.0,0.0,0.0,4.230000000000008,0.0,998.0456
2006-01-30 07:00:00,0.0,0.0,65.99,76.93,41.16,19.619999999999997,155.0,4.459999999999994,0.0,0.0,0.0,993.0456
2006-01-30 08:00:00,0.0,0.0,67.36,78.08,44.3,26.471,155.0,3.268999999999984,0.0,0.0,0.0,988.0456
2006-01-30 09:00:00,0.0,0.0,68.65,78.3,46.37,35.160000000000004,155.0,0.0,0.0,1.8399999999999965,0.0,984.3704
2006-01-30 10:00:00,0.0,0.0,69.65,78.38,47.21,42.05499999999999,155.0,0.0,0.0,6.814999999999991,0.0,984.2772
2006-01-30 11:00:00,0.0,0.0,69.16,78.44,47.63,48.181999999999995,155.0,0.0,8.563988919667562,4.388011080332461,0.0,982.4365679778393
2006-01-30 12:00:00,0.0,0.0,67.98,76.71,47.88,51.08899999999999,155.0,0.0,0.0,18.519000000000016,0.0,990.7702479778393
2006-01-30 13:00:00,0.0,0.0,66.76,74.64,47.55,47.784000000000006,148.7469889196677,0.0,0.0,12.580988919667707,0.0,994.82856
2006-01-30 14:00:00,0.0,0.0,66.15,72.65,47.29,40.217,155.0,0.0,0.0,14.126999999999997,0.0,1000.0
2006-01-30 15:00:00,0.0,0.0,66.61,72.09,47.53,29.115000000000002,155.0,0.0,0.0,2.884999999999998,0.0,997.0772
2006-01-30 16:00:00,0.0,0.0,69.05,74.44,50.19,19.907999999999998,155.0,13.771999999999977,0.0,0.0,0.0,992.0772
2006-01-30 17:00:00,0.0,0.0,69.84,78.71,52.58,19.185,155.0,21.944999999999993,0.0,0.0,0.0,987.0772
2006-01-30 18:00:00,0.0,0.0,68.41,79.62,52.43,20.947000000000003,155.0,19.51299999999999,0.0,0.0,0.0,982.0772
2006-01-30 19:00:00,0.0,0.0,64.8,76.32,50.54,21.884,155.0,9.775999999999984,0.0,0.0,0.0,977.0772
2006-01-30 20:00:00,0.0,0.0,61.86,72.98,47.75,22.099,155.0,0.49099999999999966,0.0,0.0,0.0,972.0772
2006-01-30 21:00:00,0.0,0.0,60.04,73.37,44.22,21.191000000000003,155.0,0.0,3.561,0.0,0.0,967.0772
2006-01-30 22:00:00,0.0,0.0,56.28,74.47,40.35,20.717,155.0,0.0,0.0,9.617,0.0,969.00144
2006-01-30 23:00:00,0.0,0.0,53.16,71.79,36.82,19.659999999999997,155.0,0.0,17.889999999999993,0.0,0.0,964.00144
2006-01-31 00:00:00,0.0,0.0,52.45,70.23,36.33,19.182000000000002,155.0,0.0,20.17200000000001,0.0,0.0,959.00144
2006-01-31 01:00:00,0.0,0.0,51.5,68.74,34.59,19.366999999999997,155.0,0.0,6.262222222222287,18.274777777777736,0.0,967.15928
2006-01-31 02:00:00,0.0,0.0,51.54,65.98,32.85,19.871000000000002,155.0,0.0,0.0,29.501000000000012,0.0,983.4
2006-01-31 03:00:00,0.0,0.0,52.38,65.0,31.91,19.741,155.0,0.0,0.4509999999999934,30.0,0.0,1000.0
2006-01-31 04:00:00,0.0,0.0,54.33,66.87,30.92,18.659,155.0,0.0,24.236630963373216,2.302369036626793,0.0,996.6577057063713
2006-01-31 05:00:00,0.0,0.0,59.32,71.13,31.69,17.668,151.05851985226207,0.0,0.0,11.58651985226208,0.0,1000.0
2006-01-31 06:00:00,0.0,0.0,64.51,75.59,36.23,16.48,155.0,0.0,0.0,0.1500000000000048,0.0,995.108
2006-01-31 07:00:00,0.0,0.0,67.25,77.6,41.67,16.291,155.0,0.0,0.0,0.0,10.228999999999989,971.5098181818181
2006-01-31 08:00:00,0.0,0.0,68.63,78.75,44.81,22.853,155.0,0.0,0.0,0.0,9.336999999999998,949.5334545454544
2006-01-31 09:00:00,0.0,0.0,69.92,78.98,46.88,31.683,155.0,2.624470000000033,0.0,0.0,1.4725299999999566,941.8561272727272
2006-01-31 10:00:00,0.0,0.0,70.91,79.05,47.72,36.297,155.0,0.0,0.0,0.0,1.3829999999999956,934.3415818181818
2006-01-31 11:00:00,0.0,0.0,70.43,79.12,48.14,37.748000000000005,155.0,0.0,0.058000000000006935,0.0,0.0,929.3415818181818
2006-01-31 12:00:00,0.0,0.0,69.25,77.39,48.39,36.45,155.0,0.0,1.420000000000016,0.0,0.0,924.3415818181818
2006-01-31 13:00:00,0.0,0.0,68.03,75.31,48.05,32.82000000000001,155.0,0.0,1.4299999999999997,0.0,0.0,919.3415818181818
2006-01-31 14:00:00,0.0,0.0,67.42,73.32,47.8,26.384,155.0,0.0,0.0,0.0,2.155999999999985,910.4215818181818
2006-01-31 15:00:00,12.317,0.0,67.87,72.76,48.04,16.353,155.0,0.0,0.0,0.0,0.0,905.4215818181818
2006-01-31 16:00:00,26.835000000000008,0.0,70.31,75.11,50.7,9.285,155.0,0.0,0.0,0.0,0.0,900.4215818181818
2006-01-31 17:00:00,35.67999999999999,0.0,71.11,79.38,53.09,7.899999999999999,155.0,0.0,0.0,0.0,0.0,895.4215818181818
2006-01-31 18:00:00,0.0,0.0,69.68,80.29,52.94,8.141,155.0,34.769000000000005,0.0,0.0,0.0,890.4215818181818
2006-01-31 19:00:00,0.0,0.0,66.07,76.99,51.05,7.574,155.0,11.535999999999989,0.0,0.0,15.0,858.1488545454546
2006-01-31 20:00:00,0.0,0.0,63.13,73.65,48.25,6.405,155.0,18.625000000000014,0.0,0.0,0.0,853.1488545454546
2006-01-31 21:00:00,0.0,0.0,61.31,74.05,44.72,5.657,155.0,14.423000000000002,0.0,0.0,0.0,848.1488545454546
2006-01-31 22:00:00,0.0,0.0,57.55,75.14,40.86,5.148,155.0,0.0,0.0,0.0,8.401999999999987,827.872490909091
2006-01-31 23:00:00,0.0,0.0,54.43,72.46,37.33,4.802,155.0,0.0,0.5820000000000141,0.0,0.0,822.872490909091
2006-02-01 00:00:00,0.0,0.0,53.18,70.12,37.81,4.827,155.0,0.0,3.7169999999999987,0.0,0.0,817.872490909091
2006-02-01 01:00:00,0.0,0.0,52.23,68.63,36.07,4.629,155.0,0.0,7.6990000000000105,0.0,0.0,812.872490909091
2006-02-01 02:00:00,0.0,0.0,52.27,65.87,34.33,4.47,155.0,0.0,11.999999999999991,0.0,0.0,807.872490909091
2006-02-01 03:00:00,0.0,0.0,53.12,64.89,33.39,4.449,155.0,0.0,13.049000000000005,0.0,0.0,802.872490909091
2006-02-01 04:00:00,0.0,0.0,55.06,66.76,32.4,4.2829999999999995,155.0,0.0,10.062999999999988,0.0,0.0,797.872490909091
2006-02-01 05:00:00,0.0,0.0,60.05,71.03,33.17,4.036,155.0,0.2139999999999862,0.0,0.0,0.0,792.872490909091
2006-02-01 06:00:00,14.52300000000001,0.0,65.24,75.48,37.71,3.907,155.0,0.0,0.0,0.0,0.0,787.872490909091
2006-02-01 07:00:00,0.0,0.0,67.99,77.49,43.15,5.343,155.0,8.286999999999992,0.0,0.0,15.0,755.5997636363637
2006-02-01 08:00:00,0.0,0.0,69.36,78.64,46.29,11.815000000000001,155.0,7.474999999999994,0.0,0.0,15.0,723.3270363636365
2006-02-01 09:00:00,17.39200000000001,0.0,70.65,78.87,48.36,20.488,155.0,0.0,0.0,0.0,0.0,718.3270363636365
2006-02-01 10:00:00,0.0,0.0,71.64,78.94,49.19,25.947,155.0,0.0,0.0,0.0,13.823,688.1943090909092
2006-02-01 11:00:00,0.0,0.0,71.16,79.01,49.61,29.805999999999997,155.0,9.974000000000004,0.0,0.0,0.0,683.1943090909092
2006-02-01 12:00:00,6.568000000000005,0.0,69.98,77.28,49.87,30.561999999999998,155.0,0.0,0.0,0.0,0.0,678.1943090909092
2006-02-01 13:00:00,0.0,0.0,68.76,75.2,49.53,27.538000000000004,155.0,0.0,0.0,0.0,5.952000000000005,662.372490909091
2006-02-01 14:00:00,0.0,0.0,68.15,73.22,49.27,20.823999999999998,155.0,9.815999999999995,0.0,0.0,0.0,657.372490909091
2006-02-01 15:00:00,0.0,0.0,68.6,72.66,49.52,11.893,155.0,18.886999999999993,0.0,0.0,0.0,652.372490909091
2006-02-01 16:00:00,33.660999999999994,0.0,71.05,75.0,52.18,4.569,155.0,0.0,0.0,0.0,0.0,647.372490909091
2006-02-01 17:00:00,0.0,0.0,71.84,79.27,54.57,2.905,155.0,27.774999999999984,0.0,0.0,15.0,615.0997636363637
2006-02-01 18:00:00,0.0,0.0,70.41,80.18,54.42,3.0090000000000003,155.0,27.001000000000005,0.0,0.0,15.0,582.8270363636365
2006-02-01 19:00:00,0.0,0.0,66.8,76.88,52.53,3.068,155.0,18.141999999999996,0.0,0.0,15.0,550.5543090909092
2006-02-01 20:00:00,0.0,0.0,63.86,73.55,49.73,3.25,155.0,23.889999999999986,0.0,0.0,0.0,545.5543090909092
2006-02-01 21:00:00,0.0,0.0,62.04,73.94,46.2,3.763,155.0,3.4169999999999874,0.0,0.0,15.0,513.281581818182
2006-02-01 22:00:00,0.0,0.0,58.28,75.03,42.34,4.016,155.0,0.0,0.0,0.0,11.634,487.1288545454547
2006-02-01 23:00:00,0.0,0.0,55.16,72.35,38.81,4.663,155.0,0.0,0.0,0.0,1.6569999999999814,479.11612727272745
2006-02-02 00:00:00,0.0,0.0,53.12,71.21,37.46,5.2219999999999995,155.0,0.0,3.432000000000002,0.0,0.0,474.11612727272745
2006-02-02 01:00:00,0.0,0.0,52.19,69.71,35.74,5.561,155.0,0.0,7.921000000000021,0.0,0.0,469.11612727272745
2006-02-02 02:00:00,0.0,0.0,52.25,66.98,34.01,5.797000000000001,155.0,0.0,12.557,0.0,0.0,464.11612727272745
2006-02-02 03:00:00,0.0,0.0,53.11,66.02,33.08,5.927,155.0,0.0,13.717000000000013,0.0,0.0,459.11612727272745
2006-02-02 04:00:00,0.0,0.0,55.09,67.91,32.11,5.813000000000001,155.0,0.0,10.703000000000003,0.0,0.0,454.11612727272745
2006-02-02 05:00:00,0.0,0.0,60.07,72.17,32.93,5.769,155.0,0.0,0.5989999999999895,0.0,0.0,449.11612727272745
2006-02-02 06:00:00,0.5308344999995569,0.0,65.24,76.6,37.48,5.6690000000000005,155.0,13.120165500000429,0.0,0.0,0.0,444.11612727272745
2006-02-02 07:00:00,0.0,0.0,67.97,78.6,42.88,7.04,155.0,22.409999999999993,0.0,0.0,0.0,439.11612727272745
2006-02-02 08:00:00,21.789999999999992,0.0,69.35,79.74,46.0,13.3,155.0,0.0,0.0,0.0,0.0,434.11612727272745
2006-02-02 09:00:00,17.01399999999998,0.0,70.64,79.96,48.05,21.636,155.0,0.0,0.0,0.0,0.0,429.11612727272745
2006-02-02 10:00:00,0.0,0.0,71.62,80.05,48.88,26.974999999999998,155.0,0.0,0.0,0.0,13.574999999999996,399.43430909090927
2006-02-02 11:00:00,0.0,0.0,71.12,80.09,49.3,30.409,155.0,0.0,0.0,0.0,10.100999999999992,376.0688545454547
2006-02-02 12:00:00,0.0,0.0,69.94,78.36,49.54,31.238999999999997,155.0,6.600999999999992,0.0,0.0,0.0,371.0688545454547
2006-02-02 13:00:00,6.006999999999998,0.0,68.72,76.29,49.2,28.202999999999996,155.0,0.0,0.0,0.0,0.0,366.0688545454547
2006-02-02 14:00:00,0.0,0.0,68.1,74.31,48.93,21.453,155.0,0.0,0.0,0.0,9.886999999999995,343.0924909090911
2006-02-02 15:00:00,19.34099999999998,0.0,68.55,73.74,49.18,12.129,155.0,0.0,0.0,0.0,0.0,338.0924909090911
2006-02-02 16:00:00,0.0,0.0,70.95,76.07,51.82,5.426,155.0,18.413999999999994,0.0,0.0,15.0,305.81976363636386
2006-02-02 17:00:00,42.06699999999999,0.0,71.74,80.3,54.17,4.143,155.0,0.0,0.0,0.0,0.0,300.81976363636386
2006-02-02 18:00:00,0.0,0.0,70.32,81.21,54.03,4.2059999999999995,155.0,26.353999999999985,0.0,0.0,15.0,268.5470363636366
2006-02-02 19:00:00,32.509,0.0,66.74,77.95,52.16,4.341,155.0,0.0,0.0,0.0,0.0,263.5470363636366
2006-02-02 20:00:00,23.29399999999999,0.0,63.8,74.67,49.38,4.556,155.0,0.0,0.0,0.0,0.0,258.5470363636366
2006-02-02 21:00:00,0.0,0.0,61.95,75.07,45.85,5.212999999999999,155.0,17.65699999999999,0.0,0.0,0.0,253.5470363636366
2006-02-02 22:00:00,0.0,0.0,58.2,76.12,41.99,5.819,155.0,10.491000000000007,0.0,0.0,0.0,248.5470363636366
2006-02-02 23:00:00,0.4229999999999876,0.0,55.09,73.44,38.46,6.567,155.0,0.0,0.0,0.0,0.0,243.5470363636366
2006-02-03 00:00:00,0.0,0.0,51.69,73.71,36.15,7.288,155.0,0.0,5.738000000000014,0.0,0.0,238.5470363636366
2006-02-03 01:00:00,0.0,0.0,50.77,72.19,34.45,7.65,155.0,0.0,10.240000000000009,0.0,0.0,233.5470363636366
2006-02-03 02:00:00,0.0,0.0,50.85,69.48,32.73,7.898,155.0,0.0,14.838000000000015,0.0,0.0,228.5470363636366
2006-02-03 03:00:00,0.0,0.0,51.72,68.56,31.81,7.968999999999999,155.0,0.0,15.879000000000012,0.0,0.0,223.5470363636366
2006-02-03 04:00:00,0.0,0.0,53.75,70.46,30.86,7.776000000000001,155.0,0.0,12.70600000000001,0.0,0.0,218.5470363636366
2006-02-03 05:00:00,0.0,0.0,58.73,74.71,31.72,7.3549999999999995,155.0,0.0,2.195000000000028,0.0,0.0,213.5470363636366
2006-02-03 06:00:00,0.0,0.0,63.87,79.12,36.28,6.951,155.0,3.826785000000084,0.0,0.0,8.492214999999913,193.10664545454586
2006-02-03 07:00:00,21.36999999999999,0.0,66.58,81.11,41.66,7.9799999999999995,155.0,0.0,0.0,0.0,0.0,188.10664545454586
2006-02-03 08:00:00,0.0,0.0,67.96,82.24,44.75,13.550999999999998,155.0,21.39899999999998,0.0,0.0,0.0,183.10664545454586
2006-02-03 09:00:00,0.0,0.0,69.26,82.46,46.78,20.191000000000003,155.0,3.3089999999999975,0.0,0.0,15.0,150.83391818181858
2006-02-03 10:00:00,0.0,0.0,70.22,82.55,47.6,24.74,155.0,0.6299999999999848,0.0,0.0,15.0,118.5611909090913
2006-02-03 11:00:00,0.0,0.0,69.72,82.57,48.01,27.933,155.0,0.0,0.0,0.0,12.36699999999999,91.07573636363676
2006-02-03 12:00:00,9.674999999999983,0.0,68.53,80.85,48.24,27.945,155.0,0.0,0.0,0.0,0.0,86.07573636363676
2006-02-03 13:00:00,0.0,0.0,67.31,78.78,47.9,25.125,155.0,8.864999999999995,0.0,0.0,0.0,81.07573636363676
2006-02-03 14:00:00,0.0,0.0,66.68,76.8,47.63,20.333,155.0,0.0,0.0,0.0,10.777000000000008,56.481190909091296
2006-02-03 15:00:00,17.733000000000004,0.0,67.11,76.23,47.89,13.497,155.0,0.0,0.0,0.0,0.0,51.481190909091296
2006-02-03 16:00:00,31.389999999999993,0.0,69.48,78.53,50.49,7.11,155.0,0.0,0.0,0.0,0.0,46.481190909091296
2006-02-03 17:00:00,41.33000000000001,0.0,70.27,82.73,52.81,4.48,155.0,0.0,0.0,0.0,0.0,41.481190909091296
2006-02-03 18:00:00,39.864000000000004,0.0,68.87,83.64,52.67,5.316000000000001,155.0,0.0,0.0,0.0,0.0,36.481190909091296
2006-02-03 19:00:00,30.592999999999982,0.0,65.3,80.41,50.82,5.937,155.0,0.0,0.0,0.0,0.0,31.481190909091296
2006-02-03 20:00:00,0.0,0.0,62.37,77.19,48.06,6.41,155.0,21.209999999999987,0.0,0.0,0.0,26.481190909091296
2006-02-03 21:00:00,0.0,0.0,60.49,77.6,44.54,6.666,155.0,9.501636999999775,0.0,0.0,6.462363000000211,9.731440000000003
2006-02-03 22:00:00,0.0,0.0,56.74,78.6,40.67,6.764,155.0,9.245999999999997,0.0,0.0,0.0,4.731440000000002
2006-02-03 23:00:00,0.0,0.0,53.65,75.92,37.14,7.083,155.0,0.0,0.0,0.37299999999999756,0.0,0.0
2006-02-04 00:00:00,0.0,0.0,43.34,69.38,33.31,7.587,140.38744444444444,0.0,0.0,6.944444444444445,0.0,0.0
2006-02-04 01:00:00,0.0,0.0,42.43,67.85,31.63,8.168000000000001,155.0,0.0,0.0,26.258000000000017,0.0,13.905760000000011
2006-02-04 02:00:00,0.0,0.0,42.52,65.16,29.93,8.914000000000001,155.0,0.0,30.62101569713768,0.6829843028623156,0.0,9.397508698060879
2006-02-04 03:00:00,0.0,0.0,43.41,64.27,29.01,10.203,155.0,0.0,3.5130000000000052,30.0,0.0,25.997508698060876
2006-02-04 04:00:00,0.0,0.0,45.47,66.19,28.08,11.295,123.445,0.0,0.0,0.0,0.0,20.997508698060876
2006-02-04 05:00:00,0.0,0.0,50.45,70.43,28.99,12.004999999999999,155.0,0.0,0.0,22.134999999999998,0.0,31.934708698060874
2006-02-04 06:00:00,0.0,0.0,55.56,74.81,33.56,12.401,155.0,0.0,0.0,8.470999999999997,0.0,33.03382869806087
2006-02-04 07:00:00,0.0,0.0,58.27,76.79,38.91,13.944,155.0,0.02599999999999625,0.0,0.0,0.0,28.033828698060876
2006-02-04 08:00:00,0.0,0.0,59.65,77.91,41.97,21.957,155.0,0.0,2.427000000000007,0.0,0.0,23.033828698060876
2006-02-04 09:00:00,0.0,0.0,60.95,78.13,43.98,33.454,155.0,0.0,0.0,10.394000000000005,0.0,25.51750869806088
2006-02-04 10:00:00,0.0,0.0,61.89,78.22,44.79,41.471000000000004,155.0,0.0,3.5386509695290274,13.032349030470975,0.0,29.900799999999983
2006-02-04 11:00:00,0.0,0.0,61.38,78.23,45.2,46.881,132.92900000000003,0.0,0.0,0.0,0.0,24.900799999999983
2006-02-04 12:00:00,0.0,0.0,60.19,76.51,45.42,49.557,135.0,0.0,0.0,7.436999999999998,0.0,25.25543999999998
2006-02-04 13:00:00,0.0,0.0,58.97,74.44,45.07,48.801,135.0,0.0,0.0,10.321000000000021,0.0,27.686559999999993
2006-02-04 14:00:00,0.0,0.0,58.34,72.46,44.8,42.294,130.5697682363803,0.0,2.2637682363803044,0.0,0.0,22.686559999999993
2006-02-04 15:00:00,0.0,0.0,58.75,71.89,45.06,30.200000000000003,155.0,0.0,0.0,14.500000000000002,0.0,28.126559999999994
2006-02-04 16:00:00,0.0,0.0,61.09,74.17,47.64,20.839,155.0,2.060999999999993,0.0,0.0,0.0,23.126559999999994
2006-02-04 17:00:00,0.0,0.0,61.87,78.33,49.93,14.437,155.0,15.692999999999977,0.0,0.0,0.0,18.126559999999994
2006-02-04 18:00:00,0.0,0.0,60.48,79.24,49.79,14.711000000000002,155.0,14.798999999999985,0.0,0.0,0.0,13.126559999999994
2006-02-04 19:00:00,0.0,0.0,56.94,76.05,47.96,15.296,155.0,5.653999999999989,0.0,0.0,0.0,8.126559999999994
2006-02-04 20:00:00,0.0,0.0,54.01,72.88,45.21,14.702,155.0,0.0,0.0,2.602000000000009,0.0,5.0
2006-02-04 21:00:00,0.0,0.0,52.1,73.31,41.69,13.785,148.315,0.0,0.0,0.0,0.0,0.0
2006-02-04 22:00:00,0.0,0.0,48.36,74.26,37.83,13.047,155.0,0.0,0.0,12.596999999999994,0.0,4.069839999999996
2006-02-04 23:00:00,0.0,0.0,45.28,71.57,34.3,12.695,135.0,0.0,0.2531111111111244,1.2918888888888949,0.0,0.0
2006-02-05 00:00:00,0.0,0.0,40.13,65.64,31.89,12.867999999999999,130.0,0.0,0.0,10.207999999999995,0.0,2.3497599999999963
2006-02-05 01:00:00,0.0,0.0,39.24,64.1,30.22,12.966000000000001,135.0,0.0,0.0,19.406000000000013,0.0,11.322080000000005
2006-02-05 02:00:00,0.0,0.0,39.34,61.44,28.53,12.55,112.25368882733146,0.0,0.0,0.4936888273314387,0.0,6.677535955678641
2006-02-05 03:00:00,0.0,0.0,40.25,60.57,27.62,12.635,130.0,0.0,0.0,19.195,0.0,15.49793595567864
2006-02-05 04:00:00,0.0,0.0,42.35,62.51,26.71,12.733,135.0,0.0,0.0,21.162999999999997,0.0,25.735295955678637
2006-02-05 05:00:00,0.0,0.0,47.32,66.74,27.66,13.126000000000001,123.594,0.0,0.0,0.0,0.0,20.735295955678637
2006-02-05 06:00:00,0.0,0.0,52.41,71.09,32.25,13.372,137.378,0.0,0.0,0.0,0.0,15.735295955678637
2006-02-05 07:00:00,0.0,0.0,55.1,73.07,37.56,15.18,145.55,0.0,0.0,0.0,0.0,10.735295955678637
2006-02-05 08:00:00,0.0,0.0,56.48,74.18,40.61,22.012,144.25799999999998,0.0,0.0,0.0,0.0,5.735295955678637
2006-02-05 09:00:00,0.0,0.0,57.78,74.39,42.59,29.967999999999996,155.0,0.0,0.0,15.207999999999998,0.0,11.685055955678635
2006-02-05 10:00:00,0.0,0.0,58.71,74.49,43.4,36.518,135.082,0.0,0.0,0.0,0.0,6.685055955678635
2006-02-05 11:00:00,0.0,0.0,58.19,74.48,43.8,40.683,155.0,0.0,0.0,24.21300000000001,0.0,19.118415955678643
2006-02-05 12:00:00,0.0,0.0,56.99,72.76,44.01,42.208,155.0,0.0,3.6639110495536658,24.784088950446332,0.0,31.962960000000002
2006-02-05 13:00:00,0.0,0.0,55.77,70.69,43.65,39.885,125.22500000000001,0.0,0.0,0.0,0.0,26.962960000000002
2006-02-05 14:00:00,0.0,0.0,55.14,68.72,43.38,34.28,135.0,0.0,0.0,7.039999999999997,0.0,27.03176
2006-02-05 15:00:00,0.0,0.0,55.54,68.15,43.65,26.295,155.0,0.0,18.95500000000002,0.0,0.0,22.03176
2006-02-05 16:00:00,0.0,0.0,57.84,70.4,46.2,17.325,152.115,0.0,0.0,0.0,0.0,17.03176
2006-02-05 17:00:00,0.0,0.0,58.62,74.52,48.45,10.183,155.0,11.406999999999998,0.0,0.0,0.0,12.031759999999998
2006-02-05 18:00:00,0.0,0.0,57.24,75.43,48.32,11.754999999999999,155.0,9.234999999999992,0.0,0.0,0.0,7.031759999999998
2006-02-05 19:00:00,0.0,0.0,53.72,72.29,46.51,13.594999999999999,153.925,0.0,0.0,0.0,0.0,2.0317599999999976
2006-02-05 20:00:00,0.0,0.0,50.79,69.17,43.78,14.806999999999999,155.0,0.0,0.0,11.067000000000004,0.0,5.0
2006-02-05 21:00:00,0.0,0.0,48.86,69.61,40.26,16.147,137.583,0.0,0.0,0.0,0.0,0.0
2006-02-05 22:00:00,0.0,0.0,45.12,70.51,36.39,18.396,155.0,0.0,0.0,26.376,0.0,13.99072
2006-02-05 23:00:00,0.0,0.0,42.05,67.82,32.86,20.083000000000002,130.0,0.0,0.0,12.353000000000016,0.0,17.88488000000001
2006-02-06 00:00:00,0.0,0.0,50.94,69.32,32.85,22.692,125.41799999999999,0.0,0.0,0.0,0.0,12.88488000000001
2006-02-06 01:00:00,0.0,0.0,50.06,67.77,31.2,23.386,120.64399999999999,0.0,0.0,0.0,0.0,7.88488000000001
2006-02-06 02:00:00,0.0,0.0,50.17,65.13,29.53,24.343,130.0,0.0,0.0,14.513000000000002,0.0,13.33424000000001
2006-02-06 03:00:00,0.0,0.0,51.11,64.3,28.62,25.990000000000002,155.0,0.0,11.959999999999994,30.0,0.0,29.93424000000001
2006-02-06 04:00:00,0.0,0.0,53.25,66.25,27.73,25.622,116.60800000000002,0.0,0.0,0.0,0.0,24.93424000000001
2006-02-06 05:00:00,0.0,0.0,58.21,70.48,28.73,25.473999999999997,155.0,0.0,0.0,28.053999999999995,0.0,40.133120000000005
2006-02-06 06:00:00,0.0,0.0,63.27,74.8,33.33,27.13,139.26999999999998,0.0,0.0,0.0,0.0,35.133120000000005
2006-02-06 07:00:00,0.0,0.0,65.95,76.77,38.61,30.076,146.254,0.0,0.0,0.0,0.0,30.133120000000005
2006-02-06 08:00:00,0.0,0.0,67.33,77.87,41.63,39.976,141.854,0.0,0.0,0.0,0.0,25.133120000000005
2006-02-06 09:00:00,0.0,0.0,68.64,78.08,43.59,51.06,135.79833333333326,0.0,0.0,1.5483333333332776,0.0,21.247919999999965
2006-02-06 10:00:00,0.0,0.0,69.55,78.18,44.39,57.876000000000005,135.0,0.0,0.0,5.756000000000006,0.0,20.39223999999997
2006-02-06 11:00:00,0.0,0.0,69.02,78.16,44.79,62.567,124.40299999999999,0.0,0.0,0.0,0.0,15.392239999999969
2006-02-06 12:00:00,0.0,0.0,67.82,76.43,44.98,66.324,117.906,0.0,0.0,0.0,0.0,10.392239999999969
2006-02-06 13:00:00,0.0,0.0,66.6,74.37,44.62,65.771,130.0,0.0,0.0,15.181000000000013,0.0,16.322559999999978
2006-02-06 14:00:00,0.0,0.0,65.96,72.4,44.34,61.048,116.652,0.0,0.0,0.0,0.0,11.322559999999978
2006-02-06 15:00:00,0.0,0.0,66.35,71.82,44.62,54.842000000000006,135.0,0.0,0.0,12.052000000000032,0.0,15.0
2006-02-06 16:00:00,0.0,0.0,68.61,74.06,47.15,50.479000000000006,134.341,0.0,0.0,0.0,0.0,10.0
2006-02-06 17:00:00,0.0,0.0,69.39,78.14,49.36,49.421,142.46899999999997,0.0,0.0,0.0,0.0,5.0
2006-02-06 18:00:00,0.0,0.0,68.02,79.04,49.24,55.88000000000001,135.42000000000002,0.0,0.0,0.0,0.0,0.0
2006-02-06 19:00:00,0.0,0.0,64.53,75.94,47.45,60.967,128.89744444444443,0.0,0.0,6.944444444444445,0.0,0.0
2006-02-06 20:00:00,0.0,0.0,61.6,72.88,44.73,65.226,115.92844444444444,0.0,0.0,6.944444444444445,0.0,0.0
2006-02-06 21:00:00,0.0,0.0,59.64,73.33,41.21,67.767,110.0,0.0,0.0,8.587000000000007,0.0,1.1826400000000046
2006-02-06 22:00:00,0.0,0.0,55.9,74.18,37.35,69.607,122.82300000000001,0.0,0.0,30.0,0.0,17.78264
2006-02-06 23:00:00,0.0,0.0,52.85,71.5,33.82,71.654,110.0,0.0,0.0,28.484,0.0,33.29112000000001
2006-02-07 00:00:00,0.0,0.0,50.92,68.55,32.36,73.00800000000001,90.0,0.0,0.0,16.17799999999998,0.0,39.93927999999999
2006-02-07 01:00:00,0.0,0.0,50.06,66.99,30.74,73.645,110.0,0.0,10.854999999999976,30.0,0.0,56.53927999999999
2006-02-07 02:00:00,0.0,0.0,50.19,64.38,29.08,74.866,90.0,0.0,0.0,26.216,0.0,70.41479999999999
2006-02-07 03:00:00,0.0,0.0,51.14,63.57,28.17,75.459,90.0,0.0,0.0,27.578999999999972,0.0,85.27167999999996
2006-02-07 04:00:00,0.0,0.0,53.31,65.54,27.31,75.96900000000001,115.0,0.0,19.80899999999997,30.0,0.0,101.87167999999996
2006-02-07 05:00:00,0.0,0.0,58.28,69.76,28.35,76.67399999999999,97.52466666666643,0.0,0.0,22.808666666666415,0.0,113.29391999999977
2006-02-07 06:00:00,0.0,0.0,63.31,74.06,32.96,77.703,90.0,0.0,0.0,2.3729999999999905,0.0,110.00247999999976
2006-02-07 07:00:00,0.0,0.0,65.97,76.02,38.21,79.129,110.0,0.0,0.0,13.928999999999991,0.0,115.03135999999975
2006-02-07 08:00:00,0.0,0.0,67.36,77.1,41.2,85.464,95.196,0.0,0.0,0.0,0.0,110.03135999999975
2006-02-07 09:00:00,0.0,0.0,68.66,77.32,43.14,93.34800000000001,110.0,0.0,0.0,19.22800000000002,0.0,118.87551999999977
2006-02-07 10:00:00,0.0,0.0,69.56,77.42,43.94,98.643,90.0,0.0,0.0,2.722999999999992,0.0,115.83607999999975
2006-02-07 11:00:00,0.0,0.0,69.02,77.38,44.34,102.06700000000001,127.04450692520786,0.0,13.371506925207859,30.0,0.0,132.43607999999975
2006-02-07 12:00:00,0.0,0.0,67.82,75.66,44.52,102.57600000000001,110.0,0.0,0.0,29.576000000000004,0.0,148.73079999999976
2006-02-07 13:00:00,0.0,0.0,66.6,73.59,44.15,99.40199999999999,90.0,0.0,0.0,10.061999999999998,0.0,150.97543999999976
2006-02-07 14:00:00,0.0,0.0,65.95,71.63,43.87,93.039,90.0,0.0,0.0,6.588999999999963,0.0,150.71951999999973
2006-02-07 15:00:00,0.0,0.0,66.32,71.05,44.15,86.52,135.0,0.0,15.000000000000005,30.0,0.0,167.31951999999973
2006-02-07 16:00:00,0.0,0.0,68.56,73.26,46.65,80.49,102.98,0.0,0.0,0.0,0.0,162.31951999999973
2006-02-07 17:00:00,0.0,0.0,69.33,77.3,48.83,77.549,142.91099999999997,0.0,0.0,30.0,0.0,178.91951999999972
2006-02-07 18:00:00,0.0,0.0,67.98,78.21,48.71,76.688,113.21199999999999,0.0,0.0,0.0,0.0,173.91951999999972
2006-02-07 19:00:00,0.0,0.0,64.5,75.15,46.94,75.59299999999999,105.99700000000001,0.0,0.0,0.0,0.0,168.91951999999972
2006-02-07 20:00:00,0.0,0.0,61.58,72.14,44.24,75.54299999999999,97.417,0.0,0.0,0.0,0.0,163.91951999999972
2006-02-07 21:00:00,0.0,0.0,59.59,72.6,40.73,75.598,122.32199999999999,0.0,0.0,30.0,0.0,180.51951999999972
2006-02-07 22:00:00,0.0,0.0,55.86,73.41,36.86,75.41399999999999,110.0,0.0,0.0,24.284000000000006,0.0,193.0039999999997
2006-02-07 23:00:00,0.0,0.0,52.82,70.72,33.33,75.789,90.0,0.0,0.0,13.91899999999999,0.0,198.0256799999997
2006-02-08 00:00:00,0.0,0.0,51.3,68.33,35.24,76.419,90.0,0.0,0.0,16.549000000000007,0.0,204.9409599999997
2006-02-08 01:00:00,0.0,0.0,50.45,66.76,33.64,76.492,90.0,0.0,0.0,20.64199999999999,0.0,214.8031999999997
2006-02-08 02:00:00,0.0,0.0,50.6,64.16,31.99,76.549,115.0,0.0,19.798999999999985,30.0,0.0,231.40319999999969
2006-02-08 03:00:00,0.0,0.0,51.56,63.38,31.09,76.85799999999999,94.17200000000003,0.0,0.0,30.0,0.0,248.00319999999968
2006-02-08 04:00:00,0.0,0.0,53.78,65.37,30.24,76.53399999999999,90.0,0.0,0.0,22.14399999999999,0.0,258.9468799999997
2006-02-08 05:00:00,0.0,0.0,58.74,69.59,31.33,75.886,90.0,0.0,0.0,11.225999999999992,0.0,262.0295999999997
2006-02-08 06:00:00,0.0,0.0,63.74,73.85,35.96,75.579,92.97100000000003,0.0,0.0,0.0,0.0,257.0295999999997
2006-02-08 07:00:00,0.0,0.0,66.4,75.81,41.17,76.056,132.324,0.0,0.0,30.0,0.0,273.6295999999997
2006-02-08 08:00:00,0.0,0.0,67.78,76.88,44.14,80.335,103.465,0.0,0.0,0.0,0.0,268.6295999999997
2006-02-08 09:00:00,0.0,0.0,69.09,77.09,46.06,86.03800000000003,135.0,0.0,3.798000000000002,30.0,0.0,285.2295999999997
2006-02-08 10:00:00,0.0,0.0,69.97,77.2,46.85,94.061,94.95899999999997,0.0,0.0,0.0,0.0,280.2295999999997
2006-02-08 11:00:00,0.0,0.0,69.42,77.14,47.24,101.667,135.0,0.0,17.866999999999983,30.0,0.0,296.82959999999974
2006-02-08 12:00:00,0.0,0.0,68.21,75.42,47.41,103.14,112.9,0.0,0.0,30.0,0.0,313.42959999999977
2006-02-08 13:00:00,0.0,0.0,67.0,73.36,47.03,101.232,110.0,0.0,0.0,28.842000000000002,0.0,329.19583999999975
2006-02-08 14:00:00,0.0,0.0,66.34,71.4,46.75,95.84299999999999,115.0,0.0,1.3529999999999802,30.0,0.0,345.79583999999977
2006-02-08 15:00:00,0.0,0.0,66.7,70.81,47.05,85.41199999999999,110.0,0.0,0.0,15.851999999999986,0.0,352.20927999999975
2006-02-08 16:00:00,0.0,0.0,68.9,73.01,49.51,67.049,119.37100000000001,0.0,0.0,0.0,0.0,347.20927999999975
2006-02-08 17:00:00,0.0,0.0,69.67,77.01,51.66,57.345,135.995,0.0,0.0,0.0,0.0,342.20927999999975
2006-02-08 18:00:00,0.0,0.0,68.33,77.91,51.55,58.316,135.0,0.0,0.0,0.526000000000006,0.0,337.58799999999974
2006-02-08 19:00:00,0.0,0.0,64.88,74.89,49.8,59.620999999999995,124.949,0.0,0.0,0.0,0.0,332.58799999999974
2006-02-08 20:00:00,0.0,0.0,61.96,71.94,47.11,59.205,116.80499999999999,0.0,0.0,0.0,0.0,327.58799999999974
2006-02-08 21:00:00,0.0,0.0,59.94,72.41,43.6,59.010000000000005,135.0,0.0,0.0,23.060000000000034,0.0,339.19119999999975
2006-02-08 22:00:00,0.0,0.0,56.21,73.17,39.73,60.120000000000005,110.0,0.0,0.0,6.009999999999991,0.0,338.51839999999976
2006-02-08 23:00:00,0.0,0.0,53.19,70.48,36.2,61.81999999999999,110.0,0.0,0.0,16.949999999999974,0.0,345.72239999999977
2006-02-09 00:00:00,0.0,0.0,51.28,69.43,37.28,64.001,90.0,0.0,0.0,1.0109999999999992,0.0,341.45031999999975
2006-02-09 01:00:00,0.0,0.0,50.45,67.85,35.69,65.676,110.0,0.0,0.0,26.68599999999998,0.0,355.6642399999997
2006-02-09 02:00:00,0.0,0.0,50.6,65.27,34.05,67.983,115.0,0.0,8.062999999999988,30.0,0.0,372.26423999999975
2006-02-09 03:00:00,0.0,0.0,51.59,64.53,33.16,68.73499999999999,90.0,0.0,0.0,14.455000000000016,0.0,377.67183999999975
2006-02-09 04:00:00,0.0,0.0,53.84,66.54,32.34,69.487,110.0,0.0,1.766999999999996,30.0,0.0,394.27183999999977
2006-02-09 05:00:00,0.0,0.0,58.8,70.74,33.47,69.93700000000001,90.0,0.0,0.0,1.9270000000000103,0.0,390.6592799999998
2006-02-09 06:00:00,0.0,0.0,63.78,74.98,38.11,70.11999999999999,101.75000000000001,0.0,0.0,0.0,0.0,385.6592799999998
2006-02-09 07:00:00,0.0,0.0,66.42,76.93,43.29,71.37299999999999,110.26700000000001,0.0,0.0,0.0,0.0,380.6592799999998
2006-02-09 08:00:00,0.0,0.0,67.81,77.99,46.24,78.281,108.759,0.0,0.0,0.0,0.0,375.6592799999998
2006-02-09 09:00:00,0.0,0.0,69.11,78.2,48.13,87.527,110.0,0.0,0.0,7.0870000000000175,0.0,375.7619199999998
2006-02-09 10:00:00,0.0,0.0,69.98,78.31,48.91,94.688,130.0,0.0,2.487999999999982,30.0,0.0,392.3619199999998
2006-02-09 11:00:00,0.0,0.0,69.42,78.23,49.3,99.983,91.967,0.0,0.0,0.0,0.0,387.3619199999998
2006-02-09 12:00:00,0.0,0.0,68.21,76.51,49.46,99.792,90.0,0.0,0.0,0.6120000000000019,0.0,382.8025599999998
2006-02-09 13:00:00,0.0,0.0,66.99,74.45,49.08,96.05499999999999,110.0,0.0,0.0,20.535000000000018,0.0,392.58775999999983
2006-02-09 14:00:00,0.0,0.0,66.33,72.5,48.79,88.596,110.0,0.0,0.0,15.97600000000001,0.0,399.09047999999984
2006-02-09 15:00:00,0.0,0.0,66.68,71.91,49.09,76.50500000000001,110.0,0.0,0.0,3.8249999999999957,0.0,396.84447999999986
2006-02-09 16:00:00,0.0,0.0,68.84,74.08,51.53,61.82099999999999,127.62899999999999,0.0,0.0,0.0,0.0,391.84447999999986
2006-02-09 17:00:00,0.0,0.0,69.61,78.04,53.65,54.150000000000006,142.15,0.0,0.0,0.0,0.0,386.84447999999986
2006-02-09 18:00:00,0.0,0.0,68.28,78.95,53.53,52.572,143.188,0.0,0.0,0.0,0.0,381.84447999999986
2006-02-09 19:00:00,0.0,0.0,64.85,75.97,51.81,51.057,136.57299999999998,0.0,0.0,0.0,0.0,376.84447999999986
2006-02-09 20:00:00,0.0,0.0,61.93,73.07,49.13,49.392,130.0,0.0,0.0,0.2620000000000111,0.0,372.0331199999999
2006-02-09 21:00:00,0.0,0.0,59.89,73.55,45.63,49.149,124.92099999999999,0.0,0.0,0.0,0.0,367.0331199999999
2006-02-09 22:00:00,0.0,0.0,56.17,74.26,41.75,49.43000000000001,117.75000000000001,0.0,0.0,0.0,0.0,362.0331199999999
2006-02-09 23:00:00,0.0,0.0,53.15,71.57,38.23,50.102000000000004,115.0,0.0,0.0,7.152000000000022,0.0,362.1825599999999
2006-02-10 00:00:00,0.0,0.0,50.19,71.69,36.73,49.551,135.0,0.0,0.9410000000000025,30.0,0.0,378.78255999999993
2006-02-10 01:00:00,0.0,0.0,49.37,70.09,35.16,48.69199999999999,100.92800000000001,0.0,0.0,0.0,0.0,373.78255999999993
2006-02-10 02:00:00,0.0,0.0,49.54,67.54,33.54,48.358999999999995,110.0,0.0,0.0,12.738999999999997,0.0,377.9546399999999
2006-02-10 03:00:00,0.0,0.0,50.55,66.83,32.65,47.697,97.33299999999998,0.0,0.0,0.0,0.0,372.9546399999999
2006-02-10 04:00:00,0.0,0.0,52.84,68.85,31.85,46.679,131.861,0.0,0.0,30.0,0.0,389.55463999999995
2006-02-10 05:00:00,0.0,0.0,57.79,73.05,33.03,45.159,113.711,0.0,0.0,0.0,0.0,384.55463999999995
2006-02-10 06:00:00,0.0,0.0,62.74,77.26,37.68,44.531,128.14900000000003,0.0,0.0,0.0,0.0,379.55463999999995
2006-02-10 07:00:00,0.0,0.0,65.37,79.2,42.83,44.482,137.918,0.0,0.0,0.0,0.0,374.55463999999995
2006-02-10 08:00:00,0.0,0.0,66.76,80.25,45.75,49.625,138.135,0.0,0.0,0.0,0.0,369.55463999999995
2006-02-10 09:00:00,0.0,0.0,68.07,80.46,47.62,56.881,134.26899999999998,0.0,0.0,0.0,0.0,364.55463999999995
2006-02-10 10:00:00,0.0,0.0,68.92,80.57,48.4,62.879000000000005,130.01099999999997,0.0,0.0,0.0,0.0,359.55463999999995
2006-02-10 11:00:00,0.0,0.0,68.35,80.48,48.79,65.08000000000001,127.53999999999999,0.0,0.0,0.0,0.0,354.55463999999995
2006-02-10 12:00:00,0.0,0.0,67.14,78.76,48.93,64.595,125.23500000000001,0.0,0.0,0.0,0.0,349.55463999999995
2006-02-10 13:00:00,0.0,0.0,65.92,76.7,48.54,61.18700000000001,124.973,0.0,0.0,0.0,0.0,344.55463999999995
2006-02-10 14:00:00,0.0,0.0,65.25,74.76,48.25,51.778999999999996,131.481,0.0,0.0,0.0,0.0,339.55463999999995
2006-02-10 15:00:00,0.0,0.0,65.59,74.16,48.56,33.564,149.74599999999998,0.0,0.0,0.0,0.0,334.55463999999995
2006-02-10 16:00:00,0.0,0.0,67.72,76.31,50.97,18.953,155.0,16.046999999999997,0.0,0.0,0.0,329.55463999999995
2006-02-10 17:00:00,0.0,0.0,68.47,80.23,53.05,15.585,155.0,26.165,0.0,0.0,0.0,324.55463999999995
2006-02-10 18:00:00,0.0,0.0,67.16,81.14,52.94,14.321,155.0,26.91899999999999,0.0,0.0,0.0,319.55463999999995
2006-02-10 19:00:00,0.0,0.0,63.75,78.2,51.24,12.408999999999999,155.0,20.781000000000013,0.0,0.0,0.0,314.55463999999995
2006-02-10 20:00:00,0.0,0.0,60.84,75.35,48.58,11.494000000000002,155.0,13.275999999999994,0.0,0.0,0.0,309.55463999999995
2006-02-10 21:00:00,0.0,0.0,58.77,75.85,45.08,11.354999999999999,155.0,8.344999999999999,0.0,0.0,0.0,304.55463999999995
2006-02-10 22:00:00,0.0,0.0,55.05,76.51,41.2,12.103000000000002,155.0,0.6570000000000107,0.0,0.0,0.0,299.55463999999995
2006-02-10 23:00:00,0.0,0.0,52.05,73.81,37.68,12.454,146.08599999999998,0.0,0.0,0.0,0.0,294.55463999999995
2006-02-11 00:00:00,0.0,0.0,42.56,66.46,33.29,13.109,124.201,0.0,0.0,0.0,0.0,289.55463999999995
2006-02-11 01:00:00,0.0,0.0,41.75,64.85,31.74,13.422999999999998,119.917,0.0,0.0,0.0,0.0,284.55463999999995
2006-02-11 02:00:00,0.0,0.0,41.94,62.33,30.13,14.096,145.30399999999997,0.0,0.0,30.0,0.0,301.15464
2006-02-11 03:00:00,0.0,0.0,42.96,61.64,29.25,14.623000000000001,114.227,0.0,0.0,0.0,0.0,296.15464
2006-02-11 04:00:00,0.0,0.0,45.29,63.68,28.47,16.194,116.24600000000001,0.0,0.0,0.0,0.0,291.15464
2006-02-11 05:00:00,0.0,0.0,50.24,67.87,29.69,18.141,130.0,0.0,0.0,5.340999999999994,0.0,290.00016
2006-02-11 06:00:00,0.0,0.0,55.16,72.05,34.36,20.169,136.401,0.0,0.0,0.0,0.0,285.00016
2006-02-11 07:00:00,0.0,0.0,57.78,73.99,39.48,23.826,142.42399999999998,0.0,0.0,0.0,0.0,280.00016
2006-02-11 08:00:00,0.0,0.0,59.17,75.03,42.37,30.322,141.248,0.0,0.0,0.0,0.0,275.00016
2006-02-11 09:00:00,0.0,0.0,60.48,75.23,44.22,38.567,136.363,0.0,0.0,0.0,0.0,270.00016
2006-02-11 10:00:00,0.0,0.0,61.31,75.35,44.99,44.269,132.38100000000003,0.0,0.0,0.0,0.0,265.00016
2006-02-11 11:00:00,0.0,0.0,60.74,75.24,45.38,48.354,130.0,0.0,0.0,1.9940000000000122,0.0,261.43584
2006-02-11 12:00:00,0.0,0.0,59.52,73.52,45.51,51.092999999999996,122.457,0.0,0.0,0.0,0.0,256.43584
2006-02-11 13:00:00,0.0,0.0,58.3,71.47,45.11,49.977,119.903,0.0,0.0,0.0,0.0,251.43584
2006-02-11 14:00:00,0.0,0.0,57.62,69.53,44.82,44.689,122.28099999999998,0.0,0.0,0.0,0.0,246.43584
2006-02-11 15:00:00,0.0,0.0,57.95,68.93,45.13,36.921,135.0,0.0,0.0,4.910999999999996,0.0,244.97176000000002
2006-02-11 16:00:00,0.0,0.0,60.05,71.05,47.52,31.623,141.997,0.0,0.0,0.0,0.0,239.97176000000002
2006-02-11 17:00:00,0.0,0.0,60.8,74.94,49.57,29.614,150.69599999999997,0.0,0.0,0.0,0.0,234.97176000000002
2006-02-11 18:00:00,0.0,0.0,59.5,75.84,49.46,31.248000000000005,148.55200000000002,0.0,0.0,0.0,0.0,229.97176000000002
2006-02-11 19:00:00,0.0,0.0,56.11,72.94,47.78,32.608000000000004,139.22199999999998,0.0,0.0,0.0,0.0,224.97176000000002
2006-02-11 20:00:00,0.0,0.0,53.2,70.15,45.13,33.861,129.61900000000003,0.0,0.0,0.0,0.0,219.97176000000002
2006-02-11 21:00:00,0.0,0.0,51.1,70.66,41.63,33.917,124.473,0.0,0.0,0.0,0.0,214.97176000000002
2006-02-11 22:00:00,0.0,0.0,47.39,71.27,37.76,31.695999999999998,119.72399999999999,0.0,0.0,0.0,0.0,209.97176000000002
2006-02-11 23:00:00,0.0,0.0,44.41,68.58,34.23,30.35,111.86999999999998,0.0,0.0,0.0,0.0,204.97176000000002
2006-02-12 00:00:00,0.0,0.0,39.05,64.19,30.48,28.375,115.0,0.0,0.0,14.655000000000015,0.0,210.52336000000003
2006-02-12 01:00:00,0.0,0.0,38.26,62.57,28.95,25.778,135.0,0.0,5.998000000000005,30.0,0.0,227.12336000000002
2006-02-12 02:00:00,0.0,0.0,38.46,60.07,27.35,24.307,110.0,0.0,0.0,13.426999999999985,0.0,231.79080000000002
2006-02-12 03:00:00,0.0,0.0,39.5,59.41,26.47,23.208000000000002,155.0,0.0,27.828000000000003,30.0,0.0,248.3908
2006-02-12 04:00:00,0.0,0.0,41.87,61.47,25.72,23.881,100.179,0.0,0.0,0.0,0.0,243.3908
2006-02-12 05:00:00,0.0,0.0,46.81,65.64,26.99,25.578,108.86200000000002,0.0,0.0,0.0,0.0,238.3908
2006-02-12 06:00:00,0.0,0.0,51.71,69.8,31.66,27.410000000000004,130.0,0.0,0.0,9.240000000000006,0.0,240.04360000000003
2006-02-12 07:00:00,0.0,0.0,54.31,71.73,36.75,32.015,125.77499999999999,0.0,0.0,0.0,0.0,235.04360000000003
2006-02-12 08:00:00,0.0,0.0,55.71,72.76,39.62,40.442,122.64800000000002,0.0,0.0,0.0,0.0,230.04360000000003
2006-02-12 09:00:00,0.0,0.0,57.02,72.96,41.45,48.440000000000005,117.99,0.0,0.0,0.0,0.0,225.04360000000003
2006-02-12 10:00:00,0.0,0.0,57.83,73.08,42.21,52.513000000000005,115.60699999999999,0.0,0.0,0.0,0.0,220.04360000000003
2006-02-12 11:00:00,0.0,0.0,57.25,72.95,42.59,55.004000000000005,115.0,0.0,0.0,2.2139999999999933,0.0,216.63768000000002
2006-02-12 12:00:00,0.0,0.0,56.03,71.24,42.71,54.216,110.76400000000002,0.0,0.0,0.0,0.0,211.63768000000002
2006-02-12 13:00:00,0.0,0.0,54.81,69.19,42.31,50.527,110.78299999999999,0.0,0.0,0.0,0.0,206.63768000000002
2006-02-12 14:00:00,0.0,0.0,54.13,67.25,42.01,42.792,115.59800000000003,0.0,0.0,0.0,0.0,201.63768000000002
2006-02-12 15:00:00,0.0,0.0,54.44,66.64,42.34,32.733,125.68700000000001,0.0,0.0,0.0,0.0,196.63768000000002
2006-02-12 16:00:00,0.0,0.0,56.5,68.75,44.69,24.762999999999998,140.177,0.0,0.0,0.0,0.0,191.63768000000002
2006-02-12 17:00:00,0.0,0.0,57.25,72.59,46.7,19.214,152.32600000000002,0.0,0.0,0.0,0.0,186.63768000000002
2006-02-12 18:00:00,0.0,0.0,55.96,73.5,46.61,17.753999999999998,153.316,0.0,0.0,0.0,0.0,181.63768000000002
2006-02-12 19:00:00,0.0,0.0,52.6,70.64,44.94,16.163,147.017,0.0,0.0,0.0,0.0,176.63768000000002
2006-02-12 20:00:00,0.0,0.0,49.69,67.91,42.31,15.232999999999999,139.677,0.0,0.0,0.0,0.0,171.63768000000002
2006-02-12 21:00:00,0.0,0.0,47.56,68.42,38.81,14.317,135.473,0.0,0.0,0.0,0.0,166.63768000000002
2006-02-12 22:00:00,0.0,0.0,43.86,68.98,34.94,13.939999999999998,128.84,0.0,0.0,0.0,0.0,161.63768000000002
2006-02-12 23:00:00,0.0,0.0,40.88,66.29,31.42,13.427999999999999,120.162,0.0,0.0,0.0,0.0,156.63768000000002
2006-02-13 00:00:00,0.0,0.0,50.87,67.04,31.49,12.997,135.0,0.0,0.0,3.597000000000002,0.0,154.22752000000003
2006-02-13 01:00:00,0.0,0.0,50.1,65.41,29.98,12.567,127.923,0.0,0.0,0.0,0.0,149.22752000000003
2006-02-13 02:00:00,0.0,0.0,50.31,62.93,28.39,12.318,124.312,0.0,0.0,0.0,0.0,144.22752000000003
2006-02-13 03:00:00,0.0,0.0,51.37,62.3,27.52,12.469,123.72099999999999,0.0,0.0,0.0,0.0,139.22752000000003
2006-02-13 04:00:00,0.0,0.0,53.77,64.38,26.79,12.299000000000001,127.641,0.0,0.0,0.0,0.0,134.22752000000003
2006-02-13 05:00:00,0.0,0.0,58.71,68.55,28.1,13.391000000000002,136.969,0.0,0.0,0.0,0.0,129.22752000000003
2006-02-13 06:00:00,0.0,0.0,63.58,72.67,32.79,15.362,148.678,0.0,0.0,0.0,0.0,124.22752000000001
2006-02-13 07:00:00,0.0,0.0,66.17,74.6,37.84,20.987000000000002,152.623,0.0,0.0,0.0,0.0,119.22752000000001
2006-02-13 08:00:00,0.0,0.0,67.57,75.61,40.69,32.11,146.76,0.0,0.0,0.0,0.0,114.22752000000001
2006-02-13 09:00:00,0.0,0.0,68.88,75.81,42.5,39.928000000000004,142.262,0.0,0.0,0.0,0.0,109.22752000000001
2006-02-13 10:00:00,0.0,0.0,69.68,75.94,43.25,48.330999999999996,135.53900000000002,0.0,0.0,0.0,0.0,104.22752000000001
2006-02-13 11:00:00,0.0,0.0,69.09,75.79,43.63,53.488,135.0,0.0,0.0,4.978000000000009,0.0,102.81168000000002
2006-02-13 12:00:00,0.0,0.0,67.87,74.08,43.73,52.120000000000005,128.56,0.0,0.0,0.0,0.0,97.81168000000002
2006-02-13 13:00:00,0.0,0.0,66.65,72.03,43.33,45.963,131.047,0.0,0.0,0.0,0.0,92.81168000000002
2006-02-13 14:00:00,0.0,0.0,65.96,70.1,43.03,36.461,137.629,0.0,0.0,0.0,0.0,87.81168000000002
2006-02-13 15:00:00,0.0,0.0,66.25,69.49,43.36,25.219,148.881,0.0,0.0,0.0,0.0,82.81168000000002
2006-02-13 16:00:00,0.0,0.0,68.28,71.57,45.69,19.346,155.0,6.193999999999997,0.0,0.0,0.0,77.81168000000002
2006-02-13 17:00:00,0.0,0.0,69.03,75.38,47.67,17.456,155.0,14.623999999999999,0.0,0.0,0.0,72.81168000000002
2006-02-13 18:00:00,0.0,0.0,67.76,76.28,47.57,20.415,155.0,11.19499999999998,0.0,0.0,0.0,67.81168000000002
2006-02-13 19:00:00,0.0,0.0,64.41,73.46,45.93,22.793000000000003,155.0,1.0069999999999988,0.0,0.0,0.0,62.81168000000003
2006-02-13 20:00:00,0.0,0.0,61.51,70.78,43.31,25.444000000000003,145.156,0.0,0.0,0.0,0.0,57.81168000000003
2006-02-13 21:00:00,0.0,0.0,59.35,71.31,39.82,28.453999999999997,137.02599999999998,0.0,0.0,0.0,0.0,52.81168000000003
2006-02-13 22:00:00,0.0,0.0,55.65,71.82,35.94,30.698000000000004,127.71199999999999,0.0,0.0,0.0,0.0,47.81168000000003
2006-02-13 23:00:00,0.0,0.0,52.69,69.13,32.42,32.347,116.893,0.0,0.0,0.0,0.0,42.81168000000003
2006-02-14 00:00:00,0.0,0.0,52.22,64.88,32.3,32.203,112.197,0.0,0.0,0.0,0.0,37.81168000000003
2006-02-14 01:00:00,0.0,0.0,51.46,63.24,30.81,33.069,115.0,0.0,0.0,7.5589999999999975,0.0,38.25416000000003
2006-02-14 02:00:00,0.0,0.0,51.69,60.78,29.24,33.102000000000004,133.608,0.0,0.0,30.0,0.0,54.85416000000002
2006-02-14 03:00:00,0.0,0.0,52.77,60.18,28.37,32.981,133.339,0.0,0.0,30.0,0.0,71.45416000000002
2006-02-14 04:00:00,0.0,0.0,55.21,62.28,27.66,33.672,115.0,0.0,0.0,8.521999999999991,0.0,72.59
2006-02-14 05:00:00,0.0,0.0,60.15,66.44,29.02,33.62199999999999,116.988,0.0,0.0,0.0,0.0,67.59
2006-02-14 06:00:00,0.0,0.0,64.99,70.54,33.72,34.67700000000001,129.573,0.0,0.0,0.0,0.0,62.589999999999996
2006-02-14 07:00:00,0.0,0.0,67.57,72.46,38.74,37.794000000000004,135.97599999999997,0.0,0.0,0.0,0.0,57.589999999999996
2006-02-14 08:00:00,0.0,0.0,68.97,73.46,41.56,46.233000000000004,132.757,0.0,0.0,0.0,0.0,52.589999999999996
2006-02-14 09:00:00,0.0,0.0,70.28,73.66,43.35,53.06,129.23,0.0,0.0,0.0,0.0,47.589999999999996
2006-02-14 10:00:00,0.0,0.0,71.06,73.79,44.1,61.89199999999999,122.05799999999999,0.0,0.0,0.0,0.0,42.589999999999996
2006-02-14 11:00:00,0.0,0.0,70.46,73.62,44.47,70.359,113.19100000000002,0.0,0.0,0.0,0.0,37.589999999999996
2006-02-14 12:00:00,0.0,0.0,69.23,71.91,44.56,74.607,106.09300000000002,0.0,0.0,0.0,0.0,32.589999999999996
2006-02-14 13:00:00,0.0,0.0,68.02,69.86,44.15,71.443,110.0,0.0,0.0,4.41299999999999,0.0,30.767359999999986
2006-02-14 14:00:00,0.0,0.0,67.32,67.94,43.85,64.381,115.0,0.0,0.0,5.27100000000001,0.0,29.562479999999994
2006-02-14 15:00:00,0.0,0.0,67.6,67.32,44.18,53.727999999999994,135.0,0.0,0.0,14.627999999999997,0.0,35.09463999999999
2006-02-14 16:00:00,0.0,0.0,69.6,69.38,46.48,46.122,134.338,0.0,0.0,0.0,0.0,30.09463999999999
2006-02-14 17:00:00,0.0,0.0,70.34,73.15,48.43,47.028,139.89200000000005,0.0,0.0,0.0,0.0,25.09463999999999
2006-02-14 18:00:00,0.0,0.0,69.08,74.05,48.34,53.82299999999999,132.647,0.0,0.0,0.0,0.0,20.09463999999999
2006-02-14 19:00:00,0.0,0.0,65.76,71.28,46.72,55.476,123.28400000000002,0.0,0.0,0.0,0.0,15.094639999999991
2006-02-14 20:00:00,0.0,0.0,62.86,68.65,44.12,56.492,114.13800000000002,0.0,0.0,0.0,0.0,10.094639999999991
2006-02-14 21:00:00,0.0,0.0,60.67,69.19,40.62,55.596,110.0,0.0,0.0,0.11600000000000321,0.0,5.178159999999993
2006-02-14 22:00:00,0.0,0.0,56.98,69.66,36.74,55.077,110.0,0.0,0.0,6.69700000000001,0.0,5.0
2006-02-14 23:00:00,0.0,0.0,54.03,66.96,33.22,55.336000000000006,93.87399999999998,0.0,0.0,0.0,0.0,0.0
2006-02-15 00:00:00,0.0,0.0,51.39,61.5,33.48,55.984,110.0,0.0,0.0,24.614000000000004,0.0,12.722080000000002
2006-02-15 01:00:00,0.0,0.0,50.65,59.85,32.0,57.026,90.0,0.0,0.0,9.526000000000003,0.0,14.580800000000004
2006-02-15 02:00:00,0.0,0.0,50.89,57.42,30.45,57.048,106.71200000000002,0.0,0.0,30.0,0.0,31.1808
2006-02-15 03:00:00,0.0,0.0,51.98,56.85,29.58,56.88400000000001,90.0,0.0,0.0,13.47399999999999,0.0,35.882079999999995
2006-02-15 04:00:00,0.0,0.0,54.47,58.96,28.89,57.230999999999995,90.0,0.0,0.0,9.910999999999994,0.0,38.017999999999994
2006-02-15 05:00:00,0.0,0.0,59.4,63.11,30.3,59.958000000000006,90.0,0.0,0.0,2.1480000000000032,0.0,34.56455999999999
2006-02-15 06:00:00,0.0,0.0,64.21,67.18,35.01,63.33200000000001,115.0,0.0,0.0,16.932000000000027,0.0,41.755600000000015
2006-02-15 07:00:00,0.0,0.0,66.78,69.1,40.0,68.77900000000001,102.101,0.0,0.0,0.0,0.0,36.755600000000015
2006-02-15 08:00:00,0.0,0.0,68.18,70.09,42.8,79.327,96.743,0.0,0.0,0.0,0.0,31.755600000000015
2006-02-15 09:00:00,0.0,0.0,69.5,70.29,44.56,88.04199999999999,91.30799999999999,0.0,0.0,0.0,0.0,26.755600000000015
2006-02-15 10:00:00,0.0,0.0,70.26,70.42,45.31,97.86800000000001,113.12200000000001,0.0,0.0,30.0,0.0,43.35560000000001
2006-02-15 11:00:00,0.0,0.0,69.65,70.24,45.67,106.24200000000002,90.0,0.0,0.0,15.68199999999998,0.0,49.64664
2006-02-15 12:00:00,0.0,0.0,68.42,68.53,45.75,107.264,100.43600000000002,0.0,0.0,30.0,0.0,66.24664
2006-02-15 13:00:00,0.0,0.0,67.21,66.48,45.33,106.484,90.0,0.0,0.0,22.46400000000001,0.0,77.42072
2006-02-15 14:00:00,0.0,0.0,66.5,64.56,45.03,103.47399999999999,90.0,0.0,0.0,22.383999999999975,0.0,88.53719999999998
2006-02-15 15:00:00,0.0,0.0,66.77,63.94,45.37,98.30199999999999,90.0,0.0,0.0,17.221999999999987,0.0,95.93703999999997
2006-02-15 16:00:00,0.0,0.0,68.73,65.98,47.65,89.79599999999999,90.0,0.0,0.0,2.435999999999993,0.0,92.69095999999996
2006-02-15 17:00:00,0.0,0.0,69.46,69.71,49.56,77.861,110.0,0.0,0.0,4.131000000000018,0.0,90.66527999999997
2006-02-15 18:00:00,0.0,0.0,68.22,70.61,49.48,75.509,115.0,0.0,0.0,7.199000000000032,0.0,90.84855999999999
2006-02-15 19:00:00,0.0,0.0,64.92,67.87,47.88,75.855,110.0,0.0,0.0,10.18500000000002,0.0,93.18176000000001
2006-02-15 20:00:00,0.0,0.0,62.03,65.3,45.29,73.932,93.68799999999997,0.0,0.0,0.0,0.0,88.18176000000001
2006-02-15 21:00:00,0.0,0.0,59.81,65.85,41.8,72.614,115.0,0.0,0.0,25.154000000000025,0.0,101.29264000000003
2006-02-15 22:00:00,0.0,0.0,56.12,66.27,37.92,70.059,115.251,0.0,0.0,30.0,0.0,117.89264000000003
2006-02-15 23:00:00,0.0,0.0,53.19,63.57,34.4,67.077,90.0,0.0,0.0,10.917000000000009,0.0,120.75288000000003
2006-02-16 00:00:00,0.0,0.0,50.37,59.02,34.66,64.593,105.86608310249305,0.0,1.409083102493028,30.0,0.0,137.35288000000003
2006-02-16 01:00:00,0.0,0.0,49.64,57.35,33.2,62.116,90.0,0.0,0.0,16.92600000000001,0.0,144.53960000000004
2006-02-16 02:00:00,0.0,0.0,49.9,54.94,31.66,59.856,110.0,0.0,8.356000000000027,30.0,0.0,161.13960000000003
2006-02-16 03:00:00,0.0,0.0,51.01,54.4,30.8,57.937,103.273,0.0,0.0,30.0,0.0,177.73960000000002
2006-02-16 04:00:00,0.0,0.0,53.53,56.53,30.13,56.775,90.0,0.0,0.0,11.584999999999994,0.0,181.0808
2006-02-16 05:00:00,0.0,0.0,58.46,60.68,31.58,55.953,90.0,0.0,0.0,0.232999999999997,0.0,176.24856
2006-02-16 06:00:00,0.0,0.0,63.24,64.72,36.31,55.379999999999995,110.0,0.0,0.0,6.1100000000000065,0.0,175.64776
2006-02-16 07:00:00,0.0,0.0,65.8,66.63,41.27,57.71300000000001,110.98700000000002,0.0,0.0,0.0,0.0,170.64776
2006-02-16 08:00:00,0.0,0.0,67.2,67.61,44.04,64.88799999999999,110.0,0.0,0.0,1.0380000000000216,0.0,166.39512000000002
2006-02-16 09:00:00,0.0,0.0,68.52,67.8,45.78,76.21,100.88999999999999,0.0,0.0,0.0,0.0,161.39512000000002
2006-02-16 10:00:00,0.0,0.0,69.27,67.94,46.52,89.10799999999999,119.62200000000001,0.0,0.0,30.0,0.0,177.99512000000001
2006-02-16 11:00:00,0.0,0.0,68.65,67.74,46.88,98.025,90.0,0.0,0.0,9.75499999999998,0.0,180.01872
2006-02-16 12:00:00,0.0,0.0,67.42,66.03,46.95,100.566,90.0,0.0,0.0,15.165999999999995,0.0,185.93824
2006-02-16 13:00:00,0.0,0.0,66.2,63.99,46.52,96.352,90.0,0.0,0.0,14.641999999999989,0.0,191.48048
2006-02-16 14:00:00,0.0,0.0,65.49,62.07,46.22,88.853,90.0,0.0,0.0,10.07299999999999,0.0,193.73304
2006-02-16 15:00:00,0.0,0.0,65.74,61.45,46.57,80.45200000000001,110.0,0.0,0.0,21.692000000000004,0.0,204.35128
2006-02-16 16:00:00,0.0,0.0,67.67,63.46,48.81,73.904,101.036,0.0,0.0,0.0,0.0,199.35128
2006-02-16 17:00:00,0.0,0.0,68.4,67.15,50.69,68.72699999999999,112.51300000000003,0.0,0.0,0.0,0.0,194.35128
2006-02-16 18:00:00,0.0,0.0,67.17,68.05,50.61,66.566,114.26400000000002,0.0,0.0,0.0,0.0,189.35128
2006-02-16 19:00:00,0.0,0.0,63.9,65.36,49.03,64.398,110.0,0.0,0.0,1.1080000000000165,0.0,185.14904
2006-02-16 20:00:00,0.0,0.0,61.0,62.84,46.46,61.42699999999999,103.87300000000003,0.0,0.0,0.0,0.0,180.14904
2006-02-16 21:00:00,0.0,0.0,58.76,63.4,42.97,58.507999999999996,110.0,0.0,0.0,8.37799999999998,0.0,181.1812
2006-02-16 22:00:00,0.0,0.0,55.07,63.77,39.09,56.074,96.85600000000001,0.0,0.0,0.0,0.0,176.1812
2006-02-16 23:00:00,0.0,0.0,52.15,61.08,35.57,53.762,110.0,0.0,0.0,19.96200000000002,0.0,185.55384
2006-02-17 00:00:00,0.0,0.0,49.0,61.26,34.18,51.135000000000005,115.0,0.0,0.0,26.694999999999997,0.0,199.77424000000002
2006-02-17 01:00:00,0.0,0.0,48.29,59.59,32.74,50.547,90.0,0.0,0.0,4.926999999999978,0.0,198.32168000000001
2006-02-17 02:00:00,0.0,0.0,48.55,57.2,31.21,51.086,90.0,0.0,0.0,9.126000000000005,0.0,199.8924
2006-02-17 03:00:00,0.0,0.0,49.68,56.69,30.36,51.408,110.0,0.0,0.0,29.67799999999999,0.0,216.26056
2006-02-17 04:00:00,0.0,0.0,52.25,58.84,29.71,50.699,115.0,0.0,0.0,29.89899999999998,0.0,232.78784
2006-02-17 05:00:00,0.0,0.0,57.17,62.98,31.21,49.119,97.24100000000001,0.0,0.0,0.0,0.0,227.78784
2006-02-17 06:00:00,0.0,0.0,61.93,66.99,35.95,48.94599999999999,110.924,0.0,0.0,0.0,0.0,222.78784
2006-02-17 07:00:00,0.0,0.0,64.47,68.89,40.87,52.083999999999996,117.14599999999999,0.0,0.0,0.0,0.0,217.78784
2006-02-17 08:00:00,0.0,0.0,65.88,69.86,43.62,61.97200000000001,115.0,0.0,0.0,2.6119999999999894,0.0,214.66848
2006-02-17 09:00:00,0.0,0.0,67.2,70.05,45.34,75.641,110.0,0.0,0.0,8.050999999999997,0.0,215.46519999999998
2006-02-17 10:00:00,0.0,0.0,67.93,70.19,46.07,88.94699999999999,115.0,0.0,0.0,24.756999999999966,0.0,228.29023999999995
2006-02-17 11:00:00,0.0,0.0,67.3,69.98,46.43,96.27899999999998,112.43100000000003,0.0,0.0,30.0,0.0,244.89023999999995
2006-02-17 12:00:00,0.0,0.0,66.06,68.27,46.48,96.877,90.0,0.0,0.0,11.067000000000005,0.0,247.85847999999996
2006-02-17 13:00:00,0.0,0.0,64.85,66.23,46.05,91.081,111.049,0.0,0.0,30.0,0.0,264.45847999999995
2006-02-17 14:00:00,0.0,0.0,64.13,64.32,45.75,79.27199999999999,110.0,0.0,0.0,20.072000000000006,0.0,273.91031999999996
2006-02-17 15:00:00,0.0,0.0,64.37,63.69,46.1,62.909,106.25100000000002,0.0,0.0,0.0,0.0,268.91031999999996
2006-02-17 16:00:00,0.0,0.0,66.26,65.68,48.32,50.653999999999996,124.60600000000001,0.0,0.0,0.0,0.0,263.91031999999996
2006-02-17 17:00:00,0.0,0.0,66.99,69.33,50.16,45.653,135.827,0.0,0.0,0.0,0.0,258.91031999999996
2006-02-17 18:00:00,0.0,0.0,65.77,70.23,50.09,45.015,136.075,0.0,0.0,0.0,0.0,253.91031999999996
2006-02-17 19:00:00,0.0,0.0,62.52,67.58,48.53,47.436,130.0,0.0,0.0,3.8060000000000045,0.0,251.65063999999995
2006-02-17 20:00:00,0.0,0.0,59.63,65.12,45.97,49.528,135.0,0.0,0.0,18.808000000000003,0.0,260.19239999999996
2006-02-17 21:00:00,0.0,0.0,57.36,65.69,42.49,50.301,110.239,0.0,0.0,0.0,0.0,255.19239999999996
2006-02-17 22:00:00,0.0,0.0,53.68,66.01,38.6,49.485,110.0,0.0,0.0,6.195000000000004,0.0,254.65279999999996
2006-02-17 23:00:00,0.0,0.0,50.77,63.31,35.08,49.373999999999995,94.786,0.0,0.0,0.0,0.0,249.65279999999996
2006-02-18 00:00:00,0.0,0.0,40.75,55.68,33.01,48.689,90.0,0.0,0.0,14.24900000000001,0.0,254.91207999999997
2006-02-18 01:00:00,0.0,0.0,40.06,53.99,31.6,46.626,90.0,0.0,0.0,15.975999999999978,0.0,261.41479999999996
2006-02-18 02:00:00,0.0,0.0,40.34,51.63,30.08,42.885,90.0,0.0,0.0,15.834999999999997,0.0,267.816
2006-02-18 03:00:00,0.0,0.0,41.49,51.15,29.23,40.365,90.0,0.0,0.0,13.494999999999994,0.0,272.5324
2006-02-18 04:00:00,0.0,0.0,44.09,53.31,28.61,38.479,90.0,0.0,0.0,7.468999999999983,0.0,272.91008
2006-02-18 05:00:00,0.0,0.0,49.0,57.44,30.14,35.302,126.27799999999999,0.0,0.0,30.0,0.0,289.51008
2006-02-18 06:00:00,0.0,0.0,53.74,61.43,34.9,32.153,112.917,0.0,0.0,0.0,0.0,284.51008
2006-02-18 07:00:00,0.0,0.0,56.27,63.32,39.79,35.803,118.577,0.0,0.0,0.0,0.0,279.51008
2006-02-18 08:00:00,0.0,0.0,57.67,64.28,42.52,45.262,114.208,0.0,0.0,0.0,0.0,274.51008
2006-02-18 09:00:00,0.0,0.0,59.0,64.47,44.21,56.286,106.394,0.0,0.0,0.0,0.0,269.51008
2006-02-18 10:00:00,0.0,0.0,59.71,64.62,44.94,66.706,115.0,0.0,0.0,17.435999999999993,0.0,277.064
2006-02-18 11:00:00,0.0,0.0,59.08,64.38,45.29,73.411,115.0,0.0,0.0,24.66100000000002,0.0,289.81992
2006-02-18 12:00:00,0.0,0.0,57.83,62.68,45.33,74.328,90.0,0.0,0.0,3.488000000000005,0.0,287.33128000000005
2006-02-18 13:00:00,0.0,0.0,56.62,60.64,44.9,69.497,90.0,0.0,0.0,2.3369999999999944,0.0,284.01392000000004
2006-02-18 14:00:00,0.0,0.0,55.89,58.73,44.59,61.119,93.091,0.0,0.0,0.0,0.0,279.01392000000004
2006-02-18 15:00:00,0.0,0.0,56.12,58.1,44.95,51.259,102.91099999999999,0.0,0.0,0.0,0.0,274.01392000000004
2006-02-18 16:00:00,0.0,0.0,57.98,60.07,47.14,41.226,118.964,0.0,0.0,0.0,0.0,269.01392000000004
2006-02-18 17:00:00,0.0,0.0,58.7,63.68,48.95,35.643,130.687,0.0,0.0,0.0,0.0,264.01392000000004
2006-02-18 18:00:00,0.0,0.0,57.5,64.58,48.88,33.141999999999996,132.81799999999998,0.0,0.0,0.0,0.0,259.01392000000004
2006-02-18 19:00:00,0.0,0.0,54.27,61.97,47.34,34.605000000000004,123.97500000000001,0.0,0.0,0.0,0.0,254.01392000000004
2006-02-18 20:00:00,0.0,0.0,51.38,59.56,44.8,35.24,115.5,0.0,0.0,0.0,0.0,249.01392000000004
2006-02-18 21:00:00,0.0,0.0,49.08,60.14,41.32,35.052,110.48800000000001,0.0,0.0,0.0,0.0,244.01392000000004
2006-02-18 22:00:00,0.0,0.0,45.41,60.42,37.43,36.42099999999999,101.839,0.0,0.0,0.0,0.0,239.01392000000004
2006-02-18 23:00:00,0.0,0.0,42.51,57.72,33.91,37.831999999999994,91.308,0.0,0.0,0.0,0.0,234.01392000000004
2006-02-19 00:00:00,0.0,0.0,37.0,54.27,32.2,37.556,110.0,0.0,0.0,29.08599999999999,0.0,249.95584000000002
2006-02-19 01:00:00,0.0,0.0,36.32,52.57,30.8,37.539,115.0,0.0,7.848999999999997,30.0,0.0,266.55584000000005
2006-02-19 02:00:00,0.0,0.0,36.62,50.23,29.3,37.357,103.793,0.0,0.0,30.0,0.0,283.15584000000007
2006-02-19 03:00:00,0.0,0.0,37.78,49.78,28.45,37.275999999999996,90.0,0.0,0.0,16.26599999999999,0.0,289.8673600000001
2006-02-19 04:00:00,0.0,0.0,40.42,51.96,27.85,37.596000000000004,110.0,0.0,2.3659999999999997,30.0,0.0,306.4673600000001
2006-02-19 05:00:00,0.0,0.0,45.33,56.08,29.44,37.309,115.0,0.0,0.0,26.459,0.0,320.5178400000001
2006-02-19 06:00:00,0.0,0.0,50.04,60.04,34.2,36.488,110.0,0.0,0.0,7.208000000000016,0.0,320.7076000000001
2006-02-19 07:00:00,0.0,0.0,52.56,61.93,39.07,40.955000000000005,107.60499999999999,0.0,0.0,0.0,0.0,315.7076000000001
2006-02-19 08:00:00,0.0,0.0,53.97,62.87,41.77,50.550000000000004,130.0,0.0,0.0,26.940000000000023,0.0,330.10440000000017
2006-02-19 09:00:00,0.0,0.0,55.29,63.06,43.44,60.647999999999996,126.14199999999998,0.0,0.0,30.0,0.0,346.7044000000002
2006-02-19 10:00:00,0.0,0.0,55.99,63.21,44.16,67.331,91.029,0.0,0.0,0.0,0.0,341.7044000000002
2006-02-19 11:00:00,0.0,0.0,55.35,62.96,44.51,74.741,90.0,0.0,0.0,6.921000000000017,0.0,341.6875200000002
2006-02-19 12:00:00,0.0,0.0,54.1,61.26,44.54,78.387,110.0,0.0,3.4870000000000054,30.0,0.0,358.2875200000002
2006-02-19 13:00:00,0.0,0.0,52.89,59.22,44.09,76.38900000000001,104.81100000000002,0.0,0.0,30.0,0.0,374.8875200000002
2006-02-19 14:00:00,0.0,0.0,52.15,57.32,43.78,71.705,110.0,0.0,3.4549999999999983,30.0,0.0,391.48752000000025
2006-02-19 15:00:00,0.0,0.0,52.37,56.68,44.15,64.342,90.0,0.0,0.0,6.141999999999992,0.0,390.90976000000023
2006-02-19 16:00:00,0.0,0.0,54.19,58.62,46.31,54.777,99.343,0.0,0.0,0.0,0.0,385.90976000000023
2006-02-19 17:00:00,0.0,0.0,54.91,62.2,48.09,52.16499999999999,110.0,0.0,0.0,1.9649999999999874,0.0,382.32456000000025
2006-02-19 18:00:00,0.0,0.0,53.72,63.1,48.02,53.624,106.21600000000001,0.0,0.0,0.0,0.0,377.32456000000025
2006-02-19 19:00:00,0.0,0.0,50.51,60.53,46.51,55.80800000000001,96.74200000000002,0.0,0.0,0.0,0.0,372.32456000000025
2006-02-19 20:00:00,0.0,0.0,47.63,58.18,43.98,55.922,90.0,0.0,0.0,1.1320000000000086,0.0,368.13960000000026
2006-02-19 21:00:00,0.0,0.0,45.3,58.77,40.5,54.408,90.0,0.0,0.0,4.837999999999997,0.0,366.62296000000026
2006-02-19 22:00:00,0.0,0.0,41.63,58.99,36.61,53.05799999999999,90.0,0.0,0.0,10.827999999999985,0.0,369.41912000000025
2006-02-19 23:00:00,0.0,0.0,38.75,56.29,33.1,53.614999999999995,90.0,0.0,0.0,20.474999999999998,0.0,379.16112000000027
2006-02-20 00:00:00,0.0,0.0,48.98,62.86,33.93,54.653000000000006,90.0,0.0,0.0,3.8830000000000027,0.0,376.9568800000003
2006-02-20 01:00:00,0.0,0.0,48.31,61.15,32.55,56.565,135.0,0.0,24.554999999999993,30.0,0.0,393.5568800000003
2006-02-20 02:00:00,0.0,0.0,48.62,58.84,31.06,58.480999999999995,90.0,0.0,0.0,14.960999999999984,0.0,399.3288000000003
2006-02-20 03:00:00,0.0,0.0,49.8,58.42,30.22,59.577999999999996,110.0,0.0,6.138000000000005,30.0,0.0,415.9288000000003
2006-02-20 04:00:00,0.0,0.0,52.48,60.62,29.64,59.665000000000006,110.0,0.0,1.9249999999999972,30.0,0.0,432.52880000000033
2006-02-20 05:00:00,0.0,0.0,57.39,64.73,31.27,58.309,90.08100000000002,0.0,0.0,0.0,0.0,427.52880000000033
2006-02-20 06:00:00,0.0,0.0,62.07,68.66,36.05,56.970000000000006,104.80999999999997,0.0,0.0,0.0,0.0,422.52880000000033
2006-02-20 07:00:00,0.0,0.0,64.58,70.54,40.88,60.175,110.82500000000002,0.0,0.0,0.0,0.0,417.52880000000033
2006-02-20 08:00:00,0.0,0.0,65.99,71.47,43.56,70.813,110.0,0.0,0.0,4.793000000000006,0.0,415.97976000000034
2006-02-20 09:00:00,0.0,0.0,67.31,71.66,45.2,85.611,93.559,0.0,0.0,0.0,0.0,410.97976000000034
2006-02-20 10:00:00,0.0,0.0,67.99,71.81,45.92,95.75,115.0,0.0,0.030000000000001137,30.0,0.0,427.57976000000036
2006-02-20 11:00:00,0.0,0.0,67.34,71.54,46.27,101.31199999999998,90.0,0.0,0.0,11.161999999999967,0.0,430.61640000000034
2006-02-20 12:00:00,0.0,0.0,66.09,69.84,46.28,100.179,90.0,0.0,0.0,12.96899999999998,0.0,434.9540800000003
2006-02-20 13:00:00,0.0,0.0,64.88,67.8,45.83,96.204,90.0,0.0,0.0,12.693999999999996,0.0,439.0937600000003
2006-02-20 14:00:00,0.0,0.0,64.14,65.91,45.52,87.94700000000002,110.0,0.0,0.0,27.376999999999992,0.0,453.8052000000003
2006-02-20 15:00:00,0.0,0.0,64.34,65.27,45.9,75.44999999999999,95.06000000000002,0.0,0.0,0.0,0.0,448.8052000000003
2006-02-20 16:00:00,0.0,0.0,66.13,67.19,48.03,62.995000000000005,113.35499999999999,0.0,0.0,0.0,0.0,443.8052000000003
2006-02-20 17:00:00,0.0,0.0,66.85,70.73,49.77,51.621,130.729,0.0,0.0,0.0,0.0,438.8052000000003
2006-02-20 18:00:00,0.0,0.0,65.67,71.63,49.71,45.451,136.55900000000003,0.0,0.0,0.0,0.0,433.8052000000003
2006-02-20 19:00:00,0.0,0.0,62.48,69.1,48.21,44.746,130.04399999999998,0.0,0.0,0.0,0.0,428.8052000000003
2006-02-20 20:00:00,0.0,0.0,59.6,66.8,45.7,44.052,123.04800000000002,0.0,0.0,0.0,0.0,423.8052000000003
2006-02-20 21:00:00,0.0,0.0,57.25,67.4,42.22,44.311,117.559,0.0,0.0,0.0,0.0,418.8052000000003
2006-02-20 22:00:00,0.0,0.0,53.58,67.58,38.33,43.946999999999996,110.543,0.0,0.0,0.0,0.0,413.8052000000003
2006-02-20 23:00:00,0.0,0.0,50.71,64.88,34.82,43.751,101.659,0.0,0.0,0.0,0.0,408.8052000000003
2006-02-21 00:00:00,0.0,0.0,50.89,66.38,34.76,44.562,102.46799999999999,0.0,0.0,0.0,0.0,403.8052000000003
2006-02-21 01:00:00,0.0,0.0,50.24,64.66,33.4,45.668,97.632,0.0,0.0,0.0,0.0,398.8052000000003
2006-02-21 02:00:00,0.0,0.0,50.56,62.36,31.92,46.896,110.0,0.0,0.0,17.055999999999965,0.0,406.08552000000026
2006-02-21 03:00:00,0.0,0.0,51.76,61.97,31.08,49.153,110.0,0.0,0.0,19.34300000000002,0.0,415.01248000000027
2006-02-21 04:00:00,0.0,0.0,54.48,64.19,30.52,50.738,110.0,0.0,0.0,16.548000000000005,0.0,421.92704000000026
2006-02-21 05:00:00,0.0,0.0,59.38,68.29,32.2,51.616,103.25400000000005,0.0,0.0,0.0,0.0,416.92704000000026
2006-02-21 06:00:00,0.0,0.0,64.04,72.2,36.99,52.707,115.52300000000001,0.0,0.0,0.0,0.0,411.92704000000026
2006-02-21 07:00:00,0.0,0.0,66.53,74.07,41.79,56.493,128.75933333333336,0.0,0.0,7.862333333333361,0.0,412.5879200000003
2006-02-21 08:00:00,0.0,0.0,67.94,74.99,44.44,68.54,113.82999999999998,0.0,0.0,0.0,0.0,407.5879200000003
2006-02-21 09:00:00,0.0,0.0,69.27,75.18,46.06,83.37100000000001,110.0,0.0,0.0,7.861000000000015,0.0,408.2478400000003
2006-02-21 10:00:00,0.0,0.0,69.93,75.33,46.77,93.31599999999999,93.71400000000001,0.0,0.0,0.0,0.0,403.2478400000003
2006-02-21 11:00:00,0.0,0.0,69.27,75.05,47.12,97.27199999999999,90.0,0.0,0.0,0.8320000000000043,0.0,398.8468800000003
2006-02-21 12:00:00,0.0,0.0,68.02,73.35,47.12,96.676,90.0,0.0,0.0,3.185999999999993,0.0,396.1408000000003
2006-02-21 13:00:00,0.0,0.0,66.81,71.31,46.67,93.81,110.0,0.0,0.0,24.01999999999999,0.0,408.4352000000003
2006-02-21 14:00:00,0.0,0.0,66.06,69.42,46.35,89.924,90.0,0.0,0.0,3.0939999999999976,0.0,405.6628800000003
2006-02-21 15:00:00,0.0,0.0,66.25,68.78,46.73,81.00999999999999,125.75,0.0,0.0,30.0,0.0,422.26288000000034
2006-02-21 16:00:00,0.0,0.0,68.0,70.68,48.84,66.412,116.108,0.0,0.0,0.0,0.0,417.26288000000034
2006-02-21 17:00:00,0.0,0.0,68.72,74.18,50.54,56.791,131.64899999999997,0.0,0.0,0.0,0.0,412.26288000000034
2006-02-21 18:00:00,0.0,0.0,67.55,75.08,50.49,52.927,135.19299999999998,0.0,0.0,0.0,0.0,407.26288000000034
2006-02-21 19:00:00,0.0,0.0,64.39,72.58,49.01,52.092,128.88799999999998,0.0,0.0,0.0,0.0,402.26288000000034
2006-02-21 20:00:00,0.0,0.0,61.51,70.34,46.51,51.467000000000006,121.893,0.0,0.0,0.0,0.0,397.26288000000034
2006-02-21 21:00:00,0.0,0.0,59.13,70.96,43.04,50.177,117.95299999999999,0.0,0.0,0.0,0.0,392.26288000000034
2006-02-21 22:00:00,0.0,0.0,55.46,71.08,39.15,50.815999999999995,109.87399999999998,0.0,0.0,0.0,0.0,387.26288000000034
2006-02-21 23:00:00,0.0,0.0,52.61,68.38,35.64,50.045,101.58499999999998,0.0,0.0,0.0,0.0,382.26288000000034
2006-02-22 00:00:00,0.0,0.0,51.88,67.14,36.34,49.63799999999999,100.72200000000001,0.0,0.0,0.0,0.0,377.26288000000034
2006-02-22 01:00:00,0.0,0.0,51.24,65.41,35.0,48.83299999999999,97.81700000000002,0.0,0.0,0.0,0.0,372.26288000000034
2006-02-22 02:00:00,0.0,0.0,51.58,63.14,33.54,47.248,96.012,0.0,0.0,0.0,0.0,367.26288000000034
2006-02-22 03:00:00,0.0,0.0,52.8,62.78,32.7,48.538000000000004,94.74200000000002,0.0,0.0,0.0,0.0,362.26288000000034
2006-02-22 04:00:00,0.0,0.0,55.55,65.01,32.17,46.066,131.66400000000002,0.0,0.0,30.0,0.0,378.86288000000036
2006-02-22 05:00:00,0.0,0.0,60.45,69.1,33.89,44.994,113.44600000000003,0.0,0.0,0.0,0.0,373.86288000000036
2006-02-22 06:00:00,0.0,0.0,65.08,72.98,38.69,45.153,126.59700000000001,0.0,0.0,0.0,0.0,368.86288000000036
2006-02-22 07:00:00,0.0,0.0,67.56,74.85,43.46,52.56099999999999,128.30900000000003,0.0,0.0,0.0,0.0,363.86288000000036
2006-02-22 08:00:00,0.0,0.0,68.97,75.76,46.09,69.432,116.38800000000002,0.0,0.0,0.0,0.0,358.86288000000036
2006-02-22 09:00:00,0.0,0.0,70.3,75.94,47.69,83.05499999999999,105.875,0.0,0.0,0.0,0.0,353.86288000000036
2006-02-22 10:00:00,0.0,0.0,70.95,76.1,48.39,87.04800000000002,103.39200000000001,0.0,0.0,0.0,0.0,348.86288000000036
2006-02-22 11:00:00,0.0,0.0,70.28,75.8,48.73,87.18600000000002,102.62399999999998,0.0,0.0,0.0,0.0,343.86288000000036
2006-02-22 12:00:00,0.0,0.0,69.02,74.1,48.72,82.23299999999999,104.607,0.0,0.0,0.0,0.0,338.86288000000036
2006-02-22 13:00:00,0.0,0.0,67.82,72.07,48.26,74.65699999999998,110.0,0.0,0.0,1.5070000000000192,0.0,334.94792000000035
2006-02-22 14:00:00,0.0,0.0,67.05,70.18,47.94,66.123,114.047,0.0,0.0,0.0,0.0,329.94792000000035
2006-02-22 15:00:00,0.0,0.0,67.23,69.53,48.33,55.514,130.0,0.0,0.0,5.42400000000001,0.0,328.85320000000036
2006-02-22 16:00:00,0.0,0.0,68.95,71.41,50.41,37.644,148.126,0.0,0.0,0.0,0.0,323.85320000000036
2006-02-22 17:00:00,0.0,0.0,69.66,74.87,52.08,27.544000000000004,155.0,9.066000000000004,0.0,0.0,0.0,318.85320000000036
2006-02-22 18:00:00,0.0,0.0,68.51,75.77,52.03,26.192999999999998,155.0,10.117000000000004,0.0,0.0,0.0,313.85320000000036
2006-02-22 19:00:00,0.0,0.0,65.37,73.32,50.58,26.085,155.0,3.184999999999997,0.0,0.0,0.0,308.85320000000036
2006-02-22 20:00:00,0.0,0.0,62.49,71.13,48.09,25.141000000000002,151.569,0.0,0.0,0.0,0.0,303.85320000000036
2006-02-22 21:00:00,0.0,0.0,60.08,71.76,44.62,24.037,147.423,0.0,0.0,0.0,0.0,298.85320000000036
2006-02-22 22:00:00,0.0,0.0,56.42,71.84,40.73,20.213,143.77700000000002,0.0,0.0,0.0,0.0,293.85320000000036
2006-02-22 23:00:00,0.0,0.0,53.58,69.13,37.22,17.230999999999998,137.699,0.0,0.0,0.0,0.0,288.85320000000036
2006-02-23 00:00:00,0.0,0.0,51.74,69.85,35.87,14.852,137.608,0.0,0.0,0.0,0.0,283.85320000000036
2006-02-23 01:00:00,0.0,0.0,51.11,68.1,34.55,12.350000000000001,136.41,0.0,0.0,0.0,0.0,278.85320000000036
2006-02-23 02:00:00,0.0,0.0,51.47,65.85,33.1,10.248999999999999,135.171,0.0,0.0,0.0,0.0,273.85320000000036
2006-02-23 03:00:00,0.0,0.0,52.7,65.53,32.27,9.378,136.122,0.0,0.0,0.0,0.0,268.85320000000036
2006-02-23 04:00:00,0.0,0.0,55.5,67.77,31.76,10.175999999999998,139.854,0.0,0.0,0.0,0.0,263.85320000000036
2006-02-23 05:00:00,0.0,0.0,60.39,71.86,33.52,11.637999999999998,149.132,0.0,0.0,0.0,0.0,258.85320000000036
2006-02-23 06:00:00,0.0,0.0,64.99,75.71,38.34,13.966,155.0,5.0739999999999785,0.0,0.0,0.0,253.85320000000036
2006-02-23 07:00:00,0.0,0.0,67.46,77.57,43.07,18.358999999999998,155.0,9.741,0.0,0.0,0.0,248.85320000000036
2006-02-23 08:00:00,0.0,0.0,68.88,78.47,45.68,27.231000000000005,155.0,5.799000000000001,0.0,0.0,0.0,243.85320000000036
2006-02-23 09:00:00,0.0,0.0,70.21,78.65,47.25,35.415000000000006,155.0,0.6949999999999932,0.0,0.0,0.0,238.85320000000036
2006-02-23 10:00:00,0.0,0.0,70.84,78.82,47.95,39.14,153.47,0.0,0.0,0.0,0.0,233.85320000000036
2006-02-23 11:00:00,0.0,0.0,70.16,78.49,48.29,42.267999999999994,149.672,0.0,0.0,0.0,0.0,228.85320000000036
2006-02-23 12:00:00,0.0,0.0,68.9,76.8,48.26,44.274,144.68599999999998,0.0,0.0,0.0,0.0,223.85320000000036
2006-02-23 13:00:00,0.0,0.0,67.69,74.77,47.8,44.19,141.07,0.0,0.0,0.0,0.0,218.85320000000036
2006-02-23 14:00:00,0.0,0.0,66.92,72.89,47.47,42.181,140.099,0.0,0.0,0.0,0.0,213.85320000000036
2006-02-23 15:00:00,0.0,0.0,67.09,72.23,47.87,39.662,142.528,0.0,0.0,0.0,0.0,208.85320000000036
2006-02-23 16:00:00,0.0,0.0,68.78,74.09,49.92,35.603,152.187,0.0,0.0,0.0,0.0,203.85320000000036
2006-02-23 17:00:00,0.0,0.0,69.48,77.51,51.56,32.651,155.0,5.899000000000001,0.0,0.0,0.0,198.85320000000036
2006-02-23 18:00:00,0.0,0.0,68.34,78.41,51.52,34.084,155.0,4.186000000000003,0.0,0.0,0.0,193.85320000000036
2006-02-23 19:00:00,0.0,0.0,65.22,76.0,50.08,37.474,148.826,0.0,0.0,0.0,0.0,188.85320000000036
2006-02-23 20:00:00,0.0,0.0,62.35,73.86,47.61,39.400999999999996,139.419,0.0,0.0,0.0,0.0,183.85320000000036
2006-02-23 21:00:00,0.0,0.0,59.91,74.5,44.14,40.317,133.233,0.0,0.0,0.0,0.0,178.85320000000036
2006-02-23 22:00:00,0.0,0.0,56.26,74.53,40.25,40.635,125.405,0.0,0.0,0.0,0.0,173.85320000000036
2006-02-23 23:00:00,0.0,0.0,53.43,71.83,36.74,41.839,115.16099999999999,0.0,0.0,0.0,0.0,168.85320000000036
2006-02-24 00:00:00,0.0,0.0,50.27,69.85,35.35,43.911,110.0,0.0,0.0,3.4410000000000274,0.0,166.33072000000038
2006-02-24 01:00:00,0.0,0.0,49.66,68.09,34.05,46.928,99.87199999999999,0.0,0.0,0.0,0.0,161.33072000000038
2006-02-24 02:00:00,0.0,0.0,50.02,65.87,32.61,50.75599999999999,115.0,0.0,0.0,22.25600000000001,0.0,172.3550400000004
2006-02-24 03:00:00,0.0,0.0,51.28,65.57,31.78,55.219,90.0,0.0,0.0,1.5889999999999915,0.0,168.4991200000004
2006-02-24 04:00:00,0.0,0.0,54.11,67.84,31.29,59.492000000000004,115.0,0.0,0.0,26.252000000000002,0.0,182.4005600000004
2006-02-24 05:00:00,0.0,0.0,59.0,71.92,33.1,63.465,95.55499999999999,0.0,0.0,0.0,0.0,177.4005600000004
2006-02-24 06:00:00,0.0,0.0,63.57,75.74,37.94,68.195,104.055,0.0,0.0,0.0,0.0,172.4005600000004
2006-02-24 07:00:00,0.0,0.0,66.03,77.59,42.64,77.63199999999999,103.62800000000001,0.0,0.0,0.0,0.0,167.4005600000004
2006-02-24 08:00:00,0.0,0.0,67.45,78.48,45.22,92.626,93.524,0.0,0.0,0.0,0.0,162.4005600000004
2006-02-24 09:00:00,0.0,0.0,68.78,78.66,46.77,106.17099999999999,90.0,0.0,0.0,6.960999999999991,0.0,162.41248000000041
2006-02-24 10:00:00,0.0,0.0,69.4,78.83,47.46,114.146,90.0,0.0,0.0,13.455999999999978,0.0,167.1008000000004
2006-02-24 11:00:00,0.0,0.0,68.71,78.49,47.79,117.68699999999998,90.0,0.0,0.0,17.697000000000013,0.0,174.8426400000004
2006-02-24 12:00:00,0.0,0.0,67.45,76.79,47.76,118.319,90.0,0.0,0.0,21.319000000000006,0.0,185.1923200000004
2006-02-24 13:00:00,0.0,0.0,66.24,74.76,47.29,116.75300000000001,90.0,0.0,0.0,23.463000000000015,0.0,197.0856800000004
2006-02-24 14:00:00,0.0,0.0,65.46,72.89,46.96,112.37700000000001,90.0,0.0,0.0,22.066999999999982,0.0,207.9739200000004
2006-02-24 15:00:00,0.0,0.0,65.62,72.23,47.37,104.598,90.0,0.0,0.0,14.377999999999986,0.0,213.3260800000004
2006-02-24 16:00:00,0.0,0.0,67.27,74.06,49.39,94.166,91.554,0.0,0.0,0.0,0.0,208.3260800000004
2006-02-24 17:00:00,0.0,0.0,67.97,77.45,50.99,81.26700000000001,110.143,0.0,0.0,0.0,0.0,203.3260800000004
2006-02-24 18:00:00,0.0,0.0,66.84,78.34,50.95,72.596,118.53400000000002,0.0,0.0,0.0,0.0,198.3260800000004
2006-02-24 19:00:00,0.0,0.0,63.75,75.97,49.54,72.379,111.881,0.0,0.0,0.0,0.0,193.3260800000004
2006-02-24 20:00:00,0.0,0.0,60.88,73.9,47.08,71.90299999999999,104.95700000000001,0.0,0.0,0.0,0.0,188.3260800000004
2006-02-24 21:00:00,0.0,0.0,58.41,74.55,43.62,70.98400000000001,100.596,0.0,0.0,0.0,0.0,183.3260800000004
2006-02-24 22:00:00,0.0,0.0,54.76,74.53,39.72,69.832,94.17800000000001,0.0,0.0,0.0,0.0,178.3260800000004
2006-02-24 23:00:00,0.0,0.0,51.95,71.82,36.21,69.49499999999999,115.48500000000001,0.0,0.0,30.0,0.0,194.92608000000038
2006-02-25 00:00:00,0.0,0.0,42.31,64.01,33.22,69.53599999999999,90.0,0.0,0.0,24.99599999999999,0.0,207.92320000000038
2006-02-25 01:00:00,0.0,0.0,41.72,62.24,31.94,70.27600000000001,90.62400000000001,0.0,0.0,30.0,0.0,224.52320000000037
2006-02-25 02:00:00,0.0,0.0,42.1,60.04,30.51,69.816,90.0,0.0,2.165999999999997,30.0,0.0,241.12320000000037
2006-02-25 03:00:00,0.0,0.0,43.37,59.77,29.69,69.58600000000001,90.0,0.0,1.7560000000000002,30.0,0.0,257.72320000000036
2006-02-25 04:00:00,0.0,0.0,46.24,62.05,29.23,69.98,90.0,0.0,0.0,27.459999999999987,0.0,272.4944000000003
2006-02-25 05:00:00,0.0,0.0,51.13,66.12,31.08,69.36,103.97,0.0,0.0,30.0,0.0,289.09440000000035
2006-02-25 06:00:00,0.0,0.0,55.67,69.92,35.93,70.04700000000001,110.0,0.0,0.0,23.526999999999997,0.0,301.03384000000034
2006-02-25 07:00:00,0.0,0.0,58.12,71.76,40.59,76.77600000000001,90.0,0.0,0.0,1.306000000000008,0.0,296.9741600000003
2006-02-25 08:00:00,0.0,0.0,59.54,72.64,43.15,89.98500000000001,110.0,0.0,0.0,29.654999999999983,0.0,313.3257600000003
2006-02-25 09:00:00,0.0,0.0,60.87,72.82,44.68,103.24600000000001,100.12400000000001,0.0,0.0,30.0,0.0,329.9257600000003
2006-02-25 10:00:00,0.0,0.0,61.47,72.99,45.37,111.156,90.0,0.0,0.0,26.325999999999997,0.0,343.8804800000003
2006-02-25 11:00:00,0.0,0.0,60.78,72.63,45.69,112.65900000000002,91.441,0.0,0.0,30.0,0.0,360.48048000000034
2006-02-25 12:00:00,0.0,0.0,59.51,70.94,45.65,110.64099999999999,90.0,0.0,0.0,29.540999999999993,0.0,376.75000000000034
2006-02-25 13:00:00,0.0,0.0,58.3,68.91,45.17,106.41,90.0,0.0,0.0,29.029999999999987,0.0,392.6516000000003
2006-02-25 14:00:00,0.0,0.0,57.52,67.04,44.84,99.303,115.0,0.0,19.90299999999999,30.0,0.0,409.25160000000034
2006-02-25 15:00:00,0.0,0.0,57.66,66.38,45.25,89.11999999999999,90.0,0.0,0.0,14.829999999999973,0.0,414.9292000000003
2006-02-25 16:00:00,0.0,0.0,59.28,68.19,47.24,68.91499999999999,110.0,0.0,0.0,9.204999999999968,0.0,416.5568000000003
2006-02-25 17:00:00,0.0,0.0,59.97,71.53,48.82,54.962,120.358,0.0,0.0,0.0,0.0,411.5568000000003
2006-02-25 18:00:00,0.0,0.0,58.86,72.43,48.78,53.656,121.41400000000002,0.0,0.0,0.0,0.0,406.5568000000003
2006-02-25 19:00:00,0.0,0.0,55.79,70.1,47.39,53.833,114.447,0.0,0.0,0.0,0.0,401.5568000000003
2006-02-25 20:00:00,0.0,0.0,52.92,68.08,44.95,53.477999999999994,107.47200000000002,0.0,0.0,0.0,0.0,396.5568000000003
2006-02-25 21:00:00,0.0,0.0,50.43,68.74,41.49,53.111,102.549,0.0,0.0,0.0,0.0,391.5568000000003
2006-02-25 22:00:00,0.0,0.0,46.78,68.67,37.59,52.186,110.0,0.0,0.0,14.14599999999998,0.0,396.7419200000003
2006-02-25 23:00:00,0.0,0.0,43.98,65.96,34.08,51.128,110.0,0.0,0.0,22.108000000000022,0.0,407.65968000000026
2006-02-26 00:00:00,0.0,0.0,38.74,62.52,32.27,50.586,90.0,0.0,0.0,12.055999999999973,0.0,411.34000000000026
2006-02-26 01:00:00,0.0,0.0,38.17,60.74,31.01,51.162000000000006,90.0,0.0,0.0,16.241999999999994,0.0,418.03424000000024
2006-02-26 02:00:00,0.0,0.0,38.56,58.56,29.59,52.365,99.34500000000003,0.0,0.0,30.0,0.0,434.63424000000026
2006-02-26 03:00:00,0.0,0.0,39.85,58.32,28.78,54.94,104.18333795013842,0.0,7.173337950138433,30.0,0.0,451.2342400000003
2006-02-26 04:00:00,0.0,0.0,42.76,60.62,28.34,55.301,101.419,0.0,0.0,30.0,0.0,467.8342400000003
2006-02-26 05:00:00,0.0,0.0,47.64,64.68,30.23,55.964,90.0,0.0,0.0,8.413999999999987,0.0,468.8923200000003
2006-02-26 06:00:00,0.0,0.0,52.16,68.45,35.09,56.61100000000001,110.0,0.0,0.0,15.911000000000005,0.0,475.3482400000003
2006-02-26 07:00:00,0.0,0.0,54.59,70.29,39.73,61.082,110.0,0.0,0.0,11.472000000000005,0.0,478.6080800000003
2006-02-26 08:00:00,0.0,0.0,56.01,71.16,42.26,74.58399999999999,110.0,0.0,0.0,20.154,0.0,488.1189600000003
2006-02-26 09:00:00,0.0,0.0,57.35,71.33,43.77,86.58500000000001,90.0,0.0,0.0,9.134999999999994,0.0,489.6961600000003
2006-02-26 10:00:00,0.0,0.0,57.93,71.51,44.45,96.92699999999999,90.0,0.0,0.0,18.03699999999998,0.0,497.68280000000027
2006-02-26 11:00:00,0.0,0.0,57.23,71.13,44.77,100.30000000000001,90.0,0.0,0.0,22.16999999999997,0.0,508.6452000000003
2006-02-26 12:00:00,0.0,0.0,55.96,69.44,44.71,99.51899999999999,90.0,0.0,0.0,24.408999999999967,0.0,521.2196800000003
2006-02-26 13:00:00,0.0,0.0,54.75,67.41,44.23,96.47299999999998,94.917,0.0,0.0,30.0,0.0,537.8196800000003
2006-02-26 14:00:00,0.0,0.0,53.96,65.55,43.9,89.38499999999999,90.0,0.0,0.0,20.975,0.0,547.9216800000003
2006-02-26 15:00:00,0.0,0.0,54.09,64.88,44.32,75.75099999999999,90.0,0.0,0.0,7.460999999999995,0.0,548.2936000000003
2006-02-26 16:00:00,0.0,0.0,55.67,66.67,46.28,54.519000000000005,109.10099999999998,0.0,0.0,0.0,0.0,543.2936000000003
2006-02-26 17:00:00,0.0,0.0,56.36,69.98,47.82,40.835,128.325,0.0,0.0,0.0,0.0,538.2936000000003
2006-02-26 18:00:00,0.0,0.0,55.26,70.87,47.79,37.852,131.06799999999998,0.0,0.0,0.0,0.0,533.2936000000003
2006-02-26 19:00:00,0.0,0.0,52.21,68.58,46.42,38.553,123.65700000000001,0.0,0.0,0.0,0.0,528.2936000000003
2006-02-26 20:00:00,0.0,0.0,49.35,66.62,43.99,38.597,116.36300000000001,0.0,0.0,0.0,0.0,523.2936000000003
2006-02-26 21:00:00,0.0,0.0,46.83,67.29,40.53,37.462999999999994,112.187,0.0,0.0,0.0,0.0,518.2936000000003
2006-02-26 22:00:00,0.0,0.0,43.19,67.17,36.63,35.501,106.489,0.0,0.0,0.0,0.0,513.2936000000003
2006-02-26 23:00:00,0.0,0.0,40.4,64.46,33.12,33.68,99.3,0.0,0.0,0.0,0.0,508.2936000000003
2006-02-27 00:00:00,0.0,0.0,50.54,71.87,34.28,32.146,119.54400000000001,0.0,0.0,0.0,0.0,503.2936000000003
2006-02-27 01:00:00,0.0,0.0,49.98,70.08,33.04,31.491,116.60899999999998,0.0,0.0,0.0,0.0,498.2936000000003
2006-02-27 02:00:00,0.0,0.0,50.39,67.92,31.64,31.032,113.91799999999999,0.0,0.0,0.0,0.0,493.2936000000003
2006-02-27 03:00:00,0.0,0.0,51.7,67.71,30.83,30.406,114.834,0.0,0.0,0.0,0.0,488.2936000000003
2006-02-27 04:00:00,0.0,0.0,54.64,70.03,30.4,30.83,119.24000000000002,0.0,0.0,0.0,0.0,483.2936000000003
2006-02-27 05:00:00,0.0,0.0,59.52,74.08,32.35,29.813,131.137,0.0,0.0,0.0,0.0,478.2936000000003
2006-02-27 06:00:00,0.0,0.0,64.01,77.82,37.22,29.685000000000002,144.365,0.0,0.0,0.0,0.0,473.2936000000003
2006-02-27 07:00:00,0.0,0.0,66.43,79.66,41.82,34.138999999999996,148.77100000000002,0.0,0.0,0.0,0.0,468.2936000000003
2006-02-27 08:00:00,0.0,0.0,67.86,80.51,44.33,46.302,141.398,0.0,0.0,0.0,0.0,463.2936000000003
2006-02-27 09:00:00,0.0,0.0,69.19,80.68,45.82,58.873000000000005,131.817,0.0,0.0,0.0,0.0,458.2936000000003
2006-02-27 10:00:00,0.0,0.0,69.76,80.86,46.49,66.184,125.92600000000002,0.0,0.0,0.0,0.0,453.2936000000003
2006-02-27 11:00:00,0.0,0.0,69.05,80.47,46.81,69.371,121.95899999999997,0.0,0.0,0.0,0.0,448.2936000000003
2006-02-27 12:00:00,0.0,0.0,67.77,78.78,46.74,70.354,117.93600000000004,0.0,0.0,0.0,0.0,443.2936000000003
2006-02-27 13:00:00,0.0,0.0,66.57,76.76,46.25,69.36200000000001,115.21799999999999,0.0,0.0,0.0,0.0,438.2936000000003
2006-02-27 14:00:00,0.0,0.0,65.77,74.9,45.91,64.662,146.91799999999998,0.0,0.0,30.0,0.0,454.89360000000033
2006-02-27 15:00:00,0.0,0.0,65.88,74.22,46.34,55.644,125.79599999999999,0.0,0.0,0.0,0.0,449.89360000000033
2006-02-27 16:00:00,0.0,0.0,67.43,75.99,48.27,45.973000000000006,140.717,0.0,0.0,0.0,0.0,444.89360000000033
2006-02-27 17:00:00,0.0,0.0,68.12,79.26,49.78,38.595,153.565,0.0,0.0,0.0,0.0,439.89360000000033
2006-02-27 18:00:00,0.0,0.0,67.03,80.16,49.75,38.735,153.20499999999998,0.0,0.0,0.0,0.0,434.89360000000033
2006-02-27 19:00:00,0.0,0.0,64.0,77.91,48.4,41.874,143.43599999999998,0.0,0.0,0.0,0.0,429.89360000000033
2006-02-27 20:00:00,0.0,0.0,61.14,75.99,45.99,45.641999999999996,132.478,0.0,0.0,0.0,0.0,424.89360000000033
2006-02-27 21:00:00,0.0,0.0,58.59,76.68,42.53,46.910999999999994,125.88900000000002,0.0,0.0,0.0,0.0,419.89360000000033
2006-02-27 22:00:00,0.0,0.0,54.96,76.51,38.63,48.656,116.44400000000002,0.0,0.0,0.0,0.0,414.89360000000033
2006-02-27 23:00:00,0.0,0.0,52.19,73.8,35.13,50.807,115.0,0.0,0.0,9.68700000000003,0.0,416.86824000000036
2006-02-28 00:00:00,0.0,0.0,51.79,71.23,35.9,53.192,110.0,0.0,0.0,9.272000000000002,0.0,418.54408000000035
2006-02-28 01:00:00,0.0,0.0,51.24,69.42,34.67,55.168,110.0,0.0,0.0,14.838000000000005,0.0,424.22744000000034
2006-02-28 02:00:00,0.0,0.0,51.67,67.29,33.29,58.52,90.0,0.0,0.0,1.269999999999996,0.0,420.14184000000034
2006-02-28 03:00:00,0.0,0.0,52.99,67.11,32.48,61.656,90.0,0.0,0.0,4.076000000000015,0.0,418.07656000000037
2006-02-28 04:00:00,0.0,0.0,55.98,69.45,32.08,62.841,90.0,0.0,0.0,0.3310000000000315,0.0,413.3148800000004
2006-02-28 05:00:00,0.0,0.0,60.85,73.49,34.07,63.492999999999995,110.0,0.0,0.0,10.083000000000013,0.0,415.57464000000044
2006-02-28 06:00:00,0.0,0.0,65.32,77.2,38.95,64.476,111.99400000000003,0.0,0.0,0.0,0.0,410.57464000000044
2006-02-28 07:00:00,0.0,0.0,67.72,79.03,43.53,72.44399999999999,135.0,0.0,0.0,22.16399999999997,0.0,421.53272000000044
2006-02-28 08:00:00,0.0,0.0,69.15,79.87,46.01,83.92299999999999,110.0,0.0,0.0,3.893000000000015,0.0,419.3356800000004
2006-02-28 09:00:00,0.0,0.0,70.49,80.04,47.47,97.605,125.39500000000001,0.0,0.0,30.0,0.0,435.93568000000045
2006-02-28 10:00:00,0.0,0.0,71.04,80.23,48.14,105.542,90.0,0.0,0.0,1.1319999999999766,0.0,431.75072000000046
2006-02-28 11:00:00,0.0,0.0,70.32,79.82,48.45,105.86399999999999,117.726,0.0,0.0,30.0,0.0,448.3507200000005
2006-02-28 12:00:00,0.0,0.0,69.04,78.13,48.37,102.65599999999999,90.0,0.0,0.0,2.115999999999975,0.0,444.87424000000044
2006-02-28 13:00:00,0.0,0.0,67.83,76.11,47.88,97.62199999999999,119.19800000000001,0.0,0.0,30.0,0.0,461.47424000000046
2006-02-28 14:00:00,0.0,0.0,67.03,74.25,47.54,89.34200000000001,94.478,0.0,0.0,0.0,0.0,456.47424000000046
2006-02-28 15:00:00,0.0,0.0,67.13,73.57,47.97,77.58700000000002,110.0,0.0,0.0,3.9170000000000336,0.0,454.2944800000005
2006-02-28 16:00:00,0.0,0.0,68.64,75.32,49.88,67.354,121.48599999999999,0.0,0.0,0.0,0.0,449.2944800000005
2006-02-28 17:00:00,0.0,0.0,69.32,78.55,51.35,59.721000000000004,134.49899999999997,0.0,0.0,0.0,0.0,444.2944800000005
2006-02-28 18:00:00,0.0,0.0,68.25,79.44,51.33,58.059,135.961,0.0,0.0,0.0,0.0,439.2944800000005
2006-02-28 19:00:00,0.0,0.0,65.25,77.24,50.0,57.603,129.887,0.0,0.0,0.0,0.0,434.2944800000005
2006-02-28 20:00:00,0.0,0.0,62.39,75.38,47.6,56.757999999999996,123.61199999999998,0.0,0.0,0.0,0.0,429.2944800000005
2006-02-28 21:00:00,0.0,0.0,59.81,76.07,44.15,55.601000000000006,119.42899999999999,0.0,0.0,0.0,0.0,424.2944800000005
2006-02-28 22:00:00,0.0,0.0,56.18,75.86,40.25,54.199000000000005,113.09099999999998,0.0,0.0,0.0,0.0,419.2944800000005
2006-02-28 23:00:00,0.0,0.0,53.42,73.15,36.74,53.347,110.0,0.0,0.0,5.036999999999985,0.0,417.9211200000005
2006-03-01 00:00:00,0.0,0.0,52.09,72.25,37.49,52.934000000000005,103.89600000000002,0.0,0.0,0.0,0.0,412.9211200000005
2006-03-01 01:00:00,0.0,0.0,51.6,70.39,36.34,51.94499999999999,101.385,0.0,0.0,0.0,0.0,407.9211200000005
2006-03-01 02:00:00,0.0,0.0,52.08,68.35,35.01,50.663,99.77700000000002,0.0,0.0,0.0,0.0,402.9211200000005
2006-03-01 03:00:00,0.0,0.0,53.48,68.3,34.22,48.806,102.19399999999999,0.0,0.0,0.0,0.0,397.9211200000005
2006-03-01 04:00:00,0.0,0.0,56.62,70.7,33.91,48.848,107.38200000000002,0.0,0.0,0.0,0.0,392.9211200000005
2006-03-01 05:00:00,0.0,0.0,61.48,74.71,36.08,48.712999999999994,118.55700000000002,0.0,0.0,0.0,0.0,387.9211200000005
2006-03-01 06:00:00,0.0,0.0,65.83,78.31,41.01,50.595000000000006,129.555,0.0,0.0,0.0,0.0,382.9211200000005
2006-03-01 07:00:00,0.0,0.0,68.19,80.11,45.46,57.093,131.667,0.0,0.0,0.0,0.0,377.9211200000005
2006-03-01 08:00:00,0.0,0.0,69.62,80.91,47.84,72.986,120.38399999999999,0.0,0.0,0.0,0.0,372.9211200000005
2006-03-01 09:00:00,0.0,0.0,70.97,81.07,49.21,89.64,110.0,0.0,0.0,3.3899999999999864,0.0,370.36192000000045
2006-03-01 10:00:00,0.0,0.0,71.46,81.27,49.86,95.92599999999999,110.0,0.0,0.0,8.335999999999993,0.0,371.36384000000044
2006-03-01 11:00:00,0.0,0.0,70.7,80.79,50.16,97.24900000000001,99.401,0.0,0.0,0.0,0.0,366.36384000000044
2006-03-01 12:00:00,0.0,0.0,69.4,79.11,50.02,96.898,96.632,0.0,0.0,0.0,0.0,361.36384000000044
2006-03-01 13:00:00,0.0,0.0,68.2,77.1,49.5,94.77499999999999,95.02500000000002,0.0,0.0,0.0,0.0,356.36384000000044
2006-03-01 14:00:00,0.0,0.0,67.37,75.26,49.15,88.88900000000001,97.89100000000002,0.0,0.0,0.0,0.0,351.36384000000044
2006-03-01 15:00:00,0.0,0.0,67.42,74.57,49.61,74.956,111.64399999999999,0.0,0.0,0.0,0.0,346.36384000000044
2006-03-01 16:00:00,0.0,0.0,68.79,76.22,51.41,58.592,132.828,0.0,0.0,0.0,0.0,341.36384000000044
2006-03-01 17:00:00,0.0,0.0,69.46,79.3,52.75,45.027,151.48299999999998,0.0,0.0,0.0,0.0,336.36384000000044
2006-03-01 18:00:00,0.0,0.0,68.44,80.19,52.75,44.905,151.475,0.0,0.0,0.0,0.0,331.36384000000044
2006-03-01 19:00:00,0.0,0.0,65.52,78.14,51.5,46.107,144.053,0.0,0.0,0.0,0.0,326.36384000000044
2006-03-01 20:00:00,0.0,0.0,62.68,76.5,49.16,46.348,136.992,0.0,0.0,0.0,0.0,321.36384000000044
2006-03-01 21:00:00,0.0,0.0,59.99,77.24,45.72,46.57000000000001,131.38,0.0,0.0,0.0,0.0,316.36384000000044
2006-03-01 22:00:00,0.0,0.0,56.38,76.84,41.81,46.32,123.71000000000001,0.0,0.0,0.0,0.0,311.36384000000044
2006-03-01 23:00:00,0.0,0.0,53.67,74.12,38.3,44.016999999999996,117.073,0.0,0.0,0.0,0.0,306.36384000000044
2006-03-02 00:00:00,0.0,0.0,52.03,70.65,37.63,42.83,115.0,0.0,0.0,2.5199999999999783,0.0,303.1782400000004
2006-03-02 01:00:00,0.0,0.0,51.55,68.79,36.5,42.128,109.712,0.0,0.0,0.0,0.0,298.1782400000004
2006-03-02 02:00:00,0.0,0.0,52.04,66.77,35.18,42.384,115.0,0.0,0.0,8.393999999999995,0.0,299.2219200000004
2006-03-02 03:00:00,0.0,0.0,53.46,66.74,34.4,41.848000000000006,107.75199999999998,0.0,0.0,0.0,0.0,294.2219200000004
2006-03-02 04:00:00,0.0,0.0,56.64,69.17,34.1,40.755,114.15499999999999,0.0,0.0,0.0,0.0,289.2219200000004
2006-03-02 05:00:00,0.0,0.0,61.49,73.17,36.32,39.73800000000001,130.0,0.0,0.0,3.757999999999999,0.0,286.9276800000004
2006-03-02 06:00:00,0.0,0.0,65.82,76.74,41.27,38.956,139.87399999999997,0.0,0.0,0.0,0.0,281.9276800000004
2006-03-02 07:00:00,0.0,0.0,68.17,78.54,45.68,46.48299999999999,140.907,0.0,0.0,0.0,0.0,276.9276800000004
2006-03-02 08:00:00,0.0,0.0,69.6,79.32,48.04,59.90299999999999,132.057,0.0,0.0,0.0,0.0,271.9276800000004
2006-03-02 09:00:00,0.0,0.0,70.95,79.48,49.39,72.862,121.958,0.0,0.0,0.0,0.0,266.9276800000004
2006-03-02 10:00:00,0.0,0.0,71.42,79.69,50.02,79.88,116.25,0.0,0.0,0.0,0.0,261.9276800000004
2006-03-02 11:00:00,0.0,0.0,70.65,79.19,50.32,83.15400000000001,112.006,0.0,0.0,0.0,0.0,256.9276800000004
2006-03-02 12:00:00,0.0,0.0,69.35,77.51,50.17,84.899,107.131,0.0,0.0,0.0,0.0,251.9276800000004
2006-03-02 13:00:00,0.0,0.0,68.15,75.5,49.65,84.39099999999999,103.90900000000002,0.0,0.0,0.0,0.0,246.9276800000004
2006-03-02 14:00:00,0.0,0.0,67.31,73.66,49.3,79.924,105.34599999999999,0.0,0.0,0.0,0.0,241.9276800000004
2006-03-02 15:00:00,0.0,0.0,67.35,72.97,49.76,68.54899999999999,116.531,0.0,0.0,0.0,0.0,236.9276800000004
2006-03-02 16:00:00,0.0,0.0,68.69,74.6,51.53,50.160999999999994,139.659,0.0,0.0,0.0,0.0,231.9276800000004
2006-03-02 17:00:00,0.0,0.0,69.35,77.64,52.83,33.443000000000005,155.0,6.376999999999981,0.0,0.0,0.0,226.9276800000004
2006-03-02 18:00:00,0.0,0.0,68.35,78.53,52.84,30.246000000000002,155.0,9.47399999999999,0.0,0.0,0.0,221.9276800000004
2006-03-02 19:00:00,0.0,0.0,65.45,76.52,51.61,32.300000000000004,155.0,1.2799999999999798,0.0,0.0,0.0,216.9276800000004
2006-03-02 20:00:00,0.0,0.0,62.61,74.94,49.29,34.247,147.593,0.0,0.0,0.0,0.0,211.9276800000004
2006-03-02 21:00:00,0.0,0.0,59.89,75.69,45.85,35.082,141.34799999999998,0.0,0.0,0.0,0.0,206.9276800000004
2006-03-02 22:00:00,0.0,0.0,56.28,75.23,41.94,33.474,134.976,0.0,0.0,0.0,0.0,201.9276800000004
2006-03-02 23:00:00,0.0,0.0,53.59,72.52,38.44,32.922000000000004,126.62799999999999,0.0,0.0,0.0,0.0,196.9276800000004
2006-03-03 00:00:00,0.0,0.0,50.34,62.53,37.04,31.844999999999995,113.065,0.0,0.0,0.0,0.0,191.9276800000004
2006-03-03 01:00:00,0.0,0.0,49.88,60.66,35.93,30.906000000000002,110.564,0.0,0.0,0.0,0.0,186.9276800000004
2006-03-03 02:00:00,0.0,0.0,50.39,58.66,34.62,30.12,135.0,0.0,0.0,26.45,0.0,200.97168000000042
2006-03-03 03:00:00,0.0,0.0,51.82,58.66,33.84,29.597,115.0,0.0,0.0,5.277000000000001,0.0,199.77112000000042
2006-03-03 04:00:00,0.0,0.0,55.04,61.1,33.57,28.924,115.78600000000002,0.0,0.0,0.0,0.0,194.77112000000042
2006-03-03 05:00:00,0.0,0.0,59.89,65.1,35.83,26.895,130.0,0.0,0.0,1.0750000000000082,0.0,190.54512000000042
2006-03-03 06:00:00,0.0,0.0,64.19,68.65,40.79,25.157,143.47299999999998,0.0,0.0,0.0,0.0,185.54512000000042
2006-03-03 07:00:00,0.0,0.0,66.53,70.43,45.17,31.761000000000003,145.36900000000003,0.0,0.0,0.0,0.0,180.54512000000042
2006-03-03 08:00:00,0.0,0.0,67.96,71.21,47.51,39.7,141.98,0.0,0.0,0.0,0.0,175.54512000000042
2006-03-03 09:00:00,0.0,0.0,69.31,71.36,48.84,50.749,133.76100000000002,0.0,0.0,0.0,0.0,170.54512000000042
2006-03-03 10:00:00,0.0,0.0,69.76,71.57,49.46,60.664,125.12600000000003,0.0,0.0,0.0,0.0,165.54512000000042
2006-03-03 11:00:00,0.0,0.0,68.99,71.06,49.76,65.94699999999999,118.86300000000001,0.0,0.0,0.0,0.0,160.54512000000042
2006-03-03 12:00:00,0.0,0.0,67.69,69.38,49.6,68.273,113.39699999999999,0.0,0.0,0.0,0.0,155.54512000000042
2006-03-03 13:00:00,0.0,0.0,66.49,67.37,49.07,67.129,110.80099999999999,0.0,0.0,0.0,0.0,150.54512000000042
2006-03-03 14:00:00,0.0,0.0,65.64,65.54,48.71,64.189,110.70100000000002,0.0,0.0,0.0,0.0,145.54512000000042
2006-03-03 15:00:00,0.0,0.0,65.66,64.84,49.19,56.719,117.971,0.0,0.0,0.0,0.0,140.54512000000042
2006-03-03 16:00:00,0.0,0.0,66.97,66.45,50.93,43.512,135.838,0.0,0.0,0.0,0.0,135.54512000000042
2006-03-03 17:00:00,0.0,0.0,67.62,69.45,52.2,33.848,150.422,0.0,0.0,0.0,0.0,130.54512000000042
2006-03-03 18:00:00,0.0,0.0,66.63,70.34,52.21,29.641000000000002,154.539,0.0,0.0,0.0,0.0,125.54512000000042
2006-03-03 19:00:00,0.0,0.0,63.76,68.38,51.0,31.119999999999997,147.01999999999998,0.0,0.0,0.0,0.0,120.54512000000042
2006-03-03 20:00:00,0.0,0.0,60.92,66.84,48.69,32.322,139.12800000000001,0.0,0.0,0.0,0.0,115.54512000000042
2006-03-03 21:00:00,0.0,0.0,58.17,67.61,45.25,33.387,132.643,0.0,0.0,0.0,0.0,110.54512000000042
2006-03-03 22:00:00,0.0,0.0,54.57,67.1,41.34,32.766999999999996,125.243,0.0,0.0,0.0,0.0,105.54512000000042
2006-03-03 23:00:00,0.0,0.0,51.89,64.39,37.84,32.581,116.539,0.0,0.0,0.0,0.0,100.54512000000042
2006-03-04 00:00:00,0.0,0.0,42.32,59.43,34.62,33.771,97.59899999999999,0.0,0.0,0.0,0.0,95.54512000000042
2006-03-04 01:00:00,0.0,0.0,41.88,57.55,33.53,35.268,92.69200000000001,0.0,0.0,0.0,0.0,90.54512000000042
2006-03-04 02:00:00,0.0,0.0,42.4,55.58,32.23,36.978,90.0,0.0,0.0,1.7680000000000078,0.0,86.81808000000044
2006-03-04 03:00:00,0.0,0.0,43.85,55.61,31.46,38.694,90.0,0.0,0.0,2.774000000000001,0.0,83.81536000000044
2006-03-04 04:00:00,0.0,0.0,47.1,58.06,31.21,40.83,110.0,0.0,0.0,19.460000000000004,0.0,92.82656000000044
2006-03-04 05:00:00,0.0,0.0,51.95,62.05,33.52,41.579,100.94099999999999,0.0,0.0,0.0,0.0,87.82656000000044
2006-03-04 06:00:00,0.0,0.0,56.22,65.57,38.49,43.425,111.855,0.0,0.0,0.0,0.0,82.82656000000044
2006-03-04 07:00:00,0.0,0.0,58.55,67.35,42.84,50.79600000000001,112.94399999999999,0.0,0.0,0.0,0.0,77.82656000000044
2006-03-04 08:00:00,0.0,0.0,59.98,68.11,45.15,62.179,110.0,0.0,0.0,3.939000000000007,0.0,75.66264000000045
2006-03-04 09:00:00,0.0,0.0,61.33,68.27,46.46,76.92,94.13999999999999,0.0,0.0,0.0,0.0,70.66264000000045
2006-03-04 10:00:00,0.0,0.0,61.77,68.48,47.08,85.168,110.0,0.0,0.0,22.837999999999997,0.0,82.10600000000045
2006-03-04 11:00:00,0.0,0.0,60.99,67.95,47.37,91.15100000000001,90.0,0.0,0.0,9.840999999999994,0.0,84.19152000000044
2006-03-04 12:00:00,0.0,0.0,59.68,66.27,47.2,93.278,90.0,0.0,0.0,15.127999999999986,0.0,90.08368000000043
2006-03-04 13:00:00,0.0,0.0,58.48,64.26,46.66,92.715,101.685,0.0,0.0,30.0,0.0,106.68368000000042
2006-03-04 14:00:00,0.0,0.0,57.63,62.44,46.3,87.33799999999998,104.03199999999998,0.0,0.0,30.0,0.0,123.28368000000042
2006-03-04 15:00:00,0.0,0.0,57.63,61.73,46.78,79.70700000000001,90.0,0.0,0.0,8.566999999999982,0.0,124.4519200000004
2006-03-04 16:00:00,0.0,0.0,58.91,63.32,48.5,64.947,110.0,0.0,0.0,9.216999999999999,0.0,126.0881600000004
2006-03-04 17:00:00,0.0,0.0,59.56,66.28,49.73,58.463,112.107,0.0,0.0,0.0,0.0,121.0881600000004
2006-03-04 18:00:00,0.0,0.0,58.58,67.17,49.74,58.973,115.0,0.0,0.0,3.4830000000000014,0.0,118.5959200000004
2006-03-04 19:00:00,0.0,0.0,55.73,65.25,48.56,60.878,110.0,0.0,0.0,6.337999999999997,0.0,118.15928000000041
2006-03-04 20:00:00,0.0,0.0,52.9,63.77,46.26,61.384,110.0,0.0,0.0,13.454000000000018,0.0,122.84616000000042
2006-03-04 21:00:00,0.0,0.0,50.12,64.54,42.83,59.62,92.87,0.0,0.0,0.0,0.0,117.84616000000042
2006-03-04 22:00:00,0.0,0.0,46.53,63.99,38.92,58.121,90.0,0.0,0.0,3.681000000000001,0.0,115.49648000000043
2006-03-04 23:00:00,0.0,0.0,43.86,61.27,35.42,56.93100000000001,90.0,0.0,0.0,11.38099999999999,0.0,118.69080000000042
2006-03-05 00:00:00,0.0,0.0,38.56,63.37,33.03,57.958999999999996,102.00100000000002,0.0,0.0,30.0,0.0,135.29080000000042
2006-03-05 01:00:00,0.0,0.0,38.12,61.47,31.96,57.384,90.0,0.0,0.0,20.834,0.0,145.29128000000043
2006-03-05 02:00:00,0.0,0.0,38.66,59.52,30.67,56.982,90.0,0.0,0.0,23.131999999999994,0.0,156.9463200000004
2006-03-05 03:00:00,0.0,0.0,40.13,59.58,29.91,58.237,96.38299999999998,0.0,0.0,30.0,0.0,173.5463200000004
2006-03-05 04:00:00,0.0,0.0,43.42,62.06,29.68,59.167,90.0,0.0,0.0,19.006999999999984,0.0,182.2313600000004
2006-03-05 05:00:00,0.0,0.0,48.27,66.03,32.03,60.36,90.0,0.0,0.0,9.029999999999983,0.0,183.7329600000004
2006-03-05 06:00:00,0.0,0.0,52.51,69.53,37.02,61.15500000000001,110.0,0.0,0.0,17.094999999999978,0.0,191.04136000000037
2006-03-05 07:00:00,0.0,0.0,54.82,71.3,41.33,67.67,110.0,0.0,0.0,15.220000000000008,0.0,196.99976000000038
2006-03-05 08:00:00,0.0,0.0,56.26,72.05,43.62,77.625,90.0,0.0,0.0,0.695000000000018,0.0,192.5001600000004
2006-03-05 09:00:00,0.0,0.0,57.61,72.21,44.91,91.129,108.60099999999997,0.0,0.0,30.0,0.0,209.1001600000004
2006-03-05 10:00:00,0.0,0.0,58.03,72.42,45.52,101.484,99.48600000000002,0.0,0.0,30.0,0.0,225.70016000000038
2006-03-05 11:00:00,0.0,0.0,57.24,71.87,45.81,103.297,96.62300000000005,0.0,0.0,30.0,0.0,242.30016000000037
2006-03-05 12:00:00,0.0,0.0,55.93,70.2,45.62,103.68799999999999,93.06200000000001,0.0,0.0,30.0,0.0,258.90016000000037
2006-03-05 13:00:00,0.0,0.0,54.73,68.19,45.08,101.71000000000001,91.28999999999998,0.0,0.0,30.0,0.0,275.5001600000004
2006-03-05 14:00:00,0.0,0.0,53.87,66.37,44.72,97.35300000000001,90.0,0.0,0.0,27.39299999999998,0.0,290.2231200000004
2006-03-05 15:00:00,0.0,0.0,53.86,65.66,45.21,86.08,90.0,0.0,0.0,16.349999999999977,0.0,296.9951200000004
2006-03-05 16:00:00,0.0,0.0,55.1,67.23,46.89,65.342,110.0,0.0,0.0,11.121999999999993,0.0,300.00296000000037
2006-03-05 17:00:00,0.0,0.0,55.75,70.15,48.09,51.695,117.295,0.0,0.0,0.0,0.0,295.00296000000037
2006-03-05 18:00:00,0.0,0.0,54.79,71.04,48.11,47.695,121.245,0.0,0.0,0.0,0.0,290.00296000000037
2006-03-05 19:00:00,0.0,0.0,51.96,69.16,46.94,47.013000000000005,116.047,0.0,0.0,0.0,0.0,285.00296000000037
2006-03-05 20:00:00,0.0,0.0,49.13,67.73,44.66,44.903000000000006,115.0,0.0,0.0,3.3830000000000044,0.0,282.4387200000004
2006-03-05 21:00:00,0.0,0.0,46.32,68.52,41.23,42.506,135.0,0.0,0.0,26.436,0.0,296.4726400000004
2006-03-05 22:00:00,0.0,0.0,42.73,67.92,37.32,39.216,110.0,0.0,0.0,6.246000000000002,0.0,295.9697600000004
2006-03-05 23:00:00,0.0,0.0,40.08,65.2,33.82,35.823,110.0,0.0,0.0,11.723000000000013,0.0,299.4103200000004
2006-03-06 00:00:00,0.0,0.0,49.94,68.91,34.73,34.636,115.0,0.0,0.0,1.056000000000017,0.0,295.17064000000045
2006-03-06 01:00:00,0.0,0.0,49.52,67.0,33.68,33.72,111.48,0.0,0.0,0.0,0.0,290.17064000000045
2006-03-06 02:00:00,0.0,0.0,50.07,65.08,32.41,34.046,108.51399999999998,0.0,0.0,0.0,0.0,285.17064000000045
2006-03-06 03:00:00,0.0,0.0,51.56,65.17,31.65,34.483999999999995,108.89600000000002,0.0,0.0,0.0,0.0,280.17064000000045
2006-03-06 04:00:00,0.0,0.0,54.89,67.66,31.44,35.823,113.16699999999999,0.0,0.0,0.0,0.0,275.17064000000045
2006-03-06 05:00:00,0.0,0.0,59.73,71.63,33.84,35.807,124.393,0.0,0.0,0.0,0.0,270.17064000000045
2006-03-06 06:00:00,0.0,0.0,63.95,75.09,38.84,36.504,136.376,0.0,0.0,0.0,0.0,265.17064000000045
2006-03-06 07:00:00,0.0,0.0,66.24,76.86,43.12,45.292,135.928,0.0,0.0,0.0,0.0,260.17064000000045
2006-03-06 08:00:00,0.0,0.0,67.69,77.6,45.38,59.106,126.564,0.0,0.0,0.0,0.0,255.17064000000045
2006-03-06 09:00:00,0.0,0.0,69.04,77.75,46.64,75.4,113.03,0.0,0.0,0.0,0.0,250.17064000000045
2006-03-06 10:00:00,0.0,0.0,69.44,77.97,47.25,86.055,110.0,0.0,0.0,6.3949999999999925,0.0,249.77504000000044
2006-03-06 11:00:00,0.0,0.0,68.64,77.4,47.53,89.459,110.0,0.0,0.0,10.888999999999967,0.0,252.61512000000042
2006-03-06 12:00:00,0.0,0.0,67.33,75.73,47.34,88.359,97.04100000000001,0.0,0.0,0.0,0.0,247.61512000000042
2006-03-06 13:00:00,0.0,0.0,66.13,73.72,46.79,83.12,110.0,0.0,0.0,11.479999999999992,0.0,250.88072000000042
2006-03-06 14:00:00,0.0,0.0,65.26,71.91,46.42,72.15,106.44,0.0,0.0,0.0,0.0,245.88072000000042
2006-03-06 15:00:00,0.0,0.0,65.24,71.2,46.92,57.549,120.811,0.0,0.0,0.0,0.0,240.88072000000042
2006-03-06 16:00:00,0.0,0.0,66.45,72.74,48.58,45.038000000000004,137.732,0.0,0.0,0.0,0.0,235.88072000000042
2006-03-06 17:00:00,0.0,0.0,67.09,75.62,49.74,32.68,154.77,0.0,0.0,0.0,0.0,230.88072000000042
2006-03-06 18:00:00,0.0,0.0,66.14,76.51,49.77,25.163,155.0,7.256999999999998,0.0,0.0,0.0,225.88072000000042
2006-03-06 19:00:00,0.0,0.0,63.34,74.67,48.62,26.76,154.87,0.0,0.0,0.0,0.0,220.88072000000042
2006-03-06 20:00:00,0.0,0.0,60.51,73.3,46.36,27.55,147.62,0.0,0.0,0.0,0.0,215.88072000000042
2006-03-06 21:00:00,0.0,0.0,57.68,74.1,42.93,26.923000000000002,142.787,0.0,0.0,0.0,0.0,210.88072000000042
2006-03-06 22:00:00,0.0,0.0,54.09,73.45,39.01,27.717,133.83300000000003,0.0,0.0,0.0,0.0,205.88072000000042
2006-03-06 23:00:00,0.0,0.0,51.45,70.73,35.51,28.641000000000002,124.04899999999999,0.0,0.0,0.0,0.0,200.88072000000042
2006-03-07 00:00:00,0.0,0.0,51.71,67.54,34.1,29.732,118.61800000000001,0.0,0.0,0.0,0.0,195.88072000000042
2006-03-07 01:00:00,0.0,0.0,51.3,65.61,33.06,31.433,130.0,0.0,0.0,16.462999999999997,0.0,202.73408000000043
2006-03-07 02:00:00,0.0,0.0,51.87,63.71,31.81,32.707,109.68299999999999,0.0,0.0,0.0,0.0,197.73408000000043
2006-03-07 03:00:00,0.0,0.0,53.37,63.83,31.05,33.578,115.0,0.0,0.0,5.328000000000021,0.0,196.57024000000044
2006-03-07 04:00:00,0.0,0.0,56.74,66.34,30.87,32.096000000000004,116.85400000000001,0.0,0.0,0.0,0.0,191.57024000000044
2006-03-07 05:00:00,0.0,0.0,61.58,70.3,33.31,32.335,135.0,0.0,0.0,7.145000000000003,0.0,191.71464000000043
2006-03-07 06:00:00,0.0,0.0,65.77,73.74,38.32,33.85,138.98,0.0,0.0,0.0,0.0,186.71464000000043
2006-03-07 07:00:00,0.0,0.0,68.05,75.5,42.57,42.736999999999995,138.38299999999998,0.0,0.0,0.0,0.0,181.71464000000043
2006-03-07 08:00:00,0.0,0.0,69.5,76.23,44.81,54.453,131.087,0.0,0.0,0.0,0.0,176.71464000000043
2006-03-07 09:00:00,0.0,0.0,70.85,76.38,46.05,63.413,124.86699999999999,0.0,0.0,0.0,0.0,171.71464000000043
2006-03-07 10:00:00,0.0,0.0,71.24,76.6,46.65,67.19,122.3,0.0,0.0,0.0,0.0,166.71464000000043
2006-03-07 11:00:00,0.0,0.0,70.43,76.02,46.93,68.421,119.95899999999999,0.0,0.0,0.0,0.0,161.71464000000043
2006-03-07 12:00:00,0.0,0.0,69.11,74.34,46.72,68.418,135.0,0.0,0.0,18.247999999999994,0.0,169.8532000000004
2006-03-07 13:00:00,0.0,0.0,67.92,72.34,46.17,66.06099999999999,115.36900000000001,0.0,0.0,0.0,0.0,164.8532000000004
2006-03-07 14:00:00,0.0,0.0,67.04,70.53,45.8,60.85,117.52,0.0,0.0,0.0,0.0,159.8532000000004
2006-03-07 15:00:00,0.0,0.0,67.01,69.81,46.3,52.985,135.0,0.0,0.0,9.865000000000002,0.0,161.95600000000042
2006-03-07 16:00:00,0.0,0.0,68.18,71.34,47.93,44.654,137.79600000000005,0.0,0.0,0.0,0.0,156.95600000000042
2006-03-07 17:00:00,0.0,0.0,68.82,74.18,49.06,36.22,150.84,0.0,0.0,0.0,0.0,151.95600000000042
2006-03-07 18:00:00,0.0,0.0,67.88,75.07,49.09,28.452,155.0,3.5879999999999743,0.0,0.0,0.0,146.95600000000042
2006-03-07 19:00:00,0.0,0.0,65.1,73.27,47.97,30.207,151.13299999999998,0.0,0.0,0.0,0.0,141.95600000000042
2006-03-07 20:00:00,0.0,0.0,62.27,71.95,45.72,31.419000000000004,143.52100000000002,0.0,0.0,0.0,0.0,136.95600000000042
2006-03-07 21:00:00,0.0,0.0,59.41,72.76,42.29,31.535,137.925,0.0,0.0,0.0,0.0,131.95600000000042
2006-03-07 22:00:00,0.0,0.0,55.83,72.06,38.38,31.787999999999997,129.482,0.0,0.0,0.0,0.0,126.95600000000043
2006-03-07 23:00:00,0.0,0.0,53.2,69.34,34.88,30.214000000000002,122.20600000000002,0.0,0.0,0.0,0.0,121.95600000000043
2006-03-08 00:00:00,0.0,0.0,52.18,58.08,33.06,29.904000000000003,108.416,0.0,0.0,0.0,0.0,116.95600000000043
2006-03-08 01:00:00,0.0,0.0,51.79,56.15,32.04,29.248,105.73199999999999,0.0,0.0,0.0,0.0,111.95600000000043
2006-03-08 02:00:00,0.0,0.0,52.37,54.27,30.8,30.445999999999998,101.994,0.0,0.0,0.0,0.0,106.95600000000043
2006-03-08 03:00:00,0.0,0.0,53.89,54.42,30.05,31.428,101.93200000000002,0.0,0.0,0.0,0.0,101.95600000000043
2006-03-08 04:00:00,0.0,0.0,57.3,56.94,29.89,31.907,135.0,0.0,0.0,27.776999999999997,0.0,116.95544000000042
2006-03-08 05:00:00,0.0,0.0,62.13,60.9,32.37,30.64,119.75999999999999,0.0,0.0,0.0,0.0,111.95544000000042
2006-03-08 06:00:00,0.0,0.0,66.3,64.31,37.4,32.035000000000004,130.975,0.0,0.0,0.0,0.0,106.95544000000042
2006-03-08 07:00:00,0.0,0.0,68.57,66.06,41.61,40.263,130.97699999999998,0.0,0.0,0.0,0.0,101.95544000000042
2006-03-08 08:00:00,0.0,0.0,70.02,66.78,43.83,48.349,127.28099999999999,0.0,0.0,0.0,0.0,96.95544000000042
2006-03-08 09:00:00,0.0,0.0,71.37,66.93,45.04,61.24,130.0,0.0,0.0,12.900000000000007,0.0,101.24344000000043
2006-03-08 10:00:00,0.0,0.0,71.74,67.15,45.64,71.783,115.0,0.0,0.0,7.253000000000002,0.0,101.46560000000044
2006-03-08 11:00:00,0.0,0.0,70.92,66.55,45.92,76.35499999999999,102.03500000000003,0.0,0.0,0.0,0.0,96.46560000000044
2006-03-08 12:00:00,0.0,0.0,69.6,64.88,45.69,78.778,126.39199999999998,0.0,0.0,30.0,0.0,113.06560000000043
2006-03-08 13:00:00,0.0,0.0,68.41,62.88,45.13,77.502,93.918,0.0,0.0,0.0,0.0,108.06560000000043
2006-03-08 14:00:00,0.0,0.0,67.52,61.07,44.76,73.616,94.73400000000001,0.0,0.0,0.0,0.0,103.06560000000043
2006-03-08 15:00:00,0.0,0.0,67.48,60.35,45.27,65.175,115.0,0.0,0.0,12.07499999999999,0.0,106.75960000000042
2006-03-08 16:00:00,0.0,0.0,68.62,61.85,46.87,56.38699999999999,115.953,0.0,0.0,0.0,0.0,101.75960000000042
2006-03-08 17:00:00,0.0,0.0,69.25,64.66,47.97,47.452000000000005,129.428,0.0,0.0,0.0,0.0,96.75960000000042
2006-03-08 18:00:00,0.0,0.0,68.33,65.55,48.01,47.76200000000001,135.0,0.0,0.0,5.872000000000003,0.0,95.98744000000042
2006-03-08 19:00:00,0.0,0.0,65.57,63.78,46.9,50.028,121.222,0.0,0.0,0.0,0.0,90.98744000000042
2006-03-08 20:00:00,0.0,0.0,62.74,62.53,44.67,50.54,114.4,0.0,0.0,0.0,0.0,85.98744000000042
2006-03-08 21:00:00,0.0,0.0,59.85,63.34,41.24,49.614,109.816,0.0,0.0,0.0,0.0,80.98744000000042
2006-03-08 22:00:00,0.0,0.0,56.28,62.6,37.33,46.641999999999996,104.56800000000001,0.0,0.0,0.0,0.0,75.98744000000042
2006-03-08 23:00:00,0.0,0.0,53.66,59.88,33.83,44.526,110.0,0.0,0.0,12.155999999999988,0.0,79.73976000000042
2006-03-09 00:00:00,0.0,0.0,50.58,56.71,33.76,40.594,95.45599999999999,0.0,0.0,0.0,0.0,74.73976000000042
2006-03-09 01:00:00,0.0,0.0,50.2,54.77,32.76,36.912,110.0,0.0,0.0,14.18199999999998,0.0,79.9508000000004
2006-03-09 02:00:00,0.0,0.0,50.79,52.92,31.53,34.201,96.039,0.0,0.0,0.0,0.0,74.9508000000004
2006-03-09 03:00:00,0.0,0.0,52.34,53.09,30.79,32.625,98.595,0.0,0.0,0.0,0.0,69.9508000000004
2006-03-09 04:00:00,0.0,0.0,55.78,55.64,30.65,30.648,135.0,0.0,0.0,28.57800000000001,0.0,85.5269600000004
2006-03-09 05:00:00,0.0,0.0,60.61,59.58,33.18,29.806,118.56399999999998,0.0,0.0,0.0,0.0,80.5269600000004
2006-03-09 06:00:00,0.0,0.0,64.75,62.96,38.21,30.706000000000003,130.214,0.0,0.0,0.0,0.0,75.5269600000004
2006-03-09 07:00:00,0.0,0.0,67.01,64.71,42.4,37.79900000000001,131.321,0.0,0.0,0.0,0.0,70.5269600000004
2006-03-09 08:00:00,0.0,0.0,68.46,65.42,44.59,47.666000000000004,125.804,0.0,0.0,0.0,0.0,65.5269600000004
2006-03-09 09:00:00,0.0,0.0,69.81,65.56,45.78,58.545,117.60499999999999,0.0,0.0,0.0,0.0,60.52696000000039
2006-03-09 10:00:00,0.0,0.0,70.17,65.79,46.37,68.138,109.19200000000001,0.0,0.0,0.0,0.0,55.52696000000039
2006-03-09 11:00:00,0.0,0.0,69.34,65.17,46.64,74.66,110.0,0.0,0.0,8.510000000000009,0.0,56.6541600000004
2006-03-09 12:00:00,0.0,0.0,68.02,63.5,46.41,78.18900000000001,94.741,0.0,0.0,0.0,0.0,51.6541600000004
2006-03-09 13:00:00,0.0,0.0,66.82,61.5,45.85,79.078,90.09199999999998,0.0,0.0,0.0,0.0,46.6541600000004
2006-03-09 14:00:00,0.0,0.0,65.93,59.7,45.47,76.63900000000001,119.461,0.0,0.0,30.0,0.0,63.2541600000004
2006-03-09 15:00:00,0.0,0.0,65.87,58.98,45.99,71.039,94.80100000000003,0.0,0.0,0.0,0.0,58.2541600000004
2006-03-09 16:00:00,0.0,0.0,66.97,60.45,47.56,62.874,110.0,0.0,0.0,2.894000000000009,0.0,55.337840000000405
2006-03-09 17:00:00,0.0,0.0,67.6,63.22,48.62,54.223,120.21699999999997,0.0,0.0,0.0,0.0,50.337840000000405
2006-03-09 18:00:00,0.0,0.0,66.69,64.11,48.66,45.17000000000001,129.28999999999996,0.0,0.0,0.0,0.0,45.337840000000405
2006-03-09 19:00:00,0.0,0.0,63.96,62.39,47.58,46.99000000000001,121.94000000000001,0.0,0.0,0.0,0.0,40.337840000000405
2006-03-09 20:00:00,0.0,0.0,61.14,61.19,45.36,47.507000000000005,115.18299999999999,0.0,0.0,0.0,0.0,35.337840000000405
2006-03-09 21:00:00,0.0,0.0,58.22,62.02,41.94,49.400000000000006,110.0,0.0,0.0,2.220000000000006,0.0,31.936240000000407
2006-03-09 22:00:00,0.0,0.0,54.65,61.22,38.02,49.486000000000004,110.0,0.0,0.0,10.595999999999968,0.0,34.56536000000038
2006-03-09 23:00:00,0.0,0.0,52.05,58.5,34.52,49.992000000000004,90.07800000000003,0.0,0.0,0.0,0.0,29.56536000000038
2006-03-10 00:00:00,0.0,0.0,49.09,62.3,34.12,51.324999999999996,90.0,0.0,0.0,0.8150000000000048,0.0,25.152160000000382
2006-03-10 01:00:00,0.0,0.0,48.74,60.34,33.14,52.554,110.0,0.0,0.0,25.33400000000002,0.0,38.3926400000004
2006-03-10 02:00:00,0.0,0.0,49.34,58.51,31.92,53.898,133.36027146814405,0.0,22.48827146814405,30.0,0.0,54.9926400000004
2006-03-10 03:00:00,0.0,0.0,50.9,58.72,31.18,55.806,90.0,0.0,0.0,10.005999999999982,0.0,57.19696000000039
2006-03-10 04:00:00,0.0,0.0,54.39,61.28,31.07,57.3,90.0,0.0,0.0,5.560000000000006,0.0,56.200160000000395
2006-03-10 05:00:00,0.0,0.0,59.21,65.21,33.64,57.558,115.0,0.0,0.0,19.497999999999987,0.0,65.23872000000038
2006-03-10 06:00:00,0.0,0.0,63.32,68.57,38.69,60.00599999999999,115.0,0.0,0.0,9.426000000000014,0.0,67.0254400000004
2006-03-10 07:00:00,0.0,0.0,65.57,70.31,42.84,67.798,105.92200000000001,0.0,0.0,0.0,0.0,62.025440000000394
2006-03-10 08:00:00,0.0,0.0,67.02,71.0,45.01,78.64200000000001,99.388,0.0,0.0,0.0,0.0,57.025440000000394
2006-03-10 09:00:00,0.0,0.0,68.38,71.15,46.18,92.05400000000002,90.0,0.0,0.0,1.3439999999999905,0.0,52.99312000000039
2006-03-10 10:00:00,0.0,0.0,68.72,71.38,46.77,102.03399999999999,109.83600000000003,0.0,0.0,30.0,0.0,69.59312000000038
2006-03-10 11:00:00,0.0,0.0,67.88,70.74,47.03,107.188,103.46199999999999,0.0,0.0,30.0,0.0,86.19312000000038
2006-03-10 12:00:00,0.0,0.0,66.55,69.07,46.78,106.01,90.0,0.0,0.0,18.609999999999975,0.0,94.59232000000036
2006-03-10 13:00:00,0.0,0.0,65.36,67.08,46.21,99.45700000000001,104.19299999999998,0.0,0.0,30.0,0.0,111.19232000000035
2006-03-10 14:00:00,0.0,0.0,64.45,65.28,45.84,88.50999999999999,90.0,0.0,0.0,7.939999999999994,0.0,111.90912000000034
2006-03-10 15:00:00,0.0,0.0,64.39,64.55,46.36,75.653,94.647,0.0,0.0,0.0,0.0,106.90912000000034
2006-03-10 16:00:00,0.0,0.0,65.45,66.01,47.9,64.941,109.41900000000001,0.0,0.0,0.0,0.0,101.90912000000034
2006-03-10 17:00:00,0.0,0.0,66.08,68.74,48.94,56.754000000000005,122.00599999999999,0.0,0.0,0.0,0.0,96.90912000000034
2006-03-10 18:00:00,0.0,0.0,65.18,69.62,48.98,50.008,128.772,0.0,0.0,0.0,0.0,91.90912000000034
2006-03-10 19:00:00,0.0,0.0,62.47,67.94,47.92,52.626999999999995,120.70299999999999,0.0,0.0,0.0,0.0,86.90912000000034
2006-03-10 20:00:00,0.0,0.0,59.65,66.79,45.71,54.769999999999996,112.38000000000001,0.0,0.0,0.0,0.0,81.90912000000034
2006-03-10 21:00:00,0.0,0.0,56.71,67.63,42.29,54.994,106.63600000000002,0.0,0.0,0.0,0.0,76.90912000000034
2006-03-10 22:00:00,0.0,0.0,53.14,66.79,38.37,54.831999999999994,115.0,0.0,0.0,16.531999999999993,0.0,83.81216000000033
2006-03-10 23:00:00,0.0,0.0,50.55,64.07,34.88,54.576,90.0,0.0,0.0,0.0759999999999863,0.0,78.86688000000032
2006-03-11 00:00:00,0.0,0.0,41.89,59.76,33.2,54.65299999999999,90.0,0.0,0.0,14.802999999999983,0.0,84.52504000000032
2006-03-11 01:00:00,0.0,0.0,41.55,57.79,32.24,54.534,90.0,0.0,0.0,17.953999999999997,0.0,92.45192000000031
2006-03-11 02:00:00,0.0,0.0,42.17,55.98,31.03,53.751999999999995,90.0,0.0,0.0,19.571999999999992,0.0,101.5437600000003
2006-03-11 03:00:00,0.0,0.0,43.75,56.22,30.3,53.141999999999996,90.0,0.0,0.0,17.871999999999993,0.0,109.41160000000029
2006-03-11 04:00:00,0.0,0.0,47.27,58.8,30.2,52.31,90.0,0.0,0.0,11.039999999999988,0.0,112.36040000000028
2006-03-11 05:00:00,0.0,0.0,52.09,62.72,32.82,51.973,90.65700000000002,0.0,0.0,0.0,0.0,107.36040000000028
2006-03-11 06:00:00,0.0,0.0,56.17,66.05,37.89,53.304,101.80600000000001,0.0,0.0,0.0,0.0,102.36040000000028
2006-03-11 07:00:00,0.0,0.0,58.41,67.78,42.01,61.872,110.0,0.0,0.0,8.67200000000001,0.0,103.60424000000029
2006-03-11 08:00:00,0.0,0.0,59.86,68.47,44.15,75.833,91.647,0.0,0.0,0.0,0.0,98.60424000000029
2006-03-11 09:00:00,0.0,0.0,61.22,68.61,45.3,89.736,110.0,0.0,0.0,29.605999999999995,0.0,114.92056000000028
2006-03-11 10:00:00,0.0,0.0,61.54,68.85,45.88,100.44000000000001,110.0,0.0,9.170000000000009,30.0,0.0,131.52056000000027
2006-03-11 11:00:00,0.0,0.0,60.7,68.19,46.14,105.872,94.158,0.0,0.0,30.0,0.0,148.12056000000027
2006-03-11 12:00:00,0.0,0.0,59.37,66.53,45.88,108.394,90.0,0.0,1.6140000000000008,30.0,0.0,164.72056000000026
2006-03-11 13:00:00,0.0,0.0,58.17,64.53,45.3,107.96600000000001,90.0,0.0,4.96599999999998,30.0,0.0,181.32056000000026
2006-03-11 14:00:00,0.0,0.0,57.26,62.74,44.92,104.355,90.0,0.0,4.434999999999974,30.0,0.0,197.92056000000025
2006-03-11 15:00:00,0.0,0.0,57.18,62.01,45.45,97.704,90.0,0.0,0.0,28.06399999999999,0.0,213.12664000000024
2006-03-11 16:00:00,0.0,0.0,58.21,63.44,46.97,89.50899999999999,90.0,0.0,0.0,15.889,0.0,219.56672000000023
2006-03-11 17:00:00,0.0,0.0,58.84,66.13,47.97,80.536,110.0,0.0,0.0,22.596000000000032,0.0,230.83584000000025
2006-03-11 18:00:00,0.0,0.0,57.95,67.01,48.01,70.233,97.73699999999998,0.0,0.0,0.0,0.0,225.83584000000025
2006-03-11 19:00:00,0.0,0.0,55.26,65.38,46.97,70.447,92.163,0.0,0.0,0.0,0.0,220.83584000000025
2006-03-11 20:00:00,0.0,0.0,52.44,64.28,44.78,70.001,110.0,0.0,0.0,23.500999999999987,0.0,232.75656000000023
2006-03-11 21:00:00,0.0,0.0,49.47,65.13,41.37,68.944,110.0,0.0,0.0,27.973999999999997,0.0,247.89784000000023
2006-03-11 22:00:00,0.0,0.0,45.91,64.24,37.45,69.641,90.0,0.0,0.0,17.04099999999998,0.0,255.1673600000002
2006-03-11 23:00:00,0.0,0.0,43.34,61.52,33.95,68.759,90.0,0.0,0.0,24.948999999999987,0.0,268.1306400000002
2006-03-12 00:00:00,0.0,0.0,39.3,64.82,33.17,66.925,95.36499999999998,0.0,0.0,30.0,0.0,284.7306400000002
2006-03-12 01:00:00,0.0,0.0,38.98,62.84,32.23,66.257,90.0,0.0,0.0,27.206999999999987,0.0,299.31968000000023
2006-03-12 02:00:00,0.0,0.0,39.61,61.05,31.04,64.846,91.85399999999998,0.0,0.0,30.0,0.0,315.91968000000026
2006-03-12 03:00:00,0.0,0.0,41.2,61.32,30.31,64.62700000000001,90.0,0.0,0.0,26.796999999999986,0.0,330.21352000000024
2006-03-12 04:00:00,0.0,0.0,44.77,63.92,30.24,62.511,90.0,0.0,0.0,18.581000000000007,0.0,338.5918400000003
2006-03-12 05:00:00,0.0,0.0,49.58,67.83,32.9,60.799,110.0,0.0,0.0,25.489000000000008,0.0,351.9439200000003
2006-03-12 06:00:00,0.0,0.0,53.64,71.13,37.98,61.428,96.32199999999999,0.0,0.0,0.0,0.0,346.9439200000003
2006-03-12 07:00:00,0.0,0.0,55.86,72.86,42.07,68.98100000000001,110.0,0.0,0.0,13.191000000000027,0.0,351.4414400000003
2006-03-12 08:00:00,0.0,0.0,57.31,73.53,44.18,81.36399999999999,90.0,0.0,0.0,1.3439999999999799,0.0,347.40912000000026
2006-03-12 09:00:00,0.0,0.0,58.68,73.67,45.31,91.69299999999998,90.0,0.0,0.0,9.033000000000019,0.0,348.91288000000026
2006-03-12 10:00:00,0.0,0.0,58.98,73.91,45.88,95.881,107.88900000000001,0.0,0.0,30.0,0.0,365.5128800000003
2006-03-12 11:00:00,0.0,0.0,58.13,73.24,46.14,96.92699999999999,105.583,0.0,0.0,30.0,0.0,382.1128800000003
2006-03-12 12:00:00,0.0,0.0,56.79,71.58,45.87,95.549,115.0,0.0,11.308999999999997,30.0,0.0,398.7128800000003
2006-03-12 13:00:00,0.0,0.0,55.6,69.58,45.28,90.99900000000001,104.46099999999997,0.0,0.0,30.0,0.0,415.31288000000035
2006-03-12 14:00:00,0.0,0.0,54.68,67.8,44.9,83.396,108.98400000000001,0.0,0.0,30.0,0.0,431.91288000000037
2006-03-12 15:00:00,0.0,0.0,54.59,67.06,45.44,72.414,90.0,0.0,0.0,0.3239999999999803,0.0,427.14616000000035
2006-03-12 16:00:00,0.0,0.0,55.59,68.47,46.93,59.00600000000001,110.0,0.0,0.0,3.016000000000009,0.0,424.31768000000034
2006-03-12 17:00:00,0.0,0.0,56.21,71.12,47.89,46.010000000000005,124.21,0.0,0.0,0.0,0.0,419.31768000000034
2006-03-12 18:00:00,0.0,0.0,55.34,72.01,47.94,41.256,129.034,0.0,0.0,0.0,0.0,414.31768000000034
2006-03-12 19:00:00,0.0,0.0,52.66,70.41,46.92,42.685,122.30499999999998,0.0,0.0,0.0,0.0,409.31768000000034
2006-03-12 20:00:00,0.0,0.0,49.85,69.37,44.74,43.056999999999995,115.90300000000003,0.0,0.0,0.0,0.0,404.31768000000034
2006-03-12 21:00:00,0.0,0.0,46.85,70.23,41.33,43.55299999999999,109.85700000000003,0.0,0.0,0.0,0.0,399.31768000000034
2006-03-12 22:00:00,0.0,0.0,43.29,69.29,37.41,43.800000000000004,101.19,0.0,0.0,0.0,0.0,394.31768000000034
2006-03-12 23:00:00,0.0,0.0,40.74,66.57,33.92,43.538000000000004,92.69200000000001,0.0,0.0,0.0,0.0,389.31768000000034
2006-03-13 00:00:00,0.0,0.0,50.97,72.17,34.52,42.849,109.811,0.0,0.0,0.0,0.0,384.31768000000034
2006-03-13 01:00:00,0.0,0.0,50.66,70.17,33.6,42.886,106.544,0.0,0.0,0.0,0.0,379.31768000000034
2006-03-13 02:00:00,0.0,0.0,51.31,68.41,32.42,42.729,130.0,0.0,0.0,25.589000000000002,0.0,392.74176000000034
2006-03-13 03:00:00,0.0,0.0,52.92,68.71,31.7,42.709,110.0,0.0,0.0,4.379000000000012,0.0,390.8946400000003
2006-03-13 04:00:00,0.0,0.0,56.52,71.32,31.65,42.429,135.0,0.0,0.0,22.938999999999993,0.0,402.4107200000003
2006-03-13 05:00:00,0.0,0.0,61.33,75.24,34.35,42.36800000000001,123.55199999999998,0.0,0.0,0.0,0.0,397.4107200000003
2006-03-13 06:00:00,0.0,0.0,65.36,78.51,39.44,43.897000000000006,134.41299999999998,0.0,0.0,0.0,0.0,392.4107200000003
2006-03-13 07:00:00,0.0,0.0,67.57,80.23,43.5,52.623999999999995,133.676,0.0,0.0,0.0,0.0,387.4107200000003
2006-03-13 08:00:00,0.0,0.0,69.03,80.89,45.59,64.06,126.44999999999999,0.0,0.0,0.0,0.0,382.4107200000003
2006-03-13 09:00:00,0.0,0.0,70.39,81.02,46.7,74.81200000000001,118.29799999999999,0.0,0.0,0.0,0.0,377.4107200000003
2006-03-13 10:00:00,0.0,0.0,70.68,81.27,47.26,81.49300000000001,112.71699999999998,0.0,0.0,0.0,0.0,372.4107200000003
2006-03-13 11:00:00,0.0,0.0,69.82,80.58,47.52,84.367,108.55299999999997,0.0,0.0,0.0,0.0,367.4107200000003
2006-03-13 12:00:00,0.0,0.0,68.48,78.92,47.23,84.259,105.37100000000001,0.0,0.0,0.0,0.0,362.4107200000003
2006-03-13 13:00:00,0.0,0.0,67.29,76.93,46.64,80.853,135.0,0.0,0.0,29.99300000000002,0.0,379.0056800000003
2006-03-13 14:00:00,0.0,0.0,66.36,75.15,46.26,74.863,110.0,0.0,0.0,2.092999999999984,0.0,375.5126400000003
2006-03-13 15:00:00,0.0,0.0,66.26,74.4,46.8,66.562,115.898,0.0,0.0,0.0,0.0,370.5126400000003
2006-03-13 16:00:00,0.0,0.0,67.22,75.79,48.26,54.67999999999999,131.58999999999997,0.0,0.0,0.0,0.0,365.5126400000003
2006-03-13 17:00:00,0.0,0.0,67.84,78.4,49.19,42.859,147.57100000000003,0.0,0.0,0.0,0.0,360.5126400000003
2006-03-13 18:00:00,0.0,0.0,66.98,79.29,49.25,42.507,148.013,0.0,0.0,0.0,0.0,355.5126400000003
2006-03-13 19:00:00,0.0,0.0,64.33,77.73,48.25,44.87,140.44,0.0,0.0,0.0,0.0,350.5126400000003
2006-03-13 20:00:00,0.0,0.0,61.52,76.75,46.09,45.908,133.452,0.0,0.0,0.0,0.0,345.5126400000003
2006-03-13 21:00:00,0.0,0.0,58.49,77.62,42.68,46.1,127.69,0.0,0.0,0.0,0.0,340.5126400000003
2006-03-13 22:00:00,0.0,0.0,54.94,76.63,38.75,45.562,119.75799999999998,0.0,0.0,0.0,0.0,335.5126400000003
2006-03-13 23:00:00,0.0,0.0,52.39,73.91,35.26,44.904,111.65599999999999,0.0,0.0,0.0,0.0,330.5126400000003
2006-03-14 00:00:00,0.0,0.0,52.48,68.46,33.87,44.392,105.41799999999996,0.0,0.0,0.0,0.0,325.5126400000003
2006-03-14 01:00:00,0.0,0.0,52.19,66.45,32.96,43.6,102.99999999999999,0.0,0.0,0.0,0.0,320.5126400000003
2006-03-14 02:00:00,0.0,0.0,52.84,64.72,31.8,42.269,102.09100000000001,0.0,0.0,0.0,0.0,315.5126400000003
2006-03-14 03:00:00,0.0,0.0,54.48,65.04,31.08,40.42199999999999,105.178,0.0,0.0,0.0,0.0,310.5126400000003
2006-03-14 04:00:00,0.0,0.0,58.12,67.67,31.05,39.586,115.0,0.0,0.0,2.7459999999999773,0.0,307.4897600000003
2006-03-14 05:00:00,0.0,0.0,62.92,71.58,33.8,38.080999999999996,125.21900000000001,0.0,0.0,0.0,0.0,302.4897600000003
2006-03-14 06:00:00,0.0,0.0,66.92,74.82,38.91,36.873,138.777,0.0,0.0,0.0,0.0,297.4897600000003
2006-03-14 07:00:00,0.0,0.0,69.12,76.53,42.93,42.523,141.057,0.0,0.0,0.0,0.0,292.4897600000003
2006-03-14 08:00:00,0.0,0.0,70.58,77.18,45.0,52.10099999999999,135.659,0.0,0.0,0.0,0.0,287.4897600000003
2006-03-14 09:00:00,0.0,0.0,71.95,77.32,46.08,60.21,130.14,0.0,0.0,0.0,0.0,282.4897600000003
2006-03-14 10:00:00,0.0,0.0,72.22,77.57,46.64,63.92500000000001,127.50499999999998,0.0,0.0,0.0,0.0,277.4897600000003
2006-03-14 11:00:00,0.0,0.0,71.35,76.86,46.89,63.717,126.38299999999998,0.0,0.0,0.0,0.0,272.4897600000003
2006-03-14 12:00:00,0.0,0.0,70.01,75.2,46.59,59.85999999999999,126.94000000000001,0.0,0.0,0.0,0.0,267.4897600000003
2006-03-14 13:00:00,0.0,0.0,68.81,73.21,46.0,53.93599999999999,129.084,0.0,0.0,0.0,0.0,262.4897600000003
2006-03-14 14:00:00,0.0,0.0,67.88,71.43,45.61,46.318999999999996,133.601,0.0,0.0,0.0,0.0,257.4897600000003
2006-03-14 15:00:00,0.0,0.0,67.76,70.69,46.16,37.332,142.278,0.0,0.0,0.0,0.0,252.48976000000025
2006-03-14 16:00:00,0.0,0.0,68.69,72.05,47.6,24.775,155.0,3.5649999999999924,0.0,0.0,0.0,247.48976000000025
2006-03-14 17:00:00,0.0,0.0,69.3,74.63,48.49,15.296,155.0,17.12399999999999,0.0,0.0,0.0,242.48976000000025
2006-03-14 18:00:00,0.0,0.0,68.46,75.51,48.55,15.454999999999998,155.0,17.064999999999976,0.0,0.0,0.0,237.48976000000025
2006-03-14 19:00:00,0.0,0.0,65.83,73.99,47.57,18.327,155.0,9.063000000000004,0.0,0.0,0.0,232.48976000000025
2006-03-14 20:00:00,0.0,0.0,63.03,73.06,45.43,19.618,155.0,1.902000000000001,0.0,0.0,0.0,227.48976000000025
2006-03-14 21:00:00,0.0,0.0,59.97,73.95,42.02,19.976,150.964,0.0,0.0,0.0,0.0,222.48976000000025
2006-03-14 22:00:00,0.0,0.0,56.42,72.91,38.09,20.224000000000004,142.196,0.0,0.0,0.0,0.0,217.48976000000025
2006-03-14 23:00:00,0.0,0.0,53.89,70.18,34.6,21.087000000000003,132.58300000000003,0.0,0.0,0.0,0.0,212.48976000000025
2006-03-15 00:00:00,0.0,0.0,52.17,65.34,35.28,22.139999999999997,125.65,0.0,0.0,0.0,0.0,207.48976000000025
2006-03-15 01:00:00,0.0,0.0,51.89,63.32,34.4,23.272000000000002,121.338,0.0,0.0,0.0,0.0,202.48976000000025
2006-03-15 02:00:00,0.0,0.0,52.56,61.61,33.25,23.671,118.749,0.0,0.0,0.0,0.0,197.48976000000025
2006-03-15 03:00:00,0.0,0.0,54.21,61.97,32.53,24.080000000000002,135.0,0.0,0.0,15.37,0.0,203.55616000000023
2006-03-15 04:00:00,0.0,0.0,57.89,64.62,32.52,24.542,125.488,0.0,0.0,0.0,0.0,198.55616000000023
2006-03-15 05:00:00,0.0,0.0,62.69,68.51,35.32,25.387,136.13299999999998,0.0,0.0,0.0,0.0,193.55616000000023
2006-03-15 06:00:00,0.0,0.0,66.67,71.73,40.44,28.805999999999997,145.034,0.0,0.0,0.0,0.0,188.55616000000023
2006-03-15 07:00:00,0.0,0.0,68.85,73.43,44.43,39.199,142.511,0.0,0.0,0.0,0.0,183.55616000000023
2006-03-15 08:00:00,0.0,0.0,70.31,74.07,46.47,56.373,129.477,0.0,0.0,0.0,0.0,178.55616000000023
2006-03-15 09:00:00,0.0,0.0,71.68,74.2,47.53,72.184,116.226,0.0,0.0,0.0,0.0,173.55616000000023
2006-03-15 10:00:00,0.0,0.0,71.94,74.46,48.08,81.218,108.26200000000003,0.0,0.0,0.0,0.0,168.55616000000023
2006-03-15 11:00:00,0.0,0.0,71.06,73.73,48.33,84.506,103.61400000000003,0.0,0.0,0.0,0.0,163.55616000000023
2006-03-15 12:00:00,0.0,0.0,69.71,72.07,48.02,84.38899999999998,100.41100000000002,0.0,0.0,0.0,0.0,158.55616000000023
2006-03-15 13:00:00,0.0,0.0,68.52,70.08,47.42,81.881,110.0,0.0,0.0,10.860999999999983,0.0,161.37608000000023
2006-03-15 14:00:00,0.0,0.0,67.58,68.32,47.03,77.589,110.0,0.0,0.0,9.659,0.0,163.33056000000022
2006-03-15 15:00:00,0.0,0.0,67.45,67.56,47.59,70.386,110.0,0.0,0.0,2.7859999999999836,0.0,160.3364800000002
2006-03-15 16:00:00,0.0,0.0,68.34,68.91,48.99,56.289,124.95100000000001,0.0,0.0,0.0,0.0,155.3364800000002
2006-03-15 17:00:00,0.0,0.0,68.95,71.44,49.86,41.48000000000001,155.0,0.0,0.0,11.230000000000034,0.0,158.42208000000022
2006-03-15 18:00:00,0.0,0.0,68.12,72.33,49.92,37.482,147.888,0.0,0.0,0.0,0.0,153.42208000000022
2006-03-15 19:00:00,0.0,0.0,65.52,70.85,48.96,38.795,141.535,0.0,0.0,0.0,0.0,148.42208000000022
2006-03-15 20:00:00,0.0,0.0,62.71,69.97,46.83,38.478,136.03199999999998,0.0,0.0,0.0,0.0,143.42208000000022
2006-03-15 21:00:00,0.0,0.0,59.63,70.87,43.43,36.801,132.12900000000002,0.0,0.0,0.0,0.0,138.42208000000022
2006-03-15 22:00:00,0.0,0.0,56.08,69.78,39.5,33.312000000000005,127.048,0.0,0.0,0.0,0.0,133.42208000000022
2006-03-15 23:00:00,0.0,0.0,53.57,67.06,36.01,30.269,121.371,0.0,0.0,0.0,0.0,128.42208000000022
2006-03-16 00:00:00,0.0,0.0,51.16,67.41,36.47,27.512999999999998,122.527,0.0,0.0,0.0,0.0,123.42208000000024
2006-03-16 01:00:00,0.0,0.0,50.89,65.38,35.61,25.07,121.81,0.0,0.0,0.0,0.0,118.42208000000024
2006-03-16 02:00:00,0.0,0.0,51.58,63.69,34.47,23.948,120.792,0.0,0.0,0.0,0.0,113.42208000000024
2006-03-16 03:00:00,0.0,0.0,53.25,64.08,33.76,24.348,121.74199999999999,0.0,0.0,0.0,0.0,108.42208000000024
2006-03-16 04:00:00,0.0,0.0,56.97,66.74,33.77,25.730999999999998,126.749,0.0,0.0,0.0,0.0,103.42208000000024
2006-03-16 05:00:00,0.0,0.0,61.76,70.63,36.62,27.471999999999998,136.53799999999998,0.0,0.0,0.0,0.0,98.42208000000024
2006-03-16 06:00:00,0.0,0.0,65.71,73.82,41.75,32.145,144.135,0.0,0.0,0.0,0.0,93.42208000000024
2006-03-16 07:00:00,0.0,0.0,67.88,75.52,45.71,45.581,138.529,0.0,0.0,0.0,0.0,88.42208000000024
2006-03-16 08:00:00,0.0,0.0,69.34,76.15,47.72,64.90299999999999,130.0,0.0,0.0,6.693000000000005,0.0,88.24104000000024
2006-03-16 09:00:00,0.0,0.0,70.71,76.28,48.76,79.49699999999999,111.25299999999997,0.0,0.0,0.0,0.0,83.24104000000024
2006-03-16 10:00:00,0.0,0.0,70.95,76.54,49.31,86.288,115.0,0.0,0.0,9.487999999999994,0.0,85.07240000000023
2006-03-16 11:00:00,0.0,0.0,70.06,75.79,49.55,88.42599999999999,110.0,0.0,0.0,8.025999999999966,0.0,85.85112000000021
2006-03-16 12:00:00,0.0,0.0,68.72,74.13,49.23,87.97399999999999,99.106,0.0,0.0,0.0,0.0,80.85112000000021
2006-03-16 13:00:00,0.0,0.0,67.52,72.15,48.62,85.00999999999999,98.28000000000002,0.0,0.0,0.0,0.0,75.85112000000021
2006-03-16 14:00:00,0.0,0.0,66.58,70.38,48.23,79.604,100.58600000000001,0.0,0.0,0.0,0.0,70.85112000000021
2006-03-16 15:00:00,0.0,0.0,66.43,69.63,48.79,71.45299999999999,115.0,0.0,0.0,6.6030000000000015,0.0,70.6052800000002
2006-03-16 16:00:00,0.0,0.0,67.29,70.95,50.17,59.086999999999996,124.32300000000001,0.0,0.0,0.0,0.0,65.6052800000002
2006-03-16 17:00:00,0.0,0.0,67.9,73.45,51.0,49.263999999999996,138.086,0.0,0.0,0.0,0.0,60.60528000000021
2006-03-16 18:00:00,0.0,0.0,67.08,74.33,51.07,47.45000000000001,140.02999999999997,0.0,0.0,0.0,0.0,55.60528000000021
2006-03-16 19:00:00,0.0,0.0,64.5,72.89,50.13,49.352,133.168,0.0,0.0,0.0,0.0,50.60528000000021
2006-03-16 20:00:00,0.0,0.0,61.7,72.07,48.01,48.621,128.159,0.0,0.0,0.0,0.0,45.60528000000021
2006-03-16 21:00:00,0.0,0.0,58.59,72.98,44.61,46.54,124.64000000000001,0.0,0.0,0.0,0.0,40.60528000000021
2006-03-16 22:00:00,0.0,0.0,55.05,71.85,40.68,44.588,117.99200000000002,0.0,0.0,0.0,0.0,35.60528000000021
2006-03-16 23:00:00,0.0,0.0,52.54,69.12,37.19,42.379,111.47100000000003,0.0,0.0,0.0,0.0,30.605280000000207
2006-03-17 00:00:00,0.0,0.0,49.72,65.21,35.32,39.349000000000004,105.90099999999998,0.0,0.0,0.0,0.0,25.605280000000207
2006-03-17 01:00:00,0.0,0.0,49.47,63.17,34.47,37.017999999999994,135.0,0.0,0.0,29.907999999999983,0.0,42.13904000000019
2006-03-17 02:00:00,0.0,0.0,50.17,61.5,33.35,34.574,130.0,0.0,0.0,24.554000000000006,0.0,54.81792000000019
2006-03-17 03:00:00,0.0,0.0,51.86,61.92,32.64,34.117,110.0,0.0,0.0,2.6969999999999708,0.0,51.75976000000017
2006-03-17 04:00:00,0.0,0.0,55.61,64.6,32.68,36.028999999999996,111.86100000000002,0.0,0.0,0.0,0.0,46.75976000000017
2006-03-17 05:00:00,0.0,0.0,60.41,68.48,35.57,37.189,122.27099999999999,0.0,0.0,0.0,0.0,41.75976000000017
2006-03-17 06:00:00,0.0,0.0,64.32,71.64,40.71,42.156,129.514,0.0,0.0,0.0,0.0,36.75976000000017
2006-03-17 07:00:00,0.0,0.0,66.49,73.33,44.64,55.907,123.553,0.0,0.0,0.0,0.0,31.75976000000017
2006-03-17 08:00:00,0.0,0.0,67.95,73.95,46.63,76.81,110.0,0.0,0.0,3.2800000000000225,0.0,29.121360000000188
2006-03-17 09:00:00,0.0,0.0,69.32,74.08,47.65,91.90499999999999,115.0,0.0,0.0,20.85500000000001,0.0,39.136960000000194
2006-03-17 10:00:00,0.0,0.0,69.54,74.34,48.19,99.68000000000002,90.0,0.0,0.0,2.6099999999999923,0.0,36.01616000000019
2006-03-17 11:00:00,0.0,0.0,68.65,73.58,48.43,103.171,90.0,0.0,0.0,7.510999999999992,0.0,36.42408000000019
2006-03-17 12:00:00,0.0,0.0,67.29,71.92,48.09,101.54499999999999,110.75500000000002,0.0,0.0,30.0,0.0,53.02408000000019
2006-03-17 13:00:00,0.0,0.0,66.1,69.94,47.48,96.91299999999998,110.0,0.0,0.0,28.393000000000008,0.0,68.4670400000002
2006-03-17 14:00:00,0.0,0.0,65.15,68.18,47.08,90.49800000000002,114.912,0.0,0.0,30.0,0.0,85.06704000000019
2006-03-17 15:00:00,0.0,0.0,64.99,67.42,47.66,82.115,92.95499999999998,0.0,0.0,0.0,0.0,80.06704000000019
2006-03-17 16:00:00,0.0,0.0,65.82,68.71,49.0,68.922,130.0,0.0,0.0,20.39200000000003,0.0,89.74928000000021
2006-03-17 17:00:00,0.0,0.0,66.41,71.17,49.8,54.155,128.225,0.0,0.0,0.0,0.0,84.74928000000021
2006-03-17 18:00:00,0.0,0.0,65.61,72.06,49.87,46.038000000000004,136.502,0.0,0.0,0.0,0.0,79.74928000000021
2006-03-17 19:00:00,0.0,0.0,63.05,70.66,48.96,46.135000000000005,131.53499999999997,0.0,0.0,0.0,0.0,74.74928000000021
2006-03-17 20:00:00,0.0,0.0,60.26,69.89,46.85,46.50000000000001,125.49999999999999,0.0,0.0,0.0,0.0,69.74928000000021
2006-03-17 21:00:00,0.0,0.0,57.12,70.81,43.46,46.55500000000001,130.0,0.0,0.0,10.164999999999996,0.0,72.06808000000021
2006-03-17 22:00:00,0.0,0.0,53.58,69.63,39.52,45.55499999999999,112.17500000000003,0.0,0.0,0.0,0.0,67.06808000000021
2006-03-17 23:00:00,0.0,0.0,51.09,66.9,36.03,44.897999999999996,110.0,0.0,0.0,5.8779999999999895,0.0,66.3002400000002
2006-03-18 00:00:00,0.0,0.0,41.42,58.14,32.73,43.218,90.0,0.0,0.0,5.928000000000008,0.0,65.56840000000021
2006-03-18 01:00:00,0.0,0.0,41.18,56.09,31.9,41.569,90.0,0.0,0.0,7.398999999999994,0.0,65.89568000000021
2006-03-18 02:00:00,0.0,0.0,41.9,54.44,30.79,38.833,90.0,0.0,0.0,6.703000000000017,0.0,65.72184000000023
2006-03-18 03:00:00,0.0,0.0,43.6,54.89,30.09,36.193999999999996,90.0,0.0,0.0,2.613999999999976,0.0,62.603920000000215
2006-03-18 04:00:00,0.0,0.0,47.4,57.59,30.15,34.913,110.0,0.0,0.0,14.77300000000001,0.0,68.24048000000022
2006-03-18 05:00:00,0.0,0.0,52.19,61.46,33.08,34.482,107.24799999999999,0.0,0.0,0.0,0.0,63.24048000000021
2006-03-18 06:00:00,0.0,0.0,56.08,64.59,38.24,36.592,117.318,0.0,0.0,0.0,0.0,58.24048000000021
2006-03-18 07:00:00,0.0,0.0,58.23,66.28,42.13,46.961000000000006,114.679,0.0,0.0,0.0,0.0,53.24048000000021
2006-03-18 08:00:00,0.0,0.0,59.69,66.88,44.1,62.477,103.193,0.0,0.0,0.0,0.0,48.24048000000021
2006-03-18 09:00:00,0.0,0.0,61.07,67.01,45.09,76.46300000000001,91.70700000000001,0.0,0.0,0.0,0.0,43.24048000000021
2006-03-18 10:00:00,0.0,0.0,61.27,67.27,45.63,85.42899999999999,90.0,0.0,0.0,6.2590000000000074,0.0,42.746960000000215
2006-03-18 11:00:00,0.0,0.0,60.37,66.5,45.86,89.995,90.0,0.0,0.0,12.264999999999993,0.0,46.57776000000021
2006-03-18 12:00:00,0.0,0.0,59.01,64.84,45.52,89.919,90.0,0.0,0.0,15.548999999999957,0.0,52.77304000000018
2006-03-18 13:00:00,0.0,0.0,57.82,62.86,44.9,85.711,104.869,0.0,0.0,30.0,0.0,69.37304000000017
2006-03-18 14:00:00,0.0,0.0,56.86,61.1,44.5,77.56700000000001,109.893,0.0,0.0,30.0,0.0,85.97304000000017
2006-03-18 15:00:00,0.0,0.0,56.69,60.34,45.08,67.501,90.0,0.0,0.0,0.39099999999999824,0.0,81.25456000000017
2006-03-18 16:00:00,0.0,0.0,57.48,61.61,46.4,54.208999999999996,130.0,0.0,0.0,23.718999999999987,0.0,93.33224000000016
2006-03-18 17:00:00,0.0,0.0,58.07,64.04,47.16,38.313,125.957,0.0,0.0,0.0,0.0,88.33224000000016
2006-03-18 18:00:00,0.0,0.0,57.28,64.92,47.24,27.105000000000004,137.335,0.0,0.0,0.0,0.0,83.33224000000016
2006-03-18 19:00:00,0.0,0.0,54.75,63.56,46.34,28.016,131.63400000000001,0.0,0.0,0.0,0.0,78.33224000000016
2006-03-18 20:00:00,0.0,0.0,51.95,62.85,44.25,29.415,124.635,0.0,0.0,0.0,0.0,73.33224000000016
2006-03-18 21:00:00,0.0,0.0,48.79,63.78,40.86,29.217,119.213,0.0,0.0,0.0,0.0,68.33224000000016
2006-03-18 22:00:00,0.0,0.0,45.25,62.55,36.93,28.371000000000002,111.35900000000001,0.0,0.0,0.0,0.0,63.33224000000015
2006-03-18 23:00:00,0.0,0.0,42.78,59.82,33.44,27.168,103.87200000000001,0.0,0.0,0.0,0.0,58.33224000000015
2006-03-19 00:00:00,0.0,0.0,37.16,52.4,31.0,26.341,110.0,0.0,0.0,20.781,0.0,68.29456000000015
2006-03-19 01:00:00,0.0,0.0,36.94,50.34,30.19,26.291999999999998,115.0,0.0,0.0,28.82199999999999,0.0,84.04640000000013
2006-03-19 02:00:00,0.0,0.0,37.67,48.71,29.09,26.430999999999997,110.0,0.0,0.0,25.961,0.0,97.73832000000013
2006-03-19 03:00:00,0.0,0.0,39.39,49.19,28.39,26.746,110.0,0.0,0.0,24.776,0.0,110.57704000000012
2006-03-19 04:00:00,0.0,0.0,43.22,51.91,28.47,26.781,91.81899999999999,0.0,0.0,0.0,0.0,105.57704000000012
2006-03-19 05:00:00,0.0,0.0,48.01,55.77,31.45,27.712,102.51800000000001,0.0,0.0,0.0,0.0,100.57704000000012
2006-03-19 06:00:00,0.0,0.0,51.87,58.87,36.62,31.023,111.337,0.0,0.0,0.0,0.0,95.57704000000012
2006-03-19 07:00:00,0.0,0.0,54.01,60.56,40.49,41.32299999999999,108.73700000000002,0.0,0.0,0.0,0.0,90.57704000000012
2006-03-19 08:00:00,0.0,0.0,55.48,61.15,42.43,58.565999999999995,125.494,0.0,0.0,30.0,0.0,107.17704000000012
2006-03-19 09:00:00,0.0,0.0,56.85,61.27,43.4,76.052,110.0,0.0,0.0,29.531999999999982,0.0,123.44008000000011
2006-03-19 10:00:00,0.0,0.0,57.04,61.54,43.93,86.61000000000001,100.90000000000002,0.0,0.0,30.0,0.0,140.0400800000001
2006-03-19 11:00:00,0.0,0.0,56.13,60.75,44.16,91.217,90.0,0.0,0.0,25.17699999999999,0.0,153.16752000000008
2006-03-19 12:00:00,0.0,0.0,54.77,59.09,43.8,91.83800000000001,90.0,0.0,0.0,29.178000000000008,0.0,169.17568000000009
2006-03-19 13:00:00,0.0,0.0,53.58,57.11,43.18,88.33800000000001,90.532,0.0,0.0,30.0,0.0,185.77568000000008
2006-03-19 14:00:00,0.0,0.0,52.61,55.36,42.77,81.69500000000001,98.88488919667589,0.0,4.839889196675873,30.0,0.0,202.37568000000007
2006-03-19 15:00:00,0.0,0.0,52.42,54.59,43.36,71.05,90.0,0.0,0.0,15.68,0.0,208.66528000000008
2006-03-19 16:00:00,0.0,0.0,53.18,55.85,44.65,52.553999999999995,110.0,0.0,0.0,13.873999999999993,0.0,213.6545600000001
2006-03-19 17:00:00,0.0,0.0,53.77,58.23,45.38,37.244,115.13600000000001,0.0,0.0,0.0,0.0,208.6545600000001
2006-03-19 18:00:00,0.0,0.0,52.99,59.11,45.46,22.684,129.876,0.0,0.0,0.0,0.0,203.6545600000001
2006-03-19 19:00:00,0.0,0.0,50.48,57.8,44.59,20.538,127.332,0.0,0.0,0.0,0.0,198.6545600000001
2006-03-19 20:00:00,0.0,0.0,47.69,57.14,42.51,19.212,123.12799999999999,0.0,0.0,0.0,0.0,193.6545600000001
2006-03-19 21:00:00,0.0,0.0,44.49,58.08,39.12,18.811,117.87899999999998,0.0,0.0,0.0,0.0,188.6545600000001
2006-03-19 22:00:00,0.0,0.0,40.97,56.8,35.19,18.162,109.79799999999999,0.0,0.0,0.0,0.0,183.6545600000001
2006-03-19 23:00:00,0.0,0.0,38.5,54.07,31.7,17.378999999999998,115.0,0.0,0.0,13.108999999999991,0.0,188.0930400000001
2006-03-20 00:00:00,0.0,0.0,48.18,56.12,33.54,17.106,115.734,0.0,0.0,0.0,0.0,183.0930400000001
2006-03-20 01:00:00,0.0,0.0,47.97,54.04,32.75,16.678,113.08200000000001,0.0,0.0,0.0,0.0,178.0930400000001
2006-03-20 02:00:00,0.0,0.0,48.71,52.44,31.67,16.922,135.0,0.0,0.0,24.102000000000007,0.0,190.4464800000001
2006-03-20 03:00:00,0.0,0.0,50.45,52.95,30.97,17.026,112.344,0.0,0.0,0.0,0.0,185.4464800000001
2006-03-20 04:00:00,0.0,0.0,54.33,55.68,31.08,18.463,117.627,0.0,0.0,0.0,0.0,180.4464800000001
2006-03-20 05:00:00,0.0,0.0,59.11,59.54,34.1,20.08,127.67,0.0,0.0,0.0,0.0,175.4464800000001
2006-03-20 06:00:00,0.0,0.0,62.94,62.61,39.28,24.197000000000003,135.633,0.0,0.0,0.0,0.0,170.4464800000001
2006-03-20 07:00:00,0.0,0.0,65.07,64.29,43.11,35.459999999999994,135.0,0.0,0.0,2.990000000000001,0.0,167.5992800000001
2006-03-20 08:00:00,0.0,0.0,66.54,64.87,45.03,55.151999999999994,135.0,0.0,0.0,18.711999999999993,0.0,176.0719200000001
2006-03-20 09:00:00,0.0,0.0,67.91,64.99,45.98,79.003,94.87699999999998,0.0,0.0,0.0,0.0,171.0719200000001
2006-03-20 10:00:00,0.0,0.0,68.09,65.26,46.5,91.22,113.63,0.0,0.0,30.0,0.0,187.67192000000009
2006-03-20 11:00:00,0.0,0.0,67.16,64.45,46.73,97.565,105.77499999999999,0.0,0.0,30.0,0.0,204.27192000000008
2006-03-20 12:00:00,0.0,0.0,65.8,62.8,46.36,100.374,90.0,0.0,0.0,20.413999999999987,0.0,213.97000000000006
2006-03-20 13:00:00,0.0,0.0,64.61,60.82,45.73,98.87200000000001,90.0,0.0,0.0,22.712000000000003,0.0,225.32264000000006
2006-03-20 14:00:00,0.0,0.0,63.64,59.08,45.32,93.77499999999999,99.26499999999999,0.0,0.0,30.0,0.0,241.92264000000006
2006-03-20 15:00:00,0.0,0.0,63.44,58.3,45.92,84.641,90.0,0.0,0.0,11.981000000000009,0.0,245.54896000000008
2006-03-20 16:00:00,0.0,0.0,64.16,59.53,47.18,67.326,98.54400000000001,0.0,0.0,0.0,0.0,240.54896000000008
2006-03-20 17:00:00,0.0,0.0,64.75,61.88,47.87,49.684999999999995,119.81500000000001,0.0,0.0,0.0,0.0,235.54896000000008
2006-03-20 18:00:00,0.0,0.0,63.98,62.76,47.96,36.373,133.327,0.0,0.0,0.0,0.0,230.54896000000008
2006-03-20 19:00:00,0.0,0.0,61.49,61.48,47.11,35.679,129.40099999999998,0.0,0.0,0.0,0.0,225.54896000000008
2006-03-20 20:00:00,0.0,0.0,58.71,60.88,45.05,35.393,124.24699999999999,0.0,0.0,0.0,0.0,220.54896000000008
2006-03-20 21:00:00,0.0,0.0,55.48,61.84,41.66,34.187999999999995,119.79200000000003,0.0,0.0,0.0,0.0,215.54896000000008
2006-03-20 22:00:00,0.0,0.0,51.96,60.51,37.72,30.298,114.892,0.0,0.0,0.0,0.0,210.54896000000008
2006-03-20 23:00:00,0.0,0.0,49.51,57.77,34.24,26.802,130.0,0.0,0.0,20.282000000000007,0.0,220.15200000000007
2006-03-21 00:00:00,0.0,0.0,50.25,57.17,35.16,24.453,135.0,0.0,0.0,21.87299999999999,0.0,230.90056000000007
2006-03-21 01:00:00,0.0,0.0,50.06,55.08,34.39,23.061,111.46900000000002,0.0,0.0,0.0,0.0,225.90056000000007
2006-03-21 02:00:00,0.0,0.0,50.81,53.5,33.32,22.065,115.0,0.0,0.0,4.4349999999999845,0.0,224.09376000000006
2006-03-21 03:00:00,0.0,0.0,52.57,54.04,32.63,21.64,115.0,0.0,0.0,2.3999999999999915,0.0,220.82176000000004
2006-03-21 04:00:00,0.0,0.0,56.48,56.79,32.75,21.589,119.431,0.0,0.0,0.0,0.0,215.82176000000004
2006-03-21 05:00:00,0.0,0.0,61.26,60.64,35.82,21.979,130.74099999999999,0.0,0.0,0.0,0.0,210.82176000000004
2006-03-21 06:00:00,0.0,0.0,65.07,63.69,41.02,24.973999999999997,139.80599999999998,0.0,0.0,0.0,0.0,205.82176000000004
2006-03-21 07:00:00,0.0,0.0,67.18,65.36,44.82,34.32599999999999,138.03400000000002,0.0,0.0,0.0,0.0,200.82176000000004
2006-03-21 08:00:00,0.0,0.0,68.65,65.93,46.71,50.03399999999999,126.25600000000004,0.0,0.0,0.0,0.0,195.82176000000004
2006-03-21 09:00:00,0.0,0.0,70.03,66.04,47.64,67.329,111.381,0.0,0.0,0.0,0.0,190.82176000000004
2006-03-21 10:00:00,0.0,0.0,70.19,66.32,48.15,71.461,108.19900000000001,0.0,0.0,0.0,0.0,185.82176000000004
2006-03-21 11:00:00,0.0,0.0,69.26,65.49,48.38,71.414,106.71599999999998,0.0,0.0,0.0,0.0,180.82176000000004
2006-03-21 12:00:00,0.0,0.0,67.89,63.84,47.99,69.493,110.0,0.0,0.0,4.772999999999961,0.0,179.25832
2006-03-21 13:00:00,0.0,0.0,66.7,61.87,47.36,65.67,115.0,0.0,0.0,9.740000000000014,0.0,181.27112
2006-03-21 14:00:00,0.0,0.0,65.72,60.12,46.94,60.425,107.355,0.0,0.0,0.0,0.0,176.27112
2006-03-21 15:00:00,0.0,0.0,65.51,59.35,47.55,53.318999999999996,114.09100000000001,0.0,0.0,0.0,0.0,171.27112
2006-03-21 16:00:00,0.0,0.0,66.2,60.56,48.78,43.336,127.204,0.0,0.0,0.0,0.0,166.27112
2006-03-21 17:00:00,0.0,0.0,66.78,62.86,49.44,30.212,143.868,0.0,0.0,0.0,0.0,161.27112
2006-03-21 18:00:00,0.0,0.0,66.03,63.74,49.54,17.332,155.0,1.977999999999975,0.0,0.0,0.0,156.27112
2006-03-21 19:00:00,0.0,0.0,63.56,62.51,48.7,16.178,153.59199999999998,0.0,0.0,0.0,0.0,151.27112
2006-03-21 20:00:00,0.0,0.0,60.77,61.96,46.66,16.012999999999998,148.377,0.0,0.0,0.0,0.0,146.27112
2006-03-21 21:00:00,0.0,0.0,57.52,62.93,43.27,15.512999999999998,143.207,0.0,0.0,0.0,0.0,141.27112
2006-03-21 22:00:00,0.0,0.0,54.01,61.55,39.34,14.959999999999999,134.94,0.0,0.0,0.0,0.0,136.27112
2006-03-21 23:00:00,0.0,0.0,51.57,58.81,35.85,14.888,135.0,0.0,0.0,8.658000000000008,0.0,137.50488
2006-03-22 00:00:00,0.0,0.0,50.97,60.58,36.45,15.343,127.65700000000001,0.0,0.0,0.0,0.0,132.50488
2006-03-22 01:00:00,0.0,0.0,50.79,58.49,35.69,15.513,124.457,0.0,0.0,0.0,0.0,127.50488000000003
2006-03-22 02:00:00,0.0,0.0,51.56,56.93,34.64,16.697,121.43300000000002,0.0,0.0,0.0,0.0,122.50488000000003
2006-03-22 03:00:00,0.0,0.0,53.34,57.5,33.95,18.178,121.61200000000001,0.0,0.0,0.0,0.0,117.50488000000003
2006-03-22 04:00:00,0.0,0.0,57.29,60.27,34.1,19.326999999999998,127.333,0.0,0.0,0.0,0.0,112.50488000000003
2006-03-22 05:00:00,0.0,0.0,62.06,64.1,37.21,20.566000000000003,137.80399999999997,0.0,0.0,0.0,0.0,107.50488000000003
2006-03-22 06:00:00,0.0,0.0,65.85,67.13,42.42,22.709,147.691,0.0,0.0,0.0,0.0,102.50488000000003
2006-03-22 07:00:00,0.0,0.0,67.95,68.79,46.19,33.341,144.589,0.0,0.0,0.0,0.0,97.50488000000003
2006-03-22 08:00:00,0.0,0.0,69.42,69.35,48.06,50.085,131.745,0.0,0.0,0.0,0.0,92.50488000000003
2006-03-22 09:00:00,0.0,0.0,70.8,69.47,48.96,63.696999999999996,120.533,0.0,0.0,0.0,0.0,87.50488000000003
2006-03-22 10:00:00,0.0,0.0,70.94,69.75,49.47,72.20400000000001,112.95599999999999,0.0,0.0,0.0,0.0,82.50488000000003
2006-03-22 11:00:00,0.0,0.0,70.0,68.9,49.69,77.11500000000001,115.0,0.0,0.0,8.524999999999984,0.0,83.64288000000002
2006-03-22 12:00:00,0.0,0.0,68.63,67.25,49.29,79.094,115.0,0.0,0.0,13.92399999999999,0.0,88.66816000000001
2006-03-22 13:00:00,0.0,0.0,67.44,65.28,48.65,76.901,99.46900000000002,0.0,0.0,0.0,0.0,83.66816000000001
2006-03-22 14:00:00,0.0,0.0,66.45,63.54,48.24,70.53800000000001,132.692,0.0,0.0,30.0,0.0,100.26816000000001
2006-03-22 15:00:00,0.0,0.0,66.22,62.76,48.85,60.81400000000001,112.01600000000002,0.0,0.0,0.0,0.0,95.26816000000001
2006-03-22 16:00:00,0.0,0.0,66.88,63.94,50.06,47.738,130.0,0.0,0.0,1.8579999999999899,0.0,91.60592
2006-03-22 17:00:00,0.0,0.0,67.46,66.21,50.68,32.392,146.958,0.0,0.0,0.0,0.0,86.60592
2006-03-22 18:00:00,0.0,0.0,66.72,67.09,50.78,22.199999999999996,155.0,2.3900000000000006,0.0,0.0,0.0,81.60592
2006-03-22 19:00:00,0.0,0.0,64.27,65.9,49.97,21.222,153.918,0.0,0.0,0.0,0.0,76.60592
2006-03-22 20:00:00,0.0,0.0,61.49,65.4,47.94,23.225,146.60500000000002,0.0,0.0,0.0,0.0,71.60592
2006-03-22 21:00:00,0.0,0.0,58.21,66.38,44.56,25.915,138.23499999999999,0.0,0.0,0.0,0.0,66.60592
2006-03-22 22:00:00,0.0,0.0,54.7,64.95,40.62,26.133,129.137,0.0,0.0,0.0,0.0,61.60592
2006-03-22 23:00:00,0.0,0.0,52.27,62.22,37.13,24.771,121.84900000000002,0.0,0.0,0.0,0.0,56.60592
2006-03-23 00:00:00,0.0,0.0,50.6,58.83,35.32,24.254,115.49599999999998,0.0,0.0,0.0,0.0,51.60592
2006-03-23 01:00:00,0.0,0.0,50.44,56.72,34.59,23.462999999999997,113.287,0.0,0.0,0.0,0.0,46.60592
2006-03-23 02:00:00,0.0,0.0,51.22,55.19,33.54,23.06,111.88999999999999,0.0,0.0,0.0,0.0,41.60592
2006-03-23 03:00:00,0.0,0.0,53.02,55.78,32.86,24.256,112.404,0.0,0.0,0.0,0.0,36.60592
2006-03-23 04:00:00,0.0,0.0,57.0,58.57,33.03,24.945999999999998,118.654,0.0,0.0,0.0,0.0,31.605919999999998
2006-03-23 05:00:00,0.0,0.0,61.77,62.4,36.19,25.526999999999997,129.833,0.0,0.0,0.0,0.0,26.605919999999998
2006-03-23 06:00:00,0.0,0.0,65.53,65.39,41.41,30.445999999999998,136.88400000000001,0.0,0.0,0.0,0.0,21.605919999999998
2006-03-23 07:00:00,0.0,0.0,67.61,67.05,45.15,43.003,131.807,0.0,0.0,0.0,0.0,16.605919999999998
2006-03-23 08:00:00,0.0,0.0,69.09,67.59,46.99,63.39500000000001,115.27500000000002,0.0,0.0,0.0,0.0,11.60592
2006-03-23 09:00:00,0.0,0.0,70.47,67.71,47.87,81.332,99.71799999999999,0.0,0.0,0.0,0.0,6.605919999999999
2006-03-23 10:00:00,0.0,0.0,70.6,67.99,48.37,89.85,92.11,0.0,0.0,0.0,0.0,1.6059199999999998
2006-03-23 11:00:00,0.0,0.0,69.65,67.13,48.59,95.084,90.0,0.0,0.0,4.714,0.0,0.0
2006-03-23 12:00:00,0.0,0.0,68.27,65.48,48.18,96.687,90.0,0.0,0.0,9.757000000000014,0.0,2.0250400000000095
2006-03-23 13:00:00,0.0,0.0,67.08,63.51,47.53,94.52000000000001,108.60000000000002,0.0,0.0,30.0,0.0,18.625040000000006
2006-03-23 14:00:00,0.0,0.0,66.09,61.78,47.12,87.672,90.0,0.0,0.0,7.681999999999999,0.0,19.156080000000003
2006-03-23 15:00:00,0.0,0.0,65.85,60.99,47.73,77.99999999999999,106.63099999999997,0.0,0.0,15.060999999999996,0.0,25.0
2006-03-23 16:00:00,0.0,0.0,66.47,62.16,48.91,63.011,109.529,0.0,0.0,0.0,0.0,20.0
2006-03-23 17:00:00,0.0,0.0,67.04,64.38,49.5,48.919,127.001,0.0,0.0,0.0,0.0,15.0
2006-03-23 18:00:00,0.0,0.0,66.32,65.26,49.61,44.901,131.289,0.0,0.0,0.0,0.0,10.0
2006-03-23 19:00:00,0.0,0.0,63.89,64.11,48.82,49.851,121.969,0.0,0.0,0.0,0.0,5.0
2006-03-23 20:00:00,0.0,0.0,61.12,63.67,46.8,56.678000000000004,109.912,0.0,0.0,0.0,0.0,0.0
2006-03-23 21:00:00,0.0,0.0,57.81,64.66,43.42,63.329,106.39688888888887,0.0,0.0,8.835888888888874,0.0,1.3618399999999893
2006-03-23 22:00:00,0.0,0.0,54.3,63.18,39.48,67.013,90.0,0.0,0.0,5.053000000000015,0.0,0.0
2006-03-23 23:00:00,0.0,0.0,51.89,60.45,36.0,67.598,90.0,0.0,0.0,9.257999999999996,0.0,1.6657599999999961
2006-03-24 00:00:00,0.0,0.0,48.58,52.83,33.06,69.336,70.0,0.0,0.23511111111109528,4.630888888888895,0.0,0.0
2006-03-24 01:00:00,0.0,0.0,48.43,50.7,32.34,70.808,90.0,0.0,0.0,29.33800000000001,0.0,16.12336000000001
2006-03-24 02:00:00,0.0,0.0,49.23,49.2,31.31,72.364,90.0,0.0,2.6239999999999952,30.0,0.0,32.72336000000001
2006-03-24 03:00:00,0.0,0.0,51.04,49.83,30.64,73.795,90.0,0.0,2.2849999999999966,30.0,0.0,49.32336000000001
2006-03-24 04:00:00,0.0,0.0,55.07,52.63,30.83,77.212,90.0,0.0,0.0,28.681999999999988,0.0,64.9744
2006-03-24 05:00:00,0.0,0.0,59.83,56.45,34.03,80.692,90.0,0.0,20.382000000000005,0.0,0.0,59.9744
2006-03-24 06:00:00,0.0,0.0,63.56,59.41,39.27,88.17199999999998,90.0,0.0,15.931999999999974,0.0,0.0,54.9744
2006-03-24 07:00:00,0.0,0.0,65.63,61.06,42.97,95.89800000000001,90.0,0.0,16.237999999999992,0.0,0.0,49.9744
2006-03-24 08:00:00,0.0,0.0,67.11,61.6,44.79,109.43399999999998,90.0,0.0,0.0,25.934000000000008,0.0,63.64688000000001
2006-03-24 09:00:00,0.0,0.0,68.5,61.71,45.65,117.406,90.0,0.0,1.5459999999999923,30.0,0.0,80.24688
2006-03-24 10:00:00,0.0,0.0,68.6,62.0,46.15,120.759,90.0,0.0,4.008999999999986,30.0,0.0,96.84688
2006-03-24 11:00:00,0.0,0.0,67.64,61.12,46.36,123.169,90.0,0.0,8.048999999999992,30.0,0.0,113.44688
2006-03-24 12:00:00,0.0,0.0,66.27,59.47,45.94,122.68800000000002,90.0,0.0,11.008000000000028,30.0,0.0,130.04688
2006-03-24 13:00:00,0.0,0.0,65.08,57.5,45.28,118.31900000000002,90.0,0.0,20.0,20.45899999999999,0.0,139.77736
2006-03-24 14:00:00,0.0,0.0,64.08,55.78,44.86,109.21900000000001,90.0,0.0,4.499000000000009,30.0,0.0,156.37735999999998
2006-03-24 15:00:00,0.0,0.0,63.82,54.98,45.49,94.84,90.0,0.0,4.305354262850131,16.24464573714986,0.0,163.07350493074787
2006-03-24 16:00:00,0.0,0.0,64.41,56.13,46.64,80.55,90.0,0.0,0.0,3.369999999999994,0.0,160.49990493074787
2006-03-24 17:00:00,0.0,0.0,64.98,58.32,47.2,69.596,90.0,10.904000000000032,0.0,0.0,0.0,155.49990493074787
2006-03-24 18:00:00,0.0,0.0,64.27,59.19,47.31,61.42799999999999,90.0,19.341999999999985,0.0,0.0,0.0,150.49990493074787
2006-03-24 19:00:00,0.0,0.0,61.87,58.08,46.53,56.344,90.0,20.13599999999998,0.0,0.0,0.0,145.49990493074787
2006-03-24 20:00:00,0.0,0.0,59.09,57.7,44.53,51.358000000000004,90.0,19.962,0.0,0.0,0.0,140.49990493074787
2006-03-24 21:00:00,0.0,0.0,55.76,58.7,41.16,48.216,90.0,17.40400000000001,0.0,0.0,0.0,135.49990493074787
2006-03-24 22:00:00,0.0,0.0,52.25,57.18,37.22,46.602000000000004,90.0,10.048000000000002,0.0,0.0,0.0,130.49990493074787
2006-03-24 23:00:00,0.0,0.0,49.85,54.44,33.73,45.537,90.0,2.4829999999999757,0.0,0.0,0.0,125.49990493074787
2006-03-25 00:00:00,0.0,0.0,38.91,45.14,29.2,44.995000000000005,90.0,0.0,0.0,21.745000000000015,0.0,136.1563049307479
2006-03-25 01:00:00,0.0,0.0,38.77,43.01,28.5,44.441,70.0,0.0,0.0,4.161000000000023,0.0,134.1522249307479
2006-03-25 02:00:00,0.0,0.0,39.58,41.53,27.48,44.053,90.0,0.0,22.680880886426625,2.782119113573394,0.0,131.15535069252076
2006-03-25 03:00:00,0.0,0.0,41.42,42.19,26.81,44.723,90.0,0.0,0.0,24.302999999999997,0.0,143.65351069252074
2006-03-25 04:00:00,0.0,0.0,45.48,45.0,27.03,46.30799999999999,71.202,0.0,0.0,0.0,0.0,138.65351069252074
2006-03-25 05:00:00,0.0,0.0,50.24,48.82,30.28,48.121,90.0,0.0,0.0,8.78100000000001,0.0,139.97583069252076
2006-03-25 06:00:00,0.0,0.0,53.94,51.76,35.52,52.719,90.0,0.0,0.0,1.4990000000000094,0.0,136.05511069252077
2006-03-25 07:00:00,0.0,0.0,56.0,53.4,39.19,63.961999999999996,90.0,0.0,0.0,5.3720000000000105,0.0,134.92295069252077
2006-03-25 08:00:00,0.0,0.0,57.48,53.92,40.99,77.691,90.0,0.0,0.0,15.300999999999963,0.0,140.93967069252074
2006-03-25 09:00:00,0.0,0.0,58.87,54.03,41.83,92.111,90.0,0.0,0.0,27.380999999999986,0.0,155.65399069252072
2006-03-25 10:00:00,0.0,0.0,58.96,54.33,42.32,99.242,86.36799999999998,0.0,0.0,30.0,0.0,172.25399069252072
2006-03-25 11:00:00,0.0,0.0,57.99,53.43,42.53,100.553,90.0,0.0,6.60299999999998,30.0,0.0,188.8539906925207
2006-03-25 12:00:00,0.0,0.0,56.61,51.78,42.09,97.156,90.0,0.0,20.0,16.67599999999999,0.0,195.8607106925207
2006-03-25 13:00:00,0.0,0.0,55.42,49.81,41.43,89.939,90.0,0.0,3.2789999999999786,30.0,0.0,212.4607106925207
2006-03-25 14:00:00,0.0,0.0,54.41,48.09,41.01,81.30499999999999,90.0,0.0,20.0,7.794999999999998,0.0,213.07311069252071
2006-03-25 15:00:00,0.0,0.0,54.15,47.3,41.64,71.239,90.0,0.0,0.0,18.14900000000001,0.0,221.14039069252073
2006-03-25 16:00:00,0.0,0.0,54.7,48.42,42.76,52.213,90.0,3.6669999999999874,0.0,0.0,0.0,216.14039069252073
2006-03-25 17:00:00,0.0,0.0,55.26,50.57,43.29,40.246,90.0,18.873999999999967,0.0,0.0,0.0,211.14039069252073
2006-03-25 18:00:00,0.0,0.0,54.57,51.44,43.4,35.46,90.0,23.950000000000017,0.0,0.0,0.0,206.14039069252073
2006-03-25 19:00:00,0.0,0.0,52.19,50.37,42.65,40.923,90.0,14.287000000000011,0.0,0.0,0.0,201.14039069252073
2006-03-25 20:00:00,0.0,0.0,49.42,50.04,40.66,45.41,90.0,4.710000000000008,0.0,0.0,0.0,196.14039069252073
2006-03-25 21:00:00,0.0,0.0,46.05,51.05,37.29,47.543000000000006,90.0,0.0,0.0,3.153000000000027,0.0,193.41055069252076
2006-03-25 22:00:00,0.0,0.0,42.55,49.48,33.35,47.936,90.0,0.0,0.0,12.55600000000003,0.0,197.45087069252077
2006-03-25 23:00:00,0.0,0.0,40.17,46.75,29.86,49.588,90.0,0.0,0.0,22.808000000000014,0.0,208.87263069252077
2006-03-26 00:00:00,0.0,0.0,33.94,38.16,26.99,52.632,76.45799999999998,0.0,0.0,30.0,0.0,225.47263069252077
2006-03-26 01:00:00,0.0,0.0,33.83,36.01,26.31,55.422000000000004,90.0,0.0,19.271999999999984,30.0,0.0,242.07263069252076
2006-03-26 02:00:00,0.0,0.0,34.65,34.55,25.31,57.659,90.0,0.0,23.148999999999994,30.0,0.0,258.6726306925208
2006-03-26 03:00:00,0.0,0.0,36.5,35.24,24.64,58.872,90.0,0.0,22.491999999999983,30.0,0.0,275.2726306925208
2006-03-26 04:00:00,0.0,0.0,40.6,38.07,24.88,60.904,90.0,0.0,17.354000000000006,30.0,0.0,291.87263069252083
2006-03-26 05:00:00,0.0,0.0,45.36,41.88,28.17,64.26700000000001,90.0,0.0,8.857000000000014,30.0,0.0,308.47263069252085
2006-03-26 06:00:00,0.0,0.0,49.04,44.79,33.43,69.568,90.0,0.0,2.3079999999999927,30.0,0.0,325.0726306925209
2006-03-26 07:00:00,0.0,0.0,51.09,46.42,37.07,79.22300000000001,90.0,0.0,4.643000000000001,30.0,0.0,341.6726306925209
2006-03-26 08:00:00,0.0,0.0,52.57,46.94,38.85,90.531,90.0,0.0,12.17100000000002,30.0,0.0,358.2726306925209
2006-03-26 09:00:00,0.0,0.0,53.95,47.05,39.66,107.07399999999998,40.0,0.0,0.0,6.414000000000016,0.0,357.89071069252094
2006-03-26 10:00:00,0.0,0.0,54.03,47.34,40.14,120.36399999999999,53.163570637119165,0.0,2.01757063711916,30.0,0.0,374.49071069252096
2006-03-26 11:00:00,0.0,0.0,53.05,46.43,40.35,123.487,90.0,0.0,43.65699999999998,30.0,0.0,391.090710692521
2006-03-26 12:00:00,0.0,0.0,51.67,44.78,39.9,121.077,90.0,0.0,44.726999999999975,30.0,0.0,407.690710692521
2006-03-26 13:00:00,0.0,0.0,50.48,42.82,39.23,116.816,45.71399999999999,0.0,0.0,30.0,0.0,424.29071069252103
2006-03-26 14:00:00,0.0,0.0,49.46,41.1,38.81,111.39,70.0,0.0,22.020000000000017,30.0,0.0,440.89071069252105
2006-03-26 15:00:00,0.0,0.0,49.18,40.3,39.45,101.118,77.81199999999998,0.0,20.0,30.0,0.0,457.4907106925211
2006-03-26 16:00:00,0.0,0.0,49.7,41.4,40.54,76.592,85.048,0.0,0.0,30.0,0.0,474.0907106925211
2006-03-26 17:00:00,0.0,0.0,50.26,43.51,41.03,60.817,90.0,0.0,0.0,16.017000000000007,0.0,480.6229506925211
2006-03-26 18:00:00,0.0,0.0,49.58,44.39,41.15,51.278000000000006,90.0,0.0,0.0,6.157999999999991,0.0,480.0567106925211
2006-03-26 19:00:00,0.0,0.0,47.22,43.36,40.42,48.586999999999996,90.0,0.0,0.0,7.58700000000001,0.0,480.51935069252113
2006-03-26 20:00:00,0.0,0.0,44.45,43.08,38.45,49.578,90.0,0.0,0.0,13.597999999999981,0.0,485.3099106925211
2006-03-26 21:00:00,0.0,0.0,41.06,44.1,35.08,52.374,90.0,0.0,0.0,22.13399999999999,0.0,496.2463906925211
2006-03-26 22:00:00,0.0,0.0,37.57,42.48,31.13,54.599,56.580999999999996,0.0,0.0,0.0,0.0,491.2463906925211
2006-03-26 23:00:00,0.0,0.0,35.2,39.75,27.65,55.835,90.0,0.0,13.234999999999985,30.0,0.0,507.84639069252114
2006-03-27 00:00:00,0.0,0.0,44.7,46.85,29.12,56.729,90.0,0.0,0.0,26.059,0.0,521.6088706925211
2006-03-27 01:00:00,0.0,0.0,44.6,44.69,28.46,56.583999999999996,70.0,0.0,0.0,8.833999999999989,0.0,522.9693506925211
2006-03-27 02:00:00,0.0,0.0,45.44,43.26,27.47,55.243,90.0,0.0,0.0,29.07300000000003,0.0,538.901910692521
2006-03-27 03:00:00,0.0,0.0,47.31,43.97,26.81,54.321999999999996,90.0,0.0,0.0,26.232,0.0,552.788950692521
2006-03-27 04:00:00,0.0,0.0,51.45,46.83,27.06,54.417,90.0,0.0,0.0,19.077000000000005,0.0,561.524390692521
2006-03-27 05:00:00,0.0,0.0,56.2,50.62,30.4,54.757999999999996,90.0,0.0,0.0,7.5379999999999825,0.0,561.951750692521
2006-03-27 06:00:00,0.0,0.0,59.85,53.51,35.67,58.615,90.0,0.41500000000001336,0.0,0.0,0.0,556.951750692521
2006-03-27 07:00:00,0.0,0.0,61.88,55.14,39.28,67.58900000000001,90.0,0.0,0.0,1.2889999999999873,0.0,552.8798306925211
2006-03-27 08:00:00,0.0,0.0,63.37,55.64,41.03,75.923,90.0,0.0,0.0,5.883000000000006,0.0,552.1155906925211
2006-03-27 09:00:00,0.0,0.0,64.75,55.74,41.82,88.919,90.0,0.0,0.0,16.608999999999995,0.0,559.0740706925211
2006-03-27 10:00:00,0.0,0.0,64.82,56.04,42.3,101.214,90.0,0.0,0.0,28.053999999999988,0.0,574.2729506925211
2006-03-27 11:00:00,0.0,0.0,63.83,55.11,42.5,108.19899999999998,90.0,0.0,6.759,30.0,0.0,590.8729506925212
2006-03-27 12:00:00,0.0,0.0,62.44,53.47,42.04,108.08099999999999,90.0,0.0,10.131000000000007,30.0,0.0,607.4729506925212
2006-03-27 13:00:00,0.0,0.0,61.25,51.5,41.37,107.096,70.0,0.0,0.0,22.975999999999985,0.0,619.0156706925212
2006-03-27 14:00:00,0.0,0.0,60.23,49.79,40.94,103.17999999999998,90.0,0.0,12.219999999999992,30.0,0.0,635.6156706925212
2006-03-27 15:00:00,0.0,0.0,59.94,48.99,41.58,94.518,85.99199999999999,0.0,0.0,30.0,0.0,652.2156706925213
2006-03-27 16:00:00,0.0,0.0,60.42,50.06,42.65,85.223,90.0,0.0,0.0,22.092999999999993,0.0,663.1226306925213
2006-03-27 17:00:00,0.0,0.0,60.98,52.14,43.11,74.456,90.0,0.0,0.0,8.225999999999992,0.0,664.0453506925213
2006-03-27 18:00:00,0.0,0.0,60.31,53.01,43.23,64.64999999999999,90.0,1.899999999999988,0.0,0.0,0.0,659.0453506925213
2006-03-27 19:00:00,0.0,0.0,57.97,52.02,42.52,63.523,88.98700000000002,0.0,0.0,0.0,0.0,654.0453506925213
2006-03-27 20:00:00,0.0,0.0,55.21,51.8,40.56,66.917,90.0,0.0,0.0,9.347000000000008,0.0,655.7751906925213
2006-03-27 21:00:00,0.0,0.0,51.79,52.84,37.2,66.15,90.0,0.0,0.0,14.31999999999999,0.0,661.0855906925212
2006-03-27 22:00:00,0.0,0.0,48.3,51.17,33.25,66.83699999999999,65.883,0.0,0.0,0.0,0.0,656.0855906925212
2006-03-27 23:00:00,0.0,0.0,45.94,48.43,29.77,70.081,84.059,0.0,0.0,30.0,0.0,672.6855906925213
2006-03-28 00:00:00,0.0,0.0,47.74,56.14,31.1,70.276,70.0,0.0,0.0,5.295999999999992,0.0,671.4987106925213
2006-03-28 01:00:00,0.0,0.0,47.65,53.98,30.46,71.056,90.0,0.0,0.0,28.965999999999983,0.0,687.3542306925212
2006-03-28 02:00:00,0.0,0.0,48.5,52.56,29.49,71.58099999999999,90.0,0.0,1.0309999999999988,30.0,0.0,703.9542306925213
2006-03-28 03:00:00,0.0,0.0,50.39,53.31,28.83,72.737,90.0,0.0,0.20700000000000784,30.0,0.0,720.5542306925213
2006-03-28 04:00:00,0.0,0.0,54.57,56.18,29.11,73.302,90.0,0.0,0.0,23.442000000000032,0.0,732.4324706925213
2006-03-28 05:00:00,0.0,0.0,59.32,59.97,32.49,73.921,90.0,0.0,0.0,12.14099999999997,0.0,736.1739906925212
2006-03-28 06:00:00,0.0,0.0,62.94,62.82,37.78,79.24999999999999,84.28999999999996,0.0,0.0,0.0,0.0,731.1739906925212
2006-03-28 07:00:00,0.0,0.0,64.96,64.45,41.35,90.57600000000001,90.0,0.0,0.0,9.815999999999995,0.0,733.2415106925212
2006-03-28 08:00:00,0.0,0.0,66.45,64.94,43.08,103.39100000000002,90.0,0.0,0.0,18.921000000000006,0.0,741.8646306925211
2006-03-28 09:00:00,0.0,0.0,67.84,65.04,43.84,115.22100000000002,90.0,0.0,0.0,28.501,0.0,757.3853506925211
2006-03-28 10:00:00,0.0,0.0,67.88,65.34,44.32,121.69500000000002,90.0,0.0,4.155000000000015,30.0,0.0,773.9853506925211
2006-03-28 11:00:00,0.0,0.0,66.89,64.39,44.51,123.154,82.636,0.0,0.0,30.0,0.0,790.5853506925212
2006-03-28 12:00:00,0.0,0.0,65.49,62.75,44.04,122.222,90.0,0.0,9.942000000000021,30.0,0.0,807.1853506925212
2006-03-28 13:00:00,0.0,0.0,64.31,60.79,43.36,119.43400000000001,90.0,0.0,10.97399999999999,30.0,0.0,823.7853506925212
2006-03-28 14:00:00,0.0,0.0,63.28,59.08,42.93,112.32299999999998,90.0,0.0,7.03299999999998,30.0,0.0,840.3853506925212
2006-03-28 15:00:00,0.0,0.0,62.97,58.27,43.58,101.85600000000001,62.96399999999999,0.0,0.0,0.0,0.0,835.3853506925212
2006-03-28 16:00:00,0.0,0.0,63.42,59.33,44.63,86.421,90.0,0.0,0.0,9.040999999999997,0.0,836.8948706925212
2006-03-28 17:00:00,0.0,0.0,63.97,61.36,45.05,70.816,90.0,9.563999999999993,0.0,0.0,0.0,831.8948706925212
2006-03-28 18:00:00,0.0,0.0,63.32,62.24,45.18,56.472,90.0,24.268,0.0,0.0,0.0,826.8948706925212
2006-03-28 19:00:00,0.0,0.0,61.0,61.29,44.48,54.92100000000001,90.0,21.84899999999999,0.0,0.0,0.0,821.8948706925212
2006-03-28 20:00:00,0.0,0.0,58.24,61.12,42.54,55.199000000000005,90.0,16.700999999999993,0.0,0.0,0.0,816.8948706925212
2006-03-28 21:00:00,0.0,0.0,54.79,62.17,39.18,54.141,90.0,11.99900000000001,0.0,0.0,0.0,811.8948706925212
2006-03-28 22:00:00,0.0,0.0,51.31,60.45,35.23,51.131,90.0,5.859000000000009,0.0,0.0,0.0,806.8948706925212
2006-03-28 23:00:00,0.0,0.0,48.96,57.71,31.75,48.428999999999995,90.0,0.0,0.0,0.009000000000011,0.0,801.9013506925212
2006-03-29 00:00:00,0.0,0.0,49.09,55.26,32.91,47.550999999999995,90.0,0.0,0.291000000000011,0.0,0.0,796.9013506925212
2006-03-29 01:00:00,0.0,0.0,49.02,53.08,32.29,46.885000000000005,90.0,0.0,2.4950000000000188,0.0,0.0,791.9013506925212
2006-03-29 02:00:00,0.0,0.0,49.88,51.69,31.33,46.778999999999996,90.0,0.0,3.8789999999999907,0.0,0.0,786.9013506925212
2006-03-29 03:00:00,0.0,0.0,51.79,52.47,30.68,47.706,90.0,0.0,2.765999999999991,0.0,0.0,781.9013506925212
2006-03-29 04:00:00,0.0,0.0,56.0,55.35,30.98,48.524,90.0,3.8060000000000116,0.0,0.0,0.0,776.9013506925212
2006-03-29 05:00:00,0.0,0.0,60.75,59.13,34.41,47.54,90.0,16.749999999999996,0.0,0.0,0.0,771.9013506925212
2006-03-29 06:00:00,0.0,0.0,64.34,61.96,39.7,54.513999999999996,90.0,21.486000000000004,0.0,0.0,0.0,766.9013506925212
2006-03-29 07:00:00,0.0,0.0,66.36,63.58,43.25,70.281,90.0,12.908999999999978,0.0,0.0,0.0,761.9013506925212
2006-03-29 08:00:00,0.0,0.0,67.84,64.06,44.95,86.896,90.0,0.0,0.04599999999997806,0.0,0.0,756.9013506925212
2006-03-29 09:00:00,0.0,0.0,69.23,64.16,45.69,101.831,90.0,0.0,12.35858725761767,0.3924127423823407,0.0,752.1838878670364
2006-03-29 10:00:00,0.0,0.0,69.26,64.47,46.16,110.351,90.0,0.0,20.461,0.0,0.0,747.1838878670364
2006-03-29 11:00:00,0.0,0.0,68.26,63.5,46.35,114.98400000000001,90.0,0.0,26.874000000000006,0.0,0.0,742.1838878670364
2006-03-29 12:00:00,0.0,0.0,66.86,61.86,45.87,115.788,90.0,0.0,31.19800000000002,0.0,0.0,737.1838878670364
2006-03-29 13:00:00,0.0,0.0,65.68,59.9,45.18,112.589,58.17100000000001,0.0,0.0,0.0,0.0,732.1838878670364
2006-03-29 14:00:00,0.0,0.0,64.64,58.2,44.75,106.52999999999997,90.0,0.0,28.93999999999997,0.0,0.0,727.1838878670364
2006-03-29 15:00:00,0.0,0.0,64.32,57.38,45.41,97.538,69.57199999999997,0.0,0.0,0.0,0.0,722.1838878670364
2006-03-29 16:00:00,0.0,0.0,64.74,58.41,46.42,78.645,90.0,0.9249999999999972,0.0,0.0,0.0,717.1838878670364
2006-03-29 17:00:00,0.0,0.0,65.28,60.41,46.81,51.029,90.0,31.470999999999997,0.0,0.0,0.0,712.1838878670364
2006-03-29 18:00:00,0.0,0.0,64.64,61.29,46.94,27.625999999999998,90.0,55.243999999999986,0.0,0.0,0.0,707.1838878670364
2006-03-29 19:00:00,0.0,0.0,62.35,60.38,46.27,24.910999999999998,90.0,54.089,0.0,0.0,0.0,702.1838878670364
2006-03-29 20:00:00,0.0,0.0,59.59,60.27,44.35,27.548000000000002,90.0,46.661999999999985,0.0,0.0,0.0,697.1838878670364
2006-03-29 21:00:00,0.0,0.0,56.11,61.32,40.98,32.364,90.0,36.04600000000001,0.0,0.0,0.0,692.1838878670364
2006-03-29 22:00:00,0.0,0.0,52.63,59.56,37.03,36.56100000000001,90.0,22.659000000000006,0.0,0.0,0.0,687.1838878670364
2006-03-29 23:00:00,0.0,0.0,50.3,56.82,33.55,41.256,90.0,9.414000000000016,0.0,0.0,0.0,682.1838878670364
2006-03-30 00:00:00,0.0,0.0,47.99,49.71,31.52,44.118,90.0,0.0,0.0,4.898000000000007,0.0,680.7104478670365
2006-03-30 01:00:00,0.0,0.0,47.93,47.52,30.92,47.9,90.0,0.0,0.0,11.530000000000001,0.0,684.0120478670365
2006-03-30 02:00:00,0.0,0.0,48.81,46.15,29.97,51.737,90.0,0.0,0.0,16.80699999999998,0.0,691.1130878670365
2006-03-30 03:00:00,0.0,0.0,50.73,46.95,29.32,56.196999999999996,90.0,0.0,19.197000000000017,0.0,0.0,686.1130878670365
2006-03-30 04:00:00,0.0,0.0,54.99,49.86,29.65,57.94799999999999,90.0,0.0,0.0,13.448,0.0,690.7956478670365
2006-03-30 05:00:00,0.0,0.0,59.73,53.63,33.12,61.50599999999999,90.0,0.0,0.0,5.026000000000003,0.0,689.4143678670365
2006-03-30 06:00:00,0.0,0.0,63.29,56.43,38.43,68.156,90.0,0.0,0.0,0.0059999999999860165,0.0,684.4186878670365
2006-03-30 07:00:00,0.0,0.0,65.29,58.04,41.94,77.09299999999999,88.17699999999999,0.0,0.0,0.0,0.0,679.4186878670365
2006-03-30 08:00:00,0.0,0.0,66.78,58.51,43.62,86.414,90.0,0.0,0.0,7.504000000000005,0.0,679.8215678670365
2006-03-30 09:00:00,0.0,0.0,68.17,58.61,44.34,98.281,90.0,0.0,0.0,17.16100000000002,0.0,687.1774878670365
2006-03-30 10:00:00,0.0,0.0,68.19,58.92,44.8,108.072,90.0,0.0,0.0,26.16200000000002,0.0,701.0141278670364
2006-03-30 11:00:00,0.0,0.0,67.17,57.93,44.99,114.689,90.0,0.0,4.5989999999999895,30.0,0.0,717.6141278670365
2006-03-30 12:00:00,0.0,0.0,65.77,56.3,44.49,117.832,90.0,0.0,11.272000000000006,30.0,0.0,734.2141278670365
2006-03-30 13:00:00,0.0,0.0,64.59,54.34,43.8,115.02999999999999,79.99511049553607,0.0,20.0,12.295110495536063,0.0,738.0666074238225
2006-03-30 14:00:00,0.0,0.0,63.54,52.64,43.36,108.812,90.0,0.0,20.0,19.272,0.0,746.9424474238225
2006-03-30 15:00:00,0.0,0.0,63.21,51.82,44.03,99.24699999999999,90.0,0.0,0.18700000000001182,30.0,0.0,763.5424474238225
2006-03-30 16:00:00,0.0,0.0,63.59,52.83,45.01,86.93599999999999,90.0,0.0,11.896102493074757,3.609897506925236,0.0,761.1415736288087
2006-03-30 17:00:00,0.0,0.0,64.13,54.79,45.37,72.23299999999999,90.0,2.0570000000000115,0.0,0.0,0.0,756.1415736288087
2006-03-30 18:00:00,0.0,0.0,63.51,55.67,45.51,56.347,90.0,18.34299999999999,0.0,0.0,0.0,751.1415736288087
2006-03-30 19:00:00,0.0,0.0,61.24,54.8,44.85,51.212,90.0,19.67800000000001,0.0,0.0,0.0,746.1415736288087
2006-03-30 20:00:00,0.0,0.0,58.48,54.74,42.94,49.573,90.0,16.586999999999993,0.0,0.0,0.0,741.1415736288087
2006-03-30 21:00:00,0.0,0.0,54.98,55.81,39.58,50.352,90.0,10.017999999999994,0.0,0.0,0.0,736.1415736288087
2006-03-30 22:00:00,0.0,0.0,51.5,53.99,35.63,52.834,90.0,0.0,1.7139999999999986,0.0,0.0,731.1415736288087
2006-03-30 23:00:00,0.0,0.0,49.18,51.25,32.15,54.318,90.0,0.0,11.737999999999978,0.0,0.0,726.1415736288087
2006-03-31 00:00:00,0.0,0.0,45.64,48.85,30.95,56.254000000000005,90.0,0.0,0.0,20.813999999999986,0.0,736.1276536288087
2006-03-31 01:00:00,0.0,0.0,45.6,46.64,30.37,58.58200000000001,90.0,0.0,0.0,25.97199999999998,0.0,749.8274936288087
2006-03-31 02:00:00,0.0,0.0,46.5,45.3,29.43,59.519,70.0,0.0,0.0,8.288999999999973,0.0,750.7955736288087
2006-03-31 03:00:00,0.0,0.0,48.43,46.14,28.79,62.21900000000001,90.0,0.0,0.0,28.859000000000023,0.0,766.5740536288088
2006-03-31 04:00:00,0.0,0.0,52.73,49.06,29.13,63.809000000000005,90.0,0.0,0.0,22.889000000000017,0.0,778.0541336288088
2006-03-31 05:00:00,0.0,0.0,57.47,52.82,32.65,65.86699999999999,90.0,0.0,0.0,12.926999999999971,0.0,782.3615736288087
2006-03-31 06:00:00,0.0,0.0,61.0,55.59,37.97,71.472,90.0,0.0,0.0,6.9119999999999955,0.0,782.3382136288087
2006-03-31 07:00:00,0.0,0.0,62.99,57.2,41.45,80.536,90.0,0.0,0.0,8.895999999999969,0.0,783.7433336288087
2006-03-31 08:00:00,0.0,0.0,64.48,57.65,43.1,91.287,73.94300000000001,0.0,0.0,0.0,0.0,778.7433336288087
2006-03-31 09:00:00,0.0,0.0,65.88,57.75,43.8,103.34299999999999,90.0,0.0,0.0,25.913000000000014,0.0,792.4006936288088
2006-03-31 10:00:00,0.0,0.0,65.87,58.07,44.26,110.552,90.0,0.0,2.352000000000004,30.0,0.0,809.0006936288088
2006-03-31 11:00:00,0.0,0.0,64.85,57.06,44.44,113.624,90.0,0.0,37.274,0.0,0.0,804.0006936288088
2006-03-31 12:00:00,0.0,0.0,63.45,55.43,43.93,111.70899999999999,81.10100000000003,0.0,0.0,30.0,0.0,820.6006936288088
2006-03-31 13:00:00,0.0,0.0,62.26,53.47,43.24,107.61500000000001,90.0,0.0,38.64500000000001,0.0,0.0,815.6006936288088
2006-03-31 14:00:00,0.0,0.0,61.21,51.78,42.79,102.807,90.0,0.0,7.027000000000008,30.0,0.0,832.2006936288088
2006-03-31 15:00:00,0.0,0.0,60.87,50.96,43.47,94.881,90.0,0.0,0.0,29.581,0.0,848.4990136288088
2006-03-31 16:00:00,0.0,0.0,61.21,51.94,44.43,84.672,90.0,0.0,0.0,17.09200000000001,0.0,855.8052536288088
2006-03-31 17:00:00,0.0,0.0,61.75,53.86,44.74,70.41599999999998,90.0,0.0,0.0,0.06599999999997408,0.0,850.8527736288088
2006-03-31 18:00:00,0.0,0.0,61.14,54.74,44.89,53.538000000000004,90.0,17.232000000000006,0.0,0.0,0.0,845.8527736288088
2006-03-31 19:00:00,0.0,0.0,58.89,53.91,44.26,48.843,90.0,18.216999999999985,0.0,0.0,0.0,840.8527736288088
2006-03-31 20:00:00,0.0,0.0,56.14,53.91,42.36,46.839000000000006,90.0,15.570999999999994,0.0,0.0,0.0,835.8527736288088
2006-03-31 21:00:00,0.0,0.0,52.6,54.99,39.01,45.086999999999996,90.0,11.512999999999991,0.0,0.0,0.0,830.8527736288088
2006-03-31 22:00:00,0.0,0.0,49.13,53.12,35.05,43.769,90.0,3.5309999999999775,0.0,0.0,0.0,825.8527736288088
2006-03-31 23:00:00,0.0,0.0,46.83,50.38,31.57,43.65599999999999,85.12400000000002,0.0,0.0,0.0,0.0,820.8527736288088
2006-04-01 00:00:00,0.0,0.0,37.72,45.19,29.15,42.035000000000004,90.0,0.0,0.0,19.974999999999994,0.0,830.2347736288087
2006-04-01 01:00:00,0.0,0.0,37.69,42.97,28.59,39.153,90.0,0.0,0.0,19.90299999999999,0.0,839.5649336288087
2006-04-01 02:00:00,0.0,0.0,38.6,41.65,27.66,36.37199999999999,71.53800000000001,0.0,0.0,0.0,0.0,834.5649336288087
2006-04-01 03:00:00,0.0,0.0,40.56,42.52,27.02,35.314,90.0,0.0,0.0,15.213999999999984,0.0,840.5190136288087
2006-04-01 04:00:00,0.0,0.0,44.89,45.46,27.39,34.266,90.0,0.0,6.525999999999982,0.0,0.0,835.5190136288087
2006-04-01 05:00:00,0.0,0.0,49.62,49.21,30.95,36.018,90.0,3.7619999999999933,0.0,0.0,0.0,830.5190136288087
2006-04-01 06:00:00,0.0,0.0,53.14,51.96,36.29,44.91900000000001,90.0,6.471000000000004,0.0,0.0,0.0,825.5190136288087
2006-04-01 07:00:00,0.0,0.0,55.11,53.55,39.74,57.345000000000006,90.0,1.0549999999999997,0.0,0.0,0.0,820.5190136288087
2006-04-01 08:00:00,0.0,0.0,56.6,54.0,41.36,75.02999999999999,76.93,0.0,0.0,0.0,0.0,815.5190136288087
2006-04-01 09:00:00,0.0,0.0,58.0,54.09,42.04,98.547,90.0,0.0,4.417000000000002,30.0,0.0,832.1190136288087
2006-04-01 10:00:00,0.0,0.0,57.98,54.41,42.49,112.559,90.0,0.0,40.0,7.678999999999995,0.0,832.6478936288087
2006-04-01 11:00:00,0.0,0.0,56.95,53.39,42.67,118.974,90.0,0.0,25.96399999999997,30.0,0.0,849.2478936288087
2006-04-01 12:00:00,0.0,0.0,55.54,51.76,42.15,119.14699999999999,90.0,0.0,32.39618559556785,27.300814404432153,0.0,863.9044799999998
2006-04-01 13:00:00,0.0,0.0,54.36,49.8,41.45,115.586,90.0,0.0,29.976,30.0,0.0,880.5044799999998
2006-04-01 14:00:00,0.0,0.0,53.3,48.12,41.0,107.802,90.0,0.0,25.382000000000005,30.0,0.0,897.1044799999999
2006-04-01 15:00:00,0.0,0.0,52.94,47.29,41.68,96.198,90.0,0.0,14.288000000000013,30.0,0.0,913.7044799999999
2006-04-01 16:00:00,0.0,0.0,53.26,48.25,42.61,81.482,90.0,0.0,27.362000000000013,0.0,0.0,908.7044799999999
2006-04-01 17:00:00,0.0,0.0,53.79,50.13,42.9,61.126999999999995,90.0,0.0,4.306999999999988,0.0,0.0,903.7044799999999
2006-04-01 18:00:00,0.0,0.0,53.19,51.01,43.05,43.995000000000005,90.0,13.254999999999995,0.0,0.0,0.0,898.7044799999999
2006-04-01 19:00:00,0.0,0.0,50.96,50.22,42.44,42.904,90.0,10.716000000000008,0.0,0.0,0.0,893.7044799999999
2006-04-01 20:00:00,0.0,0.0,48.21,50.28,40.55,43.739000000000004,90.0,5.300999999999988,0.0,0.0,0.0,888.7044799999999
2006-04-01 21:00:00,0.0,0.0,44.65,51.36,37.2,43.464999999999996,90.0,0.0,0.0,0.25500000000000256,0.0,883.8880799999998
2006-04-01 22:00:00,0.0,0.0,41.19,49.45,33.25,40.999,90.0,0.0,0.0,7.1089999999999804,0.0,884.0065599999998
2006-04-01 23:00:00,0.0,0.0,38.89,46.71,29.77,39.92100000000001,90.0,0.0,0.0,14.551000000000016,0.0,889.4832799999998
2006-04-02 00:00:00,0.0,0.0,34.21,44.79,28.87,39.068,70.0,0.0,1.197999999999979,0.0,0.0,884.4832799999998
2006-04-02 01:00:00,0.0,0.0,34.18,42.58,28.31,38.626,90.0,0.0,23.555999999999997,0.0,0.0,879.4832799999998
2006-04-02 02:00:00,0.0,0.0,35.09,41.26,27.38,37.097,90.0,0.0,0.0,23.366999999999983,0.0,891.3075199999998
2006-04-02 03:00:00,0.0,0.0,37.05,42.12,26.74,36.26499999999999,90.0,0.0,0.0,20.35500000000001,0.0,900.9631199999999
2006-04-02 04:00:00,0.0,0.0,41.38,45.06,27.11,36.461999999999996,90.0,0.0,0.0,12.911999999999985,0.0,905.2597599999999
2006-04-02 05:00:00,0.0,0.0,46.11,48.82,30.68,38.027,90.0,0.0,2.4170000000000016,0.0,0.0,900.2597599999999
2006-04-02 06:00:00,0.0,0.0,49.62,51.56,36.01,45.459999999999994,90.0,1.7299999999999862,0.0,0.0,0.0,895.2597599999999
2006-04-02 07:00:00,0.0,0.0,51.6,53.16,39.46,56.120999999999995,88.09899999999999,0.0,0.0,0.0,0.0,890.2597599999999
2006-04-02 08:00:00,0.0,0.0,53.09,53.6,41.09,70.339,90.0,0.0,0.0,12.55899999999998,0.0,894.3022399999999
2006-04-02 09:00:00,0.0,0.0,54.49,53.7,41.76,86.606,90.0,0.0,0.0,26.655999999999995,0.0,908.4945599999999
2006-04-02 10:00:00,0.0,0.0,54.47,54.02,42.21,97.181,83.519,0.0,0.0,30.0,0.0,925.0945599999999
2006-04-02 11:00:00,0.0,0.0,53.44,53.0,42.39,100.449,78.381,0.0,0.0,30.0,0.0,941.6945599999999
2006-04-02 12:00:00,0.0,0.0,52.03,51.36,41.87,99.793,90.0,0.0,14.533000000000001,30.0,0.0,958.2945599999999
2006-04-02 13:00:00,0.0,0.0,50.85,49.41,41.17,97.81300000000002,90.0,0.0,16.382999999999996,30.0,0.0,974.89456
2006-04-02 14:00:00,0.0,0.0,49.79,47.72,40.72,94.03699999999999,90.0,0.0,15.80699999999998,30.0,0.0,991.49456
2006-04-02 15:00:00,0.0,0.0,49.43,46.9,41.4,87.053,90.0,0.0,39.32300000000001,0.0,0.0,986.49456
2006-04-02 16:00:00,0.0,0.0,49.74,47.86,42.33,75.63199999999999,90.0,0.0,0.0,25.702,0.0,1000.0
2006-04-02 17:00:00,0.0,0.0,50.27,49.74,42.62,59.24399999999999,90.0,0.0,0.0,6.613999999999972,0.0,999.76208
2006-04-02 18:00:00,0.0,0.0,49.67,50.61,42.77,41.922000000000004,90.0,9.461333333333329,0.0,0.0,0.0,994.76208
2006-04-02 19:00:00,0.0,0.0,47.45,49.83,42.16,38.566,90.0,9.94126916666679,0.0,0.0,0.0,989.76208
2006-04-02 20:00:00,0.0,0.0,44.7,49.88,40.28,35.523999999999994,90.0,9.335999999999984,0.0,0.0,0.0,984.76208
2006-04-02 21:00:00,0.0,0.0,41.14,50.97,36.92,35.238,90.0,3.7920000000000016,0.0,0.0,0.0,979.76208
2006-04-02 22:00:00,0.0,0.0,37.67,49.06,32.97,36.760000000000005,90.0,0.0,7.059999999999991,0.0,0.0,974.76208
2006-04-02 23:00:00,0.0,0.0,35.38,46.31,29.49,39.656,90.0,0.0,0.0,18.475999999999985,0.0,983.0648
2006-04-03 00:00:00,0.0,0.0,46.64,54.67,32.15,41.457,90.0,2.003,0.0,0.0,0.0,978.0648
2006-04-03 01:00:00,0.0,0.0,46.61,52.46,31.59,44.263999999999996,90.0,0.0,0.0,3.603999999999992,0.0,975.65968
2006-04-03 02:00:00,0.0,0.0,47.52,51.14,30.66,45.975,90.0,0.0,0.0,6.655000000000001,0.0,975.45128
2006-04-03 03:00:00,0.0,0.0,49.48,52.0,30.03,47.516,90.0,0.0,0.0,6.006000000000007,0.0,974.7756
2006-04-03 04:00:00,0.0,0.0,53.81,54.94,30.4,48.144,90.0,0.0,0.0,0.0,0.0,969.7756
2006-04-03 05:00:00,0.0,0.0,58.55,58.69,33.96,49.339999999999996,90.0,10.193333333333356,0.0,0.0,0.0,964.7756
2006-04-03 06:00:00,0.0,0.0,62.06,61.44,39.29,56.54600000000001,90.0,16.244,0.0,0.0,0.0,959.7756
2006-04-03 07:00:00,0.0,0.0,64.03,63.04,42.74,68.568,90.0,11.24199999999999,0.0,0.0,0.0,954.7756
2006-04-03 08:00:00,0.0,0.0,65.53,63.48,44.37,87.634,90.0,0.0,4.253999999999991,0.0,0.0,949.7756
2006-04-03 09:00:00,0.0,0.0,66.92,63.58,45.04,101.336,90.0,0.0,0.0,15.796000000000003,0.0,956.14872
2006-04-03 10:00:00,0.0,0.0,66.9,63.9,45.49,108.66999999999999,90.0,0.0,22.379999999999995,0.0,0.0,951.14872
2006-04-03 11:00:00,0.0,0.0,65.87,62.88,45.67,112.59,90.0,0.0,22.543222222222326,5.626777777777647,0.0,950.1999999999999
2006-04-03 12:00:00,0.0,0.0,64.46,61.24,45.15,112.61500000000001,90.0,0.0,1.7650000000000148,30.0,0.0,966.8
2006-04-03 13:00:00,0.0,0.0,63.28,59.29,44.45,109.55300000000001,90.0,0.0,2.5330000000000013,30.0,0.0,983.4
2006-04-03 14:00:00,0.0,0.0,62.22,57.6,44.01,104.854,90.0,0.0,1.0240000000000293,30.0,0.0,1000.0
2006-04-03 15:00:00,0.0,0.0,61.86,56.77,44.69,96.572,90.0,0.0,18.45511111111111,4.796888888888873,0.0,998.45376
2006-04-03 16:00:00,0.0,0.0,62.18,57.74,45.62,84.63199999999999,90.0,0.0,0.0,9.091999999999995,0.0,1000.0
2006-04-03 17:00:00,0.0,0.0,62.71,59.62,45.9,65.012,98.218,0.0,0.0,0.0,0.0,995.0
2006-04-03 18:00:00,0.0,0.0,62.11,60.49,46.05,46.707,116.94300000000001,0.0,0.0,0.0,0.0,990.0
2006-04-03 19:00:00,0.0,0.0,59.88,59.71,45.44,39.272,90.0,30.758000000000024,0.0,0.0,0.0,985.0
2006-04-03 20:00:00,0.0,0.0,57.13,59.76,43.56,36.086,119.364,0.0,0.0,0.0,0.0,980.0
2006-04-03 21:00:00,0.0,0.0,53.57,60.85,40.21,32.844,116.786,0.0,0.0,0.0,0.0,975.0
2006-04-03 22:00:00,0.0,0.0,50.11,58.94,36.25,32.024,108.276,0.0,0.0,0.0,0.0,970.0
2006-04-03 23:00:00,0.0,0.0,47.81,56.19,32.77,30.153,101.61700000000002,0.0,0.0,0.0,0.0,965.0
2006-04-04 00:00:00,0.0,0.0,49.24,56.93,33.86,28.666000000000004,106.364,0.0,0.0,0.0,0.0,960.0
2006-04-04 01:00:00,0.0,0.0,49.21,54.71,33.3,27.828999999999994,90.0,14.391000000000012,0.0,0.0,0.0,955.0
2006-04-04 02:00:00,0.0,0.0,50.12,53.39,32.37,28.011000000000003,102.869,0.0,0.0,0.0,0.0,950.0
2006-04-04 03:00:00,0.0,0.0,52.08,54.25,31.74,28.412000000000003,90.0,14.658000000000015,0.0,0.0,0.0,945.0
2006-04-04 04:00:00,0.0,0.0,56.41,57.19,32.1,27.791,90.0,22.909000000000006,0.0,0.0,0.0,940.0
2006-04-04 05:00:00,0.0,0.0,61.15,60.95,35.67,28.790999999999997,115.0,8.979000000000013,0.0,0.0,0.0,935.0
2006-04-04 06:00:00,0.0,0.0,64.66,63.69,41.0,37.151,127.19899999999998,0.0,0.0,0.0,0.0,930.0
2006-04-04 07:00:00,0.0,0.0,66.63,65.29,44.45,53.895999999999994,110.0,7.474000000000004,0.0,0.0,0.0,925.0
2006-04-04 08:00:00,0.0,0.0,68.13,65.74,46.08,77.965,96.98500000000001,0.0,0.0,0.0,0.0,920.0
2006-04-04 09:00:00,0.0,0.0,69.52,65.83,46.75,101.143,90.0,0.0,0.0,14.043000000000003,0.0,925.11096
2006-04-04 10:00:00,0.0,0.0,69.5,66.15,47.2,113.67999999999999,90.0,0.0,20.0,5.830000000000011,0.0,924.3085599999999
2006-04-04 11:00:00,0.0,0.0,68.47,65.13,47.38,117.488,90.0,0.0,1.5079999999999814,30.0,0.0,940.90856
2006-04-04 12:00:00,0.0,0.0,67.06,63.5,46.86,117.438,90.0,0.0,35.01799999999999,0.0,0.0,935.90856
2006-04-04 13:00:00,0.0,0.0,65.88,61.54,46.16,114.409,90.0,0.0,5.829000000000008,30.0,0.0,952.50856
2006-04-04 14:00:00,0.0,0.0,64.82,59.85,45.71,108.28000000000002,90.0,0.0,20.0,12.900000000000013,0.0,956.79656
2006-04-04 15:00:00,0.0,0.0,64.46,59.03,46.4,98.31,90.0,0.0,23.419999999999998,0.0,0.0,951.79656
2006-04-04 16:00:00,0.0,0.0,64.78,59.99,47.32,82.943,90.0,0.0,0.0,5.852999999999991,0.0,951.01072
2006-04-04 17:00:00,0.0,0.0,65.31,61.87,47.61,60.28,90.0,19.51000000000002,0.0,0.0,0.0,946.01072
2006-04-04 18:00:00,0.0,0.0,64.71,62.75,47.76,40.645,129.575,0.0,0.0,0.0,0.0,941.01072
2006-04-04 19:00:00,0.0,0.0,62.48,61.96,47.15,34.445,90.0,42.145000000000024,0.0,0.0,0.0,936.01072
2006-04-04 20:00:00,0.0,0.0,59.73,62.01,45.27,32.638,110.0,19.371999999999986,0.0,0.0,0.0,931.01072
2006-04-04 21:00:00,0.0,0.0,56.17,63.1,41.92,30.836000000000002,115.0,10.35400000000001,0.0,0.0,0.0,926.01072
2006-04-04 22:00:00,0.0,0.0,52.71,61.19,37.96,29.179,90.0,27.681000000000022,0.0,0.0,0.0,921.01072
2006-04-04 23:00:00,0.0,0.0,50.42,58.45,34.48,28.153000000000002,110.19699999999997,0.0,0.0,0.0,0.0,916.01072
2006-04-05 00:00:00,0.0,0.0,50.41,61.4,34.39,27.746,113.454,0.0,0.0,0.0,0.0,911.01072
2006-04-05 01:00:00,0.0,0.0,50.38,59.19,33.83,26.936999999999998,111.46300000000002,0.0,0.0,0.0,0.0,906.01072
2006-04-05 02:00:00,0.0,0.0,51.29,57.87,32.9,27.389000000000003,90.0,19.671000000000006,0.0,0.0,0.0,901.01072
2006-04-05 03:00:00,0.0,0.0,53.25,58.73,32.26,28.120999999999995,111.119,0.0,0.0,0.0,0.0,896.01072
2006-04-05 04:00:00,0.0,0.0,57.58,61.67,32.63,28.985,115.0,2.894999999999982,0.0,0.0,0.0,891.01072
2006-04-05 05:00:00,0.0,0.0,62.31,65.43,36.2,30.031,115.0,13.909000000000026,0.0,0.0,0.0,886.01072
2006-04-05 06:00:00,0.0,0.0,65.82,68.17,41.53,39.011,131.509,0.0,0.0,0.0,0.0,881.01072
2006-04-05 07:00:00,0.0,0.0,67.8,69.77,44.98,57.24800000000001,110.0,10.301999999999978,0.0,0.0,0.0,876.01072
2006-04-05 08:00:00,0.0,0.0,69.29,70.22,46.61,77.98,103.14000000000001,0.0,0.0,0.0,0.0,871.01072
2006-04-05 09:00:00,0.0,0.0,70.69,70.31,47.28,95.54299999999999,90.0,0.0,2.262999999999977,0.0,0.0,866.01072
2006-04-05 10:00:00,0.0,0.0,70.67,70.63,47.73,104.9,90.0,0.0,10.870000000000005,0.0,0.0,861.01072
2006-04-05 11:00:00,0.0,0.0,69.64,69.61,47.91,106.616,90.0,0.0,14.455999999999989,0.0,0.0,856.01072
2006-04-05 12:00:00,0.0,0.0,68.23,67.98,47.39,105.501,90.0,0.0,16.900999999999975,0.0,0.0,851.01072
2006-04-05 13:00:00,0.0,0.0,67.05,66.02,46.69,102.392,90.0,0.0,17.63199999999999,0.0,0.0,846.01072
2006-04-05 14:00:00,0.0,0.0,65.98,64.33,46.24,96.39099999999999,90.0,0.0,14.84099999999998,0.0,0.0,841.01072
2006-04-05 15:00:00,0.0,0.0,65.63,63.51,46.92,88.14699999999999,90.0,0.0,0.0,7.087000000000007,0.0,841.11336
2006-04-05 16:00:00,0.0,0.0,65.94,64.47,47.85,75.046,90.0,8.213999999999999,0.0,0.0,0.0,836.11336
2006-04-05 17:00:00,0.0,0.0,66.47,66.35,48.14,52.963,115.0,7.997,0.0,0.0,0.0,831.11336
2006-04-05 18:00:00,0.0,0.0,65.87,67.23,48.29,33.869,110.0,32.52099999999999,0.0,0.0,0.0,826.11336
2006-04-05 19:00:00,0.0,0.0,63.65,66.44,47.68,28.589,130.0,14.180999999999989,0.0,0.0,0.0,821.11336
2006-04-05 20:00:00,0.0,0.0,60.9,66.49,45.8,30.822000000000003,90.0,47.36799999999998,0.0,0.0,0.0,816.11336
2006-04-05 21:00:00,0.0,0.0,57.34,67.58,42.44,32.229,110.0,20.131,0.0,0.0,0.0,811.11336
2006-04-05 22:00:00,0.0,0.0,53.87,65.67,38.49,33.251,110.0,9.779000000000025,0.0,0.0,0.0,806.11336
2006-04-05 23:00:00,0.0,0.0,51.58,62.93,35.01,34.091,110.42899999999997,0.0,0.0,0.0,0.0,801.11336
2006-04-06 00:00:00,0.0,0.0,49.49,62.95,33.52,35.415000000000006,90.0,15.545000000000016,0.0,0.0,0.0,796.11336
2006-04-06 01:00:00,0.0,0.0,49.46,60.73,32.95,36.145,101.995,0.0,0.0,0.0,0.0,791.11336
2006-04-06 02:00:00,0.0,0.0,50.37,59.41,32.03,36.379000000000005,90.0,10.431,0.0,0.0,0.0,786.11336
2006-04-06 03:00:00,0.0,0.0,52.32,60.28,31.39,37.225,101.765,0.0,0.0,0.0,0.0,781.11336
2006-04-06 04:00:00,0.0,0.0,56.66,63.22,31.76,36.927,109.71300000000002,0.0,0.0,0.0,0.0,776.11336
2006-04-06 05:00:00,0.0,0.0,61.39,66.97,35.32,39.36000000000001,119.32,0.0,0.0,0.0,0.0,771.11336
2006-04-06 06:00:00,0.0,0.0,64.9,69.72,40.66,48.1,119.30116583333316,2.878834166666861,0.0,0.0,0.0,766.11336
2006-04-06 07:00:00,0.0,0.0,66.88,71.32,44.11,61.891999999999996,110.0,5.417999999999982,0.0,0.0,0.0,761.11336
2006-04-06 08:00:00,0.0,0.0,68.37,71.76,45.73,81.099,99.76100000000001,0.0,0.0,0.0,0.0,756.11336
2006-04-06 09:00:00,0.0,0.0,69.76,71.86,46.41,98.41500000000002,90.0,0.0,5.385000000000019,0.0,0.0,751.11336
2006-04-06 10:00:00,0.0,0.0,69.74,72.18,46.86,107.555,90.0,0.0,13.774999999999995,0.0,0.0,746.11336
2006-04-06 11:00:00,0.0,0.0,68.71,71.16,47.04,110.70700000000001,90.0,0.0,0.0,18.797000000000004,0.0,754.6472
2006-04-06 12:00:00,0.0,0.0,67.31,69.52,46.51,110.142,90.0,0.0,21.802000000000014,0.0,0.0,749.6472
2006-04-06 13:00:00,0.0,0.0,66.12,67.57,45.82,105.524,90.0,0.0,21.013999999999996,0.0,0.0,744.6472
2006-04-06 14:00:00,0.0,0.0,65.06,65.88,45.37,98.97999999999999,90.0,0.0,0.0,17.67,0.0,752.3696
2006-04-06 15:00:00,0.0,0.0,64.71,65.05,46.05,89.3,90.0,0.0,8.490000000000023,0.0,0.0,747.3696
2006-04-06 16:00:00,0.0,0.0,65.02,66.02,46.98,75.982,97.03799999999997,0.0,0.0,0.0,0.0,742.3696
2006-04-06 17:00:00,0.0,0.0,65.55,67.9,47.27,61.943,113.77700000000003,0.0,0.0,0.0,0.0,737.3696
2006-04-06 18:00:00,0.0,0.0,64.95,68.77,47.42,50.497,110.0,15.643,0.0,0.0,0.0,732.3696
2006-04-06 19:00:00,0.0,0.0,62.73,67.99,46.81,43.84,128.69,0.0,0.0,0.0,0.0,727.3696
2006-04-06 20:00:00,0.0,0.0,59.98,68.04,44.92,43.635000000000005,124.305,0.0,0.0,0.0,0.0,722.3696
2006-04-06 21:00:00,0.0,0.0,56.41,69.13,41.57,43.372,110.0,8.737999999999982,0.0,0.0,0.0,717.3696
2006-04-06 22:00:00,0.0,0.0,52.95,67.22,37.62,42.06999999999999,110.0,0.7200000000000113,0.0,0.0,0.0,712.3696
2006-04-06 23:00:00,0.0,0.0,50.66,64.47,34.14,41.44,90.0,12.829999999999986,0.0,0.0,0.0,707.3696
2006-04-07 00:00:00,0.0,0.0,47.38,58.54,33.14,41.991,92.06900000000002,0.0,0.0,0.0,0.0,702.3696
2006-04-07 01:00:00,0.0,0.0,47.35,56.33,32.58,41.365,90.0,0.0,0.10499999999998444,0.0,0.0,697.3696
2006-04-07 02:00:00,0.0,0.0,48.26,55.01,31.65,40.125,90.0,0.0,0.2049999999999983,0.0,0.0,692.3696
2006-04-07 03:00:00,0.0,0.0,50.22,55.87,31.02,38.769,93.341,0.0,0.0,0.0,0.0,687.3696
2006-04-07 04:00:00,0.0,0.0,54.55,58.81,31.39,37.454,102.29599999999999,0.0,0.0,0.0,0.0,682.3696
2006-04-07 05:00:00,0.0,0.0,59.28,62.56,34.95,37.161,110.0,4.62900000000001,0.0,0.0,0.0,677.3696
2006-04-07 06:00:00,0.0,0.0,62.79,65.31,40.28,44.211,115.0,4.169000000000011,0.0,0.0,0.0,672.3696
2006-04-07 07:00:00,0.0,0.0,64.77,66.91,43.73,54.559999999999995,110.0,5.84999999999998,0.0,0.0,0.0,667.3696
2006-04-07 08:00:00,0.0,0.0,66.26,67.35,45.36,68.301,105.66900000000001,0.0,0.0,0.0,0.0,662.3696
2006-04-07 09:00:00,0.0,0.0,67.66,67.45,46.03,86.261,90.0,0.0,0.0,0.120999999999988,0.0,657.45672
2006-04-07 10:00:00,0.0,0.0,67.64,67.77,46.48,95.61300000000001,90.0,0.0,0.0,8.723000000000024,0.0,658.73728
2006-04-07 11:00:00,0.0,0.0,66.61,66.75,46.66,99.039,90.0,0.0,0.0,14.019000000000005,0.0,663.83096
2006-04-07 12:00:00,0.0,0.0,65.2,65.11,46.14,98.44,90.0,0.0,16.99000000000001,0.0,0.0,658.83096
2006-04-07 13:00:00,0.0,0.0,64.02,63.16,45.44,94.975,90.0,0.0,10.561904893813832,6.793095106186166,0.0,658.721988476454
2006-04-07 14:00:00,0.0,0.0,62.96,61.47,45.0,87.744,90.0,0.0,13.313999999999993,0.0,0.0,653.721988476454
2006-04-07 15:00:00,0.0,0.0,62.6,60.64,45.68,77.82799999999999,90.0,0.0,3.907999999999987,0.0,0.0,648.721988476454
2006-04-07 16:00:00,0.0,0.0,62.91,61.61,46.61,64.194,101.93599999999999,0.0,0.0,0.0,0.0,643.721988476454
2006-04-07 17:00:00,0.0,0.0,63.44,63.49,46.89,46.909,121.911,0.0,0.0,0.0,0.0,638.721988476454
2006-04-07 18:00:00,0.0,0.0,62.84,64.36,47.04,34.38399999999999,134.856,0.0,0.0,0.0,0.0,633.721988476454
2006-04-07 19:00:00,0.0,0.0,60.62,63.58,46.43,31.04,90.0,44.58999999999999,0.0,0.0,0.0,628.721988476454
2006-04-07 20:00:00,0.0,0.0,57.87,63.63,44.55,33.486,110.0,17.564000000000007,0.0,0.0,0.0,623.721988476454
2006-04-07 21:00:00,0.0,0.0,54.31,64.72,41.2,35.428999999999995,119.80099999999999,0.0,0.0,0.0,0.0,618.721988476454
2006-04-07 22:00:00,0.0,0.0,50.84,62.81,37.24,37.458000000000006,108.43200000000002,0.0,0.0,0.0,0.0,613.721988476454
2006-04-07 23:00:00,0.0,0.0,48.55,60.06,33.76,39.49700000000001,97.87299999999999,0.0,0.0,0.0,0.0,608.721988476454
2006-04-08 00:00:00,0.0,0.0,38.67,50.76,31.1,41.571000000000005,90.0,0.0,16.041000000000004,0.0,0.0,603.721988476454
2006-04-08 01:00:00,0.0,0.0,38.64,48.55,30.54,45.105999999999995,90.0,0.0,0.0,22.375999999999998,0.0,614.8327084764541
2006-04-08 02:00:00,0.0,0.0,39.55,47.23,29.61,47.128,90.0,0.0,20.0,5.7379999999999995,0.0,613.964068476454
2006-04-08 03:00:00,0.0,0.0,41.51,48.09,28.98,49.507,90.0,0.0,0.0,25.927,0.0,627.631508476454
2006-04-08 04:00:00,0.0,0.0,45.84,51.03,29.35,50.57299999999999,90.0,0.0,19.35299999999998,0.0,0.0,622.631508476454
2006-04-08 05:00:00,0.0,0.0,50.58,54.78,32.91,53.089999999999996,90.0,0.0,0.0,9.819999999999979,0.0,624.7019084764539
2006-04-08 06:00:00,0.0,0.0,54.09,57.53,38.25,64.066,90.0,0.0,0.0,9.195999999999973,0.0,626.3230284764539
2006-04-08 07:00:00,0.0,0.0,56.06,59.13,41.69,76.60400000000001,90.0,0.0,0.0,14.724000000000004,0.0,631.9243084764539
2006-04-08 08:00:00,0.0,0.0,57.56,59.57,43.32,93.875,90.0,0.0,0.0,28.424999999999994,0.0,647.3903084764539
2006-04-08 09:00:00,0.0,0.0,58.95,59.67,43.99,110.10599999999998,90.0,0.0,12.49599999999999,30.0,0.0,663.990308476454
2006-04-08 10:00:00,0.0,0.0,58.93,59.99,44.44,116.59700000000001,90.0,0.0,48.236999999999995,0.0,0.0,658.990308476454
2006-04-08 11:00:00,0.0,0.0,57.9,58.97,44.62,120.03,90.0,0.0,23.539999999999992,30.0,0.0,675.590308476454
2006-04-08 12:00:00,0.0,0.0,56.49,57.33,44.1,120.174,90.0,0.0,27.25400000000002,30.0,0.0,692.190308476454
2006-04-08 13:00:00,0.0,0.0,55.31,55.38,43.4,117.152,90.0,0.0,28.06199999999999,30.0,0.0,708.790308476454
2006-04-08 14:00:00,0.0,0.0,54.25,53.69,42.96,111.35299999999998,90.0,0.0,40.0,15.452999999999978,0.0,714.916468476454
2006-04-08 15:00:00,0.0,0.0,53.89,52.86,43.64,101.90500000000002,90.0,0.0,16.514999999999986,30.0,0.0,731.5164684764541
2006-04-08 16:00:00,0.0,0.0,54.21,53.83,44.57,85.35699999999999,90.0,0.0,0.0,27.74700000000003,0.0,746.4943084764541
2006-04-08 17:00:00,0.0,0.0,54.74,55.71,44.85,56.68899999999999,93.61099999999999,0.0,0.0,0.0,0.0,741.4943084764541
2006-04-08 18:00:00,0.0,0.0,54.14,56.58,45.0,38.647999999999996,112.07199999999997,0.0,0.0,0.0,0.0,736.4943084764541
2006-04-08 19:00:00,0.0,0.0,51.91,55.8,44.39,35.386,90.0,21.713999999999984,0.0,0.0,0.0,731.4943084764541
2006-04-08 20:00:00,0.0,0.0,49.16,55.85,42.51,35.89,90.0,16.629999999999995,0.0,0.0,0.0,726.4943084764541
2006-04-08 21:00:00,0.0,0.0,45.6,56.94,39.16,37.291,99.40899999999999,0.0,0.0,0.0,0.0,721.4943084764541
2006-04-08 22:00:00,0.0,0.0,42.14,55.03,35.2,38.834,90.0,0.0,1.4639999999999986,0.0,0.0,716.4943084764541
2006-04-08 23:00:00,0.0,0.0,39.85,52.28,31.72,40.202999999999996,90.0,0.0,0.0,11.352999999999987,0.0,719.6684684764541
2006-04-09 00:00:00,0.0,0.0,35.31,49.02,31.15,41.43,90.0,0.0,0.0,20.94999999999998,0.0,729.752468476454
2006-04-09 01:00:00,0.0,0.0,35.28,46.8,30.59,43.942,90.0,0.0,6.8309002770083955,19.441099722991616,0.0,738.7500602770081
2006-04-09 02:00:00,0.0,0.0,36.19,45.48,29.66,44.495000000000005,90.0,0.0,28.165000000000006,0.0,0.0,733.7500602770081
2006-04-09 03:00:00,0.0,0.0,38.15,46.35,29.03,44.931999999999995,90.0,0.0,0.0,26.401999999999973,0.0,747.759500277008
2006-04-09 04:00:00,0.0,0.0,42.48,49.29,29.4,44.125,90.0,0.0,0.0,17.954999999999977,0.0,755.687100277008
2006-04-09 05:00:00,0.0,0.0,47.21,53.04,32.96,44.628,90.0,0.0,0.0,6.417999999999989,0.0,755.3080602770079
2006-04-09 06:00:00,0.0,0.0,50.72,55.79,38.29,52.054,90.0,0.0,0.0,2.254000000000005,0.0,751.930940277008
2006-04-09 07:00:00,0.0,0.0,52.7,57.38,41.74,65.424,90.0,0.0,8.603999999999985,0.0,0.0,746.930940277008
2006-04-09 08:00:00,0.0,0.0,54.19,57.83,43.37,86.163,90.0,0.0,0.0,25.772999999999993,0.0,760.4875002770079
2006-04-09 09:00:00,0.0,0.0,55.59,57.92,44.04,98.76199999999999,90.0,0.0,6.211999999999989,30.0,0.0,777.087500277008
2006-04-09 10:00:00,0.0,0.0,55.57,58.24,44.49,102.43299999999999,90.0,0.0,9.132999999999996,30.0,0.0,793.687500277008
2006-04-09 11:00:00,0.0,0.0,54.53,57.22,44.67,102.13500000000002,90.0,0.0,10.714999999999975,30.0,0.0,810.287500277008
2006-04-09 12:00:00,0.0,0.0,53.13,55.59,44.15,99.17500000000003,90.0,0.0,11.304999999999978,30.0,0.0,826.887500277008
2006-04-09 13:00:00,0.0,0.0,51.95,53.63,43.45,93.07300000000001,90.0,0.0,20.0,19.042999999999985,0.0,835.598460277008
2006-04-09 14:00:00,0.0,0.0,50.88,51.94,43.01,85.179,90.0,0.0,4.3489999999999895,30.0,0.0,852.198460277008
2006-04-09 15:00:00,0.0,0.0,50.53,51.12,43.69,74.239,90.0,0.0,0.0,23.899000000000004,0.0,864.405740277008
2006-04-09 16:00:00,0.0,0.0,50.84,52.08,44.62,61.439,90.0,0.0,0.0,8.898999999999994,0.0,865.813020277008
2006-04-09 17:00:00,0.0,0.0,51.37,53.96,44.9,43.463,101.76700000000001,0.0,0.0,0.0,0.0,860.813020277008
2006-04-09 18:00:00,0.0,0.0,50.77,54.84,45.05,26.499999999999996,115.0,4.159999999999997,0.0,0.0,0.0,855.813020277008
2006-04-09 19:00:00,0.0,0.0,48.55,54.05,44.44,21.985999999999997,110.0,10.053999999999988,0.0,0.0,0.0,850.813020277008
2006-04-09 20:00:00,0.0,0.0,45.8,54.1,42.56,21.018,110.0,6.442000000000007,0.0,0.0,0.0,845.813020277008
2006-04-09 21:00:00,0.0,0.0,42.24,55.19,39.21,20.356,111.28399999999999,0.0,0.0,0.0,0.0,840.813020277008
2006-04-09 22:00:00,0.0,0.0,38.77,53.28,35.25,19.913,102.38700000000001,0.0,0.0,0.0,0.0,835.813020277008
2006-04-09 23:00:00,0.0,0.0,36.48,50.54,31.77,20.512,93.278,0.0,0.0,0.0,0.0,830.813020277008
2006-04-10 00:00:00,0.0,0.0,47.46,61.26,33.03,20.489,110.0,6.26100000000001,0.0,0.0,0.0,825.813020277008
2006-04-10 01:00:00,0.0,0.0,47.43,59.05,32.47,21.394000000000002,110.0,2.5559999999999974,0.0,0.0,0.0,820.813020277008
2006-04-10 02:00:00,0.0,0.0,48.34,57.73,31.54,23.029,109.58100000000002,0.0,0.0,0.0,0.0,815.813020277008
2006-04-10 03:00:00,0.0,0.0,50.3,58.59,30.9,25.103,109.687,0.0,0.0,0.0,0.0,810.813020277008
2006-04-10 04:00:00,0.0,0.0,54.63,61.53,31.27,25.673,116.75699999999999,0.0,0.0,0.0,0.0,805.813020277008
2006-04-10 05:00:00,0.0,0.0,59.37,65.29,34.83,25.816000000000003,90.0,38.674,0.0,0.0,0.0,800.813020277008
2006-04-10 06:00:00,0.0,0.0,62.88,68.03,40.17,31.065000000000005,90.0,45.01500000000001,0.0,0.0,0.0,795.813020277008
2006-04-10 07:00:00,0.0,0.0,64.85,69.63,43.62,46.39000000000001,115.0,11.70999999999998,0.0,0.0,0.0,790.813020277008
2006-04-10 08:00:00,0.0,0.0,66.35,70.08,45.25,62.654,90.0,24.025999999999982,0.0,0.0,0.0,785.813020277008
2006-04-10 09:00:00,0.0,0.0,67.74,70.17,45.92,73.644,105.18600000000002,0.0,0.0,0.0,0.0,780.813020277008
2006-04-10 10:00:00,0.0,0.0,67.72,70.49,46.37,78.788,100.79199999999999,0.0,0.0,0.0,0.0,775.813020277008
2006-04-10 11:00:00,0.0,0.0,66.69,69.47,46.55,80.974,96.73599999999998,0.0,0.0,0.0,0.0,770.813020277008
2006-04-10 12:00:00,0.0,0.0,65.28,67.84,46.03,81.092,93.05800000000004,0.0,0.0,0.0,0.0,765.813020277008
2006-04-10 13:00:00,0.0,0.0,64.1,65.88,45.33,81.812,90.0,0.0,1.5020000000000238,0.0,0.0,760.813020277008
2006-04-10 14:00:00,0.0,0.0,63.04,64.19,44.88,81.449,90.0,0.0,4.338999999999999,0.0,0.0,755.813020277008
2006-04-10 15:00:00,0.0,0.0,62.68,63.37,45.56,77.16799999999999,90.0,0.0,0.5579999999999785,0.0,0.0,750.813020277008
2006-04-10 16:00:00,0.0,0.0,63.0,64.33,46.49,67.41799999999999,101.40200000000002,0.0,0.0,0.0,0.0,745.813020277008
2006-04-10 17:00:00,0.0,0.0,63.53,66.21,46.78,51.809999999999995,115.0,4.7099999999999875,0.0,0.0,0.0,740.813020277008
2006-04-10 18:00:00,0.0,0.0,62.93,67.09,46.93,33.623999999999995,110.0,28.32600000000002,0.0,0.0,0.0,735.813020277008
2006-04-10 19:00:00,0.0,0.0,60.7,66.3,46.32,28.984,115.0,24.336,0.0,0.0,0.0,730.813020277008
2006-04-10 20:00:00,0.0,0.0,57.95,66.35,44.44,34.538999999999994,110.0,19.201,0.0,0.0,0.0,725.813020277008
2006-04-10 21:00:00,0.0,0.0,54.39,67.44,41.08,37.628,120.28199999999998,0.0,0.0,0.0,0.0,720.813020277008
2006-04-10 22:00:00,0.0,0.0,50.93,65.53,37.13,37.791000000000004,110.0,0.7990000000000066,0.0,0.0,0.0,715.813020277008
2006-04-10 23:00:00,0.0,0.0,48.64,62.79,33.65,37.577,102.50300000000001,0.0,0.0,0.0,0.0,710.813020277008
2006-04-11 00:00:00,0.0,0.0,49.42,62.36,31.83,38.124,100.486,0.0,0.0,0.0,0.0,705.813020277008
2006-04-11 01:00:00,0.0,0.0,49.39,60.14,31.26,39.566,96.224,0.0,0.0,0.0,0.0,700.813020277008
2006-04-11 02:00:00,0.0,0.0,50.3,58.82,30.34,40.022999999999996,94.43699999999998,0.0,0.0,0.0,0.0,695.813020277008
2006-04-11 03:00:00,0.0,0.0,52.25,59.69,29.7,41.481,95.15899999999999,0.0,0.0,0.0,0.0,690.813020277008
2006-04-11 04:00:00,0.0,0.0,56.59,62.63,30.07,42.724,101.56600000000002,0.0,0.0,0.0,0.0,685.813020277008
2006-04-11 05:00:00,0.0,0.0,61.32,66.38,33.63,44.81,111.52000000000001,0.0,0.0,0.0,0.0,680.813020277008
2006-04-11 06:00:00,0.0,0.0,64.83,69.13,38.97,53.342000000000006,110.0,4.587999999999994,0.0,0.0,0.0,675.813020277008
2006-04-11 07:00:00,0.0,0.0,66.81,70.72,42.42,69.978,104.97200000000001,0.0,0.0,0.0,0.0,670.813020277008
2006-04-11 08:00:00,0.0,0.0,68.3,71.17,44.04,82.315,96.19500000000001,0.0,0.0,0.0,0.0,665.813020277008
2006-04-11 09:00:00,0.0,0.0,69.69,71.26,44.72,88.52600000000001,92.14399999999999,0.0,0.0,0.0,0.0,660.813020277008
2006-04-11 10:00:00,0.0,0.0,69.67,71.58,45.17,91.525,90.0,0.0,0.10500000000001286,0.0,0.0,655.813020277008
2006-04-11 11:00:00,0.0,0.0,68.64,70.56,45.35,92.889,90.0,0.0,3.3389999999999986,0.0,0.0,650.813020277008
2006-04-11 12:00:00,0.0,0.0,67.24,68.93,44.82,91.149,90.0,0.0,5.159000000000015,0.0,0.0,645.813020277008
2006-04-11 13:00:00,0.0,0.0,66.05,66.97,44.12,88.462,90.0,0.0,6.322000000000003,0.0,0.0,640.813020277008
2006-04-11 14:00:00,0.0,0.0,64.99,65.28,43.68,84.455,90.0,0.0,5.5049999999999955,0.0,0.0,635.813020277008
2006-04-11 15:00:00,0.0,0.0,64.63,64.46,44.36,76.59400000000001,91.856,0.0,0.0,0.0,0.0,630.813020277008
2006-04-11 16:00:00,0.0,0.0,64.95,65.42,45.29,64.73700000000001,105.92299999999997,0.0,0.0,0.0,0.0,625.813020277008
2006-04-11 17:00:00,0.0,0.0,65.48,67.3,45.58,51.711,115.0,6.649000000000015,0.0,0.0,0.0,620.813020277008
2006-04-11 18:00:00,0.0,0.0,64.88,68.18,45.72,42.774,110.0,21.006,0.0,0.0,0.0,615.813020277008
2006-04-11 19:00:00,0.0,0.0,62.65,67.39,45.12,41.065000000000005,110.0,19.095,0.0,0.0,0.0,610.813020277008
2006-04-11 20:00:00,0.0,0.0,59.91,67.44,43.23,41.511,110.0,14.069000000000017,0.0,0.0,0.0,605.813020277008
2006-04-11 21:00:00,0.0,0.0,56.34,68.53,39.88,41.733999999999995,118.01600000000003,0.0,0.0,0.0,0.0,600.813020277008
2006-04-11 22:00:00,0.0,0.0,52.88,66.62,35.93,41.118,94.01118500000003,15.300814999999998,0.0,0.0,0.0,595.813020277008
2006-04-11 23:00:00,0.0,0.0,50.59,63.88,32.45,41.922000000000004,99.998,0.0,0.0,0.0,0.0,590.813020277008
2006-04-12 00:00:00,0.0,0.0,49.66,59.07,31.95,43.30500000000001,92.375,0.0,0.0,0.0,0.0,585.813020277008
2006-04-12 01:00:00,0.0,0.0,49.63,56.86,31.39,45.597,90.0,0.0,2.7169999999999934,0.0,0.0,580.813020277008
2006-04-12 02:00:00,0.0,0.0,50.54,55.54,30.46,45.038000000000004,90.0,0.0,3.497999999999971,0.0,0.0,575.813020277008
2006-04-12 03:00:00,0.0,0.0,52.5,56.4,29.83,44.452,90.0,0.0,0.7220000000000084,0.0,0.0,570.813020277008
2006-04-12 04:00:00,0.0,0.0,56.83,59.34,30.19,40.932,100.42800000000003,0.0,0.0,0.0,0.0,565.813020277008
2006-04-12 05:00:00,0.0,0.0,61.56,63.1,33.76,37.201,115.0,1.2190000000000083,0.0,0.0,0.0,560.813020277008
2006-04-12 06:00:00,0.0,0.0,65.07,65.84,39.09,41.398999999999994,123.60100000000003,0.0,0.0,0.0,0.0,555.813020277008
2006-04-12 07:00:00,0.0,0.0,67.05,67.44,42.54,54.753,110.0,7.276999999999988,0.0,0.0,0.0,550.813020277008
2006-04-12 08:00:00,0.0,0.0,68.54,67.88,44.17,72.822,102.768,0.0,0.0,0.0,0.0,545.813020277008
2006-04-12 09:00:00,0.0,0.0,69.94,67.98,44.84,88.19800000000001,90.0,0.0,0.4380000000000024,0.0,0.0,540.813020277008
2006-04-12 10:00:00,0.0,0.0,69.92,68.3,45.29,94.74599999999998,90.0,0.0,6.236000000000018,0.0,0.0,535.813020277008
2006-04-12 11:00:00,0.0,0.0,68.89,67.28,45.47,96.878,90.0,0.0,10.237999999999982,0.0,0.0,530.813020277008
2006-04-12 12:00:00,0.0,0.0,67.48,65.64,44.95,96.791,90.0,0.0,13.72099999999999,0.0,0.0,525.813020277008
2006-04-12 13:00:00,0.0,0.0,66.3,63.69,44.25,95.66300000000001,90.0,0.0,16.423000000000002,0.0,0.0,520.813020277008
2006-04-12 14:00:00,0.0,0.0,65.23,62.0,43.8,90.72800000000001,90.0,0.0,14.698000000000002,0.0,0.0,515.813020277008
2006-04-12 15:00:00,0.0,0.0,64.88,61.18,44.49,82.10199999999999,90.0,0.0,6.5519999999999925,0.0,0.0,510.8130202770081
2006-04-12 16:00:00,0.0,0.0,65.19,62.14,45.41,69.85499999999999,97.88499999999998,0.0,0.0,0.0,0.0,505.8130202770081
2006-04-12 17:00:00,0.0,0.0,65.72,64.02,45.7,53.667,116.77300000000001,0.0,0.0,0.0,0.0,500.8130202770081
2006-04-12 18:00:00,0.0,0.0,65.12,64.89,45.85,43.105000000000004,110.0,17.75500000000001,0.0,0.0,0.0,495.8130202770081
2006-04-12 19:00:00,0.0,0.0,62.9,64.11,45.24,42.26,110.0,14.989999999999995,0.0,0.0,0.0,490.8130202770081
2006-04-12 20:00:00,0.0,0.0,60.15,64.16,43.36,46.359,90.0,26.311000000000007,0.0,0.0,0.0,485.8130202770081
2006-04-12 21:00:00,0.0,0.0,56.59,65.25,40.01,47.214,109.636,0.0,0.0,0.0,0.0,480.8130202770081
2006-04-12 22:00:00,0.0,0.0,53.12,63.34,36.05,48.818000000000005,96.10183500000002,2.5901649999999767,0.0,0.0,0.0,475.8130202770081
2006-04-12 23:00:00,0.0,0.0,50.83,60.59,32.57,50.45,90.0,0.0,0.0,1.4599999999999937,0.0,471.8642202770081
2006-04-13 00:00:00,0.0,0.0,48.39,56.42,31.44,53.244,90.0,0.0,0.0,11.993999999999993,0.0,475.49990027700807
2006-04-13 01:00:00,0.0,0.0,48.36,54.21,30.87,55.282,90.0,0.0,0.0,16.84199999999999,0.0,482.62614027700806
2006-04-13 02:00:00,0.0,0.0,49.27,52.89,29.95,57.765,90.0,0.0,0.0,20.654999999999994,0.0,492.49774027700806
2006-04-13 03:00:00,0.0,0.0,51.23,53.75,29.31,59.56100000000001,90.0,0.0,0.0,20.271000000000015,0.0,502.09286027700807
2006-04-13 04:00:00,0.0,0.0,55.56,56.69,29.68,60.376,90.0,0.0,0.0,13.44600000000002,0.0,506.7739802770081
2006-04-13 05:00:00,0.0,0.0,60.29,60.45,33.24,63.313,90.0,0.0,0.0,4.33300000000002,0.0,504.89374027700813
2006-04-13 06:00:00,0.0,0.0,63.81,63.19,38.58,72.365,90.0,0.0,0.0,1.7849999999999966,0.0,501.1789402770081
2006-04-13 07:00:00,0.0,0.0,65.78,64.79,42.03,85.47699999999999,90.0,0.0,0.0,7.876999999999992,0.0,501.8503802770081
2006-04-13 08:00:00,0.0,0.0,67.27,65.23,43.65,100.769,90.0,0.0,0.0,19.618999999999996,0.0,510.9760602770081
2006-04-13 09:00:00,0.0,0.0,68.67,65.33,44.33,113.13799999999999,90.0,0.0,0.0,29.80799999999999,0.0,527.4378202770081
2006-04-13 10:00:00,0.0,0.0,68.65,65.65,44.78,119.28900000000002,90.0,0.0,5.209000000000003,30.0,0.0,544.0378202770081
2006-04-13 11:00:00,0.0,0.0,67.62,64.63,44.96,121.781,90.0,0.0,9.570999999999998,30.0,0.0,560.6378202770081
2006-04-13 12:00:00,0.0,0.0,66.21,62.99,44.43,122.035,90.0,0.0,13.405000000000001,30.0,0.0,577.2378202770082
2006-04-13 13:00:00,0.0,0.0,65.03,61.04,43.74,119.85100000000001,90.0,0.0,15.040999999999986,30.0,0.0,593.8378202770082
2006-04-13 14:00:00,0.0,0.0,63.97,59.35,43.29,114.81600000000002,90.0,0.0,13.205999999999989,30.0,0.0,610.4378202770082
2006-04-13 15:00:00,0.0,0.0,63.61,58.53,43.97,106.53300000000002,90.0,0.0,5.422999999999997,30.0,0.0,627.0378202770082
2006-04-13 16:00:00,0.0,0.0,63.92,59.49,44.9,95.513,90.0,0.0,0.0,22.202999999999978,0.0,638.0239802770081
2006-04-13 17:00:00,0.0,0.0,64.46,61.37,45.19,83.7,90.0,0.0,0.0,7.6800000000000175,0.0,638.5535802770081
2006-04-13 18:00:00,0.0,0.0,63.85,62.24,45.34,74.961,91.46900000000001,0.0,0.0,0.0,0.0,633.5535802770081
2006-04-13 19:00:00,0.0,0.0,61.63,61.46,44.73,71.631,91.18900000000001,0.0,0.0,0.0,0.0,628.5535802770081
2006-04-13 20:00:00,0.0,0.0,58.88,61.51,42.84,70.126,90.0,0.0,0.0,1.8959999999999724,0.0,624.918700277008
2006-04-13 21:00:00,0.0,0.0,55.32,62.6,39.49,67.621,90.0,0.0,0.0,5.210999999999974,0.0,623.670620277008
2006-04-13 22:00:00,0.0,0.0,51.85,60.69,35.54,67.47,90.0,0.0,11.79686149584504,2.593138504154954,0.0,620.5376799999996
2006-04-13 23:00:00,0.0,0.0,49.56,57.94,32.06,69.169,90.0,0.0,0.0,24.608999999999988,0.0,633.2561599999996
2006-04-14 00:00:00,0.0,0.0,46.42,50.21,31.34,69.002,90.0,0.0,6.032000000000004,30.0,0.0,649.8561599999996
2006-04-14 01:00:00,0.0,0.0,46.39,48.0,30.77,66.91799999999999,90.0,0.0,6.757999999999996,30.0,0.0,666.4561599999996
2006-04-14 02:00:00,0.0,0.0,47.3,46.67,29.85,63.797,90.0,0.0,4.977000000000018,30.0,0.0,683.0561599999996
2006-04-14 03:00:00,0.0,0.0,49.26,47.54,29.21,61.452,90.0,0.0,0.44199999999999307,30.0,0.0,699.6561599999997
2006-04-14 04:00:00,0.0,0.0,53.59,50.48,29.58,57.16,90.0,0.0,0.0,18.510000000000005,0.0,707.9833599999996
2006-04-14 05:00:00,0.0,0.0,58.32,54.23,33.14,56.68300000000001,90.0,0.0,0.0,5.9929999999999914,0.0,707.2983199999996
2006-04-14 06:00:00,0.0,0.0,61.84,56.98,38.48,66.183,90.0,0.0,0.0,3.8830000000000133,0.0,705.0940799999996
2006-04-14 07:00:00,0.0,0.0,63.81,58.58,41.93,80.92400000000002,90.0,0.0,0.0,11.603999999999996,0.0,708.4489599999996
2006-04-14 08:00:00,0.0,0.0,65.3,59.02,43.55,99.644,90.0,0.0,0.0,26.77399999999999,0.0,722.7262399999996
2006-04-14 09:00:00,0.0,0.0,66.7,59.12,44.23,112.587,90.0,0.0,7.53700000000002,30.0,0.0,739.3262399999996
2006-04-14 10:00:00,0.0,0.0,66.68,59.44,44.68,121.68599999999999,90.0,0.0,15.88599999999997,30.0,0.0,755.9262399999997
2006-04-14 11:00:00,0.0,0.0,65.65,58.42,44.86,123.59400000000001,90.0,0.0,19.663999999999987,30.0,0.0,772.5262399999997
2006-04-14 12:00:00,0.0,0.0,64.24,56.78,44.33,122.089,90.0,0.0,21.73899999999999,30.0,0.0,789.1262399999997
2006-04-14 13:00:00,0.0,0.0,63.06,54.83,43.63,118.294,90.0,0.0,21.77400000000002,30.0,0.0,805.7262399999997
2006-04-14 14:00:00,0.0,0.0,62.0,53.14,43.19,109.263,90.0,0.0,15.932999999999995,30.0,0.0,822.3262399999998
2006-04-14 15:00:00,0.0,0.0,61.64,52.31,43.87,96.57199999999999,90.0,0.0,3.751999999999981,30.0,0.0,838.9262399999998
2006-04-14 16:00:00,0.0,0.0,61.95,53.28,44.8,78.95200000000001,90.0,0.0,13.921999999999985,0.0,0.0,833.9262399999998
2006-04-14 17:00:00,0.0,0.0,62.49,55.16,45.08,50.99,106.74000000000001,0.0,0.0,0.0,0.0,828.9262399999998
2006-04-14 18:00:00,0.0,0.0,61.88,56.03,45.23,20.21,135.0,2.9300000000000086,0.0,0.0,0.0,823.9262399999998
2006-04-14 19:00:00,0.0,0.0,59.66,55.25,44.62,13.913,130.0,10.616999999999997,0.0,0.0,0.0,818.9262399999998
2006-04-14 20:00:00,0.0,0.0,56.91,55.3,42.74,15.181000000000001,130.0,4.768999999999998,0.0,0.0,0.0,813.9262399999998
2006-04-14 21:00:00,0.0,0.0,53.35,56.39,39.39,16.402,115.0,12.727999999999987,0.0,0.0,0.0,808.9262399999998
2006-04-14 22:00:00,0.0,0.0,49.89,54.48,35.44,15.786999999999999,115.0,4.022999999999996,0.0,0.0,0.0,803.9262399999998
2006-04-14 23:00:00,0.0,0.0,47.59,51.73,31.96,15.743,110.537,0.0,0.0,0.0,0.0,798.9262399999998
2006-04-15 00:00:00,0.0,0.0,37.99,45.09,28.86,18.023,90.0,0.0,0.0,1.0829999999999913,0.0,794.7059999999998
2006-04-15 01:00:00,0.0,0.0,37.96,42.87,28.3,19.613,90.0,0.0,5.483000000000007,0.0,0.0,789.7059999999998
2006-04-15 02:00:00,0.0,0.0,38.87,41.55,27.37,21.044,90.0,0.0,0.0,8.253999999999994,0.0,790.6488799999997
2006-04-15 03:00:00,0.0,0.0,40.83,42.42,26.74,20.086,90.0,0.0,0.0,5.096000000000014,0.0,789.3179999999998
2006-04-15 04:00:00,0.0,0.0,45.16,45.36,27.11,17.418,95.212,0.0,0.0,0.0,0.0,784.3179999999998
2006-04-15 05:00:00,0.0,0.0,49.89,49.11,30.67,17.443,107.227,0.0,0.0,0.0,0.0,779.3179999999998
2006-04-15 06:00:00,0.0,0.0,53.4,51.86,36.0,21.8,114.46000000000001,0.0,0.0,0.0,0.0,774.3179999999998
2006-04-15 07:00:00,0.0,0.0,55.38,53.45,39.45,31.595,111.685,0.0,0.0,0.0,0.0,769.3179999999998
2006-04-15 08:00:00,0.0,0.0,56.87,53.9,41.08,44.327,102.523,0.0,0.0,0.0,0.0,764.3179999999998
2006-04-15 09:00:00,0.0,0.0,58.27,53.99,41.75,58.614999999999995,90.39500000000001,0.0,0.0,0.0,0.0,759.3179999999998
2006-04-15 10:00:00,0.0,0.0,58.25,54.32,42.2,66.86500000000001,90.0,0.0,0.0,7.094999999999995,0.0,759.4263999999997
2006-04-15 11:00:00,0.0,0.0,57.22,53.29,42.38,69.51599999999999,90.0,0.0,0.0,11.626000000000001,0.0,762.7971199999997
2006-04-15 12:00:00,0.0,0.0,55.81,51.66,41.86,68.905,90.0,0.0,0.0,14.574999999999992,0.0,768.2911199999998
2006-04-15 13:00:00,0.0,0.0,54.63,49.7,41.16,65.893,90.0,0.0,0.0,15.403000000000002,0.0,774.3812799999997
2006-04-15 14:00:00,0.0,0.0,53.57,48.02,40.72,60.391,90.0,0.0,0.0,13.080999999999989,0.0,778.7995999999997
2006-04-15 15:00:00,0.0,0.0,53.21,47.19,41.4,52.259,90.0,0.0,0.0,5.459,0.0,777.7300799999997
2006-04-15 16:00:00,0.0,0.0,53.52,48.15,42.33,43.532000000000004,95.468,0.0,0.0,0.0,0.0,772.7300799999997
2006-04-15 17:00:00,0.0,0.0,54.06,50.04,42.61,34.665,107.045,0.0,0.0,0.0,0.0,767.7300799999997
2006-04-15 18:00:00,0.0,0.0,53.45,50.91,42.76,24.452,90.0,27.66800000000002,0.0,0.0,0.0,762.7300799999997
2006-04-15 19:00:00,0.0,0.0,51.23,50.12,42.15,15.999,110.0,12.501000000000019,0.0,0.0,0.0,757.7300799999997
2006-04-15 20:00:00,0.0,0.0,48.48,50.18,40.27,17.758,110.0,6.171999999999997,0.0,0.0,0.0,752.7300799999997
2006-04-15 21:00:00,0.0,0.0,44.92,51.27,36.92,20.399,107.71100000000001,0.0,0.0,0.0,0.0,747.7300799999997
2006-04-15 22:00:00,0.0,0.0,41.45,49.35,32.96,21.605999999999998,97.15400000000001,0.0,0.0,0.0,0.0,742.7300799999997
2006-04-15 23:00:00,0.0,0.0,39.16,46.61,29.48,22.718,90.0,0.0,0.0,2.4680000000000106,0.0,739.5070399999997
2006-04-16 00:00:00,0.0,0.0,33.67,43.06,27.97,23.412,90.0,0.0,0.0,13.712000000000003,0.0,744.3796799999998
2006-04-16 01:00:00,0.0,0.0,33.64,40.84,27.4,23.67,90.0,0.0,0.0,16.78999999999997,0.0,751.4684799999998
2006-04-16 02:00:00,0.0,0.0,34.55,39.52,26.48,26.363000000000003,90.0,0.0,0.0,20.812999999999995,0.0,761.4538399999998
2006-04-16 03:00:00,0.0,0.0,36.5,40.39,25.84,28.037000000000003,90.0,0.0,0.0,20.306999999999995,0.0,771.0748799999998
2006-04-16 04:00:00,0.0,0.0,40.84,43.33,26.21,27.885999999999996,90.0,0.0,0.0,12.506,0.0,775.0791999999998
2006-04-16 05:00:00,0.0,0.0,45.57,47.08,29.77,28.551000000000002,90.0,0.0,0.0,1.1309999999999967,0.0,770.8935199999997
2006-04-16 06:00:00,0.0,0.0,49.08,49.83,35.11,38.701,90.31899999999999,0.0,0.0,0.0,0.0,765.8935199999997
2006-04-16 07:00:00,0.0,0.0,51.06,51.42,38.56,50.724,90.0,0.0,0.0,4.68399999999998,0.0,764.2659999999997
2006-04-16 08:00:00,0.0,0.0,52.55,51.87,40.18,66.621,90.0,0.0,0.0,17.020999999999997,0.0,771.5211199999998
2006-04-16 09:00:00,0.0,0.0,53.94,51.96,40.86,80.5,90.0,0.0,0.0,28.739999999999995,0.0,787.2139199999998
2006-04-16 10:00:00,0.0,0.0,53.92,52.28,41.31,89.496,90.0,0.0,6.985999999999999,30.0,0.0,803.8139199999998
2006-04-16 11:00:00,0.0,0.0,52.89,51.26,41.49,92.946,90.0,0.0,12.305999999999997,30.0,0.0,820.4139199999998
2006-04-16 12:00:00,0.0,0.0,51.49,49.63,40.96,94.78000000000002,90.0,0.0,17.699999999999985,30.0,0.0,837.0139199999999
2006-04-16 13:00:00,0.0,0.0,50.3,47.67,40.27,93.79,90.0,0.0,20.55,30.0,0.0,853.6139199999999
2006-04-16 14:00:00,0.0,0.0,49.24,45.99,39.82,90.118,90.0,0.0,20.067999999999998,30.0,0.0,870.2139199999999
2006-04-16 15:00:00,0.0,0.0,48.88,45.16,40.5,83.34599999999999,90.0,0.0,13.805999999999983,30.0,0.0,886.8139199999999
2006-04-16 16:00:00,0.0,0.0,49.2,46.12,41.43,73.53999999999999,90.0,0.0,1.7899999999999814,30.0,0.0,903.41392
2006-04-16 17:00:00,0.0,0.0,49.73,48.01,41.72,60.343,90.0,0.0,0.0,15.883000000000013,0.0,909.8496799999999
2006-04-16 18:00:00,0.0,0.0,49.13,48.88,41.87,45.174,90.0,0.0,0.0,0.2939999999999756,0.0,905.0613599999999
2006-04-16 19:00:00,0.0,0.0,46.9,48.09,41.26,38.238,93.012,0.0,0.0,0.0,0.0,900.0613599999999
2006-04-16 20:00:00,0.0,0.0,44.16,48.15,39.37,37.231,90.0,0.0,0.0,0.5509999999999913,0.0,895.4580799999999
2006-04-16 21:00:00,0.0,0.0,40.59,49.23,36.02,35.978,90.0,0.0,5.137999999999979,0.0,0.0,890.4580799999999
2006-04-16 22:00:00,0.0,0.0,37.13,47.32,32.07,35.394,90.0,0.0,0.0,13.873999999999988,0.0,895.4473599999999
2006-04-16 23:00:00,0.0,0.0,34.84,44.58,28.59,35.854,90.0,0.0,0.0,22.843999999999994,0.0,906.8950399999999
2006-04-17 00:00:00,0.0,0.0,45.65,51.45,30.48,36.522999999999996,90.0,0.0,0.0,3.9429999999999907,0.0,904.7339999999999
2006-04-17 01:00:00,0.0,0.0,45.62,49.23,29.91,36.906,90.0,0.0,7.14600000000002,0.0,0.0,899.7339999999999
2006-04-17 02:00:00,0.0,0.0,46.53,47.91,28.99,38.00300000000001,90.0,0.0,9.572999999999999,0.0,0.0,894.7339999999999
2006-04-17 03:00:00,0.0,0.0,48.49,48.78,28.35,38.437,90.0,0.0,0.0,7.816999999999982,0.0,895.3622399999999
2006-04-17 04:00:00,0.0,0.0,52.82,51.72,28.72,39.202,90.0,0.0,0.0,0.9419999999999789,0.0,891.0404799999999
2006-04-17 05:00:00,0.0,0.0,57.56,55.47,32.28,41.519000000000005,98.79100000000001,0.0,0.0,0.0,0.0,886.0404799999999
2006-04-17 06:00:00,0.0,0.0,61.07,58.22,37.62,50.489999999999995,101.42000000000002,0.0,0.0,0.0,0.0,881.0404799999999
2006-04-17 07:00:00,0.0,0.0,63.04,59.81,41.07,63.81399999999999,90.0,5.105999999999999,0.0,0.0,0.0,876.0404799999999
2006-04-17 08:00:00,0.0,0.0,64.54,60.26,42.69,83.10699999999999,90.0,0.0,0.0,10.616999999999994,0.0,878.6847199999999
2006-04-17 09:00:00,0.0,0.0,65.93,60.35,43.37,97.41,90.0,0.0,0.0,22.759999999999998,0.0,890.0719199999999
2006-04-17 10:00:00,0.0,0.0,65.91,60.68,43.82,107.002,90.0,0.0,1.5919999999999987,30.0,0.0,906.6719199999999
2006-04-17 11:00:00,0.0,0.0,64.88,59.65,44.0,113.207,90.0,0.0,9.676999999999987,30.0,0.0,923.2719199999999
2006-04-17 12:00:00,0.0,0.0,63.47,58.02,43.47,115.684,90.0,0.0,20.0,25.723999999999986,0.0,936.7932
2006-04-17 13:00:00,0.0,0.0,62.29,56.06,42.78,115.41399999999999,90.0,0.0,19.283999999999992,30.0,0.0,953.3932
2006-04-17 14:00:00,0.0,0.0,61.23,54.38,42.33,110.857,90.0,0.0,17.916999999999987,30.0,0.0,969.9932
2006-04-17 15:00:00,0.0,0.0,60.87,53.55,43.01,102.996,90.0,0.0,10.566000000000031,30.0,0.0,986.5932
2006-04-17 16:00:00,0.0,0.0,61.19,54.51,43.94,90.20499999999998,90.0,0.0,0.0,25.565000000000005,0.0,1000.0
2006-04-17 17:00:00,0.0,0.0,61.72,56.4,44.23,72.75800000000001,90.0,0.0,0.0,5.408000000000012,0.0,998.89376
2006-04-17 18:00:00,0.0,0.0,61.12,57.27,44.38,51.76,106.00999999999999,0.0,0.0,0.0,0.0,993.89376
2006-04-17 19:00:00,0.0,0.0,58.89,56.48,43.77,34.706,119.43399999999998,0.0,0.0,0.0,0.0,988.89376
2006-04-17 20:00:00,0.0,0.0,56.14,56.54,41.88,30.649,118.91100000000003,0.0,0.0,0.0,0.0,983.89376
2006-04-17 21:00:00,0.0,0.0,52.58,57.63,38.53,28.811,114.929,0.0,0.0,0.0,0.0,978.89376
2006-04-17 22:00:00,0.0,0.0,49.12,55.71,34.58,29.587000000000003,104.82300000000001,0.0,0.0,0.0,0.0,973.89376
2006-04-17 23:00:00,0.0,0.0,46.83,52.97,31.1,29.422000000000004,96.47800000000001,0.0,0.0,0.0,0.0,968.89376
2006-04-18 00:00:00,0.0,0.0,47.56,54.04,31.08,29.430999999999997,98.24900000000001,0.0,0.0,0.0,0.0,963.89376
2006-04-18 01:00:00,0.0,0.0,47.53,51.82,30.52,29.769,95.101,0.0,0.0,0.0,0.0,958.89376
2006-04-18 02:00:00,0.0,0.0,48.44,50.5,29.59,30.829,90.0,2.7010000000000076,0.0,0.0,0.0,953.89376
2006-04-18 03:00:00,0.0,0.0,50.39,51.37,28.96,31.048,94.672,0.0,0.0,0.0,0.0,948.89376
2006-04-18 04:00:00,0.0,0.0,54.73,54.31,29.33,30.489,90.0,12.881,0.0,0.0,0.0,943.89376
2006-04-18 05:00:00,0.0,0.0,59.46,58.06,32.89,32.38499999999999,113.025,0.0,0.0,0.0,0.0,938.89376
2006-04-18 06:00:00,0.0,0.0,62.97,60.81,38.22,41.775,115.225,0.0,0.0,0.0,0.0,933.89376
2006-04-18 07:00:00,0.0,0.0,64.95,62.4,41.67,55.74499999999999,108.275,0.0,0.0,0.0,0.0,928.89376
2006-04-18 08:00:00,0.0,0.0,66.44,62.85,43.3,79.09099999999998,90.0,0.0,0.0,1.50099999999998,0.0,924.9744800000001
2006-04-18 09:00:00,0.0,0.0,67.83,62.94,43.97,90.084,90.0,0.0,10.343999999999983,0.0,0.0,919.9744800000001
2006-04-18 10:00:00,0.0,0.0,67.81,63.26,44.42,96.42099999999999,90.0,0.0,0.0,15.930999999999987,0.0,926.4448000000001
2006-04-18 11:00:00,0.0,0.0,66.78,62.24,44.6,98.105,90.0,0.0,0.0,19.485000000000003,0.0,935.474
2006-04-18 12:00:00,0.0,0.0,65.38,60.61,44.08,97.177,90.0,0.0,0.0,22.107,0.0,946.3910400000001
2006-04-18 13:00:00,0.0,0.0,64.19,58.65,43.38,93.64699999999999,90.0,0.0,6.921373961218858,15.505626038781134,0.0,952.5550907479225
2006-04-18 14:00:00,0.0,0.0,63.13,56.96,42.94,85.456,90.0,0.0,0.0,17.42599999999997,0.0,960.1018107479224
2006-04-18 15:00:00,0.0,0.0,62.77,56.14,43.62,72.497,90.0,0.0,0.0,4.966999999999995,0.0,958.6780507479224
2006-04-18 16:00:00,0.0,0.0,63.09,57.1,44.55,53.675999999999995,106.06400000000001,0.0,0.0,0.0,0.0,953.6780507479224
2006-04-18 17:00:00,0.0,0.0,63.62,58.98,44.83,30.933,131.497,0.0,0.0,0.0,0.0,948.6780507479224
2006-04-18 18:00:00,0.0,0.0,63.02,59.86,44.98,14.172999999999998,148.687,0.0,0.0,0.0,0.0,943.6780507479224
2006-04-18 19:00:00,0.0,0.0,60.79,59.07,44.37,9.006000000000002,135.0,15.22399999999999,0.0,0.0,0.0,938.6780507479224
2006-04-18 20:00:00,0.0,0.0,58.05,59.12,42.49,9.398,110.0,35.26199999999999,0.0,0.0,0.0,933.6780507479224
2006-04-18 21:00:00,0.0,0.0,54.48,60.21,39.14,9.158999999999999,139.671,0.0,0.0,0.0,0.0,928.6780507479224
2006-04-18 22:00:00,0.0,0.0,51.02,58.3,35.18,9.067,130.433,0.0,0.0,0.0,0.0,923.6780507479224
2006-04-18 23:00:00,0.0,0.0,48.73,55.56,31.7,9.21,121.78000000000002,0.0,0.0,0.0,0.0,918.6780507479224
2006-04-19 00:00:00,0.0,0.0,47.57,52.78,32.01,9.878,114.73999999999995,2.742000000000041,0.0,0.0,0.0,913.6780507479224
2006-04-19 01:00:00,0.0,0.0,47.55,50.56,31.45,10.384,110.0,4.176,0.0,0.0,0.0,908.6780507479224
2006-04-19 02:00:00,0.0,0.0,48.46,49.24,30.52,10.499,110.0,2.7210000000000036,0.0,0.0,0.0,903.6780507479224
2006-04-19 03:00:00,0.0,0.0,50.41,50.1,29.88,10.995,114.39500000000001,0.0,0.0,0.0,0.0,898.6780507479224
2006-04-19 04:00:00,0.0,0.0,54.75,53.04,30.25,11.368000000000002,115.0,6.671999999999997,0.0,0.0,0.0,893.6780507479224
2006-04-19 05:00:00,0.0,0.0,59.48,56.8,33.82,13.668000000000001,115.0,16.431999999999974,0.0,0.0,0.0,888.6780507479224
2006-04-19 06:00:00,0.0,0.0,62.99,59.54,39.15,21.227000000000004,135.453,0.0,0.0,0.0,0.0,883.6780507479224
2006-04-19 07:00:00,0.0,0.0,64.96,61.14,42.6,31.788999999999994,131.911,0.0,0.0,0.0,0.0,878.6780507479224
2006-04-19 08:00:00,0.0,0.0,66.46,61.59,44.23,44.58200000000001,122.69800000000001,0.0,0.0,0.0,0.0,873.6780507479224
2006-04-19 09:00:00,0.0,0.0,67.85,61.68,44.9,55.291999999999994,114.13799999999999,0.0,0.0,0.0,0.0,868.6780507479224
2006-04-19 10:00:00,0.0,0.0,67.83,62.0,45.35,62.138000000000005,108.042,0.0,0.0,0.0,0.0,863.6780507479224
2006-04-19 11:00:00,0.0,0.0,66.8,60.98,45.53,65.74000000000001,102.57,0.0,0.0,0.0,0.0,858.6780507479224
2006-04-19 12:00:00,0.0,0.0,65.39,59.35,45.01,66.475,98.27499999999999,0.0,0.0,0.0,0.0,853.6780507479224
2006-04-19 13:00:00,0.0,0.0,64.21,57.39,44.31,64.34900000000002,96.56099999999998,0.0,0.0,0.0,0.0,848.6780507479224
2006-04-19 14:00:00,0.0,0.0,63.15,55.7,43.86,59.594,98.116,0.0,0.0,0.0,0.0,843.6780507479224
2006-04-19 15:00:00,0.0,0.0,62.79,54.88,44.54,52.05999999999999,105.15,0.0,0.0,0.0,0.0,838.6780507479224
2006-04-19 16:00:00,0.0,0.0,63.11,55.84,45.47,40.607,118.813,0.0,0.0,0.0,0.0,833.6780507479224
2006-04-19 17:00:00,0.0,0.0,63.64,57.72,45.76,26.176000000000002,135.0,0.9440000000000026,0.0,0.0,0.0,828.6780507479224
2006-04-19 18:00:00,0.0,0.0,63.04,58.6,45.91,14.959,135.0,12.591000000000008,0.0,0.0,0.0,823.6780507479224
2006-04-19 19:00:00,0.0,0.0,60.81,57.81,45.3,10.907,110.0,38.013000000000005,0.0,0.0,0.0,818.6780507479224
2006-04-19 20:00:00,0.0,0.0,58.06,57.86,43.42,11.923,135.0,7.416999999999993,0.0,0.0,0.0,813.6780507479224
2006-04-19 21:00:00,0.0,0.0,54.5,58.95,40.06,12.525000000000002,135.0,0.9850000000000065,0.0,0.0,0.0,808.6780507479224
2006-04-19 22:00:00,0.0,0.0,51.04,57.04,36.11,12.634,126.556,0.0,0.0,0.0,0.0,803.6780507479224
2006-04-19 23:00:00,0.0,0.0,48.75,54.3,32.63,12.508,118.172,0.0,0.0,0.0,0.0,798.6780507479224
2006-04-20 00:00:00,0.0,0.0,46.68,50.15,31.67,11.735,111.76500000000001,0.0,0.0,0.0,0.0,793.6780507479224
2006-04-20 01:00:00,0.0,0.0,46.65,47.94,31.11,10.878,109.822,0.0,0.0,0.0,0.0,788.6780507479224
2006-04-20 02:00:00,0.0,0.0,47.56,46.62,30.18,10.291,109.06900000000002,0.0,0.0,0.0,0.0,783.6780507479224
2006-04-20 03:00:00,0.0,0.0,49.52,47.48,29.55,9.587,110.0,1.9629999999999939,0.0,0.0,0.0,778.6780507479224
2006-04-20 04:00:00,0.0,0.0,53.85,50.42,29.92,8.67,120.52,0.0,0.0,0.0,0.0,773.6780507479224
2006-04-20 05:00:00,0.0,0.0,58.58,54.17,33.48,10.379000000000001,130.85099999999997,0.0,0.0,0.0,0.0,768.6780507479224
2006-04-20 06:00:00,0.0,0.0,62.09,56.92,38.82,17.889000000000003,130.0,4.9410000000000025,0.0,0.0,0.0,763.6780507479224
2006-04-20 07:00:00,0.0,0.0,64.07,58.52,42.26,26.394,133.456,0.0,0.0,0.0,0.0,758.6780507479224
2006-04-20 08:00:00,0.0,0.0,65.56,58.96,43.89,36.744,126.666,0.0,0.0,0.0,0.0,753.6780507479224
2006-04-20 09:00:00,0.0,0.0,66.96,59.06,44.56,44.392,121.188,0.0,0.0,0.0,0.0,748.6780507479224
2006-04-20 10:00:00,0.0,0.0,66.94,59.38,45.01,51.107,110.0,5.223000000000015,0.0,0.0,0.0,743.6780507479224
2006-04-20 11:00:00,0.0,0.0,65.91,58.36,45.2,54.541,109.92900000000002,0.0,0.0,0.0,0.0,738.6780507479224
2006-04-20 12:00:00,0.0,0.0,64.5,56.72,44.67,54.049,106.841,0.0,0.0,0.0,0.0,733.6780507479224
2006-04-20 13:00:00,0.0,0.0,63.32,54.77,43.97,50.961,106.09900000000002,0.0,0.0,0.0,0.0,728.6780507479224
2006-04-20 14:00:00,0.0,0.0,62.26,53.08,43.53,44.961000000000006,108.909,0.0,0.0,0.0,0.0,723.6780507479224
2006-04-20 15:00:00,0.0,0.0,61.9,52.25,44.21,37.08,116.28,0.0,0.0,0.0,0.0,718.6780507479224
2006-04-20 16:00:00,0.0,0.0,62.21,53.22,45.14,27.325,128.245,0.0,0.0,0.0,0.0,713.6780507479224
2006-04-20 17:00:00,0.0,0.0,62.74,55.1,45.42,17.483,110.0,30.777000000000015,0.0,0.0,0.0,708.6780507479224
2006-04-20 18:00:00,0.0,0.0,62.14,55.97,45.57,8.411999999999999,130.0,20.268,0.0,0.0,0.0,703.6780507479224
2006-04-20 19:00:00,0.0,0.0,59.92,55.19,44.96,5.511,135.0,14.559000000000001,0.0,0.0,0.0,698.6780507479224
2006-04-20 20:00:00,0.0,0.0,57.17,55.24,43.08,6.747999999999999,135.0,8.742000000000004,0.0,0.0,0.0,693.6780507479224
2006-04-20 21:00:00,0.0,0.0,53.61,56.33,39.73,7.772,110.0,26.897999999999982,0.0,0.0,0.0,688.6780507479224
2006-04-20 22:00:00,0.0,0.0,50.14,54.42,35.77,7.965,127.36500000000001,0.0,0.0,0.0,0.0,683.6780507479224
2006-04-20 23:00:00,0.0,0.0,47.85,51.67,32.29,8.382,118.428,0.0,0.0,0.0,0.0,678.6780507479224
2006-04-21 00:00:00,0.0,0.0,44.66,46.46,30.26,9.353,107.02700000000002,0.0,0.0,0.0,0.0,673.6780507479224
2006-04-21 01:00:00,0.0,0.0,44.63,44.24,29.69,9.803,103.757,0.0,0.0,0.0,0.0,668.6780507479224
2006-04-21 02:00:00,0.0,0.0,45.54,42.92,28.77,10.016,102.21400000000001,0.0,0.0,0.0,0.0,663.6780507479224
2006-04-21 03:00:00,0.0,0.0,47.5,43.78,28.13,9.939,104.47099999999999,0.0,0.0,0.0,0.0,658.6780507479224
2006-04-21 04:00:00,0.0,0.0,51.83,46.73,28.5,10.422,111.638,0.0,0.0,0.0,0.0,653.6780507479224
2006-04-21 05:00:00,0.0,0.0,56.56,50.48,32.06,12.704,121.39600000000002,0.0,0.0,0.0,0.0,648.6780507479224
2006-04-21 06:00:00,0.0,0.0,60.08,53.22,37.4,19.286,126.414,0.0,0.0,0.0,0.0,643.6780507479224
2006-04-21 07:00:00,0.0,0.0,62.05,54.82,40.85,29.523,123.19699999999999,0.0,0.0,0.0,0.0,638.6780507479224
2006-04-21 08:00:00,0.0,0.0,63.54,55.27,42.47,41.346,110.0,4.934000000000012,0.0,0.0,0.0,633.6780507479224
2006-04-21 09:00:00,0.0,0.0,64.94,55.36,43.15,51.498000000000005,106.952,0.0,0.0,0.0,0.0,628.6780507479224
2006-04-21 10:00:00,0.0,0.0,64.92,55.68,43.6,56.635000000000005,102.56500000000001,0.0,0.0,0.0,0.0,623.6780507479224
2006-04-21 11:00:00,0.0,0.0,63.89,54.66,43.78,59.28900000000001,98.041,0.0,0.0,0.0,0.0,618.6780507479224
2006-04-21 12:00:00,0.0,0.0,62.48,53.03,43.26,59.367999999999995,94.402,0.0,0.0,0.0,0.0,613.6780507479224
2006-04-21 13:00:00,0.0,0.0,61.3,51.07,42.56,57.483999999999995,92.44600000000001,0.0,0.0,0.0,0.0,608.6780507479224
2006-04-21 14:00:00,0.0,0.0,60.24,49.38,42.11,52.242000000000004,94.488,0.0,0.0,0.0,0.0,603.6780507479224
2006-04-21 15:00:00,0.0,0.0,59.88,48.56,42.79,44.744,101.48600000000002,0.0,0.0,0.0,0.0,598.6780507479224
2006-04-21 16:00:00,0.0,0.0,60.19,49.52,43.72,36.461999999999996,111.968,0.0,0.0,0.0,0.0,593.6780507479224
2006-04-21 17:00:00,0.0,0.0,60.73,51.4,44.01,27.479,123.661,0.0,0.0,0.0,0.0,588.6780507479224
2006-04-21 18:00:00,0.0,0.0,60.12,52.28,44.16,16.247,135.313,0.0,0.0,0.0,0.0,583.6780507479224
2006-04-21 19:00:00,0.0,0.0,57.9,51.49,43.55,9.424,115.0,23.516000000000005,0.0,0.0,0.0,578.6780507479224
2006-04-21 20:00:00,0.0,0.0,55.15,51.54,41.66,10.158000000000001,133.192,0.0,0.0,0.0,0.0,573.6780507479224
2006-04-21 21:00:00,0.0,0.0,51.59,52.63,38.31,10.754,126.77600000000002,0.0,0.0,0.0,0.0,568.6780507479224
2006-04-21 22:00:00,0.0,0.0,48.12,50.72,34.36,10.829,117.371,0.0,0.0,0.0,0.0,563.6780507479224
2006-04-21 23:00:00,0.0,0.0,45.83,47.98,30.88,12.071,107.619,0.0,0.0,0.0,0.0,558.6780507479224
2006-04-22 00:00:00,0.0,0.0,37.11,40.33,28.19,13.732,90.0,0.0,0.0,3.1019999999999968,0.0,555.9114907479224
2006-04-22 01:00:00,0.0,0.0,37.08,38.12,27.63,15.776,90.0,0.0,0.0,7.9460000000000015,0.0,556.6326107479224
2006-04-22 02:00:00,0.0,0.0,37.99,36.79,26.7,17.149,90.0,0.0,10.668999999999983,0.0,0.0,551.6326107479224
2006-04-22 03:00:00,0.0,0.0,39.94,37.66,26.07,18.629,90.0,0.0,0.0,9.958999999999989,0.0,553.8030907479224
2006-04-22 04:00:00,0.0,0.0,44.28,40.6,26.43,19.537999999999997,90.0,0.0,0.0,3.22799999999998,0.0,551.1272507479224
2006-04-22 05:00:00,0.0,0.0,49.01,44.35,30.0,22.683,95.67700000000002,0.0,0.0,0.0,0.0,546.1272507479224
2006-04-22 06:00:00,0.0,0.0,52.52,47.1,35.33,32.655,97.29500000000002,0.0,0.0,0.0,0.0,541.1272507479224
2006-04-22 07:00:00,0.0,0.0,54.5,48.7,38.78,46.769,90.211,0.0,0.0,0.0,0.0,536.1272507479224
2006-04-22 08:00:00,0.0,0.0,55.99,49.14,40.41,59.523,90.0,0.0,8.982999999999976,0.0,0.0,531.1272507479224
2006-04-22 09:00:00,0.0,0.0,57.39,49.24,41.08,71.809,90.0,0.0,0.0,19.09899999999999,0.0,539.8785307479224
2006-04-22 10:00:00,0.0,0.0,57.36,49.56,41.53,80.10900000000001,90.0,0.0,26.658999999999985,0.0,0.0,534.8785307479224
2006-04-22 11:00:00,0.0,0.0,56.33,48.54,41.71,84.205,90.0,0.0,2.624999999999986,30.0,0.0,551.4785307479224
2006-04-22 12:00:00,0.0,0.0,54.93,46.9,41.19,84.28200000000001,90.0,0.0,6.261999999999995,30.0,0.0,568.0785307479224
2006-04-22 13:00:00,0.0,0.0,53.74,44.95,40.49,80.551,90.0,0.0,6.370999999999981,30.0,0.0,584.6785307479224
2006-04-22 14:00:00,0.0,0.0,52.68,43.26,40.05,73.154,90.0,0.0,20.0,12.163999999999998,0.0,588.4366107479224
2006-04-22 15:00:00,0.0,0.0,52.33,42.43,40.73,63.24700000000001,90.0,0.0,0.0,22.757000000000016,0.0,599.8216507479224
2006-04-22 16:00:00,0.0,0.0,52.64,43.4,41.66,51.311,90.0,0.0,0.0,8.610999999999994,0.0,601.0215707479224
2006-04-22 17:00:00,0.0,0.0,53.17,45.28,41.94,38.358,97.03200000000001,0.0,0.0,0.0,0.0,596.0215707479224
2006-04-22 18:00:00,0.0,0.0,52.57,46.15,42.09,27.268000000000004,108.542,0.0,0.0,0.0,0.0,591.0215707479224
2006-04-22 19:00:00,0.0,0.0,50.35,45.37,41.48,22.869000000000003,109.33099999999999,0.0,0.0,0.0,0.0,586.0215707479224
2006-04-22 20:00:00,0.0,0.0,47.6,45.42,39.6,21.311,106.309,0.0,0.0,0.0,0.0,581.0215707479224
2006-04-22 21:00:00,0.0,0.0,44.03,46.51,36.25,17.66,104.13,0.0,0.0,0.0,0.0,576.0215707479224
2006-04-22 22:00:00,0.0,0.0,40.57,44.6,32.29,15.654,96.806,0.0,0.0,0.0,0.0,571.0215707479224
2006-04-22 23:00:00,0.0,0.0,38.28,41.85,28.81,13.658999999999999,90.0,0.2810000000000201,0.0,0.0,0.0,566.0215707479224
2006-04-23 00:00:00,0.0,0.0,33.65,37.76,27.66,12.780000000000001,90.0,0.0,0.0,8.710000000000008,0.0,567.2927707479224
2006-04-23 01:00:00,0.0,0.0,33.62,35.54,27.1,13.024000000000001,90.0,0.0,0.0,11.764,0.0,570.7628507479225
2006-04-23 02:00:00,0.0,0.0,34.53,34.22,26.18,13.234,90.0,0.0,13.303999999999984,0.0,0.0,565.7628507479225
2006-04-23 03:00:00,0.0,0.0,36.49,35.09,25.54,13.479000000000001,90.0,0.0,0.0,11.358999999999984,0.0,568.9413307479225
2006-04-23 04:00:00,0.0,0.0,40.82,38.03,25.91,13.385000000000002,90.0,0.0,0.0,3.6249999999999964,0.0,566.5513307479225
2006-04-23 05:00:00,0.0,0.0,45.56,41.78,29.47,14.773000000000001,97.037,0.0,0.0,0.0,0.0,561.5513307479225
2006-04-23 06:00:00,0.0,0.0,49.07,44.53,34.81,19.901,103.509,0.0,0.0,0.0,0.0,556.5513307479225
2006-04-23 07:00:00,0.0,0.0,51.04,46.12,38.25,28.504,101.906,0.0,0.0,0.0,0.0,551.5513307479225
2006-04-23 08:00:00,0.0,0.0,52.53,46.57,39.88,41.971000000000004,92.009,0.0,0.0,0.0,0.0,546.5513307479225
2006-04-23 09:00:00,0.0,0.0,53.93,46.66,40.56,52.416999999999994,90.0,0.0,0.0,6.266999999999985,0.0,546.0635707479225
2006-04-23 10:00:00,0.0,0.0,53.91,46.98,41.0,56.272,90.0,0.0,0.0,9.381999999999987,0.0,547.8186107479225
2006-04-23 11:00:00,0.0,0.0,52.88,45.96,41.19,56.949,90.0,0.0,0.0,11.918999999999986,0.0,551.4002907479226
2006-04-23 12:00:00,0.0,0.0,51.47,44.33,40.66,55.54,90.0,0.0,13.79967620806373,0.2803237919362939,0.0,546.6021238781167
2006-04-23 13:00:00,0.0,0.0,50.29,42.37,39.96,52.283,90.0,0.0,0.0,14.663000000000014,0.0,552.1594838781167
2006-04-23 14:00:00,0.0,0.0,49.23,40.68,39.52,47.03,90.0,0.0,0.0,12.599999999999998,0.0,556.2314838781167
2006-04-23 15:00:00,0.0,0.0,48.87,39.86,40.2,39.68,90.0,0.0,0.0,5.7500000000000036,0.0,555.3714838781167
2006-04-23 16:00:00,0.0,0.0,49.19,40.82,41.13,30.929000000000002,95.21099999999998,0.0,0.0,0.0,0.0,550.3714838781167
2006-04-23 17:00:00,0.0,0.0,49.72,42.7,41.41,21.787999999999997,107.042,0.0,0.0,0.0,0.0,545.3714838781167
2006-04-23 18:00:00,0.0,0.0,49.12,43.58,41.56,13.15,115.0,1.1100000000000003,0.0,0.0,0.0,540.3714838781167
2006-04-23 19:00:00,0.0,0.0,46.89,42.79,40.95,9.379,116.251,0.0,0.0,0.0,0.0,535.3714838781167
2006-04-23 20:00:00,0.0,0.0,44.14,42.84,39.07,10.748000000000001,110.302,0.0,0.0,0.0,0.0,530.3714838781167
2006-04-23 21:00:00,0.0,0.0,40.58,43.93,35.72,11.757000000000001,103.47300000000001,0.0,0.0,0.0,0.0,525.3714838781167
2006-04-23 22:00:00,0.0,0.0,37.12,42.02,31.76,10.672,95.22800000000001,0.0,0.0,0.0,0.0,520.3714838781167
2006-04-23 23:00:00,0.0,0.0,34.82,39.28,28.29,10.358,90.0,0.0,0.0,2.9679999999999715,0.0,517.5084438781166
2006-04-24 00:00:00,0.0,0.0,44.78,43.82,29.75,10.402999999999999,102.947,0.0,0.0,0.0,0.0,512.5084438781166
2006-04-24 01:00:00,0.0,0.0,44.75,41.61,29.19,11.015999999999998,99.53400000000002,0.0,0.0,0.0,0.0,507.5084438781166
2006-04-24 02:00:00,0.0,0.0,45.66,40.29,28.26,12.462,96.748,0.0,0.0,0.0,0.0,502.5084438781166
2006-04-24 03:00:00,0.0,0.0,47.62,41.15,27.63,13.853000000000002,97.547,0.0,0.0,0.0,0.0,497.5084438781166
2006-04-24 04:00:00,0.0,0.0,51.95,44.09,27.99,16.453,102.577,0.0,0.0,0.0,0.0,492.5084438781166
2006-04-24 05:00:00,0.0,0.0,56.68,47.84,31.56,20.697,110.38300000000001,0.0,0.0,0.0,0.0,487.5084438781166
2006-04-24 06:00:00,0.0,0.0,60.2,50.59,36.89,31.968999999999998,110.711,0.0,0.0,0.0,0.0,482.5084438781166
2006-04-24 07:00:00,0.0,0.0,62.17,52.19,40.34,46.563,103.13700000000003,0.0,0.0,0.0,0.0,477.5084438781166
2006-04-24 08:00:00,0.0,0.0,63.66,52.63,41.97,60.099999999999994,93.16000000000001,0.0,0.0,0.0,0.0,472.5084438781166
2006-04-24 09:00:00,0.0,0.0,65.06,52.73,42.64,71.277,90.0,0.0,0.0,5.846999999999994,0.0,471.7182838781166
2006-04-24 10:00:00,0.0,0.0,65.04,53.05,43.09,77.59,90.0,0.0,0.0,11.409999999999993,0.0,474.9334838781166
2006-04-24 11:00:00,0.0,0.0,64.01,52.03,43.27,80.966,90.0,0.0,0.0,16.655999999999977,0.0,481.9258038781166
2006-04-24 12:00:00,0.0,0.0,62.6,50.39,42.75,80.97,90.0,0.0,20.230000000000004,0.0,0.0,476.9258038781166
2006-04-24 13:00:00,0.0,0.0,61.42,48.44,42.05,76.532,90.0,0.0,0.0,19.62200000000002,0.0,486.0536438781166
2006-04-24 14:00:00,0.0,0.0,60.36,46.75,41.6,68.023,90.0,0.0,0.0,14.312999999999981,0.0,491.3590038781166
2006-04-24 15:00:00,0.0,0.0,60.0,45.92,42.29,57.771,90.0,0.0,0.0,4.560999999999989,0.0,489.64292387811656
2006-04-24 16:00:00,0.0,0.0,60.31,46.89,43.21,48.865,90.0,6.545000000000013,0.0,0.0,0.0,484.64292387811656
2006-04-24 17:00:00,0.0,0.0,60.85,48.77,43.5,42.052,106.068,0.0,0.0,0.0,0.0,479.64292387811656
2006-04-24 18:00:00,0.0,0.0,60.24,49.64,43.65,34.645,113.88499999999999,0.0,0.0,0.0,0.0,474.64292387811656
2006-04-24 19:00:00,0.0,0.0,58.02,48.86,43.04,31.307,113.613,0.0,0.0,0.0,0.0,469.64292387811656
2006-04-24 20:00:00,0.0,0.0,55.27,48.91,41.16,32.135999999999996,108.20400000000001,0.0,0.0,0.0,0.0,464.64292387811656
2006-04-24 21:00:00,0.0,0.0,51.71,50.0,37.81,32.643,101.87700000000001,0.0,0.0,0.0,0.0,459.64292387811656
2006-04-24 22:00:00,0.0,0.0,48.25,48.09,33.85,32.912,92.27800000000002,0.0,0.0,0.0,0.0,454.64292387811656
2006-04-24 23:00:00,0.0,0.0,45.95,45.34,30.37,33.678000000000004,90.0,0.0,7.017999999999985,0.0,0.0,449.64292387811656
2006-04-25 00:00:00,0.0,0.0,45.61,45.52,29.18,33.52,90.0,0.0,0.0,8.209999999999983,0.0,450.55412387811657
2006-04-25 01:00:00,0.0,0.0,45.58,43.31,28.61,33.512,90.0,0.0,0.0,11.011999999999997,0.0,453.48276387811654
2006-04-25 02:00:00,0.0,0.0,46.49,41.99,27.69,33.491,90.0,0.0,12.320999999999993,0.0,0.0,448.48276387811654
2006-04-25 03:00:00,0.0,0.0,48.45,42.85,27.05,32.296,90.0,0.0,0.0,8.945999999999987,0.0,449.92388387811656
2006-04-25 04:00:00,0.0,0.0,52.78,45.79,27.42,31.792,90.0,0.0,0.0,0.8019999999999889,0.0,445.5013238781165
2006-04-25 05:00:00,0.0,0.0,57.51,49.54,30.98,34.273,98.75699999999999,0.0,0.0,0.0,0.0,440.5013238781165
2006-04-25 06:00:00,0.0,0.0,61.02,52.29,36.32,41.937999999999995,102.69200000000001,0.0,0.0,0.0,0.0,435.5013238781165
2006-04-25 07:00:00,0.0,0.0,63.0,53.89,39.77,52.150999999999996,99.509,0.0,0.0,0.0,0.0,430.5013238781165
2006-04-25 08:00:00,0.0,0.0,64.49,54.33,41.39,64.986,90.224,0.0,0.0,0.0,0.0,425.5013238781165
2006-04-25 09:00:00,0.0,0.0,65.89,54.43,42.07,75.614,90.0,0.0,0.0,8.224000000000022,0.0,426.42260387811655
2006-04-25 10:00:00,0.0,0.0,65.87,54.75,42.52,81.32900000000001,90.0,0.0,13.188999999999972,0.0,0.0,421.42260387811655
2006-04-25 11:00:00,0.0,0.0,64.84,53.73,42.7,85.203,90.0,0.0,0.0,18.93299999999999,0.0,430.05436387811653
2006-04-25 12:00:00,0.0,0.0,63.43,52.09,42.17,87.001,90.0,0.0,0.0,24.311000000000007,0.0,442.5582838781165
2006-04-25 13:00:00,0.0,0.0,62.25,50.14,41.48,85.168,90.0,0.0,0.0,26.298000000000005,0.0,456.4928438781165
2006-04-25 14:00:00,0.0,0.0,61.18,48.45,41.03,79.213,90.0,0.0,0.0,23.553000000000008,0.0,468.4510038781165
2006-04-25 15:00:00,0.0,0.0,60.83,47.62,41.71,69.096,90.0,0.0,13.935999999999993,0.0,0.0,463.4510038781165
2006-04-25 16:00:00,0.0,0.0,61.14,48.59,42.64,58.25599999999999,90.0,0.0,0.885999999999953,0.0,0.0,458.4510038781165
2006-04-25 17:00:00,0.0,0.0,61.67,50.47,42.93,46.375,103.01753472222272,0.6774652777772818,0.0,0.0,0.0,453.4510038781165
2006-04-25 18:00:00,0.0,0.0,61.07,51.34,43.08,33.588,116.90199999999999,0.0,0.0,0.0,0.0,448.4510038781165
2006-04-25 19:00:00,0.0,0.0,58.85,50.56,42.47,25.160999999999998,110.0,11.718999999999994,0.0,0.0,0.0,443.4510038781165
2006-04-25 20:00:00,0.0,0.0,56.1,50.61,40.58,27.107,115.18300000000002,0.0,0.0,0.0,0.0,438.4510038781165
2006-04-25 21:00:00,0.0,0.0,52.54,51.7,37.23,27.488000000000003,108.982,0.0,0.0,0.0,0.0,433.4510038781165
2006-04-25 22:00:00,0.0,0.0,49.07,49.79,33.28,27.266,99.874,0.0,0.0,0.0,0.0,428.4510038781165
2006-04-25 23:00:00,0.0,0.0,46.78,47.04,29.8,26.102000000000004,90.0,2.5179999999999954,0.0,0.0,0.0,423.4510038781165
2006-04-26 00:00:00,0.0,0.0,46.23,46.87,30.76,25.547,93.31299999999999,0.0,0.0,0.0,0.0,418.4510038781165
2006-04-26 01:00:00,0.0,0.0,46.2,44.65,30.2,25.438,90.0,0.6120000000000232,0.0,0.0,0.0,413.4510038781165
2006-04-26 02:00:00,0.0,0.0,47.11,43.33,29.27,25.145000000000003,90.0,0.0,0.0,0.43499999999998806,0.0,408.7642038781165
2006-04-26 03:00:00,0.0,0.0,49.07,44.2,28.64,24.696,92.214,0.0,0.0,0.0,0.0,403.7642038781165
2006-04-26 04:00:00,0.0,0.0,53.4,47.14,29.0,22.485,102.05499999999999,0.0,0.0,0.0,0.0,398.7642038781165
2006-04-26 05:00:00,0.0,0.0,58.13,50.89,32.57,22.622,113.96799999999999,0.0,0.0,0.0,0.0,393.7642038781165
2006-04-26 06:00:00,0.0,0.0,61.64,53.64,37.9,31.169999999999998,110.0,7.009999999999989,0.0,0.0,0.0,388.7642038781165
2006-04-26 07:00:00,0.0,0.0,63.62,55.23,41.35,41.452999999999996,113.747,0.0,0.0,0.0,0.0,383.7642038781165
2006-04-26 08:00:00,0.0,0.0,65.11,55.68,42.98,53.147999999999996,105.622,0.0,0.0,0.0,0.0,378.7642038781165
2006-04-26 09:00:00,0.0,0.0,66.51,55.77,43.65,63.29299999999999,97.63700000000003,0.0,0.0,0.0,0.0,373.7642038781165
2006-04-26 10:00:00,0.0,0.0,66.49,56.1,44.1,67.483,94.20699999999998,0.0,0.0,0.0,0.0,368.7642038781165
2006-04-26 11:00:00,0.0,0.0,65.46,55.07,44.28,68.291,91.51899999999998,0.0,0.0,0.0,0.0,363.7642038781165
2006-04-26 12:00:00,0.0,0.0,64.05,53.44,43.76,67.221,90.0,0.0,0.9710000000000036,0.0,0.0,358.7642038781165
2006-04-26 13:00:00,0.0,0.0,62.87,51.48,43.06,63.608999999999995,90.0,0.0,1.1989999999999839,0.0,0.0,353.7642038781165
2006-04-26 14:00:00,0.0,0.0,61.81,49.8,42.61,57.041000000000004,90.0,2.1790000000000163,0.0,0.0,0.0,348.7642038781165
2006-04-26 15:00:00,0.0,0.0,61.45,48.97,43.3,48.19199999999999,100.52799999999999,0.0,0.0,0.0,0.0,343.7642038781165
2006-04-26 16:00:00,0.0,0.0,61.76,49.93,44.22,36.90899999999999,110.0,4.001000000000005,0.0,0.0,0.0,338.7642038781165
2006-04-26 17:00:00,0.0,0.0,62.29,51.82,44.51,24.07,110.0,19.549999999999986,0.0,0.0,0.0,333.7642038781165
2006-04-26 18:00:00,0.0,0.0,61.69,52.69,44.66,12.097000000000001,135.0,6.942999999999984,0.0,0.0,0.0,328.7642038781165
2006-04-26 19:00:00,0.0,0.0,59.47,51.9,44.05,5.733,135.0,9.687,0.0,0.0,0.0,323.7642038781165
2006-04-26 20:00:00,0.0,0.0,56.72,51.96,42.17,6.506,110.0,29.34400000000001,0.0,0.0,0.0,318.7642038781165
2006-04-26 21:00:00,0.0,0.0,53.16,53.05,38.82,6.885,133.14499999999998,0.0,0.0,0.0,0.0,313.7642038781165
2006-04-26 22:00:00,0.0,0.0,49.69,51.13,34.86,6.992000000000001,110.0,13.688000000000002,0.0,0.0,0.0,308.7642038781165
2006-04-26 23:00:00,0.0,0.0,47.4,48.39,31.38,7.254,114.91599999999998,0.0,0.0,0.0,0.0,303.7642038781165
2006-04-27 00:00:00,0.0,0.0,46.37,48.74,30.97,8.184000000000001,112.89600000000002,0.0,0.0,0.0,0.0,298.7642038781165
2006-04-27 01:00:00,0.0,0.0,46.34,46.53,30.41,9.104,109.17600000000002,0.0,0.0,0.0,0.0,293.7642038781165
2006-04-27 02:00:00,0.0,0.0,47.25,45.21,29.48,9.42,107.52,0.0,0.0,0.0,0.0,288.7642038781165
2006-04-27 03:00:00,0.0,0.0,49.21,46.07,28.84,10.190999999999999,108.92900000000002,0.0,0.0,0.0,0.0,283.7642038781165
2006-04-27 04:00:00,0.0,0.0,53.54,49.01,29.21,10.791,115.96900000000001,0.0,0.0,0.0,0.0,278.7642038781165
2006-04-27 05:00:00,0.0,0.0,58.27,52.77,32.77,14.646,124.16400000000002,0.0,0.0,0.0,0.0,273.7642038781165
2006-04-27 06:00:00,0.0,0.0,61.79,55.51,38.11,24.42,90.0,35.989999999999995,0.0,0.0,0.0,268.7642038781165
2006-04-27 07:00:00,0.0,0.0,63.76,57.11,41.56,38.258,110.0,9.172000000000011,0.0,0.0,0.0,263.7642038781165
2006-04-27 08:00:00,0.0,0.0,65.25,57.56,43.18,53.988,107.00200000000001,0.0,0.0,0.0,0.0,258.7642038781165
2006-04-27 09:00:00,0.0,0.0,66.65,57.65,43.86,65.80699999999999,97.35300000000001,0.0,0.0,0.0,0.0,253.7642038781165
2006-04-27 10:00:00,0.0,0.0,66.63,57.97,44.31,72.21000000000001,91.70000000000002,0.0,0.0,0.0,0.0,248.7642038781165
2006-04-27 11:00:00,0.0,0.0,65.6,56.95,44.49,76.06,90.0,0.0,4.02000000000001,0.0,0.0,243.7642038781165
2006-04-27 12:00:00,0.0,0.0,64.19,55.32,43.97,79.67,90.0,0.0,0.0,11.190000000000001,0.0,246.8210038781165
2006-04-27 13:00:00,0.0,0.0,63.01,53.36,43.27,81.106,90.0,0.0,16.465999999999987,0.0,0.0,241.8210038781165
2006-04-27 14:00:00,0.0,0.0,61.95,51.67,42.82,80.412,90.0,0.0,0.0,18.972000000000005,0.0,250.4808438781165
2006-04-27 15:00:00,0.0,0.0,61.59,50.85,43.5,76.786,90.0,0.0,0.0,15.845999999999968,0.0,256.8899638781165
2006-04-27 16:00:00,0.0,0.0,61.9,51.81,44.43,68.922,90.0,0.0,0.0,5.781999999999957,0.0,256.05300387811644
2006-04-27 17:00:00,0.0,0.0,62.44,53.69,44.72,57.239999999999995,98.61,0.0,0.0,0.0,0.0,251.05300387811644
2006-04-27 18:00:00,0.0,0.0,61.83,54.57,44.87,42.007,114.26299999999999,0.0,0.0,0.0,0.0,246.05300387811644
2006-04-27 19:00:00,0.0,0.0,59.61,53.78,44.26,30.023,115.0,7.62700000000001,0.0,0.0,0.0,241.05300387811644
2006-04-27 20:00:00,0.0,0.0,56.86,53.83,42.37,29.137999999999998,118.922,0.0,0.0,0.0,0.0,236.05300387811644
2006-04-27 21:00:00,0.0,0.0,53.3,54.92,39.02,27.876,114.364,0.0,0.0,0.0,0.0,231.05300387811644
2006-04-27 22:00:00,0.0,0.0,49.84,53.01,35.07,25.798000000000002,107.12200000000001,0.0,0.0,0.0,0.0,226.05300387811644
2006-04-27 23:00:00,0.0,0.0,47.54,50.27,31.59,24.165999999999997,100.23400000000001,0.0,0.0,0.0,0.0,221.05300387811644
2006-04-28 00:00:00,0.0,0.0,45.95,50.88,30.59,23.157,99.263,0.0,0.0,0.0,0.0,216.05300387811644
2006-04-28 01:00:00,0.0,0.0,45.92,48.67,30.03,22.714,96.90600000000002,0.0,0.0,0.0,0.0,211.05300387811644
2006-04-28 02:00:00,0.0,0.0,46.83,47.34,29.1,21.512999999999998,96.757,0.0,0.0,0.0,0.0,206.05300387811644
2006-04-28 03:00:00,0.0,0.0,48.79,48.21,28.47,21.397,99.07300000000001,0.0,0.0,0.0,0.0,201.05300387811644
2006-04-28 04:00:00,0.0,0.0,53.12,51.15,28.84,20.270999999999997,107.839,0.0,0.0,0.0,0.0,196.05300387811644
2006-04-28 05:00:00,0.0,0.0,57.86,54.9,32.4,24.622000000000003,110.0,5.53799999999999,0.0,0.0,0.0,191.05300387811644
2006-04-28 06:00:00,0.0,0.0,61.37,57.65,37.73,37.035999999999994,114.714,0.0,0.0,0.0,0.0,186.05300387811644
2006-04-28 07:00:00,0.0,0.0,63.34,59.25,41.18,56.459,102.311,0.0,0.0,0.0,0.0,181.05300387811644
2006-04-28 08:00:00,0.0,0.0,64.84,59.69,42.81,73.009,90.0,0.0,0.6690000000000111,0.0,0.0,176.05300387811644
2006-04-28 09:00:00,0.0,0.0,66.23,59.79,43.48,84.368,90.0,0.0,0.0,9.868000000000006,0.0,178.15796387811645
2006-04-28 10:00:00,0.0,0.0,66.21,60.11,43.93,90.922,90.0,0.0,15.672000000000025,0.0,0.0,173.15796387811645
2006-04-28 11:00:00,0.0,0.0,65.18,59.09,44.11,95.023,90.0,0.0,20.045132963988916,1.5978670360110687,0.0,169.30842814404443
2006-04-28 12:00:00,0.0,0.0,63.77,57.45,43.59,97.295,90.0,0.0,0.0,27.485000000000007,0.0,184.09762814404442
2006-04-28 13:00:00,0.0,0.0,62.59,55.5,42.89,97.512,90.0,0.0,1.5320000000000107,30.0,0.0,200.69762814404442
2006-04-28 14:00:00,0.0,0.0,61.53,53.81,42.45,95.051,90.0,0.0,20.0,12.260999999999989,0.0,204.5255481440444
2006-04-28 15:00:00,0.0,0.0,61.17,52.98,43.13,88.77699999999999,90.0,0.0,0.0,26.497000000000003,0.0,218.6033881440444
2006-04-28 16:00:00,0.0,0.0,61.49,53.95,44.06,78.687,90.0,0.0,0.0,14.186999999999976,0.0,223.81802814404438
2006-04-28 17:00:00,0.0,0.0,62.02,55.83,44.34,64.46600000000001,92.72399999999999,0.0,0.0,0.0,0.0,218.81802814404438
2006-04-28 18:00:00,0.0,0.0,61.42,56.7,44.49,47.097,110.513,0.0,0.0,0.0,0.0,213.81802814404438
2006-04-28 19:00:00,0.0,0.0,59.19,55.92,43.88,32.05200000000001,110.0,11.937999999999988,0.0,0.0,0.0,208.81802814404438
2006-04-28 20:00:00,0.0,0.0,56.44,55.97,42.0,28.86,120.55,0.0,0.0,0.0,0.0,203.81802814404438
2006-04-28 21:00:00,0.0,0.0,52.88,57.06,38.65,27.419999999999998,116.17000000000002,0.0,0.0,0.0,0.0,198.81802814404438
2006-04-28 22:00:00,0.0,0.0,49.42,55.15,34.69,26.159,108.101,0.0,0.0,0.0,0.0,193.81802814404438
2006-04-28 23:00:00,0.0,0.0,47.12,52.4,31.21,25.726,100.004,0.0,0.0,0.0,0.0,188.81802814404438
2006-04-29 00:00:00,0.0,0.0,39.02,50.89,28.68,25.396,90.0,0.0,1.8060000000000072,0.0,0.0,183.81802814404438
2006-04-29 01:00:00,0.0,0.0,38.99,48.67,28.11,24.782,90.0,0.0,0.0,4.01199999999999,0.0,181.70666814404436
2006-04-29 02:00:00,0.0,0.0,39.9,47.35,27.19,24.432000000000002,90.0,0.0,0.0,4.991999999999994,0.0,180.30090814404434
2006-04-29 03:00:00,0.0,0.0,41.86,48.22,26.55,24.342,90.0,0.0,2.7119999999999953,0.0,0.0,175.30090814404434
2006-04-29 04:00:00,0.0,0.0,46.19,51.16,26.92,23.835,95.435,0.0,0.0,0.0,0.0,170.30090814404434
2006-04-29 05:00:00,0.0,0.0,50.92,54.91,30.48,27.963,103.34700000000001,0.0,0.0,0.0,0.0,165.30090814404434
2006-04-29 06:00:00,0.0,0.0,54.43,57.66,35.82,40.795,102.11500000000002,0.0,0.0,0.0,0.0,160.30090814404434
2006-04-29 07:00:00,0.0,0.0,56.41,59.25,39.27,60.863,90.0,0.0,0.0,0.9329999999999892,0.0,155.97266814404435
2006-04-29 08:00:00,0.0,0.0,57.9,59.7,40.89,73.50800000000001,90.0,0.0,3.7659279778393056,6.252072022160693,0.0,155.47416000000004
2006-04-29 09:00:00,0.0,0.0,59.3,59.79,41.57,80.688,90.0,0.0,0.0,15.028000000000002,0.0,161.29432000000006
2006-04-29 10:00:00,0.0,0.0,59.28,60.11,42.02,83.22,90.0,0.0,16.809999999999988,0.0,0.0,156.29432000000006
2006-04-29 11:00:00,0.0,0.0,58.25,59.09,42.2,83.74800000000002,90.0,0.0,0.0,19.208000000000016,0.0,165.12408000000008
2006-04-29 12:00:00,0.0,0.0,56.84,57.46,41.67,81.757,90.0,0.0,0.0,20.786999999999974,0.0,175.09072000000006
2006-04-29 13:00:00,0.0,0.0,55.66,55.5,40.98,78.28,90.0,0.0,0.0,21.14000000000001,0.0,185.31152000000006
2006-04-29 14:00:00,0.0,0.0,54.6,53.81,40.53,72.624,90.0,0.0,0.0,18.683999999999973,0.0,193.76400000000004
2006-04-29 15:00:00,0.0,0.0,54.24,52.99,41.21,63.996,90.0,0.0,0.0,10.555999999999973,0.0,196.36432000000002
2006-04-29 16:00:00,0.0,0.0,54.55,53.95,42.14,54.063,91.57700000000003,0.0,0.0,0.0,0.0,191.36432000000002
2006-04-29 17:00:00,0.0,0.0,55.09,55.83,42.43,40.88,90.0,17.47,0.0,0.0,0.0,186.36432000000002
2006-04-29 18:00:00,0.0,0.0,54.48,56.71,42.58,25.135,123.63499999999999,0.0,0.0,0.0,0.0,181.36432000000002
2006-04-29 19:00:00,0.0,0.0,52.26,55.92,41.97,13.098,132.052,0.0,0.0,0.0,0.0,176.36432000000002
2006-04-29 20:00:00,0.0,0.0,49.51,55.97,40.08,11.581999999999999,128.978,0.0,0.0,0.0,0.0,171.36432000000002
2006-04-29 21:00:00,0.0,0.0,45.95,57.06,36.73,11.422999999999998,123.31700000000001,0.0,0.0,0.0,0.0,166.36432000000002
2006-04-29 22:00:00,0.0,0.0,42.48,55.15,32.78,10.576,110.0,4.8340000000000085,0.0,0.0,0.0,161.36432000000002
2006-04-29 23:00:00,0.0,0.0,40.19,52.41,29.3,10.209,106.691,0.0,0.0,0.0,0.0,156.36432000000002
2006-04-30 00:00:00,0.0,0.0,35.14,48.44,28.34,9.891,97.02900000000002,0.0,0.0,0.0,0.0,151.36432000000002
2006-04-30 01:00:00,0.0,0.0,35.11,46.23,27.77,9.654,94.45599999999999,0.0,0.0,0.0,0.0,146.36432000000002
2006-04-30 02:00:00,0.0,0.0,36.02,44.91,26.85,9.442,93.33800000000001,0.0,0.0,0.0,0.0,141.36432000000002
2006-04-30 03:00:00,0.0,0.0,37.98,45.77,26.21,9.359,95.60100000000003,0.0,0.0,0.0,0.0,136.36432000000002
2006-04-30 04:00:00,0.0,0.0,42.31,48.71,26.58,9.379999999999999,103.22000000000003,0.0,0.0,0.0,0.0,131.36432000000002
2006-04-30 05:00:00,0.0,0.0,47.05,52.47,30.14,12.46,112.19999999999999,0.0,0.0,0.0,0.0,126.36432
2006-04-30 06:00:00,0.0,0.0,50.56,55.21,35.48,21.465000000000003,110.0,4.785000000000011,0.0,0.0,0.0,121.36432
2006-04-30 07:00:00,0.0,0.0,52.53,56.81,38.93,34.064,109.20600000000003,0.0,0.0,0.0,0.0,116.36432
2006-04-30 08:00:00,0.0,0.0,54.03,57.25,40.55,43.215,103.61500000000001,0.0,0.0,0.0,0.0,111.36432
2006-04-30 09:00:00,0.0,0.0,55.42,57.35,41.23,49.77,99.22999999999999,0.0,0.0,0.0,0.0,106.36432
2006-04-30 10:00:00,0.0,0.0,55.4,57.67,41.68,55.304,94.44600000000001,0.0,0.0,0.0,0.0,101.36432
2006-04-30 11:00:00,0.0,0.0,54.37,56.65,41.86,58.524,90.0,0.0,0.0,0.6439999999999984,0.0,96.828
2006-04-30 12:00:00,0.0,0.0,52.96,55.01,41.33,57.991,90.0,0.0,0.0,3.6910000000000025,0.0,94.48552000000001
2006-04-30 13:00:00,0.0,0.0,51.78,53.06,40.63,54.291999999999994,90.0,0.0,0.0,3.8219999999999814,0.0,92.23736
2006-04-30 14:00:00,0.0,0.0,50.72,51.37,40.19,47.558,90.0,0.0,0.0,0.27800000000000935,0.0,87.43752
2006-04-30 15:00:00,0.0,0.0,50.36,50.55,40.87,38.178000000000004,98.602,0.0,0.0,0.0,0.0,82.43752
2006-04-30 16:00:00,0.0,0.0,50.68,51.51,41.8,28.093,90.0,20.89699999999999,0.0,0.0,0.0,77.43752
2006-04-30 17:00:00,0.0,0.0,51.21,53.39,42.08,17.793,123.887,0.0,0.0,0.0,0.0,72.43752
2006-04-30 18:00:00,0.0,0.0,50.61,54.27,42.23,11.792,110.0,20.318000000000012,0.0,0.0,0.0,67.43752
2006-04-30 19:00:00,0.0,0.0,48.38,53.48,41.63,9.668000000000001,128.822,0.0,0.0,0.0,0.0,62.43752000000001
2006-04-30 20:00:00,0.0,0.0,45.63,53.53,39.74,12.401000000000002,121.49900000000002,0.0,0.0,0.0,0.0,57.43752000000001
2006-04-30 21:00:00,0.0,0.0,42.07,54.62,36.39,15.642,112.43799999999999,0.0,0.0,0.0,0.0,52.43752000000001
2006-04-30 22:00:00,0.0,0.0,38.61,52.71,32.44,18.617,100.143,0.0,0.0,0.0,0.0,47.43752000000001
2006-04-30 23:00:00,0.0,0.0,36.32,49.97,28.96,20.560000000000002,90.0,0.0,0.0,0.3099999999999845,0.0,42.660720000000005
2006-05-01 00:00:00,0.0,0.0,45.79,51.71,30.31,21.462,101.34800000000001,0.0,0.0,0.0,0.0,37.660720000000005
2006-05-01 01:00:00,0.0,0.0,45.76,49.49,29.75,21.63,98.37,0.0,0.0,0.0,0.0,32.660720000000005
2006-05-01 02:00:00,0.0,0.0,46.67,48.17,28.82,21.675,96.98499999999999,0.0,0.0,0.0,0.0,27.660720000000005
2006-05-01 03:00:00,0.0,0.0,48.63,49.04,28.19,22.033999999999995,98.82600000000001,0.0,0.0,0.0,0.0,22.660720000000005
2006-05-01 04:00:00,0.0,0.0,52.96,51.98,28.56,24.515,103.98500000000001,0.0,0.0,0.0,0.0,17.660720000000005
2006-05-01 05:00:00,0.0,0.0,57.7,55.73,32.12,31.001000000000005,109.549,0.0,0.0,0.0,0.0,12.660720000000003
2006-05-01 06:00:00,0.0,0.0,61.21,58.48,37.46,41.562,110.588,0.0,0.0,0.0,0.0,7.660720000000003
2006-05-01 07:00:00,0.0,0.0,63.18,60.07,40.9,56.544,102.60600000000002,0.0,0.0,0.0,0.0,2.6607200000000035
2006-05-01 08:00:00,0.0,0.0,64.68,60.52,42.53,75.979,90.0,0.0,0.0,3.2489999999999952,0.0,0.0
2006-05-01 09:00:00,0.0,0.0,66.07,60.61,43.21,93.40599999999999,90.0,0.0,0.0,18.516000000000023,0.0,8.331520000000015
2006-05-01 10:00:00,0.0,0.0,66.05,60.93,43.65,105.72899999999998,90.0,0.0,0.09899999999997533,30.0,0.0,24.931520000000013
2006-05-01 11:00:00,0.0,0.0,65.02,59.91,43.84,111.55300000000003,90.0,0.0,11.042777777777758,26.740222222222236,0.0,39.18448000000002
2006-05-01 12:00:00,0.0,0.0,63.61,58.28,43.31,112.84800000000001,90.0,0.0,42.64799999999998,0.0,0.0,34.18448000000002
2006-05-01 13:00:00,0.0,0.0,62.43,56.32,42.61,108.77699999999999,90.0,0.0,12.41699999999998,30.0,0.0,50.784480000000016
2006-05-01 14:00:00,0.0,0.0,61.37,54.63,42.17,99.95400000000001,90.0,0.0,6.783999999999994,30.0,0.0,67.38448000000001
2006-05-01 15:00:00,0.0,0.0,61.01,53.81,42.85,87.13600000000001,90.0,0.0,0.0,24.465999999999983,0.0,80.0
2006-05-01 16:00:00,0.0,0.0,61.33,54.77,43.78,71.65800000000002,90.0,0.0,6.777999999999977,0.0,0.0,75.0
2006-05-01 17:00:00,0.0,0.0,61.86,56.65,44.06,54.964,102.60600000000001,0.0,0.0,0.0,0.0,70.0
2006-05-01 18:00:00,0.0,0.0,61.26,57.53,44.21,35.80499999999999,110.0,12.195000000000034,0.0,0.0,0.0,65.0
2006-05-01 19:00:00,0.0,0.0,59.03,56.74,43.6,18.201999999999995,130.0,6.168000000000006,0.0,0.0,0.0,60.0
2006-05-01 20:00:00,0.0,0.0,56.28,56.79,41.72,14.584999999999999,135.0,0.20499999999998408,0.0,0.0,0.0,55.0
2006-05-01 21:00:00,0.0,0.0,52.72,57.88,38.37,13.484,115.0,15.486000000000018,0.0,0.0,0.0,50.0
2006-05-01 22:00:00,0.0,0.0,49.26,55.97,34.41,12.112,109.05667805555572,13.471321944444293,0.0,0.0,0.0,45.0
2006-05-01 23:00:00,0.0,0.0,46.97,53.23,30.94,11.484,110.0,4.655999999999992,0.0,0.0,0.0,40.0
2006-05-02 00:00:00,0.0,0.0,46.29,45.91,30.11,11.284,90.0,16.02600000000001,0.0,0.0,0.0,35.0
2006-05-02 01:00:00,0.0,0.0,46.26,43.69,29.52,11.871,102.599,0.0,0.0,0.0,0.0,30.0
2006-05-02 02:00:00,0.0,0.0,47.17,42.38,28.6,13.146,100.00400000000002,0.0,0.0,0.0,0.0,25.0
2006-05-02 03:00:00,0.0,0.0,49.12,43.25,27.96,15.293000000000001,100.037,0.0,0.0,0.0,0.0,20.0
2006-05-02 04:00:00,0.0,0.0,53.48,46.17,28.33,18.799999999999997,104.18,0.0,0.0,0.0,0.0,15.0
2006-05-02 05:00:00,0.0,0.0,58.22,49.92,31.91,27.340000000000007,107.71,0.0,0.0,0.0,0.0,10.0
2006-05-02 06:00:00,0.0,0.0,61.73,52.68,37.25,42.577,104.08299999999998,0.0,0.0,0.0,0.0,5.0
2006-05-02 07:00:00,0.0,0.0,63.7,54.29,40.7,59.906000000000006,90.0,3.784000000000006,0.0,0.0,0.0,0.0
2006-05-02 08:00:00,0.0,0.0,65.2,54.75,42.33,78.87,90.0,0.0,0.0,11.59000000000001,0.0,3.3448000000000064
2006-05-02 09:00:00,0.0,0.0,66.6,54.86,43.01,94.614,90.0,0.0,0.0,25.144000000000034,0.0,16.44848000000003
2006-05-02 10:00:00,0.0,0.0,66.57,55.19,43.46,102.62499999999999,90.0,0.0,2.405000000000001,30.0,0.0,33.048480000000026
2006-05-02 11:00:00,0.0,0.0,65.54,54.17,43.64,105.177,90.0,0.0,6.826999999999984,30.0,0.0,49.64848000000002
2006-05-02 12:00:00,0.0,0.0,64.14,52.55,43.11,104.97899999999998,90.0,0.0,10.179000000000002,30.0,0.0,66.24848000000001
2006-05-02 13:00:00,0.0,0.0,62.96,50.61,42.42,102.652,90.0,0.0,11.661999999999992,30.0,0.0,82.84848000000001
2006-05-02 14:00:00,0.0,0.0,61.9,48.93,41.97,95.703,90.0,0.0,7.90300000000002,30.0,0.0,99.44848
2006-05-02 15:00:00,0.0,0.0,61.54,48.1,42.66,83.16,90.0,0.0,0.0,25.860000000000003,0.0,113.06768000000001
2006-05-02 16:00:00,0.0,0.0,61.84,49.06,43.58,69.179,90.0,0.0,0.0,9.698999999999991,0.0,115.05096
2006-05-02 17:00:00,0.0,0.0,62.35,50.91,43.86,56.926,95.19399999999999,0.0,0.0,0.0,0.0,110.05096
2006-05-02 18:00:00,0.0,0.0,61.72,51.74,43.99,47.852000000000004,104.598,0.0,0.0,0.0,0.0,105.05096
2006-05-02 19:00:00,0.0,0.0,59.5,50.95,43.37,43.749,105.071,0.0,0.0,0.0,0.0,100.05096
2006-05-02 20:00:00,0.0,0.0,56.77,51.05,41.5,45.004999999999995,90.0,9.314999999999998,0.0,0.0,0.0,95.05096
2006-05-02 21:00:00,0.0,0.0,53.2,52.13,38.17,46.467,92.03300000000002,0.0,0.0,0.0,0.0,90.05096
2006-05-02 22:00:00,0.0,0.0,49.74,50.19,34.22,46.271,90.0,0.0,0.0,7.1209999999999845,0.0,90.17808
2006-05-02 23:00:00,0.0,0.0,47.46,47.44,30.74,45.45399999999999,90.0,0.0,9.444360110803382,5.369639889196623,0.0,89.04422072022156
2006-05-03 00:00:00,0.0,0.0,45.57,42.88,29.59,42.695,90.0,0.0,19.654999999999998,0.0,0.0,84.04422072022156
2006-05-03 01:00:00,0.0,0.0,45.53,40.66,28.98,39.83,90.0,0.0,0.0,19.660000000000014,0.0,93.19942072022157
2006-05-03 02:00:00,0.0,0.0,46.44,39.36,28.06,37.75899999999999,90.0,0.0,0.0,18.899,0.0,101.80670072022157
2006-05-03 03:00:00,0.0,0.0,48.39,40.23,27.43,35.546,90.0,0.0,0.0,14.496000000000002,0.0,107.24382072022158
2006-05-03 04:00:00,0.0,0.0,52.77,43.14,27.8,32.995,90.0,0.0,0.0,4.284999999999993,0.0,105.32902072022158
2006-05-03 05:00:00,0.0,0.0,57.53,46.88,31.39,39.321999999999996,91.47800000000001,0.0,0.0,0.0,0.0,100.32902072022158
2006-05-03 06:00:00,0.0,0.0,61.03,49.64,36.73,53.973000000000006,90.0,0.0,0.0,1.5730000000000146,0.0,96.46158072022159
2006-05-03 07:00:00,0.0,0.0,63.0,51.27,40.19,65.938,90.0,0.0,0.0,6.477999999999998,0.0,96.12574072022159
2006-05-03 08:00:00,0.0,0.0,64.5,51.74,41.83,82.253,90.0,0.0,0.0,19.183000000000007,0.0,104.93750072022159
2006-05-03 09:00:00,0.0,0.0,65.9,51.87,42.5,98.881,90.0,0.0,3.610999999999976,30.0,0.0,121.53750072022159
2006-05-03 10:00:00,0.0,0.0,65.87,52.21,42.95,108.113,90.0,0.0,12.08299999999997,30.0,0.0,138.1375007202216
2006-05-03 11:00:00,0.0,0.0,64.84,51.19,43.13,110.905,90.0,0.0,16.744999999999997,30.0,0.0,154.7375007202216
2006-05-03 12:00:00,0.0,0.0,63.43,49.59,42.61,106.692,90.0,0.0,16.06199999999997,30.0,0.0,171.33750072022158
2006-05-03 13:00:00,0.0,0.0,62.26,47.65,41.91,99.16,90.0,0.0,12.340000000000018,30.0,0.0,187.93750072022158
2006-05-03 14:00:00,0.0,0.0,61.19,45.98,41.47,87.39399999999999,90.0,0.0,3.7540000000000067,30.0,0.0,204.53750072022157
2006-05-03 15:00:00,0.0,0.0,60.84,45.16,42.16,73.261,90.0,0.0,0.0,20.10099999999999,0.0,214.01022072022155
2006-05-03 16:00:00,0.0,0.0,61.13,46.11,43.08,59.58500000000001,90.0,0.0,0.0,4.26499999999999,0.0,212.08102072022155
2006-05-03 17:00:00,0.0,0.0,61.62,47.93,43.34,45.338,90.0,12.552000000000007,0.0,0.0,0.0,207.08102072022155
2006-05-03 18:00:00,0.0,0.0,60.96,48.72,43.46,32.37800000000001,90.0,25.762,0.0,0.0,0.0,202.08102072022155
2006-05-03 19:00:00,0.0,0.0,58.74,47.92,42.82,23.598000000000003,110.0,10.882000000000016,0.0,0.0,0.0,197.08102072022155
2006-05-03 20:00:00,0.0,0.0,56.02,48.06,40.96,21.391000000000002,110.0,8.649000000000001,0.0,0.0,0.0,192.08102072022155
2006-05-03 21:00:00,0.0,0.0,52.46,49.15,37.66,21.049,90.0,23.220999999999997,0.0,0.0,0.0,187.08102072022155
2006-05-03 22:00:00,0.0,0.0,49.01,47.17,33.72,19.867,105.03299999999999,0.0,0.0,0.0,0.0,182.08102072022155
2006-05-03 23:00:00,0.0,0.0,46.73,44.41,30.23,18.919,97.45100000000001,0.0,0.0,0.0,0.0,177.08102072022155
2006-05-04 00:00:00,0.0,0.0,44.98,41.86,28.1,18.392,91.54799999999999,0.0,0.0,0.0,0.0,172.08102072022155
2006-05-04 01:00:00,0.0,0.0,44.95,39.64,27.48,17.901,90.0,0.0,0.0,0.8309999999999818,0.0,167.67934072022155
2006-05-04 02:00:00,0.0,0.0,45.85,38.35,26.56,17.812,90.0,0.0,0.0,2.0519999999999925,0.0,164.15678072022155
2006-05-04 03:00:00,0.0,0.0,47.81,39.22,25.93,18.336,90.0,0.0,0.0,0.37599999999999056,0.0,159.42750072022153
2006-05-04 04:00:00,0.0,0.0,52.21,42.11,26.3,19.147000000000002,90.0,6.472999999999999,0.0,0.0,0.0,154.42750072022153
2006-05-04 05:00:00,0.0,0.0,56.97,45.85,29.91,25.887,90.0,11.843000000000004,0.0,0.0,0.0,149.42750072022153
2006-05-04 06:00:00,0.0,0.0,60.48,48.62,35.25,38.312000000000005,90.0,11.037999999999988,0.0,0.0,0.0,144.42750072022153
2006-05-04 07:00:00,0.0,0.0,62.44,50.26,38.72,50.522999999999996,95.897,0.0,0.0,0.0,0.0,139.42750072022153
2006-05-04 08:00:00,0.0,0.0,63.95,50.75,40.36,70.204,90.0,0.0,0.0,10.144000000000002,0.0,141.73118072022154
2006-05-04 09:00:00,0.0,0.0,65.35,50.89,41.03,95.76299999999999,90.0,0.0,3.492999999999995,30.0,0.0,158.33118072022154
2006-05-04 10:00:00,0.0,0.0,65.31,51.25,41.48,112.565,90.0,0.0,19.524999999999988,30.0,0.0,174.93118072022153
2006-05-04 11:00:00,0.0,0.0,64.28,50.23,41.66,118.762,90.0,0.0,27.592000000000013,30.0,0.0,191.53118072022153
2006-05-04 12:00:00,0.0,0.0,62.88,48.64,41.14,119.569,90.0,0.0,31.908999999999992,30.0,0.0,208.13118072022152
2006-05-04 13:00:00,0.0,0.0,61.7,46.71,40.44,116.94200000000001,90.0,0.0,33.09199999999997,30.0,0.0,224.73118072022152
2006-05-04 14:00:00,0.0,0.0,60.64,45.05,40.0,110.756,90.0,0.0,30.066000000000003,30.0,0.0,241.3311807202215
2006-05-04 15:00:00,0.0,0.0,60.29,44.23,40.69,100.869,90.0,0.0,20.658999999999992,30.0,0.0,257.9311807202215
2006-05-04 16:00:00,0.0,0.0,60.57,45.17,41.61,86.38399999999999,90.0,0.0,4.033999999999979,30.0,0.0,274.5311807202215
2006-05-04 17:00:00,0.0,0.0,61.03,46.97,41.86,66.73,90.0,0.0,0.0,11.870000000000001,0.0,278.07758072022153
2006-05-04 18:00:00,0.0,0.0,60.35,47.71,41.96,51.9,90.0,3.120000000000033,0.0,0.0,0.0,273.07758072022153
2006-05-04 19:00:00,0.0,0.0,58.13,46.91,41.31,44.288999999999994,90.0,7.060999999999993,0.0,0.0,0.0,268.07758072022153
2006-05-04 20:00:00,0.0,0.0,55.43,47.09,39.46,44.35,90.0,2.6299999999999955,0.0,0.0,0.0,263.07758072022153
2006-05-04 21:00:00,0.0,0.0,51.86,48.17,36.19,40.638,90.0,0.5819999999999936,0.0,0.0,0.0,258.07758072022153
2006-05-04 22:00:00,0.0,0.0,48.41,46.16,32.26,37.789,90.0,0.0,0.0,5.959000000000003,0.0,257.36806072022154
2006-05-04 23:00:00,0.0,0.0,46.15,43.39,28.76,35.879999999999995,90.0,0.0,0.0,12.579999999999984,0.0,261.4256607202215
2006-05-05 00:00:00,0.0,0.0,43.87,41.62,28.16,34.593,90.0,0.0,0.0,15.94299999999999,0.0,267.9046207202215
2006-05-05 01:00:00,0.0,0.0,43.84,39.4,27.51,32.783,90.0,0.0,0.0,17.03299999999998,0.0,275.1683807202215
2006-05-05 02:00:00,0.0,0.0,44.73,38.12,26.59,31.475,90.0,0.0,0.0,17.035000000000004,0.0,282.43358072022147
2006-05-05 03:00:00,0.0,0.0,46.69,38.98,25.96,31.576,90.0,0.0,0.0,14.945999999999998,0.0,288.1947007202215
2006-05-05 04:00:00,0.0,0.0,51.12,41.86,26.34,30.488,90.0,0.0,0.0,6.168000000000003,0.0,287.6356607202215
2006-05-05 05:00:00,0.0,0.0,55.89,45.6,29.96,37.394,90.0,0.0,0.0,0.9439999999999813,0.0,283.31534072022146
2006-05-05 06:00:00,0.0,0.0,59.39,48.38,35.3,45.687000000000005,90.0,2.3830000000000098,0.0,0.0,0.0,278.31534072022146
2006-05-05 07:00:00,0.0,0.0,61.35,50.03,38.77,60.986999999999995,90.0,0.0,0.0,5.836999999999982,0.0,277.51798072022143
2006-05-05 08:00:00,0.0,0.0,62.86,50.54,40.42,81.70100000000002,90.0,0.0,0.0,22.881000000000007,0.0,288.99230072022146
2006-05-05 09:00:00,0.0,0.0,64.27,50.69,41.09,92.416,90.0,0.0,1.3659999999999952,30.0,0.0,305.5923007202215
2006-05-05 10:00:00,0.0,0.0,64.22,51.06,41.54,98.16000000000001,90.0,0.0,6.340000000000006,30.0,0.0,322.1923007202215
2006-05-05 11:00:00,0.0,0.0,63.19,50.04,41.73,100.151,90.0,0.0,10.191000000000003,30.0,0.0,338.79230072022153
2006-05-05 12:00:00,0.0,0.0,61.79,48.46,41.2,99.152,90.0,0.0,12.701999999999984,30.0,0.0,355.39230072022156
2006-05-05 13:00:00,0.0,0.0,60.62,46.55,40.5,94.67999999999999,90.0,0.0,12.010000000000005,30.0,0.0,371.9923007202216
2006-05-05 14:00:00,0.0,0.0,59.55,44.89,40.07,86.34700000000001,90.0,0.0,6.836999999999986,30.0,0.0,388.5923007202216
2006-05-05 15:00:00,0.0,0.0,59.2,44.08,40.76,74.34,90.0,0.0,0.0,25.300000000000022,0.0,401.8083007202216
2006-05-05 16:00:00,0.0,0.0,59.47,45.01,41.68,56.784000000000006,90.0,0.0,0.0,5.623999999999999,0.0,400.8575807202216
2006-05-05 17:00:00,0.0,0.0,59.91,46.78,41.92,34.013,91.72041250000026,17.87658749999972,0.0,0.0,0.0,395.8575807202216
2006-05-05 18:00:00,0.0,0.0,59.2,47.47,42.0,19.299999999999997,90.0,34.37000000000002,0.0,0.0,0.0,390.8575807202216
2006-05-05 19:00:00,0.0,0.0,56.99,46.67,41.34,14.575,90.0,35.425000000000026,0.0,0.0,0.0,385.8575807202216
2006-05-05 20:00:00,0.0,0.0,54.3,46.89,39.5,17.897000000000002,90.0,27.793000000000006,0.0,0.0,0.0,380.8575807202216
2006-05-05 21:00:00,0.0,0.0,50.72,47.98,36.26,19.220999999999997,90.0,20.739000000000004,0.0,0.0,0.0,375.8575807202216
2006-05-05 22:00:00,0.0,0.0,47.29,45.93,32.32,19.631,90.0,10.908999999999994,0.0,0.0,0.0,370.8575807202216
2006-05-05 23:00:00,0.0,0.0,45.03,43.16,28.83,18.802,90.0,3.2179999999999893,0.0,0.0,0.0,365.8575807202216
2006-05-06 00:00:00,0.0,0.0,35.78,38.67,26.7,17.603,90.0,0.0,0.0,11.452999999999982,0.0,369.1037407202216
2006-05-06 01:00:00,0.0,0.0,35.75,36.45,26.04,16.38,90.0,0.0,0.0,13.140000000000008,0.0,373.5645407202216
2006-05-06 02:00:00,0.0,0.0,36.64,35.17,25.11,15.775,90.0,0.0,0.0,13.854999999999997,0.0,378.5401407202216
2006-05-06 03:00:00,0.0,0.0,38.59,36.04,24.49,15.103000000000002,90.0,0.0,0.0,10.983000000000004,0.0,381.4479007202216
2006-05-06 04:00:00,0.0,0.0,43.05,38.9,24.87,15.081,90.0,0.0,0.0,3.2609999999999992,0.0,378.79582072022157
2006-05-06 05:00:00,0.0,0.0,47.83,42.63,28.5,22.043,90.0,1.9170000000000016,0.0,0.0,0.0,373.79582072022157
2006-05-06 06:00:00,0.0,0.0,51.33,45.42,33.85,32.88699999999999,90.0,2.7130000000000063,0.0,0.0,0.0,368.79582072022157
2006-05-06 07:00:00,0.0,0.0,53.29,47.09,37.33,42.79900000000001,90.0,0.0,0.0,0.08899999999998087,0.0,363.85990072022156
2006-05-06 08:00:00,0.0,0.0,54.8,47.61,38.97,54.919,90.0,0.0,0.0,8.53899999999999,0.0,365.00798072022155
2006-05-06 09:00:00,0.0,0.0,56.21,47.78,39.65,75.91900000000001,90.0,0.0,0.0,27.278999999999968,0.0,379.64886072022153
2006-05-06 10:00:00,0.0,0.0,56.15,48.16,40.1,90.68799999999999,90.0,0.0,11.277999999999992,30.0,0.0,396.24886072022156
2006-05-06 11:00:00,0.0,0.0,55.12,47.14,40.28,96.66399999999999,90.0,0.0,19.123999999999995,30.0,0.0,412.8488607202216
2006-05-06 12:00:00,0.0,0.0,53.72,45.58,39.75,96.39699999999999,90.0,0.0,22.346999999999994,30.0,0.0,429.4488607202216
2006-05-06 13:00:00,0.0,0.0,52.56,43.68,39.06,91.77000000000001,90.0,0.0,21.470000000000013,30.0,0.0,446.0488607202216
2006-05-06 14:00:00,0.0,0.0,51.49,42.03,38.63,84.07600000000001,90.0,0.0,16.925999999999988,30.0,0.0,462.64886072022165
2006-05-06 15:00:00,0.0,0.0,51.14,41.21,39.32,72.065,90.0,0.0,5.394999999999996,30.0,0.0,479.24886072022167
2006-05-06 16:00:00,0.0,0.0,51.4,42.14,40.24,53.321,90.0,0.0,0.0,14.541000000000015,0.0,484.71838072022166
2006-05-06 17:00:00,0.0,0.0,51.82,43.88,40.47,33.663999999999994,97.506,0.0,0.0,0.0,0.0,479.71838072022166
2006-05-06 18:00:00,0.0,0.0,51.08,44.53,40.53,23.032999999999998,90.0,18.107,0.0,0.0,0.0,474.71838072022166
2006-05-06 19:00:00,0.0,0.0,48.87,43.72,39.85,21.948,90.0,15.49200000000002,0.0,0.0,0.0,469.71838072022166
2006-05-06 20:00:00,0.0,0.0,46.2,43.99,38.03,25.853,97.36700000000002,0.0,0.0,0.0,0.0,464.71838072022166
2006-05-06 21:00:00,0.0,0.0,42.62,45.07,34.81,27.435999999999996,90.0,0.06400000000000716,0.0,0.0,0.0,459.71838072022166
2006-05-06 22:00:00,0.0,0.0,39.19,42.99,30.89,26.647000000000002,90.0,0.0,0.0,8.576999999999995,0.0,460.89382072022164
2006-05-06 23:00:00,0.0,0.0,36.94,40.21,27.39,24.9,90.0,0.0,0.0,15.359999999999992,0.0,466.9530207202216
2006-05-07 00:00:00,0.0,0.0,32.01,37.8,26.12,22.450000000000003,90.0,0.0,0.0,21.519999999999996,0.0,477.4474207202216
2006-05-07 01:00:00,0.0,0.0,31.98,35.57,25.44,20.538999999999998,90.0,0.0,0.0,22.548999999999985,0.0,488.6827007202216
2006-05-07 02:00:00,0.0,0.0,32.86,34.31,24.51,19.134999999999998,90.0,0.0,0.0,22.454999999999977,0.0,499.8503007202216
2006-05-07 03:00:00,0.0,0.0,34.82,35.18,23.9,18.108,90.0,0.0,0.0,19.207999999999984,0.0,508.68006072022155
2006-05-07 04:00:00,0.0,0.0,39.3,38.02,24.28,17.553,90.0,0.0,0.0,10.952999999999989,0.0,511.56622072022157
2006-05-07 05:00:00,0.0,0.0,44.09,41.75,27.93,24.064999999999998,90.0,0.0,0.0,5.29499999999997,0.0,510.37862072022153
2006-05-07 06:00:00,0.0,0.0,47.59,44.55,33.27,32.517,90.0,0.0,0.0,2.1069999999999958,0.0,506.89566072022154
2006-05-07 07:00:00,0.0,0.0,49.54,46.22,36.76,43.125,90.0,0.0,0.0,5.604999999999986,0.0,505.93126072022153
2006-05-07 08:00:00,0.0,0.0,51.06,46.76,38.41,63.068,90.0,0.0,0.0,21.83799999999999,0.0,516.6546207202215
2006-05-07 09:00:00,0.0,0.0,52.47,46.95,39.08,78.792,90.0,0.0,5.292000000000004,30.0,0.0,533.2546207202215
2006-05-07 10:00:00,0.0,0.0,52.41,47.34,39.54,86.48599999999999,90.0,0.0,12.195999999999998,30.0,0.0,549.8546207202215
2006-05-07 11:00:00,0.0,0.0,51.37,46.32,39.72,89.959,90.0,0.0,17.548999999999992,30.0,0.0,566.4546207202216
2006-05-07 12:00:00,0.0,0.0,49.97,44.77,39.19,90.873,90.0,0.0,21.942999999999977,30.0,0.0,583.0546207202216
2006-05-07 13:00:00,0.0,0.0,48.81,42.89,38.49,89.417,90.0,0.0,24.226999999999997,30.0,0.0,599.6546207202216
2006-05-07 14:00:00,0.0,0.0,47.75,41.24,38.06,84.757,90.0,0.0,22.70699999999998,30.0,0.0,616.2546207202216
2006-05-07 15:00:00,0.0,0.0,47.4,40.43,38.76,77.15700000000001,90.0,0.0,15.567000000000002,30.0,0.0,632.8546207202216
2006-05-07 16:00:00,0.0,0.0,47.65,41.35,39.67,63.939,90.0,0.0,0.26899999999999125,30.0,0.0,649.4546207202217
2006-05-07 17:00:00,0.0,0.0,48.04,43.06,39.89,47.959,90.0,0.0,0.0,11.968999999999983,0.0,653.0723007202216
2006-05-07 18:00:00,0.0,0.0,47.28,43.66,39.93,34.605,90.0,1.2650000000000148,0.0,0.0,0.0,648.0723007202216
2006-05-07 19:00:00,0.0,0.0,45.06,42.85,39.25,26.417999999999996,90.0,5.742000000000013,0.0,0.0,0.0,643.0723007202216
2006-05-07 20:00:00,0.0,0.0,42.41,43.16,37.43,30.397000000000002,90.0,0.0,0.0,2.396999999999988,0.0,639.7981407202216
2006-05-07 21:00:00,0.0,0.0,38.83,44.24,34.24,32.668,90.0,0.0,0.0,10.357999999999997,0.0,642.2559007202216
2006-05-07 22:00:00,0.0,0.0,35.41,42.13,30.33,33.417,90.0,0.0,0.0,20.54699999999999,0.0,652.0497407202216
2006-05-07 23:00:00,0.0,0.0,33.16,39.34,26.82,33.479,90.0,0.0,0.0,29.158999999999985,0.0,668.0442207202216
2006-05-08 00:00:00,0.0,0.0,43.54,49.26,27.78,34.091,90.0,0.0,0.0,8.511,0.0,669.1721407202216
2006-05-08 01:00:00,0.0,0.0,43.5,47.04,27.08,34.864000000000004,90.0,0.0,0.0,12.24399999999999,0.0,672.9878207202216
2006-05-08 02:00:00,0.0,0.0,44.38,45.78,26.15,36.239000000000004,90.0,0.0,0.0,14.928999999999988,0.0,678.7367007202216
2006-05-08 03:00:00,0.0,0.0,46.34,46.65,25.54,37.541,90.0,0.0,0.0,14.010999999999996,0.0,683.8246207202217
2006-05-08 04:00:00,0.0,0.0,50.84,49.48,25.92,37.89,90.0,0.0,0.0,6.649999999999974,0.0,683.6126207202217
2006-05-08 05:00:00,0.0,0.0,55.64,53.2,29.58,46.349000000000004,90.0,0.0,0.0,2.928999999999988,0.0,680.7215007202217
2006-05-08 06:00:00,0.0,0.0,59.14,56.01,34.93,56.678,90.0,0.0,0.0,1.5980000000000025,0.0,676.8720607202217
2006-05-08 07:00:00,0.0,0.0,61.08,57.7,38.42,67.602,90.0,0.0,0.0,5.401999999999994,0.0,675.7615007202218
2006-05-08 08:00:00,0.0,0.0,62.61,58.25,40.08,82.437,90.0,0.0,0.0,16.497000000000007,0.0,682.6393407202218
2006-05-08 09:00:00,0.0,0.0,64.02,58.46,40.75,99.065,90.0,0.0,0.835000000000008,30.0,0.0,699.2393407202218
2006-05-08 10:00:00,0.0,0.0,63.95,58.85,41.21,111.90899999999998,90.0,0.0,12.898999999999972,30.0,0.0,715.8393407202218
2006-05-08 11:00:00,0.0,0.0,62.92,57.84,41.39,117.061,90.0,0.0,19.91100000000001,30.0,0.0,732.4393407202218
2006-05-08 12:00:00,0.0,0.0,61.52,56.31,40.86,117.37100000000001,90.0,0.0,23.680999999999983,30.0,0.0,749.0393407202218
2006-05-08 13:00:00,0.0,0.0,60.37,54.43,40.16,114.399,90.0,0.0,24.439000000000007,30.0,0.0,765.6393407202219
2006-05-08 14:00:00,0.0,0.0,59.3,52.79,39.73,107.889,90.0,0.0,21.069000000000017,30.0,0.0,782.2393407202219
2006-05-08 15:00:00,0.0,0.0,58.95,51.98,40.44,97.465,90.0,0.0,11.095,30.0,0.0,798.8393407202219
2006-05-08 16:00:00,0.0,0.0,59.19,52.9,41.35,79.195,90.0,0.0,0.0,20.755,0.0,808.7829407202219
2006-05-08 17:00:00,0.0,0.0,59.56,54.58,41.56,59.922,90.77799999999999,0.0,0.0,0.0,0.0,803.7829407202219
2006-05-08 18:00:00,0.0,0.0,58.77,55.13,41.58,45.608999999999995,104.87099999999998,0.0,0.0,0.0,0.0,798.7829407202219
2006-05-08 19:00:00,0.0,0.0,56.56,54.32,40.88,36.551,110.209,0.0,0.0,0.0,0.0,793.7829407202219
2006-05-08 20:00:00,0.0,0.0,53.92,54.67,39.07,36.007999999999996,106.65200000000002,0.0,0.0,0.0,0.0,788.7829407202219
2006-05-08 21:00:00,0.0,0.0,50.33,55.75,35.91,33.954,90.0,13.036000000000007,0.0,0.0,0.0,783.7829407202219
2006-05-08 22:00:00,0.0,0.0,46.92,53.6,32.0,33.213,94.30700000000002,0.0,0.0,0.0,0.0,778.7829407202219
2006-05-08 23:00:00,0.0,0.0,44.68,50.81,28.49,30.781999999999996,90.0,0.0,0.0,1.8020000000000067,0.0,775.0803807202219
2006-05-09 00:00:00,0.0,0.0,45.56,52.61,27.8,29.062,91.90800000000002,0.0,0.0,0.0,0.0,770.0803807202219
2006-05-09 01:00:00,0.0,0.0,45.53,50.39,27.07,27.089999999999996,90.9,0.0,0.0,0.0,0.0,765.0803807202219
2006-05-09 02:00:00,0.0,0.0,46.4,49.14,26.15,25.887999999999998,90.0,0.8020000000000209,0.0,0.0,0.0,760.0803807202219
2006-05-09 03:00:00,0.0,0.0,48.36,50.01,25.54,24.98,90.0,3.9299999999999873,0.0,0.0,0.0,755.0803807202219
2006-05-09 04:00:00,0.0,0.0,52.89,52.83,25.93,23.903,90.0,12.747000000000021,0.0,0.0,0.0,750.0803807202219
2006-05-09 05:00:00,0.0,0.0,57.7,56.54,29.6,29.522000000000002,90.0,19.318000000000012,0.0,0.0,0.0,745.0803807202219
2006-05-09 06:00:00,0.0,0.0,61.19,59.35,34.95,38.36299999999999,90.0,22.127,0.0,0.0,0.0,740.0803807202219
2006-05-09 07:00:00,0.0,0.0,63.13,61.06,38.45,51.092,106.54800000000003,0.0,0.0,0.0,0.0,735.0803807202219
2006-05-09 08:00:00,0.0,0.0,64.66,61.63,40.11,64.80699999999999,96.593,0.0,0.0,0.0,0.0,730.0803807202219
2006-05-09 09:00:00,0.0,0.0,66.08,61.85,40.78,79.072,90.0,0.0,5.361999999999997,0.0,0.0,725.0803807202219
2006-05-09 10:00:00,0.0,0.0,66.0,62.26,41.24,88.76700000000001,90.0,0.0,0.0,14.266999999999989,0.0,730.3526207202219
2006-05-09 11:00:00,0.0,0.0,64.96,61.24,41.42,93.862,90.0,0.0,0.0,21.241999999999987,0.0,740.6468607202219
2006-05-09 12:00:00,0.0,0.0,63.57,59.73,40.89,93.267,90.0,0.0,21.109072022160728,2.9679279778392456,0.0,737.7837688642661
2006-05-09 13:00:00,0.0,0.0,62.42,57.86,40.19,88.867,90.0,0.0,23.396999999999995,0.0,0.0,732.7837688642661
2006-05-09 14:00:00,0.0,0.0,61.35,56.23,39.77,82.00500000000001,90.0,0.0,19.655,0.0,0.0,727.7837688642661
2006-05-09 15:00:00,0.0,0.0,61.0,55.42,40.48,72.111,90.0,0.0,10.210999999999984,0.0,0.0,722.7837688642661
2006-05-09 16:00:00,0.0,0.0,61.23,56.33,41.38,57.992999999999995,95.947,0.0,0.0,0.0,0.0,717.7837688642661
2006-05-09 17:00:00,0.0,0.0,61.58,57.99,41.58,39.174,116.97599999999998,0.0,0.0,0.0,0.0,712.7837688642661
2006-05-09 18:00:00,0.0,0.0,60.76,58.49,41.58,24.383,131.447,0.0,0.0,0.0,0.0,707.7837688642661
2006-05-09 19:00:00,0.0,0.0,58.55,57.67,40.87,17.528000000000002,130.0,4.562000000000012,0.0,0.0,0.0,702.7837688642661
2006-05-09 20:00:00,0.0,0.0,55.93,58.07,39.08,18.393,129.687,0.0,0.0,0.0,0.0,697.7837688642661
2006-05-09 21:00:00,0.0,0.0,52.34,59.15,35.94,17.615000000000002,124.815,0.0,0.0,0.0,0.0,692.7837688642661
2006-05-09 22:00:00,0.0,0.0,48.93,56.97,32.04,16.164,90.0,26.776000000000003,0.0,0.0,0.0,687.7837688642661
2006-05-09 23:00:00,0.0,0.0,46.7,54.16,28.52,14.709999999999999,109.67,0.0,0.0,0.0,0.0,682.7837688642661
2006-05-10 00:00:00,0.0,0.0,46.06,50.88,28.27,13.52,106.69,0.0,0.0,0.0,0.0,677.7837688642661
2006-05-10 01:00:00,0.0,0.0,46.02,48.65,27.52,12.89,104.30000000000001,0.0,0.0,0.0,0.0,672.7837688642661
2006-05-10 02:00:00,0.0,0.0,46.89,47.41,26.6,12.709999999999999,103.19000000000003,0.0,0.0,0.0,0.0,667.7837688642661
2006-05-10 03:00:00,0.0,0.0,48.85,48.28,25.99,12.683,105.43700000000001,0.0,0.0,0.0,0.0,662.7837688642661
2006-05-10 04:00:00,0.0,0.0,53.4,51.09,26.38,12.456000000000001,110.0,3.4139999999999873,0.0,0.0,0.0,657.7837688642661
2006-05-10 05:00:00,0.0,0.0,58.22,54.79,30.07,18.118000000000002,119.96199999999999,0.0,0.0,0.0,0.0,652.7837688642661
2006-05-10 06:00:00,0.0,0.0,61.71,57.62,35.42,26.636999999999997,123.113,0.0,0.0,0.0,0.0,647.7837688642661
2006-05-10 07:00:00,0.0,0.0,63.65,59.34,38.92,36.559000000000005,120.35100000000001,0.0,0.0,0.0,0.0,642.7837688642661
2006-05-10 08:00:00,0.0,0.0,65.19,59.92,40.58,51.040000000000006,109.65,0.0,0.0,0.0,0.0,637.7837688642661
2006-05-10 09:00:00,0.0,0.0,66.6,60.16,41.26,62.915,100.10499999999999,0.0,0.0,0.0,0.0,632.7837688642661
2006-05-10 10:00:00,0.0,0.0,66.52,60.58,41.72,70.271,93.54899999999999,0.0,0.0,0.0,0.0,627.7837688642661
2006-05-10 11:00:00,0.0,0.0,65.48,59.57,41.9,75.42,90.0,0.0,3.469999999999999,0.0,0.0,622.7837688642661
2006-05-10 12:00:00,0.0,0.0,64.09,58.06,41.36,75.42099999999999,90.0,0.0,6.910999999999973,0.0,0.0,617.7837688642661
2006-05-10 13:00:00,0.0,0.0,62.94,56.21,40.67,71.173,90.0,0.0,6.352999999999997,0.0,0.0,612.7837688642661
2006-05-10 14:00:00,0.0,0.0,61.87,54.58,40.25,64.114,90.0,0.0,2.4140000000000157,0.0,0.0,607.7837688642661
2006-05-10 15:00:00,0.0,0.0,61.52,53.78,40.96,53.855,97.40500000000003,0.0,0.0,0.0,0.0,602.7837688642661
2006-05-10 16:00:00,0.0,0.0,61.74,54.68,41.86,41.059000000000005,112.221,0.0,0.0,0.0,0.0,597.7837688642661
2006-05-10 17:00:00,0.0,0.0,62.07,56.31,42.05,23.581999999999997,115.0,16.848000000000013,0.0,0.0,0.0,592.7837688642661
2006-05-10 18:00:00,0.0,0.0,61.22,56.77,42.03,11.564,115.0,28.456000000000017,0.0,0.0,0.0,587.7837688642661
2006-05-10 19:00:00,0.0,0.0,59.02,55.94,41.31,7.702000000000001,130.0,13.567999999999998,0.0,0.0,0.0,582.7837688642661
2006-05-10 20:00:00,0.0,0.0,56.41,56.38,39.53,8.648,135.0,3.6719999999999953,0.0,0.0,0.0,577.7837688642661
2006-05-10 21:00:00,0.0,0.0,52.81,57.46,36.42,9.332,110.0,22.35800000000001,0.0,0.0,0.0,572.7837688642661
2006-05-10 22:00:00,0.0,0.0,49.42,55.24,32.52,8.959999999999999,123.22000000000001,0.0,0.0,0.0,0.0,567.7837688642661
2006-05-10 23:00:00,0.0,0.0,47.19,52.43,29.0,7.994000000000001,115.0,0.6259999999999906,0.0,0.0,0.0,562.7837688642661
2006-05-11 00:00:00,0.0,0.0,45.06,45.98,27.89,6.943,106.98700000000001,0.0,0.0,0.0,0.0,557.7837688642661
2006-05-11 01:00:00,0.0,0.0,45.02,43.75,27.12,5.95,104.94000000000001,0.0,0.0,0.0,0.0,552.7837688642661
2006-05-11 02:00:00,0.0,0.0,45.89,42.52,26.2,5.009,104.60100000000001,0.0,0.0,0.0,0.0,547.7837688642661
2006-05-11 03:00:00,0.0,0.0,47.84,43.39,25.6,4.319000000000001,107.51100000000001,0.0,0.0,0.0,0.0,542.7837688642661
2006-05-11 04:00:00,0.0,0.0,52.42,46.18,25.99,5.029,114.561,0.0,0.0,0.0,0.0,537.7837688642661
2006-05-11 05:00:00,0.0,0.0,57.25,49.88,29.69,10.626,110.0,11.193999999999997,0.0,0.0,0.0,532.7837688642661
2006-05-11 06:00:00,0.0,0.0,60.74,52.71,35.05,21.327999999999996,90.0,32.172,0.0,0.0,0.0,527.7837688642661
2006-05-11 07:00:00,0.0,0.0,62.67,54.45,38.55,33.825,116.845,0.0,0.0,0.0,0.0,522.7837688642661
2006-05-11 08:00:00,0.0,0.0,64.21,55.05,40.22,45.264,109.21599999999998,0.0,0.0,0.0,0.0,517.7837688642661
2006-05-11 09:00:00,0.0,0.0,65.63,55.3,40.89,55.23800000000001,101.582,0.0,0.0,0.0,0.0,512.7837688642661
2006-05-11 10:00:00,0.0,0.0,65.54,55.73,41.35,62.673,94.947,0.0,0.0,0.0,0.0,507.7837688642661
2006-05-11 11:00:00,0.0,0.0,64.5,54.72,41.53,65.909,90.0,0.0,0.15899999999998649,0.0,0.0,502.7837688642661
2006-05-11 12:00:00,0.0,0.0,63.11,53.23,41.0,65.066,90.0,0.0,2.725999999999985,0.0,0.0,497.7837688642661
2006-05-11 13:00:00,0.0,0.0,61.97,51.38,40.31,60.217,90.0,0.0,1.556999999999988,0.0,0.0,492.7837688642661
2006-05-11 14:00:00,0.0,0.0,60.9,49.77,39.88,53.084,92.46600000000002,0.0,0.0,0.0,0.0,487.7837688642661
2006-05-11 15:00:00,0.0,0.0,60.55,48.97,40.6,43.343999999999994,101.77600000000001,0.0,0.0,0.0,0.0,482.7837688642661
2006-05-11 16:00:00,0.0,0.0,60.76,49.86,41.5,31.982,115.138,0.0,0.0,0.0,0.0,477.7837688642661
2006-05-11 17:00:00,0.0,0.0,61.06,51.46,41.67,20.779,128.411,0.0,0.0,0.0,0.0,472.7837688642661
2006-05-11 18:00:00,0.0,0.0,60.19,51.87,41.64,11.354000000000001,135.0,2.3459999999999894,0.0,0.0,0.0,467.7837688642661
2006-05-11 19:00:00,0.0,0.0,57.98,51.05,40.91,6.143,130.0,8.796999999999997,0.0,0.0,0.0,462.7837688642661
2006-05-11 20:00:00,0.0,0.0,55.39,51.52,39.13,5.861,92.8117600000001,42.36723999999988,0.0,0.0,0.0,457.7837688642661
2006-05-11 21:00:00,0.0,0.0,51.79,52.61,36.06,5.923,129.53699999999998,0.0,0.0,0.0,0.0,452.7837688642661
2006-05-11 22:00:00,0.0,0.0,48.41,50.35,32.16,5.381,110.0,10.539000000000001,0.0,0.0,0.0,447.7837688642661
2006-05-11 23:00:00,0.0,0.0,46.19,47.53,28.64,4.1370000000000005,113.22300000000001,0.0,0.0,0.0,0.0,442.7837688642661
2006-05-12 00:00:00,0.0,0.0,43.36,44.05,28.29,3.273,107.42699999999999,0.0,0.0,0.0,0.0,437.7837688642661
2006-05-12 01:00:00,0.0,0.0,43.32,41.82,27.5,3.138,104.50200000000001,0.0,0.0,0.0,0.0,432.7837688642661
2006-05-12 02:00:00,0.0,0.0,44.18,40.6,26.58,2.992,103.36800000000001,0.0,0.0,0.0,0.0,427.7837688642661
2006-05-12 03:00:00,0.0,0.0,46.14,41.47,25.98,3.0010000000000003,105.58900000000001,0.0,0.0,0.0,0.0,422.7837688642661
2006-05-12 04:00:00,0.0,0.0,50.74,44.24,26.37,3.913,112.43700000000001,0.0,0.0,0.0,0.0,417.7837688642661
2006-05-12 05:00:00,0.0,0.0,55.58,47.94,30.09,9.075,110.0,9.535000000000002,0.0,0.0,0.0,412.7837688642661
2006-05-12 06:00:00,0.0,0.0,59.07,50.78,35.45,19.895,120.405,0.0,0.0,0.0,0.0,407.7837688642661
2006-05-12 07:00:00,0.0,0.0,60.99,52.53,38.95,31.098999999999997,116.37100000000001,0.0,0.0,0.0,0.0,402.7837688642661
2006-05-12 08:00:00,0.0,0.0,62.54,53.15,40.63,42.073,109.24700000000001,0.0,0.0,0.0,0.0,397.7837688642661
2006-05-12 09:00:00,0.0,0.0,63.96,53.41,41.3,51.803000000000004,101.86699999999999,0.0,0.0,0.0,0.0,392.7837688642661
2006-05-12 10:00:00,0.0,0.0,63.86,53.85,41.76,58.537000000000006,95.933,0.0,0.0,0.0,0.0,387.7837688642661
2006-05-12 11:00:00,0.0,0.0,62.83,52.84,41.94,62.023,90.587,0.0,0.0,0.0,0.0,382.7837688642661
2006-05-12 12:00:00,0.0,0.0,61.44,51.37,41.41,63.495999999999995,90.0,0.0,4.275999999999996,0.0,0.0,377.7837688642661
2006-05-12 13:00:00,0.0,0.0,60.29,49.53,40.71,61.80600000000001,90.0,0.0,6.27599999999997,0.0,0.0,372.7837688642661
2006-05-12 14:00:00,0.0,0.0,59.23,47.93,40.3,55.054,90.0,0.0,2.593999999999994,0.0,0.0,367.7837688642661
2006-05-12 15:00:00,0.0,0.0,58.88,47.13,41.01,45.343,96.67699999999999,0.0,0.0,0.0,0.0,362.7837688642661
2006-05-12 16:00:00,0.0,0.0,59.08,48.01,41.91,32.894,90.0,21.105999999999998,0.0,0.0,0.0,357.7837688642661
2006-05-12 17:00:00,0.0,0.0,59.36,49.59,42.07,21.161,124.85900000000001,0.0,0.0,0.0,0.0,352.7837688642661
2006-05-12 18:00:00,0.0,0.0,58.45,49.95,42.02,13.074000000000002,90.0,42.346000000000004,0.0,0.0,0.0,347.7837688642661
2006-05-12 19:00:00,0.0,0.0,56.25,49.12,41.27,9.168000000000001,115.0,17.47200000000001,0.0,0.0,0.0,342.7837688642661
2006-05-12 20:00:00,0.0,0.0,53.68,49.64,39.51,9.227,128.603,0.0,0.0,0.0,0.0,337.7837688642661
2006-05-12 21:00:00,0.0,0.0,50.08,50.72,36.46,11.515,120.745,0.0,0.0,0.0,0.0,332.7837688642661
2006-05-12 22:00:00,0.0,0.0,46.7,48.44,32.58,12.957,109.76300000000002,0.0,0.0,0.0,0.0,327.7837688642661
2006-05-12 23:00:00,0.0,0.0,44.49,45.61,29.05,13.583,100.56700000000001,0.0,0.0,0.0,0.0,322.7837688642661
2006-05-13 00:00:00,0.0,0.0,35.72,39.99,27.93,14.209,90.0,0.0,5.568999999999988,0.0,0.0,317.7837688642661
2006-05-13 01:00:00,0.0,0.0,35.68,37.75,27.13,14.936,90.0,0.0,9.376000000000005,0.0,0.0,312.7837688642661
2006-05-13 02:00:00,0.0,0.0,36.54,36.54,26.21,15.225999999999999,90.0,0.0,10.935999999999995,0.0,0.0,307.7837688642661
2006-05-13 03:00:00,0.0,0.0,38.49,37.41,25.61,15.472,90.0,0.0,8.961999999999989,0.0,0.0,302.7837688642661
2006-05-13 04:00:00,0.0,0.0,43.12,40.17,26.0,15.663999999999998,90.0,0.0,0.0,1.3739999999999846,0.0,298.7730488642661
2006-05-13 05:00:00,0.0,0.0,47.97,43.86,29.73,20.078999999999997,96.48100000000001,0.0,0.0,0.0,0.0,293.7730488642661
2006-05-13 06:00:00,0.0,0.0,51.45,46.71,35.09,30.317,97.93300000000002,0.0,0.0,0.0,0.0,288.7730488642661
2006-05-13 07:00:00,0.0,0.0,53.38,48.47,38.61,41.92399999999999,90.0,3.5360000000000014,0.0,0.0,0.0,283.7730488642661
2006-05-13 08:00:00,0.0,0.0,54.93,49.11,40.28,53.080000000000005,90.0,0.0,3.760000000000005,0.0,0.0,278.7730488642661
2006-05-13 09:00:00,0.0,0.0,56.35,49.38,40.96,59.496,90.0,0.0,0.0,7.80599999999998,0.0,279.3933688642661
2006-05-13 10:00:00,0.0,0.0,56.25,49.84,41.42,62.768,90.0,0.0,0.0,10.258000000000003,0.0,281.7791288642661
2006-05-13 11:00:00,0.0,0.0,55.21,48.83,41.6,61.562,90.0,0.0,10.921999999999993,0.0,0.0,276.7791288642661
2006-05-13 12:00:00,0.0,0.0,53.82,47.37,41.06,58.453,90.0,0.0,11.203000000000003,0.0,0.0,271.7791288642661
2006-05-13 13:00:00,0.0,0.0,52.68,45.55,40.37,54.057,90.0,0.0,10.456999999999994,0.0,0.0,266.7791288642661
2006-05-13 14:00:00,0.0,0.0,51.62,43.95,39.96,48.009,90.0,0.0,7.478999999999985,0.0,0.0,261.7791288642661
2006-05-13 15:00:00,0.0,0.0,51.27,43.15,40.68,40.925999999999995,90.0,0.0,0.8259999999999792,0.0,0.0,256.7791288642661
2006-05-13 16:00:00,0.0,0.0,51.45,44.03,41.57,32.115,90.0,9.935000000000002,0.0,0.0,0.0,251.7791288642661
2006-05-13 17:00:00,0.0,0.0,51.72,45.57,41.73,22.192,90.0,21.828000000000007,0.0,0.0,0.0,246.7791288642661
2006-05-13 18:00:00,0.0,0.0,50.78,45.89,41.65,15.223,118.097,0.0,0.0,0.0,0.0,241.7791288642661
2006-05-13 19:00:00,0.0,0.0,48.58,45.06,40.89,11.19,110.0,8.34,0.0,0.0,0.0,236.7791288642661
2006-05-13 20:00:00,0.0,0.0,46.03,45.62,39.14,10.234000000000002,110.0,5.555999999999996,0.0,0.0,0.0,231.7791288642661
2006-05-13 21:00:00,0.0,0.0,42.42,46.7,36.12,10.664,109.576,0.0,0.0,0.0,0.0,226.7791288642661
2006-05-13 22:00:00,0.0,0.0,39.05,44.38,32.24,11.079,90.0,9.591000000000022,0.0,0.0,0.0,221.7791288642661
2006-05-13 23:00:00,0.0,0.0,36.85,41.55,28.71,11.978,90.0,0.132000000000005,0.0,0.0,0.0,216.7791288642661
2006-05-14 00:00:00,0.0,0.0,32.79,36.34,26.88,12.166,90.0,0.0,11.15599999999998,0.0,0.0,211.7791288642661
2006-05-14 01:00:00,0.0,0.0,32.75,34.11,26.05,12.044,90.0,0.0,14.134000000000015,0.0,0.0,206.7791288642661
2006-05-14 02:00:00,0.0,0.0,33.61,32.9,25.13,12.033999999999999,90.0,0.0,0.0,15.394000000000002,0.0,212.86280886426613
2006-05-14 03:00:00,0.0,0.0,35.56,33.77,24.53,12.192,90.0,0.0,13.33199999999998,0.0,0.0,207.86280886426613
2006-05-14 04:00:00,0.0,0.0,40.21,36.51,24.93,12.942,90.0,0.0,6.291999999999987,0.0,0.0,202.86280886426613
2006-05-14 05:00:00,0.0,0.0,45.07,40.2,28.67,18.057000000000006,90.883,0.0,0.0,0.0,0.0,197.86280886426613
2006-05-14 06:00:00,0.0,0.0,48.55,43.06,34.04,29.912000000000006,90.738,0.0,0.0,0.0,0.0,192.86280886426613
2006-05-14 07:00:00,0.0,0.0,50.47,44.84,37.56,41.661,90.0,0.0,3.7909999999999684,0.0,0.0,187.86280886426613
2006-05-14 08:00:00,0.0,0.0,52.03,45.49,39.24,54.31100000000001,90.0,0.0,0.0,12.551000000000002,0.0,191.89952886426613
2006-05-14 09:00:00,0.0,0.0,53.45,45.78,39.91,65.51599999999999,90.0,0.0,21.37599999999999,0.0,0.0,186.89952886426613
2006-05-14 10:00:00,0.0,0.0,53.34,46.24,40.37,71.929,90.0,0.0,18.909877500769493,8.069122499230494,0.0,187.70929706371209
2006-05-14 11:00:00,0.0,0.0,52.3,45.24,40.55,74.63999999999999,90.0,0.0,31.54999999999999,0.0,0.0,182.70929706371209
2006-05-14 12:00:00,0.0,0.0,50.92,43.79,40.02,74.389,90.0,0.0,4.658999999999992,30.0,0.0,199.30929706371208
2006-05-14 13:00:00,0.0,0.0,49.78,41.98,39.33,70.543,90.0,0.0,4.452999999999998,30.0,0.0,215.90929706371207
2006-05-14 14:00:00,0.0,0.0,48.71,40.39,38.91,63.910000000000004,90.0,0.0,20.0,10.899999999999999,0.0,218.7572970637121
2006-05-14 15:00:00,0.0,0.0,48.37,39.59,39.64,53.627,90.0,0.0,0.0,21.02699999999998,0.0,228.89673706371207
2006-05-14 16:00:00,0.0,0.0,48.54,40.47,40.53,42.207,90.0,0.0,7.667000000000002,0.0,0.0,223.89673706371207
2006-05-14 17:00:00,0.0,0.0,48.78,41.98,40.67,29.434000000000005,96.996,0.0,0.0,0.0,0.0,218.89673706371207
2006-05-14 18:00:00,0.0,0.0,47.82,42.25,40.58,17.474000000000004,108.17600000000002,0.0,0.0,0.0,0.0,213.89673706371207
2006-05-14 19:00:00,0.0,0.0,45.62,41.41,39.81,12.156,109.684,0.0,0.0,0.0,0.0,208.89673706371207
2006-05-14 20:00:00,0.0,0.0,43.08,42.02,38.07,12.850000000000001,90.0,15.320000000000007,0.0,0.0,0.0,203.89673706371207
2006-05-14 21:00:00,0.0,0.0,39.47,43.1,35.07,13.442,90.0,9.197999999999999,0.0,0.0,0.0,198.89673706371207
2006-05-14 22:00:00,0.0,0.0,36.11,40.75,31.2,12.875,90.0,0.18499999999999694,0.0,0.0,0.0,193.89673706371207
2006-05-14 23:00:00,0.0,0.0,33.91,37.9,27.66,12.231,90.0,0.0,7.76100000000001,0.0,0.0,188.89673706371207
2006-05-15 00:00:00,0.0,0.0,43.97,40.13,28.21,11.006,96.304,0.0,0.0,0.0,0.0,183.89673706371207
2006-05-15 01:00:00,0.0,0.0,43.93,37.89,27.36,10.182,90.0,3.9980000000000135,0.0,0.0,0.0,178.89673706371207
2006-05-15 02:00:00,0.0,0.0,44.78,36.7,26.44,9.548,93.372,0.0,0.0,0.0,0.0,173.89673706371207
2006-05-15 03:00:00,0.0,0.0,46.74,37.57,25.84,9.610999999999999,90.0,5.539000000000016,0.0,0.0,0.0,168.89673706371207
2006-05-15 04:00:00,0.0,0.0,51.41,40.3,26.24,10.032000000000002,90.0,12.917999999999992,0.0,0.0,0.0,163.89673706371207
2006-05-15 05:00:00,0.0,0.0,56.28,43.98,30.0,15.032,110.0,0.22799999999999443,0.0,0.0,0.0,158.89673706371207
2006-05-15 06:00:00,0.0,0.0,59.76,46.85,35.37,23.11,110.0,3.869999999999976,0.0,0.0,0.0,153.89673706371207
2006-05-15 07:00:00,0.0,0.0,61.67,48.64,38.89,32.878,94.91194805555565,16.410051944444348,0.0,0.0,0.0,148.89673706371207
2006-05-15 08:00:00,0.0,0.0,63.24,49.3,40.58,40.476,90.0,17.64399999999999,0.0,0.0,0.0,143.89673706371207
2006-05-15 09:00:00,0.0,0.0,64.66,49.61,41.25,47.442,90.0,13.078000000000007,0.0,0.0,0.0,138.89673706371207
2006-05-15 10:00:00,0.0,0.0,64.55,50.08,41.71,54.400000000000006,96.94,0.0,0.0,0.0,0.0,133.89673706371207
2006-05-15 11:00:00,0.0,0.0,63.51,49.08,41.89,57.263,92.217,0.0,0.0,0.0,0.0,128.89673706371207
2006-05-15 12:00:00,0.0,0.0,62.12,47.65,41.36,56.224000000000004,90.0,0.0,0.09400000000000297,0.0,0.0,123.89673706371205
2006-05-15 13:00:00,0.0,0.0,60.99,45.85,40.67,52.528999999999996,90.0,0.0,0.0,0.019000000000001904,0.0,118.91041706371206
2006-05-15 14:00:00,0.0,0.0,59.92,44.26,40.26,47.294000000000004,90.0,2.1459999999999866,0.0,0.0,0.0,113.91041706371206
2006-05-15 15:00:00,0.0,0.0,59.58,43.47,40.99,42.25,90.0,6.790000000000006,0.0,0.0,0.0,108.91041706371206
2006-05-15 16:00:00,0.0,0.0,59.74,44.34,41.87,37.224000000000004,103.72600000000001,0.0,0.0,0.0,0.0,103.91041706371206
2006-05-15 17:00:00,0.0,0.0,59.96,45.82,42.0,31.363,90.0,21.417000000000016,0.0,0.0,0.0,98.91041706371206
2006-05-15 18:00:00,0.0,0.0,58.97,46.05,41.9,22.578999999999997,115.0,4.34099999999998,0.0,0.0,0.0,93.91041706371206
2006-05-15 19:00:00,0.0,0.0,56.77,45.21,41.11,17.700000000000003,110.0,10.389999999999997,0.0,0.0,0.0,88.91041706371206
2006-05-15 20:00:00,0.0,0.0,54.25,45.85,39.38,18.522,115.0,0.9580000000000002,0.0,0.0,0.0,83.91041706371206
2006-05-15 21:00:00,0.0,0.0,50.63,46.93,36.42,21.518,90.0,17.462000000000003,0.0,0.0,0.0,78.91041706371206
2006-05-15 22:00:00,0.0,0.0,47.28,44.55,32.55,22.240000000000002,97.13999999999999,0.0,0.0,0.0,0.0,73.91041706371206
2006-05-15 23:00:00,0.0,0.0,45.09,41.7,29.0,22.957,90.0,0.0,0.0,2.166999999999973,0.0,70.47065706371204
2006-05-16 00:00:00,0.0,0.0,44.75,41.06,27.89,23.421,90.0,0.0,0.0,4.720999999999993,0.0,68.86977706371204
2006-05-16 01:00:00,0.0,0.0,44.7,38.82,27.02,23.806,90.0,0.0,8.265999999999991,0.0,0.0,63.869777063712036
2006-05-16 02:00:00,0.0,0.0,45.55,37.64,26.1,23.768,90.0,0.0,9.47799999999998,0.0,0.0,58.869777063712036
2006-05-16 03:00:00,0.0,0.0,47.5,38.51,25.51,23.245,90.0,0.0,6.724999999999982,0.0,0.0,53.869777063712036
2006-05-16 04:00:00,0.0,0.0,52.21,41.22,25.91,23.813,90.52700000000002,0.0,0.0,0.0,0.0,48.869777063712036
2006-05-16 05:00:00,0.0,0.0,57.08,44.9,29.68,31.506,90.0,5.153999999999995,0.0,0.0,0.0,43.869777063712036
2006-05-16 06:00:00,0.0,0.0,60.56,47.77,35.05,43.842,90.0,4.538000000000001,0.0,0.0,0.0,38.869777063712036
2006-05-16 07:00:00,0.0,0.0,62.47,49.58,38.58,58.615,90.0,0.0,0.0,2.9850000000000136,0.0,36.01897706371204
2006-05-16 08:00:00,0.0,0.0,64.04,50.26,40.27,72.33,90.0,0.0,0.0,12.759999999999991,0.0,40.20617706371203
2006-05-16 09:00:00,0.0,0.0,65.47,50.58,40.94,81.547,90.0,0.0,19.55699999999999,0.0,0.0,35.20617706371203
2006-05-16 10:00:00,0.0,0.0,65.34,51.07,41.41,89.42,90.0,0.0,0.0,26.6,0.0,49.358177063712034
2006-05-16 11:00:00,0.0,0.0,64.3,50.06,41.59,94.37300000000002,90.0,0.0,3.423000000000002,30.0,0.0,65.95817706371203
2006-05-16 12:00:00,0.0,0.0,62.92,48.65,41.05,93.165,90.0,0.0,29.69687534626049,5.848124653739518,0.0,65.16882681440448
2006-05-16 13:00:00,0.0,0.0,61.79,46.86,40.36,88.181,90.0,0.0,34.17099999999999,0.0,0.0,60.16882681440448
2006-05-16 14:00:00,0.0,0.0,60.72,45.28,39.95,81.078,90.0,0.0,0.12799999999998857,30.0,0.0,76.76882681440448
2006-05-16 15:00:00,0.0,0.0,60.38,44.49,40.68,71.665,90.0,0.0,0.0,21.11499999999998,0.0,86.97162681440446
2006-05-16 16:00:00,0.0,0.0,60.53,45.35,41.57,59.638999999999996,90.0,0.0,0.0,7.188999999999982,0.0,87.14770681440444
2006-05-16 17:00:00,0.0,0.0,60.73,46.81,41.69,41.645,90.0,12.585000000000008,0.0,0.0,0.0,82.14770681440444
2006-05-16 18:00:00,0.0,0.0,59.71,46.99,41.56,23.746000000000002,90.0,29.51400000000001,0.0,0.0,0.0,77.14770681440444
2006-05-16 19:00:00,0.0,0.0,57.52,46.14,40.77,14.57,90.0,34.86000000000001,0.0,0.0,0.0,72.14770681440444
2006-05-16 20:00:00,0.0,0.0,55.01,46.83,39.05,12.104000000000001,123.786,0.0,0.0,0.0,0.0,67.14770681440444
2006-05-16 21:00:00,0.0,0.0,51.39,47.91,36.11,12.609,115.0,2.801000000000016,0.0,0.0,0.0,62.147706814404444
2006-05-16 22:00:00,0.0,0.0,48.04,45.49,32.24,13.379999999999999,107.39,0.0,0.0,0.0,0.0,57.147706814404444
2006-05-16 23:00:00,0.0,0.0,45.86,42.63,28.7,13.331,98.85900000000001,0.0,0.0,0.0,0.0,52.147706814404444
2006-05-17 00:00:00,0.0,0.0,45.53,41.46,28.75,13.378999999999998,97.361,0.0,0.0,0.0,0.0,47.147706814404444
2006-05-17 01:00:00,0.0,0.0,45.48,39.22,27.86,13.791999999999998,90.0,3.767999999999999,0.0,0.0,0.0,42.147706814404444
2006-05-17 02:00:00,0.0,0.0,46.33,38.04,26.94,14.126999999999999,90.0,2.1829999999999927,0.0,0.0,0.0,37.147706814404444
2006-05-17 03:00:00,0.0,0.0,48.28,38.92,26.35,13.374,90.0,5.176000000000002,0.0,0.0,0.0,32.147706814404444
2006-05-17 04:00:00,0.0,0.0,53.01,41.61,26.76,12.133000000000001,104.24699999999999,0.0,0.0,0.0,0.0,27.147706814404444
2006-05-17 05:00:00,0.0,0.0,57.89,45.29,30.54,16.994,111.726,0.0,0.0,0.0,0.0,22.147706814404444
2006-05-17 06:00:00,0.0,0.0,61.37,48.17,35.91,27.736,112.71399999999998,0.0,0.0,0.0,0.0,17.147706814404444
2006-05-17 07:00:00,0.0,0.0,63.27,49.99,39.45,38.81,108.9,0.0,0.0,0.0,0.0,12.147706814404444
2006-05-17 08:00:00,0.0,0.0,64.85,50.68,41.14,51.849,99.821,0.0,0.0,0.0,0.0,7.147706814404444
2006-05-17 09:00:00,0.0,0.0,66.28,51.02,41.81,66.24000000000001,90.0,0.0,0.0,2.129999999999992,0.0,3.6813068144044383
2006-05-17 10:00:00,0.0,0.0,66.15,51.52,42.28,75.809,90.0,0.0,9.02748168667283,1.8315183133271695,0.0,0.0
2006-05-17 11:00:00,0.0,0.0,65.11,50.52,42.46,79.27799999999999,90.0,0.0,3.7991111111111024,12.388888888888882,0.0,3.9199999999999946
2006-05-17 12:00:00,0.0,0.0,63.72,49.11,41.92,78.336,90.0,0.0,0.0,18.585999999999995,0.0,12.301919999999992
2006-05-17 13:00:00,0.0,0.0,62.6,47.34,41.23,74.454,90.0,0.0,0.0,18.283999999999995,0.0,20.466399999999986
2006-05-17 14:00:00,0.0,0.0,61.53,45.76,40.83,68.935,90.0,0.0,0.0,15.815000000000001,0.0,26.853199999999987
2006-05-17 15:00:00,0.0,0.0,61.19,44.98,41.56,62.023999999999994,90.0,0.0,0.0,9.293999999999984,0.0,28.544879999999978
2006-05-17 16:00:00,0.0,0.0,61.33,45.83,42.44,53.852,90.748,0.0,0.0,0.0,0.0,23.544879999999978
2006-05-17 17:00:00,0.0,0.0,61.5,47.26,42.55,47.65,98.66,0.0,0.0,0.0,0.0,18.544879999999978
2006-05-17 18:00:00,0.0,0.0,60.46,47.4,42.41,42.417,102.85299999999998,0.0,0.0,0.0,0.0,13.544879999999978
2006-05-17 19:00:00,0.0,0.0,58.27,46.54,41.6,39.834,90.0,11.576,0.0,0.0,0.0,8.544879999999978
2006-05-17 20:00:00,0.0,0.0,55.77,47.28,39.89,41.713,96.22700000000002,0.0,0.0,0.0,0.0,3.544879999999978
2006-05-17 21:00:00,0.0,0.0,52.15,48.36,36.98,44.511,90.0,0.0,0.0,2.021000000000029,0.0,0.0
2006-05-17 22:00:00,0.0,0.0,48.81,45.9,33.12,47.232,90.0,0.0,0.0,9.402000000000022,0.0,1.7694400000000154
2006-05-17 23:00:00,0.0,0.0,46.64,43.03,29.57,50.033,73.69388888888888,0.0,0.0,4.486888888888868,0.0,0.0
2006-05-18 00:00:00,0.0,0.0,45.02,41.43,28.8,52.27,70.0,0.0,0.0,7.02000000000001,0.0,0.05440000000000733
2006-05-18 01:00:00,0.0,0.0,44.98,39.19,27.89,53.548,88.512,0.0,0.0,30.0,0.0,16.654400000000006
2006-05-18 02:00:00,0.0,0.0,45.82,38.02,26.97,53.885999999999996,86.924,0.0,0.0,30.0,0.0,33.254400000000004
2006-05-18 03:00:00,0.0,0.0,47.77,38.89,26.39,54.619,88.43100000000001,0.0,0.0,30.0,0.0,49.8544
2006-05-18 04:00:00,0.0,0.0,52.52,41.57,26.79,57.835,70.0,0.0,0.0,6.954999999999984,0.0,49.86199999999999
2006-05-18 05:00:00,0.0,0.0,57.42,45.24,30.6,64.721,68.53900000000002,0.0,0.0,0.0,0.0,44.86199999999999
2006-05-18 06:00:00,0.0,0.0,60.89,48.14,35.97,74.339,70.66100000000002,0.0,0.0,0.0,0.0,39.86199999999999
2006-05-18 07:00:00,0.0,0.0,62.79,49.97,39.51,86.933,65.33699999999999,0.0,0.0,0.0,0.0,34.86199999999999
2006-05-18 08:00:00,0.0,0.0,64.37,50.68,41.2,100.83399999999999,70.0,0.0,0.0,14.584000000000003,0.0,40.36247999999999
2006-05-18 09:00:00,0.0,0.0,65.8,51.03,41.88,113.83099999999999,74.879,0.0,0.0,30.0,0.0,56.962479999999985
2006-05-18 10:00:00,0.0,0.0,65.66,51.54,42.34,128.092,31.447999999999986,0.0,0.0,0.0,0.0,51.962479999999985
2006-05-18 11:00:00,0.0,0.0,64.62,50.54,42.52,134.896,70.20524653739605,0.0,17.42124653739604,30.0,0.0,68.56247999999998
2006-05-18 12:00:00,0.0,0.0,63.24,49.15,41.98,136.292,70.0,0.0,21.922,30.0,0.0,85.16247999999997
2006-05-18 13:00:00,0.0,0.0,62.12,47.38,41.3,135.538,45.26199999999999,0.0,0.0,30.0,0.0,101.76247999999997
2006-05-18 14:00:00,0.0,0.0,61.05,45.82,40.89,131.268,50.0,0.0,3.5080000000000098,30.0,0.0,118.36247999999996
2006-05-18 15:00:00,0.0,0.0,60.71,45.03,41.63,123.04400000000001,40.0,0.0,0.0,15.673999999999992,0.0,124.64775999999996
2006-05-18 16:00:00,0.0,0.0,60.84,45.88,42.51,108.76299999999999,40.467000000000006,0.0,0.0,0.0,0.0,119.64775999999996
2006-05-18 17:00:00,0.0,0.0,60.99,47.28,42.61,88.48400000000001,90.0,0.0,0.0,27.604000000000024,0.0,134.52263999999997
2006-05-18 18:00:00,0.0,0.0,59.92,47.37,42.44,64.176,90.0,0.0,0.0,4.446000000000009,0.0,132.72375999999997
2006-05-18 19:00:00,0.0,0.0,57.73,46.52,41.62,48.947,90.0,6.922999999999998,0.0,0.0,0.0,127.72375999999997
2006-05-18 20:00:00,0.0,0.0,55.25,47.29,39.93,46.702999999999996,90.0,5.766999999999996,0.0,0.0,0.0,122.72375999999997
2006-05-18 21:00:00,0.0,0.0,51.63,48.37,37.04,46.227,90.0,0.8129999999999882,0.0,0.0,0.0,117.72375999999997
2006-05-18 22:00:00,0.0,0.0,48.29,45.88,33.19,43.123999999999995,84.236,0.0,0.0,0.0,0.0,112.72375999999997
2006-05-18 23:00:00,0.0,0.0,46.13,43.01,29.63,38.81999999999999,79.95000000000002,0.0,0.0,0.0,0.0,107.72375999999997
2006-05-19 00:00:00,0.0,0.0,44.25,45.28,28.77,38.268,80.032,0.0,0.0,0.0,0.0,102.72375999999997
2006-05-19 01:00:00,0.0,0.0,44.2,43.04,27.84,39.664,90.0,0.0,0.0,14.584000000000003,0.0,108.22423999999997
2006-05-19 02:00:00,0.0,0.0,45.04,41.88,26.92,42.239999999999995,71.60000000000001,0.0,0.0,0.0,0.0,103.22423999999997
2006-05-19 03:00:00,0.0,0.0,46.99,42.76,26.34,46.662,69.428,0.0,0.0,0.0,0.0,98.22423999999997
2006-05-19 04:00:00,0.0,0.0,51.76,45.42,26.74,52.17599999999999,90.0,0.0,0.0,18.256000000000014,0.0,106.36855999999997
2006-05-19 05:00:00,0.0,0.0,56.67,49.09,30.56,62.329,73.991,0.0,0.0,0.0,0.0,101.36855999999997
2006-05-19 06:00:00,0.0,0.0,60.14,51.99,35.94,75.82399999999998,72.24600000000002,0.0,0.0,0.0,0.0,96.36855999999997
2006-05-19 07:00:00,0.0,0.0,62.04,53.83,39.48,91.858,63.491999999999976,0.0,0.0,0.0,0.0,91.36855999999997
2006-05-19 08:00:00,0.0,0.0,63.62,54.56,41.18,105.49400000000003,90.0,0.0,6.134,30.0,0.0,107.96855999999997
2006-05-19 09:00:00,0.0,0.0,65.06,54.93,41.85,117.28500000000001,70.0,0.0,0.0,25.444999999999986,0.0,121.28895999999996
2006-05-19 10:00:00,0.0,0.0,64.91,55.45,42.32,126.59,70.0,0.0,3.9099999999999966,30.0,0.0,137.88895999999997
2006-05-19 11:00:00,0.0,0.0,63.87,54.45,42.5,129.43900000000002,40.0,0.0,0.0,8.618999999999993,0.0,139.09463999999997
2006-05-19 12:00:00,0.0,0.0,62.49,53.07,41.96,129.82500000000002,40.0,0.0,0.0,12.305,0.0,142.95423999999997
2006-05-19 13:00:00,0.0,0.0,61.37,51.32,41.27,127.478,56.48200000000001,0.0,0.0,30.0,0.0,159.55423999999996
2006-05-19 14:00:00,0.0,0.0,60.3,49.76,40.87,125.189,70.0,0.0,14.258999999999986,30.0,0.0,176.15423999999996
2006-05-19 15:00:00,0.0,0.0,59.96,48.98,41.62,119.272,31.288000000000004,0.0,0.0,0.0,0.0,171.15423999999996
2006-05-19 16:00:00,0.0,0.0,60.08,49.82,42.49,108.74,70.0,0.0,0.0,26.350000000000016,0.0,185.12623999999997
2006-05-19 17:00:00,0.0,0.0,60.21,51.19,42.58,94.34200000000001,59.63799999999999,0.0,0.0,0.0,0.0,180.12623999999997
2006-05-19 18:00:00,0.0,0.0,59.11,51.23,42.4,78.858,90.0,0.0,0.0,16.11799999999998,0.0,186.73119999999994
2006-05-19 19:00:00,0.0,0.0,56.92,50.37,41.56,62.29899999999999,86.551,0.0,0.0,0.0,0.0,181.73119999999994
2006-05-19 20:00:00,0.0,0.0,54.46,51.19,39.88,55.964000000000006,90.0,0.0,0.0,0.43400000000000816,0.0,177.04367999999994
2006-05-19 21:00:00,0.0,0.0,50.83,52.27,37.02,53.689,86.431,0.0,0.0,0.0,0.0,172.04367999999994
2006-05-19 22:00:00,0.0,0.0,47.5,49.74,33.18,50.725,90.0,0.0,0.0,10.304999999999986,0.0,174.46327999999994
2006-05-19 23:00:00,0.0,0.0,45.35,46.86,29.61,46.214999999999996,75.605,0.0,0.0,0.0,0.0,169.46327999999994
2006-05-20 00:00:00,0.0,0.0,36.5,40.31,27.41,43.729,60.491,0.0,0.0,0.0,0.0,164.46327999999994
2006-05-20 01:00:00,0.0,0.0,36.46,38.07,26.45,43.3,87.67999999999999,0.0,0.0,30.0,0.0,181.06327999999993
2006-05-20 02:00:00,0.0,0.0,37.29,36.92,25.54,41.481,58.26899999999999,0.0,0.0,0.0,0.0,176.06327999999993
2006-05-20 03:00:00,0.0,0.0,39.24,37.79,24.96,40.237,90.0,0.0,0.0,28.24700000000002,0.0,191.40111999999993
2006-05-20 04:00:00,0.0,0.0,44.04,40.44,25.37,45.406000000000006,64.444,0.0,0.0,0.0,0.0,186.40111999999993
2006-05-20 05:00:00,0.0,0.0,48.96,44.1,29.2,57.376000000000005,90.0,0.0,0.0,25.116,0.0,199.48463999999993
2006-05-20 06:00:00,0.0,0.0,52.42,47.01,34.58,73.65800000000002,70.0,0.0,0.0,9.647999999999982,0.0,201.4311999999999
2006-05-20 07:00:00,0.0,0.0,54.32,48.87,38.13,90.683,90.0,0.0,9.363,30.0,0.0,218.0311999999999
2006-05-20 08:00:00,0.0,0.0,55.91,49.61,39.83,105.82099999999998,69.529,0.0,0.0,30.0,0.0,234.6311999999999
2006-05-20 09:00:00,0.0,0.0,57.34,50.0,40.5,115.584,70.0,0.0,7.7440000000000175,30.0,0.0,251.2311999999999
2006-05-20 10:00:00,0.0,0.0,57.19,50.53,40.98,120.407,90.0,0.0,31.70700000000003,30.0,0.0,267.8311999999999
2006-05-20 11:00:00,0.0,0.0,56.15,49.52,41.15,122.609,54.211000000000006,0.0,0.0,30.0,0.0,284.43119999999993
2006-05-20 12:00:00,0.0,0.0,54.77,48.17,40.61,121.60999999999999,51.94000000000001,0.0,0.0,30.0,0.0,301.03119999999996
2006-05-20 13:00:00,0.0,0.0,53.66,46.42,39.93,115.91299999999998,70.0,0.0,15.902999999999977,30.0,0.0,317.6312
2006-05-20 14:00:00,0.0,0.0,52.58,44.87,39.53,108.578,50.0,0.0,0.0,21.597999999999985,0.0,328.18175999999994
2006-05-20 15:00:00,0.0,0.0,52.24,44.09,40.27,101.04599999999998,65.55400000000003,0.0,0.0,30.0,0.0,344.78175999999996
2006-05-20 16:00:00,0.0,0.0,52.35,44.92,41.14,93.542,70.0,0.0,0.0,25.13200000000002,0.0,357.8768
2006-05-20 17:00:00,0.0,0.0,52.46,46.27,41.22,86.94,83.01000000000002,0.0,0.0,30.0,0.0,374.4768
2006-05-20 18:00:00,0.0,0.0,51.33,46.27,41.02,76.847,61.77300000000004,0.0,0.0,0.0,0.0,369.4768
2006-05-20 19:00:00,0.0,0.0,49.15,45.4,40.17,58.70899999999999,76.011,0.0,0.0,0.0,0.0,364.4768
2006-05-20 20:00:00,0.0,0.0,46.7,46.26,38.5,52.461,78.99900000000002,0.0,0.0,0.0,0.0,359.4768
2006-05-20 21:00:00,0.0,0.0,43.07,47.34,35.67,52.247,73.83300000000001,0.0,0.0,0.0,0.0,354.4768
2006-05-20 22:00:00,0.0,0.0,39.75,44.78,31.83,51.343,90.0,0.0,0.0,24.98300000000002,0.0,367.46456000000006
2006-05-20 23:00:00,0.0,0.0,37.6,41.89,28.26,49.536,58.214000000000006,0.0,0.0,0.0,0.0,362.46456000000006
2006-05-21 00:00:00,0.0,0.0,32.38,33.77,27.18,47.827999999999996,45.50200000000002,0.0,0.0,0.0,0.0,357.46456000000006
2006-05-21 01:00:00,0.0,0.0,32.34,31.53,26.2,47.092000000000006,72.978,0.0,0.0,30.0,0.0,374.0645600000001
2006-05-21 02:00:00,0.0,0.0,33.16,30.38,25.29,46.694,42.135999999999996,0.0,0.0,0.0,0.0,369.0645600000001
2006-05-21 03:00:00,0.0,0.0,35.11,31.26,24.71,46.187,90.0,0.0,15.106999999999985,30.0,0.0,385.6645600000001
2006-05-21 04:00:00,0.0,0.0,39.94,33.89,25.13,46.58,52.379999999999995,0.0,0.0,0.0,0.0,380.6645600000001
2006-05-21 05:00:00,0.0,0.0,44.87,37.55,28.97,51.474000000000004,70.0,0.0,0.0,10.084000000000024,0.0,382.92504000000014
2006-05-21 06:00:00,0.0,0.0,48.33,40.47,34.35,63.008,70.0,0.0,0.0,9.858000000000004,0.0,385.02280000000013
2006-05-21 07:00:00,0.0,0.0,50.22,42.34,37.91,77.148,53.32200000000001,0.0,0.0,0.0,0.0,380.02280000000013
2006-05-21 08:00:00,0.0,0.0,51.82,43.1,39.62,92.578,41.96199999999999,0.0,0.0,0.0,0.0,375.02280000000013
2006-05-21 09:00:00,0.0,0.0,53.25,43.5,40.29,102.425,64.615,0.0,0.0,30.0,0.0,391.62280000000015
2006-05-21 10:00:00,0.0,0.0,53.09,44.04,40.76,107.168,70.0,0.0,9.278000000000041,30.0,0.0,408.2228000000002
2006-05-21 11:00:00,0.0,0.0,52.05,43.04,40.94,111.57000000000001,40.0,0.0,0.0,15.54,0.0,414.4116000000002
2006-05-21 12:00:00,0.0,0.0,50.67,41.7,40.39,115.77799999999999,70.0,0.0,23.017999999999986,30.0,0.0,431.0116000000002
2006-05-21 13:00:00,0.0,0.0,49.56,39.96,39.71,116.021,40.0,0.0,0.0,26.79099999999999,0.0,445.3011200000002
2006-05-21 14:00:00,0.0,0.0,48.49,38.42,39.31,111.00699999999999,20.0,0.0,0.0,4.786999999999978,0.0,443.7477600000002
2006-05-21 15:00:00,0.0,0.0,48.15,37.64,40.06,106.491,70.0,0.0,20.640999999999988,30.0,0.0,460.3477600000002
2006-05-21 16:00:00,0.0,0.0,48.25,38.47,40.93,97.559,60.09100000000001,0.0,0.0,30.0,0.0,476.94776000000024
2006-05-21 17:00:00,0.0,0.0,48.33,39.78,41.0,81.657,90.0,0.0,12.547000000000025,30.0,0.0,493.54776000000027
2006-05-21 18:00:00,0.0,0.0,47.18,39.74,40.78,64.10600000000001,70.0,0.0,0.0,6.406000000000006,0.0,493.1600800000003
2006-05-21 19:00:00,0.0,0.0,45.0,38.87,39.92,50.018,73.77199999999999,0.0,0.0,0.0,0.0,488.1600800000003
2006-05-21 20:00:00,0.0,0.0,42.57,39.77,38.25,46.772000000000006,90.0,0.0,0.0,16.181999999999995,0.0,494.8111200000003
2006-05-21 21:00:00,0.0,0.0,38.93,40.85,35.45,48.492,90.0,0.0,0.0,23.261999999999993,0.0,506.5597600000003
2006-05-21 22:00:00,0.0,0.0,35.62,38.25,31.62,50.334999999999994,90.0,0.0,4.8450000000000095,30.0,0.0,523.1597600000003
2006-05-21 23:00:00,0.0,0.0,33.48,35.36,28.05,53.03200000000001,70.0,0.0,0.0,26.142000000000017,0.0,536.9820000000003
2006-05-22 00:00:00,0.0,0.0,43.0,42.47,29.82,56.153999999999996,90.0,0.0,0.8640000000000043,30.0,0.0,553.5820000000003
2006-05-22 01:00:00,0.0,0.0,42.95,40.22,28.83,58.085,53.915000000000006,0.0,0.0,0.0,0.0,548.5820000000003
2006-05-22 02:00:00,0.0,0.0,43.77,39.09,27.92,59.102000000000004,70.0,0.0,0.0,18.32199999999999,0.0,556.7738400000003
2006-05-22 03:00:00,0.0,0.0,45.72,39.96,27.35,58.642,90.0,0.0,5.612000000000002,30.0,0.0,573.3738400000003
2006-05-22 04:00:00,0.0,0.0,50.57,42.58,27.76,60.964000000000006,89.946,0.0,0.0,30.0,0.0,589.9738400000003
2006-05-22 05:00:00,0.0,0.0,55.51,46.23,31.62,67.556,90.0,0.0,0.0,24.196000000000026,0.0,602.3949600000003
2006-05-22 06:00:00,0.0,0.0,58.97,49.16,37.0,76.91399999999999,70.0,0.0,0.0,1.784000000000006,0.0,598.6794400000003
2006-05-22 07:00:00,0.0,0.0,60.85,51.05,40.56,97.94899999999998,54.51099999999998,0.0,0.0,0.0,0.0,593.6794400000003
2006-05-22 08:00:00,0.0,0.0,62.46,51.82,42.27,112.163,74.38700000000003,0.0,0.0,30.0,0.0,610.2794400000004
2006-05-22 09:00:00,0.0,0.0,63.89,52.24,42.94,125.307,40.0,0.0,0.0,6.236999999999991,0.0,609.7700800000003
2006-05-22 10:00:00,0.0,0.0,63.73,52.79,43.42,133.458,90.0,0.0,33.51799999999999,30.0,0.0,626.3700800000004
2006-05-22 11:00:00,0.0,0.0,62.69,51.79,43.6,134.078,70.0,0.0,15.998000000000033,30.0,0.0,642.9700800000004
2006-05-22 12:00:00,0.0,0.0,61.31,50.46,43.05,130.989,53.830999999999996,0.0,0.0,30.0,0.0,659.5700800000004
2006-05-22 13:00:00,0.0,0.0,60.21,48.74,42.37,123.86999999999999,57.450000000000024,0.0,0.0,30.0,0.0,676.1700800000004
2006-05-22 14:00:00,0.0,0.0,59.13,47.2,41.97,115.68500000000003,32.615,0.0,0.0,0.0,0.0,671.1700800000004
2006-05-22 15:00:00,0.0,0.0,58.79,46.43,42.73,106.915,71.035,0.0,0.0,30.0,0.0,687.7700800000005
2006-05-22 16:00:00,0.0,0.0,58.88,47.24,43.59,97.48,70.0,0.0,0.0,17.769999999999975,0.0,695.5644800000005
2006-05-22 17:00:00,0.0,0.0,58.94,48.53,43.65,84.004,90.0,0.0,0.0,22.88399999999999,0.0,707.0409600000005
2006-05-22 18:00:00,0.0,0.0,57.76,48.44,43.41,71.844,77.76599999999999,0.0,0.0,0.0,0.0,702.0409600000005
2006-05-22 19:00:00,0.0,0.0,55.58,47.57,42.54,56.440999999999995,89.249,0.0,0.0,0.0,0.0,697.0409600000005
2006-05-22 20:00:00,0.0,0.0,53.16,48.51,40.88,54.425,88.125,0.0,0.0,0.0,0.0,692.0409600000005
2006-05-22 21:00:00,0.0,0.0,49.52,49.59,38.11,56.37,80.85000000000002,0.0,0.0,0.0,0.0,687.0409600000005
2006-05-22 22:00:00,0.0,0.0,46.22,46.96,34.28,56.393,90.0,0.0,0.0,18.93300000000002,0.0,695.6727200000005
2006-05-22 23:00:00,0.0,0.0,44.09,44.06,30.71,55.67600000000001,63.18400000000001,0.0,0.0,0.0,0.0,690.6727200000005
2006-05-23 00:00:00,0.0,0.0,46.09,49.81,30.65,54.172,90.0,0.0,0.0,17.621999999999986,0.0,698.3605600000004
2006-05-23 01:00:00,0.0,0.0,46.04,47.57,29.64,53.396,90.0,0.0,0.0,20.14599999999998,0.0,707.8656800000005
2006-05-23 02:00:00,0.0,0.0,46.85,46.44,28.72,52.284,90.0,0.0,0.0,20.274000000000008,0.0,717.4629600000004
2006-05-23 03:00:00,0.0,0.0,48.81,47.32,28.15,51.462,72.81799999999997,0.0,0.0,0.0,0.0,712.4629600000004
2006-05-23 04:00:00,0.0,0.0,53.68,49.92,28.57,52.265,90.0,0.0,0.0,10.094999999999963,0.0,714.7313600000003
2006-05-23 05:00:00,0.0,0.0,58.63,53.57,32.44,58.679,85.96100000000001,0.0,0.0,0.0,0.0,709.7313600000003
2006-05-23 06:00:00,0.0,0.0,62.09,56.5,37.82,73.87800000000001,82.532,0.0,0.0,0.0,0.0,704.7313600000003
2006-05-23 07:00:00,0.0,0.0,63.97,58.4,41.39,91.853,90.0,0.0,0.0,18.09300000000003,0.0,712.7583200000004
2006-05-23 08:00:00,0.0,0.0,65.57,59.19,43.11,107.54299999999999,90.0,0.0,0.0,29.673000000000005,0.0,729.1228800000004
2006-05-23 09:00:00,0.0,0.0,67.01,59.62,43.78,117.68199999999999,52.72800000000001,0.0,0.0,0.0,0.0,724.1228800000004
2006-05-23 10:00:00,0.0,0.0,66.84,60.18,44.26,124.8,90.0,0.0,13.519999999999996,30.0,0.0,740.7228800000004
2006-05-23 11:00:00,0.0,0.0,65.8,59.19,44.44,128.115,90.0,0.0,18.685000000000016,30.0,0.0,757.3228800000004
2006-05-23 12:00:00,0.0,0.0,64.42,57.87,43.89,129.486,66.69399999999999,0.0,0.0,30.0,0.0,773.9228800000004
2006-05-23 13:00:00,0.0,0.0,63.32,56.16,43.2,127.92699999999999,90.0,0.0,25.246999999999993,30.0,0.0,790.5228800000004
2006-05-23 14:00:00,0.0,0.0,62.25,54.63,42.81,123.982,40.0,0.0,0.0,4.29199999999998,0.0,788.6131200000004
2006-05-23 15:00:00,0.0,0.0,61.91,53.86,43.57,118.36300000000001,40.977000000000004,0.0,0.0,0.0,0.0,783.6131200000004
2006-05-23 16:00:00,0.0,0.0,61.99,54.67,44.43,108.94300000000001,70.0,0.0,0.0,17.85299999999998,0.0,791.4672800000004
2006-05-23 17:00:00,0.0,0.0,62.02,55.93,44.48,95.692,70.0,0.0,0.0,3.2620000000000218,0.0,788.8159200000005
2006-05-23 18:00:00,0.0,0.0,60.81,55.79,44.22,74.52600000000001,90.0,0.0,0.0,3.7059999999999995,0.0,786.4842400000005
2006-05-23 19:00:00,0.0,0.0,58.64,54.91,43.34,54.75900000000001,90.0,12.130999999999986,0.0,0.0,0.0,781.4842400000005
2006-05-23 20:00:00,0.0,0.0,56.24,55.9,41.69,48.661,90.0,15.168999999999997,0.0,0.0,0.0,776.4842400000005
2006-05-23 21:00:00,0.0,0.0,52.59,56.98,38.95,49.485,90.0,9.03500000000001,0.0,0.0,0.0,771.4842400000005
2006-05-23 22:00:00,0.0,0.0,49.3,54.32,35.13,50.764,90.0,0.0,0.0,2.01400000000001,0.0,767.9343200000004
2006-05-23 23:00:00,0.0,0.0,47.17,51.41,31.55,50.789,79.341,0.0,0.0,0.0,0.0,762.9343200000004
2006-05-24 00:00:00,0.0,0.0,46.86,49.68,31.29,50.506,77.32400000000001,0.0,0.0,0.0,0.0,757.9343200000004
2006-05-24 01:00:00,0.0,0.0,46.81,47.43,30.26,51.479,73.02100000000002,0.0,0.0,0.0,0.0,752.9343200000004
2006-05-24 02:00:00,0.0,0.0,47.62,46.32,29.35,52.613,70.67699999999999,0.0,0.0,0.0,0.0,747.9343200000004
2006-05-24 03:00:00,0.0,0.0,49.57,47.19,28.78,53.427,90.0,0.0,0.0,17.887,0.0,755.8129600000004
2006-05-24 04:00:00,0.0,0.0,54.47,49.78,29.2,57.693000000000005,90.0,0.0,0.0,14.243000000000002,0.0,761.0679200000004
2006-05-24 05:00:00,0.0,0.0,59.43,53.42,33.09,66.698,79.242,0.0,0.0,0.0,0.0,756.0679200000004
2006-05-24 06:00:00,0.0,0.0,62.88,56.36,38.47,79.42,78.28999999999999,0.0,0.0,0.0,0.0,751.0679200000004
2006-05-24 07:00:00,0.0,0.0,64.76,58.28,42.04,95.39800000000001,69.682,0.0,0.0,0.0,0.0,746.0679200000004
2006-05-24 08:00:00,0.0,0.0,66.37,59.08,43.76,107.21600000000001,90.0,0.0,17.350387811634317,10.655612188365684,0.0,748.7399607756237
2006-05-24 09:00:00,0.0,0.0,67.81,59.53,44.43,116.22800000000001,90.0,0.0,4.457999999999998,30.0,0.0,765.3399607756237
2006-05-24 10:00:00,0.0,0.0,67.63,60.1,44.91,122.987,90.0,0.0,10.347000000000008,30.0,0.0,781.9399607756237
2006-05-24 11:00:00,0.0,0.0,66.59,59.11,45.09,126.46200000000002,44.32800000000001,0.0,0.0,0.0,0.0,776.9399607756237
2006-05-24 12:00:00,0.0,0.0,65.22,57.81,44.54,126.43599999999999,41.13400000000001,0.0,0.0,0.0,0.0,771.9399607756237
2006-05-24 13:00:00,0.0,0.0,64.12,56.11,43.86,123.41400000000002,40.675999999999995,0.0,0.0,0.0,0.0,766.9399607756237
2006-05-24 14:00:00,0.0,0.0,63.04,54.59,43.47,117.59799999999998,43.502,0.0,0.0,0.0,0.0,761.9399607756237
2006-05-24 15:00:00,0.0,0.0,62.71,53.81,44.23,108.855,90.0,0.0,8.105000000000004,30.0,0.0,778.5399607756237
2006-05-24 16:00:00,0.0,0.0,62.78,54.62,45.09,98.05299999999998,70.0,0.0,0.0,5.562999999999967,0.0,777.5453207756237
2006-05-24 17:00:00,0.0,0.0,62.79,55.85,45.12,84.24300000000001,79.51700000000002,0.0,0.0,0.0,0.0,772.5453207756237
2006-05-24 18:00:00,0.0,0.0,61.55,55.66,44.85,66.037,90.0,6.022999999999996,0.0,0.0,0.0,767.5453207756237
2006-05-24 19:00:00,0.0,0.0,59.38,54.78,43.95,50.297,90.0,17.813000000000013,0.0,0.0,0.0,762.5453207756237
2006-05-24 20:00:00,0.0,0.0,56.99,55.81,42.32,40.628,90.0,24.492000000000004,0.0,0.0,0.0,757.5453207756237
2006-05-24 21:00:00,0.0,0.0,53.35,56.89,39.6,36.98199999999999,90.0,22.858000000000004,0.0,0.0,0.0,752.5453207756237
2006-05-24 22:00:00,0.0,0.0,50.06,54.19,35.79,34.319,90.0,15.720999999999982,0.0,0.0,0.0,747.5453207756237
2006-05-24 23:00:00,0.0,0.0,47.94,51.28,32.2,31.394000000000002,90.0,10.025999999999996,0.0,0.0,0.0,742.5453207756237
2006-05-25 00:00:00,0.0,0.0,46.63,46.07,30.45,28.627,90.0,4.52300000000001,0.0,0.0,0.0,737.5453207756237
2006-05-25 01:00:00,0.0,0.0,46.58,43.82,29.4,27.088000000000005,90.0,2.711999999999989,0.0,0.0,0.0,732.5453207756237
2006-05-25 02:00:00,0.0,0.0,47.39,42.72,28.49,25.622000000000003,90.0,2.97799999999998,0.0,0.0,0.0,727.5453207756237
2006-05-25 03:00:00,0.0,0.0,49.34,43.59,27.92,24.628,90.0,6.222000000000023,0.0,0.0,0.0,722.5453207756237
2006-05-25 04:00:00,0.0,0.0,54.26,46.17,28.34,25.113,90.0,13.656999999999996,0.0,0.0,0.0,717.5453207756237
2006-05-25 05:00:00,0.0,0.0,59.23,49.8,32.25,30.220999999999997,90.0,21.05900000000001,0.0,0.0,0.0,712.5453207756237
2006-05-25 06:00:00,0.0,0.0,62.68,52.75,37.63,41.298,90.0,21.761999999999972,0.0,0.0,0.0,707.5453207756237
2006-05-25 07:00:00,0.0,0.0,64.55,54.68,41.21,58.506,90.0,11.933999999999997,0.0,0.0,0.0,702.5453207756237
2006-05-25 08:00:00,0.0,0.0,66.17,55.5,42.94,72.399,90.0,2.2109999999999843,0.0,0.0,0.0,697.5453207756237
2006-05-25 09:00:00,0.0,0.0,67.62,55.97,43.61,84.69200000000001,90.0,0.0,7.491999999999983,0.0,0.0,692.5453207756237
2006-05-25 10:00:00,0.0,0.0,67.43,56.55,44.08,95.866,72.19400000000002,0.0,0.0,0.0,0.0,687.5453207756237
2006-05-25 11:00:00,0.0,0.0,66.39,55.55,44.26,101.191,85.009,0.0,20.0,0.0,0.0,682.5453207756237
2006-05-25 12:00:00,0.0,0.0,65.02,54.27,43.72,102.408,90.0,0.0,20.0,9.397999999999985,0.0,684.3118807756238
2006-05-25 13:00:00,0.0,0.0,63.92,52.58,43.03,100.82500000000002,90.0,0.0,31.295000000000023,0.0,0.0,679.3118807756238
2006-05-25 14:00:00,0.0,0.0,62.84,51.06,42.65,97.403,90.0,0.0,3.2958337950137357,27.557166204986263,0.0,694.1530404432139
2006-05-25 15:00:00,0.0,0.0,62.51,50.29,43.41,89.905,90.0,0.0,23.69500000000002,0.0,0.0,689.1530404432139
2006-05-25 16:00:00,0.0,0.0,62.57,51.09,44.26,76.574,81.346,0.0,0.0,0.0,0.0,684.1530404432139
2006-05-25 17:00:00,0.0,0.0,62.56,52.3,44.29,59.940999999999995,90.0,9.209000000000003,0.0,0.0,0.0,679.1530404432139
2006-05-25 18:00:00,0.0,0.0,61.29,52.07,44.0,43.663000000000004,90.0,23.697000000000003,0.0,0.0,0.0,674.1530404432139
2006-05-25 19:00:00,0.0,0.0,59.12,51.18,43.09,28.107000000000006,90.0,35.28299999999999,0.0,0.0,0.0,669.1530404432139
2006-05-25 20:00:00,0.0,0.0,56.75,52.25,41.46,21.721,90.0,38.739000000000004,0.0,0.0,0.0,664.1530404432139
2006-05-25 21:00:00,0.0,0.0,53.1,53.33,38.78,21.511000000000003,90.0,33.69899999999999,0.0,0.0,0.0,659.1530404432139
2006-05-25 22:00:00,0.0,0.0,49.82,50.6,34.97,20.78,90.0,24.609999999999985,0.0,0.0,0.0,654.1530404432139
2006-05-25 23:00:00,0.0,0.0,47.71,47.67,31.38,20.953,90.0,15.807000000000002,0.0,0.0,0.0,649.1530404432139
2006-05-26 00:00:00,0.0,0.0,44.61,40.45,28.79,22.211999999999996,90.0,1.6379999999999946,0.0,0.0,0.0,644.1530404432139
2006-05-26 01:00:00,0.0,0.0,44.56,38.2,27.72,22.337000000000003,88.143,0.0,0.0,0.0,0.0,639.1530404432139
2006-05-26 02:00:00,0.0,0.0,45.36,37.1,26.81,21.901000000000003,87.369,0.0,0.0,0.0,0.0,634.1530404432139
2006-05-26 03:00:00,0.0,0.0,47.31,37.98,26.25,22.221999999999998,90.0,0.0,0.6820000000000164,0.0,0.0,629.1530404432139
2006-05-26 04:00:00,0.0,0.0,52.26,40.53,26.67,25.996,90.0,3.4639999999999986,0.0,0.0,0.0,624.1530404432139
2006-05-26 05:00:00,0.0,0.0,57.23,44.17,30.59,35.179,90.0,6.811000000000007,0.0,0.0,0.0,619.1530404432139
2006-05-26 06:00:00,0.0,0.0,60.69,47.13,35.97,49.658,90.0,4.132000000000005,0.0,0.0,0.0,614.1530404432139
2006-05-26 07:00:00,0.0,0.0,62.55,49.07,39.56,63.669,87.51100000000001,0.0,0.0,0.0,0.0,609.1530404432139
2006-05-26 08:00:00,0.0,0.0,64.18,49.9,41.29,79.64,90.0,0.0,13.10470914127422,1.1652908587257933,0.0,604.9920498614964
2006-05-26 09:00:00,0.0,0.0,65.62,50.38,41.96,89.314,90.0,0.0,0.0,21.353999999999985,0.0,615.3669298614964
2006-05-26 10:00:00,0.0,0.0,65.43,50.98,42.44,93.185,90.0,0.0,0.0,24.335000000000004,0.0,627.8881298614964
2006-05-26 11:00:00,0.0,0.0,64.38,49.98,42.62,93.211,90.0,0.0,0.0,26.230999999999998,0.0,641.7744498614964
2006-05-26 12:00:00,0.0,0.0,63.01,48.71,42.07,92.81099999999999,90.0,0.0,0.0,29.02100000000002,0.0,657.6695698614964
2006-05-26 13:00:00,0.0,0.0,61.92,47.03,41.38,88.951,61.37899999999999,0.0,0.0,0.0,0.0,652.6695698614964
2006-05-26 14:00:00,0.0,0.0,60.85,45.53,41.0,84.284,63.096000000000004,0.0,0.0,0.0,0.0,647.6695698614964
2006-05-26 15:00:00,0.0,0.0,60.51,44.76,41.77,78.42200000000001,68.61800000000002,0.0,0.0,0.0,0.0,642.6695698614964
2006-05-26 16:00:00,0.0,0.0,60.56,45.55,42.62,73.02799999999999,90.0,0.0,0.0,14.297999999999973,0.0,647.9641298614963
2006-05-26 17:00:00,0.0,0.0,60.53,46.73,42.63,67.92099999999999,90.0,0.0,6.404432132963991,1.6265678670360124,0.0,644.1352587257622
2006-05-26 18:00:00,0.0,0.0,59.23,46.45,42.32,59.005,88.99499999999998,0.0,0.0,0.0,0.0,639.1352587257622
2006-05-26 19:00:00,0.0,0.0,57.06,45.56,41.4,48.24,90.0,5.780000000000001,0.0,0.0,0.0,634.1352587257622
2006-05-26 20:00:00,0.0,0.0,54.71,46.67,39.79,42.629999999999995,90.0,8.539999999999978,0.0,0.0,0.0,629.1352587257622
2006-05-26 21:00:00,0.0,0.0,51.06,47.75,37.13,42.653,90.0,3.287000000000006,0.0,0.0,0.0,624.1352587257622
2006-05-26 22:00:00,0.0,0.0,47.78,44.98,33.32,44.036,82.04400000000001,0.0,0.0,0.0,0.0,619.1352587257622
2006-05-26 23:00:00,0.0,0.0,45.68,42.05,29.73,43.35,74.11,0.0,0.0,0.0,0.0,614.1352587257622
2006-05-27 00:00:00,0.0,0.0,35.64,35.32,26.2,43.227,53.93300000000002,0.0,0.0,0.0,0.0,609.1352587257622
2006-05-27 01:00:00,0.0,0.0,35.59,33.07,25.11,41.059999999999995,90.0,0.0,7.290000000000006,30.0,0.0,625.7352587257623
2006-05-27 02:00:00,0.0,0.0,36.39,31.98,24.2,38.27,54.30000000000001,0.0,0.0,0.0,0.0,620.7352587257623
2006-05-27 03:00:00,0.0,0.0,38.34,32.86,23.64,37.595,57.245000000000005,0.0,0.0,0.0,0.0,615.7352587257623
2006-05-27 04:00:00,0.0,0.0,43.31,35.4,24.06,34.760000000000005,68.00999999999999,0.0,0.0,0.0,0.0,610.7352587257623
2006-05-27 05:00:00,0.0,0.0,48.29,39.03,27.99,37.32,77.98999999999998,0.0,0.0,0.0,0.0,605.7352587257623
2006-05-27 06:00:00,0.0,0.0,51.74,42.0,33.38,45.31400000000001,81.806,0.0,0.0,0.0,0.0,600.7352587257623
2006-05-27 07:00:00,0.0,0.0,53.6,43.95,36.97,59.269,90.0,0.0,0.0,14.748999999999992,0.0,606.3545387257623
2006-05-27 08:00:00,0.0,0.0,55.23,44.8,38.71,75.115,90.0,0.0,0.0,26.375000000000004,0.0,620.3445387257623
2006-05-27 09:00:00,0.0,0.0,56.68,45.3,39.38,88.938,82.422,0.0,0.0,30.0,0.0,636.9445387257623
2006-05-27 10:00:00,0.0,0.0,56.48,45.9,39.86,99.77600000000001,90.0,0.0,17.536000000000016,30.0,0.0,653.5445387257623
2006-05-27 11:00:00,0.0,0.0,55.43,44.91,40.03,105.528,90.0,0.0,25.15800000000001,30.0,0.0,670.1445387257623
2006-05-27 12:00:00,0.0,0.0,54.07,43.65,39.49,107.144,40.0,0.0,0.0,9.934000000000012,0.0,672.2970187257623
2006-05-27 13:00:00,0.0,0.0,52.98,41.99,38.8,106.107,90.0,0.0,32.337,30.0,0.0,688.8970187257623
2006-05-27 14:00:00,0.0,0.0,51.9,40.49,38.42,100.281,60.528999999999996,0.0,0.0,30.0,0.0,705.4970187257624
2006-05-27 15:00:00,0.0,0.0,51.57,39.72,39.19,95.11399999999999,61.35180732532916,0.0,0.0,25.98580732532917,0.0,719.2067999999994
2006-05-27 16:00:00,0.0,0.0,51.61,40.51,40.04,87.38600000000001,44.77399999999999,0.0,0.0,0.0,0.0,714.2067999999994
2006-05-27 17:00:00,0.0,0.0,51.55,41.65,40.04,77.348,55.89200000000001,0.0,0.0,0.0,0.0,709.2067999999994
2006-05-27 18:00:00,0.0,0.0,50.23,41.33,39.71,65.06700000000001,70.0,0.0,0.0,3.797000000000004,0.0,706.9406399999993
2006-05-27 19:00:00,0.0,0.0,48.06,40.43,38.78,52.702,74.56800000000003,0.0,0.0,0.0,0.0,701.9406399999993
2006-05-27 20:00:00,0.0,0.0,45.73,41.59,37.18,49.574999999999996,74.92500000000001,0.0,0.0,0.0,0.0,696.9406399999993
2006-05-27 21:00:00,0.0,0.0,42.07,42.67,34.55,50.513999999999996,68.77599999999998,0.0,0.0,0.0,0.0,691.9406399999993
2006-05-27 22:00:00,0.0,0.0,38.8,39.87,30.75,51.087999999999994,58.33200000000001,0.0,0.0,0.0,0.0,686.9406399999993
2006-05-27 23:00:00,0.0,0.0,36.71,36.93,27.15,52.393,78.39700000000002,0.0,0.0,30.0,0.0,703.5406399999994
2006-05-28 00:00:00,0.0,0.0,32.2,32.96,26.13,54.153,67.13700000000001,0.0,0.0,30.0,0.0,720.1406399999994
2006-05-28 01:00:00,0.0,0.0,32.14,30.71,25.02,56.888999999999996,30.981000000000005,0.0,0.0,0.0,0.0,715.1406399999994
2006-05-28 02:00:00,0.0,0.0,32.94,29.63,24.11,58.822,83.49831578947368,0.0,25.640315789473696,30.0,0.0,731.7406399999994
2006-05-28 03:00:00,0.0,0.0,34.89,30.5,23.55,59.106,59.83399999999999,0.0,0.0,30.0,0.0,748.3406399999994
2006-05-28 04:00:00,0.0,0.0,39.89,33.03,23.98,62.986,63.914,0.0,0.0,30.0,0.0,764.9406399999995
2006-05-28 05:00:00,0.0,0.0,44.88,36.65,27.92,73.84399999999998,71.61315789473683,0.0,6.007157894736829,30.0,0.0,781.5406399999995
2006-05-28 06:00:00,0.0,0.0,48.33,39.63,33.31,88.37700000000001,70.0,0.0,7.106999999999971,30.0,0.0,798.1406399999995
2006-05-28 07:00:00,0.0,0.0,50.19,41.6,36.91,105.851,52.849,0.0,0.0,30.0,0.0,814.7406399999995
2006-05-28 08:00:00,0.0,0.0,51.82,42.47,38.65,118.293,44.64699999999999,0.0,0.0,30.0,0.0,831.3406399999996
2006-05-28 09:00:00,0.0,0.0,53.27,42.98,39.32,125.35300000000001,70.0,0.0,29.783000000000015,30.0,0.0,847.9406399999996
2006-05-28 10:00:00,0.0,0.0,53.06,43.59,39.8,130.512,70.0,0.0,34.06199999999999,30.0,0.0,864.5406399999996
2006-05-28 11:00:00,0.0,0.0,52.01,42.6,39.98,132.335,32.254999999999995,0.0,0.0,30.0,0.0,881.1406399999996
2006-05-28 12:00:00,0.0,0.0,50.65,41.36,39.43,130.594,20.0,0.0,0.0,19.154000000000003,0.0,889.9315199999996
2006-05-28 13:00:00,0.0,0.0,49.57,39.7,38.75,125.702,40.0,0.0,7.682000000000002,30.0,0.0,906.5315199999997
2006-05-28 14:00:00,0.0,0.0,48.49,38.21,38.37,117.19700000000002,90.0,0.0,52.12699999999998,30.0,0.0,923.1315199999997
2006-05-28 15:00:00,0.0,0.0,48.16,37.45,39.14,106.47,90.0,0.0,41.72,30.0,0.0,939.7315199999997
2006-05-28 16:00:00,0.0,0.0,48.18,38.22,39.98,95.72,90.0,0.0,29.34,30.0,0.0,956.3315199999997
2006-05-28 17:00:00,0.0,0.0,48.1,39.34,39.98,84.185,73.23499999999997,0.0,0.0,30.0,0.0,972.9315199999998
2006-05-28 18:00:00,0.0,0.0,46.76,38.97,39.63,69.433,55.92699999999999,0.0,0.0,0.0,0.0,967.9315199999998
2006-05-28 19:00:00,0.0,0.0,44.59,38.08,38.68,51.288000000000004,90.0,0.0,0.0,19.93799999999998,0.0,977.2868799999998
2006-05-28 20:00:00,0.0,0.0,42.27,39.28,37.09,37.547,90.0,0.0,0.0,8.907000000000004,0.0,978.6999199999998
2006-05-28 21:00:00,0.0,0.0,38.61,40.35,34.49,29.91,83.53999999999999,0.0,0.0,0.0,0.0,973.6999199999998
2006-05-28 22:00:00,0.0,0.0,35.35,37.52,30.7,28.201,75.36900000000003,0.0,0.0,0.0,0.0,968.6999199999998
2006-05-28 23:00:00,0.0,0.0,33.26,34.57,27.09,27.301999999999996,70.0,0.0,0.0,2.381999999999991,0.0,965.4149599999998
2006-05-29 00:00:00,0.0,0.0,44.92,43.82,29.71,27.254,90.0,1.1959999999999873,0.0,0.0,0.0,960.4149599999998
2006-05-29 01:00:00,0.0,0.0,44.86,41.56,28.58,27.634,87.366,0.0,0.0,0.0,0.0,955.4149599999998
2006-05-29 02:00:00,0.0,0.0,45.66,40.49,27.67,28.264000000000003,90.0,0.0,0.0,4.4439999999999955,0.0,953.6146399999998
2006-05-29 03:00:00,0.0,0.0,47.61,41.37,27.12,28.899,90.0,0.0,0.0,2.79900000000001,0.0,950.6299199999997
2006-05-29 04:00:00,0.0,0.0,52.63,43.88,27.55,29.113000000000003,90.0,4.946999999999989,0.0,0.0,0.0,945.6299199999997
2006-05-29 05:00:00,0.0,0.0,57.63,47.5,31.51,36.012,90.0,10.628000000000014,0.0,0.0,0.0,940.6299199999997
2006-05-29 06:00:00,0.0,0.0,61.08,50.48,36.9,50.388,90.0,8.072000000000006,0.0,0.0,0.0,935.6299199999997
2006-05-29 07:00:00,0.0,0.0,62.93,52.46,40.5,67.847,90.0,0.0,0.0,1.9570000000000043,0.0,932.0389599999997
2006-05-29 08:00:00,0.0,0.0,64.57,53.35,42.24,79.562,80.59799999999998,0.0,0.0,0.0,0.0,927.0389599999997
2006-05-29 09:00:00,0.0,0.0,66.02,53.87,42.91,87.95400000000001,74.846,0.0,0.0,0.0,0.0,922.0389599999997
2006-05-29 10:00:00,0.0,0.0,65.81,54.5,43.39,94.387,70.0,0.0,0.0,0.6869999999999763,0.0,917.5335999999998
2006-05-29 11:00:00,0.0,0.0,64.76,53.51,43.57,98.47399999999999,63.36600000000001,0.0,0.0,0.0,0.0,912.5335999999998
2006-05-29 12:00:00,0.0,0.0,63.4,52.28,43.02,100.10399999999998,70.0,0.0,0.0,11.404000000000018,0.0,915.7444799999997
2006-05-29 13:00:00,0.0,0.0,62.32,50.64,42.34,99.788,85.51200000000001,0.0,0.0,30.0,0.0,932.3444799999997
2006-05-29 14:00:00,0.0,0.0,61.24,49.15,41.96,97.17,90.0,0.0,4.819999999999993,30.0,0.0,948.9444799999998
2006-05-29 15:00:00,0.0,0.0,60.91,48.39,42.74,92.255,70.0,0.0,0.0,10.215000000000025,0.0,951.2992799999998
2006-05-29 16:00:00,0.0,0.0,60.92,49.16,43.58,85.866,90.0,0.0,0.0,22.205999999999992,0.0,962.2875999999999
2006-05-29 17:00:00,0.0,0.0,60.82,50.25,43.56,77.584,77.04600000000002,0.0,0.0,0.0,0.0,957.2875999999999
2006-05-29 18:00:00,0.0,0.0,59.44,49.84,43.2,67.921,84.55900000000001,0.0,0.0,0.0,0.0,952.2875999999999
2006-05-29 19:00:00,0.0,0.0,57.28,48.94,42.24,56.50299999999999,90.0,1.9569999999999936,0.0,0.0,0.0,947.2875999999999
2006-05-29 20:00:00,0.0,0.0,54.98,50.18,40.66,49.301,90.0,6.518999999999998,0.0,0.0,0.0,942.2875999999999
2006-05-29 21:00:00,0.0,0.0,51.31,51.25,38.08,47.61,90.0,3.029999999999987,0.0,0.0,0.0,937.2875999999999
2006-05-29 22:00:00,0.0,0.0,48.06,48.38,34.29,46.025999999999996,84.70400000000001,0.0,0.0,0.0,0.0,932.2875999999999
2006-05-29 23:00:00,0.0,0.0,45.98,45.43,30.69,46.208,75.89199999999998,0.0,0.0,0.0,0.0,927.2875999999999
2006-05-30 00:00:00,0.0,0.0,47.36,51.61,30.38,46.603,82.74699999999999,0.0,0.0,0.0,0.0,922.2875999999999
2006-05-30 01:00:00,0.0,0.0,47.3,49.36,29.22,48.199,90.0,0.0,0.0,12.319000000000006,0.0,926.1572799999999
2006-05-30 02:00:00,0.0,0.0,48.09,48.3,28.31,48.932,90.0,0.0,0.0,14.231999999999989,0.0,931.4043199999999
2006-05-30 03:00:00,0.0,0.0,50.04,49.18,27.76,49.474000000000004,90.0,0.0,0.0,12.494000000000018,0.0,935.3999999999999
2006-05-30 04:00:00,0.0,0.0,55.08,51.67,28.19,50.835,84.105,0.0,0.0,0.0,0.0,930.3999999999999
2006-05-30 05:00:00,0.0,0.0,60.1,55.28,32.17,61.36499999999999,86.185,0.0,0.0,0.0,0.0,925.3999999999999
2006-05-30 06:00:00,0.0,0.0,63.54,58.28,37.56,84.576,74.804,0.0,0.0,0.0,0.0,920.3999999999999
2006-05-30 07:00:00,0.0,0.0,65.39,60.27,41.17,108.02599999999998,58.803999999999995,0.0,0.0,0.0,0.0,915.3999999999999
2006-05-30 08:00:00,0.0,0.0,67.03,61.17,42.92,119.535,90.0,0.0,8.414999999999985,30.0,0.0,931.9999999999999
2006-05-30 09:00:00,0.0,0.0,68.49,61.71,43.59,127.961,90.0,0.0,14.170999999999992,30.0,0.0,948.5999999999999
2006-05-30 10:00:00,0.0,0.0,68.27,62.35,44.07,133.791,40.89900000000001,0.0,0.0,0.0,0.0,943.5999999999999
2006-05-30 11:00:00,0.0,0.0,67.22,61.36,44.25,135.881,76.6169002770083,0.0,9.667900277008318,30.0,0.0,960.1999999999999
2006-05-30 12:00:00,0.0,0.0,65.86,60.15,43.7,134.288,65.422,0.0,0.0,30.0,0.0,976.8
2006-05-30 13:00:00,0.0,0.0,64.78,58.52,43.01,129.512,70.0,0.0,3.201999999999998,30.0,0.0,993.4
2006-05-30 14:00:00,0.0,0.0,63.7,57.04,42.64,122.99000000000001,40.39000000000001,0.0,0.0,0.0,0.0,988.4
2006-05-30 15:00:00,0.0,0.0,63.37,56.28,43.42,114.94400000000002,48.126000000000005,0.0,0.0,0.0,0.0,983.4
2006-05-30 16:00:00,0.0,0.0,63.37,57.04,44.26,104.956,89.71399999999997,0.0,0.0,30.0,0.0,1000.0
2006-05-30 17:00:00,0.0,0.0,63.25,58.11,44.23,92.099,80.43544444444443,0.0,0.0,6.944444444444445,0.0,1000.0
2006-05-30 18:00:00,0.0,0.0,61.85,57.64,43.85,73.56200000000001,90.0,0.0,0.0,0.22200000000001552,0.0,995.15984
2006-05-30 19:00:00,0.0,0.0,59.69,56.74,42.87,55.527,90.0,10.439666666666668,0.0,0.0,0.0,990.15984
2006-05-30 20:00:00,0.0,0.0,57.4,58.02,41.31,46.181,90.0,17.215666666666674,0.0,0.0,0.0,985.15984
2006-05-30 21:00:00,0.0,0.0,53.73,59.09,38.76,45.556000000000004,90.0,14.357333333333344,0.0,0.0,0.0,980.15984
2006-05-30 22:00:00,0.0,0.0,50.49,56.19,34.98,44.885999999999996,90.0,1.7740000000000196,0.0,0.0,0.0,975.15984
2006-05-30 23:00:00,0.0,0.0,48.41,53.23,31.36,43.64,90.0,0.0,0.0,0.6400000000000041,0.0,970.62064
2006-05-31 00:00:00,0.0,0.0,47.66,53.46,30.88,41.615,90.0,0.0,0.0,0.0,0.0,965.62064
2006-05-31 01:00:00,0.0,0.0,47.6,51.21,29.71,40.035,90.0,0.0,0.0,1.5149999999999757,0.0,961.7114399999999
2006-05-31 02:00:00,0.0,0.0,48.38,50.15,28.8,39.287,90.0,0.0,0.0,1.957000000000015,0.0,958.1204799999999
2006-05-31 03:00:00,0.0,0.0,50.33,51.03,28.25,38.634,90.0,0.0,0.0,0.0,0.0,953.1204799999999
2006-05-31 04:00:00,0.0,0.0,55.4,53.51,28.69,39.659,90.0,4.607666666666671,0.0,0.0,0.0,948.1204799999999
2006-05-31 05:00:00,0.0,0.0,60.43,57.12,32.67,46.825,90.0,11.728333333333353,0.0,0.0,0.0,943.1204799999999
2006-05-31 06:00:00,0.0,0.0,63.87,60.12,38.07,65.03399999999999,90.0,5.359333333333325,0.0,0.0,0.0,938.1204799999999
2006-05-31 07:00:00,0.0,0.0,65.71,62.13,41.68,83.883,90.0,0.0,4.3629999999999995,0.0,0.0,933.1204799999999
2006-05-31 08:00:00,0.0,0.0,67.36,63.05,43.43,96.46499999999999,90.0,0.0,0.0,12.625000000000007,0.0,937.21048
2006-05-31 09:00:00,0.0,0.0,68.82,63.6,44.1,105.402,90.0,0.0,18.882000000000026,0.0,0.0,932.21048
2006-05-31 10:00:00,0.0,0.0,68.59,64.25,44.59,110.67999999999998,90.0,0.0,0.0,23.24999999999998,0.0,943.95048
2006-05-31 11:00:00,0.0,0.0,67.54,63.26,44.76,113.048,90.0,0.0,0.0,27.48800000000001,0.0,958.74184
2006-05-31 12:00:00,0.0,0.0,66.18,62.07,44.21,112.15,90.0,0.0,19.780232686980632,9.909767313019366,0.0,960.8768724653739
2006-05-31 13:00:00,0.0,0.0,65.11,60.44,43.53,108.61099999999999,90.0,0.0,29.53099999999999,0.0,0.0,955.8768724653739
2006-05-31 14:00:00,0.0,0.0,64.03,58.97,43.16,102.943,90.0,0.0,0.0,26.78299999999999,0.0,970.160632465374
2006-05-31 15:00:00,0.0,0.0,63.7,58.22,43.94,92.802,90.0,0.0,0.0,16.941999999999986,0.0,977.3588724653739
2006-05-31 16:00:00,0.0,0.0,63.69,58.97,44.78,81.071,90.0,0.0,0.0,3.6310000000000144,0.0,974.9731924653739
2006-05-31 17:00:00,0.0,0.0,63.55,60.01,44.74,70.358,90.0,6.275333333333322,0.0,0.0,0.0,969.9731924653739
2006-05-31 18:00:00,0.0,0.0,62.11,59.5,44.34,58.917,90.0,15.366333333333344,0.0,0.0,0.0,964.9731924653739
2006-05-31 19:00:00,0.0,0.0,59.96,58.59,43.35,45.683,90.0,24.550333333333356,0.0,0.0,0.0,959.9731924653739
2006-05-31 20:00:00,0.0,0.0,57.68,59.92,41.8,37.488,90.0,30.245333333333342,0.0,0.0,0.0,954.9731924653739
2006-05-31 21:00:00,0.0,0.0,54.01,60.99,39.27,37.42,90.0,23.516666666666666,0.0,0.0,0.0,949.9731924653739
2006-05-31 22:00:00,0.0,0.0,50.78,58.05,35.5,36.043,90.0,13.286999999999995,0.0,0.0,0.0,944.9731924653739
2006-05-31 23:00:00,0.0,0.0,48.71,55.08,31.88,36.545,90.0,5.791666666666671,0.0,0.0,0.0,939.9731924653739
2006-06-01 00:00:00,0.0,0.0,47.27,51.88,29.31,37.293,90.0,0.0,0.0,0.0,0.0,934.9731924653739
2006-06-01 01:00:00,0.0,0.0,47.22,49.62,28.11,36.978,90.0,0.0,2.0279999999999916,0.0,0.0,929.9731924653739
2006-06-01 02:00:00,0.0,0.0,48.0,48.58,27.2,38.842,90.0,0.0,0.0,5.062000000000005,0.0,928.6178324653739
2006-06-01 03:00:00,0.0,0.0,49.94,49.46,26.66,39.932,90.0,0.0,3.872,0.0,0.0,923.6178324653739
2006-06-01 04:00:00,0.0,0.0,55.04,51.93,27.09,41.51500000000001,90.0,2.545000000000016,0.0,0.0,0.0,918.6178324653739
2006-06-01 05:00:00,0.0,0.0,60.07,55.53,31.09,49.309999999999995,90.0,7.3799999999999955,0.0,0.0,0.0,913.6178324653739
2006-06-01 06:00:00,0.0,0.0,63.51,58.54,36.49,68.205,90.0,0.0,0.0,0.0,0.0,908.6178324653739
2006-06-01 07:00:00,0.0,0.0,65.35,60.56,40.11,88.528,90.0,0.0,12.50800000000001,0.0,0.0,903.6178324653739
2006-06-01 08:00:00,0.0,0.0,67.01,61.49,41.87,98.656,90.0,0.0,0.0,18.285999999999987,0.0,911.7837524653739
2006-06-01 09:00:00,0.0,0.0,68.46,62.06,42.53,104.518,90.0,0.0,21.468000000000018,0.0,0.0,906.7837524653739
2006-06-01 10:00:00,0.0,0.0,68.23,62.72,43.02,107.21300000000002,90.0,0.0,18.543381348107115,4.6996186518928695,0.0,905.1674778947367
2006-06-01 11:00:00,0.0,0.0,67.18,61.74,43.2,106.09899999999999,90.0,0.0,23.979,0.0,0.0,900.1674778947367
2006-06-01 12:00:00,0.0,0.0,65.82,60.55,42.64,101.51400000000001,90.0,0.0,22.50400000000002,0.0,0.0,895.1674778947367
2006-06-01 13:00:00,0.0,0.0,64.75,58.94,41.96,94.469,90.0,0.0,18.81899999999999,0.0,0.0,890.1674778947367
2006-06-01 14:00:00,0.0,0.0,63.67,57.48,41.6,86.434,90.0,0.0,13.684000000000012,0.0,0.0,885.1674778947367
2006-06-01 15:00:00,0.0,0.0,63.34,56.72,42.38,77.924,90.0,0.0,5.483999999999995,0.0,0.0,880.1674778947367
2006-06-01 16:00:00,0.0,0.0,63.33,57.47,43.22,68.006,91.01400000000004,0.0,0.0,0.0,0.0,875.1674778947367
2006-06-01 17:00:00,0.0,0.0,63.16,58.48,43.16,55.12100000000001,104.67899999999999,0.0,0.0,0.0,0.0,870.1674778947367
2006-06-01 18:00:00,0.0,0.0,61.7,57.93,42.74,40.096,90.0,27.274000000000015,0.0,0.0,0.0,865.1674778947367
2006-06-01 19:00:00,0.0,0.0,59.54,57.01,41.75,26.344,90.0,36.956,0.0,0.0,0.0,860.1674778947367
2006-06-01 20:00:00,0.0,0.0,57.28,58.38,40.2,19.682,90.0,41.178,0.0,0.0,0.0,855.1674778947367
2006-06-01 21:00:00,0.0,0.0,53.61,59.45,37.7,19.567,90.0,36.193000000000026,0.0,0.0,0.0,850.1674778947367
2006-06-01 22:00:00,0.0,0.0,50.38,56.48,33.94,18.536,110.0,7.263999999999996,0.0,0.0,0.0,845.1674778947367
2006-06-01 23:00:00,0.0,0.0,48.32,53.51,30.31,16.869,90.0,20.271,0.0,0.0,0.0,840.1674778947367
2006-06-02 00:00:00,0.0,0.0,45.08,48.79,27.71,15.965,90.0,10.615000000000009,0.0,0.0,0.0,835.1674778947367
2006-06-02 01:00:00,0.0,0.0,45.03,46.53,26.49,14.963999999999999,90.0,8.085999999999988,0.0,0.0,0.0,830.1674778947367
2006-06-02 02:00:00,0.0,0.0,45.8,45.5,25.58,14.436,97.44399999999999,0.0,0.0,0.0,0.0,825.1674778947367
2006-06-02 03:00:00,0.0,0.0,47.75,46.38,25.04,14.313,90.0,9.857000000000028,0.0,0.0,0.0,820.1674778947367
2006-06-02 04:00:00,0.0,0.0,52.87,48.83,25.48,15.447,90.0,16.733000000000022,0.0,0.0,0.0,815.1674778947367
2006-06-02 05:00:00,0.0,0.0,57.92,52.43,29.5,21.654,90.0,23.196000000000005,0.0,0.0,0.0,810.1674778947367
2006-06-02 06:00:00,0.0,0.0,61.35,55.45,34.9,36.786,90.0,19.914000000000016,0.0,0.0,0.0,805.1674778947367
2006-06-02 07:00:00,0.0,0.0,63.19,57.48,38.52,55.224000000000004,90.0,8.966000000000005,0.0,0.0,0.0,800.1674778947367
2006-06-02 08:00:00,0.0,0.0,64.85,58.43,40.28,70.476,90.0,0.0,1.916000000000011,0.0,0.0,795.1674778947367
2006-06-02 09:00:00,0.0,0.0,66.3,59.02,40.95,80.265,90.0,0.0,8.99499999999999,0.0,0.0,790.1674778947367
2006-06-02 10:00:00,0.0,0.0,66.06,59.69,41.44,87.178,90.0,0.0,14.987999999999971,0.0,0.0,785.1674778947367
2006-06-02 11:00:00,0.0,0.0,65.01,58.7,41.61,90.198,90.0,0.0,19.87799999999997,0.0,0.0,780.1674778947367
2006-06-02 12:00:00,0.0,0.0,63.66,57.53,41.06,91.274,90.0,0.0,24.02400000000003,0.0,0.0,775.1674778947367
2006-06-02 13:00:00,0.0,0.0,62.59,55.93,40.38,89.188,90.0,0.0,25.287999999999993,0.0,0.0,770.1674778947367
2006-06-02 14:00:00,0.0,0.0,61.51,54.47,40.01,84.905,90.0,0.0,23.91500000000002,0.0,0.0,765.1674778947367
2006-06-02 15:00:00,0.0,0.0,61.18,53.72,40.8,78.194,90.0,0.0,17.494000000000014,0.0,0.0,760.1674778947367
2006-06-02 16:00:00,0.0,0.0,61.15,54.47,41.63,69.269,90.0,0.0,7.018999999999986,0.0,0.0,755.1674778947367
2006-06-02 17:00:00,0.0,0.0,60.96,55.45,41.57,57.29600000000001,90.0,5.684000000000003,0.0,0.0,0.0,750.1674778947367
2006-06-02 18:00:00,0.0,0.0,59.48,54.84,41.13,42.054,90.0,18.396000000000015,0.0,0.0,0.0,745.1674778947367
2006-06-02 19:00:00,0.0,0.0,57.32,53.93,40.12,28.079,90.0,28.29100000000001,0.0,0.0,0.0,740.1674778947367
2006-06-02 20:00:00,0.0,0.0,55.08,55.34,38.59,18.957,90.0,35.05300000000001,0.0,0.0,0.0,735.1674778947367
2006-06-02 21:00:00,0.0,0.0,51.4,56.41,36.12,18.895,90.0,30.034999999999997,0.0,0.0,0.0,730.1674778947367
2006-06-02 22:00:00,0.0,0.0,48.18,53.4,32.36,18.369,92.84390750000017,17.727092499999838,0.0,0.0,0.0,725.1674778947367
2006-06-02 23:00:00,0.0,0.0,46.13,50.42,28.73,17.445,90.0,12.835000000000019,0.0,0.0,0.0,720.1674778947367
2006-06-03 00:00:00,0.0,0.0,36.61,40.15,25.23,16.68,90.0,0.0,0.0,4.689999999999987,0.0,718.5442778947368
2006-06-03 01:00:00,0.0,0.0,36.56,37.89,23.99,16.932,90.0,0.0,3.615808864265925,4.876191135734068,0.0,717.0551355124653
2006-06-03 02:00:00,0.0,0.0,37.33,36.87,23.08,16.109,90.0,0.0,0.0,8.829000000000004,0.0,718.4120155124654
2006-06-03 03:00:00,0.0,0.0,39.27,37.75,22.54,15.173000000000002,90.0,0.0,5.612999999999996,0.0,0.0,713.4120155124654
2006-06-03 04:00:00,0.0,0.0,44.42,40.18,22.98,16.567999999999998,90.0,0.0,0.0,0.0,0.0,708.4120155124654
2006-06-03 05:00:00,0.0,0.0,49.47,43.77,27.01,25.142999999999997,90.0,5.106999999999999,0.0,0.0,0.0,703.4120155124654
2006-06-03 06:00:00,0.0,0.0,52.91,46.8,32.42,38.908,90.0,3.221999999999994,0.0,0.0,0.0,698.4120155124654
2006-06-03 07:00:00,0.0,0.0,54.74,48.85,36.05,56.095,90.0,0.0,6.454999999999998,0.0,0.0,693.4120155124654
2006-06-03 08:00:00,0.0,0.0,56.4,49.81,37.81,67.23500000000001,90.0,0.0,13.215000000000003,0.0,0.0,688.4120155124654
2006-06-03 09:00:00,0.0,0.0,57.86,50.42,38.48,76.036,90.0,0.0,0.0,19.276000000000025,0.0,697.2907355124654
2006-06-03 10:00:00,0.0,0.0,57.61,51.1,38.97,83.97800000000001,90.0,0.0,0.0,26.298000000000016,0.0,711.2252955124654
2006-06-03 11:00:00,0.0,0.0,56.57,50.11,39.14,89.394,90.0,0.0,3.573999999999984,30.0,0.0,727.8252955124655
2006-06-03 12:00:00,0.0,0.0,55.21,48.96,38.59,91.337,90.0,0.0,8.577000000000009,30.0,0.0,744.4252955124655
2006-06-03 13:00:00,0.0,0.0,54.15,47.37,37.91,89.65700000000001,90.0,0.0,40.227000000000004,0.0,0.0,739.4252955124655
2006-06-03 14:00:00,0.0,0.0,53.07,45.92,37.54,84.957,90.0,0.0,8.427000000000007,30.0,0.0,756.0252955124655
2006-06-03 15:00:00,0.0,0.0,52.74,45.17,38.34,76.85300000000001,90.0,0.0,0.6029999999999802,30.0,0.0,772.6252955124655
2006-06-03 16:00:00,0.0,0.0,52.7,45.91,39.16,65.977,90.0,0.0,0.0,18.206999999999997,0.0,780.7343355124656
2006-06-03 17:00:00,0.0,0.0,52.49,46.86,39.09,52.989999999999995,90.0,0.0,4.549999999999997,0.0,0.0,775.7343355124656
2006-06-03 18:00:00,0.0,0.0,50.97,46.21,38.63,39.184000000000005,90.0,4.959333333333348,0.0,0.0,0.0,770.7343355124656
2006-06-03 19:00:00,0.0,0.0,48.82,45.29,37.61,27.003999999999998,90.0,11.38266666666668,0.0,0.0,0.0,765.7343355124656
2006-06-03 20:00:00,0.0,0.0,46.59,46.74,36.09,20.661,90.0,15.425666666666686,0.0,0.0,0.0,760.7343355124656
2006-06-03 21:00:00,0.0,0.0,42.91,47.81,33.65,21.148000000000003,90.0,11.555333333333337,0.0,0.0,0.0,755.7343355124656
2006-06-03 22:00:00,0.0,0.0,39.7,44.78,29.89,19.991,90.0,0.0,0.0,0.0,0.0,750.7343355124656
2006-06-03 23:00:00,0.0,0.0,37.66,41.78,26.26,19.208,90.0,0.0,3.5080000000000062,0.0,0.0,745.7343355124656
2006-06-04 00:00:00,0.0,0.0,32.96,34.51,24.17,19.195,90.0,0.0,0.0,17.55500000000002,0.0,753.3739355124656
2006-06-04 01:00:00,0.0,0.0,32.9,32.25,22.91,20.573,90.0,0.0,0.0,22.513000000000005,0.0,764.5832955124656
2006-06-04 02:00:00,0.0,0.0,33.67,31.23,22.0,21.948,90.0,0.0,0.0,25.048000000000002,0.0,777.6178555124657
2006-06-04 03:00:00,0.0,0.0,35.62,32.11,21.47,22.547999999999995,90.0,0.0,23.348000000000006,0.0,0.0,772.6178555124657
2006-06-04 04:00:00,0.0,0.0,40.79,34.53,21.91,25.811999999999998,90.0,0.0,0.0,18.582000000000008,0.0,780.9968955124657
2006-06-04 05:00:00,0.0,0.0,45.85,38.12,25.96,35.864,90.0,0.0,0.0,15.93399999999999,0.0,787.4693755124657
2006-06-04 06:00:00,0.0,0.0,49.28,41.16,31.36,53.46900000000001,90.0,0.0,21.66900000000001,0.0,0.0,782.4693755124657
2006-06-04 07:00:00,0.0,0.0,51.11,43.22,35.0,65.889,90.0,0.0,0.0,26.559000000000015,0.0,796.5918555124657
2006-06-04 08:00:00,0.0,0.0,52.78,44.2,36.76,77.387,90.0,0.0,3.6470000000000127,30.0,0.0,813.1918555124657
2006-06-04 09:00:00,0.0,0.0,54.24,44.82,37.43,86.202,90.0,0.0,39.71200000000001,0.0,0.0,808.1918555124657
2006-06-04 10:00:00,0.0,0.0,53.98,45.51,37.92,91.151,90.0,0.0,13.741000000000014,30.0,0.0,824.7918555124658
2006-06-04 11:00:00,0.0,0.0,52.93,44.52,38.1,94.153,90.0,0.0,18.602999999999994,30.0,0.0,841.3918555124658
2006-06-04 12:00:00,0.0,0.0,51.58,43.38,37.54,95.06099999999998,90.0,0.0,52.56100000000001,0.0,0.0,836.3918555124658
2006-06-04 13:00:00,0.0,0.0,50.52,41.81,36.86,93.958,90.0,0.0,35.1897977839335,19.578202216066494,0.0,845.4881611080336
2006-06-04 14:00:00,0.0,0.0,49.44,40.36,36.5,89.851,90.0,0.0,23.551000000000002,30.0,0.0,862.0881611080337
2006-06-04 15:00:00,0.0,0.0,49.11,39.62,37.3,81.96000000000001,90.0,0.0,20.0,25.929999999999993,0.0,875.7577611080336
2006-06-04 16:00:00,0.0,0.0,49.06,40.35,38.12,70.937,90.0,0.0,3.4070000000000107,30.0,0.0,892.3577611080336
2006-06-04 17:00:00,0.0,0.0,48.83,41.27,38.04,57.367999999999995,90.0,0.0,19.22800000000001,0.0,0.0,887.3577611080336
2006-06-04 18:00:00,0.0,0.0,47.29,40.58,37.56,39.563,90.0,0.0,0.0,4.132999999999999,0.0,885.3335211080337
2006-06-04 19:00:00,0.0,0.0,45.14,39.65,36.53,22.262,90.0,7.39133333333332,0.0,0.0,0.0,880.3335211080337
2006-06-04 20:00:00,0.0,0.0,42.93,41.15,35.01,17.595,90.0,9.828333333333326,0.0,0.0,0.0,875.3335211080337
2006-06-04 21:00:00,0.0,0.0,39.24,42.22,32.6,19.261,90.0,3.1323333333333494,0.0,0.0,0.0,870.3335211080337
2006-06-04 22:00:00,0.0,0.0,36.03,39.14,28.85,17.547,90.0,0.0,3.526999999999987,0.0,0.0,865.3335211080337
2006-06-04 23:00:00,0.0,0.0,34.0,36.15,25.22,16.33,90.0,0.0,10.960000000000008,0.0,0.0,860.3335211080337
2006-06-05 00:00:00,0.0,0.0,44.73,39.74,26.25,14.954,90.0,4.099333333333334,0.0,0.0,0.0,855.3335211080337
2006-06-05 01:00:00,0.0,0.0,44.67,37.48,24.97,14.044,90.0,0.0,0.0,0.0,0.0,850.3335211080337
2006-06-05 02:00:00,0.0,0.0,45.43,36.47,24.06,13.292,90.0,2.6680000000000064,0.0,0.0,0.0,845.3335211080337
2006-06-05 03:00:00,0.0,0.0,47.38,37.35,23.53,12.522,90.0,2.404666666666671,0.0,0.0,0.0,840.3335211080337
2006-06-05 04:00:00,0.0,0.0,52.57,39.76,23.98,14.922,90.0,8.054666666666675,0.0,0.0,0.0,835.3335211080337
2006-06-05 05:00:00,0.0,0.0,57.64,43.34,28.04,23.549999999999997,90.0,13.803333333333333,0.0,0.0,0.0,830.3335211080337
2006-06-05 06:00:00,0.0,0.0,61.07,46.38,33.44,37.723,90.0,8.167000000000002,0.0,0.0,0.0,825.3335211080337
2006-06-05 07:00:00,0.0,0.0,62.89,48.46,37.08,50.58200000000001,90.0,4.51466666666667,0.0,0.0,0.0,820.3335211080337
2006-06-05 08:00:00,0.0,0.0,64.57,49.45,38.85,61.669,90.0,0.0,0.0,0.0,0.0,815.3335211080337
2006-06-05 09:00:00,0.0,0.0,66.03,50.09,39.52,69.342,90.0,0.0,3.7019999999999698,0.0,0.0,810.3335211080337
2006-06-05 10:00:00,0.0,0.0,65.77,50.79,40.01,73.901,90.0,0.0,6.980672206832902,0.35032779316710716,0.0,805.585757119114
2006-06-05 11:00:00,0.0,0.0,64.72,49.81,40.19,75.338,90.0,0.0,10.618000000000002,0.0,0.0,800.585757119114
2006-06-05 12:00:00,0.0,0.0,63.37,48.68,39.63,73.907,90.0,0.0,12.227000000000004,0.0,0.0,795.585757119114
2006-06-05 13:00:00,0.0,0.0,62.32,47.12,38.96,70.979,90.0,0.0,12.579000000000008,0.0,0.0,790.585757119114
2006-06-05 14:00:00,0.0,0.0,61.23,45.68,38.6,65.901,90.0,0.0,10.390999999999991,0.0,0.0,785.585757119114
2006-06-05 15:00:00,0.0,0.0,60.91,44.94,39.4,57.813,90.0,0.0,0.0,2.56300000000002,0.0,782.431117119114
2006-06-05 16:00:00,0.0,0.0,60.85,45.66,40.22,48.376999999999995,90.0,3.353000000000006,0.0,0.0,0.0,777.431117119114
2006-06-05 17:00:00,0.0,0.0,60.59,46.55,40.12,37.494,104.766,0.0,0.0,0.0,0.0,772.431117119114
2006-06-05 18:00:00,0.0,0.0,59.02,45.81,39.63,26.337999999999997,110.0,3.122000000000014,0.0,0.0,0.0,767.431117119114
2006-06-05 19:00:00,0.0,0.0,56.87,44.88,38.58,14.020999999999999,110.0,11.308999999999997,0.0,0.0,0.0,762.431117119114
2006-06-05 20:00:00,0.0,0.0,54.68,46.42,37.08,10.803,90.0,32.377,0.0,0.0,0.0,757.431117119114
2006-06-05 21:00:00,0.0,0.0,50.99,47.49,34.69,12.474,90.0,25.695999999999998,0.0,0.0,0.0,752.431117119114
2006-06-05 22:00:00,0.0,0.0,47.79,44.39,30.95,11.147,90.0,16.983000000000004,0.0,0.0,0.0,747.431117119114
2006-06-05 23:00:00,0.0,0.0,45.76,41.38,27.31,9.408999999999999,100.04100000000001,0.0,0.0,0.0,0.0,742.431117119114
2006-06-06 00:00:00,0.0,0.0,46.2,41.28,25.85,7.991,90.0,10.339000000000025,0.0,0.0,0.0,737.431117119114
2006-06-06 01:00:00,0.0,0.0,46.14,39.02,24.55,7.075,97.63499999999999,0.0,0.0,0.0,0.0,732.431117119114
2006-06-06 02:00:00,0.0,0.0,46.9,38.02,23.65,6.6370000000000005,96.933,0.0,0.0,0.0,0.0,727.431117119114
2006-06-06 03:00:00,0.0,0.0,48.85,38.9,23.12,6.625,90.0,9.245000000000005,0.0,0.0,0.0,722.431117119114
2006-06-06 04:00:00,0.0,0.0,54.07,41.29,23.56,9.001000000000001,104.91900000000001,0.0,0.0,0.0,0.0,717.431117119114
2006-06-06 05:00:00,0.0,0.0,59.15,44.87,27.64,16.399,110.261,0.0,0.0,0.0,0.0,712.431117119114
2006-06-06 06:00:00,0.0,0.0,62.58,47.92,33.04,28.160999999999998,90.0,20.379000000000005,0.0,0.0,0.0,707.431117119114
2006-06-06 07:00:00,0.0,0.0,64.39,50.01,36.69,40.414,105.67600000000002,0.0,0.0,0.0,0.0,702.431117119114
2006-06-06 08:00:00,0.0,0.0,66.07,51.02,38.47,53.098,90.0,7.462000000000003,0.0,0.0,0.0,697.431117119114
2006-06-06 09:00:00,0.0,0.0,67.54,51.67,39.13,61.90299999999999,90.0,1.437000000000003,0.0,0.0,0.0,692.431117119114
2006-06-06 10:00:00,0.0,0.0,67.27,52.38,39.63,67.53900000000002,90.0,0.0,3.258999999999988,0.0,0.0,687.431117119114
2006-06-06 11:00:00,0.0,0.0,66.22,51.4,39.8,70.21600000000001,90.0,0.0,7.795999999999992,0.0,0.0,682.431117119114
2006-06-06 12:00:00,0.0,0.0,64.87,50.29,39.24,70.227,90.0,0.0,10.82699999999997,0.0,0.0,677.431117119114
2006-06-06 13:00:00,0.0,0.0,63.82,48.74,38.57,67.19800000000001,90.0,0.0,11.067999999999978,0.0,0.0,672.431117119114
2006-06-06 14:00:00,0.0,0.0,62.73,47.31,38.21,61.491,90.0,0.0,8.240999999999985,0.0,0.0,667.431117119114
2006-06-06 15:00:00,0.0,0.0,62.41,46.57,39.02,53.236000000000004,90.0,0.0,0.23599999999998555,0.0,0.0,662.431117119114
2006-06-06 16:00:00,0.0,0.0,62.34,47.28,39.83,42.793,90.0,11.657,0.0,0.0,0.0,657.431117119114
2006-06-06 17:00:00,0.0,0.0,62.06,48.15,39.73,31.004,113.93599999999999,0.0,0.0,0.0,0.0,652.431117119114
2006-06-06 18:00:00,0.0,0.0,60.46,47.36,39.21,19.743000000000002,115.0,7.286999999999992,0.0,0.0,0.0,647.431117119114
2006-06-06 19:00:00,0.0,0.0,58.32,46.43,38.15,9.717,110.0,18.182999999999993,0.0,0.0,0.0,642.431117119114
2006-06-06 20:00:00,0.0,0.0,56.14,48.01,36.66,7.509,128.30100000000002,0.0,0.0,0.0,0.0,637.431117119114
2006-06-06 21:00:00,0.0,0.0,52.44,49.08,34.31,7.936,115.0,7.894000000000004,0.0,0.0,0.0,632.431117119114
2006-06-06 22:00:00,0.0,0.0,49.25,45.94,30.57,7.3790000000000004,113.38100000000003,0.0,0.0,0.0,0.0,627.431117119114
2006-06-06 23:00:00,0.0,0.0,47.23,42.92,26.92,6.412999999999999,105.65700000000002,0.0,0.0,0.0,0.0,622.431117119114
2006-06-07 00:00:00,0.0,0.0,45.98,41.53,26.42,5.647,103.28300000000002,0.0,0.0,0.0,0.0,617.431117119114
2006-06-07 01:00:00,0.0,0.0,45.92,39.27,25.1,4.826,90.0,10.464000000000013,0.0,0.0,0.0,612.431117119114
2006-06-07 02:00:00,0.0,0.0,46.67,38.28,24.2,4.2,90.0,9.95000000000003,0.0,0.0,0.0,607.431117119114
2006-06-07 03:00:00,0.0,0.0,48.62,39.16,23.67,4.008,102.442,0.0,0.0,0.0,0.0,602.431117119114
2006-06-07 04:00:00,0.0,0.0,53.86,41.53,24.12,6.063000000000001,108.44700000000002,0.0,0.0,0.0,0.0,597.431117119114
2006-06-07 05:00:00,0.0,0.0,58.95,45.11,28.21,12.884000000000002,95.08087250000028,19.30512749999972,0.0,0.0,0.0,592.431117119114
2006-06-07 06:00:00,0.0,0.0,62.38,48.17,33.62,23.672000000000004,115.49800000000002,0.0,0.0,0.0,0.0,587.431117119114
2006-06-07 07:00:00,0.0,0.0,64.19,50.27,37.27,34.822,111.90800000000002,0.0,0.0,0.0,0.0,582.431117119114
2006-06-07 08:00:00,0.0,0.0,65.88,51.3,39.05,46.007000000000005,105.223,0.0,0.0,0.0,0.0,577.431117119114
2006-06-07 09:00:00,0.0,0.0,67.35,51.96,39.72,54.49700000000001,90.0,9.533000000000001,0.0,0.0,0.0,572.431117119114
2006-06-07 10:00:00,0.0,0.0,67.07,52.69,40.21,59.754999999999995,95.21500000000002,0.0,0.0,0.0,0.0,567.431117119114
2006-06-07 11:00:00,0.0,0.0,66.02,51.7,40.39,61.93,91.18000000000004,0.0,0.0,0.0,0.0,562.431117119114
2006-06-07 12:00:00,0.0,0.0,64.67,50.61,39.83,62.358000000000004,90.0,0.0,2.2479999999999762,0.0,0.0,557.431117119114
2006-06-07 13:00:00,0.0,0.0,63.62,49.07,39.15,60.29600000000001,90.0,0.0,3.4559999999999906,0.0,0.0,552.431117119114
2006-06-07 14:00:00,0.0,0.0,62.54,47.64,38.8,54.940000000000005,90.0,0.0,0.9600000000000106,0.0,0.0,547.431117119114
2006-06-07 15:00:00,0.0,0.0,62.21,46.9,39.61,46.29299999999999,97.42700000000002,0.0,0.0,0.0,0.0,542.431117119114
2006-06-07 16:00:00,0.0,0.0,62.13,47.61,40.42,37.215,107.94500000000001,0.0,0.0,0.0,0.0,537.431117119114
2006-06-07 17:00:00,0.0,0.0,61.83,48.45,40.3,26.44,110.0,9.14,0.0,0.0,0.0,532.431117119114
2006-06-07 18:00:00,0.0,0.0,60.2,47.62,39.77,15.912,126.67799999999998,0.0,0.0,0.0,0.0,527.431117119114
2006-06-07 19:00:00,0.0,0.0,58.06,46.68,38.7,6.705,90.0,41.73500000000003,0.0,0.0,0.0,522.431117119114
2006-06-07 20:00:00,0.0,0.0,55.9,48.31,37.22,4.324,132.106,0.0,0.0,0.0,0.0,517.431117119114
2006-06-07 21:00:00,0.0,0.0,52.2,49.37,34.89,3.9579999999999997,127.502,0.0,0.0,0.0,0.0,512.431117119114
2006-06-07 22:00:00,0.0,0.0,49.02,46.2,31.16,3.201,118.17900000000002,0.0,0.0,0.0,0.0,507.431117119114
2006-06-07 23:00:00,0.0,0.0,47.0,43.18,27.51,2.517,110.17299999999999,0.0,0.0,0.0,0.0,502.431117119114
2006-06-08 00:00:00,0.0,0.0,44.94,40.78,26.19,2.5989999999999998,104.31099999999998,0.0,0.0,0.0,0.0,497.431117119114
2006-06-08 01:00:00,0.0,0.0,44.87,38.51,24.85,2.66,100.57000000000001,0.0,0.0,0.0,0.0,492.431117119114
2006-06-08 02:00:00,0.0,0.0,45.62,37.53,23.95,2.81,99.29000000000002,0.0,0.0,0.0,0.0,487.431117119114
2006-06-08 03:00:00,0.0,0.0,47.57,38.41,23.43,2.984,101.42600000000002,0.0,0.0,0.0,0.0,482.431117119114
2006-06-08 04:00:00,0.0,0.0,52.84,40.77,23.88,5.072,90.0,17.41800000000002,0.0,0.0,0.0,477.431117119114
2006-06-08 05:00:00,0.0,0.0,57.94,44.34,27.98,12.581,110.0,2.6790000000000305,0.0,0.0,0.0,472.431117119114
2006-06-08 06:00:00,0.0,0.0,61.36,47.41,33.39,24.11,110.0,3.049999999999997,0.0,0.0,0.0,467.431117119114
2006-06-08 07:00:00,0.0,0.0,63.17,49.53,37.05,36.345,90.0,18.405000000000012,0.0,0.0,0.0,462.431117119114
2006-06-08 08:00:00,0.0,0.0,64.86,50.57,38.83,48.505,100.75500000000001,0.0,0.0,0.0,0.0,457.431117119114
2006-06-08 09:00:00,0.0,0.0,66.33,51.25,39.5,59.31500000000001,92.76500000000001,0.0,0.0,0.0,0.0,452.431117119114
2006-06-08 10:00:00,0.0,0.0,66.05,51.98,39.99,68.175,90.0,0.0,5.154999999999994,0.0,0.0,447.431117119114
2006-06-08 11:00:00,0.0,0.0,65.0,51.0,40.17,74.133,90.0,0.0,12.962999999999994,0.0,0.0,442.431117119114
2006-06-08 12:00:00,0.0,0.0,63.65,49.92,39.61,76.132,90.0,0.0,17.951999999999984,0.0,0.0,437.431117119114
2006-06-08 13:00:00,0.0,0.0,62.61,48.39,38.93,73.039,90.0,0.0,18.108999999999984,0.0,0.0,432.431117119114
2006-06-08 14:00:00,0.0,0.0,61.52,46.97,38.58,66.54299999999999,90.0,0.0,14.472999999999999,0.0,0.0,427.431117119114
2006-06-08 15:00:00,0.0,0.0,61.2,46.24,39.39,56.815,90.0,0.0,4.984999999999985,0.0,0.0,422.431117119114
2006-06-08 16:00:00,0.0,0.0,61.11,46.94,40.2,44.916000000000004,98.334,0.0,0.0,0.0,0.0,417.431117119114
2006-06-08 17:00:00,0.0,0.0,60.78,47.75,40.07,32.03,111.57000000000002,0.0,0.0,0.0,0.0,412.431117119114
2006-06-08 18:00:00,0.0,0.0,59.13,46.87,39.53,18.080000000000002,122.44999999999999,0.0,0.0,0.0,0.0,407.431117119114
2006-06-08 19:00:00,0.0,0.0,56.99,45.93,38.44,7.411999999999999,115.0,13.947999999999993,0.0,0.0,0.0,402.431117119114
2006-06-08 20:00:00,0.0,0.0,54.84,47.6,36.97,6.345000000000001,106.31060750000005,21.754392499999966,0.0,0.0,0.0,397.431117119114
2006-06-08 21:00:00,0.0,0.0,51.14,48.66,34.67,6.963,110.0,12.50699999999999,0.0,0.0,0.0,392.431117119114
2006-06-08 22:00:00,0.0,0.0,47.96,45.45,30.94,6.606999999999999,112.743,0.0,0.0,0.0,0.0,387.431117119114
2006-06-08 23:00:00,0.0,0.0,45.96,42.43,27.29,6.021000000000001,90.0,14.65899999999999,0.0,0.0,0.0,382.431117119114
2006-06-09 00:00:00,0.0,0.0,43.14,40.01,25.62,6.131,97.63900000000001,0.0,0.0,0.0,0.0,377.431117119114
2006-06-09 01:00:00,0.0,0.0,43.08,37.74,24.25,6.481,90.0,3.5890000000000057,0.0,0.0,0.0,372.431117119114
2006-06-09 02:00:00,0.0,0.0,43.82,36.77,23.35,7.031,91.90900000000002,0.0,0.0,0.0,0.0,367.431117119114
2006-06-09 03:00:00,0.0,0.0,45.77,37.65,22.83,8.023,93.227,0.0,0.0,0.0,0.0,362.431117119114
2006-06-09 04:00:00,0.0,0.0,51.06,40.0,23.28,11.204,98.13600000000001,0.0,0.0,0.0,0.0,357.431117119114
2006-06-09 05:00:00,0.0,0.0,56.17,43.56,27.4,19.425,102.70500000000001,0.0,0.0,0.0,0.0,352.431117119114
2006-06-09 06:00:00,0.0,0.0,59.59,46.64,32.81,32.627,101.413,0.0,0.0,0.0,0.0,347.431117119114
2006-06-09 07:00:00,0.0,0.0,61.4,48.78,36.48,42.977000000000004,98.68300000000002,0.0,0.0,0.0,0.0,342.431117119114
2006-06-09 08:00:00,0.0,0.0,63.09,49.83,38.27,58.18899999999999,90.0,0.0,0.0,0.0,0.0,337.431117119114
2006-06-09 09:00:00,0.0,0.0,64.56,50.52,38.93,71.565,90.0,0.0,7.554999999999978,0.0,0.0,332.431117119114
2006-06-09 10:00:00,0.0,0.0,64.28,51.27,39.43,80.49600000000001,90.0,0.0,15.515999999999991,0.0,0.0,327.431117119114
2006-06-09 11:00:00,0.0,0.0,63.22,50.29,39.6,85.68900000000001,90.0,0.0,8.656135734072045,13.92286426592798,0.0,332.45557939058216
2006-06-09 12:00:00,0.0,0.0,61.88,49.23,39.04,87.65299999999999,90.0,0.0,6.4668365650969895,21.03616343490303,0.0,342.60161706371235
2006-06-09 13:00:00,0.0,0.0,60.84,47.71,38.37,86.19600000000001,90.0,0.0,0.0,29.27599999999998,0.0,358.68033706371233
2006-06-09 14:00:00,0.0,0.0,59.75,46.3,38.02,80.871,90.0,0.0,0.0,26.80099999999999,0.0,372.9770570637123
2006-06-09 15:00:00,0.0,0.0,59.43,45.56,38.83,73.50099999999999,90.0,0.0,19.680999999999997,0.0,0.0,367.9770570637123
2006-06-09 16:00:00,0.0,0.0,59.33,46.26,39.64,63.765,90.0,0.0,8.534999999999997,0.0,0.0,362.9770570637123
2006-06-09 17:00:00,0.0,0.0,58.98,47.04,39.5,50.565000000000005,90.0,1.6216666666666555,0.0,0.0,0.0,357.9770570637123
2006-06-09 18:00:00,0.0,0.0,57.3,46.12,38.93,38.417,90.0,10.599666666666678,0.0,0.0,0.0,352.9770570637123
2006-06-09 19:00:00,0.0,0.0,55.16,45.17,37.84,28.589,90.0,14.58100000000001,0.0,0.0,0.0,347.9770570637123
2006-06-09 20:00:00,0.0,0.0,53.03,46.88,36.38,25.594,90.0,19.02933333333334,0.0,0.0,0.0,342.9770570637123
2006-06-09 21:00:00,0.0,0.0,49.32,47.94,34.1,26.524,90.0,13.16933333333333,0.0,0.0,0.0,337.9770570637123
2006-06-09 22:00:00,0.0,0.0,46.16,44.7,30.39,25.316000000000003,90.0,0.934000000000009,0.0,0.0,0.0,332.9770570637123
2006-06-09 23:00:00,0.0,0.0,44.16,41.66,26.73,25.039,90.0,0.0,0.0,2.4889999999999937,0.0,329.7691370637123
2006-06-10 00:00:00,0.0,0.0,34.95,34.89,23.44,26.388999999999996,90.0,0.0,0.0,23.10900000000001,0.0,341.40761706371234
2006-06-10 01:00:00,0.0,0.0,34.88,32.62,22.06,26.386000000000003,90.0,0.0,0.0,26.826,0.0,355.72233706371236
2006-06-10 02:00:00,0.0,0.0,35.62,31.65,21.16,25.223,90.0,0.0,0.0,26.793000000000013,0.0,370.01329706371234
2006-06-10 03:00:00,0.0,0.0,37.57,32.53,20.64,22.823,90.0,0.0,0.0,22.083000000000013,0.0,380.91305706371236
2006-06-10 04:00:00,0.0,0.0,42.89,34.86,21.09,24.951,90.0,0.0,0.0,16.111000000000004,0.0,387.51297706371236
2006-06-10 05:00:00,0.0,0.0,48.01,38.42,25.23,35.403999999999996,90.0,0.0,0.0,13.744,0.0,392.4086570637123
2006-06-10 06:00:00,0.0,0.0,51.42,41.51,30.64,47.737,90.0,0.0,0.0,14.166999999999973,0.0,397.60889706371233
2006-06-10 07:00:00,0.0,0.0,53.22,43.66,34.31,63.268,90.0,0.0,0.0,22.078000000000017,0.0,408.50505706371234
2006-06-10 08:00:00,0.0,0.0,54.93,44.73,36.1,80.618,90.0,0.0,4.858000000000025,30.0,0.0,425.10505706371237
2006-06-10 09:00:00,0.0,0.0,56.4,45.44,36.77,93.18100000000001,90.0,0.0,14.570999999999998,30.0,0.0,441.7050570637124
2006-06-10 10:00:00,0.0,0.0,56.1,46.2,37.27,101.501,90.0,0.0,21.930999999999997,30.0,0.0,458.3050570637124
2006-06-10 11:00:00,0.0,0.0,55.05,45.22,37.44,105.74799999999999,90.0,0.0,28.038000000000025,30.0,0.0,474.90505706371243
2006-06-10 12:00:00,0.0,0.0,53.7,44.17,36.88,105.589,90.0,0.0,30.838999999999984,30.0,0.0,491.50505706371246
2006-06-10 13:00:00,0.0,0.0,52.67,42.66,36.21,101.75999999999999,90.0,0.0,30.220000000000006,30.0,0.0,508.1050570637125
2006-06-10 14:00:00,0.0,0.0,51.58,41.26,35.86,94.307,90.0,0.0,25.60700000000002,30.0,0.0,524.7050570637125
2006-06-10 15:00:00,0.0,0.0,51.26,40.52,36.68,83.256,90.0,0.0,14.796,30.0,0.0,541.3050570637125
2006-06-10 16:00:00,0.0,0.0,51.15,41.21,37.48,69.944,90.0,0.0,0.10400000000001342,30.0,0.0,557.9050570637125
2006-06-10 17:00:00,0.0,0.0,50.78,41.96,37.33,54.125,90.0,0.0,0.0,14.055000000000028,0.0,563.0246570637125
2006-06-10 18:00:00,0.0,0.0,49.07,40.99,36.74,37.086,90.0,0.0,0.0,0.2859999999999765,0.0,558.2305770637125
2006-06-10 19:00:00,0.0,0.0,46.93,40.04,35.64,25.863,90.0,6.746999999999993,0.0,0.0,0.0,553.2305770637125
2006-06-10 20:00:00,0.0,0.0,44.82,41.8,34.19,22.599,90.0,8.210999999999999,0.0,0.0,0.0,548.2305770637125
2006-06-10 21:00:00,0.0,0.0,41.11,42.86,31.94,22.277,90.0,3.6329999999999956,0.0,0.0,0.0,543.2305770637125
2006-06-10 22:00:00,0.0,0.0,37.95,39.58,28.23,21.638,90.0,0.0,0.0,5.878,0.0,542.4627370637126
2006-06-10 23:00:00,0.0,0.0,35.96,36.54,24.56,18.565,90.0,0.0,0.0,11.505000000000024,0.0,545.7463370637125
2006-06-11 00:00:00,0.0,0.0,31.16,32.53,22.6,17.51,90.0,0.0,0.0,21.21999999999999,0.0,556.0247370637126
2006-06-11 01:00:00,0.0,0.0,31.09,30.25,21.2,16.673,90.0,5.867000000000004,0.0,30.0,0.0,572.6247370637126
2006-06-11 02:00:00,0.0,0.0,31.83,29.3,20.29,15.887,90.0,0.0,0.0,24.467000000000006,0.0,585.2409770637125
2006-06-11 03:00:00,0.0,0.0,33.78,30.18,19.78,15.685,90.0,0.0,0.0,21.945000000000014,0.0,596.0413770637125
2006-06-11 04:00:00,0.0,0.0,39.12,32.49,20.24,18.028,90.0,0.0,0.0,16.17799999999999,0.0,602.6895370637125
2006-06-11 05:00:00,0.0,0.0,44.25,36.05,24.38,27.072,90.0,0.0,0.0,12.39200000000001,0.0,606.6117770637125
2006-06-11 06:00:00,0.0,0.0,47.66,39.15,29.8,35.805,90.0,0.0,0.0,9.195000000000014,0.0,608.2321770637125
2006-06-11 07:00:00,0.0,0.0,49.46,41.31,33.47,50.856,90.0,13.384000000000015,0.0,30.0,0.0,624.8321770637125
2006-06-11 08:00:00,0.0,0.0,51.17,42.39,35.27,69.653,90.0,0.0,0.8229999999999933,30.0,0.0,641.4321770637125
2006-06-11 09:00:00,0.0,0.0,52.64,43.12,35.94,81.52799999999999,90.0,0.0,9.828000000000003,30.0,0.0,658.0321770637125
2006-06-11 10:00:00,0.0,0.0,52.34,43.89,36.43,89.17899999999999,90.0,0.0,16.519000000000005,30.0,0.0,674.6321770637126
2006-06-11 11:00:00,0.0,0.0,51.29,42.91,36.61,93.53800000000001,90.0,0.0,22.72800000000001,30.0,0.0,691.2321770637126
2006-06-11 12:00:00,0.0,0.0,49.94,41.87,36.05,93.90100000000001,90.0,0.0,26.040999999999983,30.0,0.0,707.8321770637126
2006-06-11 13:00:00,0.0,0.0,48.91,40.37,35.37,90.475,90.0,0.0,25.82499999999999,30.0,0.0,724.4321770637126
2006-06-11 14:00:00,0.0,0.0,47.82,38.98,35.03,83.712,90.0,0.0,21.882000000000005,30.0,0.0,741.0321770637127
2006-06-11 15:00:00,0.0,0.0,47.5,38.25,35.85,73.547,90.0,0.0,11.947000000000003,30.0,0.0,757.6321770637127
2006-06-11 16:00:00,0.0,0.0,47.38,38.93,36.65,61.27,90.0,0.0,0.0,28.310000000000002,0.0,773.0153770637127
2006-06-11 17:00:00,0.0,0.0,46.99,39.66,36.49,46.099000000000004,90.0,0.0,0.0,12.959,0.0,777.3458570637126
2006-06-11 18:00:00,0.0,0.0,45.25,38.64,35.89,31.476000000000003,90.0,0.0,0.0,1.696000000000005,0.0,773.5669770637127
2006-06-11 19:00:00,0.0,0.0,43.12,37.68,34.76,18.679,90.0,6.881,0.0,0.0,0.0,768.5669770637127
2006-06-11 20:00:00,0.0,0.0,41.02,39.48,33.33,13.458,90.0,15.736612500000055,0.0,5.364612500000053,0.0,767.4294980637127
2006-06-11 21:00:00,0.0,0.0,37.3,40.54,31.11,14.283,90.0,4.6669999999999945,0.0,0.0,0.0,762.4294980637127
2006-06-11 22:00:00,0.0,0.0,34.15,37.23,27.4,15.493000000000002,90.0,0.0,0.0,6.713000000000019,0.0,762.2628580637127
2006-06-11 23:00:00,0.0,0.0,32.17,34.18,23.73,15.661,90.0,0.0,0.0,15.581000000000007,0.0,768.4811780637126
2006-06-12 00:00:00,0.0,0.0,42.73,39.26,24.63,15.443000000000001,90.0,1.1769999999999925,0.0,0.0,0.0,763.4811780637126
2006-06-12 01:00:00,0.0,0.0,42.66,36.99,23.21,15.337,90.0,0.0,0.0,2.4769999999999897,0.0,760.2646180637126
2006-06-12 02:00:00,0.0,0.0,43.39,36.04,22.31,15.147,90.0,0.0,0.0,3.4069999999999965,0.0,757.7176580637126
2006-06-12 03:00:00,0.0,0.0,45.34,36.93,21.8,16.383,90.0,0.0,0.0,2.313000000000013,0.0,754.3830180637126
2006-06-12 04:00:00,0.0,0.0,50.71,39.22,22.26,19.078000000000003,90.0,3.112000000000009,0.0,0.0,0.0,749.3830180637126
2006-06-12 05:00:00,0.0,0.0,55.85,42.77,26.42,29.542,90.0,5.4979999999999905,0.0,0.0,0.0,744.3830180637126
2006-06-12 06:00:00,0.0,0.0,59.26,45.88,31.84,42.242999999999995,90.0,4.737000000000023,0.0,0.0,0.0,739.3830180637126
2006-06-12 07:00:00,0.0,0.0,61.05,48.05,35.52,58.221000000000004,90.0,0.0,0.0,3.6009999999999884,0.0,736.9757380637126
2006-06-12 08:00:00,0.0,0.0,62.76,49.15,37.32,75.30600000000001,90.0,0.0,0.0,16.076000000000015,0.0,743.5504580637125
2006-06-12 09:00:00,0.0,0.0,64.24,49.89,37.98,89.87700000000001,90.0,0.0,0.0,27.76700000000003,0.0,758.5426980637126
2006-06-12 10:00:00,0.0,0.0,63.93,50.67,38.48,101.13400000000001,90.0,0.0,8.054000000000016,30.0,0.0,775.1426980637126
2006-06-12 11:00:00,0.0,0.0,62.88,49.7,38.66,108.219,90.0,0.0,16.979,30.0,0.0,791.7426980637126
2006-06-12 12:00:00,0.0,0.0,61.53,48.68,38.09,111.278,90.0,0.0,22.977999999999973,30.0,0.0,808.3426980637126
2006-06-12 13:00:00,0.0,0.0,60.51,47.19,37.42,108.531,90.0,0.0,23.411,30.0,0.0,824.9426980637127
2006-06-12 14:00:00,0.0,0.0,59.42,45.8,37.08,100.822,90.0,0.0,18.522000000000013,30.0,0.0,841.5426980637127
2006-06-12 15:00:00,0.0,0.0,59.1,45.07,37.9,89.614,90.0,0.0,7.544000000000011,30.0,0.0,858.1426980637127
2006-06-12 16:00:00,0.0,0.0,58.96,45.75,38.7,77.565,90.0,0.0,0.0,24.154999999999998,0.0,870.5342980637128
2006-06-12 17:00:00,0.0,0.0,58.55,46.45,38.53,63.03899999999999,90.0,0.0,0.0,9.509000000000004,0.0,872.3807780637128
2006-06-12 18:00:00,0.0,0.0,56.78,45.38,37.91,50.108000000000004,90.0,0.0,0.0,0.03800000000001447,0.0,867.4081380637128
2006-06-12 19:00:00,0.0,0.0,54.65,44.42,36.77,40.69500000000001,90.0,0.14500000000001023,0.0,0.0,0.0,862.4081380637128
2006-06-12 20:00:00,0.0,0.0,52.57,46.26,35.35,35.389,90.0,7.12433333333334,0.0,0.0,0.0,857.4081380637128
2006-06-12 21:00:00,0.0,0.0,48.85,47.33,33.16,34.454,90.0,0.0,0.0,0.0,0.0,852.4081380637128
2006-06-12 22:00:00,0.0,0.0,45.71,43.98,29.45,34.323,90.0,0.0,0.0,5.182999999999993,0.0,851.1398980637128
2006-06-12 23:00:00,0.0,0.0,43.73,40.92,25.78,34.56100000000001,90.0,0.0,0.0,14.130999999999982,0.0,856.3142180637128
2006-06-13 00:00:00,0.0,0.0,44.49,40.19,26.21,33.077,90.0,0.0,0.0,12.186999999999973,0.0,860.0888580637128
2006-06-13 01:00:00,0.0,0.0,44.42,37.92,24.77,29.424,90.0,0.0,0.0,12.31399999999999,0.0,863.9549380637128
2006-06-13 02:00:00,0.0,0.0,45.15,36.98,23.87,26.359,90.0,0.0,8.054662973222548,2.304337026777443,0.0,860.6140607229926
2006-06-13 03:00:00,0.0,0.0,47.09,37.86,23.36,23.727,90.0,0.0,0.0,5.416999999999991,0.0,859.5143007229925
2006-06-13 04:00:00,0.0,0.0,52.48,40.15,23.82,23.879,90.0,0.0,0.0,0.0,0.0,854.5143007229925
2006-06-13 05:00:00,0.0,0.0,57.63,43.69,27.99,32.05,90.0,5.593333333333334,0.0,0.0,0.0,849.5143007229925
2006-06-13 06:00:00,0.0,0.0,61.04,46.8,33.42,42.637,90.0,5.2896666666666725,0.0,0.0,0.0,844.5143007229925
2006-06-13 07:00:00,0.0,0.0,62.83,48.99,37.1,56.687,90.0,0.5663333333333398,0.0,0.0,0.0,839.5143007229925
2006-06-13 08:00:00,0.0,0.0,64.55,50.11,38.9,68.233,90.0,0.0,0.0,4.672999999999998,0.0,837.8788607229925
2006-06-13 09:00:00,0.0,0.0,66.03,50.87,39.57,75.75099999999999,90.0,0.0,9.281000000000024,0.0,0.0,832.8788607229925
2006-06-13 10:00:00,0.0,0.0,65.71,51.66,40.07,80.201,90.0,0.0,0.0,12.761000000000013,0.0,837.0667807229925
2006-06-13 11:00:00,0.0,0.0,64.66,50.68,40.25,81.65599999999999,90.0,0.0,0.0,16.065999999999992,0.0,843.6343007229924
2006-06-13 12:00:00,0.0,0.0,63.31,49.67,39.68,79.325,90.0,0.0,0.0,16.664999999999978,0.0,850.6331007229924
2006-06-13 13:00:00,0.0,0.0,62.29,48.2,39.01,73.553,90.0,0.0,3.4052419205909548,10.647758079409048,0.0,853.2994865401669
2006-06-13 14:00:00,0.0,0.0,61.2,46.82,38.67,65.075,90.0,0.0,0.0,8.384999999999994,0.0,854.3366865401669
2006-06-13 15:00:00,0.0,0.0,60.88,46.09,39.5,54.529,90.0,0.0,0.0,0.0,0.0,849.3366865401669
2006-06-13 16:00:00,0.0,0.0,60.74,46.76,40.29,44.385000000000005,90.0,8.405000000000001,0.0,0.0,0.0,844.3366865401669
2006-06-13 17:00:00,0.0,0.0,60.3,47.43,40.11,35.647,90.0,17.192999999999994,0.0,0.0,0.0,839.3366865401669
2006-06-13 18:00:00,0.0,0.0,58.51,46.32,39.47,27.205000000000005,110.0,2.0949999999999847,0.0,0.0,0.0,834.3366865401669
2006-06-13 19:00:00,0.0,0.0,56.38,45.36,38.32,18.455000000000002,90.0,26.605000000000015,0.0,0.0,0.0,829.3366865401669
2006-06-13 20:00:00,0.0,0.0,54.31,47.24,36.91,13.2,90.0,30.26000000000001,0.0,0.0,0.0,824.3366865401669
2006-06-13 21:00:00,0.0,0.0,50.59,48.3,34.74,12.834,107.87558750000005,7.920412499999953,0.0,0.0,0.0,819.3366865401669
2006-06-13 22:00:00,0.0,0.0,47.46,44.92,31.05,11.84,90.0,16.590000000000018,0.0,0.0,0.0,814.3366865401669
2006-06-13 23:00:00,0.0,0.0,45.49,41.86,27.37,11.604000000000001,98.11600000000001,0.0,0.0,0.0,0.0,809.3366865401669
2006-06-14 00:00:00,0.0,0.0,44.94,40.59,27.76,11.463000000000001,96.82700000000001,0.0,0.0,0.0,0.0,804.3366865401669
2006-06-14 01:00:00,0.0,0.0,44.87,38.32,26.3,11.908999999999999,90.0,2.580999999999989,0.0,0.0,0.0,799.3366865401669
2006-06-14 02:00:00,0.0,0.0,45.59,37.39,25.4,12.867999999999999,90.0,0.5120000000000147,0.0,0.0,0.0,794.3366865401669
2006-06-14 03:00:00,0.0,0.0,47.54,38.27,24.9,14.549000000000001,90.0,1.1610000000000014,0.0,0.0,0.0,789.3366865401669
2006-06-14 04:00:00,0.0,0.0,52.95,40.54,25.36,18.165999999999997,95.684,0.0,0.0,0.0,0.0,784.3366865401669
2006-06-14 05:00:00,0.0,0.0,58.11,44.08,29.55,25.888,90.0,10.851999999999986,0.0,0.0,0.0,779.3366865401669
2006-06-14 06:00:00,0.0,0.0,61.52,47.2,34.97,37.837,100.85300000000001,0.0,0.0,0.0,0.0,774.3366865401669
2006-06-14 07:00:00,0.0,0.0,63.3,49.4,38.66,51.328,90.0,5.032000000000011,0.0,0.0,0.0,769.3366865401669
2006-06-14 08:00:00,0.0,0.0,65.03,50.54,40.47,64.77,90.0,0.0,3.7299999999999986,0.0,0.0,764.3366865401669
2006-06-14 09:00:00,0.0,0.0,66.51,51.31,41.13,75.226,90.0,0.0,11.275999999999982,0.0,0.0,759.3366865401669
2006-06-14 10:00:00,0.0,0.0,66.18,52.11,41.64,80.73500000000001,90.0,0.0,15.804999999999993,0.0,0.0,754.3366865401669
2006-06-14 11:00:00,0.0,0.0,65.13,51.14,41.81,83.173,90.0,0.0,20.09299999999999,0.0,0.0,749.3366865401669
2006-06-14 12:00:00,0.0,0.0,63.79,50.14,41.25,83.40400000000001,90.0,0.0,23.224000000000018,0.0,0.0,744.3366865401669
2006-06-14 13:00:00,0.0,0.0,62.77,48.68,40.57,81.04000000000002,90.0,0.0,24.019999999999996,0.0,0.0,739.3366865401669
2006-06-14 14:00:00,0.0,0.0,61.68,47.31,40.24,76.851,90.0,0.0,22.620999999999984,0.0,0.0,734.3366865401669
2006-06-14 15:00:00,0.0,0.0,61.36,46.58,41.07,69.94200000000001,90.0,0.0,15.931999999999997,0.0,0.0,729.3366865401669
2006-06-14 16:00:00,0.0,0.0,61.21,47.24,41.86,61.774,90.0,0.0,6.463999999999984,0.0,0.0,724.3366865401669
2006-06-14 17:00:00,0.0,0.0,60.74,47.88,41.67,52.26499999999999,93.02500000000002,0.0,0.0,0.0,0.0,719.3366865401669
2006-06-14 18:00:00,0.0,0.0,58.93,46.73,41.01,41.419000000000004,90.0,10.25099999999998,0.0,0.0,0.0,714.3366865401669
2006-06-14 19:00:00,0.0,0.0,56.8,45.76,39.85,27.533,109.87699999999998,0.0,0.0,0.0,0.0,709.3366865401669
2006-06-14 20:00:00,0.0,0.0,54.75,47.68,38.44,18.393,117.477,0.0,0.0,0.0,0.0,704.3366865401669
2006-06-14 21:00:00,0.0,0.0,51.02,48.75,36.31,16.712,90.0,24.367999999999995,0.0,0.0,0.0,699.3366865401669
2006-06-14 22:00:00,0.0,0.0,47.89,45.33,32.62,15.497,90.0,15.343000000000004,0.0,0.0,0.0,694.3366865401669
2006-06-14 23:00:00,0.0,0.0,45.93,42.26,28.93,14.078000000000001,98.042,0.0,0.0,0.0,0.0,689.3366865401669
2006-06-15 00:00:00,0.0,0.0,44.47,40.56,27.3,12.738,94.59199999999998,0.0,0.0,0.0,0.0,684.3366865401669
2006-06-15 01:00:00,0.0,0.0,44.4,38.28,25.82,11.753,91.74700000000001,0.0,0.0,0.0,0.0,679.3366865401669
2006-06-15 02:00:00,0.0,0.0,45.12,37.36,24.92,10.983,91.417,0.0,0.0,0.0,0.0,674.3366865401669
2006-06-15 03:00:00,0.0,0.0,47.07,38.25,24.42,10.437000000000001,94.30300000000001,0.0,0.0,0.0,0.0,669.3366865401669
2006-06-15 04:00:00,0.0,0.0,52.51,40.5,24.88,12.236999999999998,100.653,0.0,0.0,0.0,0.0,664.3366865401669
2006-06-15 05:00:00,0.0,0.0,57.68,44.04,29.08,17.422,108.37799999999999,0.0,0.0,0.0,0.0,659.3366865401669
2006-06-15 06:00:00,0.0,0.0,61.08,47.17,34.51,25.989,110.0,1.7710000000000061,0.0,0.0,0.0,654.3366865401669
2006-06-15 07:00:00,0.0,0.0,62.86,49.38,38.2,35.544000000000004,109.89600000000002,0.0,0.0,0.0,0.0,649.3366865401669
2006-06-15 08:00:00,0.0,0.0,64.59,50.53,40.02,43.498999999999995,106.64100000000005,0.0,0.0,0.0,0.0,644.3366865401669
2006-06-15 09:00:00,0.0,0.0,66.07,51.32,40.68,49.476,103.59400000000002,0.0,0.0,0.0,0.0,639.3366865401669
2006-06-15 10:00:00,0.0,0.0,65.74,52.13,41.19,53.661,100.39899999999999,0.0,0.0,0.0,0.0,634.3366865401669
2006-06-15 11:00:00,0.0,0.0,64.68,51.16,41.36,54.456,90.0,7.744,0.0,0.0,0.0,629.3366865401669
2006-06-15 12:00:00,0.0,0.0,63.35,50.18,40.79,53.845,95.47500000000001,0.0,0.0,0.0,0.0,624.3366865401669
2006-06-15 13:00:00,0.0,0.0,62.33,48.73,40.12,51.603,94.577,0.0,0.0,0.0,0.0,619.3366865401669
2006-06-15 14:00:00,0.0,0.0,61.24,47.36,39.79,46.634,90.0,6.756000000000005,0.0,0.0,0.0,614.3366865401669
2006-06-15 15:00:00,0.0,0.0,60.92,46.64,40.62,39.322,103.85799999999999,0.0,0.0,0.0,0.0,609.3366865401669
2006-06-15 16:00:00,0.0,0.0,60.76,47.29,41.41,30.683,110.0,3.777000000000001,0.0,0.0,0.0,604.3366865401669
2006-06-15 17:00:00,0.0,0.0,60.27,47.91,41.21,21.865,110.0,12.525000000000025,0.0,0.0,0.0,599.3366865401669
2006-06-15 18:00:00,0.0,0.0,58.43,46.71,40.53,13.979000000000001,115.0,11.691000000000006,0.0,0.0,0.0,594.3366865401669
2006-06-15 19:00:00,0.0,0.0,56.3,45.73,39.36,7.440999999999999,128.94899999999998,0.0,0.0,0.0,0.0,589.3366865401669
2006-06-15 20:00:00,0.0,0.0,54.26,47.7,37.96,4.286,90.0,40.634000000000015,0.0,0.0,0.0,584.3366865401669
2006-06-15 21:00:00,0.0,0.0,50.54,48.76,35.85,4.151999999999999,90.0,35.99799999999999,0.0,0.0,0.0,579.3366865401669
2006-06-15 22:00:00,0.0,0.0,47.42,45.31,32.17,3.4559999999999995,116.444,0.0,0.0,0.0,0.0,574.3366865401669
2006-06-15 23:00:00,0.0,0.0,45.46,42.23,28.48,3.561,107.60900000000001,0.0,0.0,0.0,0.0,569.3366865401669
2006-06-16 00:00:00,0.0,0.0,43.08,39.8,25.98,3.5180000000000002,100.34200000000001,0.0,0.0,0.0,0.0,564.3366865401669
2006-06-16 01:00:00,0.0,0.0,43.02,37.52,24.48,3.37,96.65,0.0,0.0,0.0,0.0,559.3366865401669
2006-06-16 02:00:00,0.0,0.0,43.73,36.61,23.58,3.3609999999999998,95.559,0.0,0.0,0.0,0.0,554.3366865401669
2006-06-16 03:00:00,0.0,0.0,45.67,37.49,23.08,3.957,97.28300000000002,0.0,0.0,0.0,0.0,549.3366865401669
2006-06-16 04:00:00,0.0,0.0,51.14,39.73,23.55,6.976,102.444,0.0,0.0,0.0,0.0,544.3366865401669
2006-06-16 05:00:00,0.0,0.0,56.32,43.26,27.77,14.302,108.048,0.0,0.0,0.0,0.0,539.3366865401669
2006-06-16 06:00:00,0.0,0.0,59.72,46.4,33.19,24.055,90.0,20.254999999999995,0.0,0.0,0.0,534.3366865401669
2006-06-16 07:00:00,0.0,0.0,61.5,48.63,36.9,34.552,107.47800000000002,0.0,0.0,0.0,0.0,529.3366865401669
2006-06-16 08:00:00,0.0,0.0,63.23,49.79,38.71,44.025000000000006,102.705,0.0,0.0,0.0,0.0,524.3366865401669
2006-06-16 09:00:00,0.0,0.0,64.72,50.6,39.38,51.552,93.75235250000009,4.395647499999904,0.0,0.0,0.0,519.3366865401669
2006-06-16 10:00:00,0.0,0.0,64.38,51.42,39.88,56.55700000000001,90.0,4.1229999999999905,0.0,0.0,0.0,514.3366865401669
2006-06-16 11:00:00,0.0,0.0,63.32,50.45,40.06,58.717,90.11299999999999,0.0,0.0,0.0,0.0,509.33668654016685
2006-06-16 12:00:00,0.0,0.0,61.98,49.48,39.49,57.727,90.0,0.0,1.7769999999999868,0.0,0.0,504.33668654016685
2006-06-16 13:00:00,0.0,0.0,60.97,48.04,38.82,54.472,90.0,0.0,1.6419999999999915,0.0,0.0,499.33668654016685
2006-06-16 14:00:00,0.0,0.0,59.88,46.68,38.49,48.382999999999996,91.66700000000002,0.0,0.0,0.0,0.0,494.33668654016685
2006-06-16 15:00:00,0.0,0.0,59.57,45.96,39.32,40.479,90.0,9.371,0.0,0.0,0.0,489.33668654016685
2006-06-16 16:00:00,0.0,0.0,59.39,46.61,40.11,32.563,90.0,18.54700000000001,0.0,0.0,0.0,484.33668654016685
2006-06-16 17:00:00,0.0,0.0,58.88,47.19,39.89,25.253999999999998,115.0,0.7060000000000173,0.0,0.0,0.0,479.33668654016685
2006-06-16 18:00:00,0.0,0.0,57.01,45.95,39.2,16.829,110.0,10.331000000000017,0.0,0.0,0.0,474.33668654016685
2006-06-16 19:00:00,0.0,0.0,54.88,44.97,38.01,8.671,124.18900000000001,0.0,0.0,0.0,0.0,469.33668654016685
2006-06-16 20:00:00,0.0,0.0,52.86,46.98,36.63,5.128,110.0,16.342000000000013,0.0,0.0,0.0,464.33668654016685
2006-06-16 21:00:00,0.0,0.0,49.13,48.04,34.55,5.042,90.0,31.677999999999997,0.0,0.0,0.0,459.33668654016685
2006-06-16 22:00:00,0.0,0.0,46.02,44.56,30.87,4.971,110.0,1.4790000000000116,0.0,0.0,0.0,454.33668654016685
2006-06-16 23:00:00,0.0,0.0,44.07,41.47,27.18,4.797,102.923,0.0,0.0,0.0,0.0,449.33668654016685
2006-06-17 00:00:00,0.0,0.0,34.89,34.67,23.43,4.971,90.0,0.0,0.3564173591874419,1.624582640812548,0.0,445.5063860415519
2006-06-17 01:00:00,0.0,0.0,34.82,32.39,21.91,5.021,90.0,0.0,5.9010000000000105,0.0,0.0,440.5063860415519
2006-06-17 02:00:00,0.0,0.0,35.53,31.49,21.01,4.662999999999999,90.0,0.0,6.632999999999995,0.0,0.0,435.5063860415519
2006-06-17 03:00:00,0.0,0.0,37.48,32.37,20.51,4.724,90.0,0.0,3.9277765466297416,0.43622345337026047,0.0,430.8204669279785
2006-06-17 04:00:00,0.0,0.0,42.97,34.6,20.98,7.532000000000001,90.0,0.0,0.0,0.0,0.0,425.8204669279785
2006-06-17 05:00:00,0.0,0.0,48.16,38.12,25.21,14.803000000000003,90.0,5.020333333333326,0.0,0.0,0.0,420.8204669279785
2006-06-17 06:00:00,0.0,0.0,51.56,41.27,30.64,25.927999999999997,90.0,4.208666666666673,0.0,0.0,0.0,415.8204669279785
2006-06-17 07:00:00,0.0,0.0,53.32,43.51,34.35,37.525,90.0,0.3216666666666663,0.0,0.0,0.0,410.8204669279785
2006-06-17 08:00:00,0.0,0.0,55.06,44.69,36.17,47.915,90.0,0.0,1.9950000000000045,0.0,0.0,405.8204669279785
2006-06-17 09:00:00,0.0,0.0,56.55,45.51,36.83,57.147000000000006,90.0,0.0,8.257000000000012,0.0,0.0,400.8204669279785
2006-06-17 10:00:00,0.0,0.0,56.21,46.34,37.34,63.12400000000001,90.0,0.0,0.0,13.233999999999984,0.0,405.3489469279785
2006-06-17 11:00:00,0.0,0.0,55.15,45.37,37.51,65.544,90.0,0.0,17.51400000000001,0.0,0.0,400.3489469279785
2006-06-17 12:00:00,0.0,0.0,53.81,44.42,36.95,64.654,90.0,0.0,19.473999999999986,0.0,0.0,395.3489469279785
2006-06-17 13:00:00,0.0,0.0,52.8,42.99,36.28,61.81,90.0,0.0,19.739999999999988,0.0,0.0,390.3489469279785
2006-06-17 14:00:00,0.0,0.0,51.71,41.64,35.95,57.032,90.0,0.0,17.731999999999985,0.0,0.0,385.3489469279785
2006-06-17 15:00:00,0.0,0.0,51.4,40.92,36.79,49.958,90.0,0.0,0.0,10.847999999999988,0.0,388.1595069279785
2006-06-17 16:00:00,0.0,0.0,51.21,41.57,37.57,41.346,90.0,0.0,0.0,0.9960000000000022,0.0,383.8766269279785
2006-06-17 17:00:00,0.0,0.0,50.68,42.12,37.34,30.146,90.0,4.994000000000015,0.0,0.0,0.0,378.8766269279785
2006-06-17 18:00:00,0.0,0.0,48.78,40.83,36.63,18.965,90.0,17.27499999999999,0.0,0.0,0.0,373.8766269279785
2006-06-17 19:00:00,0.0,0.0,46.66,39.85,35.43,9.681000000000001,90.0,18.925666666666658,0.0,0.0,0.0,368.8766269279785
2006-06-17 20:00:00,0.0,0.0,44.65,41.9,34.06,6.534,90.0,20.742666666666675,0.0,0.0,0.0,363.8766269279785
2006-06-17 21:00:00,0.0,0.0,40.92,42.96,32.01,7.256,90.0,16.967333333333322,0.0,0.0,0.0,358.8766269279785
2006-06-17 22:00:00,0.0,0.0,37.82,39.44,28.34,9.091000000000001,90.0,3.1756666666666717,0.0,0.0,0.0,353.8766269279785
2006-06-17 23:00:00,0.0,0.0,35.88,36.35,24.64,9.229000000000001,90.0,0.0,0.0,2.3589999999999947,0.0,350.57510692797854
2006-06-18 00:00:00,0.0,0.0,31.1,32.31,23.04,8.193000000000001,90.0,0.0,11.742999999999995,0.0,0.0,345.57510692797854
2006-06-18 01:00:00,0.0,0.0,31.03,30.03,21.49,6.747,90.0,0.0,0.0,14.19700000000001,0.0,350.7969469279785
2006-06-18 02:00:00,0.0,0.0,31.74,29.13,20.59,5.687,90.0,0.0,0.0,14.227000000000004,0.0,356.04038692797855
2006-06-18 03:00:00,0.0,0.0,33.68,30.02,20.1,5.227,90.0,0.0,0.0,11.426999999999992,0.0,359.26782692797855
2006-06-18 04:00:00,0.0,0.0,39.2,32.23,20.57,7.301,90.0,0.0,5.301000000000016,0.0,0.0,354.26782692797855
2006-06-18 05:00:00,0.0,0.0,44.4,35.75,24.82,14.971999999999998,90.0,0.0,0.0,0.0020000000000131024,0.0,349.26926692797855
2006-06-18 06:00:00,0.0,0.0,47.8,38.9,30.25,27.271,90.0,0.0,0.0,0.3210000000000086,0.0,344.5003869279786
2006-06-18 07:00:00,0.0,0.0,49.56,41.16,33.96,40.417,90.0,0.0,5.737000000000009,0.0,0.0,339.5003869279786
2006-06-18 08:00:00,0.0,0.0,51.31,42.36,35.79,49.81100000000001,90.0,0.0,10.351000000000006,0.0,0.0,334.5003869279786
2006-06-18 09:00:00,0.0,0.0,52.79,43.19,36.45,57.219,90.0,0.0,0.0,14.788999999999998,0.0,340.1484669279786
2006-06-18 10:00:00,0.0,0.0,52.44,44.03,36.96,64.18200000000002,90.0,0.0,0.0,20.751999999999995,0.0,350.0899069279786
2006-06-18 11:00:00,0.0,0.0,51.38,43.06,37.13,67.009,90.0,0.0,7.845212920131516,17.593787079868484,0.0,357.7574336254839
2006-06-18 12:00:00,0.0,0.0,50.05,42.13,36.56,66.191,90.0,0.0,0.0,27.45100000000002,0.0,372.5221536254839
2006-06-18 13:00:00,0.0,0.0,49.05,40.71,35.89,63.439,90.0,0.0,0.0,27.789000000000016,0.0,387.5302336254839
2006-06-18 14:00:00,0.0,0.0,47.95,39.37,35.57,59.06099999999999,90.0,0.0,0.0,26.170999999999978,0.0,401.3733536254839
2006-06-18 15:00:00,0.0,0.0,47.64,38.65,36.41,53.245,90.0,0.0,20.544999999999987,0.0,0.0,396.3733536254839
2006-06-18 16:00:00,0.0,0.0,47.44,39.29,37.19,46.343,90.0,0.0,0.0,12.423000000000005,0.0,400.3179136254839
2006-06-18 17:00:00,0.0,0.0,46.89,39.81,36.95,37.68000000000001,90.0,0.0,0.0,4.030000000000012,0.0,398.21951362548396
2006-06-18 18:00:00,0.0,0.0,44.96,38.47,36.22,28.22,90.0,0.0,0.0,0.0,0.0,393.21951362548396
2006-06-18 19:00:00,0.0,0.0,42.84,37.49,35.01,19.439999999999998,90.0,5.900000000000009,0.0,0.0,0.0,388.21951362548396
2006-06-18 20:00:00,0.0,0.0,40.85,39.58,33.65,17.925,90.0,5.319154660418666,0.0,0.0,0.0,383.21951362548396
2006-06-18 21:00:00,0.0,0.0,37.12,40.64,31.63,18.851,90.0,0.0,0.0,0.0,0.0,378.21951362548396
2006-06-18 22:00:00,0.0,0.0,34.02,37.09,27.96,20.653000000000002,90.0,0.0,11.582999999999984,0.0,0.0,373.21951362548396
2006-06-18 23:00:00,0.0,0.0,32.09,33.99,24.26,21.466,90.0,0.0,0.0,21.125999999999983,0.0,383.43023362548394
2006-06-19 00:00:00,0.0,0.0,42.67,39.04,25.75,21.817,90.0,0.0,4.356999999999999,0.0,0.0,378.43023362548394
2006-06-19 01:00:00,0.0,0.0,42.6,36.76,24.19,21.781000000000002,90.0,0.0,8.230999999999995,0.0,0.0,373.43023362548394
2006-06-19 02:00:00,0.0,0.0,43.3,35.88,23.29,20.75,90.0,0.0,0.0,8.280000000000015,0.0,374.39183362548397
2006-06-19 03:00:00,0.0,0.0,45.25,36.76,22.8,20.017,90.0,0.0,0.0,5.207000000000001,0.0,373.14087362548395
2006-06-19 04:00:00,0.0,0.0,50.79,38.96,23.27,24.11,90.0,0.0,0.0,1.0900000000000105,0.0,368.92567362548397
2006-06-19 05:00:00,0.0,0.0,55.99,42.47,27.53,33.339000000000006,90.0,0.9843333333333213,0.0,0.0,0.0,363.92567362548397
2006-06-19 06:00:00,0.0,0.0,59.39,45.64,32.97,45.576,90.0,0.0,0.0,0.0,0.0,358.92567362548397
2006-06-19 07:00:00,0.0,0.0,61.15,47.91,36.69,62.10000000000001,90.0,0.0,0.0,6.349999999999991,0.0,358.49767362548397
2006-06-19 08:00:00,0.0,0.0,62.9,49.12,38.51,76.293,90.0,0.0,0.0,15.762999999999995,0.0,364.84703362548396
2006-06-19 09:00:00,0.0,0.0,64.39,49.97,39.18,87.61,90.0,0.0,0.0,24.07000000000001,0.0,377.17743362548396
2006-06-19 10:00:00,0.0,0.0,64.03,50.82,39.69,94.322,90.0,0.0,0.0,29.78200000000002,0.0,393.62047362548395
2006-06-19 11:00:00,0.0,0.0,62.97,49.85,39.86,96.40899999999999,90.0,0.0,3.728999999999999,30.0,0.0,410.220473625484
2006-06-19 12:00:00,0.0,0.0,61.64,48.93,39.29,94.264,90.0,0.0,4.404000000000011,30.0,0.0,426.820473625484
2006-06-19 13:00:00,0.0,0.0,60.64,47.52,38.62,89.97399999999999,90.0,0.0,33.19399999999999,0.0,0.0,421.820473625484
2006-06-19 14:00:00,0.0,0.0,59.55,46.19,38.3,82.248,90.0,0.0,28.208000000000013,0.0,0.0,416.820473625484
2006-06-19 15:00:00,0.0,0.0,59.24,45.48,39.15,72.132,90.0,0.0,0.0,18.26200000000001,0.0,424.969113625484
2006-06-19 16:00:00,0.0,0.0,59.03,46.1,39.92,60.807,90.0,0.0,5.756999999999991,0.0,0.0,419.969113625484
2006-06-19 17:00:00,0.0,0.0,58.45,46.6,39.67,48.477,90.0,1.2430000000000092,0.0,0.0,0.0,414.969113625484
2006-06-19 18:00:00,0.0,0.0,56.5,45.22,38.92,36.733,90.0,10.573666666666682,0.0,0.0,0.0,409.969113625484
2006-06-19 19:00:00,0.0,0.0,54.38,44.23,37.7,26.144999999999996,90.0,16.831666666666692,0.0,0.0,0.0,404.969113625484
2006-06-19 20:00:00,0.0,0.0,52.41,46.36,36.35,20.266000000000002,90.0,19.85399999999999,0.0,0.0,0.0,399.969113625484
2006-06-19 21:00:00,0.0,0.0,48.66,47.42,34.35,18.181,90.0,18.915666666666674,0.0,0.0,0.0,394.969113625484
2006-06-19 22:00:00,0.0,0.0,45.57,43.84,30.69,17.639,90.0,10.794333333333348,0.0,0.0,0.0,389.969113625484
2006-06-19 23:00:00,0.0,0.0,43.65,40.73,26.99,15.572,90.0,2.4646666666666572,0.0,0.0,0.0,384.969113625484
2006-06-20 00:00:00,0.0,0.0,44.43,39.98,26.65,13.637,90.0,4.089666666666659,0.0,0.0,0.0,379.969113625484
2006-06-20 01:00:00,0.0,0.0,44.36,37.69,25.06,12.918,90.0,4.192000000000007,0.0,0.0,0.0,374.969113625484
2006-06-20 02:00:00,0.0,0.0,45.06,36.81,24.16,12.419,90.0,3.611000000000004,0.0,0.0,0.0,369.969113625484
2006-06-20 03:00:00,0.0,0.0,47.0,37.7,23.68,12.399999999999999,90.0,2.646666666666647,0.0,0.0,0.0,364.969113625484
2006-06-20 04:00:00,0.0,0.0,52.56,39.88,24.15,15.344000000000001,90.0,7.9126666666666665,0.0,0.0,0.0,359.969113625484
2006-06-20 05:00:00,0.0,0.0,57.78,43.39,28.42,24.075,90.0,13.848333333333333,0.0,0.0,0.0,354.969113625484
2006-06-20 06:00:00,0.0,0.0,61.18,46.56,33.86,36.49300000000001,90.0,10.107,0.0,0.0,0.0,349.969113625484
2006-06-20 07:00:00,0.0,0.0,62.93,48.85,37.58,51.692,90.0,6.001333333333335,0.0,0.0,0.0,344.969113625484
2006-06-20 08:00:00,0.0,0.0,64.69,50.07,39.42,68.378,90.0,0.0,0.0,4.197999999999993,0.0,342.991673625484
2006-06-20 09:00:00,0.0,0.0,66.18,50.94,40.08,82.02999999999999,90.0,0.0,0.0,14.829999999999973,0.0,348.669273625484
2006-06-20 10:00:00,0.0,0.0,65.81,51.8,40.59,90.08,90.0,0.0,0.0,21.88,0.0,359.422873625484
2006-06-20 11:00:00,0.0,0.0,64.75,50.84,40.76,96.12899999999999,90.0,0.0,3.1985872576177443,26.580412742382244,0.0,373.5607707999992
2006-06-20 12:00:00,0.0,0.0,63.42,49.93,40.19,98.91099999999999,90.0,0.0,5.370999999999982,30.0,0.0,390.1607707999992
2006-06-20 13:00:00,0.0,0.0,62.43,48.53,39.53,96.58000000000001,90.0,0.0,6.089999999999989,30.0,0.0,406.76077079999925
2006-06-20 14:00:00,0.0,0.0,61.33,47.2,39.2,89.979,90.0,0.0,2.2490000000000006,30.0,0.0,423.3607707999993
2006-06-20 15:00:00,0.0,0.0,61.02,46.49,40.06,79.999,90.0,0.0,0.0,22.428999999999967,0.0,434.50965079999924
2006-06-20 16:00:00,0.0,0.0,60.8,47.11,40.83,69.203,90.0,0.0,0.0,10.463000000000008,0.0,437.04301079999925
2006-06-20 17:00:00,0.0,0.0,60.2,47.58,40.57,57.24999999999999,90.0,0.0,0.0,0.0,0.0,432.04301079999925
2006-06-20 18:00:00,0.0,0.0,58.22,46.15,39.8,47.968,90.0,6.201999999999998,0.0,0.0,0.0,427.04301079999925
2006-06-20 19:00:00,0.0,0.0,56.1,45.16,38.57,42.963,90.0,5.200333333333319,0.0,0.0,0.0,422.04301079999925
2006-06-20 20:00:00,0.0,0.0,54.15,47.34,37.23,41.528999999999996,90.0,3.857666666666672,0.0,0.0,0.0,417.04301079999925
2006-06-20 21:00:00,0.0,0.0,50.4,48.4,35.26,40.832,90.0,0.0,0.0,0.0,0.0,412.04301079999925
2006-06-20 22:00:00,0.0,0.0,47.32,44.78,31.6,40.565000000000005,90.0,0.0,0.0,6.865000000000002,0.0,411.98581079999923
2006-06-20 23:00:00,0.0,0.0,45.4,41.66,27.89,40.78500000000001,90.0,0.0,0.0,15.835000000000008,0.0,418.38701079999925
2006-06-21 00:00:00,0.0,0.0,44.88,40.38,28.63,41.499,90.0,0.0,0.0,17.609000000000023,0.0,426.0654907999993
2006-06-21 01:00:00,0.0,0.0,44.81,38.09,27.02,43.257,90.0,0.0,0.0,23.33699999999999,0.0,437.8681307999993
2006-06-21 02:00:00,0.0,0.0,45.5,37.22,26.13,45.961,90.0,0.0,0.0,27.11100000000002,0.0,452.3880507999993
2006-06-21 03:00:00,0.0,0.0,47.44,38.11,25.64,48.178000000000004,90.0,0.0,0.0,26.987999999999985,0.0,466.8194107999993
2006-06-21 04:00:00,0.0,0.0,53.03,40.27,26.12,52.153999999999996,90.0,0.0,0.0,22.733999999999966,0.0,478.18789079999925
2006-06-21 05:00:00,0.0,0.0,58.26,43.78,30.41,59.609,90.0,0.0,0.0,17.159000000000006,0.0,485.5423707999993
2006-06-21 06:00:00,0.0,0.0,61.65,46.96,35.85,72.22800000000001,90.0,0.0,0.0,17.767999999999972,0.0,493.33533079999927
2006-06-21 07:00:00,0.0,0.0,63.4,49.26,39.58,91.645,90.0,0.0,0.0,29.40500000000001,0.0,509.5069307999993
2006-06-21 08:00:00,0.0,0.0,65.16,50.5,41.41,104.8,90.0,0.0,7.730000000000018,30.0,0.0,526.1069307999993
2006-06-21 09:00:00,0.0,0.0,66.66,51.38,42.08,112.88799999999999,90.0,0.0,12.768000000000008,30.0,0.0,542.7069307999993
2006-06-21 10:00:00,0.0,0.0,66.29,52.26,42.59,117.746,90.0,0.0,16.605999999999995,30.0,0.0,559.3069307999993
2006-06-21 11:00:00,0.0,0.0,65.23,51.29,42.76,119.893,90.0,0.0,20.613,30.0,0.0,575.9069307999994
2006-06-21 12:00:00,0.0,0.0,63.9,50.4,42.19,119.38,90.0,0.0,22.889999999999993,30.0,0.0,592.5069307999994
2006-06-21 13:00:00,0.0,0.0,62.9,49.01,41.52,115.497,90.0,0.0,22.067000000000014,30.0,0.0,609.1069307999994
2006-06-21 14:00:00,0.0,0.0,61.81,47.69,41.2,108.14200000000001,90.0,0.0,17.442000000000007,30.0,0.0,625.7069307999994
2006-06-21 15:00:00,0.0,0.0,61.5,46.98,42.06,98.733,90.0,0.0,8.192999999999998,30.0,0.0,642.3069307999995
2006-06-21 16:00:00,0.0,0.0,61.27,47.6,42.83,87.01200000000001,90.0,4.688000000000017,0.0,30.0,0.0,658.9069307999995
2006-06-21 17:00:00,0.0,0.0,60.65,48.04,42.56,74.34,90.0,16.91000000000001,0.0,30.0,0.0,675.5069307999995
2006-06-21 18:00:00,0.0,0.0,58.64,46.56,41.77,60.221,90.0,0.0,0.0,3.251000000000019,0.0,672.8476507999995
2006-06-21 19:00:00,0.0,0.0,56.52,45.57,40.52,49.766,90.0,2.8440000000000225,0.0,0.0,0.0,667.8476507999995
2006-06-21 20:00:00,0.0,0.0,54.58,47.79,39.19,47.858000000000004,90.0,26.743485000000042,0.0,23.041485000000065,0.0,679.4375199999996
2006-06-21 21:00:00,0.0,0.0,50.83,48.84,37.25,49.346000000000004,90.0,0.0,0.0,2.426000000000002,0.0,676.1842399999996
2006-06-21 22:00:00,0.0,0.0,47.76,45.19,33.6,49.544,90.0,17.00599999999999,0.0,30.0,0.0,692.7842399999996
2006-06-21 23:00:00,0.0,0.0,45.85,42.07,29.89,48.848,90.0,8.962,0.0,30.0,0.0,709.3842399999996
2006-06-22 00:00:00,0.0,0.0,44.41,40.34,28.52,49.653,90.0,0.0,0.0,26.383000000000024,0.0,723.3799999999997
2006-06-22 01:00:00,0.0,0.0,44.34,38.06,26.89,50.72,90.0,0.0,1.4299999999999926,30.0,0.0,739.9799999999997
2006-06-22 02:00:00,0.0,0.0,45.03,37.2,26.0,51.736,90.0,0.0,3.5060000000000144,30.0,0.0,756.5799999999997
2006-06-22 03:00:00,0.0,0.0,46.97,38.09,25.52,52.974000000000004,90.0,0.0,2.3940000000000126,30.0,0.0,773.1799999999997
2006-06-22 04:00:00,0.0,0.0,52.59,40.23,26.0,58.11300000000001,90.0,0.0,0.0,29.29300000000002,0.0,789.2709599999997
2006-06-22 05:00:00,0.0,0.0,57.82,43.73,30.3,68.27,90.0,3.5799999999999983,0.0,30.0,0.0,805.8709599999997
2006-06-22 06:00:00,0.0,0.0,61.21,46.92,35.74,83.59100000000002,90.0,0.27899999999999636,0.0,30.0,0.0,822.4709599999998
2006-06-22 07:00:00,0.0,0.0,62.96,49.24,39.47,101.859,90.0,0.0,10.188999999999993,30.0,0.0,839.0709599999998
2006-06-22 08:00:00,0.0,0.0,64.73,50.49,41.31,114.904,90.0,0.0,18.373999999999995,30.0,0.0,855.6709599999998
2006-06-22 09:00:00,0.0,0.0,66.22,51.39,41.98,124.911,90.0,0.0,25.321000000000026,30.0,0.0,872.2709599999998
2006-06-22 10:00:00,0.0,0.0,65.84,52.28,42.49,132.326,90.0,0.0,31.716,30.0,0.0,888.8709599999999
2006-06-22 11:00:00,0.0,0.0,64.78,51.31,42.66,136.615,90.0,0.0,37.86500000000001,30.0,0.0,905.4709599999999
2006-06-22 12:00:00,0.0,0.0,63.46,50.44,42.09,136.407,90.0,0.0,40.41700000000001,30.0,0.0,922.0709599999999
2006-06-22 13:00:00,0.0,0.0,62.46,49.06,41.42,132.18,90.0,0.0,39.23999999999997,30.0,0.0,938.6709599999999
2006-06-22 14:00:00,0.0,0.0,61.37,47.75,41.11,124.125,90.0,0.0,33.895,30.0,0.0,955.27096
2006-06-22 15:00:00,0.0,0.0,61.06,47.04,41.97,113.646,90.0,0.0,23.576000000000022,30.0,0.0,971.87096
2006-06-22 16:00:00,0.0,0.0,60.82,47.65,42.73,100.52199999999999,90.0,0.0,9.322000000000003,30.0,0.0,988.47096
2006-06-22 17:00:00,0.0,0.0,60.18,48.06,42.45,83.64699999999999,90.0,0.0,0.0,22.957000000000004,0.0,1000.0
2006-06-22 18:00:00,0.0,0.0,58.14,46.54,41.65,61.339000000000006,90.0,0.0,0.0,6.944444444444445,0.0,1000.0
2006-06-22 19:00:00,0.0,0.0,56.03,45.54,40.39,40.663000000000004,90.0,6.297000000000002,0.0,0.0,0.0,995.0
2006-06-22 20:00:00,0.0,0.0,54.1,47.8,39.07,27.557,90.0,18.412999999999997,0.0,0.0,0.0,990.0
2006-06-22 21:00:00,0.0,0.0,50.35,48.86,37.15,22.51,90.0,18.849999999999994,0.0,0.0,0.0,985.0
2006-06-22 22:00:00,0.0,0.0,47.28,45.17,33.51,19.983,90.0,10.976999999999995,0.0,0.0,0.0,980.0
2006-06-22 23:00:00,0.0,0.0,45.38,42.04,29.79,18.962999999999997,90.0,3.247000000000016,0.0,0.0,0.0,975.0
2006-06-23 00:00:00,0.0,0.0,43.03,39.58,27.57,17.544999999999998,90.0,0.0,0.0,2.365000000000002,0.0,971.7028
2006-06-23 01:00:00,0.0,0.0,42.95,37.29,25.92,15.900999999999998,90.0,0.0,3.0743333333333283,0.0,0.0,966.7028
2006-06-23 02:00:00,0.0,0.0,43.64,36.44,25.02,14.597999999999999,90.0,0.0,4.497999999999999,0.0,0.0,961.7028
2006-06-23 03:00:00,0.0,0.0,45.58,37.33,24.55,12.955,90.0,0.0,0.0,0.0,0.0,956.7028
2006-06-23 04:00:00,0.0,0.0,51.22,39.46,25.03,14.785000000000002,90.0,5.924999999999997,0.0,0.0,0.0,951.7028
2006-06-23 05:00:00,0.0,0.0,56.47,42.96,29.34,21.480000000000004,90.0,12.290000000000017,0.0,0.0,0.0,946.7028
2006-06-23 06:00:00,0.0,0.0,59.85,46.16,34.78,33.494,90.0,12.29600000000002,0.0,0.0,0.0,941.7028
2006-06-23 07:00:00,0.0,0.0,61.6,48.48,38.53,44.458,90.0,9.152000000000001,0.0,0.0,0.0,936.7028
2006-06-23 08:00:00,0.0,0.0,63.37,49.76,40.37,53.33800000000001,90.0,5.162000000000006,0.0,0.0,0.0,931.7028
2006-06-23 09:00:00,0.0,0.0,64.87,50.67,41.03,60.43900000000001,90.0,1.1310000000000002,0.0,0.0,0.0,926.7028
2006-06-23 10:00:00,0.0,0.0,64.48,51.57,41.55,66.352,90.0,0.0,0.0,3.7520000000000024,0.0,924.4042400000001
2006-06-23 11:00:00,0.0,0.0,63.42,50.6,41.72,72.19200000000001,90.0,0.0,11.451999999999993,0.0,0.0,919.4042400000001
2006-06-23 12:00:00,0.0,0.0,62.09,49.74,41.15,74.287,90.0,0.0,12.683358264081335,3.623641735918639,0.0,917.0132620498615
2006-06-23 13:00:00,0.0,0.0,61.11,48.38,40.48,72.268,90.0,0.0,15.631333333333338,0.0,0.0,912.0132620498615
2006-06-23 14:00:00,0.0,0.0,60.01,47.07,40.17,67.251,90.0,0.0,15.001000000000007,0.0,0.0,907.0132620498615
2006-06-23 15:00:00,0.0,0.0,59.7,46.37,41.03,58.623,90.0,0.0,0.0,6.522999999999989,0.0,906.7098220498615
2006-06-23 16:00:00,0.0,0.0,59.45,46.96,41.79,45.706,90.0,7.493999999999986,0.0,0.0,0.0,901.7098220498615
2006-06-23 17:00:00,0.0,0.0,58.79,47.35,41.5,33.163,90.0,19.477000000000004,0.0,0.0,0.0,896.7098220498615
2006-06-23 18:00:00,0.0,0.0,56.72,45.78,40.67,20.953,90.0,27.217000000000013,0.0,0.0,0.0,891.7098220498615
2006-06-23 19:00:00,0.0,0.0,54.61,44.78,39.4,10.255,90.0,33.535000000000025,0.0,0.0,0.0,886.7098220498615
2006-06-23 20:00:00,0.0,0.0,52.7,47.08,38.1,5.779999999999999,90.0,37.100000000000016,0.0,0.0,0.0,881.7098220498615
2006-06-23 21:00:00,0.0,0.0,48.95,48.14,36.21,4.281000000000001,90.0,34.019000000000005,0.0,0.0,0.0,876.7098220498615
2006-06-23 22:00:00,0.0,0.0,45.89,44.42,32.57,3.832,90.0,24.048000000000002,0.0,0.0,0.0,871.7098220498615
2006-06-23 23:00:00,0.0,0.0,43.99,41.28,28.85,4.366,90.0,14.754000000000017,0.0,0.0,0.0,866.7098220498615
2006-06-24 00:00:00,0.0,0.0,34.84,34.45,25.0,5.153,90.0,0.0,0.0,4.1963333333333,0.0,864.7311820498614
2006-06-24 01:00:00,0.0,0.0,34.76,32.16,23.33,5.353,90.0,0.0,8.436333333333351,0.0,0.0,859.7311820498614
2006-06-24 02:00:00,0.0,0.0,35.44,31.32,22.44,5.052,90.0,0.0,10.851999999999991,0.0,0.0,854.7311820498614
2006-06-24 03:00:00,0.0,0.0,37.38,32.21,21.96,4.6499999999999995,90.0,0.0,0.0,8.099999999999998,0.0,855.5631820498614
2006-06-24 04:00:00,0.0,0.0,43.05,34.33,22.44,5.805,90.0,0.0,0.9849999999999994,0.0,0.0,850.5631820498614
2006-06-24 05:00:00,0.0,0.0,48.3,37.82,26.77,11.921,90.0,5.968999999999998,0.0,0.0,0.0,845.5631820498614
2006-06-24 06:00:00,0.0,0.0,51.69,41.03,32.22,21.267,90.0,8.673000000000016,0.0,0.0,0.0,840.5631820498614
2006-06-24 07:00:00,0.0,0.0,53.43,43.37,35.96,31.784,90.0,5.976000000000018,0.0,0.0,0.0,835.5631820498614
2006-06-24 08:00:00,0.0,0.0,55.2,44.65,37.81,42.364999999999995,90.0,0.2950000000000135,0.0,0.0,0.0,830.5631820498614
2006-06-24 09:00:00,0.0,0.0,56.7,45.58,38.48,50.238,90.0,0.0,0.0,4.478000000000005,0.0,828.7873420498614
2006-06-24 10:00:00,0.0,0.0,56.31,46.49,38.99,56.571000000000005,90.0,0.0,0.0,9.780999999999995,0.0,830.8296620498614
2006-06-24 11:00:00,0.0,0.0,55.25,45.53,39.16,60.156,90.0,0.0,15.21599999999998,0.0,0.0,825.8296620498614
2006-06-24 12:00:00,0.0,0.0,53.92,44.68,38.59,61.10499999999999,90.0,0.0,0.0,18.914999999999978,0.0,834.4484620498614
2006-06-24 13:00:00,0.0,0.0,52.94,43.33,37.92,58.965,90.0,0.0,19.77499999999999,0.0,0.0,829.4484620498614
2006-06-24 14:00:00,0.0,0.0,51.84,42.03,37.61,53.96900000000001,90.0,0.0,17.489000000000004,0.0,0.0,824.4484620498614
2006-06-24 15:00:00,0.0,0.0,51.54,41.33,38.48,47.253,90.0,0.0,10.90300000000002,0.0,0.0,819.4484620498614
2006-06-24 16:00:00,0.0,0.0,51.27,41.92,39.24,38.928,90.0,0.0,0.0,0.0,0.0,814.4484620498614
2006-06-24 17:00:00,0.0,0.0,50.59,42.28,38.94,29.967999999999996,90.0,6.842000000000013,0.0,0.0,0.0,809.4484620498614
2006-06-24 18:00:00,0.0,0.0,48.49,40.66,38.09,20.406,90.0,11.834000000000003,0.0,0.0,0.0,804.4484620498614
2006-06-24 19:00:00,0.0,0.0,46.39,39.65,36.81,12.178999999999998,90.0,15.671000000000006,0.0,0.0,0.0,799.4484620498614
2006-06-24 20:00:00,0.0,0.0,44.49,42.0,35.51,8.776,90.0,18.224,0.0,0.0,0.0,794.4484620498614
2006-06-24 21:00:00,0.0,0.0,40.73,43.06,33.65,9.908000000000001,90.0,12.53200000000001,0.0,0.0,0.0,789.4484620498614
2006-06-24 22:00:00,0.0,0.0,37.68,39.3,30.02,9.563,90.0,2.437000000000012,0.0,0.0,0.0,784.4484620498614
2006-06-24 23:00:00,0.0,0.0,35.79,36.15,26.29,8.522,90.0,0.0,5.292000000000016,0.0,0.0,779.4484620498614
2006-06-25 00:00:00,0.0,0.0,31.56,32.09,23.81,7.769,90.0,0.0,15.308999999999992,0.0,0.0,774.4484620498614
2006-06-25 01:00:00,0.0,0.0,31.49,29.8,22.12,6.946,90.0,0.0,0.0,18.535999999999994,0.0,782.7943820498614
2006-06-25 02:00:00,0.0,0.0,32.16,28.97,21.23,6.443,90.0,0.0,0.0,17.41633333333334,0.0,790.3341420498614
2006-06-25 03:00:00,0.0,0.0,34.11,29.86,20.76,6.23,90.0,0.0,16.49999999999997,0.0,0.0,785.3341420498614
2006-06-25 04:00:00,0.0,0.0,39.79,31.96,21.24,7.866999999999999,90.0,0.0,0.0,9.876999999999995,0.0,787.4455820498614
2006-06-25 05:00:00,0.0,0.0,45.06,35.44,25.59,14.594999999999997,90.0,0.0,0.0,3.5049999999999777,0.0,784.9691820498614
2006-06-25 06:00:00,0.0,0.0,48.44,38.66,31.03,24.917,90.0,0.0,0.0,1.786999999999999,0.0,781.2558220498614
2006-06-25 07:00:00,0.0,0.0,50.18,41.01,34.79,37.863,90.0,0.0,6.882999999999991,0.0,0.0,776.2558220498614
2006-06-25 08:00:00,0.0,0.0,51.96,42.32,36.64,51.023999999999994,90.0,0.0,0.0,15.104,0.0,782.1307020498614
2006-06-25 09:00:00,0.0,0.0,53.46,43.26,37.3,59.964,90.0,0.0,20.0,0.9440000000000026,0.0,777.8103820498613
2006-06-25 10:00:00,0.0,0.0,53.06,44.18,37.82,65.69800000000001,90.0,0.0,23.971333333333334,0.0,0.0,772.8103820498613
2006-06-25 11:00:00,0.0,0.0,52.0,43.22,37.99,67.97,90.0,0.0,29.759999999999966,0.0,0.0,767.8103820498613
2006-06-25 12:00:00,0.0,0.0,50.67,42.39,37.41,66.48700000000001,90.0,0.0,0.0,29.350333333333325,0.0,783.9426220498614
2006-06-25 13:00:00,0.0,0.0,49.7,41.04,36.75,62.689,90.0,0.0,0.25582733148688047,29.943172668513103,0.0,800.5017063711908
2006-06-25 14:00:00,0.0,0.0,48.6,39.75,36.44,57.27799999999999,90.0,0.0,0.0,25.821333333333296,0.0,814.0930663711908
2006-06-25 15:00:00,0.0,0.0,48.29,39.05,37.31,51.065999999999995,90.0,0.0,0.0,19.749333333333325,0.0,823.3125863711908
2006-06-25 16:00:00,0.0,0.0,48.02,39.64,38.07,45.473,90.0,0.0,0.0,14.743000000000006,0.0,828.9275463711908
2006-06-25 17:00:00,0.0,0.0,47.31,39.97,37.75,39.296,90.0,0.0,0.0,8.025309325946575,0.0,829.7057690858724
2006-06-25 18:00:00,0.0,0.0,45.19,38.31,36.89,32.308,90.0,0.0,6.917999999999992,0.0,0.0,824.7057690858724
2006-06-25 19:00:00,0.0,0.0,43.08,37.29,35.59,25.607,90.0,0.0,4.646999999999997,0.0,0.0,819.7057690858724
2006-06-25 20:00:00,0.0,0.0,41.2,39.68,34.31,23.416999999999998,90.0,0.0,3.2269999999999897,0.0,0.0,814.7057690858724
2006-06-25 21:00:00,0.0,0.0,37.44,40.74,32.48,26.470000000000002,90.0,0.0,0.0,10.810000000000006,0.0,817.4889690858723
2006-06-25 22:00:00,0.0,0.0,34.4,36.95,28.85,25.928,90.0,0.0,0.0,20.727999999999987,0.0,827.4131290858724
2006-06-25 23:00:00,0.0,0.0,32.52,33.79,25.12,24.259999999999998,90.0,0.0,0.0,27.82999999999999,0.0,842.4507290858724
2006-06-26 00:00:00,0.0,0.0,42.62,38.83,26.76,23.309,90.0,0.0,0.0,10.09899999999999,0.0,844.7220090858724
2006-06-26 01:00:00,0.0,0.0,42.54,36.53,25.05,21.493000000000002,90.0,0.0,0.0,12.373000000000008,0.0,848.6305690858724
2006-06-26 02:00:00,0.0,0.0,43.21,35.71,24.15,21.382,90.0,0.0,13.311999999999998,0.0,0.0,843.6305690858724
2006-06-26 03:00:00,0.0,0.0,45.15,36.6,23.68,22.221,90.0,0.0,0.0,10.124333333333318,0.0,845.9200890858724
2006-06-26 04:00:00,0.0,0.0,50.87,38.69,24.17,23.183000000000003,90.0,0.0,2.7863333333333458,0.0,0.0,840.9200890858724
2006-06-26 05:00:00,0.0,0.0,56.14,42.17,28.53,28.842,90.0,2.9979999999999922,0.0,0.0,0.0,835.9200890858724
2006-06-26 06:00:00,0.0,0.0,59.52,45.39,33.98,42.82600000000001,90.0,1.0640000000000045,0.0,0.0,0.0,830.9200890858724
2006-06-26 07:00:00,0.0,0.0,61.25,47.76,37.74,58.753,90.0,0.0,0.0,3.6696666666666573,0.0,828.5622490858724
2006-06-26 08:00:00,0.0,0.0,63.04,49.08,39.59,71.584,90.0,0.0,0.0,14.873999999999995,0.0,834.2715290858724
2006-06-26 09:00:00,0.0,0.0,64.54,50.04,40.26,81.50800000000001,90.0,0.0,21.66800000000001,0.0,0.0,829.2715290858724
2006-06-26 10:00:00,0.0,0.0,64.14,50.97,40.77,88.085,90.0,0.0,0.0,27.204999999999984,0.0,843.8591290858724
2006-06-26 11:00:00,0.0,0.0,63.07,50.01,40.95,91.42899999999999,90.0,0.0,20.0,12.398999999999997,0.0,847.7864090858724
2006-06-26 12:00:00,0.0,0.0,61.75,49.19,40.37,91.963,90.0,0.0,35.65299999999998,0.0,0.0,842.7864090858724
2006-06-26 13:00:00,0.0,0.0,60.78,47.86,39.71,89.79799999999999,90.0,0.0,34.78133333333332,0.0,0.0,837.7864090858724
2006-06-26 14:00:00,0.0,0.0,59.68,46.57,39.4,84.39,90.0,0.0,3.7399999999999807,30.0,0.0,854.3864090858724
2006-06-26 15:00:00,0.0,0.0,59.37,45.88,40.27,76.273,90.0,0.0,25.752999999999975,0.0,0.0,849.3864090858724
2006-06-26 16:00:00,0.0,0.0,59.09,46.46,41.02,65.415,90.0,0.0,0.0,13.844999999999985,0.0,854.3548090858724
2006-06-26 17:00:00,0.0,0.0,58.36,46.76,40.7,50.477999999999994,90.34200000000001,0.0,0.0,0.0,0.0,849.3548090858724
2006-06-26 18:00:00,0.0,0.0,56.21,45.05,39.82,32.917,101.52984999999998,1.6331499999999914,0.0,0.0,0.0,844.3548090858724
2006-06-26 19:00:00,0.0,0.0,54.1,44.03,38.51,20.598000000000003,110.0,1.0419999999999874,0.0,0.0,0.0,839.3548090858724
2006-06-26 20:00:00,0.0,0.0,52.24,46.47,37.24,16.351,110.0,4.599000000000011,0.0,0.0,0.0,834.3548090858724
2006-06-26 21:00:00,0.0,0.0,48.48,47.52,35.43,16.538,109.89200000000001,0.0,0.0,0.0,0.0,829.3548090858724
2006-06-26 22:00:00,0.0,0.0,45.44,43.7,31.82,16.729999999999997,99.23,0.0,0.0,0.0,0.0,824.3548090858724
2006-06-26 23:00:00,0.0,0.0,43.57,40.53,28.08,16.918999999999997,90.261,0.0,0.0,0.0,0.0,819.3548090858724
2006-06-27 00:00:00,0.0,0.0,44.38,39.76,26.87,16.362,90.0,0.0,0.35199999999998965,0.0,0.0,814.3548090858724
2006-06-27 01:00:00,0.0,0.0,44.3,37.46,25.14,15.425999999999998,90.0,0.0,3.5259999999999962,0.0,0.0,809.3548090858724
2006-06-27 02:00:00,0.0,0.0,44.97,36.65,24.25,14.299,90.0,0.0,3.429000000000002,0.0,0.0,804.3548090858724
2006-06-27 03:00:00,0.0,0.0,46.91,37.54,23.78,13.983,90.0,0.0,0.7530000000000001,0.0,0.0,799.3548090858724
2006-06-27 04:00:00,0.0,0.0,52.64,39.61,24.27,16.799999999999997,94.72,0.0,0.0,0.0,0.0,794.3548090858724
2006-06-27 05:00:00,0.0,0.0,57.93,43.09,28.64,24.128999999999998,100.531,0.0,0.0,0.0,0.0,789.3548090858724
2006-06-27 06:00:00,0.0,0.0,61.31,46.32,34.09,33.61,90.0,13.110000000000014,0.0,0.0,0.0,784.3548090858724
2006-06-27 07:00:00,0.0,0.0,63.03,48.7,37.86,43.039,90.0,11.551000000000016,0.0,0.0,0.0,779.3548090858724
2006-06-27 08:00:00,0.0,0.0,64.82,50.04,39.72,52.306999999999995,90.0,7.273000000000001,0.0,0.0,0.0,774.3548090858724
2006-06-27 09:00:00,0.0,0.0,66.33,51.01,40.38,60.07,90.0,2.6500000000000057,0.0,0.0,0.0,769.3548090858724
2006-06-27 10:00:00,0.0,0.0,65.92,51.95,40.9,63.957,90.0,0.0,0.1869999999999976,0.0,0.0,764.3548090858724
2006-06-27 11:00:00,0.0,0.0,64.85,50.99,41.07,65.374,90.0,0.0,3.4639999999999986,0.0,0.0,759.3548090858724
2006-06-27 12:00:00,0.0,0.0,63.53,50.19,40.49,62.788000000000004,90.0,0.0,3.5779999999999745,0.0,0.0,754.3548090858724
2006-06-27 13:00:00,0.0,0.0,62.56,48.87,39.83,57.995999999999995,90.0,0.0,1.73599999999999,0.0,0.0,749.3548090858724
2006-06-27 14:00:00,0.0,0.0,61.46,47.59,39.53,51.031,92.549,0.0,0.0,0.0,0.0,744.3548090858724
2006-06-27 15:00:00,0.0,0.0,61.16,46.9,40.4,42.898,90.0,10.562000000000008,0.0,0.0,0.0,739.3548090858724
2006-06-27 16:00:00,0.0,0.0,60.86,47.47,41.15,33.756,110.72400000000002,0.0,0.0,0.0,0.0,734.3548090858724
2006-06-27 17:00:00,0.0,0.0,60.11,47.74,40.82,24.803999999999995,115.0,3.8659999999999934,0.0,0.0,0.0,729.3548090858724
2006-06-27 18:00:00,0.0,0.0,57.93,45.99,39.92,16.605999999999998,110.0,12.234000000000009,0.0,0.0,0.0,724.3548090858724
2006-06-27 19:00:00,0.0,0.0,55.83,44.97,38.6,9.299,90.0,35.10100000000003,0.0,0.0,0.0,719.3548090858724
2006-06-27 20:00:00,0.0,0.0,53.99,47.44,37.33,6.304,90.0,37.45599999999999,0.0,0.0,0.0,714.3548090858724
2006-06-27 21:00:00,0.0,0.0,50.21,48.5,35.56,6.577999999999999,110.0,12.692000000000002,0.0,0.0,0.0,709.3548090858724
2006-06-27 22:00:00,0.0,0.0,47.19,44.64,31.95,6.507,90.0,22.273000000000017,0.0,0.0,0.0,704.3548090858724
2006-06-27 23:00:00,0.0,0.0,45.32,41.47,28.2,6.2170000000000005,103.77300000000001,0.0,0.0,0.0,0.0,699.3548090858724
2006-06-28 00:00:00,0.0,0.0,44.83,40.16,26.92,5.968999999999999,100.94099999999999,0.0,0.0,0.0,0.0,694.3548090858724
2006-06-28 01:00:00,0.0,0.0,44.75,37.86,25.16,5.827,96.94299999999998,0.0,0.0,0.0,0.0,689.3548090858724
2006-06-28 02:00:00,0.0,0.0,45.41,37.06,24.27,5.6930000000000005,90.0,6.046999999999997,0.0,0.0,0.0,684.3548090858724
2006-06-28 03:00:00,0.0,0.0,47.35,37.95,23.81,6.066,98.044,0.0,0.0,0.0,0.0,679.3548090858724
2006-06-28 04:00:00,0.0,0.0,53.11,40.0,24.3,9.069999999999999,103.34,0.0,0.0,0.0,0.0,674.3548090858724
2006-06-28 05:00:00,0.0,0.0,58.41,43.47,28.69,15.866,109.704,0.0,0.0,0.0,0.0,669.3548090858724
2006-06-28 06:00:00,0.0,0.0,61.78,46.72,34.14,26.427000000000007,111.21300000000001,0.0,0.0,0.0,0.0,664.3548090858724
2006-06-28 07:00:00,0.0,0.0,63.5,49.11,37.91,36.658,90.0,18.86199999999998,0.0,0.0,0.0,659.3548090858724
2006-06-28 08:00:00,0.0,0.0,65.3,50.46,39.77,46.312,104.218,0.0,0.0,0.0,0.0,654.3548090858724
2006-06-28 09:00:00,0.0,0.0,66.81,51.45,40.44,54.745000000000005,98.955,0.0,0.0,0.0,0.0,649.3548090858724
2006-06-28 10:00:00,0.0,0.0,66.39,52.4,40.96,58.608999999999995,96.141,0.0,0.0,0.0,0.0,644.3548090858724
2006-06-28 11:00:00,0.0,0.0,65.33,51.45,41.13,61.55,90.0,1.3599999999999852,0.0,0.0,0.0,639.3548090858724
2006-06-28 12:00:00,0.0,0.0,64.01,50.66,40.55,62.187,90.0,0.0,1.9670000000000272,0.0,0.0,634.3548090858724
2006-06-28 13:00:00,0.0,0.0,63.04,49.35,39.89,60.853,90.0,0.0,3.5729999999999933,0.0,0.0,629.3548090858724
2006-06-28 14:00:00,0.0,0.0,61.94,48.08,39.58,56.736000000000004,90.0,0.0,2.135999999999984,0.0,0.0,624.3548090858724
2006-06-28 15:00:00,0.0,0.0,61.64,47.38,40.46,51.242999999999995,93.23700000000004,0.0,0.0,0.0,0.0,619.3548090858724
2006-06-28 16:00:00,0.0,0.0,61.33,47.95,41.21,43.801,90.0,11.688999999999993,0.0,0.0,0.0,614.3548090858724
2006-06-28 17:00:00,0.0,0.0,60.55,48.19,40.87,33.146,90.0,21.464,0.0,0.0,0.0,609.3548090858724
2006-06-28 18:00:00,0.0,0.0,58.35,46.4,39.95,21.165,111.53649750000005,6.998502499999952,0.0,0.0,0.0,604.3548090858724
2006-06-28 19:00:00,0.0,0.0,56.25,45.37,38.62,11.642000000000001,110.0,13.597999999999999,0.0,0.0,0.0,599.3548090858724
2006-06-28 20:00:00,0.0,0.0,54.42,47.89,37.36,9.146,110.0,15.524000000000015,0.0,0.0,0.0,594.3548090858724
2006-06-28 21:00:00,0.0,0.0,50.65,48.94,35.61,11.793000000000001,110.0,8.406999999999996,0.0,0.0,0.0,589.3548090858724
2006-06-28 22:00:00,0.0,0.0,47.62,45.05,32.01,13.41,90.0,16.27000000000001,0.0,0.0,0.0,584.3548090858724
2006-06-28 23:00:00,0.0,0.0,45.77,41.87,28.26,13.250999999999998,90.0,7.649000000000001,0.0,0.0,0.0,579.3548090858724
2006-06-29 00:00:00,0.0,0.0,44.36,40.13,26.16,12.268,90.0,3.382000000000005,0.0,0.0,0.0,574.3548090858724
2006-06-29 01:00:00,0.0,0.0,44.28,37.83,24.39,11.118,90.382,0.0,0.0,0.0,0.0,569.3548090858724
2006-06-29 02:00:00,0.0,0.0,44.94,37.03,23.5,10.231,90.23899999999999,0.0,0.0,0.0,0.0,564.3548090858724
2006-06-29 03:00:00,0.0,0.0,46.88,37.93,23.04,9.282,93.568,0.0,0.0,0.0,0.0,559.3548090858724
2006-06-29 04:00:00,0.0,0.0,52.67,39.97,23.53,11.286,99.884,0.0,0.0,0.0,0.0,554.3548090858724
2006-06-29 05:00:00,0.0,0.0,57.97,43.43,27.93,19.627,104.70299999999999,0.0,0.0,0.0,0.0,549.3548090858724
2006-06-29 06:00:00,0.0,0.0,61.34,46.68,33.39,31.644,104.766,0.0,0.0,0.0,0.0,544.3548090858724
2006-06-29 07:00:00,0.0,0.0,63.06,49.09,37.16,44.432,99.87800000000001,0.0,0.0,0.0,0.0,539.3548090858724
2006-06-29 08:00:00,0.0,0.0,64.86,50.46,39.03,56.053,93.297,0.0,0.0,0.0,0.0,534.3548090858724
2006-06-29 09:00:00,0.0,0.0,66.37,51.46,39.69,65.35,90.0,0.0,2.829999999999994,0.0,0.0,529.3548090858724
2006-06-29 10:00:00,0.0,0.0,65.95,52.42,40.22,71.593,90.0,0.0,8.00300000000001,0.0,0.0,524.3548090858724
2006-06-29 11:00:00,0.0,0.0,64.88,51.47,40.39,74.91499999999999,90.0,0.0,13.174999999999997,0.0,0.0,519.3548090858724
2006-06-29 12:00:00,0.0,0.0,63.56,50.69,39.81,75.063,90.0,0.0,16.00299999999997,0.0,0.0,514.3548090858724
2006-06-29 13:00:00,0.0,0.0,62.6,49.4,39.15,72.554,90.0,0.0,16.403999999999982,0.0,0.0,509.35480908587243
2006-06-29 14:00:00,0.0,0.0,61.5,48.13,38.85,67.34,90.0,0.0,13.860000000000014,0.0,0.0,504.35480908587243
2006-06-29 15:00:00,0.0,0.0,61.2,47.44,39.73,60.25399999999999,90.0,0.0,6.884000000000003,0.0,0.0,499.35480908587243
2006-06-29 16:00:00,0.0,0.0,60.88,48.0,40.47,51.787000000000006,91.82250750000014,0.740492499999874,0.0,0.0,0.0,494.35480908587243
2006-06-29 17:00:00,0.0,0.0,60.08,48.22,40.12,41.842999999999996,101.57700000000003,0.0,0.0,0.0,0.0,489.35480908587243
2006-06-29 18:00:00,0.0,0.0,57.85,46.37,39.18,31.250000000000004,107.14999999999999,0.0,0.0,0.0,0.0,484.35480908587243
2006-06-29 19:00:00,0.0,0.0,55.75,45.34,37.84,22.708,111.22200000000001,0.0,0.0,0.0,0.0,479.35480908587243
2006-06-29 20:00:00,0.0,0.0,53.94,47.9,36.59,20.755,112.67500000000001,0.0,0.0,0.0,0.0,474.35480908587243
2006-06-29 21:00:00,0.0,0.0,50.16,48.96,34.87,21.891000000000002,107.099,0.0,0.0,0.0,0.0,469.35480908587243
2006-06-29 22:00:00,0.0,0.0,47.15,45.03,31.27,21.012999999999998,90.0,7.436999999999989,0.0,0.0,0.0,464.35480908587243
2006-06-29 23:00:00,0.0,0.0,45.3,41.84,27.52,19.355,90.305,0.0,0.0,0.0,0.0,459.35480908587243
2006-06-30 00:00:00,0.0,0.0,42.98,39.36,25.59,16.971000000000004,90.0,0.0,4.040999999999997,0.0,0.0,454.35480908587243
2006-06-30 01:00:00,0.0,0.0,42.89,37.06,23.79,15.412,90.0,0.0,6.671999999999981,0.0,0.0,449.35480908587243
2006-06-30 02:00:00,0.0,0.0,43.55,36.28,22.9,13.786999999999999,90.0,0.0,6.056999999999988,0.0,0.0,444.35480908587243
2006-06-30 03:00:00,0.0,0.0,45.49,37.17,22.45,11.504,90.0,0.0,1.3939999999999717,0.0,0.0,439.35480908587243
2006-06-30 04:00:00,0.0,0.0,51.3,39.19,22.94,13.395,95.03500000000001,0.0,0.0,0.0,0.0,434.35480908587243
2006-06-30 05:00:00,0.0,0.0,56.62,42.66,27.36,20.683,100.957,0.0,0.0,0.0,0.0,429.35480908587243
2006-06-30 06:00:00,0.0,0.0,59.99,45.91,32.81,30.378000000000007,103.33200000000002,0.0,0.0,0.0,0.0,424.35480908587243
2006-06-30 07:00:00,0.0,0.0,61.7,48.34,36.59,42.07799999999999,90.0,9.552000000000021,0.0,0.0,0.0,419.35480908587243
2006-06-30 08:00:00,0.0,0.0,63.51,49.72,38.47,55.009,91.69100000000002,0.0,0.0,0.0,0.0,414.35480908587243
2006-06-30 09:00:00,0.0,0.0,65.02,50.74,39.13,64.01400000000001,90.0,0.0,4.124000000000009,0.0,0.0,409.35480908587243
2006-06-30 10:00:00,0.0,0.0,64.58,51.71,39.65,70.249,90.0,0.0,9.308999999999983,0.0,0.0,404.35480908587243
2006-06-30 11:00:00,0.0,0.0,63.52,50.76,39.82,72.762,90.0,0.0,13.662000000000006,0.0,0.0,399.35480908587243
2006-06-30 12:00:00,0.0,0.0,62.2,50.0,39.24,71.506,90.0,0.0,15.06599999999999,0.0,0.0,394.35480908587243
2006-06-30 13:00:00,0.0,0.0,61.24,48.71,38.58,65.843,90.0,0.0,12.313000000000017,0.0,0.0,389.35480908587243
2006-06-30 14:00:00,0.0,0.0,60.14,47.45,38.28,57.55,90.0,0.0,6.679999999999993,0.0,0.0,384.35480908587243
2006-06-30 15:00:00,0.0,0.0,59.84,46.77,39.17,47.632,90.0,3.1480000000000103,0.0,0.0,0.0,379.35480908587243
2006-06-30 16:00:00,0.0,0.0,59.51,47.32,39.91,38.654999999999994,103.08500000000001,0.0,0.0,0.0,0.0,374.35480908587243
2006-06-30 17:00:00,0.0,0.0,58.69,47.51,39.54,29.64,90.0,21.099999999999994,0.0,0.0,0.0,369.35480908587243
2006-06-30 18:00:00,0.0,0.0,56.43,45.62,38.59,18.856,116.784,0.0,0.0,0.0,0.0,364.35480908587243
2006-06-30 19:00:00,0.0,0.0,54.34,44.58,37.23,8.388,90.0,32.762,0.0,0.0,0.0,359.35480908587243
2006-06-30 20:00:00,0.0,0.0,52.54,47.18,36.0,5.5,90.0,35.22000000000001,0.0,0.0,0.0,354.35480908587243
2006-06-30 21:00:00,0.0,0.0,48.76,48.24,34.31,5.666,110.0,10.64400000000002,0.0,0.0,0.0,349.35480908587243
2006-06-30 22:00:00,0.0,0.0,45.75,44.28,30.71,5.123,90.0,20.617000000000004,0.0,0.0,0.0,344.35480908587243
2006-06-30 23:00:00,0.0,0.0,43.91,41.08,26.96,4.716,102.23399999999998,0.0,0.0,0.0,0.0,339.35480908587243
2006-07-01 00:00:00,0.0,0.0,34.77,36.07,23.41,4.223,90.0,0.0,4.9730000000000025,0.0,0.0,334.35480908587243
2006-07-01 01:00:00,0.0,0.0,34.69,33.77,21.58,3.795,90.0,0.0,0.0,8.754999999999999,0.0,335.65840908587245
2006-07-01 02:00:00,0.0,0.0,35.34,33.0,20.69,3.642,90.0,0.0,0.0,9.612000000000002,0.0,337.57904908587244
2006-07-01 03:00:00,0.0,0.0,37.28,33.89,20.24,4.08,90.0,0.0,0.0,7.669999999999984,0.0,338.10144908587245
2006-07-01 04:00:00,0.0,0.0,43.14,35.89,20.74,7.061,90.0,0.0,2.290999999999997,0.0,0.0,333.10144908587245
2006-07-01 05:00:00,0.0,0.0,48.47,39.34,25.18,16.152,90.0,1.8380000000000223,0.0,0.0,0.0,328.10144908587245
2006-07-01 06:00:00,0.0,0.0,51.84,42.61,30.64,28.327000000000005,90.0,1.7630000000000052,0.0,0.0,0.0,323.10144908587245
2006-07-01 07:00:00,0.0,0.0,53.54,45.06,34.43,40.864,90.0,0.0,0.0,2.8339999999999783,0.0,320.14192908587245
2006-07-01 08:00:00,0.0,0.0,55.36,46.48,36.31,57.647,90.0,0.0,0.0,14.496999999999993,0.0,325.57976908587244
2006-07-01 09:00:00,0.0,0.0,56.87,47.53,36.97,71.588,90.0,0.0,0.0,25.217999999999986,0.0,338.7367290858724
2006-07-01 10:00:00,0.0,0.0,56.43,48.52,37.5,80.213,90.0,0.0,2.7629999999999937,30.0,0.0,355.33672908587243
2006-07-01 11:00:00,0.0,0.0,55.36,47.57,37.67,85.30099999999999,90.0,0.0,39.70099999999999,0.0,0.0,350.33672908587243
2006-07-01 12:00:00,0.0,0.0,54.05,46.84,37.09,86.661,90.0,0.0,13.680999999999964,30.0,0.0,366.93672908587246
2006-07-01 13:00:00,0.0,0.0,53.09,45.57,36.43,84.923,90.0,0.0,22.077834718374962,22.755165281625008,0.0,378.3204480886425
2006-07-01 14:00:00,0.0,0.0,51.99,44.33,36.13,79.56400000000001,90.0,0.0,21.59928901200382,20.51471098799618,0.0,388.09103999999974
2006-07-01 15:00:00,0.0,0.0,51.69,43.65,37.03,70.683,90.0,0.0,3.312999999999974,30.0,0.0,404.69103999999976
2006-07-01 16:00:00,0.0,0.0,51.35,44.19,37.76,58.973,90.0,0.0,20.673000000000002,0.0,0.0,399.69103999999976
2006-07-01 17:00:00,0.0,0.0,50.48,44.32,37.37,44.027,90.0,0.0,0.0,6.857000000000003,0.0,399.6280799999998
2006-07-01 18:00:00,0.0,0.0,48.16,42.34,36.38,26.482999999999993,90.0,5.396999999999991,0.0,0.0,0.0,394.6280799999998
2006-07-01 19:00:00,0.0,0.0,46.07,41.29,35.0,13.317,90.0,14.043000000000006,0.0,0.0,0.0,389.6280799999998
2006-07-01 20:00:00,0.0,0.0,44.31,43.98,33.79,10.027,90.0,17.052999999999997,0.0,0.0,0.0,384.6280799999998
2006-07-01 21:00:00,0.0,0.0,40.52,45.03,32.15,10.192,90.0,12.508000000000012,0.0,0.0,0.0,379.6280799999998
2006-07-01 22:00:00,0.0,0.0,37.53,41.0,28.57,9.56,90.0,2.5400000000000205,0.0,0.0,0.0,374.6280799999998
2006-07-01 23:00:00,0.0,0.0,35.7,37.8,24.8,8.424000000000001,90.0,0.0,0.0,5.124000000000006,0.0,373.3173599999998
2006-07-02 00:00:00,0.0,0.0,31.0,34.73,22.57,7.430000000000001,90.0,0.0,0.0,14.130000000000024,0.0,378.4909599999998
2006-07-02 01:00:00,0.0,0.0,30.91,32.42,20.73,6.950000000000001,90.0,0.0,0.0,17.889999999999993,0.0,386.3717599999998
2006-07-02 02:00:00,0.0,0.0,31.56,31.66,19.85,6.674000000000001,90.0,0.0,0.0,18.603999999999992,0.0,394.7666399999998
2006-07-02 03:00:00,0.0,0.0,33.5,32.55,19.39,6.734,90.0,0.0,14.627333333333338,0.0,0.0,389.7666399999998
2006-07-02 04:00:00,0.0,0.0,39.36,34.54,19.9,9.511000000000001,90.0,0.0,0.0,10.710999999999991,0.0,392.47855999999985
2006-07-02 05:00:00,0.0,0.0,44.69,37.99,24.34,18.759,90.0,0.0,0.0,6.739000000000008,0.0,392.33063999999985
2006-07-02 06:00:00,0.0,0.0,48.06,41.27,29.8,27.784999999999997,90.0,0.0,3.654999999999996,0.0,0.0,387.33063999999985
2006-07-02 07:00:00,0.0,0.0,49.76,43.72,33.59,45.391000000000005,90.0,0.0,11.654333333333312,0.0,0.0,382.33063999999985
2006-07-02 08:00:00,0.0,0.0,51.58,45.13,35.47,62.526,90.0,0.0,0.0,25.345999999999982,0.0,395.57975999999985
2006-07-02 09:00:00,0.0,0.0,53.1,46.18,36.13,75.42699999999999,90.0,0.0,5.016999999999982,30.0,0.0,412.1797599999999
2006-07-02 10:00:00,0.0,0.0,52.65,47.18,36.66,84.32700000000001,90.0,0.0,12.837000000000003,30.0,0.0,428.7797599999999
2006-07-02 11:00:00,0.0,0.0,51.58,46.23,36.83,90.553,90.0,0.0,40.0,10.912999999999982,0.0,431.63711999999987
2006-07-02 12:00:00,0.0,0.0,50.27,45.5,36.25,93.303,90.0,0.0,40.0,16.28299999999999,0.0,438.36087999999984
2006-07-02 13:00:00,0.0,0.0,49.32,44.23,35.59,92.322,90.0,0.0,28.18200000000001,30.0,0.0,454.96087999999986
2006-07-02 14:00:00,0.0,0.0,48.22,42.99,35.29,87.315,90.0,0.0,25.814999999999998,30.0,0.0,471.5608799999999
2006-07-02 15:00:00,0.0,0.0,47.92,42.31,36.19,77.85400000000001,90.0,0.0,16.43399999999999,30.0,0.0,488.1608799999999
2006-07-02 16:00:00,0.0,0.0,47.57,42.84,36.92,64.137,90.0,0.0,1.807000000000011,30.0,0.0,504.76087999999993
2006-07-02 17:00:00,0.0,0.0,46.7,42.98,36.53,46.353,90.0,0.0,13.476333333333333,0.0,0.0,499.76087999999993
2006-07-02 18:00:00,0.0,0.0,44.38,40.99,35.54,26.154,90.0,0.0,0.0,0.24399999999999977,0.0,494.93655999999993
2006-07-02 19:00:00,0.0,0.0,42.29,39.95,34.16,12.954,90.0,8.445999999999998,0.0,0.0,0.0,489.93655999999993
2006-07-02 20:00:00,0.0,0.0,40.53,42.64,32.95,10.531,90.0,10.589000000000013,0.0,0.0,0.0,484.93655999999993
2006-07-02 21:00:00,0.0,0.0,36.74,43.69,31.31,11.579,90.0,5.16100000000001,0.0,0.0,0.0,479.93655999999993
2006-07-02 22:00:00,0.0,0.0,33.75,39.66,27.73,11.804,90.0,0.0,3.9973333333333443,0.0,0.0,474.93655999999993
2006-07-02 23:00:00,0.0,0.0,31.92,36.45,23.96,11.019,90.0,0.0,0.0,13.688999999999986,0.0,479.7926399999999
2006-07-03 00:00:00,0.0,0.0,42.57,40.45,24.6,10.104,90.0,2.515999999999993,0.0,0.0,0.0,474.7926399999999
2006-07-03 01:00:00,0.0,0.0,42.49,38.15,22.77,9.478000000000002,90.0,0.0,1.0679999999999978,0.0,0.0,469.7926399999999
2006-07-03 02:00:00,0.0,0.0,43.13,37.38,21.88,9.323,90.0,0.0,1.9329999999999927,0.0,0.0,464.7926399999999
2006-07-03 03:00:00,0.0,0.0,45.07,38.28,21.43,9.786999999999999,90.0,0.0,0.0,0.007000000000008555,0.0,459.7976799999999
2006-07-03 04:00:00,0.0,0.0,50.93,40.27,21.93,12.845999999999998,90.0,5.283999999999997,0.0,0.0,0.0,454.7976799999999
2006-07-03 05:00:00,0.0,0.0,56.27,43.72,26.38,22.877,90.0,8.493000000000011,0.0,0.0,0.0,449.7976799999999
2006-07-03 06:00:00,0.0,0.0,59.63,47.0,31.84,34.911,90.0,8.559000000000026,0.0,0.0,0.0,444.7976799999999
2006-07-03 07:00:00,0.0,0.0,61.34,49.45,35.63,53.073,90.0,0.0,0.0,1.6530000000000058,0.0,440.9878399999999
2006-07-03 08:00:00,0.0,0.0,63.16,50.86,37.51,71.102,90.0,0.0,14.57200000000002,0.0,0.0,435.9878399999999
2006-07-03 09:00:00,0.0,0.0,64.67,51.91,38.17,84.417,90.0,0.0,0.0,23.000333333333355,0.0,447.5480799999999
2006-07-03 10:00:00,0.0,0.0,64.22,52.9,38.7,92.027,90.0,0.0,0.0,29.540333333333333,0.0,463.81711999999993
2006-07-03 11:00:00,0.0,0.0,63.16,51.95,38.87,95.80000000000001,90.0,0.0,6.819999999999995,30.0,0.0,480.41711999999995
2006-07-03 12:00:00,0.0,0.0,61.85,51.22,38.28,95.601,90.0,0.0,39.251,0.0,0.0,475.41711999999995
2006-07-03 13:00:00,0.0,0.0,60.89,49.96,37.62,91.578,90.0,0.0,8.108000000000006,30.0,0.0,492.01712
2006-07-03 14:00:00,0.0,0.0,59.79,48.71,37.33,84.274,90.0,0.0,3.4439999999999884,30.0,0.0,508.61712
2006-07-03 15:00:00,0.0,0.0,59.49,48.03,38.22,73.494,90.0,0.0,0.0,22.75399999999999,0.0,520.0
2006-07-03 16:00:00,0.0,0.0,59.14,48.57,38.96,59.135000000000005,90.0,0.0,7.465000000000003,0.0,0.0,515.0
2006-07-03 17:00:00,0.0,0.0,58.27,48.7,38.57,42.146,98.394,0.0,0.0,0.0,0.0,510.0
2006-07-03 18:00:00,0.0,0.0,55.96,46.72,37.58,25.302000000000003,90.0,19.958,0.0,0.0,0.0,505.0
2006-07-03 19:00:00,0.0,0.0,53.87,45.67,36.2,16.008,90.0,24.732000000000014,0.0,0.0,0.0,500.0
2006-07-03 20:00:00,0.0,0.0,52.1,48.36,34.99,16.116,110.0,4.333999999999989,0.0,0.0,0.0,495.0
2006-07-03 21:00:00,0.0,0.0,48.31,49.42,33.35,17.596,90.0,18.48400000000001,0.0,0.0,0.0,490.0
2006-07-03 22:00:00,0.0,0.0,45.32,45.39,29.77,17.513,90.33481750000007,7.632182499999943,0.0,0.0,0.0,485.0
2006-07-03 23:00:00,0.0,0.0,43.5,42.18,26.0,16.634,90.0,0.046000000000008257,0.0,0.0,0.0,480.0
2006-07-04 00:00:00,0.0,0.0,44.82,42.86,25.02,15.135,92.56500000000001,0.0,0.0,0.0,0.0,475.0
2006-07-04 01:00:00,0.0,0.0,44.74,40.55,23.19,14.239,90.0,0.0,0.7590000000000003,0.0,0.0,470.0
2006-07-04 02:00:00,0.0,0.0,45.39,39.79,22.3,12.866999999999999,90.0,0.0,0.38700000000000045,0.0,0.0,465.0
2006-07-04 03:00:00,0.0,0.0,47.33,40.68,21.85,12.252,92.60800000000002,0.0,0.0,0.0,0.0,460.0
2006-07-04 04:00:00,0.0,0.0,53.19,42.67,22.35,15.047,90.0,8.162999999999991,0.0,0.0,0.0,455.0
2006-07-04 05:00:00,0.0,0.0,58.52,46.12,26.79,24.662,90.0,11.768000000000013,0.0,0.0,0.0,450.0
2006-07-04 06:00:00,0.0,0.0,61.89,49.4,32.25,34.373,104.167,0.0,0.0,0.0,0.0,445.0
2006-07-04 07:00:00,0.0,0.0,63.59,51.85,36.04,48.01299999999999,98.46700000000001,0.0,0.0,0.0,0.0,440.0
2006-07-04 08:00:00,0.0,0.0,65.41,53.26,37.92,62.312,90.0,0.0,0.7219999999999942,0.0,0.0,435.0
2006-07-04 09:00:00,0.0,0.0,66.92,54.31,38.59,74.733,90.0,0.0,9.912999999999982,0.0,0.0,430.0
2006-07-04 10:00:00,0.0,0.0,66.47,55.31,39.11,82.75000000000001,90.0,0.0,16.86,0.0,0.0,425.0
2006-07-04 11:00:00,0.0,0.0,65.41,54.36,39.28,85.525,90.0,0.0,21.474999999999994,0.0,0.0,420.0
2006-07-04 12:00:00,0.0,0.0,64.1,53.63,38.7,83.167,90.0,0.0,21.73700000000001,0.0,0.0,415.0
2006-07-04 13:00:00,0.0,0.0,63.14,52.36,38.04,77.032,90.0,0.0,18.49199999999999,0.0,0.0,410.0
2006-07-04 14:00:00,0.0,0.0,62.04,51.12,37.75,68.435,90.0,0.0,12.525,0.0,0.0,405.0
2006-07-04 15:00:00,0.0,0.0,61.74,50.44,38.64,58.342999999999996,90.0,0.0,2.522999999999982,0.0,0.0,400.0
2006-07-04 16:00:00,0.0,0.0,61.39,50.97,39.38,46.522999999999996,90.0,10.217000000000025,0.0,0.0,0.0,395.0
2006-07-04 17:00:00,0.0,0.0,60.53,51.11,38.99,33.936,111.69399999999999,0.0,0.0,0.0,0.0,390.0
2006-07-04 18:00:00,0.0,0.0,58.21,49.12,38.0,21.534000000000002,90.0,28.796000000000006,0.0,0.0,0.0,385.0
2006-07-04 19:00:00,0.0,0.0,56.12,48.08,36.61,9.855,90.0,35.954999999999984,0.0,0.0,0.0,380.0
2006-07-04 20:00:00,0.0,0.0,54.35,50.77,35.4,8.558,126.962,0.0,0.0,0.0,0.0,375.0
2006-07-04 21:00:00,0.0,0.0,50.56,51.82,33.76,9.914,110.0,11.225999999999999,0.0,0.0,0.0,370.0
2006-07-04 22:00:00,0.0,0.0,47.57,47.79,30.18,11.797,90.0,18.742999999999995,0.0,0.0,0.0,365.0
2006-07-04 23:00:00,0.0,0.0,45.75,44.58,26.42,12.037,90.0,9.713000000000022,0.0,0.0,0.0,360.0
2006-07-05 00:00:00,0.0,0.0,47.74,40.04,26.16,10.852,90.0,8.087999999999997,0.0,0.0,0.0,355.0
2006-07-05 01:00:00,0.0,0.0,47.66,37.73,24.32,9.272,95.438,0.0,0.0,0.0,0.0,350.0
2006-07-05 02:00:00,0.0,0.0,48.3,36.96,23.44,7.618,90.0,6.082000000000008,0.0,0.0,0.0,345.0
2006-07-05 03:00:00,0.0,0.0,50.24,37.86,22.98,6.837,99.24300000000002,0.0,0.0,0.0,0.0,340.0
2006-07-05 04:00:00,0.0,0.0,56.1,39.85,23.49,9.646,104.79400000000001,0.0,0.0,0.0,0.0,335.0
2006-07-05 05:00:00,0.0,0.0,61.44,43.3,27.93,17.341,110.0,0.32900000000000773,0.0,0.0,0.0,330.0
2006-07-05 06:00:00,0.0,0.0,64.8,46.58,33.39,28.863,90.0,20.906999999999996,0.0,0.0,0.0,325.0
2006-07-05 07:00:00,0.0,0.0,66.51,49.03,37.18,40.711,107.00900000000003,0.0,0.0,0.0,0.0,320.0
2006-07-05 08:00:00,0.0,0.0,68.33,50.44,39.06,51.103,90.0,11.727000000000004,0.0,0.0,0.0,315.0
2006-07-05 09:00:00,0.0,0.0,69.84,51.49,39.72,59.26,96.79000000000002,0.0,0.0,0.0,0.0,310.0
2006-07-05 10:00:00,0.0,0.0,69.39,52.49,40.25,63.22500000000001,93.905,0.0,0.0,0.0,0.0,305.0
2006-07-05 11:00:00,0.0,0.0,68.33,51.53,40.42,64.03399999999999,91.24600000000001,0.0,0.0,0.0,0.0,300.0
2006-07-05 12:00:00,0.0,0.0,67.02,50.8,39.84,61.714000000000006,90.0,0.9459999999999962,0.0,0.0,0.0,295.0
2006-07-05 13:00:00,0.0,0.0,66.06,49.54,39.18,57.00600000000001,90.0,2.774000000000001,0.0,0.0,0.0,290.0
2006-07-05 14:00:00,0.0,0.0,64.96,48.3,38.88,52.378,90.0,4.761999999999986,0.0,0.0,0.0,285.0
2006-07-05 15:00:00,0.0,0.0,64.66,47.61,39.78,46.61,90.0,10.439999999999998,0.0,0.0,0.0,280.0
2006-07-05 16:00:00,0.0,0.0,64.31,48.15,40.51,38.808,109.16199999999999,0.0,0.0,0.0,0.0,275.0
2006-07-05 17:00:00,0.0,0.0,63.44,48.28,40.12,30.134,110.0,6.7060000000000075,0.0,0.0,0.0,270.0
2006-07-05 18:00:00,0.0,0.0,61.13,46.3,39.13,21.437,120.12299999999998,0.0,0.0,0.0,0.0,265.0
2006-07-05 19:00:00,0.0,0.0,59.04,45.26,37.75,14.498,122.55199999999999,0.0,0.0,0.0,0.0,260.0
2006-07-05 20:00:00,0.0,0.0,57.27,47.95,36.54,13.063,113.71953750000007,9.977462499999938,0.0,0.0,0.0,255.0
2006-07-05 21:00:00,0.0,0.0,53.48,49.0,34.9,14.08,110.0,8.299999999999997,0.0,0.0,0.0,250.0
2006-07-05 22:00:00,0.0,0.0,50.49,44.97,31.32,14.216999999999999,90.0,17.563000000000017,0.0,0.0,0.0,245.0
2006-07-05 23:00:00,0.0,0.0,48.67,41.76,27.55,13.051,99.929,0.0,0.0,0.0,0.0,240.0
2006-07-06 00:00:00,0.0,0.0,45.02,40.04,26.16,11.527999999999999,94.69200000000001,0.0,0.0,0.0,0.0,235.0
2006-07-06 01:00:00,0.0,0.0,44.94,37.73,24.32,10.435,90.0,1.5550000000000068,0.0,0.0,0.0,230.0
2006-07-06 02:00:00,0.0,0.0,45.59,36.96,23.44,9.378,91.61200000000001,0.0,0.0,0.0,0.0,225.0
2006-07-06 03:00:00,0.0,0.0,47.53,37.86,22.98,8.789000000000001,94.58100000000002,0.0,0.0,0.0,0.0,220.0
2006-07-06 04:00:00,0.0,0.0,53.39,39.85,23.49,10.687,90.0,11.042999999999997,0.0,0.0,0.0,215.0
2006-07-06 05:00:00,0.0,0.0,58.72,43.3,27.93,16.86,90.0,18.089999999999975,0.0,0.0,0.0,210.0
2006-07-06 06:00:00,0.0,0.0,62.09,46.58,33.39,27.702,90.0,19.35799999999999,0.0,0.0,0.0,205.0
2006-07-06 07:00:00,0.0,0.0,63.79,49.03,37.18,38.687,106.31299999999999,0.0,0.0,0.0,0.0,200.0
2006-07-06 08:00:00,0.0,0.0,65.61,50.44,39.06,48.126000000000005,101.98400000000001,0.0,0.0,0.0,0.0,195.0
2006-07-06 09:00:00,0.0,0.0,67.12,51.49,39.72,56.089,90.0,7.241000000000014,0.0,0.0,0.0,190.0
2006-07-06 10:00:00,0.0,0.0,66.68,52.49,40.25,61.997,92.42300000000003,0.0,0.0,0.0,0.0,185.0
2006-07-06 11:00:00,0.0,0.0,65.61,51.53,40.42,66.004,90.0,0.0,3.4439999999999684,0.0,0.0,180.0
2006-07-06 12:00:00,0.0,0.0,64.3,50.8,39.84,68.333,90.0,0.0,8.393000000000002,0.0,0.0,175.0
2006-07-06 13:00:00,0.0,0.0,63.34,49.54,39.18,68.129,90.0,0.0,11.068999999999976,0.0,0.0,170.0
2006-07-06 14:00:00,0.0,0.0,62.24,48.3,38.88,65.184,90.0,0.0,10.763999999999996,0.0,0.0,165.0
2006-07-06 15:00:00,0.0,0.0,61.94,47.61,39.78,59.845,90.0,0.0,5.515000000000017,0.0,0.0,160.0
2006-07-06 16:00:00,0.0,0.0,61.6,48.15,40.51,52.169,90.0,3.090999999999994,0.0,0.0,0.0,155.0
2006-07-06 17:00:00,0.0,0.0,60.73,48.28,40.12,43.551,100.57900000000002,0.0,0.0,0.0,0.0,150.0
2006-07-06 18:00:00,0.0,0.0,58.41,46.3,39.13,35.022999999999996,90.0,13.817000000000005,0.0,0.0,0.0,145.0
2006-07-06 19:00:00,0.0,0.0,56.32,45.26,37.75,26.588,107.742,0.0,0.0,0.0,0.0,140.0
2006-07-06 20:00:00,0.0,0.0,54.55,47.95,36.54,21.122,90.0,22.918,0.0,0.0,0.0,135.0
2006-07-06 21:00:00,0.0,0.0,50.77,49.0,34.9,22.733,106.93700000000001,0.0,0.0,0.0,0.0,130.0
2006-07-06 22:00:00,0.0,0.0,47.78,44.97,31.32,24.714,94.356,0.0,0.0,0.0,0.0,125.0
2006-07-06 23:00:00,0.0,0.0,45.95,41.76,27.55,22.837999999999997,90.0,0.0,2.5779999999999994,0.0,0.0,120.0
2006-07-07 00:00:00,0.0,0.0,42.96,39.3,25.78,19.229999999999997,90.0,0.0,6.189999999999989,0.0,0.0,115.0
2006-07-07 01:00:00,0.0,0.0,42.88,37.0,23.94,16.659999999999997,90.0,0.0,7.839999999999989,0.0,0.0,110.0
2006-07-07 02:00:00,0.0,0.0,43.52,36.23,23.05,15.878000000000004,90.0,0.0,8.078000000000003,0.0,0.0,105.0
2006-07-07 03:00:00,0.0,0.0,45.46,37.13,22.6,16.052,90.0,0.0,5.861999999999995,0.0,0.0,100.0
2006-07-07 04:00:00,0.0,0.0,51.32,39.12,23.1,17.364,91.17599999999999,0.0,0.0,0.0,0.0,95.0
2006-07-07 05:00:00,0.0,0.0,56.66,42.57,27.55,24.772,90.0,7.00800000000001,0.0,0.0,0.0,90.0
2006-07-07 06:00:00,0.0,0.0,60.02,45.85,33.01,36.241,97.639,0.0,0.0,0.0,0.0,85.0
2006-07-07 07:00:00,0.0,0.0,61.73,48.3,36.8,45.952,90.0,5.878000000000014,0.0,0.0,0.0,80.0
2006-07-07 08:00:00,0.0,0.0,63.55,49.71,38.68,53.26899999999999,93.671,0.0,0.0,0.0,0.0,75.0
2006-07-07 09:00:00,0.0,0.0,65.06,50.76,39.34,59.725,90.0,0.4350000000000023,0.0,0.0,0.0,70.0
2006-07-07 10:00:00,0.0,0.0,64.61,51.76,39.87,64.818,90.0,0.0,3.5779999999999745,0.0,0.0,65.0
2006-07-07 11:00:00,0.0,0.0,63.55,50.8,40.04,67.74900000000001,90.0,0.0,8.35900000000001,0.0,0.0,60.0
2006-07-07 12:00:00,0.0,0.0,62.23,50.07,39.46,68.384,90.0,0.0,11.623999999999981,0.0,0.0,55.0
2006-07-07 13:00:00,0.0,0.0,61.28,48.81,38.8,67.81899999999999,90.0,0.0,13.928999999999988,0.0,0.0,50.0
2006-07-07 14:00:00,0.0,0.0,60.18,47.56,38.5,65.231,90.0,0.0,13.990999999999985,0.0,0.0,45.0
2006-07-07 15:00:00,0.0,0.0,59.88,46.88,39.4,61.624,90.0,0.0,10.464000000000002,0.0,0.0,40.0
2006-07-07 16:00:00,0.0,0.0,59.53,47.42,40.13,55.173,90.0,0.0,3.092999999999992,0.0,0.0,35.0
2006-07-07 17:00:00,0.0,0.0,58.66,47.55,39.74,45.521,90.0,5.428999999999988,0.0,0.0,0.0,30.0
2006-07-07 18:00:00,0.0,0.0,56.35,45.57,38.75,33.359,90.0,12.311000000000003,0.0,0.0,0.0,25.0
2006-07-07 19:00:00,0.0,0.0,54.26,44.52,37.37,21.594,90.0,19.556000000000026,0.0,0.0,0.0,20.0
2006-07-07 20:00:00,0.0,0.0,52.49,47.21,36.16,16.148,110.0,4.7120000000000175,0.0,0.0,0.0,15.0
2006-07-07 21:00:00,0.0,0.0,48.7,48.27,34.52,15.655000000000001,90.20763500000017,20.62736499999984,0.0,0.0,0.0,10.0
2006-07-07 22:00:00,0.0,0.0,45.71,44.24,30.94,15.580000000000002,90.0,10.310000000000016,0.0,0.0,0.0,5.0
2006-07-07 23:00:00,0.0,0.0,43.89,41.03,27.17,14.323999999999998,92.766,0.0,0.0,0.0,0.0,0.0
2006-07-08 00:00:00,0.0,0.0,34.77,34.21,24.75,13.708,90.0,0.0,0.0,13.311333333333323,0.0,4.584159999999992
2006-07-08 01:00:00,0.0,0.0,34.69,31.9,22.92,13.606,90.0,0.0,0.0,19.095999999999997,0.0,13.33327999999999
2006-07-08 02:00:00,0.0,0.0,35.34,31.13,22.03,13.853,90.0,0.0,0.0,20.352999999999987,0.0,22.987439999999978
2006-07-08 03:00:00,0.0,0.0,37.28,32.03,21.58,13.765,90.0,0.0,0.0,17.875000000000007,0.0,30.857439999999983
2006-07-08 04:00:00,0.0,0.0,43.14,34.02,22.08,15.501000000000001,90.0,0.0,0.0,9.59433333333332,0.0,32.76535999999997
2006-07-08 05:00:00,0.0,0.0,48.47,37.47,26.52,24.921,90.0,0.0,0.0,7.461000000000016,0.0,33.13727999999998
2006-07-08 06:00:00,0.0,0.0,51.84,40.75,31.98,39.022,90.0,0.0,0.0,7.785333333333316,0.0,33.74271999999997
2006-07-08 07:00:00,0.0,0.0,53.54,43.2,35.77,57.22200000000001,90.0,0.0,0.0,19.711999999999993,0.0,42.93535999999996
2006-07-08 08:00:00,0.0,0.0,55.36,44.61,37.65,71.226,90.0,0.0,0.0,26.93933333333333,0.0,57.331679999999956
2006-07-08 09:00:00,0.0,0.0,56.87,45.66,38.32,81.835,90.0,0.0,0.9850000000000136,30.0,0.0,73.93167999999996
2006-07-08 10:00:00,0.0,0.0,56.43,46.66,38.84,88.59100000000001,90.0,0.0,6.661000000000001,30.0,0.0,90.53167999999995
2006-07-08 11:00:00,0.0,0.0,55.36,45.71,39.01,92.68900000000001,90.0,0.0,12.608999999999995,30.0,0.0,107.13167999999995
2006-07-08 12:00:00,0.0,0.0,54.05,44.97,38.43,92.14499999999998,90.0,0.0,14.694999999999993,30.0,0.0,123.73167999999994
2006-07-08 13:00:00,0.0,0.0,53.09,43.71,37.77,87.256,90.0,0.0,12.68599999999996,30.0,0.0,140.33167999999995
2006-07-08 14:00:00,0.0,0.0,51.99,42.47,37.48,77.251,90.0,0.0,5.311000000000007,30.0,0.0,156.93167999999994
2006-07-08 15:00:00,0.0,0.0,51.69,41.78,38.37,66.625,90.0,0.0,0.0,28.11833333333332,0.0,172.17687999999993
2006-07-08 16:00:00,0.0,0.0,51.35,42.32,39.11,55.089000000000006,90.0,1.8549149999999441,0.0,14.930179786857265,0.0,177.92660944653716
2006-07-08 17:00:00,0.0,0.0,50.48,42.45,38.72,45.239,90.0,0.0,0.0,6.922333333333359,0.0,177.91068944653716
2006-07-08 18:00:00,0.0,0.0,48.16,40.47,37.73,36.87700000000001,90.0,0.0,0.0,5.516999999999996,0.0,176.88292944653716
2006-07-08 19:00:00,0.0,0.0,46.07,39.43,36.34,31.073,90.0,25.767000000000024,0.0,30.0,0.0,193.48292944653716
2006-07-08 20:00:00,0.0,0.0,44.31,42.12,35.13,30.665000000000006,90.0,0.0,0.0,4.104999999999997,0.0,191.43852944653716
2006-07-08 21:00:00,0.0,0.0,40.52,43.17,33.49,34.230999999999995,90.0,13.529085833333326,0.0,25.580085833333328,0.0,204.85619124653715
2006-07-08 22:00:00,0.0,0.0,37.53,39.14,29.91,36.613,90.0,6.633666666666684,0.0,30.0,0.0,221.45619124653714
2006-07-08 23:00:00,0.0,0.0,35.7,35.93,26.15,36.812999999999995,90.0,0.0,0.0,30.0,0.0,238.05619124653714
2006-07-09 00:00:00,0.0,0.0,31.0,31.88,22.74,38.053999999999995,90.0,0.0,12.434000000000001,30.0,0.0,254.65619124653713
2006-07-09 01:00:00,0.0,0.0,30.91,29.57,20.91,39.17300000000001,90.0,0.0,17.783000000000015,30.0,0.0,271.2561912465371
2006-07-09 02:00:00,0.0,0.0,31.56,28.8,20.02,40.178,90.0,0.0,19.798000000000002,30.0,0.0,287.85619124653715
2006-07-09 03:00:00,0.0,0.0,33.5,29.7,19.57,39.513,90.0,0.0,16.742999999999995,30.0,0.0,304.4561912465372
2006-07-09 04:00:00,0.0,0.0,39.36,31.69,20.07,39.288999999999994,90.0,0.0,8.16899999999999,30.0,0.0,321.0561912465372
2006-07-09 05:00:00,0.0,0.0,44.69,35.14,24.51,45.054,90.0,0.0,0.7139999999999986,30.0,0.0,337.6561912465372
2006-07-09 06:00:00,0.0,0.0,48.06,38.42,29.97,53.291000000000004,90.0,3.159000000000006,0.0,30.0,0.0,354.25619124653724
2006-07-09 07:00:00,0.0,0.0,49.76,40.87,33.77,65.77799999999999,90.0,0.0,1.377999999999986,30.0,0.0,370.85619124653726
2006-07-09 08:00:00,0.0,0.0,51.58,42.28,35.65,77.36999999999999,90.0,0.0,7.859999999999985,30.0,0.0,387.4561912465373
2006-07-09 09:00:00,0.0,0.0,53.1,43.33,36.31,86.532,82.54075069252087,0.0,6.332750692520865,30.0,0.0,404.0561912465373
2006-07-09 10:00:00,0.0,0.0,52.65,44.33,36.83,94.83999999999999,90.0,0.0,21.03,30.0,0.0,420.65619124653733
2006-07-09 11:00:00,0.0,0.0,51.58,43.37,37.0,101.52799999999999,90.0,0.0,29.578000000000003,30.0,0.0,437.25619124653736
2006-07-09 12:00:00,0.0,0.0,50.27,42.64,36.42,105.09400000000001,90.0,0.0,35.763999999999996,30.0,0.0,453.8561912465374
2006-07-09 13:00:00,0.0,0.0,49.32,41.38,35.76,106.10399999999998,90.0,0.0,39.644000000000005,30.0,0.0,470.4561912465374
2006-07-09 14:00:00,0.0,0.0,48.22,40.14,35.47,102.75199999999998,90.0,0.0,38.92199999999999,30.0,0.0,487.0561912465374
2006-07-09 15:00:00,0.0,0.0,47.92,39.45,36.36,96.943,90.0,0.0,33.21299999999998,30.0,0.0,503.65619124653745
2006-07-09 16:00:00,0.0,0.0,47.57,39.99,37.1,86.481,90.0,0.0,21.82099999999999,30.0,0.0,520.2561912465375
2006-07-09 17:00:00,0.0,0.0,46.7,40.12,36.71,71.636,90.0,0.0,8.105999999999995,30.0,0.0,536.8561912465375
2006-07-09 18:00:00,0.0,0.0,44.38,38.14,35.72,55.68200000000001,90.0,0.0,0.0,30.0,0.0,553.4561912465375
2006-07-09 19:00:00,0.0,0.0,42.29,37.1,34.33,42.533,90.0,0.0,0.0,23.812999999999995,0.0,565.6015512465375
2006-07-09 20:00:00,0.0,0.0,40.53,39.79,33.12,34.091,90.0,0.0,0.0,13.984333333333336,0.0,570.6702712465375
2006-07-09 21:00:00,0.0,0.0,36.74,40.84,31.49,30.459999999999997,90.0,0.0,0.0,16.390000000000004,0.0,577.4710712465375
2006-07-09 22:00:00,0.0,0.0,33.75,36.81,27.91,27.496,90.0,0.0,0.0,24.02600000000001,0.0,589.7697912465375
2006-07-09 23:00:00,0.0,0.0,31.92,33.6,24.14,23.805,90.0,0.0,0.0,29.14499999999999,0.0,605.7541912465374
2006-07-10 00:00:00,0.0,0.0,42.57,39.44,24.69,20.537,90.0,0.0,0.0,8.837000000000003,0.0,607.1168312465375
2006-07-10 01:00:00,0.0,0.0,42.49,37.14,22.85,18.269000000000002,90.0,0.0,0.0,10.78899999999999,0.0,609.8849112465374
2006-07-10 02:00:00,0.0,0.0,43.13,36.37,21.97,15.924000000000001,90.0,0.0,0.0,9.45399999999999,0.0,611.6917912465374
2006-07-10 03:00:00,0.0,0.0,45.07,37.26,21.52,13.953,90.0,0.0,0.0,3.4363333333333514,0.0,609.1659512465374
2006-07-10 04:00:00,0.0,0.0,50.93,39.26,22.02,16.930000000000003,90.0,0.27999999999999226,0.0,0.0,0.0,604.1659512465374
2006-07-10 05:00:00,0.0,0.0,56.27,42.71,26.46,26.751,90.0,3.689000000000016,0.0,0.0,0.0,599.1659512465374
2006-07-10 06:00:00,0.0,0.0,59.63,45.98,31.92,41.105999999999995,90.0,1.4240000000000004,0.0,0.0,0.0,594.1659512465374
2006-07-10 07:00:00,0.0,0.0,61.34,48.43,35.71,54.092,90.0,0.0,0.0,1.9453333333333198,0.0,590.5665912465373
2006-07-10 08:00:00,0.0,0.0,63.16,49.85,37.59,66.307,90.0,0.0,0.0,10.706999999999987,0.0,593.2756312465373
2006-07-10 09:00:00,0.0,0.0,64.67,50.9,38.25,76.21600000000001,90.0,0.0,0.0,17.396000000000008,0.0,600.8007512465373
2006-07-10 10:00:00,0.0,0.0,64.22,51.89,38.78,85.519,90.0,0.0,0.0,25.62900000000003,0.0,614.2536312465373
2006-07-10 11:00:00,0.0,0.0,63.16,50.94,38.95,90.768,90.0,0.0,1.5102899353647103,30.0,0.0,630.8536312465374
2006-07-10 12:00:00,0.0,0.0,61.85,50.21,38.37,90.82100000000001,90.0,0.0,3.7243333333333366,30.0,0.0,647.4536312465374
2006-07-10 13:00:00,0.0,0.0,60.89,48.94,37.71,87.29599999999999,90.0,0.0,0.0,30.0,0.0,664.0536312465374
2006-07-10 14:00:00,0.0,0.0,59.79,47.7,37.41,80.641,90.0,0.0,0.7410000000000236,30.0,0.0,680.6536312465374
2006-07-10 15:00:00,0.0,0.0,59.49,47.02,38.31,70.35000000000001,90.0,0.0,0.0,20.53,0.0,690.4352312465375
2006-07-10 16:00:00,0.0,0.0,59.14,47.56,39.04,57.79999999999999,90.0,0.0,0.0,7.0599999999999845,0.0,690.5184312465375
2006-07-10 17:00:00,0.0,0.0,58.27,47.69,38.65,44.92,90.0,4.690000000000026,0.0,0.0,0.0,685.5184312465375
2006-07-10 18:00:00,0.0,0.0,55.96,45.71,37.66,33.181000000000004,90.0,11.149000000000001,0.0,0.0,0.0,680.5184312465375
2006-07-10 19:00:00,0.0,0.0,53.87,44.66,36.28,23.222999999999995,90.0,16.586999999999996,0.0,0.0,0.0,675.5184312465375
2006-07-10 20:00:00,0.0,0.0,52.1,47.35,35.07,20.119,90.0,19.400999999999996,0.0,0.0,0.0,670.5184312465375
2006-07-10 21:00:00,0.0,0.0,48.31,48.4,33.43,20.721000000000004,90.0,14.419000000000025,0.0,0.0,0.0,665.5184312465375
2006-07-10 22:00:00,0.0,0.0,45.32,44.37,29.85,22.59,90.0,1.9500000000000028,0.0,0.0,0.0,660.5184312465375
2006-07-10 23:00:00,0.0,0.0,43.5,41.17,26.08,24.203000000000003,90.0,0.0,0.0,8.453000000000003,0.0,661.6045912465374
2006-07-11 00:00:00,0.0,0.0,45.98,41.09,25.53,24.761000000000003,90.0,0.0,0.0,5.49433333333333,0.0,660.5605112465374
2006-07-11 01:00:00,0.0,0.0,45.9,38.78,23.7,25.306,90.0,0.0,0.0,10.259333333333323,0.0,662.9472312465374
2006-07-11 02:00:00,0.0,0.0,46.55,38.02,22.81,26.326999999999998,90.0,0.0,13.946999999999992,0.0,0.0,657.9472312465374
2006-07-11 03:00:00,0.0,0.0,48.49,38.91,22.36,29.505,90.0,0.0,0.0,13.078333333333337,0.0,662.3636312465374
2006-07-11 04:00:00,0.0,0.0,54.35,40.9,22.86,30.787999999999997,90.0,0.0,0.0,7.677999999999994,0.0,662.8917912465373
2006-07-11 05:00:00,0.0,0.0,59.68,44.35,27.3,39.46,90.0,0.0,0.0,3.129999999999999,0.0,660.1453912465373
2006-07-11 06:00:00,0.0,0.0,63.05,47.63,32.76,49.30799999999999,90.0,0.0,0.0,0.8680000000000057,0.0,655.7703512465373
2006-07-11 07:00:00,0.0,0.0,64.75,50.08,36.55,61.812,90.0,0.0,0.0,2.0986666666666665,0.0,652.2813912465373
2006-07-11 08:00:00,0.0,0.0,66.57,51.49,38.43,72.281,90.0,0.0,0.0,10.791000000000004,0.0,655.0509112465373
2006-07-11 09:00:00,0.0,0.0,68.09,52.54,39.1,79.796,90.0,0.0,0.0,13.399333333333345,0.0,659.6984312465373
2006-07-11 10:00:00,0.0,0.0,67.64,53.54,39.62,85.14699999999999,90.0,0.0,0.0,17.680333333333323,0.0,667.4282712465373
2006-07-11 11:00:00,0.0,0.0,66.57,52.59,39.79,87.60100000000001,90.0,0.0,0.0,20.317666666666668,0.0,677.0569912465373
2006-07-11 12:00:00,0.0,0.0,65.26,51.86,39.21,87.339,90.0,0.0,0.0,26.008999999999983,0.0,690.7834712465374
2006-07-11 13:00:00,0.0,0.0,64.31,50.59,38.55,85.28500000000001,90.0,0.0,0.0,25.16833333333336,0.0,703.9046712465374
2006-07-11 14:00:00,0.0,0.0,63.2,49.35,38.26,81.088,90.0,0.0,20.0,5.277999999999992,0.0,702.7048312465374
2006-07-11 15:00:00,0.0,0.0,62.9,48.67,39.15,74.08500000000001,90.0,0.0,0.0,16.69833333333335,0.0,709.7276312465374
2006-07-11 16:00:00,0.0,0.0,62.56,49.2,39.89,64.114,90.0,0.0,0.0,7.463999999999977,0.0,710.1017112465373
2006-07-11 17:00:00,0.0,0.0,61.69,49.34,39.5,53.356,90.0,2.1740000000000066,0.0,0.0,0.0,705.1017112465373
2006-07-11 18:00:00,0.0,0.0,59.37,47.35,38.51,40.605000000000004,90.0,9.625,0.0,0.0,0.0,700.1017112465373
2006-07-11 19:00:00,0.0,0.0,57.28,46.31,37.12,28.241,90.0,17.469000000000012,0.0,0.0,0.0,695.1017112465373
2006-07-11 20:00:00,0.0,0.0,55.52,49.0,35.91,25.61,90.0,19.820000000000007,0.0,0.0,0.0,690.1017112465373
2006-07-11 21:00:00,0.0,0.0,51.73,50.05,34.27,29.144999999999996,90.0,11.905000000000001,0.0,0.0,0.0,685.1017112465373
2006-07-11 22:00:00,0.0,0.0,48.74,46.02,30.69,30.879,90.0,0.0,0.0,0.4289999999999914,0.0,680.4105912465374
2006-07-11 23:00:00,0.0,0.0,46.91,42.81,26.93,28.952999999999996,90.0,0.0,0.0,3.9696666666666616,0.0,678.2687512465374
2006-07-12 00:00:00,0.0,0.0,44.79,40.82,26.46,27.041,90.0,0.0,0.0,9.970999999999982,0.0,680.4478712465374
2006-07-12 01:00:00,0.0,0.0,44.71,38.52,24.63,26.308999999999997,90.0,0.0,0.0,13.44899999999998,0.0,685.1311512465373
2006-07-12 02:00:00,0.0,0.0,45.36,37.75,23.74,26.009,90.0,0.0,0.0,14.159000000000006,0.0,690.3256312465373
2006-07-12 03:00:00,0.0,0.0,47.3,38.65,23.29,25.044,90.0,0.0,0.0,9.137333333333338,0.0,691.9045112465374
2006-07-12 04:00:00,0.0,0.0,53.16,40.64,23.79,26.047999999999995,90.0,0.0,0.0,3.4580000000000055,0.0,689.3942712465374
2006-07-12 05:00:00,0.0,0.0,58.49,44.09,28.24,35.138,90.0,0.6820000000000066,0.0,0.0,0.0,684.3942712465374
2006-07-12 06:00:00,0.0,0.0,61.86,47.37,33.7,47.341,90.0,0.5890000000000033,0.0,0.0,0.0,679.3942712465374
2006-07-12 07:00:00,0.0,0.0,63.56,49.82,37.49,59.43999999999999,90.0,0.0,0.0,3.570000000000004,0.0,676.9646712465374
2006-07-12 08:00:00,0.0,0.0,65.38,51.23,39.37,69.997,90.0,0.0,0.0,7.350333333333328,0.0,677.2569112465374
2006-07-12 09:00:00,0.0,0.0,66.9,52.28,40.03,77.918,90.0,0.0,12.041333333333313,0.0,0.0,672.2569112465374
2006-07-12 10:00:00,0.0,0.0,66.45,53.28,40.56,83.044,90.0,0.0,9.21524192059106,6.87209141274225,0.0,672.2048170637117
2006-07-12 11:00:00,0.0,0.0,65.38,52.32,40.73,85.175,90.0,0.0,0.0,21.745000000000015,0.0,682.8612170637117
2006-07-12 12:00:00,0.0,0.0,64.07,51.59,40.14,83.92399999999999,90.0,0.0,19.790666666666667,0.0,0.0,677.8612170637117
2006-07-12 13:00:00,0.0,0.0,63.12,50.33,39.48,79.59,90.0,0.0,0.0,19.993333333333347,0.0,687.2564170637118
2006-07-12 14:00:00,0.0,0.0,62.02,49.09,39.19,72.944,90.0,0.0,0.0,15.97733333333331,0.0,693.7600970637118
2006-07-12 15:00:00,0.0,0.0,61.72,48.4,40.08,64.82,90.0,0.0,0.3455789473685244,5.941087719298153,0.0,693.0376802216065
2006-07-12 16:00:00,0.0,0.0,61.37,48.94,40.82,56.476,90.0,0.0,0.0,0.34599999999999653,0.0,688.2868002216064
2006-07-12 17:00:00,0.0,0.0,60.5,49.07,40.43,47.19199999999999,90.0,7.808000000000007,0.0,0.0,0.0,683.2868002216064
2006-07-12 18:00:00,0.0,0.0,58.18,47.09,39.44,36.26500000000001,90.0,13.445000000000007,0.0,0.0,0.0,678.2868002216064
2006-07-12 19:00:00,0.0,0.0,56.09,46.05,38.06,26.047,90.0,19.15299999999999,0.0,0.0,0.0,673.2868002216064
2006-07-12 20:00:00,0.0,0.0,54.33,48.74,36.85,19.884999999999998,90.0,25.03500000000002,0.0,0.0,0.0,668.2868002216064
2006-07-12 21:00:00,0.0,0.0,50.54,49.79,35.21,17.641,90.0,22.899000000000015,0.0,0.0,0.0,663.2868002216064
2006-07-12 22:00:00,0.0,0.0,47.55,45.76,31.63,16.705,90.0,13.235000000000014,0.0,0.0,0.0,658.2868002216064
2006-07-12 23:00:00,0.0,0.0,45.72,42.55,27.86,14.739999999999998,90.0,6.390000000000009,0.0,0.0,0.0,653.2868002216064
2006-07-13 00:00:00,0.0,0.0,45.6,41.07,26.95,13.558,90.0,5.061999999999998,0.0,0.0,0.0,648.2868002216064
2006-07-13 01:00:00,0.0,0.0,45.52,38.77,25.12,13.057,90.0,1.353000000000013,0.0,0.0,0.0,643.2868002216064
2006-07-13 02:00:00,0.0,0.0,46.17,38.0,24.23,12.279,90.0,1.1210000000000093,0.0,0.0,0.0,638.2868002216064
2006-07-13 03:00:00,0.0,0.0,48.11,38.89,23.78,12.215999999999998,90.0,3.564000000000007,0.0,0.0,0.0,633.2868002216064
2006-07-13 04:00:00,0.0,0.0,53.97,40.89,24.28,14.161000000000001,90.0,9.979000000000013,0.0,0.0,0.0,628.2868002216064
2006-07-13 05:00:00,0.0,0.0,59.3,44.34,28.72,21.999999999999996,90.0,15.360000000000028,0.0,0.0,0.0,623.2868002216064
2006-07-13 06:00:00,0.0,0.0,62.67,47.61,34.18,35.092999999999996,90.0,14.367000000000004,0.0,0.0,0.0,618.2868002216064
2006-07-13 07:00:00,0.0,0.0,64.37,50.06,37.97,51.00000000000001,90.0,6.400000000000034,0.0,0.0,0.0,613.2868002216064
2006-07-13 08:00:00,0.0,0.0,66.19,51.48,39.85,62.012,90.0,0.5079999999999956,0.0,0.0,0.0,608.2868002216064
2006-07-13 09:00:00,0.0,0.0,67.7,52.53,40.52,69.156,90.0,0.0,0.0,3.405999999999974,0.0,605.7391202216064
2006-07-13 10:00:00,0.0,0.0,67.26,53.52,41.04,72.398,90.0,0.0,2.24466666666666,0.0,0.0,600.7391202216064
2006-07-13 11:00:00,0.0,0.0,66.19,52.57,41.21,72.849,90.0,0.0,0.0,7.878999999999994,0.0,601.4120002216064
2006-07-13 12:00:00,0.0,0.0,64.88,51.84,40.63,72.863,90.0,0.0,0.0,8.846333333333355,0.0,602.7813602216064
2006-07-13 13:00:00,0.0,0.0,63.92,50.57,39.97,71.62299999999999,90.0,0.0,0.0,12.162999999999986,0.0,606.5387202216064
2006-07-13 14:00:00,0.0,0.0,62.82,49.33,39.68,69.412,90.0,0.0,0.0,9.248666666666676,0.0,608.1977602216064
2006-07-13 15:00:00,0.0,0.0,62.52,48.65,40.57,65.70299999999999,90.0,0.0,0.0,8.962999999999997,0.0,609.6511202216063
2006-07-13 16:00:00,0.0,0.0,62.18,49.19,41.31,62.230999999999995,90.0,0.0,0.0,4.550999999999998,0.0,607.9278402216063
2006-07-13 17:00:00,0.0,0.0,61.31,49.32,40.92,56.519999999999996,90.0,0.030000000000005578,0.0,0.0,0.0,602.9278402216063
2006-07-13 18:00:00,0.0,0.0,58.99,47.34,39.93,47.01,90.0,4.250000000000019,0.0,0.0,0.0,597.9278402216063
2006-07-13 19:00:00,0.0,0.0,56.9,46.29,38.54,36.573,90.0,10.156999999999996,0.0,0.0,0.0,592.9278402216063
2006-07-13 20:00:00,0.0,0.0,55.14,48.98,37.33,32.266000000000005,90.0,14.183999999999997,0.0,0.0,0.0,587.9278402216063
2006-07-13 21:00:00,0.0,0.0,51.35,50.03,35.69,34.425000000000004,90.0,7.644999999999996,0.0,0.0,0.0,582.9278402216063
2006-07-13 22:00:00,0.0,0.0,48.36,46.0,32.11,33.393,90.0,0.0,1.9230000000000018,0.0,0.0,577.9278402216063
2006-07-13 23:00:00,0.0,0.0,46.53,42.8,28.35,32.284,90.0,0.0,0.0,7.937333333333342,0.0,578.6427202216063
2006-07-14 00:00:00,0.0,0.0,42.96,40.19,26.28,31.424,90.0,0.0,6.738772853185803,8.588560480147528,0.0,579.8264837673125
2006-07-14 01:00:00,0.0,0.0,42.88,37.89,24.45,31.236,90.0,0.0,21.01599999999999,0.0,0.0,574.8264837673125
2006-07-14 02:00:00,0.0,0.0,43.52,37.12,23.56,31.284,90.0,0.0,0.0,22.083999999999982,0.0,585.7269637673126
2006-07-14 03:00:00,0.0,0.0,45.46,38.01,23.11,32.098,90.0,0.0,0.0,18.851333333333326,0.0,594.2999237673125
2006-07-14 04:00:00,0.0,0.0,51.32,40.01,23.61,36.041000000000004,90.0,0.0,0.0,14.43433333333332,0.0,599.6926437673125
2006-07-14 05:00:00,0.0,0.0,56.66,43.46,28.05,48.343999999999994,90.0,0.0,0.0,15.17400000000001,0.0,605.6179237673125
2006-07-14 06:00:00,0.0,0.0,60.02,46.73,33.51,66.035,90.0,0.0,0.0,20.775000000000013,0.0,615.5759237673125
2006-07-14 07:00:00,0.0,0.0,61.73,49.19,37.31,80.02199999999999,90.0,0.0,0.0,25.12533333333331,0.0,628.6661637673125
2006-07-14 08:00:00,0.0,0.0,63.55,50.6,39.19,91.002,90.0,0.0,2.661999999999992,30.0,0.0,645.2661637673125
2006-07-14 09:00:00,0.0,0.0,65.06,51.65,39.85,98.94500000000001,90.0,0.0,5.718333333333334,30.0,0.0,661.8661637673125
2006-07-14 10:00:00,0.0,0.0,64.61,52.64,40.37,104.07499999999999,90.0,0.0,9.788333333333334,30.0,0.0,678.4661637673125
2006-07-14 11:00:00,0.0,0.0,63.55,51.69,40.55,107.221,90.0,0.0,16.43100000000001,30.0,0.0,695.0661637673126
2006-07-14 12:00:00,0.0,0.0,62.23,50.96,39.96,108.097,90.0,0.0,19.94699999999999,30.0,0.0,711.6661637673126
2006-07-14 13:00:00,0.0,0.0,61.28,49.7,39.3,105.61700000000002,90.0,0.0,48.92711634349033,1.4098836565096775,0.0,707.6812799999996
2006-07-14 14:00:00,0.0,0.0,60.18,48.45,39.01,99.67200000000001,90.0,0.0,17.032000000000025,30.0,0.0,724.2812799999996
2006-07-14 15:00:00,0.0,0.0,59.88,47.77,39.9,90.49199999999999,90.0,0.0,7.941999999999993,30.0,0.0,740.8812799999996
2006-07-14 16:00:00,0.0,0.0,59.53,48.31,40.64,78.52,90.0,0.0,0.0,23.37333333333331,0.0,752.7100799999996
2006-07-14 17:00:00,0.0,0.0,58.66,48.44,40.25,65.04599999999999,90.0,0.0,0.0,12.695999999999987,0.0,756.8511999999996
2006-07-14 18:00:00,0.0,0.0,56.35,46.46,39.26,46.809,90.0,0.2610000000000001,0.0,0.0,0.0,751.8511999999996
2006-07-14 19:00:00,0.0,0.0,54.26,45.41,37.87,25.3,90.0,17.24000000000001,0.0,0.0,0.0,746.8511999999996
2006-07-14 20:00:00,0.0,0.0,52.49,48.1,36.66,18.899,90.0,23.351000000000006,0.0,0.0,0.0,741.8511999999996
2006-07-14 21:00:00,0.0,0.0,48.7,49.15,35.03,19.491,90.0,18.388999999999996,0.0,0.0,0.0,736.8511999999996
2006-07-14 22:00:00,0.0,0.0,45.71,45.13,31.45,18.935000000000002,90.0,8.355000000000004,0.0,0.0,0.0,731.8511999999996
2006-07-14 23:00:00,0.0,0.0,43.89,41.92,27.68,17.772,90.0,0.7180000000000124,0.0,0.0,0.0,726.8511999999996
2006-07-15 00:00:00,0.0,0.0,34.77,36.15,23.41,16.248,90.0,0.0,15.251333333333335,0.0,0.0,721.8511999999996
2006-07-15 01:00:00,0.0,0.0,34.69,33.85,21.58,14.915999999999999,90.0,0.0,0.0,19.796,0.0,731.1043199999996
2006-07-15 02:00:00,0.0,0.0,35.34,33.08,20.69,13.934000000000001,90.0,0.0,0.0,19.82399999999999,0.0,740.3775999999996
2006-07-15 03:00:00,0.0,0.0,37.28,33.98,20.24,13.224,90.0,0.0,16.724000000000004,0.0,0.0,735.3775999999996
2006-07-15 04:00:00,0.0,0.0,43.14,35.97,20.74,15.502,90.0,0.0,0.0,8.985333333333344,0.0,736.8470399999995
2006-07-15 05:00:00,0.0,0.0,48.47,39.42,25.18,24.372999999999998,90.0,0.0,6.302999999999997,0.0,0.0,731.8470399999995
2006-07-15 06:00:00,0.0,0.0,51.84,42.7,30.64,38.388000000000005,90.0,0.0,0.0,8.20799999999997,0.0,732.7567999999995
2006-07-15 07:00:00,0.0,0.0,53.54,45.15,34.43,52.40500000000001,90.0,0.0,0.0,14.284999999999979,0.0,738.0419999999996
2006-07-15 08:00:00,0.0,0.0,55.36,46.56,36.31,63.852,90.0,0.0,0.0,20.621999999999975,0.0,747.8898399999996
2006-07-15 09:00:00,0.0,0.0,56.87,47.61,36.97,72.95100000000001,90.0,0.0,24.834333333333337,0.0,0.0,742.8898399999996
2006-07-15 10:00:00,0.0,0.0,56.43,48.61,37.5,79.948,90.0,0.0,2.407999999999987,30.0,0.0,759.4898399999996
2006-07-15 11:00:00,0.0,0.0,55.36,47.65,37.67,84.186,90.0,0.0,8.505999999999986,30.0,0.0,776.0898399999996
2006-07-15 12:00:00,0.0,0.0,54.05,46.92,37.09,85.569,90.0,0.0,20.0,22.509,0.0,787.2963199999996
2006-07-15 13:00:00,0.0,0.0,53.09,45.66,36.43,83.73899999999999,90.0,0.0,13.558999999999966,30.0,0.0,803.8963199999996
2006-07-15 14:00:00,0.0,0.0,51.99,44.41,36.13,78.944,90.0,0.0,9.74733333333332,30.0,0.0,820.4963199999996
2006-07-15 15:00:00,0.0,0.0,51.69,43.73,37.03,71.045,90.0,0.0,3.5949999999999847,30.0,0.0,837.0963199999997
2006-07-15 16:00:00,0.0,0.0,51.35,44.27,37.76,60.90999999999999,90.0,0.0,0.0,20.863333333333344,0.0,847.1179199999997
2006-07-15 17:00:00,0.0,0.0,50.48,44.4,37.37,48.38399999999999,90.0,0.0,0.0,11.133999999999997,0.0,850.1343999999997
2006-07-15 18:00:00,0.0,0.0,48.16,42.42,36.38,31.776999999999997,90.0,0.18299999999999272,0.0,0.0,0.0,845.1343999999997
2006-07-15 19:00:00,0.0,0.0,46.07,41.38,35.0,19.064,90.0,8.38600000000001,0.0,0.0,0.0,840.1343999999997
2006-07-15 20:00:00,0.0,0.0,44.31,44.06,33.79,17.312999999999995,90.0,9.847000000000017,0.0,0.0,0.0,835.1343999999997
2006-07-15 21:00:00,0.0,0.0,40.52,45.12,32.15,18.450000000000003,90.0,4.340000000000009,0.0,0.0,0.0,830.1343999999997
2006-07-15 22:00:00,0.0,0.0,37.53,41.09,28.57,17.534,90.0,0.0,0.0,5.343999999999976,0.0,828.9820799999997
2006-07-15 23:00:00,0.0,0.0,35.7,37.88,24.8,16.661,90.0,0.0,0.0,9.947666666666667,0.0,831.1443999999997
2006-07-16 00:00:00,0.0,0.0,31.0,35.28,22.57,14.966000000000001,90.0,0.0,0.0,21.115999999999993,0.0,841.3479199999997
2006-07-16 01:00:00,0.0,0.0,30.91,32.97,20.73,13.685,90.0,0.0,0.0,22.408333333333324,0.0,852.4819199999997
2006-07-16 02:00:00,0.0,0.0,31.56,32.2,19.85,12.940999999999999,90.0,0.0,22.66433333333335,0.0,0.0,847.4819199999997
2006-07-16 03:00:00,0.0,0.0,33.5,33.1,19.39,12.697,90.0,0.0,0.0,20.04033333333333,0.0,856.9109599999997
2006-07-16 04:00:00,0.0,0.0,39.36,35.09,19.9,15.298000000000002,90.0,0.0,0.0,15.947999999999986,0.0,863.3935199999997
2006-07-16 05:00:00,0.0,0.0,44.69,38.54,24.34,24.176000000000002,90.0,0.0,0.0,8.272666666666687,0.0,864.3498399999997
2006-07-16 06:00:00,0.0,0.0,48.06,41.82,29.8,37.291999999999994,90.0,0.0,10.94533333333331,0.0,0.0,859.3498399999997
2006-07-16 07:00:00,0.0,0.0,49.76,44.27,33.59,50.696,90.0,0.0,0.0,18.075999999999976,0.0,867.3645599999998
2006-07-16 08:00:00,0.0,0.0,51.58,45.68,35.47,65.148,90.0,0.0,0.0,24.084666666666667,0.0,879.7055199999998
2006-07-16 09:00:00,0.0,0.0,53.1,46.73,36.13,75.808,90.0,0.0,4.848000000000013,30.0,0.0,896.3055199999998
2006-07-16 10:00:00,0.0,0.0,52.65,47.73,36.66,82.356,90.0,0.0,8.649333333333345,30.0,0.0,912.9055199999998
2006-07-16 11:00:00,0.0,0.0,51.58,46.78,36.83,86.17999999999999,90.0,0.0,12.656666666666652,30.0,0.0,929.5055199999998
2006-07-16 12:00:00,0.0,0.0,50.27,46.04,36.25,86.631,90.0,0.0,17.404333333333327,30.0,0.0,946.1055199999998
2006-07-16 13:00:00,0.0,0.0,49.32,44.78,35.59,83.19,90.0,0.0,15.166666666666657,30.0,0.0,962.7055199999999
2006-07-16 14:00:00,0.0,0.0,48.22,43.54,35.29,76.059,90.0,0.0,20.0,22.34233333333335,0.0,973.7919999999999
2006-07-16 15:00:00,0.0,0.0,47.92,42.86,36.19,65.555,90.0,0.0,0.2516666666666749,30.0,0.0,990.3919999999999
2006-07-16 16:00:00,0.0,0.0,47.57,43.39,36.92,53.746999999999986,90.0,0.0,0.0,19.200333333333337,0.0,999.21624
2006-07-16 17:00:00,0.0,0.0,46.7,43.52,36.53,39.783,90.0,0.0,0.0,8.03299999999999,0.0,1000.0
2006-07-16 18:00:00,0.0,0.0,44.38,41.54,35.54,24.3,92.16000000000003,0.0,0.0,0.0,0.0,995.0
2006-07-16 19:00:00,0.0,0.0,42.29,40.5,34.16,13.802999999999999,98.14700000000002,0.0,0.0,0.0,0.0,990.0
2006-07-16 20:00:00,0.0,0.0,40.53,43.19,32.95,12.817,98.85300000000001,0.0,0.0,0.0,0.0,985.0
2006-07-16 21:00:00,0.0,0.0,36.74,44.24,31.31,14.027000000000001,93.263,0.0,0.0,0.0,0.0,980.0
2006-07-16 22:00:00,0.0,0.0,33.75,40.21,27.73,13.571,110.0,0.0,0.0,26.880999999999993,0.0,994.35432
2006-07-16 23:00:00,0.0,0.0,31.92,37.0,23.96,12.481000000000002,90.0,0.0,0.0,14.600999999999981,0.0,999.86704
2006-07-17 00:00:00,0.0,0.0,42.57,42.9,24.6,11.027000000000001,94.04299999999999,0.0,0.0,0.0,0.0,994.86704
2006-07-17 01:00:00,0.0,0.0,42.49,40.6,22.77,9.649000000000001,91.21100000000001,0.0,0.0,0.0,0.0,989.86704
2006-07-17 02:00:00,0.0,0.0,43.13,39.83,21.88,8.651,91.18900000000001,0.0,0.0,0.0,0.0,984.86704
2006-07-17 03:00:00,0.0,0.0,45.07,40.72,21.43,7.958,110.0,0.0,0.0,15.737999999999996,0.0,991.1984
2006-07-17 04:00:00,0.0,0.0,50.93,42.72,21.93,8.850999999999999,101.72900000000001,0.0,0.0,0.0,0.0,986.1984
2006-07-17 05:00:00,0.0,0.0,56.27,46.17,26.38,16.28,107.54000000000002,0.0,0.0,0.0,0.0,981.1984
2006-07-17 06:00:00,0.0,0.0,59.63,49.44,31.84,26.531999999999996,109.37800000000001,0.0,0.0,0.0,0.0,976.1984
2006-07-17 07:00:00,0.0,0.0,61.34,51.89,35.63,38.15,105.71000000000001,0.0,0.0,0.0,0.0,971.1984
2006-07-17 08:00:00,0.0,0.0,63.16,53.31,37.51,49.279,99.701,0.0,0.0,0.0,0.0,966.1984
2006-07-17 09:00:00,0.0,0.0,64.67,54.36,38.17,58.501000000000005,93.69900000000001,0.0,0.0,0.0,0.0,961.1984
2006-07-17 10:00:00,0.0,0.0,64.22,55.35,38.7,65.32900000000001,90.0,0.0,0.0,2.059000000000001,0.0,957.68088
2006-07-17 11:00:00,0.0,0.0,63.16,54.4,38.87,68.816,90.0,0.0,0.0,7.385999999999989,0.0,957.9988
2006-07-17 12:00:00,0.0,0.0,61.85,53.67,38.28,69.04599999999999,90.0,0.0,0.0,10.245999999999999,0.0,960.37592
2006-07-17 13:00:00,0.0,0.0,60.89,52.4,37.62,65.778,90.0,0.0,0.0,9.868000000000006,0.0,962.48088
2006-07-17 14:00:00,0.0,0.0,59.79,51.16,37.33,59.48499999999999,90.0,0.0,0.0,6.204999999999995,0.0,961.9484799999999
2006-07-17 15:00:00,0.0,0.0,59.49,50.48,38.22,50.094,93.096,0.0,0.0,0.0,0.0,956.9484799999999
2006-07-17 16:00:00,0.0,0.0,59.14,51.02,38.96,38.946,105.174,0.0,0.0,0.0,0.0,951.9484799999999
2006-07-17 17:00:00,0.0,0.0,58.27,51.15,38.57,26.927000000000003,116.06299999999999,0.0,0.0,0.0,0.0,946.9484799999999
2006-07-17 18:00:00,0.0,0.0,55.96,49.17,37.58,15.467999999999998,122.24199999999999,0.0,0.0,0.0,0.0,941.9484799999999
2006-07-17 19:00:00,0.0,0.0,53.87,48.12,36.2,7.274,110.0,15.916,0.0,0.0,0.0,936.9484799999999
2006-07-17 20:00:00,0.0,0.0,52.1,50.81,34.99,6.453,126.447,0.0,0.0,0.0,0.0,931.9484799999999
2006-07-17 21:00:00,0.0,0.0,48.31,51.86,33.35,6.885999999999999,121.634,0.0,0.0,0.0,0.0,926.9484799999999
2006-07-17 22:00:00,0.0,0.0,45.32,47.83,29.77,6.318,111.60200000000002,0.0,0.0,0.0,0.0,921.9484799999999
2006-07-17 23:00:00,0.0,0.0,43.5,44.63,26.0,5.369,103.76100000000001,0.0,0.0,0.0,0.0,916.9484799999999
2006-07-18 00:00:00,0.0,0.0,45.75,45.27,25.02,4.472,106.56800000000001,0.0,0.0,0.0,0.0,911.9484799999999
2006-07-18 01:00:00,0.0,0.0,45.67,42.97,23.19,4.091,102.739,0.0,0.0,0.0,0.0,906.9484799999999
2006-07-18 02:00:00,0.0,0.0,46.31,42.2,22.3,4.128,101.682,0.0,0.0,0.0,0.0,901.9484799999999
2006-07-18 03:00:00,0.0,0.0,48.25,43.09,21.85,4.247999999999999,103.94200000000002,0.0,0.0,0.0,0.0,896.9484799999999
2006-07-18 04:00:00,0.0,0.0,54.11,45.09,22.35,5.895,110.65500000000003,0.0,0.0,0.0,0.0,891.9484799999999
2006-07-18 05:00:00,0.0,0.0,59.45,48.54,26.79,13.938,115.84200000000003,0.0,0.0,0.0,0.0,886.9484799999999
2006-07-18 06:00:00,0.0,0.0,62.81,51.81,32.25,26.526,115.34400000000001,0.0,0.0,0.0,0.0,881.9484799999999
2006-07-18 07:00:00,0.0,0.0,64.52,54.27,36.04,37.536,112.29399999999998,0.0,0.0,0.0,0.0,876.9484799999999
2006-07-18 08:00:00,0.0,0.0,66.34,55.68,37.92,48.677,108.54877777777824,0.0,0.0,2.2857777777782458,0.0,873.5942400000002
2006-07-18 09:00:00,0.0,0.0,67.85,56.73,38.59,58.477999999999994,99.692,0.0,0.0,0.0,0.0,868.5942400000002
2006-07-18 10:00:00,0.0,0.0,67.4,57.72,39.11,65.203,94.02699999999997,0.0,0.0,0.0,0.0,863.5942400000002
2006-07-18 11:00:00,0.0,0.0,66.34,56.77,39.28,68.563,90.0,0.0,0.0,1.1729999999999734,0.0,859.4388000000002
2006-07-18 12:00:00,0.0,0.0,65.02,56.04,38.7,68.80799999999999,90.0,0.0,0.0,4.047999999999991,0.0,857.3533600000002
2006-07-18 13:00:00,0.0,0.0,64.07,54.78,38.04,65.899,90.0,0.0,0.0,4.008999999999997,0.0,855.2398400000002
2006-07-18 14:00:00,0.0,0.0,62.97,53.53,37.75,60.715999999999994,90.0,0.0,0.0,1.4660000000000117,0.0,851.2953600000002
2006-07-18 15:00:00,0.0,0.0,62.67,52.85,38.64,53.81400000000001,95.346,0.0,0.0,0.0,0.0,846.2953600000002
2006-07-18 16:00:00,0.0,0.0,62.32,53.39,39.38,44.426,105.66400000000002,0.0,0.0,0.0,0.0,841.2953600000002
2006-07-18 17:00:00,0.0,0.0,61.45,53.52,38.99,32.999,115.961,0.0,0.0,0.0,0.0,836.2953600000002
2006-07-18 18:00:00,0.0,0.0,59.14,51.54,38.0,21.105,122.575,0.0,0.0,0.0,0.0,831.2953600000002
2006-07-18 19:00:00,0.0,0.0,57.05,50.49,36.61,13.973,125.177,0.0,0.0,0.0,0.0,826.2953600000002
2006-07-18 20:00:00,0.0,0.0,55.28,53.18,35.4,12.545,126.31500000000001,0.0,0.0,0.0,0.0,821.2953600000002
2006-07-18 21:00:00,0.0,0.0,51.49,54.23,33.76,13.622,120.85799999999998,0.0,0.0,0.0,0.0,816.2953600000002
2006-07-18 22:00:00,0.0,0.0,48.5,50.21,30.18,13.386000000000001,110.50399999999999,0.0,0.0,0.0,0.0,811.2953600000002
2006-07-18 23:00:00,0.0,0.0,46.68,47.0,26.42,13.108999999999998,101.99100000000001,0.0,0.0,0.0,0.0,806.2953600000002
2006-07-19 00:00:00,0.0,0.0,49.18,45.55,26.16,12.178,103.71199999999999,0.0,0.0,0.0,0.0,801.2953600000002
2006-07-19 01:00:00,0.0,0.0,49.09,43.25,24.32,11.425,100.23500000000001,0.0,0.0,0.0,0.0,796.2953600000002
2006-07-19 02:00:00,0.0,0.0,49.74,42.48,23.44,11.241999999999999,99.41799999999999,0.0,0.0,0.0,0.0,791.2953600000002
2006-07-19 03:00:00,0.0,0.0,51.68,43.38,22.98,11.701,101.339,0.0,0.0,0.0,0.0,786.2953600000002
2006-07-19 04:00:00,0.0,0.0,57.54,45.37,23.49,13.304,108.096,0.0,0.0,0.0,0.0,781.2953600000002
2006-07-19 05:00:00,0.0,0.0,62.88,48.82,27.93,21.618,113.012,0.0,0.0,0.0,0.0,776.2953600000002
2006-07-19 06:00:00,0.0,0.0,66.24,52.1,33.39,35.989999999999995,110.74,0.0,0.0,0.0,0.0,771.2953600000002
2006-07-19 07:00:00,0.0,0.0,67.94,54.55,37.18,48.17700000000001,106.49300000000001,0.0,0.0,0.0,0.0,766.2953600000002
2006-07-19 08:00:00,0.0,0.0,69.76,55.96,39.06,60.439,99.341,0.0,0.0,0.0,0.0,761.2953600000002
2006-07-19 09:00:00,0.0,0.0,71.28,57.01,39.72,70.087,92.923,0.0,0.0,0.0,0.0,756.2953600000002
2006-07-19 10:00:00,0.0,0.0,70.83,58.01,40.25,77.65400000000001,90.0,0.0,0.0,3.5639999999999965,0.0,753.8614400000001
2006-07-19 11:00:00,0.0,0.0,69.76,57.05,40.42,81.887,90.0,0.0,0.0,9.656999999999972,0.0,755.8144800000001
2006-07-19 12:00:00,0.0,0.0,68.45,56.32,39.84,83.648,90.0,0.0,0.0,14.037999999999975,0.0,760.9218400000001
2006-07-19 13:00:00,0.0,0.0,67.5,55.06,39.18,81.88600000000001,90.0,0.0,0.0,15.145999999999987,0.0,766.8269600000001
2006-07-19 14:00:00,0.0,0.0,66.4,53.81,38.88,76.461,90.0,0.0,0.0,12.370999999999995,0.0,770.7340800000001
2006-07-19 15:00:00,0.0,0.0,66.1,53.13,39.78,67.827,90.0,0.0,0.0,3.8169999999999966,0.0,768.4823200000001
2006-07-19 16:00:00,0.0,0.0,65.75,53.67,40.51,55.013000000000005,99.91699999999997,0.0,0.0,0.0,0.0,763.4823200000001
2006-07-19 17:00:00,0.0,0.0,64.88,53.8,40.12,39.271,114.529,0.0,0.0,0.0,0.0,758.4823200000001
2006-07-19 18:00:00,0.0,0.0,62.56,51.82,39.13,24.066,124.44400000000002,0.0,0.0,0.0,0.0,753.4823200000001
2006-07-19 19:00:00,0.0,0.0,60.47,50.78,37.75,13.251000000000001,130.749,0.0,0.0,0.0,0.0,748.4823200000001
2006-07-19 20:00:00,0.0,0.0,58.71,53.46,36.54,11.911000000000001,131.79900000000004,0.0,0.0,0.0,0.0,743.4823200000001
2006-07-19 21:00:00,0.0,0.0,54.92,54.52,34.9,12.908000000000001,115.0,11.432000000000002,0.0,0.0,0.0,738.4823200000001
2006-07-19 22:00:00,0.0,0.0,51.93,50.49,31.32,12.796,115.944,0.0,0.0,0.0,0.0,733.4823200000001
2006-07-19 23:00:00,0.0,0.0,50.1,47.28,27.55,12.14,107.78999999999999,0.0,0.0,0.0,0.0,728.4823200000001
2006-07-20 00:00:00,0.0,0.0,50.8,45.23,26.16,11.221,105.969,0.0,0.0,0.0,0.0,723.4823200000001
2006-07-20 01:00:00,0.0,0.0,50.72,42.93,24.32,10.87,102.10000000000001,0.0,0.0,0.0,0.0,718.4823200000001
2006-07-20 02:00:00,0.0,0.0,51.37,42.16,23.44,10.261,101.70899999999999,0.0,0.0,0.0,0.0,713.4823200000001
2006-07-20 03:00:00,0.0,0.0,53.31,43.06,22.98,9.67,104.68000000000002,0.0,0.0,0.0,0.0,708.4823200000001
2006-07-20 04:00:00,0.0,0.0,59.17,45.05,23.49,10.008999999999999,112.701,0.0,0.0,0.0,0.0,703.4823200000001
2006-07-20 05:00:00,0.0,0.0,64.5,48.5,27.93,15.498000000000001,120.432,0.0,0.0,0.0,0.0,698.4823200000001
2006-07-20 06:00:00,0.0,0.0,67.87,51.78,33.39,25.026,123.014,0.0,0.0,0.0,0.0,693.4823200000001
2006-07-20 07:00:00,0.0,0.0,69.57,54.23,37.18,34.808,121.172,0.0,0.0,0.0,0.0,688.4823200000001
2006-07-20 08:00:00,0.0,0.0,71.39,55.64,39.06,45.646,110.0,5.444000000000003,0.0,0.0,0.0,683.4823200000001
2006-07-20 09:00:00,0.0,0.0,72.91,56.69,39.72,55.745000000000005,108.575,0.0,0.0,0.0,0.0,678.4823200000001
2006-07-20 10:00:00,0.0,0.0,72.46,57.69,40.25,63.28099999999999,115.0,0.0,0.0,12.880999999999995,0.0,682.7566400000001
2006-07-20 11:00:00,0.0,0.0,71.39,56.73,40.42,67.702,95.83800000000002,0.0,0.0,0.0,0.0,677.7566400000001
2006-07-20 12:00:00,0.0,0.0,70.08,56.0,39.84,68.91300000000001,92.007,0.0,0.0,0.0,0.0,672.7566400000001
2006-07-20 13:00:00,0.0,0.0,69.13,54.74,39.18,67.84899999999999,90.20100000000004,0.0,0.0,0.0,0.0,667.7566400000001
2006-07-20 14:00:00,0.0,0.0,68.03,53.5,38.88,63.84,91.57000000000002,0.0,0.0,0.0,0.0,662.7566400000001
2006-07-20 15:00:00,0.0,0.0,67.72,52.81,39.78,56.763000000000005,98.54700000000001,0.0,0.0,0.0,0.0,657.7566400000001
2006-07-20 16:00:00,0.0,0.0,67.38,53.35,40.51,47.358000000000004,108.882,0.0,0.0,0.0,0.0,652.7566400000001
2006-07-20 17:00:00,0.0,0.0,66.51,53.48,40.12,36.256,110.0,8.854000000000013,0.0,0.0,0.0,647.7566400000001
2006-07-20 18:00:00,0.0,0.0,64.19,51.5,39.13,23.802,126.01800000000001,0.0,0.0,0.0,0.0,642.7566400000001
2006-07-20 19:00:00,0.0,0.0,62.1,50.46,37.75,13.899,131.411,0.0,0.0,0.0,0.0,637.7566400000001
2006-07-20 20:00:00,0.0,0.0,60.34,53.15,36.54,10.877,110.0,24.153000000000006,0.0,0.0,0.0,632.7566400000001
2006-07-20 21:00:00,0.0,0.0,56.55,54.2,34.9,9.728,130.92200000000003,0.0,0.0,0.0,0.0,627.7566400000001
2006-07-20 22:00:00,0.0,0.0,53.56,50.17,31.32,8.863000000000001,121.18699999999998,0.0,0.0,0.0,0.0,622.7566400000001
2006-07-20 23:00:00,0.0,0.0,51.73,46.96,27.55,8.353,112.88699999999999,0.0,0.0,0.0,0.0,617.7566400000001
2006-07-21 00:00:00,0.0,0.0,48.13,47.48,25.58,7.939,108.251,0.0,0.0,0.0,0.0,612.7566400000001
2006-07-21 01:00:00,0.0,0.0,48.05,45.17,23.75,7.337999999999999,104.632,0.0,0.0,0.0,0.0,607.7566400000001
2006-07-21 02:00:00,0.0,0.0,48.69,44.4,22.86,6.231,104.719,0.0,0.0,0.0,0.0,602.7566400000001
2006-07-21 03:00:00,0.0,0.0,50.63,45.3,22.41,5.632000000000001,107.708,0.0,0.0,0.0,0.0,597.7566400000001
2006-07-21 04:00:00,0.0,0.0,56.49,47.29,22.91,7.473,114.21700000000001,0.0,0.0,0.0,0.0,592.7566400000001
2006-07-21 05:00:00,0.0,0.0,61.83,50.74,27.35,14.698,120.22200000000002,0.0,0.0,0.0,0.0,587.7566400000001
2006-07-21 06:00:00,0.0,0.0,65.19,54.02,32.81,26.032,120.988,0.0,0.0,0.0,0.0,582.7566400000001
2006-07-21 07:00:00,0.0,0.0,66.9,56.47,36.61,39.968,115.012,0.0,0.0,0.0,0.0,577.7566400000001
2006-07-21 08:00:00,0.0,0.0,68.72,57.88,38.49,52.251,107.83900000000003,0.0,0.0,0.0,0.0,572.7566400000001
2006-07-21 09:00:00,0.0,0.0,70.23,58.93,39.15,63.132000000000005,100.178,0.0,0.0,0.0,0.0,567.7566400000001
2006-07-21 10:00:00,0.0,0.0,69.78,59.93,39.67,72.27100000000002,92.10900000000001,0.0,0.0,0.0,0.0,562.7566400000001
2006-07-21 11:00:00,0.0,0.0,68.72,58.98,39.85,77.828,90.0,0.0,0.0,5.277999999999981,0.0,561.5568000000001
2006-07-21 12:00:00,0.0,0.0,67.4,58.24,39.26,79.29899999999998,90.0,0.0,0.0,9.398999999999976,0.0,563.3240800000001
2006-07-21 13:00:00,0.0,0.0,66.45,56.98,38.6,76.63,110.0,0.0,0.0,29.600000000000012,0.0,579.6360800000001
2006-07-21 14:00:00,0.0,0.0,65.35,55.74,38.31,70.03999999999999,90.0,0.0,0.0,5.639999999999986,0.0,578.6968800000001
2006-07-21 15:00:00,0.0,0.0,65.05,55.05,39.2,60.12500000000001,94.17500000000001,0.0,0.0,0.0,0.0,573.6968800000001
2006-07-21 16:00:00,0.0,0.0,64.7,55.59,39.94,48.346000000000004,106.88400000000001,0.0,0.0,0.0,0.0,568.6968800000001
2006-07-21 17:00:00,0.0,0.0,63.83,55.72,39.55,34.96,119.14,0.0,0.0,0.0,0.0,563.6968800000001
2006-07-21 18:00:00,0.0,0.0,61.52,53.74,38.56,18.442999999999998,130.377,0.0,0.0,0.0,0.0,558.6968800000001
2006-07-21 19:00:00,0.0,0.0,59.43,52.7,37.17,4.834999999999999,121.75805249999999,17.706947500000023,0.0,0.0,0.0,553.6968800000001
2006-07-21 20:00:00,0.0,0.0,57.66,55.39,35.96,3.8870000000000005,135.0,5.1229999999999905,0.0,0.0,0.0,548.6968800000001
2006-07-21 21:00:00,0.0,0.0,53.87,56.44,34.33,4.670999999999999,115.0,19.968999999999987,0.0,0.0,0.0,543.6968800000001
2006-07-21 22:00:00,0.0,0.0,50.88,52.41,30.75,4.829,124.21099999999998,0.0,0.0,0.0,0.0,538.6968800000001
2006-07-21 23:00:00,0.0,0.0,49.06,49.2,26.98,4.432,115.808,0.0,0.0,0.0,0.0,533.6968800000001
2006-07-22 00:00:00,0.0,0.0,39.41,38.51,23.41,4.082,92.24799999999999,0.0,0.0,0.0,0.0,528.6968800000001
2006-07-22 01:00:00,0.0,0.0,39.33,36.21,21.58,3.9989999999999997,90.0,0.0,0.0,1.8789999999999942,0.0,525.0497600000001
2006-07-22 02:00:00,0.0,0.0,39.98,35.44,20.69,3.8209999999999997,90.0,0.0,0.0,2.7109999999999985,0.0,522.0016800000001
2006-07-22 03:00:00,0.0,0.0,41.92,36.33,20.24,3.708,90.0,0.0,0.0,0.2179999999999893,0.0,517.1586400000001
2006-07-22 04:00:00,0.0,0.0,47.78,38.33,20.74,5.317,96.53299999999999,0.0,0.0,0.0,0.0,512.1586400000001
2006-07-22 05:00:00,0.0,0.0,53.11,41.78,25.18,10.995999999999999,104.07400000000003,0.0,0.0,0.0,0.0,507.1586400000001
2006-07-22 06:00:00,0.0,0.0,56.48,45.05,30.64,21.628999999999998,105.541,0.0,0.0,0.0,0.0,502.1586400000001
2006-07-22 07:00:00,0.0,0.0,58.18,47.51,34.43,32.411,102.709,0.0,0.0,0.0,0.0,497.1586400000001
2006-07-22 08:00:00,0.0,0.0,60.0,48.92,36.31,43.596000000000004,110.0,0.0,0.0,13.365999999999985,0.0,501.7821600000001
2006-07-22 09:00:00,0.0,0.0,61.51,49.97,36.97,52.03,91.42000000000002,0.0,0.0,0.0,0.0,496.7821600000001
2006-07-22 10:00:00,0.0,0.0,61.06,50.96,37.5,56.043000000000006,90.0,0.0,0.0,1.5229999999999961,0.0,492.8787200000001
2006-07-22 11:00:00,0.0,0.0,60.0,50.01,37.67,57.083000000000006,90.0,0.0,0.0,4.403000000000009,0.0,491.0488800000001
2006-07-22 12:00:00,0.0,0.0,58.69,49.28,37.09,55.172,90.0,0.0,0.0,5.111999999999991,0.0,489.7295200000001
2006-07-22 13:00:00,0.0,0.0,57.73,48.02,36.43,50.93,90.0,0.0,0.0,3.75,0.0,487.4295200000001
2006-07-22 14:00:00,0.0,0.0,56.63,46.77,36.13,45.315,90.0,0.0,0.0,0.7849999999999788,0.0,482.9947200000001
2006-07-22 15:00:00,0.0,0.0,56.33,46.09,37.03,38.842,95.608,0.0,0.0,0.0,0.0,477.9947200000001
2006-07-22 16:00:00,0.0,0.0,55.98,46.63,37.76,31.321999999999996,104.04800000000002,0.0,0.0,0.0,0.0,472.9947200000001
2006-07-22 17:00:00,0.0,0.0,55.12,46.76,37.37,22.604999999999997,111.64500000000001,0.0,0.0,0.0,0.0,467.9947200000001
2006-07-22 18:00:00,0.0,0.0,52.8,44.78,36.38,13.315,115.64499999999998,0.0,0.0,0.0,0.0,462.9947200000001
2006-07-22 19:00:00,0.0,0.0,50.71,43.73,35.0,6.8629999999999995,110.0,7.576999999999998,0.0,0.0,0.0,457.9947200000001
2006-07-22 20:00:00,0.0,0.0,48.94,46.42,33.79,6.438,115.0,2.7120000000000015,0.0,0.0,0.0,452.9947200000001
2006-07-22 21:00:00,0.0,0.0,45.15,47.48,32.15,8.204,110.0,1.5760000000000076,0.0,0.0,0.0,447.9947200000001
2006-07-22 22:00:00,0.0,0.0,42.16,43.45,28.57,9.053,100.127,0.0,0.0,0.0,0.0,442.9947200000001
2006-07-22 23:00:00,0.0,0.0,40.34,40.24,24.8,9.254000000000001,91.12599999999999,0.0,0.0,0.0,0.0,437.9947200000001
2006-07-23 00:00:00,0.0,0.0,33.1,34.32,22.57,8.690000000000001,90.0,0.0,0.0,13.699999999999989,0.0,442.85872000000006
2006-07-23 01:00:00,0.0,0.0,33.02,32.02,20.73,8.201,90.0,0.0,0.0,17.430999999999987,0.0,450.40904000000006
2006-07-23 02:00:00,0.0,0.0,33.67,31.25,19.85,7.835,90.0,0.0,0.0,18.064999999999973,0.0,458.41584000000006
2006-07-23 03:00:00,0.0,0.0,35.61,32.15,19.39,7.663,90.0,0.0,0.0,15.513000000000009,0.0,464.58520000000004
2006-07-23 04:00:00,0.0,0.0,41.47,34.14,19.9,8.597999999999999,90.0,0.0,0.0,8.088000000000015,0.0,465.4085600000001
2006-07-23 05:00:00,0.0,0.0,46.8,37.59,24.34,15.262,90.0,0.0,0.0,1.5319999999999752,0.0,461.51160000000004
2006-07-23 06:00:00,0.0,0.0,50.17,40.87,29.8,27.072000000000003,90.0,0.0,0.0,1.2320000000000029,0.0,457.39864000000006
2006-07-23 07:00:00,0.0,0.0,51.87,43.32,33.59,39.002,90.0,0.0,0.0,5.221999999999998,0.0,456.15848000000005
2006-07-23 08:00:00,0.0,0.0,53.69,44.73,35.47,47.852000000000004,90.0,0.0,0.0,8.961999999999996,0.0,457.61112
2006-07-23 09:00:00,0.0,0.0,55.2,45.78,36.13,55.757000000000005,90.0,0.0,0.0,13.646999999999977,0.0,462.43696
2006-07-23 10:00:00,0.0,0.0,54.75,46.78,36.66,63.525999999999996,99.664,0.0,0.0,30.0,0.0,479.03696
2006-07-23 11:00:00,0.0,0.0,53.69,45.82,36.83,69.338,90.0,0.0,0.0,27.997999999999973,0.0,494.19552
2006-07-23 12:00:00,0.0,0.0,52.38,45.09,36.25,71.757,90.0,0.0,3.0369999999999777,30.0,0.0,510.79552
2006-07-23 13:00:00,0.0,0.0,51.42,43.83,35.59,71.39200000000001,90.0,0.0,5.5520000000000165,30.0,0.0,527.39552
2006-07-23 14:00:00,0.0,0.0,50.32,42.59,35.29,67.35,90.0,0.0,4.149999999999987,30.0,0.0,543.99552
2006-07-23 15:00:00,0.0,0.0,50.02,41.9,36.19,61.192,90.0,0.0,0.0,28.082,0.0,559.21456
2006-07-23 16:00:00,0.0,0.0,49.67,42.44,36.92,50.859,90.0,0.0,0.0,16.828999999999997,0.0,566.33144
2006-07-23 17:00:00,0.0,0.0,48.81,42.57,36.53,38.833999999999996,90.0,0.0,0.0,5.923999999999992,0.0,565.59672
2006-07-23 18:00:00,0.0,0.0,46.49,40.59,35.54,25.452,92.168,0.0,0.0,0.0,0.0,560.59672
2006-07-23 19:00:00,0.0,0.0,44.4,39.55,34.16,13.571,99.53899999999999,0.0,0.0,0.0,0.0,555.59672
2006-07-23 20:00:00,0.0,0.0,42.63,42.24,32.95,10.102,102.718,0.0,0.0,0.0,0.0,550.59672
2006-07-23 21:00:00,0.0,0.0,38.84,43.29,31.31,10.436,98.00400000000002,0.0,0.0,0.0,0.0,545.59672
2006-07-23 22:00:00,0.0,0.0,35.85,39.26,27.73,10.112000000000002,90.0,0.0,0.0,2.271999999999995,0.0,542.23256
2006-07-23 23:00:00,0.0,0.0,34.03,36.05,23.96,9.292,90.0,0.0,0.0,10.251999999999995,0.0,544.614
2006-07-24 00:00:00,0.0,0.0,45.47,43.47,24.6,7.819,100.72100000000002,0.0,0.0,0.0,0.0,539.614
2006-07-24 01:00:00,0.0,0.0,45.39,41.17,22.77,6.572,97.758,0.0,0.0,0.0,0.0,534.614
2006-07-24 02:00:00,0.0,0.0,46.04,40.4,21.88,5.729000000000001,97.59100000000001,0.0,0.0,0.0,0.0,529.614
2006-07-24 03:00:00,0.0,0.0,47.98,41.29,21.43,4.998,100.702,0.0,0.0,0.0,0.0,524.614
2006-07-24 04:00:00,0.0,0.0,53.84,43.28,21.93,5.954000000000001,108.09600000000002,0.0,0.0,0.0,0.0,519.614
2006-07-24 05:00:00,0.0,0.0,59.17,46.74,26.38,12.476000000000003,110.0,4.813999999999998,0.0,0.0,0.0,514.614
2006-07-24 06:00:00,0.0,0.0,62.54,50.01,31.84,24.236000000000004,115.154,0.0,0.0,0.0,0.0,509.614
2006-07-24 07:00:00,0.0,0.0,64.24,52.46,35.63,36.254,111.07599999999998,0.0,0.0,0.0,0.0,504.614
2006-07-24 08:00:00,0.0,0.0,66.06,53.88,37.51,47.236000000000004,90.0,15.213999999999999,0.0,0.0,0.0,499.614
2006-07-24 09:00:00,0.0,0.0,67.57,54.92,38.17,56.141000000000005,99.519,0.0,0.0,0.0,0.0,494.614
2006-07-24 10:00:00,0.0,0.0,67.13,55.92,38.7,63.799,110.0,0.0,0.0,17.04900000000001,0.0,501.88928
2006-07-24 11:00:00,0.0,0.0,66.06,54.97,38.87,68.907,90.0,0.0,0.0,4.006999999999994,0.0,499.77432
2006-07-24 12:00:00,0.0,0.0,64.75,54.24,38.28,70.429,90.0,0.0,0.0,8.158999999999974,0.0,500.6488
2006-07-24 13:00:00,0.0,0.0,63.79,52.97,37.62,68.417,90.0,0.0,0.0,9.036999999999981,0.0,502.15544
2006-07-24 14:00:00,0.0,0.0,62.69,51.73,37.33,62.282,90.0,0.0,0.0,5.531999999999982,0.0,501.13847999999996
2006-07-24 15:00:00,0.0,0.0,62.39,51.05,38.22,53.362,93.298,0.0,0.0,0.0,0.0,496.13847999999996
2006-07-24 16:00:00,0.0,0.0,62.05,51.59,38.96,42.166,105.43400000000003,0.0,0.0,0.0,0.0,491.13847999999996
2006-07-24 17:00:00,0.0,0.0,61.18,51.72,38.57,30.128,116.342,0.0,0.0,0.0,0.0,486.13847999999996
2006-07-24 18:00:00,0.0,0.0,58.86,49.74,37.58,16.63,124.55000000000001,0.0,0.0,0.0,0.0,481.13847999999996
2006-07-24 19:00:00,0.0,0.0,56.77,48.69,36.2,6.662,129.99800000000002,0.0,0.0,0.0,0.0,476.13847999999996
2006-07-24 20:00:00,0.0,0.0,55.01,51.38,34.99,5.861,110.0,20.51899999999999,0.0,0.0,0.0,471.13847999999996
2006-07-24 21:00:00,0.0,0.0,51.22,52.43,33.35,6.596,125.40400000000001,0.0,0.0,0.0,0.0,466.13847999999996
2006-07-24 22:00:00,0.0,0.0,48.23,48.4,29.77,6.311,115.089,0.0,0.0,0.0,0.0,461.13847999999996
2006-07-24 23:00:00,0.0,0.0,46.4,45.2,26.0,5.548,107.05199999999999,0.0,0.0,0.0,0.0,456.13847999999996
2006-07-25 00:00:00,0.0,0.0,48.61,47.27,25.02,4.695,110.0,1.2049999999999983,0.0,0.0,0.0,451.13847999999996
2006-07-25 01:00:00,0.0,0.0,48.53,44.96,23.19,4.112,107.56800000000001,0.0,0.0,0.0,0.0,446.13847999999996
2006-07-25 02:00:00,0.0,0.0,49.17,44.2,22.3,3.7460000000000004,90.0,16.924000000000014,0.0,0.0,0.0,441.13847999999996
2006-07-25 03:00:00,0.0,0.0,51.11,45.09,21.85,3.6109999999999998,109.43900000000002,0.0,0.0,0.0,0.0,436.13847999999996
2006-07-25 04:00:00,0.0,0.0,56.97,47.08,22.35,5.042,116.35799999999999,0.0,0.0,0.0,0.0,431.13847999999996
2006-07-25 05:00:00,0.0,0.0,62.31,50.53,26.79,12.378,122.252,0.0,0.0,0.0,0.0,426.13847999999996
2006-07-25 06:00:00,0.0,0.0,65.67,53.81,32.25,23.4,123.33000000000001,0.0,0.0,0.0,0.0,421.13847999999996
2006-07-25 07:00:00,0.0,0.0,67.38,56.26,36.04,34.781000000000006,119.899,0.0,0.0,0.0,0.0,416.13847999999996
2006-07-25 08:00:00,0.0,0.0,69.2,57.67,37.92,45.090999999999994,114.69900000000001,0.0,0.0,0.0,0.0,411.13847999999996
2006-07-25 09:00:00,0.0,0.0,70.71,58.72,38.59,54.284000000000006,110.0,0.0,0.0,1.263999999999994,0.0,407.04855999999995
2006-07-25 10:00:00,0.0,0.0,70.26,59.72,39.11,61.405,102.685,0.0,0.0,0.0,0.0,402.04855999999995
2006-07-25 11:00:00,0.0,0.0,69.2,58.77,39.28,65.838,96.41200000000002,0.0,0.0,0.0,0.0,397.04855999999995
2006-07-25 12:00:00,0.0,0.0,67.89,58.04,38.7,66.74,92.89,0.0,0.0,0.0,0.0,392.04855999999995
2006-07-25 13:00:00,0.0,0.0,66.93,56.77,38.04,64.248,92.49199999999999,0.0,0.0,0.0,0.0,387.04855999999995
2006-07-25 14:00:00,0.0,0.0,65.83,55.53,37.75,58.489,95.62100000000001,0.0,0.0,0.0,0.0,382.04855999999995
2006-07-25 15:00:00,0.0,0.0,65.53,54.85,38.64,50.056,103.964,0.0,0.0,0.0,0.0,377.04855999999995
2006-07-25 16:00:00,0.0,0.0,65.18,55.38,39.38,39.19,115.75000000000001,0.0,0.0,0.0,0.0,372.04855999999995
2006-07-25 17:00:00,0.0,0.0,64.31,55.52,38.99,28.026999999999994,125.793,0.0,0.0,0.0,0.0,367.04855999999995
2006-07-25 18:00:00,0.0,0.0,62.0,53.53,38.0,17.919999999999998,130.61,0.0,0.0,0.0,0.0,362.04855999999995
2006-07-25 19:00:00,0.0,0.0,59.91,52.49,36.61,10.831,130.0,3.178999999999988,0.0,0.0,0.0,357.04855999999995
2006-07-25 20:00:00,0.0,0.0,58.14,55.18,35.4,11.706,110.0,22.013999999999996,0.0,0.0,0.0,352.04855999999995
2006-07-25 21:00:00,0.0,0.0,54.35,56.23,33.76,12.105,127.23500000000001,0.0,0.0,0.0,0.0,347.04855999999995
2006-07-25 22:00:00,0.0,0.0,51.36,52.2,30.18,10.766,117.97400000000002,0.0,0.0,0.0,0.0,342.04855999999995
2006-07-25 23:00:00,0.0,0.0,49.54,48.99,26.42,9.061,110.88900000000001,0.0,0.0,0.0,0.0,337.04855999999995
2006-07-26 00:00:00,0.0,0.0,50.73,48.23,26.16,7.004,113.116,0.0,0.0,0.0,0.0,332.04855999999995
2006-07-26 01:00:00,0.0,0.0,50.65,45.93,24.32,5.179,110.72099999999999,0.0,0.0,0.0,0.0,327.04855999999995
2006-07-26 02:00:00,0.0,0.0,51.29,45.16,23.44,3.984,110.90599999999999,0.0,0.0,0.0,0.0,322.04855999999995
2006-07-26 03:00:00,0.0,0.0,53.23,46.06,22.98,3.271,113.999,0.0,0.0,0.0,0.0,317.04855999999995
2006-07-26 04:00:00,0.0,0.0,59.09,48.05,23.49,4.090000000000001,121.53999999999999,0.0,0.0,0.0,0.0,312.04855999999995
2006-07-26 05:00:00,0.0,0.0,64.43,51.5,27.93,10.086000000000002,115.0,13.774000000000015,0.0,0.0,0.0,307.04855999999995
2006-07-26 06:00:00,0.0,0.0,67.79,54.78,33.39,18.708,132.25200000000004,0.0,0.0,0.0,0.0,302.04855999999995
2006-07-26 07:00:00,0.0,0.0,69.5,57.23,37.18,28.201,130.709,0.0,0.0,0.0,0.0,297.04855999999995
2006-07-26 08:00:00,0.0,0.0,71.32,58.64,39.06,39.367,124.65299999999999,0.0,0.0,0.0,0.0,292.04855999999995
2006-07-26 09:00:00,0.0,0.0,72.83,59.69,39.72,48.864999999999995,118.37499999999999,0.0,0.0,0.0,0.0,287.04855999999995
2006-07-26 10:00:00,0.0,0.0,72.38,60.69,40.25,55.080999999999996,113.23899999999999,0.0,0.0,0.0,0.0,282.04855999999995
2006-07-26 11:00:00,0.0,0.0,71.32,59.73,40.42,59.138999999999996,107.33099999999999,0.0,0.0,0.0,0.0,277.04855999999995
2006-07-26 12:00:00,0.0,0.0,70.01,59.0,39.84,61.39500000000001,102.45500000000001,0.0,0.0,0.0,0.0,272.04855999999995
2006-07-26 13:00:00,0.0,0.0,69.05,57.74,39.18,59.938,110.0,0.0,0.0,8.968000000000014,0.0,273.50552
2006-07-26 14:00:00,0.0,0.0,67.95,56.49,38.88,54.82300000000001,103.49700000000001,0.0,0.0,0.0,0.0,268.50552
2006-07-26 15:00:00,0.0,0.0,67.65,55.81,39.78,47.593,110.0,0.6469999999999967,0.0,0.0,0.0,263.50552
2006-07-26 16:00:00,0.0,0.0,67.3,56.35,40.51,37.624,121.536,0.0,0.0,0.0,0.0,258.50552
2006-07-26 17:00:00,0.0,0.0,66.43,56.48,40.12,27.07,130.96,0.0,0.0,0.0,0.0,253.50552
2006-07-26 18:00:00,0.0,0.0,64.12,54.5,39.13,16.599999999999998,135.0,1.1500000000000057,0.0,0.0,0.0,248.50552
2006-07-26 19:00:00,0.0,0.0,62.03,53.46,37.75,7.987,140.25300000000001,0.0,0.0,0.0,0.0,243.50552
2006-07-26 20:00:00,0.0,0.0,60.26,56.14,36.54,7.663,130.0,10.276999999999987,0.0,0.0,0.0,238.50552
2006-07-26 21:00:00,0.0,0.0,56.47,57.2,34.9,8.799,134.771,0.0,0.0,0.0,0.0,233.50552
2006-07-26 22:00:00,0.0,0.0,53.48,53.17,31.32,8.107,124.863,0.0,0.0,0.0,0.0,228.50552
2006-07-26 23:00:00,0.0,0.0,51.66,49.96,27.55,6.859999999999999,117.31,0.0,0.0,0.0,0.0,223.50552
2006-07-27 00:00:00,0.0,0.0,50.55,44.24,26.16,5.928000000000001,110.02199999999999,0.0,0.0,0.0,0.0,218.50552
2006-07-27 01:00:00,0.0,0.0,50.47,41.94,24.32,5.167,106.56300000000002,0.0,0.0,0.0,0.0,213.50552
2006-07-27 02:00:00,0.0,0.0,51.11,41.17,23.44,4.75,105.97000000000003,0.0,0.0,0.0,0.0,208.50552
2006-07-27 03:00:00,0.0,0.0,53.05,42.06,22.98,3.689,109.40100000000001,0.0,0.0,0.0,0.0,203.50552
2006-07-27 04:00:00,0.0,0.0,58.91,44.05,23.49,4.664000000000001,90.0,26.786,0.0,0.0,0.0,198.50552
2006-07-27 05:00:00,0.0,0.0,64.25,47.51,27.93,10.098,124.59200000000001,0.0,0.0,0.0,0.0,193.50552
2006-07-27 06:00:00,0.0,0.0,67.61,50.78,33.39,19.712000000000003,127.068,0.0,0.0,0.0,0.0,188.50552
2006-07-27 07:00:00,0.0,0.0,69.32,53.23,37.18,29.904,124.826,0.0,0.0,0.0,0.0,183.50552
2006-07-27 08:00:00,0.0,0.0,71.14,54.65,39.06,40.632999999999996,119.217,0.0,0.0,0.0,0.0,178.50552
2006-07-27 09:00:00,0.0,0.0,72.65,55.69,39.72,50.49300000000001,112.56700000000001,0.0,0.0,0.0,0.0,173.50552
2006-07-27 10:00:00,0.0,0.0,72.2,56.69,40.25,57.489,106.65100000000001,0.0,0.0,0.0,0.0,168.50552
2006-07-27 11:00:00,0.0,0.0,71.14,55.74,40.42,61.338,100.96200000000002,0.0,0.0,0.0,0.0,163.50552
2006-07-27 12:00:00,0.0,0.0,69.83,55.01,39.84,61.419,98.26100000000001,0.0,0.0,0.0,0.0,158.50552
2006-07-27 13:00:00,0.0,0.0,68.87,53.74,39.18,58.99499999999999,97.79500000000002,0.0,0.0,0.0,0.0,153.50552
2006-07-27 14:00:00,0.0,0.0,67.77,52.5,38.88,54.476,99.674,0.0,0.0,0.0,0.0,148.50552
2006-07-27 15:00:00,0.0,0.0,67.47,51.82,39.78,47.75200000000001,106.318,0.0,0.0,0.0,0.0,143.50552
2006-07-27 16:00:00,0.0,0.0,67.12,52.36,40.51,39.591,115.39899999999997,0.0,0.0,0.0,0.0,138.50552
2006-07-27 17:00:00,0.0,0.0,66.25,52.49,40.12,30.637999999999998,123.22200000000001,0.0,0.0,0.0,0.0,133.50552
2006-07-27 18:00:00,0.0,0.0,63.94,50.5,39.13,20.612,127.95800000000001,0.0,0.0,0.0,0.0,128.50552
2006-07-27 19:00:00,0.0,0.0,61.85,49.46,37.75,9.787999999999998,130.0,4.272000000000006,0.0,0.0,0.0,123.50551999999999
2006-07-27 20:00:00,0.0,0.0,60.08,52.15,36.54,8.652,135.0,0.117999999999995,0.0,0.0,0.0,118.50551999999999
2006-07-27 21:00:00,0.0,0.0,56.29,53.2,34.9,9.101,130.28900000000002,0.0,0.0,0.0,0.0,113.50551999999999
2006-07-27 22:00:00,0.0,0.0,53.3,49.17,31.32,8.794,119.996,0.0,0.0,0.0,0.0,108.50551999999999
2006-07-27 23:00:00,0.0,0.0,51.48,45.97,27.55,8.305,90.0,21.69499999999999,0.0,0.0,0.0,103.50551999999999
2006-07-28 00:00:00,0.0,0.0,44.81,39.3,25.58,8.029,96.661,0.0,0.0,0.0,0.0,98.50551999999999
2006-07-28 01:00:00,0.0,0.0,44.73,37.0,23.75,7.25,93.23,0.0,0.0,0.0,0.0,93.50551999999999
2006-07-28 02:00:00,0.0,0.0,45.38,36.23,22.86,6.737,92.733,0.0,0.0,0.0,0.0,88.50551999999999
2006-07-28 03:00:00,0.0,0.0,47.32,37.13,22.41,6.148,95.71200000000002,0.0,0.0,0.0,0.0,83.50551999999999
2006-07-28 04:00:00,0.0,0.0,53.18,39.12,22.91,6.738999999999999,115.0,0.0,0.0,11.52900000000001,0.0,86.8064
2006-07-28 05:00:00,0.0,0.0,58.51,42.57,27.35,11.261000000000001,112.16899999999998,0.0,0.0,0.0,0.0,81.8064
2006-07-28 06:00:00,0.0,0.0,61.88,45.85,32.81,22.293,113.24700000000001,0.0,0.0,0.0,0.0,76.8064
2006-07-28 07:00:00,0.0,0.0,63.58,48.3,36.61,33.968,109.52199999999999,0.0,0.0,0.0,0.0,71.8064
2006-07-28 08:00:00,0.0,0.0,65.4,49.71,38.49,42.995999999999995,105.60400000000001,0.0,0.0,0.0,0.0,66.8064
2006-07-28 09:00:00,0.0,0.0,66.91,50.76,39.15,49.666,102.154,0.0,0.0,0.0,0.0,61.806400000000004
2006-07-28 10:00:00,0.0,0.0,66.46,51.76,39.67,54.27,110.0,0.0,0.0,11.379999999999999,0.0,65.0
2006-07-28 11:00:00,0.0,0.0,65.4,50.8,39.85,56.098,94.952,0.0,0.0,0.0,0.0,60.0
2006-07-28 12:00:00,0.0,0.0,64.09,50.07,39.26,55.016999999999996,93.403,0.0,0.0,0.0,0.0,55.0
2006-07-28 13:00:00,0.0,0.0,63.13,48.81,38.6,52.342,93.19800000000001,0.0,0.0,0.0,0.0,50.0
2006-07-28 14:00:00,0.0,0.0,62.03,47.56,38.31,47.290000000000006,95.61,0.0,0.0,0.0,0.0,45.0
2006-07-28 15:00:00,0.0,0.0,61.73,46.88,39.2,39.995000000000005,102.815,0.0,0.0,0.0,0.0,40.0
2006-07-28 16:00:00,0.0,0.0,61.38,47.42,39.94,30.567,113.17299999999999,0.0,0.0,0.0,0.0,35.0
2006-07-28 17:00:00,0.0,0.0,60.52,47.55,39.55,20.464,122.15599999999999,0.0,0.0,0.0,0.0,30.0
2006-07-28 18:00:00,0.0,0.0,58.2,45.57,38.56,11.958,125.372,0.0,0.0,0.0,0.0,25.0
2006-07-28 19:00:00,0.0,0.0,56.11,44.52,37.17,5.271000000000001,127.52900000000001,0.0,0.0,0.0,0.0,20.0
2006-07-28 20:00:00,0.0,0.0,54.34,47.21,35.96,4.064,115.0,13.446000000000007,0.0,0.0,0.0,15.0
2006-07-28 21:00:00,0.0,0.0,50.55,48.27,34.33,5.071,123.07900000000001,0.0,0.0,0.0,0.0,10.0
2006-07-28 22:00:00,0.0,0.0,47.56,44.24,30.75,5.719999999999999,111.83000000000001,0.0,0.0,0.0,0.0,5.0
2006-07-28 23:00:00,0.0,0.0,45.74,41.03,26.98,5.655,103.09500000000001,0.0,0.0,0.0,0.0,0.0
2006-07-29 00:00:00,0.0,0.0,34.77,34.21,23.41,5.311,90.0,0.0,0.0,7.920999999999992,0.0,0.703119999999994
2006-07-29 01:00:00,0.0,0.0,34.69,31.9,21.58,5.048,94.3655555555556,0.0,0.0,16.243555555555602,0.0,7.398480000000028
2006-07-29 02:00:00,0.0,0.0,35.34,31.13,20.69,5.08,90.0,0.0,0.0,12.919999999999995,0.0,11.700880000000023
2006-07-29 03:00:00,0.0,0.0,37.28,32.03,20.24,5.746,90.0,0.0,0.0,11.195999999999998,0.0,14.762000000000022
2006-07-29 04:00:00,0.0,0.0,43.14,34.02,20.74,7.440999999999999,90.0,0.0,0.0,4.540999999999986,0.0,13.031520000000011
2006-07-29 05:00:00,0.0,0.0,48.47,37.47,25.18,14.121,91.999,0.0,0.0,0.0,0.0,8.031520000000011
2006-07-29 06:00:00,0.0,0.0,51.84,40.75,30.64,26.487000000000005,91.743,0.0,0.0,0.0,0.0,3.0315200000000115
2006-07-29 07:00:00,0.0,0.0,53.54,43.2,34.43,38.904,90.0,0.0,0.0,2.733999999999984,0.0,0.0
2006-07-29 08:00:00,0.0,0.0,55.36,44.61,36.31,51.025,90.0,0.0,0.0,6.944444444444445,0.0,0.0
2006-07-29 09:00:00,0.0,0.0,56.87,45.66,36.97,62.02799999999999,84.41644444444442,0.0,0.0,6.944444444444445,0.0,0.0
2006-07-29 10:00:00,0.0,0.0,56.43,46.66,37.5,70.89699999999999,76.63744444444441,0.0,0.0,6.944444444444445,0.0,0.0
2006-07-29 11:00:00,0.0,0.0,55.36,45.71,37.67,78.065,90.0,0.0,0.0,29.324999999999996,0.0,16.113999999999997
2006-07-29 12:00:00,0.0,0.0,54.05,44.97,37.09,80.832,90.0,0.0,4.722000000000001,30.0,0.0,32.714
2006-07-29 13:00:00,0.0,0.0,53.09,43.71,36.43,77.898,90.0,0.0,23.99370083102492,10.674299168975065,0.0,35.399495401662044
2006-07-29 14:00:00,0.0,0.0,51.99,42.47,36.13,72.62400000000001,90.0,0.0,2.0340000000000202,30.0,0.0,51.999495401662045
2006-07-29 15:00:00,0.0,0.0,51.69,41.78,37.03,65.614,90.0,0.0,2.4248144044321034,22.689185595567903,0.0,63.33570903047094
2006-07-29 16:00:00,0.0,0.0,51.35,42.32,37.76,58.433,90.0,0.0,0.0,17.003000000000018,0.0,70.57786903047095
2006-07-29 17:00:00,0.0,0.0,50.48,42.45,37.37,48.75,90.0,0.0,0.0,8.449999999999989,0.0,71.66186903047094
2006-07-29 18:00:00,0.0,0.0,48.16,40.47,36.38,34.994,90.0,0.01599999999998758,0.0,0.0,0.0,66.66186903047094
2006-07-29 19:00:00,0.0,0.0,46.07,39.43,35.0,24.066,90.0,6.433999999999987,0.0,0.0,0.0,61.66186903047094
2006-07-29 20:00:00,0.0,0.0,44.31,42.12,33.79,18.267000000000003,90.0,11.953000000000003,0.0,0.0,0.0,56.66186903047094
2006-07-29 21:00:00,0.0,0.0,40.52,43.17,32.15,15.819,90.0,10.021,0.0,0.0,0.0,51.66186903047094
2006-07-29 22:00:00,0.0,0.0,37.53,39.14,28.57,13.724,90.0,1.5160000000000053,0.0,0.0,0.0,46.66186903047094
2006-07-29 23:00:00,0.0,0.0,35.7,35.93,24.8,12.892000000000003,90.0,0.0,0.0,6.46200000000001,0.0,46.314509030470944
2006-07-30 00:00:00,0.0,0.0,32.78,32.6,22.57,12.017999999999999,90.0,0.0,0.0,14.068000000000012,0.0,51.44346903047095
2006-07-30 01:00:00,0.0,0.0,32.69,30.3,20.73,11.770999999999999,90.0,0.0,0.0,18.05100000000001,0.0,59.440189030470954
2006-07-30 02:00:00,0.0,0.0,33.34,29.53,19.85,11.028,71.692,0.0,0.0,0.0,0.0,54.440189030470954
2006-07-30 03:00:00,0.0,0.0,35.28,30.43,19.39,10.965,74.13499999999999,0.0,0.0,0.0,0.0,49.440189030470954
2006-07-30 04:00:00,0.0,0.0,41.14,32.42,19.9,12.449000000000002,90.0,0.0,8.98899999999999,0.0,0.0,44.440189030470954
2006-07-30 05:00:00,0.0,0.0,46.48,35.87,24.34,19.01,87.68,0.0,0.0,0.0,0.0,39.440189030470954
2006-07-30 06:00:00,0.0,0.0,49.84,39.15,29.8,30.086,90.0,0.0,0.0,1.2960000000000171,0.0,35.37330903047096
2006-07-30 07:00:00,0.0,0.0,51.55,41.6,33.59,43.79400000000001,82.946,0.0,0.0,0.0,0.0,30.373309030470963
2006-07-30 08:00:00,0.0,0.0,53.36,43.01,35.47,58.125,90.0,0.0,0.0,16.285000000000014,0.0,37.09850903047097
2006-07-30 09:00:00,0.0,0.0,54.88,44.06,36.13,71.571,63.498999999999995,0.0,0.0,0.0,0.0,32.09850903047097
2006-07-30 10:00:00,0.0,0.0,54.43,45.06,36.66,82.753,53.39699999999999,0.0,0.0,0.0,0.0,27.09850903047097
2006-07-30 11:00:00,0.0,0.0,53.37,44.1,36.83,90.08100000000002,44.219,0.0,0.0,0.0,0.0,22.09850903047097
2006-07-30 12:00:00,0.0,0.0,52.05,43.37,36.25,91.622,90.0,0.0,19.951999999999998,30.0,0.0,38.69850903047097
2006-07-30 13:00:00,0.0,0.0,51.1,42.11,35.59,88.775,90.0,0.0,19.974999999999987,30.0,0.0,55.29850903047097
2006-07-30 14:00:00,0.0,0.0,50.0,40.86,35.29,82.678,90.0,0.0,16.528000000000006,30.0,0.0,71.89850903047096
2006-07-30 15:00:00,0.0,0.0,49.7,40.18,36.19,73.67999999999999,90.0,0.0,7.609999999999985,30.0,0.0,88.49850903047096
2006-07-30 16:00:00,0.0,0.0,49.35,40.72,36.92,62.654999999999994,90.0,0.0,0.0,25.66499999999999,0.0,101.97730903047095
2006-07-30 17:00:00,0.0,0.0,48.48,40.85,36.53,50.068,75.79199999999999,0.0,0.0,0.0,0.0,96.97730903047095
2006-07-30 18:00:00,0.0,0.0,46.17,38.87,35.54,36.972,90.0,0.0,0.0,6.39200000000001,0.0,96.57954903047096
2006-07-30 19:00:00,0.0,0.0,44.08,37.83,34.16,26.723000000000003,90.0,0.0,0.0,0.6529999999999987,0.0,92.04970903047095
2006-07-30 20:00:00,0.0,0.0,42.31,40.51,32.95,25.462000000000003,90.0,0.3079999999999927,0.0,0.0,0.0,87.04970903047095
2006-07-30 21:00:00,0.0,0.0,38.52,41.57,31.31,27.858,90.0,0.0,0.0,6.457999999999984,0.0,86.69946903047094
2006-07-30 22:00:00,0.0,0.0,35.53,37.54,27.73,29.723,90.0,0.0,0.0,18.922999999999966,0.0,95.32402903047091
2006-07-30 23:00:00,0.0,0.0,33.7,34.33,23.96,30.032000000000004,90.0,0.0,5.078878116343478,22.963121883656513,0.0,106.8574767867036
2006-07-31 00:00:00,0.0,0.0,42.57,38.64,24.6,28.965000000000003,76.84500000000001,0.0,0.0,0.0,0.0,101.8574767867036
2006-07-31 01:00:00,0.0,0.0,42.49,36.34,22.77,28.531000000000002,73.069,0.0,0.0,0.0,0.0,96.8574767867036
2006-07-31 02:00:00,0.0,0.0,43.13,35.57,21.88,27.119,90.0,0.0,0.0,16.538999999999994,0.0,103.7655567867036
2006-07-31 03:00:00,0.0,0.0,45.07,36.46,21.43,26.049,76.911,0.0,0.0,0.0,0.0,98.7655567867036
2006-07-31 04:00:00,0.0,0.0,50.93,38.46,21.93,24.121999999999996,87.19800000000001,0.0,0.0,0.0,0.0,93.7655567867036
2006-07-31 05:00:00,0.0,0.0,56.27,41.91,26.38,32.777,90.0,1.7830000000000013,0.0,0.0,0.0,88.7655567867036
2006-07-31 06:00:00,0.0,0.0,59.63,45.18,31.84,48.855000000000004,87.79500000000002,0.0,0.0,0.0,0.0,83.7655567867036
2006-07-31 07:00:00,0.0,0.0,61.34,47.64,35.63,67.667,76.943,0.0,0.0,0.0,0.0,78.7655567867036
2006-07-31 08:00:00,0.0,0.0,63.16,49.05,37.51,83.017,90.0,0.0,0.0,23.297000000000025,0.0,90.53939678670362
2006-07-31 09:00:00,0.0,0.0,64.67,50.1,38.17,94.996,57.94400000000001,0.0,0.0,0.0,0.0,85.53939678670362
2006-07-31 10:00:00,0.0,0.0,64.22,51.09,38.7,103.21600000000001,90.0,0.0,9.205999999999975,30.0,0.0,102.13939678670361
2006-07-31 11:00:00,0.0,0.0,63.16,50.14,38.87,109.20400000000001,90.0,0.0,17.034000000000006,30.0,0.0,118.73939678670361
2006-07-31 12:00:00,0.0,0.0,61.85,49.41,38.28,109.71000000000001,70.0,0.0,0.1700000000000017,30.0,0.0,135.33939678670362
2006-07-31 13:00:00,0.0,0.0,60.89,48.15,37.62,104.86699999999999,90.0,0.0,18.206999999999987,30.0,0.0,151.9393967867036
2006-07-31 14:00:00,0.0,0.0,59.79,46.9,37.33,96.856,90.0,0.0,12.836000000000006,30.0,0.0,168.5393967867036
2006-07-31 15:00:00,0.0,0.0,59.49,46.22,38.22,86.973,56.956999999999994,0.0,0.0,0.0,0.0,163.5393967867036
2006-07-31 16:00:00,0.0,0.0,59.14,46.76,38.96,74.53699999999999,90.0,0.0,0.0,19.677000000000003,0.0,172.7068367867036
2006-07-31 17:00:00,0.0,0.0,58.27,46.89,38.57,60.45799999999999,90.0,0.0,0.0,6.727999999999994,0.0,172.5509967867036
2006-07-31 18:00:00,0.0,0.0,55.96,44.91,37.58,44.073,90.0,4.376999999999995,0.0,0.0,0.0,167.5509967867036
2006-07-31 19:00:00,0.0,0.0,53.87,43.86,36.2,30.19,90.0,13.739999999999995,0.0,0.0,0.0,162.5509967867036
2006-07-31 20:00:00,0.0,0.0,52.1,46.55,34.99,28.134999999999998,90.0,15.50500000000001,0.0,0.0,0.0,157.5509967867036
2006-07-31 21:00:00,0.0,0.0,48.31,47.61,33.35,28.831,90.0,10.439000000000012,0.0,0.0,0.0,152.5509967867036
2006-07-31 22:00:00,0.0,0.0,45.32,43.58,29.77,27.730000000000004,90.0,0.9399999999999977,0.0,0.0,0.0,147.5509967867036
2006-07-31 23:00:00,0.0,0.0,43.5,40.37,26.0,26.419,83.45100000000002,0.0,0.0,0.0,0.0,142.5509967867036
2006-08-01 00:00:00,0.0,0.0,44.34,39.6,25.44,25.9,83.48,0.0,0.0,0.0,0.0,137.5509967867036
2006-08-01 01:00:00,0.0,0.0,44.25,37.3,23.6,24.878999999999998,90.0,0.0,0.0,9.728999999999996,0.0,139.55587678670358
2006-08-01 02:00:00,0.0,0.0,44.9,36.53,22.71,23.965999999999998,80.17400000000002,0.0,0.0,0.0,0.0,134.55587678670358
2006-08-01 03:00:00,0.0,0.0,46.84,37.43,22.26,23.8,90.0,0.0,0.0,7.269999999999996,0.0,134.79027678670357
2006-08-01 04:00:00,0.0,0.0,52.7,39.42,22.76,25.491000000000003,90.0,0.0,0.0,0.6110000000000007,0.0,130.23019678670357
2006-08-01 05:00:00,0.0,0.0,58.04,42.87,27.21,34.341,90.0,3.7789999999999964,0.0,0.0,0.0,125.23019678670357
2006-08-01 06:00:00,0.0,0.0,61.4,46.15,32.67,47.28900000000001,90.0,2.930999999999983,0.0,0.0,0.0,120.23019678670357
2006-08-01 07:00:00,0.0,0.0,63.1,48.6,36.46,65.89,90.0,0.0,0.0,7.729999999999972,0.0,120.79579678670355
2006-08-01 08:00:00,0.0,0.0,64.92,50.01,38.34,84.57499999999999,90.0,0.0,0.0,21.30499999999998,0.0,131.13539678670352
2006-08-01 09:00:00,0.0,0.0,66.44,51.06,39.0,97.094,90.0,0.0,0.5940000000000154,30.0,0.0,147.73539678670352
2006-08-01 10:00:00,0.0,0.0,65.99,52.06,39.53,107.838,49.742,0.0,0.0,0.0,0.0,142.73539678670352
2006-08-01 11:00:00,0.0,0.0,64.92,51.1,39.7,113.10600000000001,72.61399999999999,0.0,0.0,30.0,0.0,159.3353967867035
2006-08-01 12:00:00,0.0,0.0,63.61,50.37,39.12,114.83600000000001,40.0,0.0,0.0,1.7360000000000113,0.0,155.58531678670352
2006-08-01 13:00:00,0.0,0.0,62.66,49.11,38.46,114.108,90.0,0.0,23.877999999999986,30.0,0.0,172.1853167867035
2006-08-01 14:00:00,0.0,0.0,61.56,47.86,38.16,111.01499999999999,90.0,0.0,23.435000000000002,30.0,0.0,188.7853167867035
2006-08-01 15:00:00,0.0,0.0,61.26,47.18,39.06,104.981,72.51899999999999,0.0,0.0,30.0,0.0,205.3853167867035
2006-08-01 16:00:00,0.0,0.0,60.91,47.72,39.79,95.887,90.0,0.0,7.467000000000027,30.0,0.0,221.9853167867035
2006-08-01 17:00:00,0.0,0.0,60.04,47.85,39.4,84.12200000000001,90.0,0.0,0.0,26.831999999999997,0.0,236.3043567867035
2006-08-01 18:00:00,0.0,0.0,57.72,45.87,38.41,68.36,73.63999999999999,0.0,0.0,0.0,0.0,231.3043567867035
2006-08-01 19:00:00,0.0,0.0,55.64,44.83,37.03,56.19800000000001,81.30199999999998,0.0,0.0,0.0,0.0,226.3043567867035
2006-08-01 20:00:00,0.0,0.0,53.87,47.51,35.82,56.105000000000004,90.0,0.0,0.0,8.905000000000022,0.0,227.71595678670352
2006-08-01 21:00:00,0.0,0.0,50.08,48.57,34.18,58.611999999999995,90.0,0.0,0.0,15.782000000000007,0.0,234.07899678670353
2006-08-01 22:00:00,0.0,0.0,47.09,44.54,30.6,58.334,90.0,0.0,0.0,26.104000000000035,0.0,247.87387678670356
2006-08-01 23:00:00,0.0,0.0,45.26,41.33,26.83,59.259,70.0,0.0,0.0,15.839000000000013,0.0,254.27795678670358
2006-08-02 00:00:00,0.0,0.0,44.79,40.04,26.78,58.70099999999999,52.909000000000006,0.0,0.0,0.0,0.0,249.27795678670358
2006-08-02 01:00:00,0.0,0.0,44.71,37.73,24.95,57.005,90.0,0.0,9.615000000000023,30.0,0.0,265.8779567867036
2006-08-02 02:00:00,0.0,0.0,45.36,36.96,24.06,56.33800000000001,90.0,0.0,9.957999999999998,30.0,0.0,282.4779567867036
2006-08-02 03:00:00,0.0,0.0,47.3,37.86,23.61,56.242000000000004,90.0,0.0,7.471999999999998,30.0,0.0,299.0779567867036
2006-08-02 04:00:00,0.0,0.0,53.16,39.85,24.11,56.603,90.0,0.0,0.0,29.48300000000002,0.0,315.3057167867036
2006-08-02 05:00:00,0.0,0.0,58.49,43.3,28.56,64.797,90.0,0.0,0.0,24.447000000000003,0.0,327.9075567867036
2006-08-02 06:00:00,0.0,0.0,61.86,46.58,34.02,86.273,56.187,0.0,0.0,0.0,0.0,322.9075567867036
2006-08-02 07:00:00,0.0,0.0,63.56,49.03,37.81,101.84700000000001,90.0,0.0,11.446999999999989,30.0,0.0,339.5075567867036
2006-08-02 08:00:00,0.0,0.0,65.38,50.44,39.69,113.52799999999999,90.0,0.0,18.018,30.0,0.0,356.10755678670364
2006-08-02 09:00:00,0.0,0.0,66.9,51.49,40.35,121.296,70.0,0.0,2.5559999999999974,30.0,0.0,372.70755678670366
2006-08-02 10:00:00,0.0,0.0,66.45,52.49,40.88,124.46300000000002,40.0,0.0,0.0,4.642999999999994,0.0,371.05051678670367
2006-08-02 11:00:00,0.0,0.0,65.38,51.53,41.05,125.505,90.0,0.0,27.545000000000016,30.0,0.0,387.6505167867037
2006-08-02 12:00:00,0.0,0.0,64.07,50.8,40.46,124.42500000000001,90.0,0.0,29.095000000000013,30.0,0.0,404.2505167867037
2006-08-02 13:00:00,0.0,0.0,63.12,49.54,39.8,121.15299999999999,90.0,0.0,28.693000000000012,30.0,0.0,420.85051678670374
2006-08-02 14:00:00,0.0,0.0,62.02,48.3,39.51,114.553,90.0,0.0,24.723,30.0,0.0,437.45051678670376
2006-08-02 15:00:00,0.0,0.0,61.72,47.61,40.4,105.052,90.0,0.0,15.321999999999989,30.0,0.0,454.0505167867038
2006-08-02 16:00:00,0.0,0.0,61.37,48.15,41.14,94.084,56.575999999999986,0.0,0.0,0.0,0.0,449.0505167867038
2006-08-02 17:00:00,0.0,0.0,60.5,48.28,40.75,80.22500000000001,90.0,0.0,0.0,20.69500000000002,0.0,458.9509167867038
2006-08-02 18:00:00,0.0,0.0,58.18,46.3,39.76,59.103,85.137,0.0,0.0,0.0,0.0,453.9509167867038
2006-08-02 19:00:00,0.0,0.0,56.09,45.26,38.38,45.869,90.0,3.86099999999999,0.0,0.0,0.0,448.9509167867038
2006-08-02 20:00:00,0.0,0.0,54.33,47.95,37.17,42.449,90.0,7.001000000000019,0.0,0.0,0.0,443.9509167867038
2006-08-02 21:00:00,0.0,0.0,50.54,49.0,35.53,41.854,90.0,3.216000000000004,0.0,0.0,0.0,438.9509167867038
2006-08-02 22:00:00,0.0,0.0,47.55,44.97,31.95,40.80800000000001,90.0,0.0,0.0,6.338000000000019,0.0,438.51427678670376
2006-08-02 23:00:00,0.0,0.0,45.72,41.76,28.18,37.513000000000005,78.147,0.0,0.0,0.0,0.0,433.51427678670376
2006-08-03 00:00:00,0.0,0.0,44.33,40.04,26.38,33.815,76.93499999999999,0.0,0.0,0.0,0.0,428.51427678670376
2006-08-03 01:00:00,0.0,0.0,44.25,37.74,24.56,31.462999999999997,90.0,0.0,14.913000000000011,0.0,0.0,423.51427678670376
2006-08-03 02:00:00,0.0,0.0,44.9,36.96,23.67,30.123000000000005,75.40700000000001,0.0,0.0,0.0,0.0,418.51427678670376
2006-08-03 03:00:00,0.0,0.0,46.84,37.86,23.22,29.049,90.0,0.0,0.0,11.12899999999999,0.0,421.52715678670376
2006-08-03 04:00:00,0.0,0.0,52.69,39.86,23.71,28.267,90.0,0.0,0.0,2.0070000000000014,0.0,417.97219678670376
2006-08-03 05:00:00,0.0,0.0,58.02,43.32,28.13,32.872,90.0,6.598000000000006,0.0,0.0,0.0,412.97219678670376
2006-08-03 06:00:00,0.0,0.0,61.39,46.59,33.59,43.361000000000004,90.0,8.208999999999982,0.0,0.0,0.0,407.97219678670376
2006-08-03 07:00:00,0.0,0.0,63.09,49.03,37.39,55.473,90.0,4.037000000000021,0.0,0.0,0.0,402.97219678670376
2006-08-03 08:00:00,0.0,0.0,64.91,50.44,39.27,67.29899999999999,87.32100000000001,0.0,0.0,0.0,0.0,397.97219678670376
2006-08-03 09:00:00,0.0,0.0,66.42,51.48,39.94,76.91099999999999,80.929,0.0,0.0,0.0,0.0,392.97219678670376
2006-08-03 10:00:00,0.0,0.0,65.98,52.47,40.46,83.95499999999998,90.0,0.0,0.0,15.045000000000002,0.0,398.80459678670377
2006-08-03 11:00:00,0.0,0.0,64.91,51.52,40.63,88.549,70.0,0.0,0.0,1.488999999999976,0.0,394.87667678670374
2006-08-03 12:00:00,0.0,0.0,63.6,50.78,40.06,89.78999999999999,70.0,0.0,0.0,5.349999999999994,0.0,393.7286767867037
2006-08-03 13:00:00,0.0,0.0,62.64,49.51,39.4,88.11999999999999,63.43,0.0,0.0,0.0,0.0,388.7286767867037
2006-08-03 14:00:00,0.0,0.0,61.55,48.27,39.11,83.079,71.82372853185586,0.0,5.972728531855849,0.0,0.0,383.7286767867037
2006-08-03 15:00:00,0.0,0.0,61.25,47.59,40.0,76.134,90.0,0.0,0.0,17.29399999999999,0.0,391.1803567867037
2006-08-03 16:00:00,0.0,0.0,60.93,48.15,40.76,67.304,82.536,0.0,0.0,0.0,0.0,386.1803567867037
2006-08-03 17:00:00,0.0,0.0,60.08,48.32,40.4,56.986000000000004,90.0,1.813999999999993,0.0,0.0,0.0,381.1803567867037
2006-08-03 18:00:00,0.0,0.0,57.77,46.35,39.42,46.24999999999999,90.0,7.290000000000006,0.0,0.0,0.0,376.1803567867037
2006-08-03 19:00:00,0.0,0.0,55.66,45.29,38.03,36.052,90.0,12.927999999999997,0.0,0.0,0.0,371.1803567867037
2006-08-03 20:00:00,0.0,0.0,53.87,47.93,36.8,31.792,90.0,16.807999999999993,0.0,0.0,0.0,366.1803567867037
2006-08-03 21:00:00,0.0,0.0,50.09,48.98,35.13,30.936999999999998,90.0,13.262999999999977,0.0,0.0,0.0,361.1803567867037
2006-08-03 22:00:00,0.0,0.0,47.1,44.97,31.54,29.059000000000005,90.0,4.550999999999988,0.0,0.0,0.0,356.1803567867037
2006-08-03 23:00:00,0.0,0.0,45.27,41.77,27.78,27.249000000000002,90.0,0.0,2.428999999999988,0.0,0.0,351.1803567867037
2006-08-04 00:00:00,0.0,0.0,42.95,39.31,25.56,25.314,82.50600000000001,0.0,0.0,0.0,0.0,346.1803567867037
2006-08-04 01:00:00,0.0,0.0,42.87,37.01,23.75,23.229,90.0,0.0,0.0,9.599000000000007,0.0,348.0916367867037
2006-08-04 02:00:00,0.0,0.0,43.52,36.23,22.86,22.069000000000003,80.541,0.0,0.0,0.0,0.0,343.0916367867037
2006-08-04 03:00:00,0.0,0.0,45.47,37.12,22.41,21.854,83.14599999999999,0.0,0.0,0.0,0.0,338.0916367867037
2006-08-04 04:00:00,0.0,0.0,51.3,39.15,22.9,21.418,90.0,1.931999999999988,0.0,0.0,0.0,333.0916367867037
2006-08-04 05:00:00,0.0,0.0,56.63,42.6,27.29,25.715000000000003,90.0,10.805,0.0,0.0,0.0,328.0916367867037
2006-08-04 06:00:00,0.0,0.0,60.0,45.87,32.75,37.353,90.0,11.266999999999996,0.0,0.0,0.0,323.0916367867037
2006-08-04 07:00:00,0.0,0.0,61.7,48.3,36.56,52.223,90.0,4.337000000000003,0.0,0.0,0.0,318.0916367867037
2006-08-04 08:00:00,0.0,0.0,63.51,49.7,38.45,59.081999999999994,90.0,2.578000000000003,0.0,0.0,0.0,313.0916367867037
2006-08-04 09:00:00,0.0,0.0,65.02,50.73,39.12,62.525999999999996,90.0,2.343999999999994,0.0,0.0,0.0,308.0916367867037
2006-08-04 10:00:00,0.0,0.0,64.59,51.72,39.64,65.11,90.0,0.8400000000000176,0.0,0.0,0.0,303.0916367867037
2006-08-04 11:00:00,0.0,0.0,63.52,50.77,39.81,66.55000000000001,90.0,0.0,2.4499999999999886,0.0,0.0,298.0916367867037
2006-08-04 12:00:00,0.0,0.0,62.21,50.03,39.24,67.639,90.0,0.0,0.0,6.158999999999981,0.0,297.5261167867037
2006-08-04 13:00:00,0.0,0.0,61.25,48.75,38.59,66.732,90.0,0.0,0.0,8.141999999999985,0.0,298.3883567867037
2006-08-04 14:00:00,0.0,0.0,60.16,47.51,38.3,63.284,82.68599999999998,0.0,0.0,0.0,0.0,293.3883567867037
2006-08-04 15:00:00,0.0,0.0,59.87,46.83,39.19,56.54299999999999,90.0,0.0,0.6529999999999987,0.0,0.0,288.3883567867037
2006-08-04 16:00:00,0.0,0.0,59.57,47.41,39.97,45.768,90.0,11.181999999999995,0.0,0.0,0.0,283.3883567867037
2006-08-04 17:00:00,0.0,0.0,58.74,47.62,39.64,34.328,90.0,21.67199999999999,0.0,0.0,0.0,278.3883567867037
2006-08-04 18:00:00,0.0,0.0,56.44,45.68,38.67,23.673999999999996,90.0,27.115999999999985,0.0,0.0,0.0,273.3883567867037
2006-08-04 19:00:00,0.0,0.0,54.32,44.6,37.28,15.658000000000001,90.0,30.541999999999987,0.0,0.0,0.0,268.3883567867037
2006-08-04 20:00:00,0.0,0.0,52.5,47.19,36.03,13.137999999999998,90.0,32.581999999999994,0.0,0.0,0.0,263.3883567867037
2006-08-04 21:00:00,0.0,0.0,48.72,48.23,34.32,13.861,90.0,27.408999999999978,0.0,0.0,0.0,258.3883567867037
2006-08-04 22:00:00,0.0,0.0,45.73,44.25,30.73,13.158000000000001,90.0,17.551999999999992,0.0,0.0,0.0,253.3883567867037
2006-08-04 23:00:00,0.0,0.0,43.89,41.05,26.97,12.743,90.0,9.167000000000002,0.0,0.0,0.0,248.3883567867037
2006-08-05 00:00:00,0.0,0.0,34.76,34.21,23.38,11.488,80.862,0.0,0.0,0.0,0.0,243.3883567867037
2006-08-05 01:00:00,0.0,0.0,34.67,31.92,21.58,10.940000000000001,90.0,0.0,0.0,12.769999999999992,0.0,247.5827567867037
2006-08-05 02:00:00,0.0,0.0,35.33,31.13,20.69,10.62,90.0,0.0,0.0,13.470000000000017,0.0,252.28115678670372
2006-08-05 03:00:00,0.0,0.0,37.29,32.02,20.24,10.335999999999999,90.0,0.0,0.0,10.786000000000008,0.0,255.0470767867037
2006-08-05 04:00:00,0.0,0.0,43.11,34.06,20.72,11.228,86.662,0.0,0.0,0.0,0.0,250.0470767867037
2006-08-05 05:00:00,0.0,0.0,48.43,37.52,25.09,16.878,90.0,4.16200000000001,0.0,0.0,0.0,245.0470767867037
2006-08-05 06:00:00,0.0,0.0,51.8,40.78,30.54,29.340999999999998,90.0,3.7789999999999964,0.0,0.0,0.0,240.0470767867037
2006-08-05 07:00:00,0.0,0.0,53.51,43.2,34.36,44.733,90.0,0.0,0.0,3.6630000000000003,0.0,237.6844367867037
2006-08-05 08:00:00,0.0,0.0,55.31,44.6,36.26,58.268,77.90199999999999,0.0,0.0,0.0,0.0,232.6844367867037
2006-08-05 09:00:00,0.0,0.0,56.82,45.63,36.93,70.049,90.0,0.0,0.0,20.66899999999999,0.0,242.5661167867037
2006-08-05 10:00:00,0.0,0.0,56.39,46.61,37.45,78.287,70.0,0.0,0.0,7.8369999999999855,0.0,243.2087567867037
2006-08-05 11:00:00,0.0,0.0,55.33,45.66,37.62,83.91399999999999,54.69600000000002,0.0,0.0,0.0,0.0,238.2087567867037
2006-08-05 12:00:00,0.0,0.0,54.01,44.91,37.06,86.337,50.0,0.0,0.0,0.3569999999999993,0.0,233.4657967867037
2006-08-05 13:00:00,0.0,0.0,53.05,43.63,36.4,86.542,90.0,0.0,13.462000000000003,30.0,0.0,250.0657967867037
2006-08-05 14:00:00,0.0,0.0,51.96,42.38,36.12,84.07700000000001,90.0,0.0,13.61699999999999,30.0,0.0,266.6657967867037
2006-08-05 15:00:00,0.0,0.0,51.68,41.71,37.01,78.278,90.0,0.0,7.878000000000007,30.0,0.0,283.26579678670373
2006-08-05 16:00:00,0.0,0.0,51.41,42.31,37.81,67.547,90.0,0.0,0.0,26.016999999999992,0.0,296.9980367867037
2006-08-05 17:00:00,0.0,0.0,50.59,42.56,37.51,54.271,90.0,0.0,0.0,13.610999999999986,0.0,301.7979567867037
2006-08-05 18:00:00,0.0,0.0,48.29,40.63,36.55,39.946,90.0,0.0,0.0,4.475999999999992,0.0,300.0206767867037
2006-08-05 19:00:00,0.0,0.0,46.16,39.54,35.16,28.099999999999998,90.0,2.760000000000005,0.0,0.0,0.0,295.0206767867037
2006-08-05 20:00:00,0.0,0.0,44.32,42.08,33.89,25.613999999999997,90.0,4.676000000000002,0.0,0.0,0.0,290.0206767867037
2006-08-05 21:00:00,0.0,0.0,40.55,43.11,32.15,26.642999999999997,89.167,0.0,0.0,0.0,0.0,285.0206767867037
2006-08-05 22:00:00,0.0,0.0,37.55,39.16,28.55,26.509,90.0,0.0,0.0,11.24900000000002,0.0,288.1199567867037
2006-08-05 23:00:00,0.0,0.0,35.71,35.96,24.79,26.992,90.0,0.0,0.0,20.531999999999993,0.0,297.9029967867037
2006-08-06 00:00:00,0.0,0.0,30.98,31.89,22.53,26.991000000000003,90.0,0.0,1.5910000000000082,30.0,0.0,314.5029967867037
2006-08-06 01:00:00,0.0,0.0,30.89,29.59,20.74,26.458000000000002,90.0,0.0,5.2379999999999995,30.0,0.0,331.1029967867037
2006-08-06 02:00:00,0.0,0.0,31.55,28.8,19.84,25.847,90.0,0.0,5.6569999999999965,30.0,0.0,347.70299678670375
2006-08-06 03:00:00,0.0,0.0,33.51,29.69,19.39,25.612000000000002,90.0,0.0,3.0220000000000056,30.0,0.0,364.3029967867038
2006-08-06 04:00:00,0.0,0.0,39.32,31.75,19.88,26.145,70.0,0.0,0.0,5.195000000000007,0.0,363.0433967867038
2006-08-06 05:00:00,0.0,0.0,44.64,35.21,24.22,32.256,90.0,0.0,0.0,18.185999999999993,0.0,371.13731678670376
2006-08-06 06:00:00,0.0,0.0,48.01,38.46,29.66,43.941,72.189,0.0,0.0,0.0,0.0,366.13731678670376
2006-08-06 07:00:00,0.0,0.0,49.72,40.87,33.5,62.19799999999999,90.0,0.0,0.0,28.108,0.0,381.37507678670374
2006-08-06 08:00:00,0.0,0.0,51.51,42.26,35.41,78.101,70.0,0.0,0.0,18.920999999999985,0.0,389.9981967867037
2006-08-06 09:00:00,0.0,0.0,53.02,43.28,36.07,87.017,90.0,0.0,14.646999999999991,30.0,0.0,406.59819678670374
2006-08-06 10:00:00,0.0,0.0,52.59,44.26,36.59,91.21799999999999,90.0,0.0,17.778000000000006,30.0,0.0,423.19819678670376
2006-08-06 11:00:00,0.0,0.0,51.54,43.32,36.76,92.93900000000001,40.0,0.0,0.0,1.3190000000000133,0.0,419.14787678670376
2006-08-06 12:00:00,0.0,0.0,50.23,42.56,36.2,93.154,90.0,0.0,24.163999999999987,30.0,0.0,435.7478767867038
2006-08-06 13:00:00,0.0,0.0,49.26,41.27,35.55,91.706,70.0,0.0,5.626000000000019,30.0,0.0,452.3478767867038
2006-08-06 14:00:00,0.0,0.0,48.17,40.03,35.27,87.36,90.0,0.0,23.89,30.0,0.0,468.94787678670383
2006-08-06 15:00:00,0.0,0.0,47.9,39.35,36.17,80.85799999999999,90.0,0.0,17.437999999999988,30.0,0.0,485.54787678670385
2006-08-06 16:00:00,0.0,0.0,47.65,39.97,36.99,70.81400000000001,90.0,0.0,6.2039999999999935,30.0,0.0,502.1478767867039
2006-08-06 17:00:00,0.0,0.0,46.85,40.26,36.71,58.81100000000001,90.0,0.0,0.0,24.991000000000017,0.0,515.1413967867039
2006-08-06 18:00:00,0.0,0.0,44.56,38.36,35.77,45.882999999999996,72.80700000000002,0.0,0.0,0.0,0.0,510.1413967867039
2006-08-06 19:00:00,0.0,0.0,42.41,37.24,34.38,32.891999999999996,90.0,0.0,0.0,8.861999999999991,0.0,511.5220367867039
2006-08-06 20:00:00,0.0,0.0,40.55,39.73,33.08,31.314,82.04599999999999,0.0,0.0,0.0,0.0,506.5220367867039
2006-08-06 21:00:00,0.0,0.0,36.78,40.76,31.31,32.796,90.0,0.0,0.0,13.946000000000002,0.0,511.56315678670387
2006-08-06 22:00:00,0.0,0.0,33.78,36.83,27.7,31.779,70.0,0.0,0.0,3.468999999999987,0.0,509.0608367867039
2006-08-06 23:00:00,0.0,0.0,31.93,33.64,23.94,30.207,90.0,0.0,0.6969999999999885,30.0,0.0,525.6608367867038
2006-08-07 00:00:00,0.0,0.0,42.55,38.66,24.56,28.143,90.0,0.0,0.0,12.373000000000008,0.0,529.5693967867038
2006-08-07 01:00:00,0.0,0.0,42.46,36.37,22.77,26.451,82.98274761464997,0.0,0.0,7.8337476146499645,0.0,530.2096950692518
2006-08-07 02:00:00,0.0,0.0,43.12,35.56,21.88,25.144,90.0,0.0,0.0,14.584000000000024,0.0,535.7101750692518
2006-08-07 03:00:00,0.0,0.0,45.09,36.45,21.43,24.794,78.17600000000002,0.0,0.0,0.0,0.0,530.7101750692518
2006-08-07 04:00:00,0.0,0.0,50.89,38.53,21.91,25.651999999999997,90.0,0.0,0.0,4.321999999999996,0.0,528.8220150692518
2006-08-07 05:00:00,0.0,0.0,56.2,42.0,26.23,33.336,90.0,1.0940000000000083,0.0,0.0,0.0,523.8220150692518
2006-08-07 06:00:00,0.0,0.0,59.57,45.24,31.67,50.68899999999999,90.0,0.0,0.0,4.209000000000007,0.0,521.8524950692519
2006-08-07 07:00:00,0.0,0.0,61.28,47.64,35.52,71.938,72.50200000000002,0.0,0.0,0.0,0.0,516.8524950692519
2006-08-07 08:00:00,0.0,0.0,63.07,49.03,37.43,85.37599999999999,90.0,0.0,0.0,25.845999999999986,0.0,530.4616150692518
2006-08-07 09:00:00,0.0,0.0,64.57,50.04,38.1,93.45,59.25999999999997,0.0,0.0,0.0,0.0,525.4616150692518
2006-08-07 10:00:00,0.0,0.0,64.16,51.01,38.61,99.304,70.0,0.0,0.0,15.524000000000001,0.0,531.6388950692518
2006-08-07 11:00:00,0.0,0.0,63.1,50.07,38.79,103.87099999999998,70.0,0.0,0.0,21.911000000000016,0.0,542.4148150692519
2006-08-07 12:00:00,0.0,0.0,61.79,49.3,38.23,105.91600000000001,70.0,0.0,0.0,26.59600000000004,0.0,556.5639350692519
2006-08-07 13:00:00,0.0,0.0,60.82,48.01,37.58,104.81199999999998,90.0,0.0,18.402,30.0,0.0,573.1639350692519
2006-08-07 14:00:00,0.0,0.0,59.73,46.76,37.3,102.24799999999999,90.0,0.0,18.458,30.0,0.0,589.7639350692519
2006-08-07 15:00:00,0.0,0.0,59.48,46.1,38.2,96.028,70.0,0.0,0.0,22.24799999999999,0.0,600.7824950692519
2006-08-07 16:00:00,0.0,0.0,59.25,46.74,39.04,86.919,90.0,0.0,1.889000000000003,30.0,0.0,617.382495069252
2006-08-07 17:00:00,0.0,0.0,58.46,47.06,38.8,73.318,90.0,0.0,0.0,18.998000000000005,0.0,626.0610550692519
2006-08-07 18:00:00,0.0,0.0,56.18,45.18,37.86,55.713,83.507,0.0,0.0,0.0,0.0,621.0610550692519
2006-08-07 19:00:00,0.0,0.0,54.01,44.04,36.47,42.122,90.0,2.397999999999996,0.0,0.0,0.0,616.0610550692519
2006-08-07 20:00:00,0.0,0.0,52.13,46.49,35.15,39.039,90.0,4.731000000000019,0.0,0.0,0.0,611.0610550692519
2006-08-07 21:00:00,0.0,0.0,48.37,47.51,33.34,38.903999999999996,90.0,0.3159999999999883,0.0,0.0,0.0,606.0610550692519
2006-08-07 22:00:00,0.0,0.0,45.36,43.6,29.73,37.053,90.0,0.0,0.0,8.362999999999989,0.0,607.0824150692519
2006-08-07 23:00:00,0.0,0.0,43.51,40.42,25.97,34.059,90.0,0.0,0.0,14.159000000000017,0.0,612.2768950692519
2006-08-08 00:00:00,0.0,0.0,44.31,39.62,25.42,31.808,90.0,0.0,0.0,12.457999999999984,0.0,616.2466550692518
2006-08-08 01:00:00,0.0,0.0,44.22,37.33,23.65,29.883999999999997,90.0,0.0,0.0,14.684000000000008,0.0,621.8191350692518
2006-08-08 02:00:00,0.0,0.0,44.88,36.52,22.75,29.266,90.0,0.0,0.0,15.115999999999982,0.0,627.7026550692518
2006-08-08 03:00:00,0.0,0.0,46.86,37.41,22.3,28.191,90.0,0.0,0.0,11.620999999999995,0.0,631.0697750692518
2006-08-08 04:00:00,0.0,0.0,52.64,39.5,22.78,27.522000000000002,90.0,0.0,0.0,2.602000000000004,0.0,627.9432150692518
2006-08-08 05:00:00,0.0,0.0,57.95,42.97,27.07,34.417,90.0,3.5730000000000075,0.0,0.0,0.0,622.9432150692518
2006-08-08 06:00:00,0.0,0.0,61.33,46.21,32.51,52.589999999999996,90.0,0.0,0.0,2.5399999999999814,0.0,619.7720150692518
2006-08-08 07:00:00,0.0,0.0,63.03,48.61,36.37,73.15299999999999,90.0,0.0,0.0,15.142999999999994,0.0,625.6749750692518
2006-08-08 08:00:00,0.0,0.0,64.82,49.98,38.28,83.91499999999999,69.16499999999999,0.0,0.0,0.0,0.0,620.6749750692518
2006-08-08 09:00:00,0.0,0.0,66.32,50.99,38.96,89.432,90.0,0.0,0.0,23.16199999999999,0.0,632.3516150692518
2006-08-08 10:00:00,0.0,0.0,65.91,51.95,39.47,93.35999999999999,90.0,0.0,0.0,26.029999999999998,0.0,646.0932150692518
2006-08-08 11:00:00,0.0,0.0,64.85,51.01,39.64,97.10499999999999,90.0,0.0,1.605000000000011,30.0,0.0,662.6932150692518
2006-08-08 12:00:00,0.0,0.0,63.54,50.24,39.09,99.856,90.0,0.0,6.98599999999999,30.0,0.0,679.2932150692518
2006-08-08 13:00:00,0.0,0.0,62.58,48.95,38.45,101.143,70.0,0.0,0.0,21.162999999999997,0.0,689.5305750692518
2006-08-08 14:00:00,0.0,0.0,61.49,47.7,38.17,99.67,90.0,0.0,12.310000000000002,30.0,0.0,706.1305750692518
2006-08-08 15:00:00,0.0,0.0,61.24,47.03,39.07,95.19700000000002,90.0,0.0,7.856999999999999,30.0,0.0,722.7305750692518
2006-08-08 16:00:00,0.0,0.0,61.04,47.69,39.93,86.882,90.0,0.0,20.0,8.222000000000008,0.0,723.6504150692518
2006-08-08 17:00:00,0.0,0.0,60.27,48.05,39.71,75.247,90.0,0.0,0.0,17.217000000000002,0.0,731.0466550692519
2006-08-08 18:00:00,0.0,0.0,57.99,46.19,38.79,57.18599999999999,85.784,0.0,0.0,0.0,0.0,726.0466550692519
2006-08-08 19:00:00,0.0,0.0,55.81,45.04,37.4,42.532999999999994,90.0,5.716999999999992,0.0,0.0,0.0,721.0466550692519
2006-08-08 20:00:00,0.0,0.0,53.9,47.43,36.06,39.925,90.0,7.465000000000003,0.0,0.0,0.0,716.0466550692519
2006-08-08 21:00:00,0.0,0.0,50.15,48.45,34.21,41.257999999999996,90.0,1.551999999999989,0.0,0.0,0.0,711.0466550692519
2006-08-08 22:00:00,0.0,0.0,47.13,44.57,30.6,40.967999999999996,90.0,0.0,0.0,8.668,0.0,712.2876150692518
2006-08-08 23:00:00,0.0,0.0,45.28,41.39,26.84,41.394000000000005,90.0,0.0,0.0,17.884000000000007,0.0,720.1640950692519
2006-08-09 00:00:00,0.0,0.0,44.77,40.06,27.09,41.079,70.84100000000001,0.0,0.0,0.0,0.0,715.1640950692519
2006-08-09 01:00:00,0.0,0.0,44.67,37.77,25.32,41.161,90.0,0.0,0.0,23.400999999999982,0.0,727.0128150692518
2006-08-09 02:00:00,0.0,0.0,45.34,36.95,24.43,40.452,66.268,0.0,0.0,0.0,0.0,722.0128150692518
2006-08-09 03:00:00,0.0,0.0,47.32,37.84,23.98,39.549,90.0,0.0,0.0,20.40899999999998,0.0,731.7072950692518
2006-08-09 04:00:00,0.0,0.0,53.09,39.95,24.45,39.258,90.0,0.0,0.0,11.768000000000004,0.0,735.1802550692519
2006-08-09 05:00:00,0.0,0.0,58.39,43.42,28.72,45.48,90.0,0.0,0.0,4.950000000000006,0.0,733.7442550692518
2006-08-09 06:00:00,0.0,0.0,61.78,46.65,34.15,59.12000000000001,90.0,0.0,0.0,6.5399999999999885,0.0,733.4530550692518
2006-08-09 07:00:00,0.0,0.0,63.48,49.04,38.02,77.873,90.0,0.0,0.0,17.333000000000027,0.0,740.9328150692519
2006-08-09 08:00:00,0.0,0.0,65.26,50.41,39.94,88.83299999999998,66.777,0.0,0.0,0.0,0.0,735.9328150692519
2006-08-09 09:00:00,0.0,0.0,66.76,51.41,40.62,95.733,90.0,0.0,0.0,26.943000000000005,0.0,750.3317750692519
2006-08-09 10:00:00,0.0,0.0,66.35,52.37,41.12,102.117,90.0,0.0,2.2770000000000152,30.0,0.0,766.9317750692519
2006-08-09 11:00:00,0.0,0.0,65.3,51.43,41.3,105.906,90.0,0.0,7.876000000000005,30.0,0.0,783.5317750692519
2006-08-09 12:00:00,0.0,0.0,63.99,50.65,40.75,106.256,79.134,0.0,0.0,30.0,0.0,800.131775069252
2006-08-09 13:00:00,0.0,0.0,63.02,49.35,40.12,103.64899999999999,90.0,0.0,11.159000000000006,30.0,0.0,816.731775069252
2006-08-09 14:00:00,0.0,0.0,61.94,48.1,39.84,98.21199999999999,90.0,0.0,8.331999999999994,30.0,0.0,833.331775069252
2006-08-09 15:00:00,0.0,0.0,61.69,47.44,40.74,89.359,90.0,0.0,0.0,29.488999999999994,0.0,849.563855069252
2006-08-09 16:00:00,0.0,0.0,61.52,48.12,41.63,78.298,72.97200000000001,0.0,0.0,0.0,0.0,844.563855069252
2006-08-09 17:00:00,0.0,0.0,60.76,48.52,41.43,66.366,90.0,0.0,0.0,5.655999999999995,0.0,843.636175069252
2006-08-09 18:00:00,0.0,0.0,58.49,46.68,40.53,55.256,90.0,0.44400000000002393,0.0,0.0,0.0,838.636175069252
2006-08-09 19:00:00,0.0,0.0,56.3,45.51,39.13,45.36299999999999,90.0,5.576999999999977,0.0,0.0,0.0,833.636175069252
2006-08-09 20:00:00,0.0,0.0,54.37,47.85,37.76,44.709999999999994,90.0,5.269999999999978,0.0,0.0,0.0,828.636175069252
2006-08-09 21:00:00,0.0,0.0,50.61,48.86,35.89,46.025,90.0,0.0,0.0,0.6649999999999814,0.0,824.114975069252
2006-08-09 22:00:00,0.0,0.0,47.6,45.01,32.26,45.514,90.0,0.0,0.0,10.644000000000016,0.0,826.778655069252
2006-08-09 23:00:00,0.0,0.0,45.74,41.83,28.51,44.088,90.0,0.0,0.0,18.00799999999999,0.0,834.744415069252
2006-08-10 00:00:00,0.0,0.0,44.41,40.06,27.34,42.425,90.0,0.0,0.0,20.61500000000001,0.0,844.587215069252
2006-08-10 01:00:00,0.0,0.0,44.31,37.78,25.59,41.247,90.0,0.0,0.0,23.566999999999993,0.0,856.555455069252
2006-08-10 02:00:00,0.0,0.0,44.98,36.95,24.69,40.41700000000001,90.0,0.0,0.0,23.796999999999976,0.0,868.689295069252
2006-08-10 03:00:00,0.0,0.0,46.97,37.84,24.24,40.025000000000006,90.0,0.0,0.0,20.97499999999998,0.0,878.791295069252
2006-08-10 04:00:00,0.0,0.0,52.73,39.96,24.7,40.367000000000004,77.023,0.0,0.0,0.0,0.0,873.791295069252
2006-08-10 05:00:00,0.0,0.0,58.02,43.44,28.95,45.935,90.0,0.0,0.0,5.524999999999984,0.0,872.7692950692519
2006-08-10 06:00:00,0.0,0.0,61.41,46.66,34.37,59.322,83.11800000000001,0.0,0.0,0.0,0.0,867.7692950692519
2006-08-10 07:00:00,0.0,0.0,63.11,49.04,38.26,76.009,90.0,0.0,0.0,15.598999999999997,0.0,874.0005750692519
2006-08-10 08:00:00,0.0,0.0,64.89,50.41,40.19,88.163,70.0,0.0,0.0,2.673000000000016,0.0,870.925135069252
2006-08-10 09:00:00,0.0,0.0,66.38,51.4,40.86,96.00999999999999,90.0,0.0,0.0,27.370000000000005,0.0,885.631535069252
2006-08-10 10:00:00,0.0,0.0,65.98,52.35,41.37,99.721,90.0,0.0,0.021000000000015007,30.0,0.0,902.231535069252
2006-08-10 11:00:00,0.0,0.0,64.93,51.42,41.54,101.513,90.0,0.0,3.6229999999999905,30.0,0.0,918.831535069252
2006-08-10 12:00:00,0.0,0.0,63.62,50.63,41.0,100.769,90.0,0.0,35.51900000000002,0.0,0.0,913.831535069252
2006-08-10 13:00:00,0.0,0.0,62.65,49.33,40.37,98.335,90.0,0.0,31.54104432132963,4.443955678670381,0.0,912.0311831578947
2006-08-10 14:00:00,0.0,0.0,61.57,48.07,40.09,94.266,90.0,0.0,4.536000000000001,30.0,0.0,928.6311831578947
2006-08-10 15:00:00,0.0,0.0,61.34,47.42,40.99,86.356,90.0,0.0,12.985828254847613,13.62017174515237,0.0,933.4377068144045
2006-08-10 16:00:00,0.0,0.0,61.18,48.11,41.9,76.773,90.0,0.0,0.0,15.582999999999998,0.0,939.6574668144044
2006-08-10 17:00:00,0.0,0.0,60.44,48.55,41.74,64.672,90.0,0.0,0.0,3.941999999999979,0.0,937.4957068144043
2006-08-10 18:00:00,0.0,0.0,58.18,46.73,40.84,50.462,90.0,5.28799999999999,0.0,0.0,0.0,932.4957068144043
2006-08-10 19:00:00,0.0,0.0,55.97,45.54,39.44,39.498000000000005,90.0,11.451999999999984,0.0,0.0,0.0,927.4957068144043
2006-08-10 20:00:00,0.0,0.0,54.02,47.84,38.06,36.788,90.0,13.132000000000005,0.0,0.0,0.0,922.4957068144043
2006-08-10 21:00:00,0.0,0.0,50.27,48.84,36.15,36.571,90.0,8.689000000000014,0.0,0.0,0.0,917.4957068144043
2006-08-10 22:00:00,0.0,0.0,47.25,45.01,32.52,34.918,90.0,0.0,0.13800000000000523,0.0,0.0,912.4957068144043
2006-08-10 23:00:00,0.0,0.0,45.38,41.84,28.77,33.982,90.0,0.0,7.992000000000004,0.0,0.0,907.4957068144043
2006-08-11 00:00:00,0.0,0.0,43.66,39.33,27.0,32.509,77.48099999999998,0.0,0.0,0.0,0.0,902.4957068144043
2006-08-11 01:00:00,0.0,0.0,43.56,37.05,25.26,31.218999999999998,74.651,0.0,0.0,0.0,0.0,897.4957068144043
2006-08-11 02:00:00,0.0,0.0,44.23,36.22,24.37,29.360000000000003,75.46,0.0,0.0,0.0,0.0,892.4957068144043
2006-08-11 03:00:00,0.0,0.0,46.23,37.11,23.91,28.160000000000004,79.08999999999997,0.0,0.0,0.0,0.0,887.4957068144043
2006-08-11 04:00:00,0.0,0.0,51.97,39.24,24.37,28.131999999999998,90.0,0.0,0.0,2.551999999999996,0.0,884.3331468144044
2006-08-11 05:00:00,0.0,0.0,57.26,42.72,28.59,32.079,90.0,6.491,0.0,0.0,0.0,879.3331468144044
2006-08-11 06:00:00,0.0,0.0,60.65,45.94,34.02,42.81699999999999,90.0,7.792999999999992,0.0,0.0,0.0,874.3331468144044
2006-08-11 07:00:00,0.0,0.0,62.36,48.31,37.91,57.591,90.0,0.9890000000000043,0.0,0.0,0.0,869.3331468144044
2006-08-11 08:00:00,0.0,0.0,64.13,49.67,39.85,68.10600000000001,85.54399999999998,0.0,0.0,0.0,0.0,864.3331468144044
2006-08-11 09:00:00,0.0,0.0,65.62,50.65,40.52,75.572,81.21800000000002,0.0,0.0,0.0,0.0,859.3331468144044
2006-08-11 10:00:00,0.0,0.0,65.22,51.6,41.03,79.94,77.91,0.0,0.0,0.0,0.0,854.3331468144044
2006-08-11 11:00:00,0.0,0.0,64.18,50.67,41.2,79.71900000000001,76.331,0.0,0.0,0.0,0.0,849.3331468144044
2006-08-11 12:00:00,0.0,0.0,62.87,49.88,40.67,78.329,90.0,0.0,0.0,14.908999999999963,0.0,855.0676268144043
2006-08-11 13:00:00,0.0,0.0,61.89,48.57,40.04,74.406,90.0,0.0,0.0,13.906000000000027,0.0,860.0799468144044
2006-08-11 14:00:00,0.0,0.0,60.81,47.31,39.76,68.698,79.18199999999999,0.0,0.0,0.0,0.0,855.0799468144044
2006-08-11 15:00:00,0.0,0.0,60.59,46.66,40.67,61.394999999999996,90.0,0.0,3.4750000000000085,0.0,0.0,850.0799468144044
2006-08-11 16:00:00,0.0,0.0,60.46,47.38,41.6,51.839,90.0,7.600999999999999,0.0,0.0,0.0,845.0799468144044
2006-08-11 17:00:00,0.0,0.0,59.73,47.85,41.46,42.514,90.0,16.52600000000001,0.0,0.0,0.0,840.0799468144044
2006-08-11 18:00:00,0.0,0.0,57.48,46.05,40.58,32.879000000000005,90.0,21.230999999999995,0.0,0.0,0.0,835.0799468144044
2006-08-11 19:00:00,0.0,0.0,55.25,44.85,39.17,22.843000000000004,90.0,26.426999999999992,0.0,0.0,0.0,830.0799468144044
2006-08-11 20:00:00,0.0,0.0,53.28,47.09,37.77,22.192999999999998,90.0,25.94700000000003,0.0,0.0,0.0,825.0799468144044
2006-08-11 21:00:00,0.0,0.0,49.54,48.09,35.82,22.472,90.0,20.97799999999998,0.0,0.0,0.0,820.0799468144044
2006-08-11 22:00:00,0.0,0.0,46.51,44.29,32.19,22.189999999999998,90.0,10.79999999999999,0.0,0.0,0.0,815.0799468144044
2006-08-11 23:00:00,0.0,0.0,44.64,41.11,28.44,21.254,90.0,2.935999999999993,0.0,0.0,0.0,810.0799468144044
2006-08-12 00:00:00,0.0,0.0,35.34,34.76,24.71,20.578000000000003,90.0,0.0,0.0,15.768000000000022,0.0,816.4329068144044
2006-08-12 01:00:00,0.0,0.0,35.25,32.48,22.98,20.702,90.0,0.0,0.0,19.992000000000004,0.0,825.8271468144044
2006-08-12 02:00:00,0.0,0.0,35.91,31.64,22.08,20.948,90.0,0.0,21.317999999999998,0.0,0.0,820.8271468144044
2006-08-12 03:00:00,0.0,0.0,37.92,32.53,21.63,21.771,90.0,0.0,0.0,19.69099999999999,0.0,830.0046668144043
2006-08-12 04:00:00,0.0,0.0,43.65,34.68,22.08,22.697000000000003,77.713,0.0,0.0,0.0,0.0,825.0046668144043
2006-08-12 05:00:00,0.0,0.0,48.94,38.17,26.28,26.616,86.77399999999999,0.0,0.0,0.0,0.0,820.0046668144043
2006-08-12 06:00:00,0.0,0.0,52.33,41.38,31.7,37.282999999999994,90.0,0.0,1.872999999999962,0.0,0.0,815.0046668144043
2006-08-12 07:00:00,0.0,0.0,54.04,43.73,35.6,53.981,90.0,0.0,10.61099999999999,0.0,0.0,810.0046668144043
2006-08-12 08:00:00,0.0,0.0,55.8,45.09,37.55,66.688,71.75200000000001,0.0,0.0,0.0,0.0,805.0046668144043
2006-08-12 09:00:00,0.0,0.0,57.29,46.06,38.22,77.294,64.27599999999998,0.0,0.0,0.0,0.0,800.0046668144043
2006-08-12 10:00:00,0.0,0.0,56.9,47.01,38.72,84.184,90.0,0.0,20.0,11.55400000000001,0.0,803.3235468144044
2006-08-12 11:00:00,0.0,0.0,55.85,46.08,38.9,87.287,90.0,0.0,6.456999999999979,30.0,0.0,819.9235468144044
2006-08-12 12:00:00,0.0,0.0,54.55,45.28,38.37,88.055,50.144999999999996,0.0,0.0,0.0,0.0,814.9235468144044
2006-08-12 13:00:00,0.0,0.0,53.57,43.97,37.74,87.35100000000001,90.0,0.0,20.0,22.070999999999998,0.0,825.8146668144044
2006-08-12 14:00:00,0.0,0.0,52.49,42.71,37.47,84.752,90.0,0.0,12.081999999999994,30.0,0.0,842.4146668144044
2006-08-12 15:00:00,0.0,0.0,52.27,42.06,38.38,80.085,70.0,0.0,0.0,17.374999999999993,0.0,849.9246668144044
2006-08-12 16:00:00,0.0,0.0,52.17,42.8,39.33,72.707,90.0,0.0,20.0,8.40700000000001,0.0,850.9777068144044
2006-08-12 17:00:00,0.0,0.0,51.46,43.31,39.22,63.599999999999994,90.0,0.0,0.0,19.609999999999985,0.0,860.0969068144044
2006-08-12 18:00:00,0.0,0.0,49.21,41.53,38.35,53.331,90.0,0.0,0.0,14.24100000000001,0.0,865.3504268144044
2006-08-12 19:00:00,0.0,0.0,46.97,40.31,36.94,42.06100000000001,90.0,0.0,0.0,7.841000000000022,0.0,865.9959468144044
2006-08-12 20:00:00,0.0,0.0,44.97,42.5,35.51,37.617000000000004,90.0,0.0,0.0,4.636999999999986,0.0,864.3345868144044
2006-08-12 21:00:00,0.0,0.0,41.24,43.49,33.54,37.962,80.30799999999999,0.0,0.0,0.0,0.0,859.3345868144044
2006-08-12 22:00:00,0.0,0.0,38.21,39.72,29.89,37.702,90.0,0.0,0.0,19.88200000000002,0.0,868.6496268144044
2006-08-12 23:00:00,0.0,0.0,36.33,36.55,26.15,36.641,90.0,0.0,0.0,27.611000000000022,0.0,883.5295468144044
2006-08-13 00:00:00,0.0,0.0,31.44,32.65,23.81,35.698,90.0,0.0,24.477926131117442,13.320073868882567,0.0,888.1199999999999
2006-08-13 01:00:00,0.0,0.0,31.34,30.38,22.09,35.251999999999995,48.55800000000001,0.0,0.0,0.0,0.0,883.1199999999999
2006-08-13 02:00:00,0.0,0.0,32.01,29.53,21.19,35.088,90.0,0.0,12.358000000000004,30.0,0.0,899.7199999999999
2006-08-13 03:00:00,0.0,0.0,34.02,30.42,20.74,35.023,80.15699999999998,0.0,0.0,30.0,0.0,916.3199999999999
2006-08-13 04:00:00,0.0,0.0,39.74,32.59,21.19,35.033,90.0,0.0,1.5130000000000052,30.0,0.0,932.92
2006-08-13 05:00:00,0.0,0.0,45.02,36.08,25.36,36.826,90.0,0.0,0.0,20.366000000000014,0.0,942.58352
2006-08-13 06:00:00,0.0,0.0,48.41,39.28,30.77,45.871,90.0,0.0,0.0,17.411000000000016,0.0,950.11944
2006-08-13 07:00:00,0.0,0.0,50.12,41.63,34.69,59.251,70.0,0.0,0.0,2.8110000000000355,0.0,947.14336
2006-08-13 08:00:00,0.0,0.0,51.88,42.97,36.64,67.42099999999999,90.0,0.0,0.0,25.930999999999983,0.0,960.81368
2006-08-13 09:00:00,0.0,0.0,53.37,43.94,37.32,72.348,62.28200000000001,0.0,0.0,0.0,0.0,955.81368
2006-08-13 10:00:00,0.0,0.0,52.98,44.88,37.82,72.94300000000001,70.0,0.0,0.0,7.263000000000019,0.0,956.04304
2006-08-13 11:00:00,0.0,0.0,51.94,43.96,38.0,72.083,90.0,0.0,20.0,8.183000000000014,0.0,956.9348
2006-08-13 12:00:00,0.0,0.0,50.63,43.15,37.47,70.296,70.0,0.0,0.0,9.045999999999992,0.0,958.44792
2006-08-13 13:00:00,0.0,0.0,49.65,41.83,36.85,67.038,90.0,0.0,0.0,28.70800000000003,0.0,974.11768
2006-08-13 14:00:00,0.0,0.0,48.58,40.57,36.58,62.34100000000001,90.0,0.0,0.0,26.611000000000004,0.0,988.2776
2006-08-13 15:00:00,0.0,0.0,48.37,39.92,37.48,55.686,90.0,0.0,0.0,19.91600000000003,0.0,997.61712
2006-08-13 16:00:00,0.0,0.0,48.29,40.68,38.45,47.674,90.0,0.0,0.0,10.254000000000008,0.0,1000.0
2006-08-13 17:00:00,0.0,0.0,47.6,41.24,38.38,37.104,90.0,0.11600000000001387,0.0,0.0,0.0,995.0
2006-08-13 18:00:00,0.0,0.0,45.36,39.47,37.52,25.141,90.0,7.208999999999989,0.0,0.0,0.0,990.0
2006-08-13 19:00:00,0.0,0.0,43.1,38.23,36.11,16.413000000000004,90.0,11.027000000000005,0.0,0.0,0.0,985.0
2006-08-13 20:00:00,0.0,0.0,41.07,40.38,34.66,14.838999999999999,90.0,11.270999999999997,0.0,0.0,0.0,980.0
2006-08-13 21:00:00,0.0,0.0,37.34,41.37,32.65,15.440999999999999,90.0,5.919000000000011,0.0,0.0,0.0,975.0
2006-08-13 22:00:00,0.0,0.0,34.31,37.61,29.0,15.826,85.09400000000001,0.0,0.0,0.0,0.0,970.0
2006-08-13 23:00:00,0.0,0.0,32.43,34.45,25.25,16.479,90.0,0.0,0.0,14.348999999999997,0.0,975.33128
2006-08-14 00:00:00,0.0,0.0,42.87,38.68,25.29,17.636,90.0,0.0,0.0,0.7959999999999887,0.0,970.9044
2006-08-14 01:00:00,0.0,0.0,42.77,36.4,23.59,18.54,84.22,0.0,0.0,0.0,0.0,965.9044
2006-08-14 02:00:00,0.0,0.0,43.44,35.55,22.69,19.551000000000002,90.0,0.0,0.0,7.871000000000002,0.0,966.57152
2006-08-14 03:00:00,0.0,0.0,45.47,36.44,22.23,21.325000000000003,90.0,0.0,0.0,7.185000000000009,0.0,966.7447199999999
2006-08-14 04:00:00,0.0,0.0,51.17,38.63,22.68,23.52,90.0,0.0,0.0,1.0400000000000027,0.0,962.4935199999999
2006-08-14 05:00:00,0.0,0.0,56.44,42.12,26.83,30.506999999999998,90.0,4.882999999999996,0.0,0.0,0.0,957.4935199999999
2006-08-14 06:00:00,0.0,0.0,59.84,45.31,32.24,40.342999999999996,90.0,7.0470000000000255,0.0,0.0,0.0,952.4935199999999
2006-08-14 07:00:00,0.0,0.0,61.55,47.65,36.16,55.533,90.0,0.0,0.0,0.1729999999999947,0.0,947.6180799999998
2006-08-14 08:00:00,0.0,0.0,63.3,48.99,38.12,68.226,82.18400000000003,0.0,0.0,0.0,0.0,942.6180799999998
2006-08-14 09:00:00,0.0,0.0,64.79,49.96,38.8,76.86399999999999,90.0,0.0,0.0,13.314000000000007,0.0,947.2041599999999
2006-08-14 10:00:00,0.0,0.0,64.41,50.89,39.3,84.648,90.0,0.0,0.0,20.048000000000002,0.0,956.6387199999999
2006-08-14 11:00:00,0.0,0.0,63.37,49.97,39.48,90.165,70.0,0.0,0.0,7.344999999999995,0.0,956.92712
2006-08-14 12:00:00,0.0,0.0,62.06,49.15,38.96,92.328,90.0,0.0,2.157999999999987,30.0,0.0,973.52712
2006-08-14 13:00:00,0.0,0.0,61.07,47.83,38.33,92.57600000000002,70.0,0.0,0.0,15.34599999999999,0.0,979.57624
2006-08-14 14:00:00,0.0,0.0,60.01,46.57,38.07,88.779,70.0,0.0,14.129000000000033,0.0,0.0,974.57624
2006-08-14 15:00:00,0.0,0.0,59.8,45.92,38.97,81.303,90.0,0.0,0.0,26.613000000000014,0.0,988.7376
2006-08-14 16:00:00,0.0,0.0,59.74,46.7,39.97,71.43,90.0,0.0,15.019999999999996,0.0,0.0,983.7376
2006-08-14 17:00:00,0.0,0.0,59.07,47.3,39.92,57.958999999999996,88.33099999999999,0.0,0.0,0.0,0.0,978.7376
2006-08-14 18:00:00,0.0,0.0,56.84,45.55,39.07,44.01199999999999,90.0,7.448000000000004,0.0,0.0,0.0,973.7376
2006-08-14 19:00:00,0.0,0.0,54.57,44.29,37.66,34.302,90.0,12.218000000000004,0.0,0.0,0.0,968.7376
2006-08-14 20:00:00,0.0,0.0,52.52,46.39,36.18,36.725,90.0,8.365000000000013,0.0,0.0,0.0,963.7376
2006-08-14 21:00:00,0.0,0.0,48.79,47.37,34.14,37.807,90.0,2.493000000000009,0.0,0.0,0.0,958.7376
2006-08-14 22:00:00,0.0,0.0,45.76,43.64,30.49,36.706,83.184,0.0,0.0,0.0,0.0,953.7376
2006-08-14 23:00:00,0.0,0.0,43.87,40.48,26.74,37.82300000000001,73.26699999999998,0.0,0.0,0.0,0.0,948.7376
2006-08-15 00:00:00,0.0,0.0,44.28,39.64,26.29,38.207,90.0,0.0,17.997,0.0,0.0,943.7376
2006-08-15 01:00:00,0.0,0.0,44.18,37.37,24.59,39.29900000000001,90.0,0.0,0.0,23.158999999999995,0.0,955.4120800000001
2006-08-15 02:00:00,0.0,0.0,44.86,36.51,23.69,40.281,90.0,0.0,0.0,25.22100000000001,0.0,968.5712000000001
2006-08-15 03:00:00,0.0,0.0,46.89,37.4,23.23,39.986000000000004,67.53399999999999,0.0,0.0,0.0,0.0,963.5712000000001
2006-08-15 04:00:00,0.0,0.0,52.58,39.6,23.68,40.74,90.0,0.0,14.879999999999995,0.0,0.0,958.5712000000001
2006-08-15 05:00:00,0.0,0.0,57.85,43.09,27.8,43.652,90.0,0.0,0.0,4.911999999999999,0.0,957.1078400000001
2006-08-15 06:00:00,0.0,0.0,61.25,46.29,33.2,51.199000000000005,90.0,0.0,0.0,0.458999999999989,0.0,952.4383200000001
2006-08-15 07:00:00,0.0,0.0,62.95,48.62,37.14,63.266,85.44399999999999,0.0,0.0,0.0,0.0,947.4383200000001
2006-08-15 08:00:00,0.0,0.0,64.7,49.95,39.11,74.94099999999999,78.81900000000002,0.0,0.0,0.0,0.0,942.4383200000001
2006-08-15 09:00:00,0.0,0.0,66.18,50.91,39.79,85.91799999999998,70.96200000000002,0.0,0.0,0.0,0.0,937.4383200000001
2006-08-15 10:00:00,0.0,0.0,65.81,51.83,40.28,94.492,90.0,0.0,0.0,26.571999999999996,0.0,951.5701600000001
2006-08-15 11:00:00,0.0,0.0,64.77,50.91,40.46,99.02,90.0,0.0,20.0,12.880000000000003,0.0,955.8437599999999
2006-08-15 12:00:00,0.0,0.0,63.47,50.09,39.95,100.212,90.0,0.0,6.702,30.0,0.0,972.4437599999999
2006-08-15 13:00:00,0.0,0.0,62.48,48.77,39.33,97.57300000000001,90.0,0.0,6.993000000000009,30.0,0.0,989.0437599999999
2006-08-15 14:00:00,0.0,0.0,61.41,47.5,39.06,91.41,90.0,0.0,11.278555555555464,22.161444444444534,0.0,1000.0
2006-08-15 15:00:00,0.0,0.0,61.22,46.86,39.97,82.39300000000001,70.0,0.0,0.0,4.343000000000018,0.0,998.12696
2006-08-15 16:00:00,0.0,0.0,61.18,47.66,40.99,70.75,90.0,0.0,1.374111111111148,9.545888888888872,0.0,1000.0
2006-08-15 17:00:00,0.0,0.0,60.53,48.29,40.97,54.790000000000006,90.0,0.0,0.0,0.0,0.0,995.0
2006-08-15 18:00:00,0.0,0.0,58.3,46.57,40.13,36.870000000000005,90.0,13.130000000000015,0.0,0.0,0.0,990.0
2006-08-15 19:00:00,0.0,0.0,56.01,45.29,38.72,23.562,90.0,21.458000000000013,0.0,0.0,0.0,985.0
2006-08-15 20:00:00,0.0,0.0,53.94,47.34,37.22,20.472,90.0,23.027999999999995,0.0,0.0,0.0,980.0
2006-08-15 21:00:00,0.0,0.0,50.22,48.31,35.14,19.316,109.35400000000001,0.0,0.0,0.0,0.0,975.0
2006-08-15 22:00:00,0.0,0.0,47.18,44.61,31.48,17.471999999999998,90.0,10.798000000000002,0.0,0.0,0.0,970.0
2006-08-15 23:00:00,0.0,0.0,45.29,41.45,27.74,15.533000000000001,93.947,0.0,0.0,0.0,0.0,965.0
2006-08-16 00:00:00,0.0,0.0,44.74,40.08,26.86,13.754999999999999,92.925,0.0,0.0,0.0,0.0,960.0
2006-08-16 01:00:00,0.0,0.0,44.64,37.81,25.17,12.54,90.08000000000003,0.0,0.0,0.0,0.0,955.0
2006-08-16 02:00:00,0.0,0.0,45.31,36.94,24.27,10.940999999999999,90.0,0.5789999999999953,0.0,0.0,0.0,950.0
2006-08-16 03:00:00,0.0,0.0,47.35,37.83,23.82,10.055,90.0,3.9449999999999985,0.0,0.0,0.0,945.0
2006-08-16 04:00:00,0.0,0.0,53.02,40.05,24.25,10.198,90.0,0.0,0.0,0.0,12.12199999999999,917.96
2006-08-16 05:00:00,0.0,0.0,58.29,43.54,28.35,14.691000000000003,90.0,20.48899999999999,0.0,0.0,0.0,912.96
2006-08-16 06:00:00,0.0,0.0,61.69,46.73,33.75,25.195,90.0,21.975000000000005,0.0,0.0,0.0,907.96
2006-08-16 07:00:00,0.0,0.0,63.4,49.05,37.7,39.027,106.123,0.0,0.0,0.0,0.0,902.96
2006-08-16 08:00:00,0.0,0.0,65.15,50.38,39.67,53.26400000000001,90.0,6.936000000000021,0.0,0.0,0.0,897.96
2006-08-16 09:00:00,0.0,0.0,66.62,51.33,40.36,63.412,90.0,0.0,0.10199999999998965,0.0,0.0,892.96
2006-08-16 10:00:00,0.0,0.0,66.26,52.25,40.85,70.20100000000001,90.0,0.0,5.84099999999998,0.0,0.0,887.96
2006-08-16 11:00:00,0.0,0.0,65.22,51.33,41.03,74.295,90.0,0.0,11.715000000000003,0.0,0.0,882.96
2006-08-16 12:00:00,0.0,0.0,63.91,50.5,40.52,74.923,90.0,0.0,14.992999999999995,0.0,0.0,877.96
2006-08-16 13:00:00,0.0,0.0,62.92,49.17,39.9,71.146,90.0,0.0,14.155999999999995,0.0,0.0,872.96
2006-08-16 14:00:00,0.0,0.0,61.86,47.91,39.64,64.25800000000001,90.0,0.0,9.847999999999999,0.0,0.0,867.96
2006-08-16 15:00:00,0.0,0.0,61.67,47.27,40.55,55.552,90.0,0.0,1.0620000000000118,0.0,0.0,862.96
2006-08-16 16:00:00,0.0,0.0,61.66,48.09,41.59,45.751,90.0,0.0,0.0,0.0,10.589000000000013,838.7072727272728
2006-08-16 17:00:00,0.0,0.0,61.02,48.76,41.59,35.076,111.29400000000001,0.0,0.0,0.0,0.0,833.7072727272728
2006-08-16 18:00:00,0.0,0.0,58.8,47.05,40.77,25.988,91.8181403960665,23.81385960393352,0.0,0.0,0.0,828.7072727272728
2006-08-16 19:00:00,0.0,0.0,56.5,45.76,39.35,18.424,90.0,15.339767896066206,0.0,0.0,12.846232103933795,800.3504870837568
2006-08-16 20:00:00,0.0,0.0,54.41,47.76,37.83,14.443999999999999,115.0,5.555999999999997,0.0,0.0,0.0,795.3504870837568
2006-08-16 21:00:00,0.0,0.0,50.69,48.72,35.72,13.794,115.0,0.0,0.0,0.0,1.3359999999999967,787.9213961746659
2006-08-16 22:00:00,0.0,0.0,47.65,45.05,32.06,14.534,90.0,15.226000000000013,0.0,0.0,0.0,782.9213961746659
2006-08-16 23:00:00,0.0,0.0,45.75,41.9,28.32,15.31,90.0,5.660000000000011,0.0,0.0,0.0,777.9213961746659
2006-08-17 00:00:00,0.0,0.0,44.27,40.08,26.37,15.541,90.0,0.17900000000000205,0.0,0.0,0.0,772.9213961746659
2006-08-17 01:00:00,0.0,0.0,44.17,37.81,24.69,15.630999999999998,90.0,0.0,3.9609999999999843,0.0,0.0,767.9213961746659
2006-08-17 02:00:00,0.0,0.0,44.85,36.94,23.79,15.716999999999999,90.0,0.0,5.1370000000000005,0.0,0.0,762.9213961746659
2006-08-17 03:00:00,0.0,0.0,46.9,37.83,23.33,15.265,90.0,0.0,2.204999999999994,0.0,0.0,757.9213961746659
2006-08-17 04:00:00,0.0,0.0,52.56,40.06,23.77,14.161000000000001,97.22900000000001,0.0,0.0,0.0,0.0,752.9213961746659
2006-08-17 05:00:00,0.0,0.0,57.82,43.56,27.84,16.518,90.0,17.702,0.0,0.0,0.0,747.9213961746659
2006-08-17 06:00:00,0.0,0.0,61.22,46.74,33.24,23.913,90.0,20.0,0.0,0.0,2.2870000000000132,738.7632143564841
2006-08-17 07:00:00,0.0,0.0,62.93,49.05,37.2,36.503,107.67699999999999,0.0,0.0,0.0,0.0,733.7632143564841
2006-08-17 08:00:00,0.0,0.0,64.67,50.37,39.17,49.148,90.0,10.061999999999998,0.0,0.0,0.0,728.7632143564841
2006-08-17 09:00:00,0.0,0.0,66.15,51.31,39.86,58.471,93.84900000000002,0.0,0.0,0.0,0.0,723.7632143564841
2006-08-17 10:00:00,0.0,0.0,65.79,52.23,40.35,65.171,90.0,0.0,1.801000000000002,0.0,0.0,718.7632143564841
2006-08-17 11:00:00,0.0,0.0,64.75,51.31,40.53,71.534,90.0,0.0,9.943999999999988,0.0,0.0,713.7632143564841
2006-08-17 12:00:00,0.0,0.0,63.44,50.48,40.03,73.24,90.0,0.0,14.289999999999988,0.0,0.0,708.7632143564841
2006-08-17 13:00:00,0.0,0.0,62.45,49.14,39.41,71.293,90.0,0.0,15.292999999999978,0.0,0.0,703.7632143564841
2006-08-17 14:00:00,0.0,0.0,61.39,47.88,39.15,65.66399999999999,90.0,0.0,12.244000000000003,0.0,0.0,698.7632143564841
2006-08-17 15:00:00,0.0,0.0,61.21,47.24,40.06,57.434,90.0,0.0,3.9239999999999924,0.0,0.0,693.7632143564841
2006-08-17 16:00:00,0.0,0.0,61.23,48.08,41.12,48.76299999999999,90.0,6.667000000000005,0.0,0.0,0.0,688.7632143564841
2006-08-17 17:00:00,0.0,0.0,60.6,48.79,41.15,37.397000000000006,90.0,18.143000000000015,0.0,0.0,0.0,683.7632143564841
2006-08-17 18:00:00,0.0,0.0,58.39,47.11,40.34,26.392999999999997,90.0,20.0,0.0,0.0,4.4470000000000045,670.6777598110295
2006-08-17 19:00:00,0.0,0.0,56.07,45.79,38.92,11.58,124.19999999999999,0.0,0.0,0.0,0.0,665.6777598110295
2006-08-17 20:00:00,0.0,0.0,53.95,47.74,37.38,9.466999999999999,90.0,34.60300000000002,0.0,0.0,0.0,660.6777598110295
2006-08-17 21:00:00,0.0,0.0,50.24,48.7,35.24,11.014,90.0,28.166000000000025,0.0,0.0,0.0,655.6777598110295
2006-08-17 22:00:00,0.0,0.0,47.2,45.05,31.57,11.111999999999998,90.0,17.708000000000006,0.0,0.0,0.0,650.6777598110295
2006-08-17 23:00:00,0.0,0.0,45.3,41.9,27.83,10.847,99.183,0.0,0.0,0.0,0.0,645.6777598110295
2006-08-18 00:00:00,0.0,0.0,42.89,39.35,25.81,10.598,92.45200000000001,0.0,0.0,0.0,0.0,640.6777598110295
2006-08-18 01:00:00,0.0,0.0,42.79,37.09,24.14,10.496,90.0,0.0,1.4759999999999849,0.0,0.0,635.6777598110295
2006-08-18 02:00:00,0.0,0.0,43.47,36.21,23.24,10.219,90.0,0.0,2.2989999999999924,0.0,0.0,630.6777598110295
2006-08-18 03:00:00,0.0,0.0,45.52,37.09,22.78,10.121,90.0,0.0,0.0,0.0,0.269000000000009,625.1886689019386
2006-08-18 04:00:00,0.0,0.0,51.17,39.34,23.21,11.021000000000003,90.0,7.699000000000007,0.0,0.0,0.0,620.1886689019386
2006-08-18 05:00:00,0.0,0.0,56.43,42.85,27.26,15.826,105.714,0.0,0.0,0.0,0.0,615.1886689019386
2006-08-18 06:00:00,0.0,0.0,59.83,46.02,32.65,24.180999999999997,90.0,19.318999999999996,0.0,0.0,0.0,610.1886689019386
2006-08-18 07:00:00,0.0,0.0,61.54,48.32,36.63,37.083999999999996,90.0,14.406000000000027,0.0,0.0,0.0,605.1886689019386
2006-08-18 08:00:00,0.0,0.0,63.28,49.64,38.61,53.298,93.232,0.0,0.0,0.0,0.0,600.1886689019386
2006-08-18 09:00:00,0.0,0.0,64.75,50.57,39.3,67.90899999999999,90.0,0.0,0.0,3.289000000000012,0.0,597.5567489019386
2006-08-18 10:00:00,0.0,0.0,64.4,51.48,39.78,77.766,90.0,0.0,0.0,12.106000000000002,0.0,601.2730689019386
2006-08-18 11:00:00,0.0,0.0,63.36,50.57,39.96,85.965,90.0,0.0,4.465329639889212,17.609670360110815,0.0,608.9520315612184
2006-08-18 12:00:00,0.0,0.0,62.05,49.73,39.47,90.697,90.0,0.0,29.447000000000003,0.0,0.0,603.9520315612184
2006-08-18 13:00:00,0.0,0.0,61.06,48.39,38.86,92.26299999999999,90.0,0.0,3.953000000000003,30.0,0.0,620.5520315612184
2006-08-18 14:00:00,0.0,0.0,60.0,47.12,38.6,91.12299999999999,90.0,0.0,35.40299999999999,0.0,0.0,615.5520315612184
2006-08-18 15:00:00,0.0,0.0,59.83,46.48,39.51,87.52100000000002,90.0,0.0,30.774019390581845,0.9269806094181483,0.0,611.2194575999995
2006-08-18 16:00:00,0.0,0.0,59.87,47.34,40.59,77.65599999999999,90.0,0.0,19.85599999999998,0.0,0.0,606.2194575999995
2006-08-18 17:00:00,0.0,0.0,59.26,48.09,40.65,61.42099999999999,90.0,0.0,0.0,3.4209999999999923,0.0,603.6825775999995
2006-08-18 18:00:00,0.0,0.0,57.06,46.43,39.85,39.406000000000006,90.0,13.934000000000026,0.0,0.0,0.0,598.6825775999995
2006-08-18 19:00:00,0.0,0.0,54.72,45.1,38.43,23.392,90.0,24.858000000000004,0.0,0.0,0.0,593.6825775999995
2006-08-18 20:00:00,0.0,0.0,52.58,47.0,36.87,22.503999999999998,90.0,23.945999999999998,0.0,0.0,0.0,588.6825775999995
2006-08-18 21:00:00,0.0,0.0,48.88,47.95,34.69,22.552,90.0,18.967999999999996,0.0,0.0,0.0,583.6825775999995
2006-08-18 22:00:00,0.0,0.0,45.83,44.33,31.01,22.634,90.0,8.536000000000016,0.0,0.0,0.0,578.6825775999995
2006-08-18 23:00:00,0.0,0.0,43.92,41.18,27.28,22.805,90.0,0.0,0.0,0.4250000000000078,0.0,573.9885775999995
2006-08-19 00:00:00,0.0,0.0,34.7,34.25,23.57,21.457,90.0,0.0,0.0,18.937000000000005,0.0,582.6232175999995
2006-08-19 01:00:00,0.0,0.0,34.6,32.0,21.91,20.856,90.0,0.0,22.346,0.0,0.0,577.6232175999995
2006-08-19 02:00:00,0.0,0.0,35.28,31.11,21.0,20.081000000000003,90.0,0.0,0.0,22.69100000000001,0.0,588.9607375999996
2006-08-19 03:00:00,0.0,0.0,37.34,31.99,20.55,19.347,90.0,0.0,0.0,19.46699999999999,0.0,597.9769775999996
2006-08-19 04:00:00,0.0,0.0,42.97,34.26,20.97,18.471,90.0,0.0,0.0,10.270999999999987,0.0,600.3720975999996
2006-08-19 05:00:00,0.0,0.0,48.23,37.77,25.0,23.149000000000004,90.0,0.0,0.0,2.149000000000015,0.0,596.9193775999996
2006-08-19 06:00:00,0.0,0.0,51.63,40.93,30.39,34.803999999999995,90.0,0.0,0.0,1.8540000000000063,0.0,593.2542575999996
2006-08-19 07:00:00,0.0,0.0,53.34,43.22,34.37,44.602000000000004,90.0,0.0,0.0,3.6719999999999793,0.0,590.8980975999996
2006-08-19 08:00:00,0.0,0.0,55.07,44.53,36.36,59.032,90.0,0.0,0.0,13.072,0.0,595.3099375999996
2006-08-19 09:00:00,0.0,0.0,56.54,45.46,37.05,68.182,90.0,0.0,19.132000000000005,0.0,0.0,590.3099375999996
2006-08-19 10:00:00,0.0,0.0,56.2,46.37,37.53,74.448,90.0,0.0,0.0,24.34799999999999,0.0,602.8404975999996
2006-08-19 11:00:00,0.0,0.0,55.16,45.46,37.71,76.158,90.0,0.0,27.827999999999975,0.0,0.0,597.8404975999996
2006-08-19 12:00:00,0.0,0.0,53.86,44.61,37.22,73.61699999999999,90.0,0.0,27.927000000000003,0.0,0.0,592.8404975999996
2006-08-19 13:00:00,0.0,0.0,52.86,43.26,36.61,67.55600000000001,90.0,0.0,0.0,24.825999999999997,0.0,605.7152175999996
2006-08-19 14:00:00,0.0,0.0,51.8,42.0,36.36,58.394000000000005,90.0,0.0,0.0,18.23400000000002,0.0,613.8436975999996
2006-08-19 15:00:00,0.0,0.0,51.64,41.36,37.27,46.772999999999996,90.0,0.0,6.502999999999972,0.0,0.0,608.8436975999996
2006-08-19 16:00:00,0.0,0.0,51.7,42.24,38.37,33.53,90.0,8.78000000000003,0.0,0.0,0.0,603.8436975999996
2006-08-19 17:00:00,0.0,0.0,51.11,43.03,38.46,21.642,90.0,20.958000000000002,0.0,0.0,0.0,598.8436975999996
2006-08-19 18:00:00,0.0,0.0,48.91,41.38,37.67,13.415,90.0,24.545000000000016,0.0,0.0,0.0,593.8436975999996
2006-08-19 19:00:00,0.0,0.0,46.57,40.04,36.25,9.167,90.0,23.692999999999998,0.0,0.0,0.0,588.8436975999996
2006-08-19 20:00:00,0.0,0.0,44.4,41.89,34.67,10.559000000000001,90.0,20.40100000000001,0.0,0.0,0.0,583.8436975999996
2006-08-19 21:00:00,0.0,0.0,40.7,42.84,32.46,12.293,90.0,13.707000000000008,0.0,0.0,0.0,578.8436975999996
2006-08-19 22:00:00,0.0,0.0,37.65,39.23,28.77,12.536000000000001,90.0,3.113999999999983,0.0,0.0,0.0,573.8436975999996
2006-08-19 23:00:00,0.0,0.0,35.74,36.09,25.04,13.533999999999999,90.0,0.0,0.0,6.6640000000000015,0.0,573.6417775999996
2006-08-20 00:00:00,0.0,0.0,30.92,31.93,22.79,14.781,90.0,0.0,0.0,19.140999999999977,0.0,582.4232975999996
2006-08-20 01:00:00,0.0,0.0,30.81,29.67,21.14,15.106,90.0,0.0,0.0,23.48599999999999,0.0,594.3332175999996
2006-08-20 02:00:00,0.0,0.0,31.5,28.77,20.23,16.682,90.0,0.0,0.0,26.18199999999998,0.0,608.1842575999996
2006-08-20 03:00:00,0.0,0.0,33.56,29.66,19.78,18.820999999999998,90.0,0.0,0.0,25.820999999999998,0.0,621.7753775999996
2006-08-20 04:00:00,0.0,0.0,39.19,31.94,20.2,20.378000000000004,90.0,0.0,0.0,19.048000000000002,0.0,630.4899375999996
2006-08-20 05:00:00,0.0,0.0,44.43,35.45,24.2,27.133,90.0,0.0,0.0,13.052999999999997,0.0,634.8880975999996
2006-08-20 06:00:00,0.0,0.0,47.84,38.61,29.58,41.344,90.0,0.0,0.0,15.314,0.0,640.9141775999996
2006-08-20 07:00:00,0.0,0.0,49.55,40.89,33.58,63.747,90.0,0.0,0.0,29.727000000000018,0.0,657.3176175999996
2006-08-20 08:00:00,0.0,0.0,51.28,42.2,35.57,83.26499999999999,90.0,0.0,14.21499999999999,30.0,0.0,673.9176175999996
2006-08-20 09:00:00,0.0,0.0,52.74,43.12,36.26,96.67699999999999,90.0,0.0,24.557000000000002,30.0,0.0,690.5176175999997
2006-08-20 10:00:00,0.0,0.0,52.4,44.02,36.74,103.47199999999998,90.0,0.0,30.311999999999983,30.0,0.0,707.1176175999997
2006-08-20 11:00:00,0.0,0.0,51.37,43.11,36.93,105.975,90.0,0.0,34.565000000000005,30.0,0.0,723.7176175999997
2006-08-20 12:00:00,0.0,0.0,50.07,42.26,36.44,105.36700000000002,90.0,0.0,36.59700000000001,30.0,0.0,740.3176175999997
2006-08-20 13:00:00,0.0,0.0,49.07,40.91,35.83,101.77699999999999,90.0,0.0,35.96699999999999,30.0,0.0,756.9176175999997
2006-08-20 14:00:00,0.0,0.0,48.01,39.64,35.58,95.85199999999999,90.0,0.0,32.622000000000014,30.0,0.0,773.5176175999998
2006-08-20 15:00:00,0.0,0.0,47.86,39.01,36.49,87.37699999999998,90.0,0.0,24.016999999999985,30.0,0.0,790.1176175999998
2006-08-20 16:00:00,0.0,0.0,47.95,39.91,37.62,75.67699999999999,90.0,0.0,10.196999999999989,30.0,0.0,806.7176175999998
2006-08-20 17:00:00,0.0,0.0,47.37,40.73,37.74,56.532000000000004,90.0,0.0,0.0,20.691999999999997,0.0,816.6158575999998
2006-08-20 18:00:00,0.0,0.0,45.18,39.11,36.96,36.518,90.0,0.0,0.0,5.268000000000011,0.0,815.4088175999998
2006-08-20 19:00:00,0.0,0.0,42.82,37.74,35.53,26.91,90.0,0.0,0.0,0.8199999999999896,0.0,810.9992175999998
2006-08-20 20:00:00,0.0,0.0,40.63,39.54,33.93,29.339000000000002,90.0,0.0,0.0,5.2390000000000185,0.0,809.7712975999998
2006-08-20 21:00:00,0.0,0.0,36.94,40.49,31.68,31.53,90.0,0.0,0.0,12.420000000000012,0.0,813.7136975999998
2006-08-20 22:00:00,0.0,0.0,33.88,36.91,27.99,30.929000000000002,90.0,3.827419999999983,0.0,25.97641999999999,0.0,827.4167199999998
2006-08-20 23:00:00,0.0,0.0,31.96,33.77,24.26,30.060000000000002,90.0,0.0,0.06999999999999318,30.0,0.0,844.0167199999999
2006-08-21 00:00:00,0.0,0.0,42.49,38.7,25.21,29.615000000000002,90.0,0.0,0.0,13.214999999999982,0.0,848.5315199999999
2006-08-21 01:00:00,0.0,0.0,42.38,36.44,23.57,29.662000000000003,90.0,0.0,0.0,17.272000000000027,0.0,855.9673599999999
2006-08-21 02:00:00,0.0,0.0,43.07,35.54,22.66,28.944,90.0,0.0,0.0,17.674000000000007,0.0,863.6926399999999
2006-08-21 03:00:00,0.0,0.0,45.14,36.43,22.21,28.125,90.0,0.0,0.0,14.344999999999978,0.0,869.0210399999999
2006-08-21 04:00:00,0.0,0.0,50.75,38.72,22.62,28.144,90.0,0.0,0.0,6.053999999999991,0.0,868.3799199999999
2006-08-21 05:00:00,0.0,0.0,55.99,42.24,26.6,34.056,90.0,0.7740000000000009,0.0,0.0,0.0,863.3799199999999
2006-08-21 06:00:00,0.0,0.0,59.41,45.39,31.98,49.544,90.0,0.0,0.0,2.7639999999999993,0.0,860.3699999999999
2006-08-21 07:00:00,0.0,0.0,61.12,47.66,35.99,70.56199999999998,90.0,0.0,0.0,15.791999999999998,0.0,866.7402399999999
2006-08-21 08:00:00,0.0,0.0,62.84,48.96,37.99,87.93299999999999,90.0,0.0,0.0,28.14299999999999,0.0,882.0031999999999
2006-08-21 09:00:00,0.0,0.0,64.3,49.87,38.68,99.09000000000002,90.0,0.0,6.240000000000009,30.0,0.0,898.6031999999999
2006-08-21 10:00:00,0.0,0.0,63.96,50.77,39.16,105.098,90.0,0.0,11.207999999999998,30.0,0.0,915.2031999999999
2006-08-21 11:00:00,0.0,0.0,62.93,49.86,39.34,107.85199999999999,90.0,0.0,15.722000000000008,30.0,0.0,931.8032
2006-08-21 12:00:00,0.0,0.0,61.63,49.0,38.86,107.54499999999999,90.0,0.0,18.055000000000007,30.0,0.0,948.4032
2006-08-21 13:00:00,0.0,0.0,60.63,47.65,38.26,102.58,90.0,0.0,16.040000000000006,30.0,0.0,965.0032
2006-08-21 14:00:00,0.0,0.0,59.58,46.38,38.0,94.464,90.0,0.0,10.50399999999999,30.0,0.0,981.6032
2006-08-21 15:00:00,0.0,0.0,59.43,45.75,38.92,82.48100000000001,90.0,0.0,0.0,28.380999999999993,0.0,997.03752
2006-08-21 16:00:00,0.0,0.0,59.54,46.67,40.06,67.32900000000001,90.0,0.0,0.0,11.059000000000001,0.0,1000.0
2006-08-21 17:00:00,0.0,0.0,58.98,47.53,40.21,46.155,90.0,5.5650000000000235,0.0,0.0,0.0,995.0
2006-08-21 18:00:00,0.0,0.0,56.8,45.93,39.45,27.847,90.0,19.333000000000013,0.0,0.0,0.0,990.0
2006-08-21 19:00:00,0.0,0.0,54.42,44.55,38.02,19.487000000000002,90.0,22.503000000000007,0.0,0.0,0.0,985.0
2006-08-21 20:00:00,0.0,0.0,52.21,46.3,36.39,20.543,90.0,19.357,0.0,0.0,0.0,980.0
2006-08-21 21:00:00,0.0,0.0,48.52,47.23,34.11,21.17,90.0,13.690000000000012,0.0,0.0,0.0,975.0
2006-08-21 22:00:00,0.0,0.0,45.46,43.68,30.41,19.168999999999997,90.0,5.381000000000014,0.0,0.0,0.0,970.0
2006-08-21 23:00:00,0.0,0.0,43.54,40.55,26.69,17.455,90.0,0.0,0.0,0.0,0.0,965.0
2006-08-22 00:00:00,0.0,0.0,44.25,39.66,25.56,16.113,90.0,0.0,0.0,0.0,0.0,960.0
2006-08-22 01:00:00,0.0,0.0,44.15,37.41,23.93,14.641,90.0,0.0,0.8176666666666836,0.0,0.0,955.0
2006-08-22 02:00:00,0.0,0.0,44.83,36.5,23.03,13.904,90.0,0.0,1.2106666666666719,0.0,0.0,950.0
2006-08-22 03:00:00,0.0,0.0,46.91,37.38,22.57,13.722999999999999,90.0,0.0,0.19633333333331393,0.0,0.0,945.0
2006-08-22 04:00:00,0.0,0.0,52.51,39.7,22.98,13.909999999999998,90.0,6.280000000000024,0.0,0.0,0.0,940.0
2006-08-22 05:00:00,0.0,0.0,57.74,43.22,26.93,18.059,90.0,14.831000000000017,0.0,0.0,0.0,935.0
2006-08-22 06:00:00,0.0,0.0,61.16,46.36,32.31,27.963,90.0,16.867000000000004,0.0,0.0,0.0,930.0
2006-08-22 07:00:00,0.0,0.0,62.87,48.62,36.32,46.217999999999996,90.0,6.591999999999989,0.0,0.0,0.0,925.0
2006-08-22 08:00:00,0.0,0.0,64.59,49.92,38.33,62.076,90.0,0.0,2.569333333333314,0.0,0.0,920.0
2006-08-22 09:00:00,0.0,0.0,66.05,50.82,39.03,73.062,90.0,0.0,7.47742659279785,0.0,0.0,915.0
2006-08-22 10:00:00,0.0,0.0,65.72,51.72,39.5,80.932,90.0,0.0,15.658666666666676,0.0,0.0,910.0
2006-08-22 11:00:00,0.0,0.0,64.69,50.81,39.69,85.162,90.0,0.0,21.638666666666673,0.0,0.0,905.0
2006-08-22 12:00:00,0.0,0.0,63.39,49.94,39.21,86.64099999999999,90.0,0.0,25.76766666666667,0.0,0.0,900.0
2006-08-22 13:00:00,0.0,0.0,62.38,48.58,38.61,84.873,90.0,0.0,28.636333333333337,0.0,0.0,895.0
2006-08-22 14:00:00,0.0,0.0,61.33,47.31,38.36,79.422,90.0,0.0,22.421999999999997,0.0,0.0,890.0
2006-08-22 15:00:00,0.0,0.0,61.2,46.69,39.28,70.432,90.0,0.0,16.59533333333333,0.0,0.0,885.0
2006-08-22 16:00:00,0.0,0.0,61.33,47.63,40.44,57.562999999999995,90.0,0.0,1.4963333333333395,0.0,0.0,880.0
2006-08-22 17:00:00,0.0,0.0,60.79,48.53,40.62,40.227999999999994,90.0,14.71200000000002,0.0,0.0,0.0,875.0
2006-08-22 18:00:00,0.0,0.0,58.61,46.94,39.87,26.186000000000003,114.23400000000001,0.0,0.0,0.0,0.0,870.0
2006-08-22 19:00:00,0.0,0.0,56.22,45.54,38.44,22.768,90.0,22.431999999999988,0.0,0.0,0.0,865.0
2006-08-22 20:00:00,0.0,0.0,53.98,47.24,36.79,24.936,90.0,18.07399999999999,0.0,0.0,0.0,860.0
2006-08-22 21:00:00,0.0,0.0,50.3,48.17,34.47,27.073,99.39928000000005,1.4677199999999446,0.0,0.0,0.0,855.0
2006-08-22 22:00:00,0.0,0.0,47.23,44.65,30.77,27.4,90.25,0.0,0.0,0.0,0.0,850.0
2006-08-22 23:00:00,0.0,0.0,45.31,41.52,27.04,26.716,90.0,0.0,7.845999999999989,0.0,0.0,845.0
2006-08-23 00:00:00,0.0,0.0,44.71,40.09,26.14,24.23,90.0,0.0,8.289999999999992,0.0,0.0,840.0
2006-08-23 01:00:00,0.0,0.0,44.6,37.85,24.53,23.605,90.0,0.0,11.624999999999986,0.0,0.0,835.0
2006-08-23 02:00:00,0.0,0.0,45.29,36.93,23.62,21.991999999999997,90.0,0.0,11.151999999999996,0.0,0.0,830.0
2006-08-23 03:00:00,0.0,0.0,47.38,37.81,23.16,20.349999999999998,90.0,0.0,6.999999999999991,0.0,0.0,825.0
2006-08-23 04:00:00,0.0,0.0,52.96,40.14,23.57,19.169,90.0,2.5009999999999852,0.0,0.0,0.0,820.0
2006-08-23 05:00:00,0.0,0.0,58.19,43.66,27.5,21.319000000000003,90.0,13.030999999999992,0.0,0.0,0.0,815.0
2006-08-23 06:00:00,0.0,0.0,61.61,46.8,32.87,30.456999999999997,90.0,15.823,0.0,0.0,0.0,810.0
2006-08-23 07:00:00,0.0,0.0,63.32,49.06,36.9,44.691,90.0,9.588999999999999,0.0,0.0,0.0,805.0
2006-08-23 08:00:00,0.0,0.0,65.03,50.35,38.91,56.013,90.0,3.277000000000001,0.0,0.0,0.0,800.0
2006-08-23 09:00:00,0.0,0.0,66.49,51.24,39.61,65.11699999999999,90.0,0.0,2.777000000000001,0.0,0.0,795.0
2006-08-23 10:00:00,0.0,0.0,66.16,52.13,40.08,72.2,90.0,0.0,8.830000000000002,0.0,0.0,790.0
2006-08-23 11:00:00,0.0,0.0,65.14,51.23,40.26,76.356,90.0,0.0,14.725999999999999,0.0,0.0,785.0
2006-08-23 12:00:00,0.0,0.0,63.83,50.35,39.79,75.33200000000001,90.0,0.0,16.36200000000001,0.0,0.0,780.0
2006-08-23 13:00:00,0.0,0.0,62.83,48.99,39.2,70.444,90.0,0.0,14.423999999999994,0.0,0.0,775.0
2006-08-23 14:00:00,0.0,0.0,61.78,47.71,38.95,62.215999999999994,90.0,0.0,8.775999999999986,0.0,0.0,770.0
2006-08-23 15:00:00,0.0,0.0,61.65,47.09,39.87,51.391,90.0,2.2189999999999888,0.0,0.0,0.0,765.0
2006-08-23 16:00:00,0.0,0.0,61.81,48.05,41.06,39.58500000000001,90.0,16.335000000000008,0.0,0.0,0.0,760.0
2006-08-23 17:00:00,0.0,0.0,61.28,48.99,41.26,25.848,120.68200000000002,0.0,0.0,0.0,0.0,755.0
2006-08-23 18:00:00,0.0,0.0,59.11,47.43,40.52,13.893999999999998,90.0,38.166000000000025,0.0,0.0,0.0,750.0
2006-08-23 19:00:00,0.0,0.0,56.7,46.01,39.09,9.511000000000001,90.0,22.289000000000016,0.0,0.0,15.0,717.7272727272727
2006-08-23 20:00:00,0.0,0.0,54.44,47.66,37.41,10.674,90.0,33.83600000000001,0.0,0.0,0.0,712.7272727272727
2006-08-23 21:00:00,0.0,0.0,50.77,48.59,35.07,12.359,110.0,7.071000000000012,0.0,0.0,0.0,707.7272727272727
2006-08-23 22:00:00,0.0,0.0,47.7,45.09,31.36,13.380999999999998,90.0,0.7690000000000055,0.0,0.0,15.0,675.4545454545455
2006-08-23 23:00:00,0.0,0.0,45.77,41.96,27.63,13.322999999999999,97.037,0.0,0.0,0.0,0.0,670.4545454545455
2006-08-24 00:00:00,0.0,0.0,44.25,40.1,26.94,12.928,90.0,0.0,0.0,0.0,3.3619999999999948,659.3418181818182
2006-08-24 01:00:00,0.0,0.0,44.13,37.85,25.34,12.393,90.0,0.0,0.07299999999999507,0.0,0.0,654.3418181818182
2006-08-24 02:00:00,0.0,0.0,44.83,36.93,24.43,11.975999999999999,90.0,0.0,0.7860000000000014,0.0,0.0,649.3418181818182
2006-08-24 03:00:00,0.0,0.0,46.92,37.81,23.97,11.829,90.0,1.8710000000000147,0.0,0.0,0.0,644.3418181818182
2006-08-24 04:00:00,0.0,0.0,52.49,40.16,24.38,11.764,100.26599999999999,0.0,0.0,0.0,0.0,639.3418181818182
2006-08-24 05:00:00,0.0,0.0,57.72,43.68,28.28,13.363,90.0,6.317000000000013,0.0,0.0,15.0,607.069090909091
2006-08-24 06:00:00,0.0,0.0,61.14,46.81,33.64,21.275000000000002,90.0,10.315,0.0,0.0,15.0,574.7963636363637
2006-08-24 07:00:00,0.0,0.0,62.85,49.06,37.68,33.347,90.0,6.2430000000000065,0.0,0.0,15.0,542.5236363636365
2006-08-24 08:00:00,0.0,0.0,64.55,50.34,39.7,46.429,90.0,13.161000000000016,0.0,0.0,0.0,537.5236363636365
2006-08-24 09:00:00,0.0,0.0,66.01,51.23,40.4,57.766999999999996,90.0,0.0,0.0,0.0,4.8730000000000295,523.6636363636364
2006-08-24 10:00:00,0.0,0.0,65.69,52.11,40.87,64.369,90.0,0.0,0.6989999999999839,0.0,0.0,518.6636363636364
2006-08-24 11:00:00,0.0,0.0,64.67,51.21,41.06,67.264,90.0,0.0,5.323999999999994,0.0,0.0,513.6636363636364
2006-08-24 12:00:00,0.0,0.0,63.36,50.33,40.59,67.70400000000001,90.0,0.0,8.424000000000007,0.0,0.0,508.66363636363644
2006-08-24 13:00:00,0.0,0.0,62.35,48.96,40.0,65.08500000000001,90.0,0.0,8.775000000000006,0.0,0.0,503.66363636363644
2006-08-24 14:00:00,0.0,0.0,61.31,47.69,39.75,60.122,90.0,0.0,6.371999999999974,0.0,0.0,498.66363636363644
2006-08-24 15:00:00,0.0,0.0,61.19,47.07,40.67,52.338,91.592,0.0,0.0,0.0,0.0,493.66363636363644
2006-08-24 16:00:00,0.0,0.0,61.37,48.05,41.88,42.341,103.959,0.0,0.0,0.0,0.0,488.66363636363644
2006-08-24 17:00:00,0.0,0.0,60.86,49.03,42.11,28.591,90.0,24.279121562326807,0.0,0.0,4.129878437673205,476.1547664769579
2006-08-24 18:00:00,0.0,0.0,58.7,47.48,41.38,14.872,127.68800000000002,0.0,0.0,0.0,0.0,471.1547664769579
2006-08-24 19:00:00,0.0,0.0,56.27,46.05,39.95,8.737,110.0,3.5330000000000155,0.0,0.0,15.0,438.88203920423064
2006-08-24 20:00:00,0.0,0.0,53.99,47.65,38.26,9.419,110.0,0.48099999999998033,0.0,0.0,15.0,406.6093119315034
2006-08-24 21:00:00,0.0,0.0,50.32,48.57,35.88,9.607,110.0,0.0,0.0,0.0,10.162999999999993,383.1311301133216
2006-08-24 22:00:00,0.0,0.0,47.25,45.09,32.16,8.938,110.56200000000001,0.0,0.0,0.0,0.0,378.1311301133216
2006-08-24 23:00:00,0.0,0.0,45.31,41.97,28.44,8.838000000000001,90.0,0.0,0.0,0.0,11.882000000000005,351.5274937496852
2006-08-25 00:00:00,0.0,0.0,43.04,39.37,26.57,8.965,95.015,0.0,0.0,0.0,0.0,346.5274937496852
2006-08-25 01:00:00,0.0,0.0,42.93,37.13,24.98,9.078000000000001,90.962,0.0,0.0,0.0,0.0,341.5274937496852
2006-08-25 02:00:00,0.0,0.0,43.62,36.19,24.07,8.594,90.286,0.0,0.0,0.0,0.0,336.5274937496852
2006-08-25 03:00:00,0.0,0.0,45.72,37.08,23.61,7.812,92.47036656232711,1.1276334376728891,0.0,0.0,0.0,331.5274937496852
2006-08-25 04:00:00,0.0,0.0,51.28,39.44,24.01,6.984,90.0,12.746000000000011,0.0,0.0,0.0,326.5274937496852
2006-08-25 05:00:00,0.0,0.0,56.5,42.97,27.88,8.967,90.0,8.383000000000008,0.0,0.0,15.0,294.25476647695797
2006-08-25 06:00:00,0.0,0.0,59.93,46.09,33.25,17.118,90.0,27.152000000000015,0.0,0.0,0.0,289.25476647695797
2006-08-25 07:00:00,0.0,0.0,61.64,48.33,37.3,29.675,110.0,0.0,0.0,0.0,2.595000000000006,279.5365846587761
2006-08-25 08:00:00,0.0,0.0,63.34,49.6,39.32,41.393,90.0,0.8669999999999902,0.0,0.0,15.0,247.26385738604887
2006-08-25 09:00:00,0.0,0.0,64.79,50.49,40.03,51.597,90.0,0.0,0.0,0.0,8.713000000000012,226.42203920423066
2006-08-25 10:00:00,0.0,0.0,64.48,51.36,40.49,58.937,90.0,0.0,0.0,0.0,2.3930000000000042,217.07113011332157
2006-08-25 11:00:00,0.0,0.0,63.45,50.46,40.68,62.971000000000004,90.0,0.0,3.380999999999972,0.0,0.0,212.07113011332157
2006-08-25 12:00:00,0.0,0.0,62.15,49.58,40.22,63.543,90.0,0.0,6.592999999999989,0.0,0.0,207.07113011332157
2006-08-25 13:00:00,0.0,0.0,61.14,48.2,39.63,61.205,90.0,0.0,7.23499999999998,0.0,0.0,202.07113011332157
2006-08-25 14:00:00,0.0,0.0,60.1,46.93,39.38,55.33,90.0,0.0,3.9200000000000017,0.0,0.0,197.07113011332157
2006-08-25 15:00:00,0.0,0.0,59.99,46.31,40.3,47.202,90.0,4.398000000000025,0.0,0.0,0.0,192.07113011332157
2006-08-25 16:00:00,0.0,0.0,60.19,47.31,41.54,37.697,90.0,1.3429999999999893,0.0,0.0,15.0,159.7984028405943
2006-08-25 17:00:00,0.0,0.0,59.7,48.33,41.8,27.198,115.0,0.0,0.0,0.0,2.631999999999998,150.01294829513975
2006-08-25 18:00:00,0.0,0.0,57.54,46.8,41.08,18.247,115.0,0.0,0.0,0.0,7.173000000000011,131.97113011332155
2006-08-25 19:00:00,0.0,0.0,55.1,45.35,39.64,10.562,90.0,19.528000000000013,0.0,0.0,15.0,99.69840284059427
2006-08-25 20:00:00,0.0,0.0,52.8,46.9,37.93,11.207,90.0,31.423000000000002,0.0,0.0,0.0,94.69840284059427
2006-08-25 21:00:00,0.0,0.0,49.13,47.81,35.51,10.498000000000001,90.0,26.952000000000027,0.0,0.0,0.0,89.69840284059427
2006-08-25 22:00:00,0.0,0.0,46.06,44.36,31.79,8.897,93.313,0.0,0.0,0.0,15.0,57.425675567866996
2006-08-25 23:00:00,0.0,0.0,44.12,41.25,28.07,7.691999999999999,90.0,10.748000000000019,0.0,0.0,0.0,52.425675567866996
2006-08-26 00:00:00,0.0,0.0,34.83,34.27,23.77,6.567,90.0,0.0,3.6970000000000027,0.0,0.0,47.425675567866996
2006-08-26 01:00:00,0.0,0.0,34.72,32.03,22.19,6.079000000000001,90.0,0.0,7.13900000000001,0.0,0.0,42.425675567866996
2006-08-26 02:00:00,0.0,0.0,35.42,31.1,21.28,6.254999999999999,90.0,0.0,8.779833795013854,0.0,0.0,37.425675567866996
2006-08-26 03:00:00,0.0,0.0,37.52,31.98,20.82,6.364000000000001,90.0,0.0,6.043999999999979,0.0,0.0,32.425675567866996
2006-08-26 04:00:00,0.0,0.0,43.07,34.36,21.21,6.772,90.0,0.0,0.0,0.0,0.0,27.425675567866996
2006-08-26 05:00:00,0.0,0.0,48.28,37.89,25.06,9.081,90.0,7.149000000000001,0.0,0.0,0.0,22.425675567866996
2006-08-26 06:00:00,0.0,0.0,51.71,41.01,30.42,17.656000000000002,90.0,10.48400000000001,0.0,0.0,0.0,17.425675567866996
2006-08-26 07:00:00,0.0,0.0,53.42,43.23,34.48,30.605,90.0,5.524999999999985,0.0,0.0,0.0,12.425675567866998
2006-08-26 08:00:00,0.0,0.0,55.11,44.5,36.52,42.866,90.0,0.0,0.0,0.0,0.0,7.425675567866998
2006-08-26 09:00:00,0.0,0.0,56.56,45.38,37.22,53.846000000000004,90.0,0.0,0.0,4.686000000000014,0.0,5.799595567867009
2006-08-26 10:00:00,0.0,0.0,56.26,46.25,37.68,61.525999999999996,90.0,0.0,0.0,11.335999999999988,0.0,8.961515567867
2006-08-26 11:00:00,0.0,0.0,55.24,45.35,37.87,67.33800000000001,90.0,0.0,18.878000000000014,0.0,0.0,3.961515567867001
2006-08-26 12:00:00,0.0,0.0,53.94,44.46,37.41,72.426,90.0,0.0,20.0,6.616000000000017,0.0,3.725035567867013
2006-08-26 13:00:00,0.0,0.0,52.92,43.08,36.83,73.729,90.0,0.0,20.0,10.899000000000008,0.0,6.572315567867019
2006-08-26 14:00:00,0.0,0.0,51.88,41.8,36.59,70.647,90.0,0.0,0.37699999999999534,30.0,0.0,23.172315567867017
2006-08-26 15:00:00,0.0,0.0,51.78,41.19,37.51,63.565,90.0,0.0,0.0,23.08500000000001,0.0,34.793515567867026
2006-08-26 16:00:00,0.0,0.0,52.01,42.21,38.76,54.014,90.0,0.0,10.747216066481968,0.28678393351802356,0.0,30.0
2006-08-26 17:00:00,0.0,0.0,51.53,43.26,39.05,41.732000000000006,90.0,2.108000000000004,0.0,0.0,0.0,25.0
2006-08-26 18:00:00,0.0,0.0,49.38,41.76,38.34,28.494,90.0,10.985999999999988,0.0,0.0,0.0,20.0
2006-08-26 19:00:00,0.0,0.0,46.93,40.29,36.91,15.058,90.0,19.07199999999999,0.0,0.0,0.0,15.0
2006-08-26 20:00:00,0.0,0.0,44.6,41.79,35.17,12.952000000000002,90.0,18.60799999999999,0.0,0.0,0.0,10.0
2006-08-26 21:00:00,0.0,0.0,40.94,42.7,32.72,14.455,90.0,11.905000000000001,0.0,0.0,0.0,5.0
2006-08-26 22:00:00,0.0,0.0,37.86,39.27,28.99,15.622,90.0,0.49800000000001887,0.0,0.0,0.0,0.0
2006-08-26 23:00:00,0.0,0.0,35.91,36.16,25.27,16.771,87.51344444444442,0.0,0.0,6.944444444444445,0.0,0.0
2006-08-27 00:00:00,0.0,0.0,31.16,31.95,23.38,16.116999999999997,90.0,0.0,0.0,19.626999999999995,0.0,9.131439999999996
2006-08-27 01:00:00,0.0,0.0,31.04,29.71,21.8,16.627,90.0,0.0,0.0,24.076999999999977,0.0,21.466879999999982
2006-08-27 02:00:00,0.0,0.0,31.74,28.76,20.89,16.798,64.592,0.0,0.0,0.0,0.0,16.466879999999982
2006-08-27 03:00:00,0.0,0.0,33.86,29.65,20.44,17.476,90.0,0.0,0.0,23.526000000000018,0.0,28.405599999999993
2006-08-27 04:00:00,0.0,0.0,39.39,32.04,20.82,20.255,90.0,0.0,0.0,18.005000000000017,0.0,36.369200000000006
2006-08-27 05:00:00,0.0,0.0,44.6,35.57,24.65,25.192999999999998,90.0,0.0,0.0,10.373000000000005,0.0,38.83776000000001
2006-08-27 06:00:00,0.0,0.0,48.03,38.69,30.01,40.166999999999994,90.0,0.0,0.0,13.436999999999998,0.0,43.51240000000001
2006-08-27 07:00:00,0.0,0.0,49.74,40.9,34.08,56.017999999999994,68.702,0.0,0.0,0.0,0.0,38.51240000000001
2006-08-27 08:00:00,0.0,0.0,51.43,42.17,36.12,77.58200000000001,90.0,0.0,7.861999999999981,30.0,0.0,55.11240000000001
2006-08-27 09:00:00,0.0,0.0,52.88,43.04,36.82,92.41799999999999,40.322,0.0,0.0,0.0,0.0,50.11240000000001
2006-08-27 10:00:00,0.0,0.0,52.58,43.9,37.28,103.659,90.0,0.0,29.898999999999994,30.0,0.0,66.7124
2006-08-27 11:00:00,0.0,0.0,51.56,43.01,37.47,111.689,90.0,0.0,39.649,30.0,0.0,83.3124
2006-08-27 12:00:00,0.0,0.0,50.26,42.11,37.02,113.98700000000002,90.0,0.0,44.596999999999994,30.0,0.0,99.91239999999999
2006-08-27 13:00:00,0.0,0.0,49.24,40.72,36.44,113.102,70.0,0.0,26.702000000000012,30.0,0.0,116.51239999999999
2006-08-27 14:00:00,0.0,0.0,48.2,39.44,36.2,107.786,20.0,0.0,0.0,3.946000000000005,0.0,114.35351999999999
2006-08-27 15:00:00,0.0,0.0,48.11,38.83,37.12,98.22900000000001,90.0,0.0,34.169,30.0,0.0,130.95352
2006-08-27 16:00:00,0.0,0.0,48.36,39.88,38.4,81.626,90.0,0.0,14.98599999999999,30.0,0.0,147.55352
2006-08-27 17:00:00,0.0,0.0,47.9,40.97,38.71,56.546,71.03399999999999,0.0,0.0,0.0,0.0,142.55352
2006-08-27 18:00:00,0.0,0.0,45.76,39.48,38.02,32.089,90.0,1.1709999999999923,0.0,0.0,0.0,137.55352
2006-08-27 19:00:00,0.0,0.0,43.29,37.99,36.58,23.981,90.0,3.8789999999999907,0.0,0.0,0.0,132.55352
2006-08-27 20:00:00,0.0,0.0,40.93,39.45,34.82,26.624000000000002,90.0,0.0,0.0,1.4239999999999924,0.0,128.57879999999997
2006-08-27 21:00:00,0.0,0.0,37.28,40.35,32.34,27.916000000000004,90.0,0.0,7.945999999999991,0.0,0.0,123.57879999999997
2006-08-27 22:00:00,0.0,0.0,34.2,36.95,28.6,28.102,90.0,0.0,0.0,18.351999999999983,0.0,131.79223999999996
2006-08-27 23:00:00,0.0,0.0,32.25,33.84,24.88,28.419,62.55099999999999,0.0,0.0,0.0,0.0,126.79223999999996
2006-08-28 00:00:00,0.0,0.0,43.27,38.72,26.04,29.393,78.63700000000001,0.0,0.0,0.0,0.0,121.79223999999996
2006-08-28 01:00:00,0.0,0.0,43.15,36.48,24.48,29.064,75.04599999999999,0.0,0.0,0.0,0.0,116.79223999999996
2006-08-28 02:00:00,0.0,0.0,43.86,35.53,23.56,29.319,90.0,0.0,0.0,16.369,0.0,123.57791999999996
2006-08-28 03:00:00,0.0,0.0,45.98,36.41,23.11,30.709000000000003,74.791,0.0,0.0,0.0,0.0,118.57791999999996
2006-08-28 04:00:00,0.0,0.0,51.49,38.82,23.49,31.636,90.0,0.0,0.0,7.836000000000006,0.0,119.21983999999996
2006-08-28 05:00:00,0.0,0.0,56.7,42.36,27.29,36.553999999999995,89.79599999999999,0.0,0.0,0.0,0.0,114.21983999999996
2006-08-28 06:00:00,0.0,0.0,60.13,45.46,32.64,49.802,88.428,0.0,0.0,0.0,0.0,109.21983999999996
2006-08-28 07:00:00,0.0,0.0,61.85,47.67,36.73,68.813,90.0,0.0,0.0,12.563000000000006,0.0,113.26519999999996
2006-08-28 08:00:00,0.0,0.0,63.53,48.93,38.77,90.315,90.0,0.0,0.0,29.08499999999999,0.0,129.20639999999995
2006-08-28 09:00:00,0.0,0.0,64.97,49.79,39.48,100.574,90.0,0.0,6.334000000000003,30.0,0.0,145.80639999999994
2006-08-28 10:00:00,0.0,0.0,64.68,50.65,39.94,107.527,70.0,0.0,0.0,22.25699999999999,0.0,156.83143999999993
2006-08-28 11:00:00,0.0,0.0,63.66,49.76,40.13,111.33500000000001,90.0,0.0,17.784999999999997,30.0,0.0,173.43143999999992
2006-08-28 12:00:00,0.0,0.0,62.36,48.85,39.68,112.18499999999999,70.0,0.0,1.295000000000016,30.0,0.0,190.03143999999992
2006-08-28 13:00:00,0.0,0.0,61.34,47.46,39.1,109.44200000000001,70.0,0.0,1.5419999999999874,30.0,0.0,206.6314399999999
2006-08-28 14:00:00,0.0,0.0,60.31,46.18,38.87,103.807,41.553,0.0,0.0,0.0,0.0,201.6314399999999
2006-08-28 15:00:00,0.0,0.0,60.22,45.57,39.79,94.854,80.72599999999997,0.0,0.0,30.0,0.0,218.2314399999999
2006-08-28 16:00:00,0.0,0.0,60.5,46.64,41.08,83.01200000000001,70.0,0.0,0.0,4.792000000000016,0.0,216.68167999999991
2006-08-28 17:00:00,0.0,0.0,60.05,47.77,41.43,68.45100000000001,80.799,0.0,0.0,0.0,0.0,211.68167999999991
2006-08-28 18:00:00,0.0,0.0,57.92,46.3,40.75,56.193000000000005,88.77700000000002,0.0,0.0,0.0,0.0,206.68167999999991
2006-08-28 19:00:00,0.0,0.0,55.43,44.8,39.3,45.638000000000005,90.0,3.891999999999996,0.0,0.0,0.0,201.68167999999991
2006-08-28 20:00:00,0.0,0.0,53.06,46.2,37.52,43.401,90.0,3.379000000000019,0.0,0.0,0.0,196.68167999999991
2006-08-28 21:00:00,0.0,0.0,49.41,47.1,35.01,45.511,86.00899999999999,0.0,0.0,0.0,0.0,191.68167999999991
2006-08-28 22:00:00,0.0,0.0,46.32,43.72,31.26,46.208999999999996,90.0,0.0,0.0,14.909000000000006,0.0,197.4161599999999
2006-08-28 23:00:00,0.0,0.0,44.37,40.62,27.55,46.775000000000006,90.0,0.0,0.0,24.23500000000002,0.0,209.86535999999992
2006-08-29 00:00:00,0.0,0.0,45.49,41.72,26.68,48.023999999999994,90.0,0.0,0.0,24.134000000000015,0.0,222.24183999999994
2006-08-29 01:00:00,0.0,0.0,45.38,39.49,25.12,47.672,90.0,0.0,0.0,27.68199999999998,0.0,237.17287999999994
2006-08-29 02:00:00,0.0,0.0,46.08,38.53,24.21,47.39,70.0,0.0,0.0,8.570000000000007,0.0,238.34327999999994
2006-08-29 03:00:00,0.0,0.0,48.21,39.41,23.75,46.21,65.16,0.0,0.0,0.0,0.0,233.34327999999994
2006-08-29 04:00:00,0.0,0.0,53.71,41.84,24.13,45.904999999999994,73.775,0.0,0.0,0.0,0.0,228.34327999999994
2006-08-29 05:00:00,0.0,0.0,58.91,45.38,27.91,48.038999999999994,90.0,0.0,0.0,5.839000000000006,0.0,227.54735999999994
2006-08-29 06:00:00,0.0,0.0,62.35,48.48,33.26,58.697,85.39299999999999,0.0,0.0,0.0,0.0,222.54735999999994
2006-08-29 07:00:00,0.0,0.0,64.06,50.68,37.35,76.176,75.914,0.0,0.0,0.0,0.0,217.54735999999994
2006-08-29 08:00:00,0.0,0.0,65.74,51.93,39.4,95.881,70.0,0.0,0.0,8.810999999999972,0.0,218.8912799999999
2006-08-29 09:00:00,0.0,0.0,67.18,52.78,40.11,108.386,90.0,0.0,8.315999999999988,30.0,0.0,235.4912799999999
2006-08-29 10:00:00,0.0,0.0,66.89,53.64,40.57,114.96499999999999,70.0,0.0,0.0,23.864999999999995,0.0,247.6740799999999
2006-08-29 11:00:00,0.0,0.0,65.88,52.75,40.76,117.316,90.0,0.0,17.926000000000016,30.0,0.0,264.2740799999999
2006-08-29 12:00:00,0.0,0.0,64.58,51.83,40.32,117.481,40.0,0.0,0.0,0.7510000000000012,0.0,259.81479999999993
2006-08-29 13:00:00,0.0,0.0,63.55,50.44,39.74,115.148,90.0,0.0,21.418,30.0,0.0,276.41479999999996
2006-08-29 14:00:00,0.0,0.0,62.52,49.16,39.51,109.113,70.0,0.0,0.0,27.92300000000001,0.0,291.51935999999995
2006-08-29 15:00:00,0.0,0.0,62.45,48.55,40.43,99.662,90.0,0.0,31.927210526315864,6.304789473684121,0.0,291.0588084210525
2006-08-29 16:00:00,0.0,0.0,62.75,49.64,41.75,84.41900000000001,90.0,0.0,0.0,20.279000000000014,0.0,300.6596884210525
2006-08-29 17:00:00,0.0,0.0,62.32,50.8,42.12,64.92999999999999,90.0,0.3100000000000165,0.0,0.0,0.0,295.6596884210525
2006-08-29 18:00:00,0.0,0.0,60.19,49.36,41.45,48.28499999999999,90.0,12.715000000000003,0.0,0.0,0.0,290.6596884210525
2006-08-29 19:00:00,0.0,0.0,57.69,47.84,40.01,38.003,90.0,17.536999999999985,0.0,0.0,0.0,285.6596884210525
2006-08-29 20:00:00,0.0,0.0,55.29,49.19,38.2,35.638,90.0,17.042000000000005,0.0,0.0,0.0,280.6596884210525
2006-08-29 21:00:00,0.0,0.0,51.64,50.08,35.65,36.153,90.0,11.216999999999999,0.0,0.0,0.0,275.6596884210525
2006-08-29 22:00:00,0.0,0.0,48.55,46.73,31.9,36.76499999999999,90.0,0.41499999999999204,0.0,0.0,0.0,270.6596884210525
2006-08-29 23:00:00,0.0,0.0,46.6,43.63,28.19,36.71,90.0,0.0,0.0,8.289999999999985,0.0,271.6284884210525
2006-08-30 00:00:00,0.0,0.0,45.79,42.13,27.56,36.657,78.82300000000001,0.0,0.0,0.0,0.0,266.6284884210525
2006-08-30 01:00:00,0.0,0.0,45.67,39.9,26.02,35.462,90.0,0.0,0.0,13.871999999999986,0.0,271.6163284210525
2006-08-30 02:00:00,0.0,0.0,46.37,38.93,25.1,34.580999999999996,75.81900000000002,0.0,0.0,0.0,0.0,266.6163284210525
2006-08-30 03:00:00,0.0,0.0,48.51,39.82,24.64,34.677,90.0,0.0,0.0,11.707000000000015,0.0,270.0453684210525
2006-08-30 04:00:00,0.0,0.0,54.0,42.26,25.02,34.13399999999999,90.0,0.0,0.0,2.8540000000000028,0.0,267.1002484210525
2006-08-30 05:00:00,0.0,0.0,59.2,45.8,28.77,36.726,90.0,7.044000000000011,0.0,0.0,0.0,262.1002484210525
2006-08-30 06:00:00,0.0,0.0,62.63,48.89,34.11,47.828,90.0,7.802000000000007,0.0,0.0,0.0,257.1002484210525
2006-08-30 07:00:00,0.0,0.0,64.35,51.08,38.22,66.155,90.0,0.0,0.0,2.5050000000000026,0.0,253.90384842105252
2006-08-30 08:00:00,0.0,0.0,66.02,52.33,40.28,85.197,73.433,0.0,0.0,0.0,0.0,248.90384842105252
2006-08-30 09:00:00,0.0,0.0,67.46,53.18,40.99,95.898,70.0,0.0,0.0,4.267999999999994,0.0,246.9768084210525
2006-08-30 10:00:00,0.0,0.0,67.18,54.03,41.44,97.54099999999998,70.0,0.0,0.0,4.890999999999977,0.0,245.4983284210525
2006-08-30 11:00:00,0.0,0.0,66.16,53.14,41.63,96.73299999999999,70.0,0.0,0.0,5.803000000000004,0.0,244.67648842105248
2006-08-30 12:00:00,0.0,0.0,64.86,52.22,41.2,95.861,90.0,0.0,0.0,27.581000000000007,0.0,259.5348084210525
2006-08-30 13:00:00,0.0,0.0,63.84,50.82,40.63,95.076,60.21399999999999,0.0,0.0,0.0,0.0,254.5348084210525
2006-08-30 14:00:00,0.0,0.0,62.81,49.54,40.39,92.768,59.97199999999999,0.0,0.0,0.0,0.0,249.5348084210525
2006-08-30 15:00:00,0.0,0.0,62.74,48.93,41.32,86.65599999999999,90.0,0.0,0.0,23.665999999999986,0.0,261.5743284210525
2006-08-30 16:00:00,0.0,0.0,63.07,50.04,42.66,76.687,90.0,0.0,0.0,10.916999999999998,0.0,264.43456842105246
2006-08-30 17:00:00,0.0,0.0,62.65,51.24,43.06,61.874,90.0,5.076000000000008,0.0,0.0,0.0,259.43456842105246
2006-08-30 18:00:00,0.0,0.0,60.53,49.82,42.4,48.19500000000001,90.0,14.554999999999978,0.0,0.0,0.0,254.43456842105246
2006-08-30 19:00:00,0.0,0.0,58.02,48.28,40.95,43.736,90.0,13.51400000000001,0.0,0.0,0.0,249.43456842105246
2006-08-30 20:00:00,0.0,0.0,55.59,49.58,39.13,47.793,90.0,6.507000000000005,0.0,0.0,0.0,244.43456842105246
2006-08-30 21:00:00,0.0,0.0,51.95,50.47,36.54,49.831,89.12899999999999,0.0,0.0,0.0,0.0,239.43456842105246
2006-08-30 22:00:00,0.0,0.0,48.86,47.14,32.79,48.321999999999996,90.0,0.0,0.0,9.53200000000001,0.0,241.29760842105247
2006-08-30 23:00:00,0.0,0.0,46.9,44.05,29.08,46.23400000000001,90.0,0.0,0.0,16.204,0.0,247.96448842105247
2006-08-31 00:00:00,0.0,0.0,44.76,40.12,25.88,44.912,90.0,0.0,0.0,24.152000000000015,0.0,260.3539284210525
2006-08-31 01:00:00,0.0,0.0,44.64,37.89,24.35,45.188,90.0,0.0,0.0,28.30799999999998,0.0,275.7356884210525
2006-08-31 02:00:00,0.0,0.0,45.34,36.92,23.43,44.02100000000001,70.0,0.0,0.0,8.330999999999982,0.0,276.73400842105247
2006-08-31 03:00:00,0.0,0.0,47.49,37.8,22.97,45.072,90.0,0.0,0.0,26.812000000000005,0.0,291.03864842105247
2006-08-31 04:00:00,0.0,0.0,52.96,40.26,23.34,44.18,72.38000000000001,0.0,0.0,0.0,0.0,286.03864842105247
2006-08-31 05:00:00,0.0,0.0,58.15,43.8,27.07,45.508,90.0,0.0,0.0,6.488000000000021,0.0,285.71000842105246
2006-08-31 06:00:00,0.0,0.0,61.59,46.89,32.41,54.577999999999996,90.0,0.0,0.0,3.6879999999999775,0.0,283.36536842105244
2006-08-31 07:00:00,0.0,0.0,63.31,49.07,36.53,67.298,90.0,0.0,0.0,8.387999999999977,0.0,284.4047284210524
2006-08-31 08:00:00,0.0,0.0,64.97,50.31,38.59,80.57600000000001,90.0,0.0,0.0,16.705999999999985,0.0,291.43304842105243
2006-08-31 09:00:00,0.0,0.0,66.41,51.15,39.3,91.06299999999999,90.0,0.0,0.0,24.203000000000014,0.0,303.8592084210525
2006-08-31 10:00:00,0.0,0.0,66.13,51.99,39.75,100.52800000000002,57.34199999999998,0.0,0.0,0.0,0.0,298.8592084210525
2006-08-31 11:00:00,0.0,0.0,65.12,51.11,39.94,108.73700000000001,90.0,0.0,12.567000000000007,30.0,0.0,315.4592084210525
2006-08-31 12:00:00,0.0,0.0,63.82,50.18,39.52,111.25600000000001,72.26400000000002,0.0,0.0,30.0,0.0,332.0592084210525
2006-08-31 13:00:00,0.0,0.0,62.8,48.78,38.95,108.388,90.0,0.0,20.0,27.857999999999993,0.0,347.1169684210525
2006-08-31 14:00:00,0.0,0.0,61.77,47.49,38.72,101.267,70.0,0.0,0.0,23.287000000000013,0.0,358.8836084210525
2006-08-31 15:00:00,0.0,0.0,61.71,46.89,39.64,89.44500000000001,90.0,0.0,1.2050000000000125,30.0,0.0,375.4836084210525
2006-08-31 16:00:00,0.0,0.0,62.06,48.02,41.0,71.109,79.97100000000003,0.0,0.0,0.0,0.0,370.4836084210525
2006-08-31 17:00:00,0.0,0.0,61.66,49.26,41.43,48.256,90.0,14.093999999999994,0.0,0.0,0.0,365.4836084210525
2006-08-31 18:00:00,0.0,0.0,59.55,47.86,40.79,35.586999999999996,90.0,22.612999999999996,0.0,0.0,0.0,360.4836084210525
2006-08-31 19:00:00,0.0,0.0,57.02,46.3,39.34,33.711,90.0,18.949000000000012,0.0,0.0,0.0,355.4836084210525
2006-08-31 20:00:00,0.0,0.0,54.57,47.55,37.49,35.784,90.0,13.826000000000008,0.0,0.0,0.0,350.4836084210525
2006-08-31 21:00:00,0.0,0.0,50.94,48.43,34.87,38.260999999999996,90.0,5.979000000000003,0.0,0.0,0.0,345.4836084210525
2006-08-31 22:00:00,0.0,0.0,47.84,45.13,31.11,39.437000000000005,84.64300000000003,0.0,0.0,0.0,0.0,340.4836084210525
2006-08-31 23:00:00,0.0,0.0,45.87,42.04,27.4,40.894,90.0,0.0,0.0,15.583999999999989,0.0,346.7040884210525
2006-09-01 00:00:00,0.0,0.0,42.83,39.39,25.3,40.846,66.674,0.0,0.0,0.0,0.0,341.7040884210525
2006-09-01 01:00:00,0.0,0.0,42.71,37.17,23.79,41.544999999999995,90.0,0.0,0.0,27.875000000000014,0.0,356.7740884210525
2006-09-01 02:00:00,0.0,0.0,43.42,36.18,22.88,41.925,70.0,0.0,0.0,9.445,0.0,358.57448842105254
2006-09-01 03:00:00,0.0,0.0,45.58,37.06,22.42,42.106,90.0,0.0,0.0,27.045999999999992,0.0,373.04760842105253
2006-09-01 04:00:00,0.0,0.0,51.03,39.55,22.78,40.686,90.0,0.0,0.0,17.325999999999986,0.0,380.5223284210525
2006-09-01 05:00:00,0.0,0.0,56.21,43.1,26.46,40.488,90.0,0.0,0.0,4.717999999999989,0.0,378.9192884210525
2006-09-01 06:00:00,0.0,0.0,59.65,46.18,31.79,48.086999999999996,90.0,0.0,0.0,0.46700000000000585,0.0,374.25552842105253
2006-09-01 07:00:00,0.0,0.0,61.37,48.34,35.93,62.352000000000004,83.288,0.0,0.0,0.0,0.0,369.25552842105253
2006-09-01 08:00:00,0.0,0.0,63.03,49.57,38.01,82.185,90.0,0.0,0.0,21.57500000000002,0.0,379.7895284210525
2006-09-01 09:00:00,0.0,0.0,64.46,50.39,38.72,100.24800000000002,53.32199999999999,0.0,0.0,0.0,0.0,374.7895284210525
2006-09-01 10:00:00,0.0,0.0,64.19,51.23,39.16,111.18,70.0,0.0,0.0,26.600000000000023,0.0,388.94152842105257
2006-09-01 11:00:00,0.0,0.0,63.18,50.35,39.36,115.49000000000001,40.0,0.0,0.0,2.5999999999999908,0.0,385.8135284210526
2006-09-01 12:00:00,0.0,0.0,61.89,49.4,38.94,113.542,90.0,0.0,23.31199999999999,30.0,0.0,402.4135284210526
2006-09-01 13:00:00,0.0,0.0,60.85,47.99,38.38,107.067,90.0,0.0,19.84699999999998,30.0,0.0,419.0135284210526
2006-09-01 14:00:00,0.0,0.0,59.83,46.71,38.15,97.205,70.0,0.0,0.0,22.514999999999986,0.0,430.22432842105263
2006-09-01 15:00:00,0.0,0.0,59.79,46.11,39.08,83.54700000000001,90.0,0.0,0.0,28.566999999999997,0.0,445.79256842105264
2006-09-01 16:00:00,0.0,0.0,60.19,47.28,40.48,65.86,90.0,0.0,0.0,7.910000000000011,0.0,446.48776842105264
2006-09-01 17:00:00,0.0,0.0,59.82,48.6,40.97,44.466,90.0,14.923999999999992,0.0,0.0,0.0,441.48776842105264
2006-09-01 18:00:00,0.0,0.0,57.72,47.23,40.34,24.888,90.0,30.402000000000008,0.0,0.0,0.0,436.48776842105264
2006-09-01 19:00:00,0.0,0.0,55.16,45.64,38.89,18.927999999999997,90.0,30.762000000000008,0.0,0.0,0.0,431.48776842105264
2006-09-01 20:00:00,0.0,0.0,52.66,46.79,37.0,19.805,90.0,26.644999999999982,0.0,0.0,0.0,426.48776842105264
2006-09-01 21:00:00,0.0,0.0,49.04,47.66,34.31,18.744,90.0,22.266000000000005,0.0,0.0,0.0,421.48776842105264
2006-09-01 22:00:00,0.0,0.0,45.94,44.41,30.54,17.956,90.0,12.933999999999997,0.0,0.0,0.0,416.48776842105264
2006-09-01 23:00:00,0.0,0.0,43.96,41.32,26.84,16.857999999999997,90.0,5.262000000000015,0.0,0.0,0.0,411.48776842105264
2006-09-02 00:00:00,0.0,0.0,34.64,34.3,23.98,16.843,90.0,0.0,0.0,13.923000000000016,0.0,416.51232842105264
2006-09-02 01:00:00,0.0,0.0,34.52,32.08,22.47,16.079,72.991,0.0,0.0,0.0,0.0,411.51232842105264
2006-09-02 02:00:00,0.0,0.0,35.23,31.08,21.56,15.522,90.0,0.0,0.0,17.652,0.0,419.2217684210526
2006-09-02 03:00:00,0.0,0.0,37.39,31.96,21.1,14.919,90.0,0.0,0.0,14.469000000000001,0.0,424.63944842105263
2006-09-02 04:00:00,0.0,0.0,42.83,34.47,21.46,15.048,83.712,0.0,0.0,0.0,0.0,419.63944842105263
2006-09-02 05:00:00,0.0,0.0,48.01,38.03,25.11,18.653000000000002,90.0,2.4970000000000034,0.0,0.0,0.0,414.63944842105263
2006-09-02 06:00:00,0.0,0.0,51.45,41.09,30.43,30.715000000000003,90.0,2.255000000000006,0.0,0.0,0.0,409.63944842105263
2006-09-02 07:00:00,0.0,0.0,53.17,43.24,34.59,39.13399999999999,90.0,1.8660000000000245,0.0,0.0,0.0,404.63944842105263
2006-09-02 08:00:00,0.0,0.0,54.82,44.46,36.67,53.334,82.61599999999999,0.0,0.0,0.0,0.0,399.63944842105263
2006-09-02 09:00:00,0.0,0.0,56.25,45.28,37.39,67.694,71.22600000000003,0.0,0.0,0.0,0.0,394.63944842105263
2006-09-02 10:00:00,0.0,0.0,55.99,46.11,37.83,78.747,90.0,0.0,0.0,28.816999999999982,0.0,410.38768842105264
2006-09-02 11:00:00,0.0,0.0,54.98,45.23,38.02,85.708,90.0,0.0,7.477999999999994,30.0,0.0,426.98768842105267
2006-09-02 12:00:00,0.0,0.0,53.69,44.29,37.61,89.134,70.0,0.0,0.0,23.54400000000002,0.0,438.9393684210527
2006-09-02 13:00:00,0.0,0.0,52.65,42.87,37.05,86.63600000000001,90.0,0.0,14.066000000000022,30.0,0.0,455.5393684210527
2006-09-02 14:00:00,0.0,0.0,51.64,41.58,36.82,79.22999999999999,80.81,0.0,0.0,30.0,0.0,472.1393684210527
2006-09-02 15:00:00,0.0,0.0,51.6,40.99,37.75,70.936,90.0,0.0,0.5959999999999752,30.0,0.0,488.73936842105275
2006-09-02 16:00:00,0.0,0.0,52.02,42.17,39.18,59.499,90.0,0.0,0.0,16.128999999999994,0.0,495.35224842105276
2006-09-02 17:00:00,0.0,0.0,51.67,43.53,39.69,46.11399999999999,90.0,0.0,0.0,1.2240000000000038,0.0,491.23352842105277
2006-09-02 18:00:00,0.0,0.0,49.58,42.19,39.08,34.675,90.0,6.174999999999983,0.0,0.0,0.0,486.23352842105277
2006-09-02 19:00:00,0.0,0.0,47.0,40.57,37.63,30.951,90.0,4.248999999999995,0.0,0.0,0.0,481.23352842105277
2006-09-02 20:00:00,0.0,0.0,44.48,41.68,35.71,30.027000000000005,90.0,1.8430000000000177,0.0,0.0,0.0,476.23352842105277
2006-09-02 21:00:00,0.0,0.0,40.87,42.54,33.0,30.687,90.0,0.0,0.0,4.276999999999994,0.0,474.31296842105274
2006-09-02 22:00:00,0.0,0.0,37.76,39.32,29.21,32.225,90.0,0.0,0.0,15.935000000000002,0.0,480.78616842105276
2006-09-02 23:00:00,0.0,0.0,35.78,36.24,25.51,34.833,62.69700000000001,0.0,0.0,0.0,0.0,475.78616842105276
2006-09-03 00:00:00,0.0,0.0,30.86,31.97,22.25,36.611,48.468999999999994,0.0,0.0,0.0,0.0,470.78616842105276
2006-09-03 01:00:00,0.0,0.0,30.73,29.75,20.76,38.592999999999996,72.647,0.0,0.0,30.0,0.0,487.3861684210528
2006-09-03 02:00:00,0.0,0.0,31.45,28.75,19.84,38.754999999999995,70.0,0.0,0.0,28.714999999999975,0.0,503.0609684210528
2006-09-03 03:00:00,0.0,0.0,33.62,29.63,19.38,42.325,70.0,0.0,0.0,29.69500000000002,0.0,519.4413684210529
2006-09-03 04:00:00,0.0,0.0,39.04,32.15,19.73,48.022999999999996,90.0,0.0,17.10300000000001,30.0,0.0,536.0413684210529
2006-09-03 05:00:00,0.0,0.0,44.21,35.71,23.36,54.126000000000005,90.0,0.0,10.846000000000004,30.0,0.0,552.6413684210529
2006-09-03 06:00:00,0.0,0.0,47.66,38.77,28.68,62.806,90.0,0.0,7.695999999999998,30.0,0.0,569.2413684210529
2006-09-03 07:00:00,0.0,0.0,49.38,40.91,32.85,76.25699999999999,90.0,0.0,13.116999999999997,30.0,0.0,585.841368421053
2006-09-03 08:00:00,0.0,0.0,51.03,42.13,34.94,88.825,70.0,0.0,0.7249999999999943,30.0,0.0,602.441368421053
2006-09-03 09:00:00,0.0,0.0,52.45,42.94,35.66,98.22,70.0,0.0,7.170000000000009,30.0,0.0,619.041368421053
2006-09-03 10:00:00,0.0,0.0,52.2,43.77,36.09,107.366,83.29471745152361,0.0,28.600717451523593,30.0,0.0,635.641368421053
2006-09-03 11:00:00,0.0,0.0,51.19,42.89,36.29,115.93900000000001,50.0,0.0,5.568999999999999,30.0,0.0,652.241368421053
2006-09-03 12:00:00,0.0,0.0,49.9,41.93,35.88,119.754,37.95600000000001,0.0,0.0,30.0,0.0,668.8413684210531
2006-09-03 13:00:00,0.0,0.0,48.86,40.51,35.33,118.859,20.0,0.0,0.0,14.159000000000006,0.0,674.0358484210531
2006-09-03 14:00:00,0.0,0.0,47.85,39.22,35.1,114.148,90.0,0.0,51.97800000000001,30.0,0.0,690.6358484210531
2006-09-03 15:00:00,0.0,0.0,47.82,38.63,36.03,107.29300000000002,90.0,0.0,44.81300000000002,30.0,0.0,707.2358484210531
2006-09-03 16:00:00,0.0,0.0,48.26,39.84,37.48,97.565,70.0,0.0,11.985,30.0,0.0,723.8358484210531
2006-09-03 17:00:00,0.0,0.0,47.93,41.24,38.02,87.241,70.0,0.0,0.05099999999998772,30.0,0.0,740.4358484210532
2006-09-03 18:00:00,0.0,0.0,45.84,39.91,37.42,78.94699999999999,70.0,0.0,0.0,25.777000000000072,0.0,753.9952884210531
2006-09-03 19:00:00,0.0,0.0,43.25,38.28,35.97,76.035,71.465,0.0,0.0,30.0,0.0,770.5952884210532
2006-09-03 20:00:00,0.0,0.0,40.71,39.34,34.03,75.624,70.0,0.0,1.5439999999999827,30.0,0.0,787.1952884210532
2006-09-03 21:00:00,0.0,0.0,37.1,40.19,31.28,74.34,50.0,0.0,0.0,15.76999999999994,0.0,793.5496884210531
2006-09-03 22:00:00,0.0,0.0,33.99,36.99,27.49,73.507,90.0,0.0,35.037000000000006,30.0,0.0,810.1496884210532
2006-09-03 23:00:00,0.0,0.0,32.0,33.92,23.79,72.16600000000001,70.0,0.0,22.456000000000003,30.0,0.0,826.7496884210532
2006-09-04 00:00:00,0.0,0.0,42.43,38.74,24.74,71.04,70.0,0.0,5.129999999999988,30.0,0.0,843.3496884210532
2006-09-04 01:00:00,0.0,0.0,42.3,36.52,23.25,69.119,70.0,0.0,7.049000000000007,30.0,0.0,859.9496884210532
2006-09-04 02:00:00,0.0,0.0,43.02,35.52,22.34,66.603,40.0,0.0,0.0,5.722999999999992,0.0,859.0702484210532
2006-09-04 03:00:00,0.0,0.0,45.2,36.39,21.87,63.847,70.0,0.0,0.38700000000000756,30.0,0.0,875.6702484210532
2006-09-04 04:00:00,0.0,0.0,50.61,38.93,22.22,61.018,90.0,0.0,9.257999999999981,30.0,0.0,892.2702484210532
2006-09-04 05:00:00,0.0,0.0,55.77,42.5,25.83,59.538,70.0,0.0,0.0,5.437999999999974,0.0,891.1856084210532
2006-09-04 06:00:00,0.0,0.0,59.23,45.55,31.14,67.043,90.0,0.0,0.0,21.123000000000033,0.0,901.3941684210532
2006-09-04 07:00:00,0.0,0.0,60.95,47.68,35.32,81.82900000000001,90.0,0.0,0.0,27.878999999999998,0.0,916.4670484210533
2006-09-04 08:00:00,0.0,0.0,62.59,48.89,37.42,97.28,70.0,0.0,0.0,18.379999999999995,0.0,924.7006484210533
2006-09-04 09:00:00,0.0,0.0,64.01,49.7,38.14,107.148,48.71854385964812,0.0,0.0,4.016543859648102,0.0,922.5925599999999
2006-09-04 10:00:00,0.0,0.0,63.76,50.52,38.57,112.027,70.0,0.0,0.0,29.176999999999985,0.0,938.5999999999999
2006-09-04 11:00:00,0.0,0.0,62.76,49.64,38.77,113.862,37.30799999999999,0.0,0.0,0.0,0.0,933.5999999999999
2006-09-04 12:00:00,0.0,0.0,61.46,48.68,38.37,112.492,66.018,0.0,0.0,30.0,0.0,950.1999999999999
2006-09-04 13:00:00,0.0,0.0,60.42,47.25,37.81,107.261,90.0,0.0,21.78099999999999,30.0,0.0,966.8
2006-09-04 14:00:00,0.0,0.0,59.41,45.96,37.59,99.217,73.74300000000002,0.0,0.0,30.0,0.0,983.4
2006-09-04 15:00:00,0.0,0.0,59.39,45.38,38.52,88.23599999999999,90.0,0.0,4.945999999999991,30.0,0.0,1000.0
2006-09-04 16:00:00,0.0,0.0,59.86,46.6,39.99,74.19100000000002,79.20344444444441,0.0,0.0,6.944444444444445,0.0,1000.0
2006-09-04 17:00:00,0.0,0.0,59.54,48.04,40.56,57.19799999999999,90.0,0.9420000000000002,0.0,0.0,0.0,995.0
2006-09-04 18:00:00,0.0,0.0,57.46,46.73,39.97,39.989,90.0,14.170999999999992,0.0,0.0,0.0,990.0
2006-09-04 19:00:00,0.0,0.0,54.86,45.08,38.51,34.123,90.0,14.326999999999977,0.0,0.0,0.0,985.0
2006-09-04 20:00:00,0.0,0.0,52.29,46.09,36.56,31.855,90.0,13.085000000000008,0.0,0.0,0.0,980.0
2006-09-04 21:00:00,0.0,0.0,48.69,46.94,33.77,28.54,90.0,10.860000000000014,0.0,0.0,0.0,975.0
2006-09-04 22:00:00,0.0,0.0,45.57,43.76,29.98,26.072,90.0,3.2379999999999853,0.0,0.0,0.0,970.0
2006-09-04 23:00:00,0.0,0.0,43.58,40.69,26.28,25.042,90.0,0.0,0.0,4.4920000000000115,0.0,968.23424
2006-09-05 00:00:00,0.0,0.0,44.19,39.7,24.69,25.799,90.0,0.0,0.0,7.219000000000008,0.0,968.43192
2006-09-05 01:00:00,0.0,0.0,44.06,37.49,23.21,25.848,90.0,0.0,8.614889196675865,2.473110803324122,0.0,965.2125597783934
2006-09-05 02:00:00,0.0,0.0,44.78,36.48,22.29,26.573000000000004,90.0,0.0,0.0,13.023000000000025,0.0,969.5891197783934
2006-09-05 03:00:00,0.0,0.0,46.97,37.35,21.83,27.717000000000002,90.0,0.0,0.0,11.567000000000014,0.0,972.9173597783935
2006-09-05 04:00:00,0.0,0.0,52.37,39.91,22.18,29.081999999999994,90.0,0.0,0.0,4.622,0.0,971.2451997783935
2006-09-05 05:00:00,0.0,0.0,57.53,43.47,25.76,31.57,90.0,5.189999999999998,0.0,0.0,0.0,966.2451997783935
2006-09-05 06:00:00,0.0,0.0,60.98,46.52,31.07,42.254000000000005,90.0,6.3160000000000025,0.0,0.0,0.0,961.2451997783935
2006-09-05 07:00:00,0.0,0.0,62.7,48.64,35.26,57.713,90.0,0.0,1.1129999999999995,0.0,0.0,956.2451997783935
2006-09-05 08:00:00,0.0,0.0,64.33,49.85,37.36,70.269,90.0,0.0,8.728999999999985,0.0,0.0,951.2451997783935
2006-09-05 09:00:00,0.0,0.0,65.75,50.65,38.08,83.071,71.40899999999999,0.0,0.0,0.0,0.0,946.2451997783935
2006-09-05 10:00:00,0.0,0.0,65.51,51.46,38.51,92.03699999999999,72.6438633425665,0.0,0.0,9.200863342566537,0.0,947.8698213850414
2006-09-05 11:00:00,0.0,0.0,64.51,50.59,38.71,97.377,90.0,0.0,11.520307479224394,22.046692520775593,0.0,958.7434399999999
2006-09-05 12:00:00,0.0,0.0,63.22,49.62,38.31,100.069,90.0,0.0,38.91899999999998,0.0,0.0,953.7434399999999
2006-09-05 13:00:00,0.0,0.0,62.17,48.19,37.76,98.27300000000001,79.84699999999997,0.0,0.0,30.0,0.0,970.3434399999999
2006-09-05 14:00:00,0.0,0.0,61.17,46.9,37.54,92.20300000000002,90.0,0.0,6.593000000000018,30.0,0.0,986.9434399999999
2006-09-05 15:00:00,0.0,0.0,61.15,46.31,38.48,80.80300000000001,90.0,0.0,0.0,24.86300000000002,0.0,999.8448
2006-09-05 16:00:00,0.0,0.0,61.65,47.56,39.97,66.34,90.0,0.0,0.0,7.1600000000000215,0.0,1000.0
2006-09-05 17:00:00,0.0,0.0,61.35,49.03,40.57,45.42999999999999,90.0,12.186666666666696,0.0,0.0,0.0,995.0
2006-09-05 18:00:00,0.0,0.0,59.27,47.75,39.99,30.049999999999997,90.0,22.362624166666603,0.0,0.0,0.0,990.0
2006-09-05 19:00:00,0.0,0.0,56.65,46.08,38.53,26.264000000000003,90.0,19.996000000000002,0.0,0.0,0.0,985.0
2006-09-05 20:00:00,0.0,0.0,54.06,47.04,36.55,26.286000000000005,90.0,18.030666666666672,0.0,0.0,0.0,980.0
2006-09-05 21:00:00,0.0,0.0,50.46,47.88,33.73,26.451999999999998,90.0,12.284666666666672,0.0,0.0,0.0,975.0
2006-09-05 22:00:00,0.0,0.0,47.34,44.73,29.93,26.288999999999998,90.0,2.37766666666667,0.0,0.0,0.0,970.0
2006-09-05 23:00:00,0.0,0.0,45.35,41.66,26.23,26.52,90.0,0.0,3.2799999999999976,0.0,0.0,965.0
2006-09-06 00:00:00,0.0,0.0,44.65,41.01,25.81,25.418,90.0,0.0,3.9480000000000075,0.0,0.0,960.0
2006-09-06 01:00:00,0.0,0.0,44.52,38.8,24.35,24.714,90.0,0.0,7.044000000000011,0.0,0.0,955.0
2006-09-06 02:00:00,0.0,0.0,45.24,37.78,23.43,24.080000000000002,90.0,0.0,7.629999999999999,0.0,0.0,950.0
2006-09-06 03:00:00,0.0,0.0,47.43,38.65,22.97,23.913999999999998,90.0,0.0,4.864000000000004,0.0,0.0,945.0
2006-09-06 04:00:00,0.0,0.0,52.81,41.22,23.31,22.06,90.0,0.28000000000001535,0.0,0.0,0.0,940.0
2006-09-06 05:00:00,0.0,0.0,57.97,44.79,26.86,21.115000000000002,90.0,15.171666666666667,0.0,0.0,0.0,935.0
2006-09-06 06:00:00,0.0,0.0,61.43,47.83,32.17,29.288,90.0,17.141999999999992,0.0,0.0,0.0,930.0
2006-09-06 07:00:00,0.0,0.0,63.15,49.95,36.37,41.400999999999996,90.0,14.735666666666674,0.0,0.0,0.0,925.0
2006-09-06 08:00:00,0.0,0.0,64.78,51.15,38.48,54.43599999999999,90.0,6.640666666666675,0.0,0.0,0.0,920.0
2006-09-06 09:00:00,0.0,0.0,66.19,51.94,39.2,66.259,90.0,0.0,0.0,0.0,0.0,915.0
2006-09-06 10:00:00,0.0,0.0,65.96,52.74,39.63,76.27100000000002,90.0,0.0,7.9410000000000025,0.0,0.0,910.0
2006-09-06 11:00:00,0.0,0.0,64.96,51.87,39.83,80.625,90.0,0.0,13.965000000000032,0.0,0.0,905.0
2006-09-06 12:00:00,0.0,0.0,63.66,50.9,39.44,80.324,90.0,0.0,16.324000000000012,0.0,0.0,900.0
2006-09-06 13:00:00,0.0,0.0,62.62,49.46,38.89,75.663,90.0,0.0,14.693000000000026,0.0,0.0,895.0
2006-09-06 14:00:00,0.0,0.0,61.61,48.17,38.67,67.31,90.0,0.0,8.859999999999985,0.0,0.0,890.0
2006-09-06 15:00:00,0.0,0.0,61.61,47.59,39.61,56.744,90.0,0.0,0.0,0.0,0.0,885.0
2006-09-06 16:00:00,0.0,0.0,62.13,48.85,41.12,43.601,90.0,13.499000000000024,0.0,0.0,0.0,880.0
2006-09-06 17:00:00,0.0,0.0,61.84,50.37,41.75,27.525,90.0,31.435000000000016,0.0,0.0,0.0,875.0
2006-09-06 18:00:00,0.0,0.0,59.78,49.1,41.18,16.134999999999998,90.0,38.92500000000001,0.0,0.0,0.0,870.0
2006-09-06 19:00:00,0.0,0.0,57.14,47.42,39.72,13.045,90.0,36.235000000000014,0.0,0.0,0.0,865.0
2006-09-06 20:00:00,0.0,0.0,54.53,48.33,37.72,15.012999999999998,90.0,30.567000000000007,0.0,0.0,0.0,860.0
2006-09-06 21:00:00,0.0,0.0,50.93,49.16,34.87,15.854,90.0,24.105999999999995,0.0,0.0,0.0,855.0
2006-09-06 22:00:00,0.0,0.0,47.81,46.04,31.06,16.821,90.0,13.088999999999999,0.0,0.0,0.0,850.0
2006-09-06 23:00:00,0.0,0.0,45.81,42.98,27.37,17.111,90.0,4.049000000000021,0.0,0.0,0.0,845.0
2006-09-07 00:00:00,0.0,0.0,44.18,40.14,27.44,18.072999999999997,90.0,0.353666666666669,0.0,0.0,0.0,840.0
2006-09-07 01:00:00,0.0,0.0,44.05,37.93,25.99,19.355,90.0,0.0,1.3850000000000051,0.0,0.0,835.0
2006-09-07 02:00:00,0.0,0.0,44.78,36.9,25.07,20.542,90.0,0.0,3.7920000000000016,0.0,0.0,830.0
2006-09-07 03:00:00,0.0,0.0,46.98,37.78,24.61,22.147000000000002,90.0,0.0,2.777000000000001,0.0,0.0,825.0
2006-09-07 04:00:00,0.0,0.0,52.35,40.37,24.95,21.913999999999998,90.0,4.089333333333322,0.0,0.0,0.0,820.0
2006-09-07 05:00:00,0.0,0.0,57.5,43.94,28.47,23.181,90.0,11.729,0.0,0.0,0.0,815.0
2006-09-07 06:00:00,0.0,0.0,60.96,46.97,33.78,33.120999999999995,90.0,13.589000000000015,0.0,0.0,0.0,810.0
2006-09-07 07:00:00,0.0,0.0,62.68,49.08,37.99,47.197,90.0,9.219666666666683,0.0,0.0,0.0,805.0
2006-09-07 08:00:00,0.0,0.0,64.3,50.27,40.11,64.701,90.0,0.0,0.021000000000015007,0.0,0.0,800.0
2006-09-07 09:00:00,0.0,0.0,65.72,51.06,40.83,78.293,90.0,0.0,10.683000000000007,0.0,0.0,795.0
2006-09-07 10:00:00,0.0,0.0,65.49,51.86,41.26,87.87299999999999,90.0,0.0,0.0,19.26300000000002,0.0,803.86936
2006-09-07 11:00:00,0.0,0.0,64.49,50.99,41.45,93.69399999999999,90.0,0.0,26.763999999999996,0.0,0.0,798.86936
2006-09-07 12:00:00,0.0,0.0,63.19,50.01,41.07,95.647,90.0,0.0,31.377000000000034,0.0,0.0,793.86936
2006-09-07 13:00:00,0.0,0.0,62.15,48.57,40.52,94.106,90.0,0.0,32.866000000000014,0.0,0.0,788.86936
2006-09-07 14:00:00,0.0,0.0,61.14,47.27,40.31,88.97399999999999,90.0,0.0,30.253999999999998,0.0,0.0,783.86936
2006-09-07 15:00:00,0.0,0.0,61.15,46.69,41.25,80.996,90.0,0.0,21.906,0.0,0.0,778.86936
2006-09-07 16:00:00,0.0,0.0,61.69,47.98,42.78,70.46399999999998,90.0,0.0,8.013999999999996,0.0,0.0,773.86936
2006-09-07 17:00:00,0.0,0.0,61.42,49.53,43.43,57.796,90.0,4.917333333333318,0.0,0.0,0.0,768.86936
2006-09-07 18:00:00,0.0,0.0,59.36,48.29,42.88,42.123000000000005,90.0,13.406999999999996,0.0,0.0,0.0,763.86936
2006-09-07 19:00:00,0.0,0.0,56.71,46.58,41.41,38.56999999999999,90.0,12.796666666666667,0.0,0.0,0.0,758.86936
2006-09-07 20:00:00,0.0,0.0,54.08,47.44,39.39,36.271,90.0,12.972333333333328,0.0,0.0,0.0,753.86936
2006-09-07 21:00:00,0.0,0.0,50.48,48.27,36.51,36.534,90.0,7.059333333333349,0.0,0.0,0.0,748.86936
2006-09-07 22:00:00,0.0,0.0,47.36,45.17,32.69,35.906,90.0,0.0,0.6859999999999928,0.0,0.0,743.86936
2006-09-07 23:00:00,0.0,0.0,45.35,42.12,29.0,35.534,90.0,0.0,9.064000000000021,0.0,0.0,738.86936
2006-09-08 00:00:00,0.0,0.0,43.3,39.41,27.16,33.967000000000006,90.0,0.0,0.0,14.097000000000016,0.0,744.0192000000001
2006-09-08 01:00:00,0.0,0.0,43.17,37.21,25.72,32.650000000000006,90.0,0.0,16.549999999999983,0.0,0.0,739.0192000000001
2006-09-08 02:00:00,0.0,0.0,43.89,36.17,24.8,32.571,90.0,0.0,17.711,0.0,0.0,734.0192000000001
2006-09-08 03:00:00,0.0,0.0,46.1,37.05,24.34,32.774,90.0,0.0,15.283999999999992,0.0,0.0,729.0192000000001
2006-09-08 04:00:00,0.0,0.0,51.46,39.65,24.67,32.129,90.0,0.0,0.0,6.3489999999999895,0.0,728.5904800000001
2006-09-08 05:00:00,0.0,0.0,56.6,43.23,28.17,32.8,90.0,1.8666666666666796,0.0,0.0,0.0,723.5904800000001
2006-09-08 06:00:00,0.0,0.0,60.07,46.25,33.47,40.107,90.0,8.016333333333336,0.0,0.0,0.0,718.5904800000001
2006-09-08 07:00:00,0.0,0.0,61.79,48.35,37.7,54.63900000000001,90.0,1.5343333333333398,0.0,0.0,0.0,713.5904800000001
2006-09-08 08:00:00,0.0,0.0,63.41,49.53,39.82,68.366,90.0,0.0,5.605999999999998,0.0,0.0,708.5904800000001
2006-09-08 09:00:00,0.0,0.0,64.82,50.31,40.54,78.295,90.0,0.0,1.4689861495843404,11.156013850415686,0.0,711.6228099722994
2006-09-08 10:00:00,0.0,0.0,64.59,51.11,40.97,84.882,90.0,0.0,0.0,18.212000000000014,0.0,719.7354499722994
2006-09-08 11:00:00,0.0,0.0,63.6,50.24,41.16,88.38499999999999,90.0,0.0,23.384999999999998,0.0,0.0,714.7354499722994
2006-09-08 12:00:00,0.0,0.0,62.3,49.25,40.78,88.673,90.0,0.0,0.0,26.343000000000007,0.0,728.7024099722994
2006-09-08 13:00:00,0.0,0.0,61.25,47.81,40.24,85.41099999999999,90.0,0.0,26.110999999999976,0.0,0.0,723.7024099722994
2006-09-08 14:00:00,0.0,0.0,60.25,46.51,40.03,78.96199999999999,90.0,0.0,0.0,22.171999999999993,0.0,734.6662499722994
2006-09-08 15:00:00,0.0,0.0,60.27,45.94,40.97,69.54700000000001,90.0,0.0,12.367000000000022,0.0,0.0,729.6662499722994
2006-09-08 16:00:00,0.0,0.0,60.83,47.24,42.52,57.733000000000004,90.0,0.0,0.0,0.0,0.0,724.6662499722994
2006-09-08 17:00:00,0.0,0.0,60.58,48.83,43.21,38.267,90.0,19.35300000000001,0.0,0.0,0.0,719.6662499722994
2006-09-08 18:00:00,0.0,0.0,58.53,47.61,42.67,19.093,90.0,38.05033333333334,0.0,0.0,0.0,714.6662499722994
2006-09-08 19:00:00,0.0,0.0,55.86,45.89,41.2,17.247,90.0,30.702999999999996,0.0,0.0,0.0,709.6662499722994
2006-09-08 20:00:00,0.0,0.0,53.2,46.7,39.15,17.203,90.0,28.51366666666666,0.0,0.0,0.0,704.6662499722994
2006-09-08 21:00:00,0.0,0.0,49.62,47.52,36.23,17.096,90.0,21.274000000000008,0.0,0.0,0.0,699.6662499722994
2006-09-08 22:00:00,0.0,0.0,46.48,44.45,32.41,16.171,90.0,13.835666666666668,0.0,0.0,0.0,694.6662499722994
2006-09-08 23:00:00,0.0,0.0,44.47,41.39,28.72,15.722999999999999,90.0,7.190333333333324,0.0,0.0,0.0,689.6662499722994
2006-09-09 00:00:00,0.0,0.0,35.14,34.32,24.49,15.605999999999998,90.0,0.0,11.656000000000006,0.0,0.0,684.6662499722994
2006-09-09 01:00:00,0.0,0.0,35.01,32.12,23.06,15.610000000000001,90.0,0.0,15.420000000000009,0.0,0.0,679.6662499722994
2006-09-09 02:00:00,0.0,0.0,35.73,31.07,22.13,15.686999999999998,90.0,0.0,16.757,0.0,0.0,674.6662499722994
2006-09-09 03:00:00,0.0,0.0,37.95,31.95,21.67,15.686,90.0,0.0,0.0,14.115999999999985,0.0,679.8297699722993
2006-09-09 04:00:00,0.0,0.0,43.29,34.57,22.0,15.142999999999999,90.0,0.0,5.283000000000001,0.0,0.0,674.8297699722993
2006-09-09 05:00:00,0.0,0.0,48.43,38.15,25.48,16.174999999999997,90.0,4.218333333333328,0.0,0.0,0.0,669.8297699722993
2006-09-09 06:00:00,0.0,0.0,51.9,41.17,30.77,24.213,90.0,7.960333333333324,0.0,0.0,0.0,664.8297699722993
2006-09-09 07:00:00,0.0,0.0,53.62,43.25,35.01,37.479,90.0,2.734333333333339,0.0,0.0,0.0,659.8297699722993
2006-09-09 08:00:00,0.0,0.0,55.23,44.43,37.13,52.967000000000006,90.0,0.0,6.1769999999999925,0.0,0.0,654.8297699722993
2006-09-09 09:00:00,0.0,0.0,56.64,45.2,37.86,67.521,90.0,0.0,17.820999999999998,0.0,0.0,649.8297699722993
2006-09-09 10:00:00,0.0,0.0,56.42,45.99,38.28,76.14999999999999,90.0,0.0,12.645851338873513,12.814148661126474,0.0,654.0559570083104
2006-09-09 11:00:00,0.0,0.0,55.43,45.13,38.48,79.994,90.0,0.0,30.954000000000008,0.0,0.0,649.0559570083104
2006-09-09 12:00:00,0.0,0.0,54.14,44.14,38.11,79.531,90.0,0.0,20.0,13.140999999999998,0.0,653.5174770083104
2006-09-09 13:00:00,0.0,0.0,53.08,42.68,37.57,74.402,90.0,0.0,20.0,11.072000000000017,0.0,656.4893170083104
2006-09-09 14:00:00,0.0,0.0,52.08,41.39,37.36,65.711,90.0,0.0,0.0,24.881,0.0,669.4036370083104
2006-09-09 15:00:00,0.0,0.0,52.11,40.82,38.3,53.95,90.0,0.0,12.719999999999999,0.0,0.0,664.4036370083104
2006-09-09 16:00:00,0.0,0.0,52.69,42.14,39.87,38.964,90.0,2.4026666666666587,0.0,0.0,0.0,659.4036370083104
2006-09-09 17:00:00,0.0,0.0,52.46,43.77,40.59,20.357999999999997,90.0,23.12866666666669,0.0,0.0,0.0,654.4036370083104
2006-09-09 18:00:00,0.0,0.0,50.41,42.57,40.06,10.224,90.0,29.48266666666666,0.0,0.0,0.0,649.4036370083104
2006-09-09 19:00:00,0.0,0.0,47.73,40.83,38.59,10.075000000000001,90.0,25.40833333333333,0.0,0.0,0.0,644.4036370083104
2006-09-09 20:00:00,0.0,0.0,45.05,41.59,36.52,11.484,90.0,18.342666666666673,0.0,0.0,0.0,639.4036370083104
2006-09-09 21:00:00,0.0,0.0,41.47,42.4,33.56,12.312,90.0,15.11800000000001,0.0,0.0,0.0,634.4036370083104
2006-09-09 22:00:00,0.0,0.0,38.33,39.36,29.74,11.661000000000001,90.0,2.4356666666666484,0.0,0.0,0.0,629.4036370083104
2006-09-09 23:00:00,0.0,0.0,36.32,36.3,26.05,11.325,90.0,0.0,2.655000000000001,0.0,0.0,624.4036370083104
2006-09-10 00:00:00,0.0,0.0,30.83,31.99,22.67,11.498,90.0,0.0,16.008000000000024,0.0,0.0,619.4036370083104
2006-09-10 01:00:00,0.0,0.0,30.7,29.79,21.25,12.157000000000002,90.0,0.0,20.417000000000016,0.0,0.0,614.4036370083104
2006-09-10 02:00:00,0.0,0.0,31.42,28.74,20.32,12.39,90.0,0.0,21.909999999999982,0.0,0.0,609.4036370083104
2006-09-10 03:00:00,0.0,0.0,33.64,29.61,19.86,11.905,90.0,0.0,18.794999999999998,0.0,0.0,604.4036370083104
2006-09-10 04:00:00,0.0,0.0,38.98,32.25,20.18,10.764,90.0,0.0,0.0,9.353999999999985,0.0,606.1385170083104
2006-09-10 05:00:00,0.0,0.0,44.11,35.83,23.64,11.539,90.0,2.040999999999997,0.0,0.0,0.0,601.1385170083104
2006-09-10 06:00:00,0.0,0.0,47.58,38.85,28.93,20.769000000000002,90.0,1.2576666666666636,0.0,0.0,0.0,596.1385170083104
2006-09-10 07:00:00,0.0,0.0,49.3,40.92,33.18,32.567,90.0,0.0,0.0,0.0,0.0,591.1385170083104
2006-09-10 08:00:00,0.0,0.0,50.91,42.1,35.31,46.39900000000001,90.0,0.0,8.079000000000008,0.0,0.0,586.1385170083104
2006-09-10 09:00:00,0.0,0.0,52.32,42.86,36.04,58.232,90.0,0.0,17.012000000000015,0.0,0.0,581.1385170083104
2006-09-10 10:00:00,0.0,0.0,52.1,43.65,36.46,67.506,90.0,0.0,25.295999999999992,0.0,0.0,576.1385170083104
2006-09-10 11:00:00,0.0,0.0,51.11,42.79,36.66,71.565,90.0,0.0,20.0,11.004999999999999,0.0,579.0621170083103
2006-09-10 12:00:00,0.0,0.0,49.82,41.78,36.29,71.243,90.0,0.0,33.35300000000001,0.0,0.0,574.0621170083103
2006-09-10 13:00:00,0.0,0.0,48.76,40.33,35.75,65.796,90.0,0.0,30.955999999999996,0.0,0.0,569.0621170083103
2006-09-10 14:00:00,0.0,0.0,47.77,39.03,35.54,56.715,90.0,0.0,24.375000000000014,0.0,0.0,564.0621170083103
2006-09-10 15:00:00,0.0,0.0,47.8,38.46,36.48,44.604,90.0,0.0,11.864000000000011,0.0,0.0,559.0621170083103
2006-09-10 16:00:00,0.0,0.0,48.41,39.81,38.08,29.033,90.0,2.2670000000000003,0.0,0.0,0.0,554.0621170083103
2006-09-10 17:00:00,0.0,0.0,48.19,41.47,38.82,14.248000000000001,90.0,19.232,0.0,0.0,0.0,549.0621170083103
2006-09-10 18:00:00,0.0,0.0,46.15,40.29,38.31,9.584,110.0,0.16600000000001103,0.0,0.0,0.0,544.0621170083103
2006-09-10 19:00:00,0.0,0.0,43.45,38.53,36.83,10.815,99.27220750000001,3.7227924999999873,0.0,0.0,0.0,539.0621170083103
2006-09-10 20:00:00,0.0,0.0,40.75,39.24,34.74,13.533,90.0,6.197000000000008,0.0,0.0,0.0,534.0621170083103
2006-09-10 21:00:00,0.0,0.0,37.18,40.05,31.76,14.612000000000002,90.0,0.0,0.6219999999999999,0.0,0.0,529.0621170083103
2006-09-10 22:00:00,0.0,0.0,34.04,37.03,27.92,13.540000000000001,90.0,0.0,9.549999999999988,0.0,0.0,524.0621170083103
2006-09-10 23:00:00,0.0,0.0,32.02,33.98,24.24,12.24,90.0,0.0,17.0,0.0,0.0,519.0621170083103
2006-09-11 00:00:00,0.0,0.0,42.4,38.76,24.21,11.146,90.0,0.0,0.7760000000000105,0.0,0.0,514.0621170083103
2006-09-11 01:00:00,0.0,0.0,42.27,36.56,22.8,9.945,90.0,0.0,3.3149999999999977,0.0,0.0,509.06211700831034
2006-09-11 02:00:00,0.0,0.0,43.0,35.5,21.88,8.843,90.0,0.0,3.462999999999994,0.0,0.0,504.06211700831034
2006-09-11 03:00:00,0.0,0.0,45.22,36.38,21.41,8.280999999999999,90.0,0.0,0.2710000000000008,0.0,0.0,499.06211700831034
2006-09-11 04:00:00,0.0,0.0,50.54,39.03,21.73,8.08,91.86994250000012,6.3500574999999,0.0,0.0,0.0,494.06211700831034
2006-09-11 05:00:00,0.0,0.0,55.67,42.62,25.16,9.196,90.0,19.25399999999999,0.0,0.0,0.0,489.06211700831034
2006-09-11 06:00:00,0.0,0.0,59.14,45.62,30.45,17.639,90.0,22.571000000000012,0.0,0.0,0.0,484.06211700831034
2006-09-11 07:00:00,0.0,0.0,60.86,47.69,34.71,28.558999999999997,109.70100000000002,0.0,0.0,0.0,0.0,479.06211700831034
2006-09-11 08:00:00,0.0,0.0,62.47,48.86,36.85,37.78,105.4,0.0,0.0,0.0,0.0,474.06211700831034
2006-09-11 09:00:00,0.0,0.0,63.87,49.62,37.58,50.221,95.84899999999999,0.0,0.0,0.0,0.0,469.06211700831034
2006-09-11 10:00:00,0.0,0.0,63.67,50.4,38.0,60.101,90.0,0.0,3.0309999999999775,0.0,0.0,464.06211700831034
2006-09-11 11:00:00,0.0,0.0,62.68,49.54,38.2,64.79499999999999,90.0,0.0,9.374999999999993,0.0,0.0,459.06211700831034
2006-09-11 12:00:00,0.0,0.0,61.38,48.53,37.83,63.440000000000005,90.0,0.0,10.700000000000006,0.0,0.0,454.06211700831034
2006-09-11 13:00:00,0.0,0.0,60.33,47.07,37.3,57.928,90.0,0.0,8.228000000000023,0.0,0.0,449.06211700831034
2006-09-11 14:00:00,0.0,0.0,59.33,45.77,37.09,49.528999999999996,90.0,0.0,2.33899999999998,0.0,0.0,444.06211700831034
2006-09-11 15:00:00,0.0,0.0,59.37,45.2,38.03,37.959,99.641,0.0,0.0,0.0,0.0,439.06211700831034
2006-09-11 16:00:00,0.0,0.0,60.01,46.57,39.65,23.249,110.0,7.981000000000007,0.0,0.0,0.0,434.06211700831034
2006-09-11 17:00:00,0.0,0.0,59.8,48.27,40.42,11.432999999999998,115.0,17.056999999999988,0.0,0.0,0.0,429.06211700831034
2006-09-11 18:00:00,0.0,0.0,57.77,47.11,39.92,7.281999999999999,115.0,17.518,0.0,0.0,0.0,424.06211700831034
2006-09-11 19:00:00,0.0,0.0,55.06,45.33,38.44,9.609,110.0,14.220999999999995,0.0,0.0,0.0,419.06211700831034
2006-09-11 20:00:00,0.0,0.0,52.33,46.0,36.33,12.202000000000002,110.0,7.458000000000018,0.0,0.0,0.0,414.06211700831034
2006-09-11 21:00:00,0.0,0.0,48.76,46.8,33.31,12.188999999999998,90.0,21.680999999999983,0.0,0.0,0.0,409.06211700831034
2006-09-11 22:00:00,0.0,0.0,45.62,43.8,29.47,10.507,90.0,13.38300000000001,0.0,0.0,0.0,404.06211700831034
2006-09-11 23:00:00,0.0,0.0,43.59,40.76,25.79,8.517,96.62300000000002,0.0,0.0,0.0,0.0,399.06211700831034
2006-09-12 00:00:00,0.0,0.0,44.16,39.72,24.62,7.037,96.46300000000002,0.0,0.0,0.0,0.0,394.06211700831034
2006-09-12 01:00:00,0.0,0.0,44.03,37.53,23.22,5.963,93.81700000000001,0.0,0.0,0.0,0.0,389.06211700831034
2006-09-12 02:00:00,0.0,0.0,44.76,36.46,22.29,5.493,93.01699999999998,0.0,0.0,0.0,0.0,384.06211700831034
2006-09-12 03:00:00,0.0,0.0,46.99,37.34,21.83,5.329,95.83100000000002,0.0,0.0,0.0,0.0,379.06211700831034
2006-09-12 04:00:00,0.0,0.0,52.3,40.01,22.14,5.63,103.82,0.0,0.0,0.0,0.0,374.06211700831034
2006-09-12 05:00:00,0.0,0.0,57.42,43.6,25.55,7.1579999999999995,90.0,24.412000000000006,0.0,0.0,0.0,369.06211700831034
2006-09-12 06:00:00,0.0,0.0,60.9,46.6,30.83,14.213,110.0,9.117000000000004,0.0,0.0,0.0,364.06211700831034
2006-09-12 07:00:00,0.0,0.0,62.62,48.65,35.1,22.415,115.0,3.9549999999999983,0.0,0.0,0.0,359.06211700831034
2006-09-12 08:00:00,0.0,0.0,64.22,49.82,37.25,31.936,110.0,4.354000000000013,0.0,0.0,0.0,354.06211700831034
2006-09-12 09:00:00,0.0,0.0,65.62,50.57,37.98,43.684,105.48599999999999,0.0,0.0,0.0,0.0,349.06211700831034
2006-09-12 10:00:00,0.0,0.0,65.42,51.34,38.39,53.115,97.035,0.0,0.0,0.0,0.0,344.06211700831034
2006-09-12 11:00:00,0.0,0.0,64.43,50.48,38.6,57.87800000000001,90.0,0.6319999999999908,0.0,0.0,0.0,339.06211700831034
2006-09-12 12:00:00,0.0,0.0,63.14,49.47,38.24,58.31999999999999,90.0,0.0,2.4699999999999944,0.0,0.0,334.06211700831034
2006-09-12 13:00:00,0.0,0.0,62.08,48.0,37.71,54.690999999999995,90.0,0.0,1.900999999999999,0.0,0.0,329.06211700831034
2006-09-12 14:00:00,0.0,0.0,61.09,46.7,37.5,47.992,92.29800000000002,0.0,0.0,0.0,0.0,324.06211700831034
2006-09-12 15:00:00,0.0,0.0,61.13,46.14,38.45,38.717,90.0,12.003000000000021,0.0,0.0,0.0,319.06211700831034
2006-09-12 16:00:00,0.0,0.0,61.79,47.53,40.08,28.955000000000002,115.0,0.44499999999999496,0.0,0.0,0.0,314.06211700831034
2006-09-12 17:00:00,0.0,0.0,61.61,49.27,40.88,18.1,110.0,18.659999999999982,0.0,0.0,0.0,309.06211700831034
2006-09-12 18:00:00,0.0,0.0,59.58,48.12,40.39,11.889,110.0,21.201000000000008,0.0,0.0,0.0,304.06211700831034
2006-09-12 19:00:00,0.0,0.0,56.85,46.33,38.91,12.024,110.0,15.065999999999994,0.0,0.0,0.0,299.06211700831034
2006-09-12 20:00:00,0.0,0.0,54.1,46.95,36.78,14.033,90.0,28.79700000000002,0.0,0.0,0.0,294.06211700831034
2006-09-12 21:00:00,0.0,0.0,50.54,47.74,33.72,15.651000000000002,111.34900000000002,0.0,0.0,0.0,0.0,289.06211700831034
2006-09-12 22:00:00,0.0,0.0,47.39,44.77,29.88,16.465,90.0,10.575000000000003,0.0,0.0,0.0,284.06211700831034
2006-09-12 23:00:00,0.0,0.0,45.36,41.73,26.2,16.246000000000002,90.0,2.043999999999997,0.0,0.0,0.0,279.06211700831034
2006-09-13 00:00:00,0.0,0.0,44.62,40.16,25.75,16.364,90.0,0.0,0.8339999999999836,0.0,0.0,274.06211700831034
2006-09-13 01:00:00,0.0,0.0,44.48,37.97,24.36,16.425,90.0,0.0,4.614999999999993,0.0,0.0,269.06211700831034
2006-09-13 02:00:00,0.0,0.0,45.21,36.89,23.43,17.788,90.0,0.0,7.258000000000023,0.0,0.0,264.06211700831034
2006-09-13 03:00:00,0.0,0.0,47.46,37.77,22.97,18.991999999999997,90.0,0.0,5.791999999999986,0.0,0.0,259.06211700831034
2006-09-13 04:00:00,0.0,0.0,52.75,40.45,23.28,19.958999999999996,90.0,1.521000000000015,0.0,0.0,0.0,254.06211700831034
2006-09-13 05:00:00,0.0,0.0,57.87,44.04,26.66,22.4,90.0,11.17,0.0,0.0,0.0,249.06211700831034
2006-09-13 06:00:00,0.0,0.0,61.34,47.04,31.94,30.557000000000002,90.0,14.763000000000005,0.0,0.0,0.0,244.06211700831034
2006-09-13 07:00:00,0.0,0.0,63.07,49.09,36.22,43.539,90.0,9.841000000000022,0.0,0.0,0.0,239.06211700831034
2006-09-13 08:00:00,0.0,0.0,64.66,50.24,38.37,53.833999999999996,94.436,0.0,0.0,0.0,0.0,234.06211700831034
2006-09-13 09:00:00,0.0,0.0,66.06,50.98,39.1,69.365,90.0,0.0,8.225000000000003,0.0,0.0,229.06211700831034
2006-09-13 10:00:00,0.0,0.0,65.86,51.76,39.51,80.149,90.0,0.0,18.01900000000002,0.0,0.0,224.06211700831034
2006-09-13 11:00:00,0.0,0.0,64.88,50.9,39.72,83.925,90.0,0.0,23.42500000000001,0.0,0.0,219.06211700831034
2006-09-13 12:00:00,0.0,0.0,63.59,49.88,39.36,83.36,90.0,0.0,25.530000000000015,0.0,0.0,214.06211700831034
2006-09-13 13:00:00,0.0,0.0,62.52,48.41,38.84,79.568,90.0,0.0,24.797999999999988,0.0,0.0,209.06211700831034
2006-09-13 14:00:00,0.0,0.0,61.53,47.11,38.63,72.247,90.0,0.0,19.977000000000004,0.0,0.0,204.06211700831034
2006-09-13 15:00:00,0.0,0.0,61.59,46.55,39.58,61.312999999999995,90.0,0.0,8.593,0.0,0.0,199.06211700831034
2006-09-13 16:00:00,0.0,0.0,62.27,47.95,41.24,47.711,90.0,8.749000000000052,0.0,0.0,0.0,194.06211700831034
2006-09-13 17:00:00,0.0,0.0,62.1,49.73,42.07,33.42699999999999,115.47300000000001,0.0,0.0,0.0,0.0,189.06211700831034
2006-09-13 18:00:00,0.0,0.0,60.09,48.61,41.58,24.378999999999998,104.63564250000007,16.26535749999995,0.0,0.0,0.0,184.06211700831034
2006-09-13 19:00:00,0.0,0.0,57.34,46.8,40.1,21.878,110.0,7.361999999999995,0.0,0.0,0.0,179.06211700831034
2006-09-13 20:00:00,0.0,0.0,54.57,47.36,37.95,21.823999999999998,90.0,23.05600000000001,0.0,0.0,0.0,174.06211700831034
2006-09-13 21:00:00,0.0,0.0,51.01,48.16,34.86,20.316,90.0,18.714,0.0,0.0,0.0,169.06211700831034
2006-09-13 22:00:00,0.0,0.0,47.86,45.21,31.01,17.599,101.48100000000002,0.0,0.0,0.0,0.0,164.06211700831034
2006-09-13 23:00:00,0.0,0.0,45.82,42.17,27.33,15.956,94.364,0.0,0.0,0.0,0.0,159.06211700831034
2006-09-14 00:00:00,0.0,0.0,44.16,40.16,26.03,15.546,90.0,0.0,0.19599999999998907,0.0,0.0,154.06211700831034
2006-09-14 01:00:00,0.0,0.0,44.02,37.97,24.65,14.296,90.0,0.0,2.656000000000006,0.0,0.0,149.06211700831034
2006-09-14 02:00:00,0.0,0.0,44.75,36.89,23.72,13.439,90.0,0.0,3.0789999999999935,0.0,0.0,144.06211700831034
2006-09-14 03:00:00,0.0,0.0,47.0,37.77,23.26,13.595,90.0,0.0,0.5649999999999835,0.0,0.0,139.06211700831034
2006-09-14 04:00:00,0.0,0.0,52.28,40.47,23.56,14.23,97.08,0.0,0.0,0.0,0.0,134.06211700831034
2006-09-14 05:00:00,0.0,0.0,57.4,44.06,26.92,16.293,90.0,17.087000000000003,0.0,0.0,0.0,129.06211700831034
2006-09-14 06:00:00,0.0,0.0,60.87,47.05,32.19,24.232,90.0,20.877999999999993,0.0,0.0,0.0,124.06211700831034
2006-09-14 07:00:00,0.0,0.0,62.6,49.09,36.48,34.798,108.372,0.0,0.0,0.0,0.0,119.06211700831034
2006-09-14 08:00:00,0.0,0.0,64.18,50.24,38.64,48.277,90.0,9.783000000000001,0.0,0.0,0.0,114.06211700831034
2006-09-14 09:00:00,0.0,0.0,65.58,50.97,39.38,62.596000000000004,90.0,0.0,0.0,0.0,0.0,109.06211700831034
2006-09-14 10:00:00,0.0,0.0,65.39,51.74,39.79,74.001,90.0,0.0,9.01672945521702,0.0,0.0,104.06211700831034
2006-09-14 11:00:00,0.0,0.0,64.41,50.89,39.99,78.705,90.0,0.0,16.7483333333333,0.0,0.0,99.06211700831034
2006-09-14 12:00:00,0.0,0.0,63.12,49.86,39.64,78.93,90.0,0.0,19.643333333333338,0.0,0.0,94.06211700831034
2006-09-14 13:00:00,0.0,0.0,62.05,48.38,39.12,76.74199999999999,90.0,0.0,22.192000000000007,0.0,0.0,89.06211700831034
2006-09-14 14:00:00,0.0,0.0,61.06,47.08,38.92,73.01299999999999,90.0,0.0,19.286333333333317,0.0,0.0,84.06211700831034
2006-09-14 15:00:00,0.0,0.0,61.13,46.52,39.86,65.894,90.0,0.0,10.05066666666668,0.0,0.0,79.06211700831034
2006-09-14 16:00:00,0.0,0.0,61.84,47.95,41.55,53.544,90.0,2.7960000000000065,0.0,0.0,0.0,74.06211700831034
2006-09-14 17:00:00,0.0,0.0,61.68,49.77,42.4,40.526,90.0,18.324000000000012,0.0,0.0,0.0,69.06211700831034
2006-09-14 18:00:00,0.0,0.0,59.67,48.66,41.93,33.85099999999999,90.0,21.408999999999992,0.0,0.0,0.0,64.06211700831034
2006-09-14 19:00:00,0.0,0.0,56.91,46.83,40.45,32.131,90.0,17.05900000000001,0.0,0.0,0.0,59.06211700831034
2006-09-14 20:00:00,0.0,0.0,54.11,47.35,38.27,31.401,90.0,13.329000000000008,0.0,0.0,0.0,54.06211700831034
2006-09-14 21:00:00,0.0,0.0,50.56,48.14,35.15,28.405,90.0,10.444999999999986,0.0,0.0,0.0,49.06211700831034
2006-09-14 22:00:00,0.0,0.0,47.41,45.21,31.29,24.785999999999998,90.0,4.123999999999995,0.0,0.0,0.0,44.06211700831034
2006-09-14 23:00:00,0.0,0.0,45.37,42.18,27.62,22.555,90.0,0.0,0.0,0.0,0.0,39.06211700831034
2006-09-15 00:00:00,0.0,0.0,42.77,39.43,26.04,22.471,90.0,0.0,4.2309999999999945,0.0,0.0,34.06211700831034
2006-09-15 01:00:00,0.0,0.0,42.63,37.25,24.68,23.523,90.0,0.0,8.963000000000001,0.0,0.0,29.062117008310338
2006-09-15 02:00:00,0.0,0.0,43.37,36.16,23.75,23.921,90.0,0.0,10.641000000000005,0.0,0.0,24.062117008310338
2006-09-15 03:00:00,0.0,0.0,45.63,37.03,23.28,25.099000000000004,90.0,0.0,0.0,9.159000000000002,0.0,25.65659700831034
2006-09-15 04:00:00,0.0,0.0,50.89,39.75,23.58,28.116999999999997,90.0,0.0,3.8969999999999914,0.0,0.0,20.65659700831034
2006-09-15 05:00:00,0.0,0.0,56.0,43.35,26.92,31.554,90.0,1.3826666666666654,0.0,0.0,0.0,15.656597008310339
2006-09-15 06:00:00,0.0,0.0,59.49,46.33,32.19,42.867999999999995,90.0,1.8086666666666709,0.0,0.0,0.0,10.656597008310339
2006-09-15 07:00:00,0.0,0.0,61.21,48.36,36.49,57.278999999999996,90.0,0.0,1.218999999999994,0.0,0.0,5.656597008310339
2006-09-15 08:00:00,0.0,0.0,62.79,49.5,38.65,82.313,90.0,0.0,0.0,21.373000000000008,0.0,16.045157008310344
2006-09-15 09:00:00,0.0,0.0,64.18,50.23,39.39,100.775,90.0,0.0,6.974999999999987,30.0,0.0,32.64515700831034
2006-09-15 10:00:00,0.0,0.0,64.0,50.99,39.8,109.733,90.0,0.0,14.942999999999998,30.0,0.0,49.24515700831034
2006-09-15 11:00:00,0.0,0.0,63.02,50.14,40.0,112.567,90.0,0.0,49.407,0.0,0.0,44.24515700831034
2006-09-15 12:00:00,0.0,0.0,61.73,49.1,39.66,111.45299999999999,90.0,0.0,20.963000000000022,30.0,0.0,60.84515700831034
2006-09-15 13:00:00,0.0,0.0,60.66,47.62,39.14,107.304,90.0,0.0,19.884000000000018,30.0,0.0,77.44515700831033
2006-09-15 14:00:00,0.0,0.0,59.68,46.32,38.94,100.10600000000001,90.0,0.0,45.166,0.0,0.0,72.44515700831033
2006-09-15 15:00:00,0.0,0.0,59.75,45.76,39.89,90.605,90.0,0.0,5.204999999999998,30.0,0.0,89.04515700831033
2006-09-15 16:00:00,0.0,0.0,60.48,47.21,41.59,78.484,90.0,0.0,19.20399999999998,0.0,0.0,84.04515700831033
2006-09-15 17:00:00,0.0,0.0,60.34,49.07,42.47,64.55700000000002,90.0,0.0,0.0,2.6769999999999996,0.0,80.97259700831033
2006-09-15 18:00:00,0.0,0.0,58.34,47.98,42.01,51.64700000000001,90.0,6.6829999999999785,0.0,0.0,0.0,75.97259700831033
2006-09-15 19:00:00,0.0,0.0,55.56,46.14,40.53,47.1,90.0,1.7966666666666669,0.0,0.0,0.0,70.97259700831033
2006-09-15 20:00:00,0.0,0.0,52.74,46.6,38.33,43.80500000000001,90.0,0.5316666666666663,0.0,0.0,0.0,65.97259700831033
2006-09-15 21:00:00,0.0,0.0,49.2,47.38,35.18,40.886,90.0,0.0,0.0,0.0,0.0,60.97259700831033
2006-09-15 22:00:00,0.0,0.0,46.04,44.49,31.31,38.572,90.0,0.0,6.731999999999999,0.0,0.0,55.97259700831033
2006-09-15 23:00:00,0.0,0.0,43.99,41.46,27.64,36.894,90.0,0.0,0.0,13.803999999999998,0.0,60.91147700831033
2006-09-16 00:00:00,0.0,0.0,34.58,34.34,23.69,35.472,90.0,0.0,2.8619999999999948,30.0,0.0,77.51147700831032
2006-09-16 01:00:00,0.0,0.0,34.44,32.15,22.33,34.046,90.0,0.0,5.126000000000019,30.0,0.0,94.11147700831032
2006-09-16 02:00:00,0.0,0.0,35.18,31.06,21.4,32.578,90.0,0.0,4.938000000000017,30.0,0.0,110.71147700831031
2006-09-16 03:00:00,0.0,0.0,37.44,31.93,20.94,31.561999999999998,90.0,0.0,1.2519999999999953,30.0,0.0,127.3114770083103
2006-09-16 04:00:00,0.0,0.0,42.7,34.67,21.23,29.29,90.0,0.0,0.0,20.690000000000005,0.0,137.20827700831032
2006-09-16 05:00:00,0.0,0.0,47.8,38.27,24.54,28.634999999999998,90.0,0.0,0.0,8.02499999999998,0.0,137.9862770083103
2006-09-16 06:00:00,0.0,0.0,51.29,41.24,29.8,34.187,90.0,0.0,0.0,1.8570000000000206,0.0,134.3233170083103
2006-09-16 07:00:00,0.0,0.0,53.01,43.26,34.12,45.098,90.0,0.0,0.0,4.707999999999998,0.0,132.7130770083103
2006-09-16 08:00:00,0.0,0.0,54.59,44.4,36.29,60.905,90.0,0.0,15.625,0.0,0.0,127.71307700831031
2006-09-16 09:00:00,0.0,0.0,55.98,45.12,37.03,70.171,90.0,0.0,22.04100000000002,0.0,0.0,122.71307700831031
2006-09-16 10:00:00,0.0,0.0,55.8,45.87,37.43,76.786,90.0,0.0,27.685999999999993,0.0,0.0,117.71307700831031
2006-09-16 11:00:00,0.0,0.0,54.82,45.03,37.64,79.685,90.0,0.0,7.693395198522643,24.501604801477352,0.0,130.354232465374
2006-09-16 12:00:00,0.0,0.0,53.53,43.99,37.3,78.56,90.0,0.0,3.740000000000009,30.0,0.0,146.954232465374
2006-09-16 13:00:00,0.0,0.0,52.46,42.5,36.78,74.616,90.0,0.0,2.8760000000000048,30.0,0.0,163.55423246537399
2006-09-16 14:00:00,0.0,0.0,51.48,41.19,36.59,67.555,90.0,0.0,0.0,28.295000000000005,0.0,178.92663246537398
2006-09-16 15:00:00,0.0,0.0,51.56,40.64,37.53,57.589,90.0,0.0,17.858999999999995,0.0,0.0,173.92663246537398
2006-09-16 16:00:00,0.0,0.0,52.32,42.11,39.26,42.463,90.0,0.0,0.0,0.0,0.0,168.92663246537398
2006-09-16 17:00:00,0.0,0.0,52.19,44.0,40.17,26.779999999999998,90.0,16.246666666666684,0.0,0.0,0.0,163.92663246537398
2006-09-16 18:00:00,0.0,0.0,50.2,42.94,39.72,17.087,90.0,25.773000000000003,0.0,0.0,0.0,158.92663246537398
2006-09-16 19:00:00,0.0,0.0,47.41,41.08,38.24,17.303,90.0,14.427000000000007,0.0,0.0,0.0,153.92663246537398
2006-09-16 20:00:00,0.0,0.0,44.56,41.49,36.01,17.031000000000002,90.0,13.362333333333332,0.0,0.0,0.0,148.92663246537398
2006-09-16 21:00:00,0.0,0.0,41.02,42.27,32.83,15.098999999999998,90.0,7.687666666666686,0.0,0.0,0.0,143.92663246537398
2006-09-16 22:00:00,0.0,0.0,37.86,39.4,28.96,13.806999999999999,90.0,0.0,0.0,0.0,0.0,138.92663246537398
2006-09-16 23:00:00,0.0,0.0,35.81,36.37,25.28,12.133,90.0,0.0,0.0,4.672999999999988,0.0,137.29119246537397
2006-09-17 00:00:00,0.0,0.0,30.8,32.01,22.34,11.369,90.0,0.0,0.0,16.218999999999987,0.0,143.96887246537395
2006-09-17 01:00:00,0.0,0.0,30.66,29.83,21.0,11.004000000000001,90.0,0.0,0.0,19.513999999999996,0.0,153.01895246537396
2006-09-17 02:00:00,0.0,0.0,31.4,28.73,20.07,11.093,90.0,0.0,20.0,0.8930000000000362,0.0,148.66191246537397
2006-09-17 03:00:00,0.0,0.0,33.67,29.6,19.6,11.262,90.0,0.0,18.391999999999996,0.0,0.0,143.66191246537397
2006-09-17 04:00:00,0.0,0.0,38.91,32.35,19.89,11.151,90.0,0.0,0.0,10.000999999999998,0.0,145.86263246537396
2006-09-17 05:00:00,0.0,0.0,44.01,35.95,23.18,11.25,90.0,0.0,0.0,0.0,0.0,140.86263246537396
2006-09-17 06:00:00,0.0,0.0,47.5,38.92,28.44,16.488,90.0,8.372,0.0,0.0,0.0,135.86263246537396
2006-09-17 07:00:00,0.0,0.0,49.22,40.93,32.76,25.622,90.0,5.6213333333333395,0.0,0.0,0.0,130.86263246537396
2006-09-17 08:00:00,0.0,0.0,50.79,42.06,34.94,39.231,90.0,0.0,1.4410000000000025,0.0,0.0,125.86263246537396
2006-09-17 09:00:00,0.0,0.0,52.18,42.78,35.68,49.449999999999996,90.0,0.0,0.0,8.810000000000013,0.0,127.20583246537397
2006-09-17 10:00:00,0.0,0.0,52.01,43.53,36.08,57.067,90.0,0.0,0.0,15.447000000000003,0.0,133.32767246537398
2006-09-17 11:00:00,0.0,0.0,51.03,42.68,36.29,60.447,90.0,0.0,20.447000000000003,0.0,0.0,128.32767246537398
2006-09-17 12:00:00,0.0,0.0,49.74,41.63,35.95,59.27100000000001,90.0,0.0,21.950999999999986,0.0,0.0,123.32767246537398
2006-09-17 13:00:00,0.0,0.0,48.67,40.14,35.44,54.179,90.0,0.0,0.0,19.929000000000002,0.0,132.676552465374
2006-09-17 14:00:00,0.0,0.0,47.69,38.84,35.25,46.644999999999996,90.0,0.0,14.864999999999995,0.0,0.0,127.67655246537399
2006-09-17 15:00:00,0.0,0.0,47.78,38.29,36.2,36.730000000000004,90.0,0.0,4.460000000000008,0.0,0.0,122.67655246537399
2006-09-17 16:00:00,0.0,0.0,48.56,39.77,37.94,24.564,90.0,10.039333333333346,0.0,0.0,0.0,117.67655246537399
2006-09-17 17:00:00,0.0,0.0,48.45,41.71,38.88,12.708,90.0,24.665333333333336,0.0,0.0,0.0,112.67655246537399
2006-09-17 18:00:00,0.0,0.0,46.46,40.66,38.45,4.125000000000001,90.0,29.778333333333336,0.0,0.0,0.0,107.67655246537399
2006-09-17 19:00:00,0.0,0.0,43.66,38.78,36.96,4.769,90.0,21.297666666666668,0.0,0.0,0.0,102.67655246537399
2006-09-17 20:00:00,0.0,0.0,40.79,39.15,34.71,5.437000000000001,90.0,17.54633333333335,0.0,0.0,0.0,97.67655246537399
2006-09-17 21:00:00,0.0,0.0,37.25,39.92,31.49,5.455,90.0,9.87166666666667,0.0,0.0,0.0,92.67655246537399
2006-09-17 22:00:00,0.0,0.0,34.09,37.07,27.62,5.0809999999999995,90.0,2.0323333333333338,0.0,0.0,0.0,87.67655246537399
2006-09-17 23:00:00,0.0,0.0,32.03,34.05,23.95,5.05,90.0,0.0,0.0,5.019999999999996,0.0,86.29095246537399
2006-09-18 00:00:00,0.0,0.0,42.37,38.78,25.11,5.07,90.0,9.523333333333326,0.0,0.0,0.0,81.29095246537399
2006-09-18 01:00:00,0.0,0.0,42.23,36.6,23.78,5.189,90.0,4.087666666666676,0.0,0.0,0.0,76.29095246537399
2006-09-18 02:00:00,0.0,0.0,42.97,35.49,22.85,5.42,90.0,4.223333333333358,0.0,0.0,0.0,71.29095246537399
2006-09-18 03:00:00,0.0,0.0,45.25,36.36,22.38,5.675,90.0,4.981666666666676,0.0,0.0,0.0,66.29095246537399
2006-09-18 04:00:00,0.0,0.0,50.47,39.13,22.67,5.593,90.0,15.010333333333334,0.0,0.0,0.0,61.29095246537399
2006-09-18 05:00:00,0.0,0.0,55.57,42.74,25.92,6.139,90.0,26.42433333333335,0.0,0.0,0.0,56.29095246537399
2006-09-18 06:00:00,0.0,0.0,59.06,45.7,31.18,10.835,90.0,33.43833333333333,0.0,0.0,0.0,51.29095246537399
2006-09-18 07:00:00,0.0,0.0,60.78,47.7,35.52,20.92,90.0,31.41333333333334,0.0,0.0,0.0,46.29095246537399
2006-09-18 08:00:00,0.0,0.0,62.35,48.83,37.7,35.548,90.0,19.20730749999998,0.0,0.0,0.0,41.29095246537399
2006-09-18 09:00:00,0.0,0.0,63.73,49.53,38.45,49.441,90.0,10.602333333333329,0.0,0.0,0.0,36.29095246537399
2006-09-18 10:00:00,0.0,0.0,63.57,50.28,38.84,62.35000000000001,90.0,0.0,0.0,0.0,0.0,31.29095246537399
2006-09-18 11:00:00,0.0,0.0,62.59,49.43,39.05,70.41699999999999,90.0,0.0,9.347000000000023,0.0,0.0,26.29095246537399
2006-09-18 12:00:00,0.0,0.0,61.3,48.38,38.72,73.838,90.0,0.0,15.438,0.0,0.0,21.29095246537399
2006-09-18 13:00:00,0.0,0.0,60.23,46.88,38.21,73.911,90.0,0.0,0.0,18.591000000000008,0.0,29.676472465373998
2006-09-18 14:00:00,0.0,0.0,59.25,45.57,38.02,69.49399999999999,90.0,0.0,3.7677673130194336,12.886232686980561,0.0,33.95456
2006-09-18 15:00:00,0.0,0.0,59.35,45.03,38.97,61.684,90.0,0.0,8.333999999999993,0.0,0.0,28.954559999999997
2006-09-18 16:00:00,0.0,0.0,60.15,46.54,40.74,52.458,90.0,1.6386666666666798,0.0,0.0,0.0,23.954559999999997
2006-09-18 17:00:00,0.0,0.0,60.07,48.51,41.71,42.547,90.0,17.743000000000006,0.0,0.0,0.0,18.954559999999997
2006-09-18 18:00:00,0.0,0.0,58.08,47.49,41.28,38.366,90.0,16.817333333333355,0.0,0.0,0.0,13.954559999999997
2006-09-18 19:00:00,0.0,0.0,55.26,45.58,39.79,40.426,90.0,6.870666666666651,0.0,0.0,0.0,8.954559999999997
2006-09-18 20:00:00,0.0,0.0,52.37,45.9,37.53,41.389,90.0,1.0776666666666443,0.0,0.0,0.0,3.9545599999999963
2006-09-18 21:00:00,0.0,0.0,48.84,46.66,34.27,41.222,90.0,0.0,0.0,1.4520000000000053,0.0,0.0
2006-09-18 22:00:00,0.0,0.0,45.67,43.84,30.39,41.602000000000004,90.0,0.0,0.0,11.701999999999998,0.0,3.4254399999999983
2006-09-18 23:00:00,0.0,0.0,43.61,40.83,26.72,42.394,90.0,0.0,19.04711111111112,2.1868888888888915,0.0,0.0
2006-09-19 00:00:00,0.0,0.0,44.13,39.74,26.16,43.208,90.0,0.0,16.23355555555556,6.944444444444445,0.0,0.0
2006-09-19 01:00:00,0.0,0.0,43.99,37.57,24.84,43.991,90.0,0.0,0.0,27.591000000000008,0.0,14.865520000000004
2006-09-19 02:00:00,0.0,0.0,44.74,36.45,23.9,44.654,90.0,0.0,0.0,29.56399999999998,0.0,31.151599999999988
2006-09-19 03:00:00,0.0,0.0,47.02,37.32,23.44,44.558,90.0,0.0,0.0,26.778000000000006,0.0,45.43175999999999
2006-09-19 04:00:00,0.0,0.0,52.23,40.11,23.72,43.835,90.0,0.0,0.0,17.775000000000013,0.0,53.22976
2006-09-19 05:00:00,0.0,0.0,57.32,43.72,26.95,44.196000000000005,90.0,0.0,0.0,6.205999999999996,0.0,52.69808
2006-09-19 06:00:00,0.0,0.0,60.81,46.67,32.21,50.456,90.0,0.0,0.0,0.7659999999999769,0.0,48.24959999999998
2006-09-19 07:00:00,0.0,0.0,62.54,48.66,36.56,63.522,90.0,0.0,5.7620000000000005,0.0,0.0,43.24959999999998
2006-09-19 08:00:00,0.0,0.0,64.1,49.78,38.75,80.60000000000002,90.0,0.0,17.97000000000002,0.0,0.0,38.24959999999998
2006-09-19 09:00:00,0.0,0.0,65.48,50.48,39.49,95.26400000000001,90.0,0.0,0.0,29.814000000000007,0.0,54.715679999999985
2006-09-19 10:00:00,0.0,0.0,65.32,51.22,39.89,103.06799999999998,90.0,0.0,6.637999999999999,30.0,0.0,71.31567999999999
2006-09-19 11:00:00,0.0,0.0,64.35,50.38,40.09,106.54400000000001,90.0,0.0,11.724000000000018,30.0,0.0,87.91567999999998
2006-09-19 12:00:00,0.0,0.0,63.06,49.32,39.77,105.955,90.0,0.0,13.805000000000007,30.0,0.0,104.51567999999997
2006-09-19 13:00:00,0.0,0.0,61.98,47.82,39.26,101.924,90.0,0.0,12.864000000000019,30.0,0.0,121.11567999999997
2006-09-19 14:00:00,0.0,0.0,61.01,46.51,39.07,93.592,90.0,0.0,7.0020000000000095,30.0,0.0,137.71567999999996
2006-09-19 15:00:00,0.0,0.0,61.11,45.96,40.02,80.957,90.0,0.0,13.249070175438497,10.617929824561479,0.0,140.36058947368423
2006-09-19 16:00:00,0.0,0.0,61.94,47.49,41.81,63.384,90.0,0.0,0.0,2.144000000000009,0.0,136.90426947368422
2006-09-19 17:00:00,0.0,0.0,61.87,49.5,42.81,40.403,90.0,23.777,0.0,0.0,0.0,131.90426947368422
2006-09-19 18:00:00,0.0,0.0,59.89,48.5,42.4,28.243000000000002,90.0,32.547,0.0,0.0,0.0,126.90426947368422
2006-09-19 19:00:00,0.0,0.0,57.06,46.58,40.91,28.349999999999998,90.0,26.200000000000006,0.0,0.0,0.0,121.90426947368422
2006-09-19 20:00:00,0.0,0.0,54.14,46.85,38.62,30.535000000000004,90.0,19.07499999999999,0.0,0.0,0.0,116.90426947368422
2006-09-19 21:00:00,0.0,0.0,50.62,47.61,35.33,32.983000000000004,90.0,10.576999999999998,0.0,0.0,0.0,111.90426947368422
2006-09-19 22:00:00,0.0,0.0,47.44,44.81,31.44,34.906,90.0,0.0,0.0,1.2160000000000153,0.0,107.77978947368423
2006-09-19 23:00:00,0.0,0.0,45.38,41.8,27.77,35.95399999999999,90.0,0.0,0.0,11.003999999999998,0.0,110.70266947368422
2006-09-20 00:00:00,0.0,0.0,44.87,40.18,25.74,37.056000000000004,90.0,0.0,0.0,16.266000000000012,0.0,117.41418947368423
2006-09-20 01:00:00,0.0,0.0,44.73,38.01,24.42,38.632000000000005,90.0,0.0,0.0,21.472,0.0,127.87402947368423
2006-09-20 02:00:00,0.0,0.0,45.48,36.88,23.49,41.11200000000001,90.0,0.0,0.0,25.26200000000003,0.0,141.06266947368425
2006-09-20 03:00:00,0.0,0.0,47.77,37.75,23.02,43.477000000000004,90.0,0.0,0.0,24.936999999999983,0.0,154.01730947368424
2006-09-20 04:00:00,0.0,0.0,52.96,40.55,23.3,45.019999999999996,90.0,0.0,0.0,18.21,0.0,162.12850947368423
2006-09-20 05:00:00,0.0,0.0,58.05,44.17,26.51,46.586000000000006,90.0,0.0,0.0,7.855999999999987,0.0,162.78482947368423
2006-09-20 06:00:00,0.0,0.0,61.55,47.11,31.76,53.495999999999995,90.0,0.0,0.0,3.0759999999999863,0.0,159.99954947368423
2006-09-20 07:00:00,0.0,0.0,63.27,49.1,36.12,64.506,90.0,0.0,6.016000000000005,0.0,0.0,154.99954947368423
2006-09-20 08:00:00,0.0,0.0,64.83,50.21,38.32,77.472,90.0,0.0,14.111999999999988,0.0,0.0,149.99954947368423
2006-09-20 09:00:00,0.0,0.0,66.2,50.9,39.06,90.71100000000001,90.0,0.0,0.0,24.55099999999998,0.0,162.67626947368421
2006-09-20 10:00:00,0.0,0.0,66.05,51.64,39.46,102.88100000000001,90.0,0.0,35.73100000000001,0.0,0.0,157.67626947368421
2006-09-20 11:00:00,0.0,0.0,65.08,50.8,39.66,108.46900000000002,90.0,0.0,12.929000000000002,30.0,0.0,174.2762694736842
2006-09-20 12:00:00,0.0,0.0,63.79,49.73,39.35,108.69000000000003,90.0,0.0,15.820000000000022,30.0,0.0,190.8762694736842
2006-09-20 13:00:00,0.0,0.0,62.71,48.22,38.84,104.274,90.0,0.0,14.503999999999998,30.0,0.0,207.4762694736842
2006-09-20 14:00:00,0.0,0.0,61.74,46.91,38.66,95.833,90.0,0.0,8.522999999999989,30.0,0.0,224.0762694736842
2006-09-20 15:00:00,0.0,0.0,61.85,46.37,39.61,84.047,90.0,0.0,0.0,26.217000000000002,0.0,237.9525094736842
2006-09-20 16:00:00,0.0,0.0,62.71,47.92,41.42,67.55,90.0,0.0,0.0,5.4999999999999645,0.0,236.91250947368417
2006-09-20 17:00:00,0.0,0.0,62.65,49.97,42.44,54.57799999999999,90.0,10.482000000000014,0.0,0.0,0.0,231.91250947368417
2006-09-20 18:00:00,0.0,0.0,60.68,48.99,42.04,45.003,90.0,16.706999999999994,0.0,0.0,0.0,226.91250947368417
2006-09-20 19:00:00,0.0,0.0,57.83,47.05,40.55,45.47599999999999,90.0,9.953999999999997,0.0,0.0,0.0,221.91250947368417
2006-09-20 20:00:00,0.0,0.0,54.89,47.27,38.24,46.998999999999995,90.0,3.4010000000000105,0.0,0.0,0.0,216.91250947368417
2006-09-20 21:00:00,0.0,0.0,51.37,48.02,34.91,48.278999999999996,90.0,0.0,0.0,3.9790000000000134,0.0,214.77738947368417
2006-09-20 22:00:00,0.0,0.0,48.19,45.25,31.02,49.49,90.0,0.0,0.0,15.030000000000015,0.0,220.59898947368418
2006-09-20 23:00:00,0.0,0.0,46.12,42.24,27.36,49.664,90.0,0.0,0.0,23.943999999999996,0.0,232.83866947368418
2006-09-21 00:00:00,0.0,0.0,44.13,40.18,25.67,49.095000000000006,90.0,0.0,0.0,29.114999999999995,0.0,248.80146947368416
2006-09-21 01:00:00,0.0,0.0,43.98,38.01,24.36,48.278,90.0,0.0,1.9280000000000115,30.0,0.0,265.4014694736842
2006-09-21 02:00:00,0.0,0.0,44.73,36.88,23.43,48.171,90.0,0.0,33.131,0.0,0.0,260.4014694736842
2006-09-21 03:00:00,0.0,0.0,47.03,37.75,22.96,48.824000000000005,90.0,0.0,1.083999999999989,30.0,0.0,277.0014694736842
2006-09-21 04:00:00,0.0,0.0,52.21,40.57,23.24,48.867,90.0,0.0,0.0,22.84700000000001,0.0,288.4513094736842
2006-09-21 05:00:00,0.0,0.0,57.29,44.18,26.42,49.135,90.0,0.0,0.0,11.245000000000005,0.0,291.5477094736842
2006-09-21 06:00:00,0.0,0.0,60.79,47.12,31.67,58.682,90.0,0.0,0.0,9.102000000000007,0.0,293.10114947368425
2006-09-21 07:00:00,0.0,0.0,62.52,49.1,36.04,76.97900000000001,90.0,0.0,19.319000000000017,0.0,0.0,288.10114947368425
2006-09-21 08:00:00,0.0,0.0,64.07,50.21,38.24,88.56799999999998,90.0,0.0,0.0,26.047999999999988,0.0,301.8557094736842
2006-09-21 09:00:00,0.0,0.0,65.44,50.89,38.99,104.356,90.0,0.0,9.035999999999987,30.0,0.0,318.45570947368424
2006-09-21 10:00:00,0.0,0.0,65.3,51.62,39.38,114.999,90.0,0.0,18.699000000000005,30.0,0.0,335.05570947368426
2006-09-21 11:00:00,0.0,0.0,64.32,50.78,39.58,119.913,90.0,0.0,25.233000000000004,30.0,0.0,351.6557094736843
2006-09-21 12:00:00,0.0,0.0,63.04,49.71,39.27,120.599,90.0,0.0,28.57899999999998,30.0,0.0,368.2557094736843
2006-09-21 13:00:00,0.0,0.0,61.95,48.2,38.77,117.13400000000001,90.0,0.0,28.213999999999984,30.0,0.0,384.8557094736843
2006-09-21 14:00:00,0.0,0.0,60.99,46.89,38.59,110.449,90.0,0.0,23.979000000000017,30.0,0.0,401.45570947368435
2006-09-21 15:00:00,0.0,0.0,61.11,46.35,39.54,98.478,90.0,0.0,11.477999999999994,30.0,0.0,418.0557094736844
2006-09-21 16:00:00,0.0,0.0,61.98,47.92,41.37,79.763,90.0,0.0,0.0,18.492999999999974,0.0,426.37066947368436
2006-09-21 17:00:00,0.0,0.0,61.94,50.0,42.43,67.20899999999999,90.0,0.0,0.0,2.838999999999995,0.0,423.41474947368437
2006-09-21 18:00:00,0.0,0.0,59.98,49.04,42.04,63.596,90.0,0.0,2.5360000000000156,0.0,0.0,418.41474947368437
2006-09-21 19:00:00,0.0,0.0,57.12,47.08,40.54,65.004,90.0,0.0,0.0,10.26400000000001,0.0,420.8048294736844
2006-09-21 20:00:00,0.0,0.0,54.15,47.26,38.21,65.557,90.0,0.0,0.0,15.937000000000015,0.0,427.2794694736844
2006-09-21 21:00:00,0.0,0.0,50.64,48.0,34.85,63.913,90.0,0.0,0.0,20.423,0.0,436.9840294736844
2006-09-21 22:00:00,0.0,0.0,47.46,45.25,30.95,62.896,90.0,0.0,0.0,29.235999999999983,0.0,453.0339494736844
2006-09-21 23:00:00,0.0,0.0,45.38,42.25,27.29,59.465,90.0,0.0,4.545000000000016,30.0,0.0,469.6339494736844
2006-09-22 00:00:00,0.0,0.0,42.75,39.45,25.61,53.824,90.0,0.0,36.01399999999999,0.0,0.0,464.6339494736844
2006-09-22 01:00:00,0.0,0.0,42.6,37.28,24.32,47.972,90.0,0.0,3.77200000000002,30.0,0.0,481.23394947368445
2006-09-22 02:00:00,0.0,0.0,43.35,36.15,23.38,43.833,90.0,0.0,0.953000000000003,30.0,0.0,497.83394947368447
2006-09-22 03:00:00,0.0,0.0,45.65,37.02,22.92,40.165,90.0,0.0,0.0,24.57500000000001,0.0,510.5279494736845
2006-09-22 04:00:00,0.0,0.0,50.83,39.85,23.18,36.92,90.0,0.0,0.0,13.059999999999995,0.0,514.9311494736845
2006-09-22 05:00:00,0.0,0.0,55.9,43.47,26.34,33.016,90.0,2.6939999999999955,0.0,0.0,0.0,509.9311494736845
2006-09-22 06:00:00,0.0,0.0,59.4,46.4,31.58,37.322,90.0,10.057999999999993,0.0,0.0,0.0,504.9311494736845
2006-09-22 07:00:00,0.0,0.0,61.13,48.37,35.97,46.575,90.0,8.894999999999996,0.0,0.0,0.0,499.9311494736845
2006-09-22 08:00:00,0.0,0.0,62.67,49.47,38.18,56.343999999999994,90.0,3.975999999999985,0.0,0.0,0.0,494.9311494736845
2006-09-22 09:00:00,0.0,0.0,64.05,50.15,38.92,73.116,90.0,0.0,0.0,9.995999999999992,0.0,497.1282694736845
2006-09-22 10:00:00,0.0,0.0,63.91,50.87,39.31,84.428,90.0,0.0,0.0,20.338,0.0,506.77162947368447
2006-09-22 11:00:00,0.0,0.0,62.94,50.04,39.52,88.869,90.0,0.0,0.0,26.369000000000028,0.0,520.7573094736845
2006-09-22 12:00:00,0.0,0.0,61.65,48.95,39.21,88.66499999999999,90.0,0.0,0.0,28.854999999999965,0.0,536.5329094736844
2006-09-22 13:00:00,0.0,0.0,60.56,47.44,38.72,87.489,90.0,0.0,0.7689999999999984,30.0,0.0,553.1329094736844
2006-09-22 14:00:00,0.0,0.0,59.6,46.12,38.53,82.639,90.0,0.0,0.0,28.388999999999992,0.0,568.5729894736844
2006-09-22 15:00:00,0.0,0.0,59.73,45.59,39.49,67.895,90.0,0.0,0.0,13.084999999999994,0.0,572.9941894736844
2006-09-22 16:00:00,0.0,0.0,60.63,47.18,41.34,47.188,90.0,11.962000000000018,0.0,0.0,0.0,567.9941894736844
2006-09-22 17:00:00,0.0,0.0,60.6,49.3,42.42,31.328999999999997,90.0,30.991,0.0,0.0,0.0,562.9941894736844
2006-09-22 18:00:00,0.0,0.0,58.65,48.36,42.05,23.415999999999997,90.0,35.644000000000005,0.0,0.0,0.0,557.9941894736844
2006-09-22 19:00:00,0.0,0.0,55.77,46.39,40.55,24.236,90.0,28.474000000000007,0.0,0.0,0.0,552.9941894736844
2006-09-22 20:00:00,0.0,0.0,52.78,46.51,38.19,24.701,90.0,22.778999999999982,0.0,0.0,0.0,547.9941894736844
2006-09-22 21:00:00,0.0,0.0,49.27,47.25,34.8,23.961,90.0,17.358999999999995,0.0,0.0,0.0,542.9941894736844
2006-09-22 22:00:00,0.0,0.0,46.09,44.53,30.9,21.65,90.0,9.870000000000019,0.0,0.0,0.0,537.9941894736844
2006-09-22 23:00:00,0.0,0.0,44.01,41.53,27.24,19.126,90.0,3.653999999999982,0.0,0.0,0.0,532.9941894736844
2006-09-23 00:00:00,0.0,0.0,34.55,34.36,23.23,17.464,90.0,0.0,0.0,15.323999999999991,0.0,539.0274694736844
2006-09-23 01:00:00,0.0,0.0,34.4,32.19,21.95,16.079,90.0,0.0,0.0,17.539,0.0,546.6555494736843
2006-09-23 02:00:00,0.0,0.0,35.16,31.05,21.01,15.448,90.0,0.0,0.0,18.228000000000023,0.0,554.7797094736843
2006-09-23 03:00:00,0.0,0.0,37.47,31.92,20.55,15.511,90.0,0.0,15.570999999999998,0.0,0.0,549.7797094736843
2006-09-23 04:00:00,0.0,0.0,42.63,34.76,20.81,15.756000000000002,90.0,0.0,7.555999999999983,0.0,0.0,544.7797094736843
2006-09-23 05:00:00,0.0,0.0,47.7,38.39,23.94,16.846,90.0,3.1839999999999975,0.0,0.0,0.0,539.7797094736843
2006-09-23 06:00:00,0.0,0.0,51.2,41.32,29.18,23.768000000000004,90.0,7.931999999999988,0.0,0.0,0.0,534.7797094736843
2006-09-23 07:00:00,0.0,0.0,52.93,43.27,33.57,35.443999999999996,90.0,4.326000000000008,0.0,0.0,0.0,529.7797094736843
2006-09-23 08:00:00,0.0,0.0,54.47,44.37,35.79,51.43200000000001,90.0,0.0,0.0,6.80200000000001,0.0,529.6771494736843
2006-09-23 09:00:00,0.0,0.0,55.84,45.04,36.54,68.813,90.0,0.0,0.0,21.393,0.0,540.0801094736843
2006-09-23 10:00:00,0.0,0.0,55.71,45.76,36.93,85.05899999999998,90.0,0.0,6.658999999999985,30.0,0.0,556.6801094736843
2006-09-23 11:00:00,0.0,0.0,54.74,44.92,37.13,92.65599999999999,90.0,0.0,15.866,30.0,0.0,573.2801094736843
2006-09-23 12:00:00,0.0,0.0,53.45,43.84,36.83,94.401,90.0,0.0,20.28099999999999,30.0,0.0,589.8801094736843
2006-09-23 13:00:00,0.0,0.0,52.36,42.32,36.34,92.10900000000001,90.0,0.0,51.08900000000003,0.0,0.0,584.8801094736843
2006-09-23 14:00:00,0.0,0.0,51.4,41.0,36.16,85.217,90.0,0.0,16.656999999999996,30.0,0.0,601.4801094736844
2006-09-23 15:00:00,0.0,0.0,51.54,40.47,37.11,72.015,90.0,0.0,2.8950000000000244,30.0,0.0,618.0801094736844
2006-09-23 16:00:00,0.0,0.0,52.46,42.08,38.99,50.93200000000001,90.0,0.0,0.0,7.401999999999987,0.0,618.4095494736844
2006-09-23 17:00:00,0.0,0.0,52.46,44.24,40.1,30.290999999999997,90.0,16.50900000000001,0.0,0.0,0.0,613.4095494736844
2006-09-23 18:00:00,0.0,0.0,50.51,43.32,39.74,21.861,90.0,21.709000000000003,0.0,0.0,0.0,608.4095494736844
2006-09-23 19:00:00,0.0,0.0,47.61,41.33,38.23,26.246000000000002,90.0,10.923999999999985,0.0,0.0,0.0,603.4095494736844
2006-09-23 20:00:00,0.0,0.0,44.6,41.4,35.86,30.593000000000004,90.0,1.2670000000000101,0.0,0.0,0.0,598.4095494736844
2006-09-23 21:00:00,0.0,0.0,41.1,42.13,32.43,33.061,90.0,0.0,0.0,7.400999999999986,0.0,598.7382694736843
2006-09-23 22:00:00,0.0,0.0,37.91,39.43,28.52,31.795,90.0,0.0,0.0,15.935000000000024,0.0,605.2114694736844
2006-09-23 23:00:00,0.0,0.0,35.82,36.44,24.86,31.112000000000002,90.0,0.0,0.0,23.99200000000001,0.0,617.4857094736843
2006-09-24 00:00:00,0.0,0.0,30.77,32.03,22.36,30.695,90.0,0.0,5.535,30.0,0.0,634.0857094736843
2006-09-24 01:00:00,0.0,0.0,30.62,29.87,21.08,30.279,90.0,0.0,20.0,18.709000000000003,0.0,642.5561894736843
2006-09-24 02:00:00,0.0,0.0,31.38,28.72,20.15,30.58,90.0,0.0,18.397313019390477,21.932686980609517,0.0,653.3477240997231
2006-09-24 03:00:00,0.0,0.0,33.7,29.59,19.68,31.434,90.0,0.0,8.463999999999999,30.0,0.0,669.9477240997231
2006-09-24 04:00:00,0.0,0.0,38.84,32.45,19.94,30.457,90.0,0.0,0.0,29.227000000000004,0.0,685.9911640997232
2006-09-24 05:00:00,0.0,0.0,43.91,36.07,23.05,30.293999999999997,90.0,0.0,0.0,17.263999999999996,0.0,693.4212440997231
2006-09-24 06:00:00,0.0,0.0,47.41,39.0,28.28,35.99699999999999,90.0,0.0,0.0,11.307000000000006,0.0,696.5622840997231
2006-09-24 07:00:00,0.0,0.0,49.14,40.94,32.69,45.666000000000004,90.0,0.0,0.0,12.895999999999997,0.0,700.8474040997231
2006-09-24 08:00:00,0.0,0.0,50.67,42.03,34.91,59.818999999999996,90.0,0.0,20.0,2.2089999999999925,0.0,697.4378840997231
2006-09-24 09:00:00,0.0,0.0,52.04,42.7,35.66,73.301,90.0,0.0,2.9009999999999962,30.0,0.0,714.0378840997231
2006-09-24 10:00:00,0.0,0.0,51.91,43.41,36.04,80.524,90.0,0.0,20.0,19.164000000000026,0.0,722.8359640997231
2006-09-24 11:00:00,0.0,0.0,50.95,42.58,36.25,83.301,90.0,0.0,13.520999999999997,30.0,0.0,739.4359640997232
2006-09-24 12:00:00,0.0,0.0,49.66,41.48,35.96,82.741,90.0,0.0,15.64100000000002,30.0,0.0,756.0359640997232
2006-09-24 13:00:00,0.0,0.0,48.57,39.96,35.47,77.919,90.0,0.0,13.919000000000011,30.0,0.0,772.6359640997232
2006-09-24 14:00:00,0.0,0.0,47.61,38.64,35.29,69.851,90.0,0.0,8.311000000000021,30.0,0.0,789.2359640997232
2006-09-24 15:00:00,0.0,0.0,47.76,38.11,36.24,56.867999999999995,90.0,0.0,0.0,24.75799999999999,0.0,802.0617240997232
2006-09-24 16:00:00,0.0,0.0,48.71,39.74,38.14,41.376000000000005,90.0,0.0,0.0,4.785999999999987,0.0,800.5076440997232
2006-09-24 17:00:00,0.0,0.0,48.71,41.94,39.28,27.843000000000004,90.0,8.75366666666666,0.0,0.0,0.0,795.5076440997232
2006-09-24 18:00:00,0.0,0.0,46.77,41.04,38.93,22.465,90.0,9.275000000000006,0.0,0.0,0.0,790.5076440997232
2006-09-24 19:00:00,0.0,0.0,43.86,39.03,37.42,21.354,90.0,5.325325833333342,0.0,0.0,0.0,785.5076440997232
2006-09-24 20:00:00,0.0,0.0,40.83,39.05,35.02,20.833,90.0,0.0,0.0,0.0,0.0,780.5076440997232
2006-09-24 21:00:00,0.0,0.0,37.33,39.78,31.57,19.229,90.0,0.0,0.5489999999999924,0.0,0.0,775.5076440997232
2006-09-24 22:00:00,0.0,0.0,34.14,37.11,27.65,16.908,90.0,0.0,8.00800000000001,0.0,0.0,770.5076440997232
2006-09-24 23:00:00,0.0,0.0,32.05,34.12,23.99,15.532,90.0,0.0,15.372000000000014,0.0,0.0,765.5076440997232
2006-09-25 00:00:00,0.0,0.0,42.34,40.51,24.9,15.081,90.0,0.0,0.0,0.0,0.0,760.5076440997232
2006-09-25 01:00:00,0.0,0.0,42.19,38.35,23.63,14.601,90.0,0.0,0.4310000000000116,0.0,0.0,755.5076440997232
2006-09-25 02:00:00,0.0,0.0,42.95,37.19,22.7,14.357000000000001,90.0,0.0,1.516999999999996,0.0,0.0,750.5076440997232
2006-09-25 03:00:00,0.0,0.0,45.27,38.06,22.23,14.722000000000001,90.0,0.0,0.0,0.0,0.0,745.5076440997232
2006-09-25 04:00:00,0.0,0.0,50.41,40.94,22.48,13.929000000000002,90.0,4.900999999999996,0.0,0.0,0.0,740.5076440997232
2006-09-25 05:00:00,0.0,0.0,55.47,44.57,25.57,14.154,106.45600000000002,0.0,0.0,0.0,0.0,735.5076440997232
2006-09-25 06:00:00,0.0,0.0,58.98,47.48,30.8,18.505,90.0,23.754999999999995,0.0,0.0,0.0,730.5076440997232
2006-09-25 07:00:00,0.0,0.0,60.7,49.42,35.21,27.662000000000003,112.66799999999999,0.0,0.0,0.0,0.0,725.5076440997232
2006-09-25 08:00:00,0.0,0.0,62.23,50.5,37.44,40.312000000000005,104.858,0.0,0.0,0.0,0.0,720.5076440997232
2006-09-25 09:00:00,0.0,0.0,63.6,51.16,38.2,51.436,94.87675750000001,1.647242500000006,0.0,0.0,0.0,715.5076440997232
2006-09-25 10:00:00,0.0,0.0,63.47,51.87,38.58,59.59,90.0,0.0,0.6700000000000017,0.0,0.0,710.5076440997232
2006-09-25 11:00:00,0.0,0.0,62.51,51.04,38.79,63.902,90.0,0.0,6.561999999999999,0.0,0.0,705.5076440997232
2006-09-25 12:00:00,0.0,0.0,61.23,49.94,38.5,64.087,90.0,0.0,9.416999999999998,0.0,0.0,700.5076440997232
2006-09-25 13:00:00,0.0,0.0,60.13,48.41,38.01,61.603,90.0,0.0,10.052999999999997,0.0,0.0,695.5076440997232
2006-09-25 14:00:00,0.0,0.0,59.18,47.09,37.83,55.975,90.0,0.0,6.875000000000002,0.0,0.0,690.5076440997232
2006-09-25 15:00:00,0.0,0.0,59.33,46.56,38.79,47.446000000000005,92.23400000000001,0.0,0.0,0.0,0.0,685.5076440997232
2006-09-25 16:00:00,0.0,0.0,60.3,48.21,40.71,34.672,90.0,19.548000000000012,0.0,0.0,0.0,680.5076440997232
2006-09-25 17:00:00,0.0,0.0,60.33,50.45,41.87,20.837,90.0,21.812999999999988,0.0,0.0,15.0,648.2349168269959
2006-09-25 18:00:00,0.0,0.0,58.39,49.57,41.53,8.915000000000001,110.0,25.574999999999996,0.0,0.0,0.0,643.2349168269959
2006-09-25 19:00:00,0.0,0.0,55.46,47.54,40.03,8.509,90.0,39.521,0.0,0.0,0.0,638.2349168269959
2006-09-25 20:00:00,0.0,0.0,52.41,47.52,37.6,8.502,115.0,9.028000000000006,0.0,0.0,0.0,633.2349168269959
2006-09-25 21:00:00,0.0,0.0,48.92,48.24,34.11,8.449,98.4790959293629,19.34190407063711,0.0,0.0,0.0,628.2349168269959
2006-09-25 22:00:00,0.0,0.0,45.72,45.59,30.19,8.771,107.72900000000001,0.0,0.0,0.0,0.0,623.2349168269959
2006-09-25 23:00:00,0.0,0.0,43.63,42.6,26.53,9.243,90.0,1.56005342936281,0.0,0.0,6.9569465706372,605.585923062201
2006-09-26 00:00:00,0.0,0.0,44.11,41.65,25.7,9.761000000000001,90.0,0.0,0.0,0.0,6.699000000000012,588.4059230622009
2006-09-26 01:00:00,0.0,0.0,43.95,39.49,24.44,10.408,92.47200000000001,0.0,0.0,0.0,0.0,583.4059230622009
2006-09-26 02:00:00,0.0,0.0,44.71,38.33,23.5,10.931000000000001,90.60900000000001,0.0,0.0,0.0,0.0,578.4059230622009
2006-09-26 03:00:00,0.0,0.0,47.04,39.2,23.03,11.189,93.081,0.0,0.0,0.0,0.0,573.4059230622009
2006-09-26 04:00:00,0.0,0.0,52.16,42.09,23.29,10.241,102.299,0.0,0.0,0.0,0.0,568.4059230622009
2006-09-26 05:00:00,0.0,0.0,57.22,45.72,26.35,9.865,110.0,4.424999999999997,0.0,0.0,0.0,563.4059230622009
2006-09-26 06:00:00,0.0,0.0,60.73,48.63,31.57,12.527999999999999,110.0,13.402000000000015,0.0,0.0,0.0,558.4059230622009
2006-09-26 07:00:00,0.0,0.0,62.46,50.56,36.0,23.126999999999995,120.893,0.0,0.0,0.0,0.0,553.4059230622009
2006-09-26 08:00:00,0.0,0.0,63.98,51.64,38.23,35.733,113.11699999999999,0.0,0.0,0.0,0.0,548.4059230622009
2006-09-26 09:00:00,0.0,0.0,65.34,52.29,38.99,49.867000000000004,90.0,11.753000000000014,0.0,0.0,0.0,543.4059230622009
2006-09-26 10:00:00,0.0,0.0,65.23,52.99,39.37,57.292,95.29800000000003,0.0,0.0,0.0,0.0,538.4059230622009
2006-09-26 11:00:00,0.0,0.0,64.27,52.17,39.58,59.985,90.0,0.0,0.0,0.0,1.0350000000000072,531.5241048803828
2006-09-26 12:00:00,0.0,0.0,62.98,51.06,39.29,60.623000000000005,90.0,0.0,2.292999999999978,0.0,0.0,526.5241048803828
2006-09-26 13:00:00,0.0,0.0,61.89,49.52,38.81,58.837999999999994,90.0,0.0,3.6179999999999826,0.0,0.0,521.5241048803828
2006-09-26 14:00:00,0.0,0.0,60.93,48.2,38.63,52.53200000000001,90.22800000000001,0.0,0.0,0.0,0.0,516.5241048803828
2006-09-26 15:00:00,0.0,0.0,61.09,47.68,39.59,42.497,100.86300000000001,0.0,0.0,0.0,0.0,511.52410488038277
2006-09-26 16:00:00,0.0,0.0,62.09,49.35,41.53,29.027,90.0,13.943000000000012,0.0,0.0,15.0,479.2513776076555
2006-09-26 17:00:00,0.0,0.0,62.13,51.63,42.73,14.183000000000002,90.0,47.30699999999999,0.0,0.0,0.0,474.2513776076555
2006-09-26 18:00:00,0.0,0.0,60.2,50.76,42.4,6.996999999999999,110.0,16.363,0.0,0.0,15.0,441.97865033492826
2006-09-26 19:00:00,0.0,0.0,57.26,48.72,40.89,8.197000000000001,133.673,0.0,0.0,0.0,0.0,436.97865033492826
2006-09-26 20:00:00,0.0,0.0,54.18,48.64,38.44,9.469000000000001,115.0,0.0,0.0,0.0,11.791000000000011,410.54046851674644
2006-09-26 21:00:00,0.0,0.0,50.69,49.35,34.92,10.479000000000001,115.0,0.0,0.0,0.0,4.481000000000009,397.3931957894737
2006-09-26 22:00:00,0.0,0.0,47.49,46.74,30.99,10.941999999999998,109.278,0.0,0.0,0.0,0.0,392.3931957894737
2006-09-26 23:00:00,0.0,0.0,45.4,43.75,27.34,11.719,99.77099999999999,0.0,0.0,0.0,0.0,387.3931957894737
2006-09-27 00:00:00,0.0,0.0,44.66,41.07,26.16,12.16,94.72999999999999,0.0,0.0,0.0,0.0,382.3931957894737
2006-09-27 01:00:00,0.0,0.0,44.51,38.92,24.92,13.209000000000001,90.141,0.0,0.0,0.0,0.0,377.3931957894737
2006-09-27 02:00:00,0.0,0.0,45.27,37.75,23.98,14.040999999999999,90.0,0.0,2.040999999999997,0.0,0.0,372.3931957894737
2006-09-27 03:00:00,0.0,0.0,47.61,38.61,23.51,15.280999999999999,90.0,0.0,0.5510000000000002,0.0,0.0,367.3931957894737
2006-09-27 04:00:00,0.0,0.0,52.71,41.53,23.75,15.171999999999999,97.81800000000001,0.0,0.0,0.0,0.0,362.3931957894737
2006-09-27 05:00:00,0.0,0.0,57.76,45.16,26.79,16.076999999999998,108.633,0.0,0.0,0.0,0.0,357.3931957894737
2006-09-27 06:00:00,0.0,0.0,61.28,48.06,32.01,20.102,90.0,26.24800000000002,0.0,0.0,0.0,352.3931957894737
2006-09-27 07:00:00,0.0,0.0,63.01,49.98,36.45,31.593999999999998,90.0,22.845999999999997,0.0,0.0,0.0,347.3931957894737
2006-09-27 08:00:00,0.0,0.0,64.52,51.05,38.69,45.2,104.05999999999997,0.0,0.0,0.0,0.0,342.3931957894737
2006-09-27 09:00:00,0.0,0.0,65.88,51.7,39.45,57.083999999999996,94.946,0.0,0.0,0.0,0.0,337.3931957894737
2006-09-27 10:00:00,0.0,0.0,65.77,52.39,39.82,69.37,90.0,0.0,6.390000000000003,0.0,0.0,332.3931957894737
2006-09-27 11:00:00,0.0,0.0,64.81,51.57,40.03,74.705,90.0,0.0,13.294999999999991,0.0,0.0,327.3931957894737
2006-09-27 12:00:00,0.0,0.0,63.53,50.45,39.75,76.234,90.0,0.0,17.504000000000005,0.0,0.0,322.3931957894737
2006-09-27 13:00:00,0.0,0.0,62.43,48.92,39.27,73.782,90.0,0.0,18.162000000000003,0.0,0.0,317.3931957894737
2006-09-27 14:00:00,0.0,0.0,61.48,47.59,39.1,68.068,90.0,0.0,14.898,0.0,0.0,312.3931957894737
2006-09-27 15:00:00,0.0,0.0,61.65,47.07,40.06,60.189,90.0,0.0,6.408999999999992,0.0,0.0,307.3931957894737
2006-09-27 16:00:00,0.0,0.0,62.67,48.76,42.02,51.413,97.037,0.0,0.0,0.0,0.0,302.3931957894737
2006-09-27 17:00:00,0.0,0.0,62.73,51.08,43.25,44.375,107.68499999999999,0.0,0.0,0.0,0.0,297.3931957894737
2006-09-27 18:00:00,0.0,0.0,60.81,50.24,42.93,40.87,90.0,18.110000000000028,0.0,0.0,0.0,292.3931957894737
2006-09-27 19:00:00,0.0,0.0,57.85,48.18,41.42,40.794000000000004,101.65600000000002,0.0,0.0,0.0,0.0,287.3931957894737
2006-09-27 20:00:00,0.0,0.0,54.75,48.05,38.95,41.016999999999996,90.0,5.733000000000004,0.0,0.0,0.0,282.3931957894737
2006-09-27 21:00:00,0.0,0.0,51.26,48.76,35.39,41.53999999999999,90.0,0.0,1.1300000000000008,0.0,0.0,277.3931957894737
2006-09-27 22:00:00,0.0,0.0,48.06,46.16,31.45,42.041000000000004,90.0,0.0,11.370999999999981,0.0,0.0,272.3931957894737
2006-09-27 23:00:00,0.0,0.0,45.96,43.18,27.8,42.12200000000001,90.0,0.0,20.182000000000002,0.0,0.0,267.3931957894737
2006-09-28 00:00:00,0.0,0.0,44.26,40.2,26.31,41.929,90.0,0.0,26.158999999999992,0.0,0.0,262.3931957894737
2006-09-28 01:00:00,0.0,0.0,44.1,38.05,25.08,41.592,90.0,0.0,29.36200000000001,0.0,0.0,257.3931957894737
2006-09-28 02:00:00,0.0,0.0,44.86,36.87,24.14,40.562999999999995,90.0,0.0,29.692999999999998,0.0,0.0,252.3931957894737
2006-09-28 03:00:00,0.0,0.0,47.21,37.74,23.67,40.227999999999994,90.0,0.0,26.607999999999976,0.0,0.0,247.3931957894737
2006-09-28 04:00:00,0.0,0.0,52.3,40.66,23.91,38.706,90.0,0.0,16.836000000000013,0.0,0.0,242.3931957894737
2006-09-28 05:00:00,0.0,0.0,57.35,44.3,26.93,37.238,90.0,0.0,3.6580000000000155,0.0,0.0,237.3931957894737
2006-09-28 06:00:00,0.0,0.0,60.87,47.2,32.14,37.477,90.0,7.733000000000004,0.0,0.0,0.0,232.3931957894737
2006-09-28 07:00:00,0.0,0.0,62.59,49.11,36.59,45.805,97.48500000000001,0.0,0.0,0.0,0.0,227.3931957894737
2006-09-28 08:00:00,0.0,0.0,64.11,50.17,38.84,53.986999999999995,94.13300000000001,0.0,0.0,0.0,0.0,222.3931957894737
2006-09-28 09:00:00,0.0,0.0,65.47,50.81,39.6,63.93,90.0,0.0,3.049999999999983,0.0,0.0,217.3931957894737
2006-09-28 10:00:00,0.0,0.0,65.36,51.5,39.97,72.715,90.0,0.0,10.88500000000002,0.0,0.0,212.3931957894737
2006-09-28 11:00:00,0.0,0.0,64.4,50.68,40.18,77.619,90.0,0.0,17.358999999999998,0.0,0.0,207.3931957894737
2006-09-28 12:00:00,0.0,0.0,63.12,49.56,39.91,78.753,90.0,0.0,21.162999999999997,0.0,0.0,202.3931957894737
2006-09-28 13:00:00,0.0,0.0,62.02,48.01,39.43,75.249,90.0,0.0,20.788999999999998,0.0,0.0,197.3931957894737
2006-09-28 14:00:00,0.0,0.0,61.07,46.69,39.26,66.91,90.0,0.0,14.89,0.0,0.0,192.3931957894737
2006-09-28 15:00:00,0.0,0.0,61.25,46.17,40.22,54.277,90.0,0.0,1.6370000000000102,0.0,0.0,187.3931957894737
2006-09-28 16:00:00,0.0,0.0,62.29,47.88,42.2,35.856,111.51400000000001,0.0,0.0,0.0,0.0,182.3931957894737
2006-09-28 17:00:00,0.0,0.0,62.36,50.24,43.46,19.652,90.0,41.40800000000002,0.0,0.0,0.0,177.3931957894737
2006-09-28 18:00:00,0.0,0.0,60.45,49.42,43.15,10.358999999999998,115.0,22.661,0.0,0.0,0.0,172.3931957894737
2006-09-28 19:00:00,0.0,0.0,57.48,47.34,41.64,10.009,90.0,41.45099999999999,0.0,0.0,0.0,167.3931957894737
2006-09-28 20:00:00,0.0,0.0,54.35,47.16,39.15,11.097999999999999,90.0,34.56200000000001,0.0,0.0,0.0,162.3931957894737
2006-09-28 21:00:00,0.0,0.0,50.87,47.86,35.56,12.472999999999999,90.0,26.81699999999998,0.0,0.0,0.0,157.3931957894737
2006-09-28 22:00:00,0.0,0.0,47.67,45.29,31.61,13.738,90.0,15.832000000000008,0.0,0.0,0.0,152.3931957894737
2006-09-28 23:00:00,0.0,0.0,45.56,42.32,27.96,14.28,90.0,6.560000000000002,0.0,0.0,0.0,147.3931957894737
2006-09-29 00:00:00,0.0,0.0,42.72,39.47,26.44,14.460999999999999,90.0,0.0,0.8309999999999889,0.0,0.0,142.3931957894737
2006-09-29 01:00:00,0.0,0.0,42.56,37.32,25.22,14.053,90.0,0.0,3.9529999999999887,0.0,0.0,137.3931957894737
2006-09-29 02:00:00,0.0,0.0,43.33,36.14,24.28,13.7,90.0,0.0,4.949999999999989,0.0,0.0,132.3931957894737
2006-09-29 03:00:00,0.0,0.0,45.68,37.0,23.81,13.546000000000001,90.0,0.0,2.055999999999983,0.0,0.0,127.39319578947371
2006-09-29 04:00:00,0.0,0.0,50.76,39.94,24.05,14.168999999999999,95.581,0.0,0.0,0.0,0.0,122.39319578947371
2006-09-29 05:00:00,0.0,0.0,55.8,43.59,27.03,14.427000000000001,90.0,16.992999999999995,0.0,0.0,0.0,117.39319578947371
2006-09-29 06:00:00,0.0,0.0,59.32,46.48,32.25,16.972,110.0,6.078000000000008,0.0,0.0,0.0,112.39319578947371
2006-09-29 07:00:00,0.0,0.0,61.05,48.38,36.71,28.788999999999998,90.0,22.351,0.0,0.0,0.0,107.39319578947371
2006-09-29 08:00:00,0.0,0.0,62.55,49.44,38.96,40.668,105.28200000000001,0.0,0.0,0.0,0.0,102.39319578947371
2006-09-29 09:00:00,0.0,0.0,63.91,50.06,39.72,53.160999999999994,95.52900000000002,0.0,0.0,0.0,0.0,97.39319578947371
2006-09-29 10:00:00,0.0,0.0,63.81,50.75,40.09,63.61600000000001,90.0,0.0,3.9659999999999895,0.0,0.0,92.39319578947371
2006-09-29 11:00:00,0.0,0.0,62.85,49.93,40.3,70.153,90.0,0.0,12.073000000000008,0.0,0.0,87.39319578947371
2006-09-29 12:00:00,0.0,0.0,61.57,48.8,40.03,70.85499999999999,90.0,0.0,15.454999999999984,0.0,0.0,82.39319578947371
2006-09-29 13:00:00,0.0,0.0,60.47,47.26,39.56,66.154,90.0,0.0,13.863999999999987,0.0,0.0,77.39319578947371
2006-09-29 14:00:00,0.0,0.0,59.52,45.93,39.39,57.172,90.0,0.0,7.331999999999982,0.0,0.0,72.39319578947371
2006-09-29 15:00:00,0.0,0.0,59.71,45.41,40.35,45.585,90.0,4.885000000000019,0.0,0.0,0.0,67.39319578947371
2006-09-29 16:00:00,0.0,0.0,60.78,47.15,42.36,32.547,106.7662250000002,5.976774999999808,0.0,0.0,0.0,62.39319578947371
2006-09-29 17:00:00,0.0,0.0,60.87,49.54,43.64,21.423,110.0,17.62699999999998,0.0,0.0,0.0,57.39319578947371
2006-09-29 18:00:00,0.0,0.0,58.96,48.74,43.34,12.602,110.0,23.438,0.0,0.0,0.0,52.39319578947371
2006-09-29 19:00:00,0.0,0.0,55.97,46.64,41.83,13.468,125.97200000000001,0.0,0.0,0.0,0.0,47.39319578947371
2006-09-29 20:00:00,0.0,0.0,52.82,46.41,39.32,15.315999999999999,90.0,28.234000000000023,0.0,0.0,0.0,42.39319578947371
2006-09-29 21:00:00,0.0,0.0,49.35,47.11,35.69,16.8,110.0,0.3499999999999943,0.0,0.0,0.0,37.39319578947371
2006-09-29 22:00:00,0.0,0.0,46.14,44.56,31.74,17.939999999999998,90.0,9.500000000000005,0.0,0.0,0.0,32.39319578947371
2006-09-29 23:00:00,0.0,0.0,44.03,41.59,28.1,17.711000000000002,90.0,1.0090000000000146,0.0,0.0,0.0,27.393195789473708
2006-09-30 00:00:00,0.0,0.0,34.53,34.38,24.63,16.556,90.0,0.0,13.015999999999995,0.0,0.0,22.393195789473708
2006-09-30 01:00:00,0.0,0.0,34.37,32.23,23.42,15.007,90.0,0.0,9.478105263157925,5.508894736842095,0.0,21.359600000000015
2006-09-30 02:00:00,0.0,0.0,35.14,31.04,22.48,13.533999999999999,90.0,0.0,0.0,14.873999999999974,0.0,27.068879999999993
2006-09-30 03:00:00,0.0,0.0,37.5,31.9,22.01,13.358,90.0,0.0,11.948,0.0,0.0,22.068879999999993
2006-09-30 04:00:00,0.0,0.0,42.56,34.86,22.24,13.731000000000002,90.0,0.0,0.0,4.071000000000009,0.0,20.0
2006-09-30 05:00:00,0.0,0.0,47.6,38.51,25.21,15.292,90.0,6.028000000000006,0.0,0.0,0.0,15.0
2006-09-30 06:00:00,0.0,0.0,51.12,41.39,30.41,19.314999999999998,90.0,13.604999999999997,0.0,0.0,0.0,10.0
2006-09-30 07:00:00,0.0,0.0,52.85,43.28,34.89,31.15,90.0,9.870000000000001,0.0,0.0,0.0,5.0
2006-09-30 08:00:00,0.0,0.0,54.35,44.34,37.15,44.259,90.0,1.5810000000000173,0.0,0.0,0.0,0.0
2006-09-30 09:00:00,0.0,0.0,55.7,44.96,37.91,61.56100000000001,90.0,0.0,0.0,12.990999999999996,0.0,4.353519999999996
2006-09-30 10:00:00,0.0,0.0,55.61,45.64,38.27,73.488,90.0,0.0,23.070111111111082,0.8978888888888944,0.0,0.0
2006-09-30 11:00:00,0.0,0.0,54.66,44.82,38.49,79.644,90.0,0.0,1.6739999999999782,30.0,0.0,16.599999999999998
2006-09-30 12:00:00,0.0,0.0,53.37,43.68,38.22,80.839,90.0,0.0,23.84188057863966,11.727119421360328,0.0,20.043525983379432
2006-09-30 13:00:00,0.0,0.0,52.27,42.13,37.75,78.39800000000001,90.0,0.0,36.24799999999999,0.0,0.0,15.043525983379432
2006-09-30 14:00:00,0.0,0.0,51.32,40.81,37.59,71.009,90.0,0.0,1.2889999999999873,30.0,0.0,31.64352598337943
2006-09-30 15:00:00,0.0,0.0,51.52,40.29,38.55,59.081,90.0,0.0,0.0,18.721000000000007,0.0,40.122645983379435
2006-09-30 16:00:00,0.0,0.0,52.61,42.04,40.58,42.054,90.0,3.176000000000016,0.0,0.0,0.0,35.122645983379435
2006-09-30 17:00:00,0.0,0.0,52.72,44.48,41.89,29.022000000000002,90.0,20.067999999999994,0.0,0.0,0.0,30.122645983379435
2006-09-30 18:00:00,0.0,0.0,50.82,43.69,41.6,18.883,90.0,27.226999999999997,0.0,0.0,0.0,25.122645983379435
2006-09-30 19:00:00,0.0,0.0,47.81,41.58,40.08,21.677,90.0,17.792999999999992,0.0,0.0,0.0,20.122645983379435
2006-09-30 20:00:00,0.0,0.0,44.64,41.3,37.55,25.251,90.0,8.238999999999994,0.0,0.0,0.0,15.122645983379435
2006-09-30 21:00:00,0.0,0.0,41.17,41.99,33.89,25.826999999999998,90.0,1.2230000000000096,0.0,0.0,0.0,10.122645983379435
2006-09-30 22:00:00,0.0,0.0,37.96,39.47,29.94,26.087,90.0,0.0,0.0,8.717000000000006,0.0,11.39888598337944
2006-09-30 23:00:00,0.0,0.0,35.84,36.51,26.29,25.727000000000004,90.0,0.0,17.08700000000002,0.0,0.0,6.39888598337944
2006-10-01 00:00:00,0.0,0.0,30.74,32.05,23.42,26.638999999999996,90.0,0.0,0.42900000000000205,30.0,0.0,22.998885983379438
2006-10-01 01:00:00,0.0,0.0,30.58,29.91,22.23,26.867,90.0,0.0,4.147000000000006,30.0,0.0,39.59888598337943
2006-10-01 02:00:00,0.0,0.0,31.35,28.7,21.28,25.951,90.0,0.0,4.620999999999995,30.0,0.0,56.19888598337943
2006-10-01 03:00:00,0.0,0.0,33.72,29.57,20.81,25.648,90.0,0.0,1.548000000000016,30.0,0.0,72.79888598337942
2006-10-01 04:00:00,0.0,0.0,38.77,32.56,21.04,25.173000000000002,90.0,0.0,0.0,22.802999999999997,0.0,84.21704598337942
2006-10-01 05:00:00,0.0,0.0,43.79,36.21,23.95,26.392,90.0,0.0,0.0,12.442000000000007,0.0,88.17528598337942
2006-10-01 06:00:00,0.0,0.0,47.32,39.08,29.15,27.315,90.0,0.0,0.0,1.7650000000000148,0.0,84.44608598337943
2006-10-01 07:00:00,0.0,0.0,49.05,40.95,33.65,38.550000000000004,90.0,0.0,0.0,4.900000000000009,0.0,82.97408598337944
2006-10-01 08:00:00,0.0,0.0,50.54,42.0,35.92,51.479,90.0,0.0,0.0,13.019000000000009,0.0,87.34776598337945
2006-10-01 09:00:00,0.0,0.0,51.89,42.6,36.68,66.34899999999999,90.0,0.0,0.0,25.179000000000002,0.0,100.47664598337946
2006-10-01 10:00:00,0.0,0.0,51.8,43.27,37.05,74.798,90.0,0.0,2.6779999999999973,30.0,0.0,117.07664598337945
2006-10-01 11:00:00,0.0,0.0,50.85,42.46,37.26,78.47200000000001,90.0,0.0,37.901999999999994,0.0,0.0,112.07664598337945
2006-10-01 12:00:00,0.0,0.0,49.57,41.31,37.01,77.96700000000001,90.0,0.0,10.077000000000005,30.0,0.0,128.67664598337944
2006-10-01 13:00:00,0.0,0.0,48.46,39.75,36.54,73.311,90.0,0.0,26.63170637119116,11.92929362880886,0.0,132.26573739612184
2006-10-01 14:00:00,0.0,0.0,47.52,38.42,36.38,66.43499999999999,90.0,0.0,4.114999999999995,30.0,0.0,148.86573739612183
2006-10-01 15:00:00,0.0,0.0,47.73,37.91,37.35,56.635999999999996,90.0,0.0,0.0,23.645999999999983,0.0,160.89085739612182
2006-10-01 16:00:00,0.0,0.0,48.87,39.7,39.42,41.089,90.0,0.0,0.0,3.0990000000000038,0.0,158.12213739612181
2006-10-01 17:00:00,0.0,0.0,49.01,42.21,40.78,28.084,90.0,13.916000000000025,0.0,0.0,0.0,153.12213739612181
2006-10-01 18:00:00,0.0,0.0,47.13,41.47,40.52,24.075999999999997,90.0,15.044000000000015,0.0,0.0,0.0,148.12213739612181
2006-10-01 19:00:00,0.0,0.0,44.09,39.32,39.0,26.497999999999998,90.0,5.912000000000003,0.0,0.0,0.0,143.12213739612181
2006-10-01 20:00:00,0.0,0.0,40.87,38.95,36.42,28.938,90.0,0.0,0.0,2.6979999999999933,0.0,140.0646973961218
2006-10-01 21:00:00,0.0,0.0,37.42,39.62,32.7,31.211000000000002,90.0,0.0,0.0,11.471000000000004,0.0,143.3238173961218
2006-10-01 22:00:00,0.0,0.0,34.2,37.15,28.73,31.938,90.0,0.0,21.858000000000004,0.0,0.0,138.3238173961218
2006-10-01 23:00:00,0.0,0.0,32.07,34.19,25.09,32.778999999999996,90.0,0.0,20.0,11.428999999999995,0.0,141.5526973961218
2006-10-02 00:00:00,0.0,0.0,42.52,38.82,26.29,35.747,90.0,0.0,0.0,18.117000000000026,0.0,149.59693739612183
2006-10-02 01:00:00,0.0,0.0,42.36,36.68,25.1,38.016,90.0,0.0,12.38610249307482,11.489897506925168,0.0,152.86966360110796
2006-10-02 02:00:00,0.0,0.0,43.13,35.47,24.15,40.755,90.0,0.0,0.0,28.005000000000003,0.0,168.03326360110796
2006-10-02 03:00:00,0.0,0.0,45.5,36.34,23.68,42.585,90.0,0.0,0.0,27.064999999999984,0.0,182.52006360110795
2006-10-02 04:00:00,0.0,0.0,50.55,39.33,23.91,44.161,90.0,0.0,0.0,20.37100000000001,0.0,192.18718360110796
2006-10-02 05:00:00,0.0,0.0,55.57,42.98,26.82,45.865,90.0,0.0,0.0,10.495000000000026,0.0,194.74358360110799
2006-10-02 06:00:00,0.0,0.0,59.1,45.85,32.02,49.383,90.0,0.0,0.0,2.4129999999999967,0.0,191.48094360110798
2006-10-02 07:00:00,0.0,0.0,60.83,47.72,36.51,59.09700000000001,90.0,0.0,0.0,4.036999999999999,0.0,189.387583601108
2006-10-02 08:00:00,0.0,0.0,62.32,48.76,38.79,74.38499999999999,90.0,0.0,0.0,14.515000000000015,0.0,194.838383601108
2006-10-02 09:00:00,0.0,0.0,63.67,49.37,39.55,90.992,90.0,0.0,0.0,28.402000000000008,0.0,210.28782360110802
2006-10-02 10:00:00,0.0,0.0,63.58,50.04,39.91,104.85900000000001,90.0,0.0,40.0,1.3290000000000362,0.0,206.24470360110803
2006-10-02 11:00:00,0.0,0.0,62.63,49.23,40.13,111.293,90.0,0.0,19.30300000000001,30.0,0.0,222.84470360110802
2006-10-02 12:00:00,0.0,0.0,61.35,48.08,39.88,114.02300000000001,90.0,0.0,24.713,30.0,0.0,239.44470360110802
2006-10-02 13:00:00,0.0,0.0,60.24,46.52,39.41,112.99799999999999,90.0,0.0,26.827999999999975,30.0,0.0,256.04470360110804
2006-10-02 14:00:00,0.0,0.0,59.3,45.19,39.25,107.525,90.0,0.0,40.0,13.785000000000029,0.0,260.96990360110806
2006-10-02 15:00:00,0.0,0.0,59.51,44.68,40.21,98.24,90.0,0.0,13.839999999999982,30.0,0.0,277.5699036011081
2006-10-02 16:00:00,0.0,0.0,60.65,46.47,42.28,85.956,90.0,0.0,0.0,26.55600000000001,0.0,291.6902236011081
2006-10-02 17:00:00,0.0,0.0,60.79,48.98,43.65,70.58500000000001,90.0,0.0,7.165000000000013,0.0,0.0,286.6902236011081
2006-10-02 18:00:00,0.0,0.0,58.91,48.24,43.39,58.585,90.0,1.954999999999984,0.0,0.0,0.0,281.6902236011081
2006-10-02 19:00:00,0.0,0.0,55.87,46.09,41.87,56.96,90.0,0.0,3.1299999999999955,0.0,0.0,276.6902236011081
2006-10-02 20:00:00,0.0,0.0,52.65,45.71,39.29,54.416999999999994,90.0,0.0,6.766999999999982,0.0,0.0,271.6902236011081
2006-10-02 21:00:00,0.0,0.0,49.2,46.39,35.57,50.363,90.0,0.0,9.203000000000003,0.0,0.0,266.6902236011081
2006-10-02 22:00:00,0.0,0.0,45.98,43.92,31.59,47.454,90.0,0.0,2.1662049861495656,13.797795013850422,0.0,271.6246360110804
2006-10-02 23:00:00,0.0,0.0,43.85,40.96,27.96,46.664,90.0,0.0,0.0,23.893999999999988,0.0,283.82831601108035
2006-10-03 00:00:00,0.0,0.0,44.8,42.19,27.53,46.932,90.0,0.0,0.0,22.41200000000001,0.0,294.96495601108035
2006-10-03 01:00:00,0.0,0.0,44.64,40.05,26.33,47.528999999999996,90.0,0.0,0.0,26.508999999999997,0.0,309.05143601108034
2006-10-03 02:00:00,0.0,0.0,45.42,38.84,25.39,47.694,90.0,0.0,0.0,28.043999999999986,0.0,324.24311601108036
2006-10-03 03:00:00,0.0,0.0,47.79,39.7,24.92,46.300000000000004,90.0,0.0,0.0,23.890000000000004,0.0,336.4439160110804
2006-10-03 04:00:00,0.0,0.0,52.83,42.69,25.15,44.038,90.0,0.0,0.0,13.36800000000002,0.0,341.06887601108036
2006-10-03 05:00:00,0.0,0.0,57.86,46.35,28.06,39.563,90.0,2.7069999999999936,0.0,0.0,0.0,336.06887601108036
2006-10-03 06:00:00,0.0,0.0,61.38,49.22,33.26,40.038,90.0,13.821999999999997,0.0,0.0,0.0,331.06887601108036
2006-10-03 07:00:00,0.0,0.0,63.11,51.09,37.75,47.713,90.0,14.237000000000009,0.0,0.0,0.0,326.06887601108036
2006-10-03 08:00:00,0.0,0.0,64.6,52.13,40.03,60.330000000000005,90.0,6.429999999999978,0.0,0.0,0.0,321.06887601108036
2006-10-03 09:00:00,0.0,0.0,65.95,52.74,40.79,70.733,90.0,0.0,1.252999999999986,0.0,0.0,316.06887601108036
2006-10-03 10:00:00,0.0,0.0,65.87,53.41,41.15,74.353,90.0,0.0,3.9229999999999734,0.0,0.0,311.06887601108036
2006-10-03 11:00:00,0.0,0.0,64.92,52.6,41.37,76.119,90.0,0.0,7.229000000000006,0.0,0.0,306.06887601108036
2006-10-03 12:00:00,0.0,0.0,63.64,51.45,41.11,77.65400000000001,90.0,0.0,6.04240443213302,5.411595567866964,0.0,304.9652248199446
2006-10-03 13:00:00,0.0,0.0,62.53,49.88,40.65,75.85,90.0,0.0,12.789999999999992,0.0,0.0,299.9652248199446
2006-10-03 14:00:00,0.0,0.0,61.59,48.56,40.49,70.61699999999999,90.0,0.0,9.976999999999975,0.0,0.0,294.9652248199446
2006-10-03 15:00:00,0.0,0.0,61.8,48.05,41.45,62.711,90.0,0.0,0.0,1.4109999999999872,0.0,290.9811448199446
2006-10-03 16:00:00,0.0,0.0,62.94,49.84,43.52,52.401,98.899,0.0,0.0,0.0,0.0,285.9811448199446
2006-10-03 17:00:00,0.0,0.0,63.08,52.35,44.89,39.181,90.0,26.13900000000001,0.0,0.0,0.0,280.9811448199446
2006-10-03 18:00:00,0.0,0.0,61.19,51.61,44.63,26.143000000000004,90.0,36.287000000000006,0.0,0.0,0.0,275.9811448199446
2006-10-03 19:00:00,0.0,0.0,58.16,49.45,43.11,26.36,90.0,29.36000000000001,0.0,0.0,0.0,270.9811448199446
2006-10-03 20:00:00,0.0,0.0,54.94,49.08,40.53,28.015,107.59035134903068,3.9446486509693375,0.0,0.0,0.0,265.9811448199446
2006-10-03 21:00:00,0.0,0.0,51.48,49.76,36.8,28.808,104.232,0.0,0.0,0.0,0.0,260.9811448199446
2006-10-03 22:00:00,0.0,0.0,48.26,47.29,32.83,27.819,90.0,5.561000000000007,0.0,0.0,0.0,255.98114481994457
2006-10-03 23:00:00,0.0,0.0,46.13,44.33,29.19,28.276000000000003,90.0,0.0,3.6260000000000048,0.0,0.0,250.98114481994457
2006-10-04 00:00:00,0.0,0.0,46.03,47.65,29.2,29.006,90.0,0.0,1.1259999999999906,0.0,0.0,245.98114481994457
2006-10-04 01:00:00,0.0,0.0,45.86,45.5,28.01,31.18,90.0,0.0,6.809999999999986,0.0,0.0,240.98114481994457
2006-10-04 02:00:00,0.0,0.0,46.64,44.3,27.07,34.379,90.0,0.0,11.369,0.0,0.0,235.98114481994457
2006-10-04 03:00:00,0.0,0.0,49.01,45.16,26.6,36.554,90.0,0.0,10.78400000000002,0.0,0.0,230.98114481994457
2006-10-04 04:00:00,0.0,0.0,54.05,48.15,26.82,33.955,90.06499999999998,0.0,0.0,0.0,0.0,225.98114481994457
2006-10-04 05:00:00,0.0,0.0,59.08,51.81,29.73,32.028,90.0,13.592000000000002,0.0,0.0,0.0,220.98114481994457
2006-10-04 06:00:00,0.0,0.0,62.6,54.68,34.93,33.037,114.173,0.0,0.0,0.0,0.0,215.98114481994457
2006-10-04 07:00:00,0.0,0.0,64.33,56.55,39.43,43.662000000000006,90.0,21.64800000000001,0.0,0.0,0.0,210.98114481994457
2006-10-04 08:00:00,0.0,0.0,65.83,57.59,41.7,59.2,90.0,10.92000000000003,0.0,0.0,0.0,205.98114481994457
2006-10-04 09:00:00,0.0,0.0,67.17,58.2,42.47,75.54100000000001,90.0,0.0,2.701000000000003,0.0,0.0,200.98114481994457
2006-10-04 10:00:00,0.0,0.0,67.09,58.87,42.83,89.067,90.0,0.0,15.277000000000003,0.0,0.0,195.98114481994457
2006-10-04 11:00:00,0.0,0.0,66.14,58.06,43.04,95.47600000000003,90.0,0.0,23.235999999999997,0.0,0.0,190.98114481994457
2006-10-04 12:00:00,0.0,0.0,64.86,56.91,42.79,96.713,90.0,0.0,27.15300000000002,0.0,0.0,185.98114481994457
2006-10-04 13:00:00,0.0,0.0,63.75,55.34,42.33,93.307,90.0,0.0,26.886999999999986,0.0,0.0,180.98114481994457
2006-10-04 14:00:00,0.0,0.0,62.81,54.02,42.16,85.28,90.0,0.0,21.289999999999992,0.0,0.0,175.98114481994457
2006-10-04 15:00:00,0.0,0.0,63.02,53.51,43.13,69.663,90.0,0.0,5.002999999999985,0.0,0.0,170.98114481994457
2006-10-04 16:00:00,0.0,0.0,64.16,55.3,45.2,44.81099999999999,90.0,24.84899999999999,0.0,0.0,0.0,165.98114481994457
2006-10-04 17:00:00,0.0,0.0,64.3,57.81,46.56,26.896,110.0,26.774,0.0,0.0,0.0,160.98114481994457
2006-10-04 18:00:00,0.0,0.0,62.41,57.06,46.31,15.858,130.0,14.922000000000011,0.0,0.0,0.0,155.98114481994457
2006-10-04 19:00:00,0.0,0.0,59.38,54.91,44.78,15.805,90.0,48.26500000000003,0.0,0.0,0.0,150.98114481994457
2006-10-04 20:00:00,0.0,0.0,56.16,54.54,42.21,15.701,110.0,9.230306349030485,0.0,0.0,12.978693650969522,122.38351999999999
2006-10-04 21:00:00,0.0,0.0,52.7,55.22,38.48,15.076,110.0,16.324000000000012,0.0,0.0,0.0,117.38351999999999
2006-10-04 22:00:00,0.0,0.0,49.48,52.75,34.51,14.1,90.0,27.64,0.0,0.0,0.0,112.38351999999999
2006-10-04 23:00:00,0.0,0.0,47.35,49.79,30.87,13.782,90.0,19.228,0.0,0.0,0.0,107.38351999999999
2006-10-05 00:00:00,0.0,0.0,45.84,47.34,28.26,13.706,90.0,12.734000000000007,0.0,0.0,0.0,102.38351999999999
2006-10-05 01:00:00,0.0,0.0,45.68,45.2,27.07,14.485999999999999,98.464,0.0,0.0,0.0,0.0,97.38351999999999
2006-10-05 02:00:00,0.0,0.0,46.45,43.99,26.13,15.158000000000001,96.412,0.0,0.0,0.0,0.0,92.38351999999999
2006-10-05 03:00:00,0.0,0.0,48.82,44.85,25.66,17.0,97.33,0.0,0.0,0.0,0.0,87.38351999999999
2006-10-05 04:00:00,0.0,0.0,53.86,47.84,25.88,18.484,104.096,0.0,0.0,0.0,0.0,82.38351999999999
2006-10-05 05:00:00,0.0,0.0,58.89,51.5,28.79,20.964,113.21600000000001,0.0,0.0,0.0,0.0,77.38351999999999
2006-10-05 06:00:00,0.0,0.0,62.42,54.37,33.99,25.326,90.0,30.454000000000008,0.0,0.0,0.0,72.38351999999999
2006-10-05 07:00:00,0.0,0.0,64.15,56.24,38.49,36.403,90.0,27.477000000000018,0.0,0.0,0.0,67.38351999999999
2006-10-05 08:00:00,0.0,0.0,65.64,57.28,40.76,51.78399999999999,90.0,16.896000000000015,0.0,0.0,0.0,62.38351999999999
2006-10-05 09:00:00,0.0,0.0,66.99,57.89,41.53,68.531,90.0,2.8789999999999765,0.0,0.0,0.0,57.38351999999999
2006-10-05 10:00:00,0.0,0.0,66.9,58.56,41.89,80.975,90.0,0.0,6.923064635272401,0.0,0.0,52.38351999999999
2006-10-05 11:00:00,0.0,0.0,65.95,57.75,42.1,87.79599999999999,90.0,0.0,11.996000000000016,0.0,0.0,47.38351999999999
2006-10-05 12:00:00,0.0,0.0,64.67,56.6,41.85,88.564,90.0,0.0,15.443999999999992,0.0,0.0,42.38351999999999
2006-10-05 13:00:00,0.0,0.0,63.56,55.03,41.39,85.66799999999998,90.0,0.0,15.688000000000002,0.0,0.0,37.38351999999999
2006-10-05 14:00:00,0.0,0.0,62.62,53.71,41.22,82.14099999999999,90.0,0.0,16.257666666666665,0.0,0.0,32.38351999999999
2006-10-05 15:00:00,0.0,0.0,62.83,53.2,42.19,75.488,90.0,0.0,7.268000000000001,0.0,0.0,27.383519999999994
2006-10-05 16:00:00,0.0,0.0,63.97,54.99,44.26,58.069,90.0,10.150999999999996,0.0,0.0,0.0,22.383519999999994
2006-10-05 17:00:00,0.0,0.0,64.11,57.5,45.62,49.26,90.0,22.970000000000027,0.0,0.0,0.0,17.383519999999994
2006-10-05 18:00:00,0.0,0.0,62.23,56.76,45.36,48.565,90.0,20.784999999999997,0.0,0.0,0.0,12.383519999999994
2006-10-05 19:00:00,0.0,0.0,59.19,54.6,43.84,51.55700000000001,90.0,11.072999999999999,0.0,0.0,0.0,7.3835199999999945
2006-10-05 20:00:00,0.0,0.0,55.97,54.23,41.27,55.046,90.0,1.4240000000000084,0.0,0.0,0.0,2.3835199999999945
2006-10-05 21:00:00,0.0,0.0,52.52,54.91,37.54,58.604,90.0,0.0,0.0,3.6340000000000074,0.0,0.0
2006-10-05 22:00:00,0.0,0.0,49.29,52.44,33.57,61.43,90.0,0.0,0.0,16.130000000000017,0.0,6.613600000000012
2006-10-05 23:00:00,0.0,0.0,47.17,49.48,29.93,64.97,90.0,0.0,0.0,28.390000000000015,0.0,22.054400000000022
2006-10-06 00:00:00,0.0,0.0,43.72,42.04,26.52,67.696,90.0,0.0,15.415999999999983,30.0,0.0,38.654400000000024
2006-10-06 01:00:00,0.0,0.0,43.56,39.89,25.33,70.012,68.768,0.0,0.0,30.0,0.0,55.25440000000002
2006-10-06 02:00:00,0.0,0.0,44.34,38.69,24.38,72.618,64.792,0.0,0.0,30.0,0.0,71.85440000000001
2006-10-06 03:00:00,0.0,0.0,46.71,39.55,23.91,74.232,90.0,0.0,24.062000000000012,30.0,0.0,88.4544
2006-10-06 04:00:00,0.0,0.0,51.75,42.54,24.14,75.21000000000001,90.0,0.0,16.78,30.0,0.0,105.0544
2006-10-06 05:00:00,0.0,0.0,56.78,46.2,27.05,75.667,84.363,0.0,0.0,30.0,0.0,121.6544
2006-10-06 06:00:00,0.0,0.0,60.3,49.06,32.25,76.65299999999999,90.0,4.9569999999999865,0.0,30.0,0.0,138.2544
2006-10-06 07:00:00,0.0,0.0,62.03,50.94,36.75,82.19,90.0,0.0,0.0,22.470000000000006,0.0,149.43280000000001
2006-10-06 08:00:00,0.0,0.0,63.52,51.98,39.02,92.53,90.0,0.0,0.0,28.009999999999987,0.0,164.6
2006-10-06 09:00:00,0.0,0.0,64.87,52.59,39.78,101.88100000000001,85.35900000000001,0.0,0.0,30.0,0.0,181.2
2006-10-06 10:00:00,0.0,0.0,64.79,53.26,40.14,110.196,90.0,0.0,12.005999999999986,30.0,0.0,197.79999999999998
2006-10-06 11:00:00,0.0,0.0,63.84,52.45,40.36,113.043,90.0,0.0,16.392999999999997,30.0,0.0,214.39999999999998
2006-10-06 12:00:00,0.0,0.0,62.56,51.29,40.11,112.161,90.0,0.0,18.20099999999998,30.0,0.0,230.99999999999997
2006-10-06 13:00:00,0.0,0.0,61.45,49.73,39.64,108.74000000000001,72.07999999999998,0.0,0.0,30.0,0.0,247.59999999999997
2006-10-06 14:00:00,0.0,0.0,60.51,48.4,39.48,101.52399999999999,76.86600000000001,0.0,0.0,30.0,0.0,264.2
2006-10-06 15:00:00,0.0,0.0,60.72,47.9,40.44,89.563,90.0,0.0,0.502999999999993,30.0,0.0,280.8
2006-10-06 16:00:00,0.0,0.0,61.86,49.69,42.51,73.92699999999999,90.0,20.0,0.0,29.86700000000002,0.0,297.30424000000005
2006-10-06 17:00:00,0.0,0.0,62.0,52.2,43.88,65.543,90.0,2.5369999999999884,0.0,0.0,0.0,292.30424000000005
2006-10-06 18:00:00,0.0,0.0,60.11,51.45,43.62,66.50699999999999,90.0,0.0,0.0,1.326999999999991,0.0,288.25968000000006
2006-10-06 19:00:00,0.0,0.0,57.08,49.3,42.1,69.232,90.0,0.0,0.0,10.751999999999988,0.0,291.00112000000007
2006-10-06 20:00:00,0.0,0.0,53.86,48.93,39.52,71.336,90.0,0.0,0.0,19.025999999999975,0.0,299.69984000000005
2006-10-06 21:00:00,0.0,0.0,50.4,49.61,35.8,72.842,90.0,0.0,0.0,27.031999999999996,0.0,314.16288000000003
2006-10-06 22:00:00,0.0,0.0,47.18,47.14,31.83,72.898,90.0,0.0,6.748000000000019,30.0,0.0,330.76288000000005
2006-10-06 23:00:00,0.0,0.0,45.05,44.18,28.19,73.73500000000001,90.0,0.0,16.31499999999999,30.0,0.0,347.3628800000001
2006-10-07 00:00:00,0.0,0.0,35.77,40.03,25.8,73.527,70.0,0.0,11.927000000000007,30.0,0.0,363.9628800000001
2006-10-07 01:00:00,0.0,0.0,35.61,37.89,24.61,74.694,90.0,0.0,36.58400000000002,30.0,0.0,380.5628800000001
2006-10-07 02:00:00,0.0,0.0,36.38,36.68,23.66,74.55199999999999,70.0,0.0,17.831999999999994,30.0,0.0,397.16288000000014
2006-10-07 03:00:00,0.0,0.0,38.75,37.55,23.19,71.901,86.34173961218838,0.0,28.752739612188385,30.0,0.0,413.76288000000017
2006-10-07 04:00:00,0.0,0.0,43.8,40.54,23.42,71.59599999999999,66.16399999999999,0.0,0.0,30.0,0.0,430.3628800000002
2006-10-07 05:00:00,0.0,0.0,48.82,44.19,26.33,71.707,90.0,0.0,12.36699999999999,30.0,0.0,446.9628800000002
2006-10-07 06:00:00,0.0,0.0,52.35,47.06,31.53,71.872,90.0,0.0,0.931999999999988,30.0,0.0,463.56288000000023
2006-10-07 07:00:00,0.0,0.0,54.08,48.93,36.02,77.673,90.0,0.0,0.0,28.642999999999972,0.0,479.1858400000002
2006-10-07 08:00:00,0.0,0.0,55.57,49.98,38.3,89.458,90.0,0.0,5.607999999999993,30.0,0.0,495.78584000000023
2006-10-07 09:00:00,0.0,0.0,56.92,50.58,39.06,102.335,74.225,0.0,0.0,30.0,0.0,512.3858400000003
2006-10-07 10:00:00,0.0,0.0,56.83,51.25,39.42,109.612,90.0,0.0,22.111999999999995,30.0,0.0,528.9858400000003
2006-10-07 11:00:00,0.0,0.0,55.88,50.44,39.64,112.46,70.0,0.0,6.499999999999986,30.0,0.0,545.5858400000003
2006-10-07 12:00:00,0.0,0.0,54.6,49.29,39.39,112.13999999999999,70.0,0.0,8.86,30.0,0.0,562.1858400000003
2006-10-07 13:00:00,0.0,0.0,53.49,47.73,38.92,108.55000000000001,90.0,0.0,28.41000000000001,30.0,0.0,578.7858400000003
2006-10-07 14:00:00,0.0,0.0,52.55,46.4,38.76,102.67599999999999,90.0,0.0,24.96600000000002,30.0,0.0,595.3858400000004
2006-10-07 15:00:00,0.0,0.0,52.76,45.89,39.72,93.34899999999999,90.0,0.0,14.979,30.0,0.0,611.9858400000004
2006-10-07 16:00:00,0.0,0.0,53.9,47.68,41.79,79.783,90.0,0.0,0.0,26.413000000000018,0.0,626.0032000000004
2006-10-07 17:00:00,0.0,0.0,54.04,50.19,43.16,61.117000000000004,90.0,0.0,0.0,3.7270000000000145,0.0,623.6866400000005
2006-10-07 18:00:00,0.0,0.0,52.16,49.45,42.9,55.408,90.0,29.101999999999997,0.0,30.0,0.0,640.2866400000005
2006-10-07 19:00:00,0.0,0.0,49.12,47.3,41.38,54.383,90.0,0.0,0.0,6.58300000000002,0.0,640.0264000000005
2006-10-07 20:00:00,0.0,0.0,45.9,46.93,38.8,54.072,90.0,0.0,0.0,12.442000000000007,0.0,643.9846400000006
2006-10-07 21:00:00,0.0,0.0,42.45,47.6,35.08,52.677,90.0,12.453000000000014,0.0,30.0,0.0,660.5846400000006
2006-10-07 22:00:00,0.0,0.0,39.23,45.13,31.1,51.202,90.0,0.0,0.0,25.74200000000002,0.0,674.1188800000007
2006-10-07 23:00:00,0.0,0.0,37.1,42.17,27.47,50.359,90.0,0.0,3.6189999999999998,30.0,0.0,690.7188800000007
2006-10-08 00:00:00,0.0,0.0,32.48,39.0,24.23,50.386,75.32400000000001,0.0,0.0,30.0,0.0,707.3188800000007
2006-10-08 01:00:00,0.0,0.0,32.32,36.86,23.04,49.873,72.34700000000001,0.0,0.0,30.0,0.0,723.9188800000007
2006-10-08 02:00:00,0.0,0.0,33.09,35.65,22.1,48.574,72.26600000000002,0.0,0.0,30.0,0.0,740.5188800000008
2006-10-08 03:00:00,0.0,0.0,35.46,36.52,21.63,47.971999999999994,90.0,0.0,14.36199999999998,30.0,0.0,757.1188800000008
2006-10-08 04:00:00,0.0,0.0,40.5,39.51,21.85,47.206,84.65399999999998,0.0,0.0,30.0,0.0,773.7188800000008
2006-10-08 05:00:00,0.0,0.0,45.53,43.16,24.76,47.544000000000004,90.0,5.906000000000013,0.0,30.0,0.0,790.3188800000008
2006-10-08 06:00:00,0.0,0.0,49.05,46.03,29.97,48.605000000000004,90.0,16.444999999999993,0.0,30.0,0.0,806.9188800000009
2006-10-08 07:00:00,0.0,0.0,50.78,47.9,34.46,57.089000000000006,90.0,1.0078698060925753,0.0,14.956869806092579,0.0,812.6878262603875
2006-10-08 08:00:00,0.0,0.0,52.28,48.94,36.73,72.405,90.0,0.0,0.0,24.455000000000002,0.0,825.2954262603876
2006-10-08 09:00:00,0.0,0.0,53.62,49.55,37.5,86.32399999999998,90.0,0.0,5.653999999999996,30.0,0.0,841.8954262603876
2006-10-08 10:00:00,0.0,0.0,53.54,50.22,37.86,99.49300000000001,90.0,0.0,17.873000000000005,30.0,0.0,858.4954262603876
2006-10-08 11:00:00,0.0,0.0,52.59,49.41,38.07,103.708,70.0,0.0,3.637999999999991,30.0,0.0,875.0954262603876
2006-10-08 12:00:00,0.0,0.0,51.31,48.26,37.82,101.59200000000001,70.0,0.0,4.201999999999998,30.0,0.0,891.6954262603876
2006-10-08 13:00:00,0.0,0.0,50.2,46.7,37.36,94.24800000000002,90.0,0.0,19.988000000000014,30.0,0.0,908.2954262603877
2006-10-08 14:00:00,0.0,0.0,49.26,45.37,37.19,82.974,81.43672554691702,0.0,2.5907255469170156,30.0,0.0,924.8954262603877
2006-10-08 15:00:00,0.0,0.0,49.47,44.86,38.16,67.82300000000001,90.0,0.0,0.0,25.333,0.0,938.1351862603877
2006-10-08 16:00:00,0.0,0.0,50.61,46.65,40.23,49.721,90.0,0.0,0.0,2.230999999999998,0.0,934.7415062603877
2006-10-08 17:00:00,0.0,0.0,50.75,49.16,41.59,39.572,90.0,11.927999999999997,0.0,0.0,0.0,929.7415062603877
2006-10-08 18:00:00,0.0,0.0,48.86,48.42,41.34,38.265,90.0,10.354999999999997,0.0,0.0,0.0,924.7415062603877
2006-10-08 19:00:00,0.0,0.0,45.83,46.27,39.81,41.87700000000001,90.0,0.03299999999998704,0.0,0.0,0.0,919.7415062603877
2006-10-08 20:00:00,0.0,0.0,42.61,45.9,37.24,43.998,90.0,0.0,0.0,8.248000000000008,0.0,920.6800662603878
2006-10-08 21:00:00,0.0,0.0,39.15,46.57,33.51,44.485,90.0,0.0,0.0,15.255000000000024,0.0,926.6636662603878
2006-10-08 22:00:00,0.0,0.0,35.93,44.1,29.54,44.324,90.0,0.0,0.0,24.754000000000005,0.0,939.4865462603879
2006-10-08 23:00:00,0.0,0.0,33.81,41.14,25.9,44.058,90.0,0.0,11.473684210526308,21.734315789473698,0.0,950.1352536288089
2006-10-09 00:00:00,0.0,0.0,43.69,40.6,25.93,44.10600000000001,90.0,0.0,13.253185595567839,10.632814404432139,0.0,952.79088
2006-10-09 01:00:00,0.0,0.0,43.53,38.46,24.74,43.864,90.0,0.0,0.0,27.133999999999972,0.0,967.32736
2006-10-09 02:00:00,0.0,0.0,44.3,37.25,23.8,43.594,90.0,0.0,0.0,28.243999999999986,0.0,982.66304
2006-10-09 03:00:00,0.0,0.0,46.67,38.11,23.33,42.10999999999999,90.0,0.0,0.0,23.999999999999957,0.0,994.94304
2006-10-09 04:00:00,0.0,0.0,51.72,41.11,23.55,40.348,90.0,0.0,0.0,13.968000000000018,0.0,1000.0
2006-10-09 05:00:00,0.0,0.0,56.74,44.76,26.46,37.972,90.0,0.0,0.0,5.012000000000008,0.0,998.60864
2006-10-09 06:00:00,0.0,0.0,60.27,47.63,31.66,37.461,90.0,7.099000000000005,0.0,0.0,0.0,993.60864
2006-10-09 07:00:00,0.0,0.0,62.0,49.5,36.16,44.737,97.923,0.0,0.0,0.0,0.0,988.60864
2006-10-09 08:00:00,0.0,0.0,63.49,50.54,38.43,50.965999999999994,90.0,6.494000000000028,0.0,0.0,0.0,983.60864
2006-10-09 09:00:00,0.0,0.0,64.84,51.15,39.2,61.004,90.0,0.0,0.0,0.813999999999993,0.0,979.1947200000001
2006-10-09 10:00:00,0.0,0.0,64.75,51.82,39.56,71.21799999999999,90.0,0.0,7.7164958448754,2.3715041551246117,0.0,975.9022029916898
2006-10-09 11:00:00,0.0,0.0,63.8,51.01,39.77,75.966,90.0,0.0,0.0,16.38599999999999,0.0,982.7001229916898
2006-10-09 12:00:00,0.0,0.0,62.52,49.86,39.52,75.541,90.0,0.0,0.0,18.640999999999995,0.0,991.1216429916898
2006-10-09 13:00:00,0.0,0.0,61.41,48.3,39.06,69.55000000000001,90.0,0.0,0.0,15.780000000000005,0.0,997.4832429916897
2006-10-09 14:00:00,0.0,0.0,60.47,46.97,38.89,58.675,90.0,0.0,7.344999999999985,0.0,0.0,992.4832429916897
2006-10-09 15:00:00,0.0,0.0,60.68,46.46,39.86,42.596,99.40400000000001,0.0,0.0,0.0,0.0,987.4832429916897
2006-10-09 16:00:00,0.0,0.0,61.83,48.25,41.93,24.798,90.0,32.21200000000002,0.0,0.0,0.0,982.4832429916897
2006-10-09 17:00:00,0.0,0.0,61.96,50.76,43.29,10.615,130.0,10.39500000000001,0.0,0.0,0.0,977.4832429916897
2006-10-09 18:00:00,0.0,0.0,60.08,50.02,43.03,7.731,90.0,50.399,0.0,0.0,0.0,972.4832429916897
2006-10-09 19:00:00,0.0,0.0,57.04,47.87,41.51,8.376000000000001,133.04399999999998,0.0,0.0,0.0,0.0,967.4832429916897
2006-10-09 20:00:00,0.0,0.0,53.82,47.49,38.94,8.350000000000001,115.0,11.899999999999991,0.0,0.0,0.0,962.4832429916897
2006-10-09 21:00:00,0.0,0.0,50.37,48.17,35.21,7.753,110.0,10.997000000000005,0.0,0.0,0.0,957.4832429916897
2006-10-09 22:00:00,0.0,0.0,47.15,45.7,31.24,7.329,111.761,0.0,0.0,0.0,0.0,952.4832429916897
2006-10-09 23:00:00,0.0,0.0,45.02,42.74,27.6,6.757,103.603,0.0,0.0,0.0,0.0,947.4832429916897
2006-10-10 00:00:00,0.0,0.0,44.98,39.78,26.64,6.162000000000001,100.23800000000001,0.0,0.0,0.0,0.0,942.4832429916897
2006-10-10 01:00:00,0.0,0.0,44.82,37.64,25.45,6.161999999999999,96.748,0.0,0.0,0.0,0.0,937.4832429916897
2006-10-10 02:00:00,0.0,0.0,45.59,36.43,24.5,6.429,95.09100000000001,0.0,0.0,0.0,0.0,932.4832429916897
2006-10-10 03:00:00,0.0,0.0,47.97,37.3,24.03,7.274000000000001,97.02600000000001,0.0,0.0,0.0,0.0,927.4832429916897
2006-10-10 04:00:00,0.0,0.0,53.01,40.29,24.26,7.596,104.96400000000001,0.0,0.0,0.0,0.0,922.4832429916897
2006-10-10 05:00:00,0.0,0.0,58.03,43.94,27.17,8.505,110.0,5.635000000000005,0.0,0.0,0.0,917.4832429916897
2006-10-10 06:00:00,0.0,0.0,61.56,46.81,32.37,9.828000000000001,110.0,15.91200000000001,0.0,0.0,0.0,912.4832429916897
2006-10-10 07:00:00,0.0,0.0,63.29,48.68,36.86,15.337,128.493,0.0,0.0,0.0,0.0,907.4832429916897
2006-10-10 08:00:00,0.0,0.0,64.78,49.72,39.14,26.793,110.0,11.84699999999999,0.0,0.0,0.0,902.4832429916897
2006-10-10 09:00:00,0.0,0.0,66.13,50.33,39.9,37.211,114.149,0.0,0.0,0.0,0.0,897.4832429916897
2006-10-10 10:00:00,0.0,0.0,66.05,51.0,40.26,45.64699999999999,106.66300000000001,0.0,0.0,0.0,0.0,892.4832429916897
2006-10-10 11:00:00,0.0,0.0,65.1,50.19,40.48,53.067,97.703,0.0,0.0,0.0,0.0,887.4832429916897
2006-10-10 12:00:00,0.0,0.0,63.81,49.04,40.22,56.12,91.94999999999999,0.0,0.0,0.0,0.0,882.4832429916897
2006-10-10 13:00:00,0.0,0.0,62.7,47.48,39.76,54.897,90.043,0.0,0.0,0.0,0.0,877.4832429916897
2006-10-10 14:00:00,0.0,0.0,61.76,46.15,39.6,49.189,93.32099999999998,0.0,0.0,0.0,0.0,872.4832429916897
2006-10-10 15:00:00,0.0,0.0,61.97,45.64,40.56,39.764,103.406,0.0,0.0,0.0,0.0,867.4832429916897
2006-10-10 16:00:00,0.0,0.0,63.12,47.43,42.63,28.343,110.0,9.837000000000014,0.0,0.0,0.0,862.4832429916897
2006-10-10 17:00:00,0.0,0.0,63.25,49.94,44.0,19.2,101.06293000000012,31.927069999999866,0.0,0.0,0.0,857.4832429916897
2006-10-10 18:00:00,0.0,0.0,61.37,49.2,43.74,18.599,130.711,0.0,0.0,0.0,0.0,852.4832429916897
2006-10-10 19:00:00,0.0,0.0,58.33,47.05,42.22,22.889,110.0,9.711000000000013,0.0,0.0,0.0,847.4832429916897
2006-10-10 20:00:00,0.0,0.0,55.11,46.67,39.64,25.945,110.0,0.4749999999999961,0.0,0.0,0.0,842.4832429916897
2006-10-10 21:00:00,0.0,0.0,51.66,47.35,35.92,28.234000000000005,90.0,11.696000000000012,0.0,0.0,0.0,837.4832429916897
2006-10-10 22:00:00,0.0,0.0,48.44,44.88,31.94,30.475,90.0,0.0,0.2149999999999892,0.0,0.0,832.4832429916897
2006-10-10 23:00:00,0.0,0.0,46.31,41.92,28.31,31.803000000000004,90.0,0.0,10.262999999999982,0.0,0.0,827.4832429916897
2006-10-11 00:00:00,0.0,0.0,45.57,41.17,26.82,33.898,90.0,0.0,15.338000000000017,0.0,0.0,822.4832429916897
2006-10-11 01:00:00,0.0,0.0,45.41,39.03,25.62,36.607,90.0,0.0,21.54699999999997,0.0,0.0,817.4832429916897
2006-10-11 02:00:00,0.0,0.0,46.18,37.82,24.68,39.23500000000001,90.0,0.0,25.555000000000007,0.0,0.0,812.4832429916897
2006-10-11 03:00:00,0.0,0.0,48.55,38.69,24.21,40.828,90.0,0.0,24.377999999999986,0.0,0.0,807.4832429916897
2006-10-11 04:00:00,0.0,0.0,53.59,41.68,24.44,43.756,90.0,0.0,19.045999999999992,0.0,0.0,802.4832429916897
2006-10-11 05:00:00,0.0,0.0,58.62,45.33,27.35,45.326,90.0,0.0,9.025999999999996,0.0,0.0,797.4832429916897
2006-10-11 06:00:00,0.0,0.0,62.15,48.2,32.55,47.169000000000004,90.731,0.0,0.0,0.0,0.0,792.4832429916897
2006-10-11 07:00:00,0.0,0.0,63.88,50.07,37.04,55.821,90.16900000000001,0.0,0.0,0.0,0.0,787.4832429916897
2006-10-11 08:00:00,0.0,0.0,65.37,51.11,39.32,64.25500000000001,90.0,0.0,3.4550000000000125,0.0,0.0,782.4832429916897
2006-10-11 09:00:00,0.0,0.0,66.71,51.72,40.08,77.55799999999999,90.0,0.0,14.048000000000002,0.0,0.0,777.4832429916897
2006-10-11 10:00:00,0.0,0.0,66.63,52.39,40.44,85.104,90.0,0.0,20.644000000000005,0.0,0.0,772.4832429916897
2006-10-11 11:00:00,0.0,0.0,65.68,51.58,40.66,86.187,90.0,0.0,23.266999999999996,0.0,0.0,767.4832429916897
2006-10-11 12:00:00,0.0,0.0,64.4,50.43,40.4,82.794,90.0,0.0,22.56399999999998,0.0,0.0,762.4832429916897
2006-10-11 13:00:00,0.0,0.0,63.29,48.87,39.94,74.904,90.0,0.0,17.803999999999995,0.0,0.0,757.4832429916897
2006-10-11 14:00:00,0.0,0.0,62.35,47.54,39.78,63.468,90.0,0.0,8.797999999999988,0.0,0.0,752.4832429916897
2006-10-11 15:00:00,0.0,0.0,62.56,47.03,40.74,49.766,95.56400000000001,0.0,0.0,0.0,0.0,747.4832429916897
2006-10-11 16:00:00,0.0,0.0,63.7,48.82,42.81,36.88400000000001,113.44600000000001,0.0,0.0,0.0,0.0,742.4832429916897
2006-10-11 17:00:00,0.0,0.0,63.84,51.33,44.18,28.737000000000002,125.613,0.0,0.0,0.0,0.0,737.4832429916897
2006-10-11 18:00:00,0.0,0.0,61.96,50.59,43.92,21.608,110.0,19.862000000000013,0.0,0.0,0.0,732.4832429916897
2006-10-11 19:00:00,0.0,0.0,58.92,48.44,42.4,22.352,122.408,0.0,0.0,0.0,0.0,727.4832429916897
2006-10-11 20:00:00,0.0,0.0,55.7,48.07,39.82,22.534,116.05599999999998,0.0,0.0,0.0,0.0,722.4832429916897
2006-10-11 21:00:00,0.0,0.0,52.25,48.74,36.09,22.457,109.623,0.0,0.0,0.0,0.0,717.4832429916897
2006-10-11 22:00:00,0.0,0.0,49.02,46.27,32.12,21.811,90.0,10.599000000000004,0.0,0.0,0.0,712.4832429916897
2006-10-11 23:00:00,0.0,0.0,46.9,43.31,28.48,22.131999999999998,91.558,0.0,0.0,0.0,0.0,707.4832429916897
2006-10-12 00:00:00,0.0,0.0,44.82,44.15,28.07,22.887,90.0,0.0,0.8469999999999853,0.0,0.0,702.4832429916897
2006-10-12 01:00:00,0.0,0.0,44.66,42.01,26.87,23.649,90.0,0.0,5.108999999999995,0.0,0.0,697.4832429916897
2006-10-12 02:00:00,0.0,0.0,45.43,40.8,25.93,24.089000000000002,90.0,0.0,6.928999999999997,0.0,0.0,692.4832429916897
2006-10-12 03:00:00,0.0,0.0,47.8,41.67,25.46,25.224,90.0,0.0,5.294000000000011,0.0,0.0,687.4832429916897
2006-10-12 04:00:00,0.0,0.0,52.85,44.66,25.69,26.445,90.0,1.7550000000000008,0.0,0.0,0.0,682.4832429916897
2006-10-12 05:00:00,0.0,0.0,57.87,48.31,28.6,28.549000000000003,90.0,11.231,0.0,0.0,0.0,677.4832429916897
2006-10-12 06:00:00,0.0,0.0,61.4,51.18,33.8,31.071,110.30899999999998,0.0,0.0,0.0,0.0,672.4832429916897
2006-10-12 07:00:00,0.0,0.0,63.13,53.05,38.29,38.97,110.49999999999997,0.0,0.0,0.0,0.0,667.4832429916897
2006-10-12 08:00:00,0.0,0.0,64.62,54.09,40.57,54.149,90.0,10.131,0.0,0.0,0.0,662.4832429916897
2006-10-12 09:00:00,0.0,0.0,65.97,54.7,41.33,63.579,93.42100000000002,0.0,0.0,0.0,0.0,657.4832429916897
2006-10-12 10:00:00,0.0,0.0,65.88,55.37,41.69,68.411,90.0,0.0,0.47100000000000364,0.0,0.0,652.4832429916897
2006-10-12 11:00:00,0.0,0.0,64.93,54.56,41.91,71.35799999999999,90.0,0.0,4.957999999999998,0.0,0.0,647.4832429916897
2006-10-12 12:00:00,0.0,0.0,63.65,53.41,41.65,69.08,90.0,0.0,5.369999999999985,0.0,0.0,642.4832429916897
2006-10-12 13:00:00,0.0,0.0,62.54,51.85,41.19,62.718999999999994,90.0,0.0,2.1389999999999976,0.0,0.0,637.4832429916897
2006-10-12 14:00:00,0.0,0.0,61.6,50.52,41.03,53.035000000000004,95.11500000000001,0.0,0.0,0.0,0.0,632.4832429916897
2006-10-12 15:00:00,0.0,0.0,61.81,50.01,41.99,39.229,90.0,19.581000000000024,0.0,0.0,0.0,627.4832429916897
2006-10-12 16:00:00,0.0,0.0,62.96,51.8,44.06,23.854,110.0,19.965999999999998,0.0,0.0,0.0,622.4832429916897
2006-10-12 17:00:00,0.0,0.0,63.09,54.31,45.43,12.962999999999997,135.0,9.867000000000004,0.0,0.0,0.0,617.4832429916897
2006-10-12 18:00:00,0.0,0.0,61.21,53.57,45.17,6.093999999999999,148.856,0.0,0.0,0.0,0.0,612.4832429916897
2006-10-12 19:00:00,0.0,0.0,58.17,51.42,43.65,7.545999999999999,140.69400000000002,0.0,0.0,0.0,0.0,607.4832429916897
2006-10-12 20:00:00,0.0,0.0,54.95,51.04,41.07,8.602,98.43790750000011,35.02009249999989,0.0,0.0,0.0,602.4832429916897
2006-10-12 21:00:00,0.0,0.0,51.5,51.72,37.34,9.452,90.0,36.108000000000004,0.0,0.0,0.0,597.4832429916897
2006-10-12 22:00:00,0.0,0.0,48.28,49.25,33.37,9.739,110.0,6.161000000000014,0.0,0.0,0.0,592.4832429916897
2006-10-12 23:00:00,0.0,0.0,46.15,46.29,29.73,10.324000000000002,90.0,16.845999999999997,0.0,0.0,0.0,587.4832429916897
2006-10-13 00:00:00,0.0,0.0,43.54,43.34,27.2,10.507,90.0,8.573000000000008,0.0,0.0,0.0,582.4832429916897
2006-10-13 01:00:00,0.0,0.0,43.38,41.2,26.01,10.665,94.92500000000001,0.0,0.0,0.0,0.0,577.4832429916897
2006-10-13 02:00:00,0.0,0.0,44.15,39.99,25.06,10.389,93.811,0.0,0.0,0.0,0.0,572.4832429916897
2006-10-13 03:00:00,0.0,0.0,46.53,40.86,24.59,10.396,96.584,0.0,0.0,0.0,0.0,567.4832429916897
2006-10-13 04:00:00,0.0,0.0,51.57,43.85,24.82,10.367,104.873,0.0,0.0,0.0,0.0,562.4832429916897
2006-10-13 05:00:00,0.0,0.0,56.59,47.5,27.73,10.306999999999999,110.0,6.513000000000007,0.0,0.0,0.0,557.4832429916897
2006-10-13 06:00:00,0.0,0.0,60.12,50.37,32.93,11.111,90.0,37.30900000000001,0.0,0.0,0.0,552.4832429916897
2006-10-13 07:00:00,0.0,0.0,61.85,52.24,37.42,16.785,110.0,19.725000000000023,0.0,0.0,0.0,547.4832429916897
2006-10-13 08:00:00,0.0,0.0,63.34,53.29,39.7,28.387999999999998,110.0,12.942000000000007,0.0,0.0,0.0,542.4832429916897
2006-10-13 09:00:00,0.0,0.0,64.69,53.89,40.46,39.138,110.0,4.901999999999987,0.0,0.0,0.0,537.4832429916897
2006-10-13 10:00:00,0.0,0.0,64.61,54.56,40.82,46.028000000000006,108.96200000000002,0.0,0.0,0.0,0.0,532.4832429916897
2006-10-13 11:00:00,0.0,0.0,63.66,53.75,41.04,51.388000000000005,102.062,0.0,0.0,0.0,0.0,527.4832429916897
2006-10-13 12:00:00,0.0,0.0,62.37,52.6,40.78,51.721999999999994,90.0,9.028000000000002,0.0,0.0,0.0,522.4832429916897
2006-10-13 13:00:00,0.0,0.0,61.26,51.04,40.32,48.991,90.0,8.628999999999994,0.0,0.0,0.0,517.4832429916897
2006-10-13 14:00:00,0.0,0.0,60.32,49.71,40.16,43.754999999999995,101.43500000000002,0.0,0.0,0.0,0.0,512.4832429916897
2006-10-13 15:00:00,0.0,0.0,60.54,49.2,41.12,35.687,110.173,0.0,0.0,0.0,0.0,507.48324299168974
2006-10-13 16:00:00,0.0,0.0,61.68,50.99,43.19,22.557,128.303,0.0,0.0,0.0,0.0,502.48324299168974
2006-10-13 17:00:00,0.0,0.0,61.82,53.5,44.56,15.545999999999998,139.334,0.0,0.0,0.0,0.0,497.48324299168974
2006-10-13 18:00:00,0.0,0.0,59.93,52.76,44.3,17.464,134.526,0.0,0.0,0.0,0.0,492.48324299168974
2006-10-13 19:00:00,0.0,0.0,56.9,50.61,42.78,19.873,125.41699999999999,0.0,0.0,0.0,0.0,487.48324299168974
2006-10-13 20:00:00,0.0,0.0,53.68,50.24,40.2,20.784999999999997,110.0,8.335000000000008,0.0,0.0,0.0,482.48324299168974
2006-10-13 21:00:00,0.0,0.0,50.22,50.91,36.48,20.729,111.88100000000001,0.0,0.0,0.0,0.0,477.48324299168974
2006-10-13 22:00:00,0.0,0.0,47.0,48.44,32.5,20.002000000000002,102.93799999999999,0.0,0.0,0.0,0.0,472.48324299168974
2006-10-13 23:00:00,0.0,0.0,44.87,45.48,28.87,18.628,95.59200000000001,0.0,0.0,0.0,0.0,467.48324299168974
2006-10-14 00:00:00,0.0,0.0,36.05,37.35,25.18,17.13,90.0,0.0,13.550000000000011,0.0,0.0,462.48324299168974
2006-10-14 01:00:00,0.0,0.0,35.89,35.21,23.99,15.849,90.0,0.0,15.758999999999999,0.0,0.0,457.48324299168974
2006-10-14 02:00:00,0.0,0.0,36.66,34.0,23.05,15.308,90.0,0.0,16.598,0.0,0.0,452.48324299168974
2006-10-14 03:00:00,0.0,0.0,39.04,34.87,22.58,15.025,90.0,0.0,0.0,13.535,0.0,457.22844299168975
2006-10-14 04:00:00,0.0,0.0,44.08,37.86,22.8,15.033,90.0,0.0,5.292999999999992,0.0,0.0,452.22844299168975
2006-10-14 05:00:00,0.0,0.0,49.1,41.51,25.72,15.334,90.0,5.9960000000000075,0.0,0.0,0.0,447.22844299168975
2006-10-14 06:00:00,0.0,0.0,52.63,44.38,30.92,16.552,106.37800000000001,0.0,0.0,0.0,0.0,442.22844299168975
2006-10-14 07:00:00,0.0,0.0,54.36,46.25,35.41,25.215,105.80499999999999,0.0,0.0,0.0,0.0,437.22844299168975
2006-10-14 08:00:00,0.0,0.0,55.85,47.3,37.68,39.707,90.0,6.123000000000019,0.0,0.0,0.0,432.22844299168975
2006-10-14 09:00:00,0.0,0.0,57.2,47.9,38.45,56.072,90.0,0.0,7.521999999999991,0.0,0.0,427.22844299168975
2006-10-14 10:00:00,0.0,0.0,57.12,48.57,38.81,66.05900000000001,90.0,0.0,16.558999999999983,0.0,0.0,422.22844299168975
2006-10-14 11:00:00,0.0,0.0,56.17,47.76,39.03,71.541,90.0,0.0,23.580999999999985,0.0,0.0,417.22844299168975
2006-10-14 12:00:00,0.0,0.0,54.88,46.61,38.77,71.3,90.0,0.0,0.0,26.04,0.0,430.97724299168976
2006-10-14 13:00:00,0.0,0.0,53.77,45.05,38.31,66.763,90.0,0.0,24.63299999999998,0.0,0.0,425.97724299168976
2006-10-14 14:00:00,0.0,0.0,52.83,43.72,38.15,58.32999999999999,90.0,0.0,18.629999999999995,0.0,0.0,420.97724299168976
2006-10-14 15:00:00,0.0,0.0,53.05,43.21,39.11,46.847,90.0,0.0,6.476999999999999,0.0,0.0,415.97724299168976
2006-10-14 16:00:00,0.0,0.0,54.19,45.01,41.18,27.986,107.39399999999999,0.0,0.0,0.0,0.0,410.97724299168976
2006-10-14 17:00:00,0.0,0.0,54.33,47.51,42.55,17.232000000000003,90.0,32.158,0.0,0.0,0.0,405.97724299168976
2006-10-14 18:00:00,0.0,0.0,52.44,46.77,42.29,18.661,107.33336888888908,10.505631111110914,0.0,0.0,0.0,400.97724299168976
2006-10-14 19:00:00,0.0,0.0,49.4,44.62,40.76,19.814,109.96600000000002,0.0,0.0,0.0,0.0,395.97724299168976
2006-10-14 20:00:00,0.0,0.0,46.18,44.25,38.19,20.003,90.0,13.617000000000003,0.0,0.0,0.0,390.97724299168976
2006-10-14 21:00:00,0.0,0.0,42.73,44.92,34.46,20.36,90.0,6.75,0.0,0.0,0.0,385.97724299168976
2006-10-14 22:00:00,0.0,0.0,39.51,42.45,30.49,20.166999999999998,90.0,0.0,0.0,2.7170000000000165,0.0,382.9334829916898
2006-10-14 23:00:00,0.0,0.0,37.38,39.5,26.85,19.708,90.0,0.0,10.97799999999998,0.0,0.0,377.9334829916898
2006-10-15 00:00:00,0.0,0.0,33.0,36.29,24.44,19.641,90.0,0.0,20.911,0.0,0.0,372.9334829916898
2006-10-15 01:00:00,0.0,0.0,32.84,34.15,23.25,19.143,90.0,0.0,23.90299999999999,0.0,0.0,367.9334829916898
2006-10-15 02:00:00,0.0,0.0,33.61,32.94,22.31,19.341,90.0,0.0,25.480999999999995,0.0,0.0,362.9334829916898
2006-10-15 03:00:00,0.0,0.0,35.99,33.81,21.84,19.854,90.0,0.0,23.214,0.0,0.0,357.9334829916898
2006-10-15 04:00:00,0.0,0.0,41.03,36.8,22.06,20.114,90.0,0.0,0.0,15.223999999999975,0.0,363.8947629916898
2006-10-15 05:00:00,0.0,0.0,46.06,40.45,24.97,20.959,90.0,0.0,4.478999999999985,0.0,0.0,358.8947629916898
2006-10-15 06:00:00,0.0,0.0,49.58,43.32,30.17,22.011,90.0,6.059000000000012,0.0,0.0,0.0,353.8947629916898
2006-10-15 07:00:00,0.0,0.0,51.31,45.19,34.67,29.718,90.0,6.452000000000012,0.0,0.0,0.0,348.8947629916898
2006-10-15 08:00:00,0.0,0.0,52.8,46.23,36.94,45.073,90.0,0.0,0.0,4.103000000000005,0.0,346.8489229916898
2006-10-15 09:00:00,0.0,0.0,54.15,46.84,37.71,60.235,90.0,0.0,16.534999999999965,0.0,0.0,341.8489229916898
2006-10-15 10:00:00,0.0,0.0,54.07,47.51,38.07,72.099,90.0,0.0,4.847746383502653,22.601253616497353,0.0,353.1218255955679
2006-10-15 11:00:00,0.0,0.0,53.12,46.7,38.28,78.08200000000001,90.0,0.0,34.982,0.0,0.0,348.1218255955679
2006-10-15 12:00:00,0.0,0.0,51.84,45.55,38.03,78.824,90.0,0.0,8.403999999999996,30.0,0.0,364.7218255955679
2006-10-15 13:00:00,0.0,0.0,50.72,43.99,37.57,75.616,90.0,0.0,20.0,18.335999999999995,0.0,372.9237455955679
2006-10-15 14:00:00,0.0,0.0,49.79,42.66,37.4,66.63399999999999,90.0,0.0,31.783999999999963,0.0,0.0,367.9237455955679
2006-10-15 15:00:00,0.0,0.0,50.0,42.15,38.37,54.12200000000001,90.0,0.0,18.602000000000004,0.0,0.0,362.9237455955679
2006-10-15 16:00:00,0.0,0.0,51.14,43.94,40.44,38.07,92.44999999999999,0.0,0.0,0.0,0.0,357.9237455955679
2006-10-15 17:00:00,0.0,0.0,51.28,46.45,41.8,25.820999999999998,90.0,18.709000000000017,0.0,0.0,0.0,352.9237455955679
2006-10-15 18:00:00,0.0,0.0,49.39,45.71,41.54,25.531,90.0,16.108999999999998,0.0,0.0,0.0,347.9237455955679
2006-10-15 19:00:00,0.0,0.0,46.36,43.56,40.02,28.682000000000002,90.0,6.25800000000001,0.0,0.0,0.0,342.9237455955679
2006-10-15 20:00:00,0.0,0.0,43.14,43.18,37.45,30.247,90.0,0.0,1.4769999999999994,0.0,0.0,337.9237455955679
2006-10-15 21:00:00,0.0,0.0,39.68,43.86,33.72,31.095000000000002,90.0,0.0,8.834999999999994,0.0,0.0,332.9237455955679
2006-10-15 22:00:00,0.0,0.0,36.46,41.39,29.75,31.291000000000004,90.0,0.0,0.0,18.690999999999992,0.0,341.38126559556787
2006-10-15 23:00:00,0.0,0.0,34.33,38.43,26.11,30.499000000000002,90.0,0.0,26.629,0.0,0.0,336.38126559556787
2006-10-16 00:00:00,0.0,0.0,44.77,43.17,26.75,29.246000000000002,90.0,0.0,9.556000000000012,0.0,0.0,331.38126559556787
2006-10-16 01:00:00,0.0,0.0,44.61,41.03,25.56,28.027,90.0,0.0,11.826999999999998,0.0,0.0,326.38126559556787
2006-10-16 02:00:00,0.0,0.0,45.38,39.83,24.62,25.532,90.0,0.0,0.0,10.702000000000002,0.0,329.0867055955679
2006-10-16 03:00:00,0.0,0.0,47.75,40.69,24.15,24.247,90.0,0.0,6.657000000000003,0.0,0.0,324.0867055955679
2006-10-16 04:00:00,0.0,0.0,52.8,43.68,24.37,22.316000000000003,93.534,0.0,0.0,0.0,0.0,319.0867055955679
2006-10-16 05:00:00,0.0,0.0,57.82,47.34,27.29,21.637999999999998,105.81200000000001,0.0,0.0,0.0,0.0,314.0867055955679
2006-10-16 06:00:00,0.0,0.0,61.35,50.2,32.49,23.256999999999998,90.0,25.783000000000005,0.0,0.0,0.0,309.0867055955679
2006-10-16 07:00:00,0.0,0.0,63.08,52.08,36.98,31.119999999999994,90.0,26.019999999999982,0.0,0.0,0.0,304.0867055955679
2006-10-16 08:00:00,0.0,0.0,64.57,53.12,39.25,49.95700000000001,90.0,11.98300000000001,0.0,0.0,0.0,299.0867055955679
2006-10-16 09:00:00,0.0,0.0,65.92,53.73,40.02,68.55600000000001,90.0,0.0,3.8859999999999957,0.0,0.0,294.0867055955679
2006-10-16 10:00:00,0.0,0.0,65.83,54.39,40.38,80.57399999999998,90.0,0.0,14.97399999999999,0.0,0.0,289.0867055955679
2006-10-16 11:00:00,0.0,0.0,64.88,53.59,40.59,84.22600000000001,90.0,0.0,1.4022022160664966,18.7637977839335,0.0,297.59664
2006-10-16 12:00:00,0.0,0.0,63.6,52.43,40.34,81.998,90.0,0.0,20.627999999999993,0.0,0.0,292.59664
2006-10-16 13:00:00,0.0,0.0,62.49,50.87,39.88,76.57199999999999,90.0,0.0,18.332000000000022,0.0,0.0,287.59664
2006-10-16 14:00:00,0.0,0.0,61.55,49.54,39.71,67.985,90.0,0.0,12.185000000000002,0.0,0.0,282.59664
2006-10-16 15:00:00,0.0,0.0,61.76,49.04,40.68,54.601,91.87899999999999,0.0,0.0,0.0,0.0,277.59664
2006-10-16 16:00:00,0.0,0.0,62.9,50.83,42.75,35.694,90.0,25.785999999999984,0.0,0.0,0.0,272.59664
2006-10-16 17:00:00,0.0,0.0,63.04,53.34,44.11,29.174000000000003,110.0,16.316000000000017,0.0,0.0,0.0,267.59664
2006-10-16 18:00:00,0.0,0.0,61.16,52.59,43.86,28.543,110.0,14.067000000000021,0.0,0.0,0.0,262.59664
2006-10-16 19:00:00,0.0,0.0,58.12,50.44,42.33,30.997999999999998,90.0,24.891999999999992,0.0,0.0,0.0,257.59664
2006-10-16 20:00:00,0.0,0.0,54.9,50.07,39.76,31.933999999999997,107.79600000000002,0.0,0.0,0.0,0.0,252.59663999999998
2006-10-16 21:00:00,0.0,0.0,51.45,50.75,36.03,31.628,90.0,11.602000000000004,0.0,0.0,0.0,247.59663999999998
2006-10-16 22:00:00,0.0,0.0,48.23,48.28,32.06,29.992,90.0,3.578000000000003,0.0,0.0,0.0,242.59663999999998
2006-10-16 23:00:00,0.0,0.0,46.1,45.32,28.42,28.352,90.0,0.0,3.5120000000000005,0.0,0.0,237.59663999999998
2006-10-17 00:00:00,0.0,0.0,46.93,44.32,26.71,26.916000000000004,90.0,0.0,3.955999999999989,0.0,0.0,232.59663999999998
2006-10-17 01:00:00,0.0,0.0,46.77,42.18,25.52,25.271,90.0,0.0,5.801000000000002,0.0,0.0,227.59663999999998
2006-10-17 02:00:00,0.0,0.0,47.55,40.97,24.57,25.176000000000002,90.0,0.0,7.085999999999987,0.0,0.0,222.59663999999998
2006-10-17 03:00:00,0.0,0.0,49.92,41.84,24.1,25.39,90.0,0.0,4.529999999999973,0.0,0.0,217.59663999999998
2006-10-17 04:00:00,0.0,0.0,54.96,44.83,24.33,23.750999999999998,90.0,5.369000000000014,0.0,0.0,0.0,212.59663999999998
2006-10-17 05:00:00,0.0,0.0,59.99,48.48,27.24,22.647999999999996,108.06200000000001,0.0,0.0,0.0,0.0,207.59663999999998
2006-10-17 06:00:00,0.0,0.0,63.51,51.35,32.44,23.226,115.0,4.073999999999999,0.0,0.0,0.0,202.59663999999998
2006-10-17 07:00:00,0.0,0.0,65.24,53.22,36.93,31.070999999999998,90.0,29.31899999999999,0.0,0.0,0.0,197.59663999999998
2006-10-17 08:00:00,0.0,0.0,66.73,54.26,39.21,42.613,110.0,2.5870000000000077,0.0,0.0,0.0,192.59663999999998
2006-10-17 09:00:00,0.0,0.0,68.08,54.87,39.97,55.345000000000006,90.0,12.575000000000006,0.0,0.0,0.0,187.59663999999998
2006-10-17 10:00:00,0.0,0.0,68.0,55.54,40.33,68.51599999999999,90.35400000000001,0.0,0.0,0.0,0.0,182.59663999999998
2006-10-17 11:00:00,0.0,0.0,67.05,54.73,40.55,75.88,90.0,0.0,8.550000000000011,0.0,0.0,177.59663999999998
2006-10-17 12:00:00,0.0,0.0,65.77,53.58,40.3,78.393,90.0,0.0,13.74299999999998,0.0,0.0,172.59663999999998
2006-10-17 13:00:00,0.0,0.0,64.66,52.02,39.83,74.99600000000001,90.0,0.0,13.486000000000004,0.0,0.0,167.59663999999998
2006-10-17 14:00:00,0.0,0.0,63.72,50.69,39.67,67.67,90.0,0.0,8.590000000000005,0.0,0.0,162.59663999999998
2006-10-17 15:00:00,0.0,0.0,63.93,50.18,40.63,52.206,97.534,0.0,0.0,0.0,0.0,157.59663999999998
2006-10-17 16:00:00,0.0,0.0,65.07,51.97,42.7,39.483999999999995,110.0,5.2559999999999905,0.0,0.0,0.0,152.59663999999998
2006-10-17 17:00:00,0.0,0.0,65.21,54.48,44.07,33.675999999999995,90.0,35.084,0.0,0.0,0.0,147.59663999999998
2006-10-17 18:00:00,0.0,0.0,63.32,53.74,43.81,34.262,115.0,6.608000000000004,0.0,0.0,0.0,142.59663999999998
2006-10-17 19:00:00,0.0,0.0,60.29,51.59,42.29,35.974,110.0,3.195999999999998,0.0,0.0,0.0,137.59663999999998
2006-10-17 20:00:00,0.0,0.0,57.07,51.21,39.71,35.022000000000006,90.0,17.967999999999993,0.0,0.0,0.0,132.59663999999998
2006-10-17 21:00:00,0.0,0.0,53.61,51.89,35.99,31.755,92.7089725000001,12.026027499999913,0.0,0.0,0.0,127.59664
2006-10-17 22:00:00,0.0,0.0,50.39,49.42,32.01,29.510999999999996,97.309,0.0,0.0,0.0,0.0,122.59664
2006-10-17 23:00:00,0.0,0.0,48.26,46.46,28.38,28.706,90.0,0.0,0.6059999999999945,0.0,0.0,117.59664
2006-10-18 00:00:00,0.0,0.0,46.83,42.41,27.79,27.783,90.0,0.0,5.752999999999986,0.0,0.0,112.59664
2006-10-18 01:00:00,0.0,0.0,46.67,40.27,26.6,27.241,90.0,0.0,8.700999999999974,0.0,0.0,107.59664
2006-10-18 02:00:00,0.0,0.0,47.44,39.06,25.65,26.549999999999997,90.0,0.0,9.400000000000006,0.0,0.0,102.59664
2006-10-18 03:00:00,0.0,0.0,49.82,39.92,25.18,25.218999999999998,90.0,0.0,5.298999999999992,0.0,0.0,97.59664
2006-10-18 04:00:00,0.0,0.0,54.86,42.92,25.41,24.786,93.404,0.0,0.0,0.0,0.0,92.59664
2006-10-18 05:00:00,0.0,0.0,59.89,46.57,28.32,25.056,90.0,14.72399999999999,0.0,0.0,0.0,87.59664
2006-10-18 06:00:00,0.0,0.0,63.41,49.44,33.52,25.664,90.0,25.706000000000007,0.0,0.0,0.0,82.59664
2006-10-18 07:00:00,0.0,0.0,65.14,51.31,38.01,33.224999999999994,90.0,26.235000000000014,0.0,0.0,0.0,77.59664
2006-10-18 08:00:00,0.0,0.0,66.63,52.35,40.29,43.875,90.0,20.394999999999996,0.0,0.0,0.0,72.59664
2006-10-18 09:00:00,0.0,0.0,67.98,52.96,41.05,57.641,90.0,9.349000000000018,0.0,0.0,0.0,67.59664
2006-10-18 10:00:00,0.0,0.0,67.9,53.63,41.41,68.959,90.0,0.0,1.0189999999999912,0.0,0.0,62.596639999999994
2006-10-18 11:00:00,0.0,0.0,66.95,52.82,41.63,74.594,90.0,0.0,8.193999999999988,0.0,0.0,57.596639999999994
2006-10-18 12:00:00,0.0,0.0,65.66,51.67,41.38,74.887,90.0,0.0,11.176999999999992,0.0,0.0,52.596639999999994
2006-10-18 13:00:00,0.0,0.0,64.55,50.1,40.91,70.792,90.0,0.0,10.23200000000001,0.0,0.0,47.596639999999994
2006-10-18 14:00:00,0.0,0.0,63.62,48.78,40.75,62.166,90.0,0.0,4.015999999999995,0.0,0.0,42.596639999999994
2006-10-18 15:00:00,0.0,0.0,63.83,48.27,41.71,47.67,90.0,11.14,0.0,0.0,0.0,37.596639999999994
2006-10-18 16:00:00,0.0,0.0,64.97,50.06,43.78,35.31099999999999,90.0,28.498999999999995,0.0,0.0,0.0,32.596639999999994
2006-10-18 17:00:00,0.0,0.0,65.11,52.57,45.15,30.61,127.22,0.0,0.0,0.0,0.0,27.596639999999994
2006-10-18 18:00:00,0.0,0.0,63.22,51.83,44.89,28.400000000000002,110.0,16.53999999999999,0.0,0.0,0.0,22.596639999999994
2006-10-18 19:00:00,0.0,0.0,60.19,49.67,43.37,30.21,110.0,8.019999999999982,0.0,0.0,0.0,17.596639999999994
2006-10-18 20:00:00,0.0,0.0,56.97,49.3,40.79,30.647,111.41299999999998,0.0,0.0,0.0,0.0,12.596639999999994
2006-10-18 21:00:00,0.0,0.0,53.51,49.98,37.07,30.851,90.0,14.709000000000003,0.0,0.0,0.0,7.596639999999994
2006-10-18 22:00:00,0.0,0.0,50.29,47.51,33.1,30.494,95.406,0.0,0.0,0.0,0.0,2.596639999999994
2006-10-18 23:00:00,0.0,0.0,48.16,44.55,29.46,30.508,90.0,0.0,0.0,3.338000000000008,0.0,0.0
2006-10-19 00:00:00,0.0,0.0,45.73,42.86,27.52,30.630000000000003,90.0,0.0,0.0,9.520000000000017,0.0,1.8544000000000125
2006-10-19 01:00:00,0.0,0.0,45.57,40.72,26.33,31.569,90.0,0.0,5.920999999999935,8.028000000000043,0.0,2.634560000000043
2006-10-19 02:00:00,0.0,0.0,46.34,39.51,25.39,33.662,90.0,0.0,0.0,17.421999999999986,0.0,10.178400000000034
2006-10-19 03:00:00,0.0,0.0,48.71,40.38,24.92,36.44199999999999,90.0,0.0,17.431999999999988,0.0,0.0,5.178400000000034
2006-10-19 04:00:00,0.0,0.0,53.75,43.37,25.14,40.959,90.0,0.0,0.0,13.698999999999998,0.0,10.041680000000031
2006-10-19 05:00:00,0.0,0.0,58.78,47.02,28.05,45.782,90.0,0.0,0.0,6.931999999999999,0.0,10.03272000000003
2006-10-19 06:00:00,0.0,0.0,62.3,49.89,33.25,49.299,90.0,1.1409999999999911,0.0,0.0,0.0,5.0327200000000305
2006-10-19 07:00:00,0.0,0.0,64.03,51.76,37.75,59.061,90.0,0.0,0.521000000000015,0.0,0.0,0.0327200000000305
2006-10-19 08:00:00,0.0,0.0,65.53,52.81,40.02,70.259,90.0,0.0,0.0,6.898999999999958,0.0,0.0
2006-10-19 09:00:00,0.0,0.0,66.87,53.41,40.79,82.941,90.0,0.0,9.926555555555552,6.944444444444445,0.0,0.0
2006-10-19 10:00:00,0.0,0.0,66.79,54.08,41.15,91.804,90.0,0.0,17.83955555555555,6.944444444444445,0.0,0.0
2006-10-19 11:00:00,0.0,0.0,65.84,53.27,41.36,96.49900000000001,90.0,0.0,14.141222222222204,16.887777777777785,0.0,7.159200000000006
2006-10-19 12:00:00,0.0,0.0,64.56,52.12,41.11,99.25900000000001,90.0,0.0,6.468999999999998,30.0,0.0,23.759200000000003
2006-10-19 13:00:00,0.0,0.0,63.45,50.56,40.65,95.398,90.0,0.0,5.737999999999975,30.0,0.0,40.3592
2006-10-19 14:00:00,0.0,0.0,62.51,49.23,40.48,85.179,90.0,0.0,27.958999999999996,0.0,0.0,35.3592
2006-10-19 15:00:00,0.0,0.0,62.72,48.72,41.45,70.81299999999999,90.0,0.0,12.923000000000016,0.0,0.0,30.359199999999998
2006-10-19 16:00:00,0.0,0.0,63.86,50.52,43.52,60.25799999999999,90.0,2.6420000000000385,0.0,0.0,0.0,25.359199999999998
2006-10-19 17:00:00,0.0,0.0,64.0,53.02,44.88,54.419,90.0,12.481000000000009,0.0,0.0,0.0,20.359199999999998
2006-10-19 18:00:00,0.0,0.0,62.11,52.28,44.62,50.290000000000006,90.0,13.720000000000027,0.0,0.0,0.0,15.359199999999998
2006-10-19 19:00:00,0.0,0.0,59.08,50.13,43.1,49.656,90.0,7.653999999999996,0.0,0.0,0.0,10.359199999999998
2006-10-19 20:00:00,0.0,0.0,55.86,49.76,40.53,48.827,90.0,2.3230000000000075,0.0,0.0,0.0,5.359199999999998
2006-10-19 21:00:00,0.0,0.0,52.4,50.43,36.8,49.025999999999996,90.0,0.0,4.396000000000025,0.0,0.0,0.35919999999999774
2006-10-19 22:00:00,0.0,0.0,49.18,47.97,32.83,48.370000000000005,90.0,0.0,0.0,13.390000000000004,0.0,5.0
2006-10-19 23:00:00,0.0,0.0,47.06,45.01,29.19,47.198,90.0,0.0,20.938,0.0,0.0,0.0
2006-10-20 00:00:00,0.0,0.0,44.03,42.69,27.31,47.209999999999994,90.0,0.0,0.0,28.179999999999982,0.0,15.289599999999986
2006-10-20 01:00:00,0.0,0.0,43.87,40.55,26.12,45.125,90.0,0.0,4.590777777777691,24.994222222222323,0.0,28.285440000000058
2006-10-20 02:00:00,0.0,0.0,44.64,39.34,25.17,43.64,90.0,0.0,0.0,29.490000000000006,0.0,44.51824000000006
2006-10-20 03:00:00,0.0,0.0,47.02,40.21,24.7,42.269000000000005,90.0,0.0,25.338999999999984,0.0,0.0,39.51824000000006
2006-10-20 04:00:00,0.0,0.0,52.06,43.2,24.93,42.239000000000004,90.0,0.0,0.0,17.049,0.0,46.79352000000006
2006-10-20 05:00:00,0.0,0.0,57.08,46.85,27.84,42.438,90.0,0.0,5.668000000000006,0.0,0.0,41.79352000000006
2006-10-20 06:00:00,0.0,0.0,60.61,49.72,33.04,42.609,90.0,5.761000000000021,0.0,0.0,0.0,36.79352000000006
2006-10-20 07:00:00,0.0,0.0,62.34,51.59,37.54,46.497,90.0,9.973000000000042,0.0,0.0,0.0,31.793520000000058
2006-10-20 08:00:00,0.0,0.0,63.83,52.64,39.81,54.623000000000005,90.0,6.657000000000001,0.0,0.0,0.0,26.793520000000058
2006-10-20 09:00:00,0.0,0.0,65.18,53.24,40.57,65.07000000000001,90.0,0.0,1.079999999999984,0.0,0.0,21.793520000000058
2006-10-20 10:00:00,0.0,0.0,65.1,53.91,40.94,73.836,90.0,0.0,8.886000000000006,0.0,0.0,16.793520000000058
2006-10-20 11:00:00,0.0,0.0,64.15,53.1,41.15,80.238,90.0,0.0,0.0,16.837999999999965,0.0,23.916880000000035
2006-10-20 12:00:00,0.0,0.0,62.86,51.95,40.9,81.839,90.0,0.0,0.0,21.128999999999976,0.0,34.12976000000002
2006-10-20 13:00:00,0.0,0.0,61.75,50.39,40.43,79.295,90.0,0.0,20.0,1.7249999999999979,0.0,30.371760000000016
2006-10-20 14:00:00,0.0,0.0,60.81,49.06,40.27,72.642,90.0,0.0,0.0,17.50199999999999,0.0,37.973200000000006
2006-10-20 15:00:00,0.0,0.0,61.03,48.55,41.24,57.27499999999999,90.0,0.0,1.454999999999993,0.0,0.0,32.973200000000006
2006-10-20 16:00:00,0.0,0.0,62.17,50.35,43.31,37.659000000000006,90.0,23.171000000000003,0.0,0.0,0.0,27.973200000000002
2006-10-20 17:00:00,0.0,0.0,62.31,52.85,44.67,28.867,90.0,35.963,0.0,0.0,0.0,22.973200000000002
2006-10-20 18:00:00,0.0,0.0,60.42,52.11,44.41,29.730999999999995,90.0,32.20900000000002,0.0,0.0,0.0,17.973200000000002
2006-10-20 19:00:00,0.0,0.0,57.38,49.96,42.89,32.767,97.25614222222258,15.206857777777417,0.0,0.0,0.0,12.973200000000002
2006-10-20 20:00:00,0.0,0.0,54.16,49.59,40.31,34.574,90.0,14.486000000000017,0.0,0.0,0.0,7.973200000000002
2006-10-20 21:00:00,0.0,0.0,50.71,50.26,36.59,35.318999999999996,90.0,7.241000000000011,0.0,0.0,0.0,2.9732000000000016
2006-10-20 22:00:00,0.0,0.0,47.49,47.79,32.62,35.715,90.0,0.0,0.0,2.8149999999999977,0.0,0.0
2006-10-20 23:00:00,0.0,0.0,45.36,44.84,28.98,34.643,90.0,0.0,0.0,6.944444444444445,0.0,0.0
2006-10-21 00:00:00,0.0,0.0,35.61,37.05,25.33,33.344,90.0,0.0,0.0,25.354000000000013,0.0,13.25488000000001
2006-10-21 01:00:00,0.0,0.0,35.45,34.91,24.14,31.622,90.0,0.0,0.0,27.122,0.0,27.78272000000001
2006-10-21 02:00:00,0.0,0.0,36.22,33.71,23.19,30.503,90.0,0.0,0.0,27.38299999999999,0.0,42.49848
2006-10-21 03:00:00,0.0,0.0,38.59,34.57,22.72,29.91,90.0,0.0,7.954108033240999,16.075891966758984,0.0,49.073122216066466
2006-10-21 04:00:00,0.0,0.0,43.64,37.56,22.95,29.901,74.249,0.0,0.0,0.0,0.0,44.073122216066466
2006-10-21 05:00:00,0.0,0.0,48.66,41.21,25.86,30.976999999999997,90.0,0.0,5.247,0.0,0.0,39.073122216066466
2006-10-21 06:00:00,0.0,0.0,52.19,44.08,31.06,32.48,90.0,4.849999999999994,0.0,0.0,0.0,34.073122216066466
2006-10-21 07:00:00,0.0,0.0,53.92,45.96,35.55,38.366,90.0,7.064000000000007,0.0,0.0,0.0,29.073122216066466
2006-10-21 08:00:00,0.0,0.0,55.41,47.0,37.83,51.233999999999995,90.0,0.0,0.0,0.9940000000000104,0.0,24.788802216066472
2006-10-21 09:00:00,0.0,0.0,56.76,47.6,38.59,67.677,75.273,0.0,0.0,0.0,0.0,19.788802216066472
2006-10-21 10:00:00,0.0,0.0,56.67,48.27,38.95,83.92199999999998,90.0,0.0,0.031999999999982265,30.0,0.0,36.388802216066466
2006-10-21 11:00:00,0.0,0.0,55.72,47.46,39.17,91.267,90.0,0.0,20.0,18.917,0.0,45.00904221606647
2006-10-21 12:00:00,0.0,0.0,54.44,46.31,38.92,94.507,45.163,0.0,0.0,0.0,0.0,40.00904221606647
2006-10-21 13:00:00,0.0,0.0,53.33,44.75,38.45,93.23,90.0,0.0,16.70000000000001,30.0,0.0,56.60904221606647
2006-10-21 14:00:00,0.0,0.0,52.39,43.42,38.29,85.674,90.0,0.0,11.574000000000012,30.0,0.0,73.20904221606646
2006-10-21 15:00:00,0.0,0.0,52.6,42.91,39.25,70.17299999999999,78.514559248999,0.0,0.0,13.92755924899899,0.0,78.23688487534574
2006-10-21 16:00:00,0.0,0.0,53.75,44.71,41.32,53.449,90.0,0.0,0.0,3.668999999999997,0.0,75.87856487534573
2006-10-21 17:00:00,0.0,0.0,53.88,47.21,42.69,42.364,90.0,11.415999999999997,0.0,0.0,0.0,70.87856487534573
2006-10-21 18:00:00,0.0,0.0,52.0,46.47,42.43,42.26,90.0,8.640000000000015,0.0,0.0,0.0,65.87856487534573
2006-10-21 19:00:00,0.0,0.0,48.96,44.32,40.91,45.949999999999996,88.24000000000001,0.0,0.0,0.0,0.0,60.87856487534573
2006-10-21 20:00:00,0.0,0.0,45.74,43.95,38.33,47.403999999999996,90.0,0.0,0.0,9.38399999999999,0.0,62.63504487534573
2006-10-21 21:00:00,0.0,0.0,42.29,44.62,34.61,48.297,76.65468698060938,0.0,3.431686980609379,0.0,0.0,57.63504487534573
2006-10-21 22:00:00,0.0,0.0,39.07,42.16,30.63,48.717,90.0,0.0,0.0,26.857000000000006,0.0,71.97208487534573
2006-10-21 23:00:00,0.0,0.0,36.94,39.2,27.0,50.223,90.0,0.0,7.082999999999988,30.0,0.0,88.57208487534572
2006-10-22 00:00:00,0.0,0.0,31.57,33.78,25.15,52.093999999999994,90.0,0.0,21.594000000000012,30.0,0.0,105.17208487534572
2006-10-22 01:00:00,0.0,0.0,31.41,31.64,23.96,54.57,62.440000000000026,0.0,0.0,30.0,0.0,121.77208487534571
2006-10-22 02:00:00,0.0,0.0,32.19,30.43,23.01,54.127,70.0,0.0,8.496999999999979,30.0,0.0,138.3720848753457
2006-10-22 03:00:00,0.0,0.0,34.56,31.3,22.54,54.895,90.0,0.0,26.49500000000002,30.0,0.0,154.9720848753457
2006-10-22 04:00:00,0.0,0.0,39.6,34.29,22.77,54.938,90.0,0.0,18.278000000000006,30.0,0.0,171.5720848753457
2006-10-22 05:00:00,0.0,0.0,44.63,37.94,25.68,54.782000000000004,90.0,0.0,6.532000000000011,30.0,0.0,188.1720848753457
2006-10-22 06:00:00,0.0,0.0,48.15,40.81,30.88,54.919,64.92099999999999,0.0,0.0,0.0,0.0,183.1720848753457
2006-10-22 07:00:00,0.0,0.0,49.88,42.68,35.37,61.617999999999995,90.0,0.0,0.0,23.68799999999998,0.0,195.22744487534567
2006-10-22 08:00:00,0.0,0.0,51.37,43.72,37.65,72.334,90.0,0.0,0.0,29.594000000000026,0.0,211.5351248753457
2006-10-22 09:00:00,0.0,0.0,52.72,44.33,38.41,85.107,90.0,0.0,9.646999999999998,30.0,0.0,228.1351248753457
2006-10-22 10:00:00,0.0,0.0,52.64,45.0,38.77,91.55,90.0,0.0,15.139999999999972,30.0,0.0,244.7351248753457
2006-10-22 11:00:00,0.0,0.0,51.69,44.19,38.99,92.617,90.0,0.0,17.74700000000002,30.0,0.0,261.3351248753457
2006-10-22 12:00:00,0.0,0.0,50.41,43.04,38.74,90.37700000000001,90.0,0.0,18.187000000000005,30.0,0.0,277.9351248753457
2006-10-22 13:00:00,0.0,0.0,49.3,41.48,38.27,85.694,90.0,0.0,16.644000000000005,30.0,0.0,294.53512487534573
2006-10-22 14:00:00,0.0,0.0,48.36,40.15,38.11,76.79800000000002,90.0,0.0,40.0,0.17799999999999372,0.0,289.6632848753457
2006-10-22 15:00:00,0.0,0.0,48.57,39.64,39.07,59.955,90.0,0.0,0.0,22.675,0.0,300.98928487534573
2006-10-22 16:00:00,0.0,0.0,49.71,41.43,41.14,45.788999999999994,90.0,0.0,0.0,3.5090000000000146,0.0,298.5157648753457
2006-10-22 17:00:00,0.0,0.0,49.85,43.94,42.51,41.949999999999996,90.0,4.349999999999994,0.0,0.0,0.0,293.5157648753457
2006-10-22 18:00:00,0.0,0.0,47.96,43.2,42.25,43.229,90.0,0.18099999999999739,0.0,0.0,0.0,288.5157648753457
2006-10-22 19:00:00,0.0,0.0,44.93,41.05,40.73,46.038,90.0,0.0,0.0,9.328000000000007,0.0,290.2319248753457
2006-10-22 20:00:00,0.0,0.0,41.71,40.68,38.15,49.2,90.0,0.0,0.0,18.659999999999997,0.0,298.66712487534573
2006-10-22 21:00:00,0.0,0.0,38.25,41.35,34.43,52.018,62.01200000000001,0.0,0.0,0.0,0.0,293.66712487534573
2006-10-22 22:00:00,0.0,0.0,35.03,38.88,30.45,52.306000000000004,90.0,0.0,7.945999999999984,30.0,0.0,310.26712487534576
2006-10-22 23:00:00,0.0,0.0,32.9,35.92,26.82,53.028999999999996,90.0,0.0,20.0,27.389000000000006,0.0,324.98720487534575
2006-10-23 00:00:00,0.0,0.0,42.76,38.82,27.7,55.57300000000001,90.0,0.0,6.293000000000006,30.0,0.0,341.5872048753458
2006-10-23 01:00:00,0.0,0.0,42.6,36.68,26.51,55.265,90.0,0.0,9.475000000000005,30.0,0.0,358.1872048753458
2006-10-23 02:00:00,0.0,0.0,43.37,35.47,25.57,57.24000000000001,77.16999999999999,0.0,0.0,30.0,0.0,374.7872048753458
2006-10-23 03:00:00,0.0,0.0,45.74,36.34,25.1,59.488,90.0,0.0,12.307999999999993,30.0,0.0,391.38720487534584
2006-10-23 04:00:00,0.0,0.0,50.78,39.33,25.32,60.05500000000001,90.0,0.0,4.625000000000021,30.0,0.0,407.98720487534587
2006-10-23 05:00:00,0.0,0.0,55.81,42.98,28.23,60.88199999999999,90.0,0.0,20.0,3.8619999999999877,0.0,405.7678448753459
2006-10-23 06:00:00,0.0,0.0,59.34,45.85,33.43,62.05400000000001,90.0,0.0,0.0,13.434000000000026,0.0,410.4403248753459
2006-10-23 07:00:00,0.0,0.0,61.07,47.72,37.93,66.17699999999999,90.0,0.0,0.0,9.457000000000004,0.0,412.24936487534586
2006-10-23 08:00:00,0.0,0.0,62.56,48.76,40.2,74.12199999999999,77.39800000000002,0.0,0.0,0.0,0.0,407.24936487534586
2006-10-23 09:00:00,0.0,0.0,63.91,49.37,40.97,83.691,90.0,0.0,0.0,19.440999999999992,0.0,416.24688487534587
2006-10-23 10:00:00,0.0,0.0,63.82,50.04,41.33,92.03299999999999,90.0,0.0,0.0,26.843,0.0,430.57384487534586
2006-10-23 11:00:00,0.0,0.0,62.87,49.23,41.54,95.267,90.0,0.0,1.6270000000000024,30.0,0.0,447.1738448753459
2006-10-23 12:00:00,0.0,0.0,61.59,48.08,41.29,94.137,90.0,0.0,3.1770000000000067,30.0,0.0,463.7738448753459
2006-10-23 13:00:00,0.0,0.0,60.48,46.52,40.82,92.003,55.817,0.0,0.0,0.0,0.0,458.7738448753459
2006-10-23 14:00:00,0.0,0.0,59.54,45.19,40.66,82.70100000000001,90.0,0.0,0.0,27.311000000000007,0.0,473.4377648753459
2006-10-23 15:00:00,0.0,0.0,59.75,44.68,41.63,65.886,90.0,0.0,0.0,9.825999999999997,0.0,475.51248487534593
2006-10-23 16:00:00,0.0,0.0,60.89,46.47,43.7,47.013000000000005,90.0,14.047000000000011,0.0,0.0,0.0,470.51248487534593
2006-10-23 17:00:00,0.0,0.0,61.03,48.98,45.06,39.458,90.0,25.611999999999995,0.0,0.0,0.0,465.51248487534593
2006-10-23 18:00:00,0.0,0.0,59.15,48.24,44.8,36.568,90.0,25.621999999999986,0.0,0.0,0.0,460.51248487534593
2006-10-23 19:00:00,0.0,0.0,56.11,46.09,43.28,35.214,90.0,20.266000000000005,0.0,0.0,0.0,455.51248487534593
2006-10-23 20:00:00,0.0,0.0,52.89,45.71,40.71,33.989999999999995,90.0,15.320000000000007,0.0,0.0,0.0,450.51248487534593
2006-10-23 21:00:00,0.0,0.0,49.44,46.39,36.98,34.83,90.0,7.980000000000004,0.0,0.0,0.0,445.51248487534593
2006-10-23 22:00:00,0.0,0.0,46.22,43.92,33.01,35.065,90.0,0.0,0.0,1.9149999999999956,0.0,441.89128487534595
2006-10-23 23:00:00,0.0,0.0,44.09,40.96,29.37,37.226,77.194,0.0,0.0,0.0,0.0,436.89128487534595
2006-10-24 00:00:00,0.0,0.0,44.81,43.94,28.62,38.718,90.0,0.0,0.0,11.348000000000003,0.0,440.06184487534597
2006-10-24 01:00:00,0.0,0.0,44.65,41.8,27.43,41.074999999999996,90.0,0.0,0.0,17.195000000000018,0.0,447.442244875346
2006-10-24 02:00:00,0.0,0.0,45.42,40.59,26.49,43.419999999999995,90.0,0.0,0.0,20.92000000000001,0.0,457.504644875346
2006-10-24 03:00:00,0.0,0.0,47.8,41.46,26.02,44.392,90.0,0.0,0.0,19.111999999999995,0.0,466.26528487534597
2006-10-24 04:00:00,0.0,0.0,52.84,44.45,26.24,46.54,90.0,0.0,0.0,13.009999999999998,0.0,470.632484875346
2006-10-24 05:00:00,0.0,0.0,57.86,48.1,29.15,46.614000000000004,90.0,0.0,0.0,1.5040000000000049,0.0,466.715364875346
2006-10-24 06:00:00,0.0,0.0,61.39,50.97,34.35,46.728,90.0,9.982000000000003,0.0,0.0,0.0,461.715364875346
2006-10-24 07:00:00,0.0,0.0,63.12,52.84,38.85,50.747,90.0,14.063000000000002,0.0,0.0,0.0,456.715364875346
2006-10-24 08:00:00,0.0,0.0,64.61,53.89,41.12,63.411,90.0,6.208999999999989,0.0,0.0,0.0,451.715364875346
2006-10-24 09:00:00,0.0,0.0,65.96,54.49,41.89,77.56800000000001,90.0,0.0,0.0,5.228000000000016,0.0,450.479524875346
2006-10-24 10:00:00,0.0,0.0,65.88,55.16,42.25,86.61599999999999,90.0,0.0,0.0,13.32599999999999,0.0,455.074244875346
2006-10-24 11:00:00,0.0,0.0,64.93,54.35,42.46,92.295,90.0,0.0,0.0,20.55500000000002,0.0,464.873844875346
2006-10-24 12:00:00,0.0,0.0,63.64,53.2,42.21,93.52999999999999,90.0,0.0,0.0,24.47999999999999,0.0,477.499444875346
2006-10-24 13:00:00,0.0,0.0,62.53,51.64,41.75,91.94300000000001,90.0,0.0,0.0,26.023,0.0,491.236004875346
2006-10-24 14:00:00,0.0,0.0,61.59,50.31,41.58,88.017,90.0,0.0,0.0,24.536999999999985,0.0,503.90264487534597
2006-10-24 15:00:00,0.0,0.0,61.81,49.8,42.55,80.00500000000001,90.0,0.0,0.0,15.844999999999999,0.0,510.31104487534594
2006-10-24 16:00:00,0.0,0.0,62.95,51.59,44.62,69.121,90.0,0.03900000000001569,0.0,0.0,0.0,505.31104487534594
2006-10-24 17:00:00,0.0,0.0,63.09,54.1,45.98,60.577,90.0,12.59299999999999,0.0,0.0,0.0,500.31104487534594
2006-10-24 18:00:00,0.0,0.0,61.2,53.36,45.73,61.755,90.0,8.535000000000013,0.0,0.0,0.0,495.31104487534594
2006-10-24 19:00:00,0.0,0.0,58.17,51.21,44.2,65.07000000000001,90.0,0.0,0.0,1.4899999999999771,0.0,491.3838448753459
2006-10-24 20:00:00,0.0,0.0,54.95,50.84,41.63,65.77,90.0,0.0,0.0,8.349999999999984,0.0,492.3958448753459
2006-10-24 21:00:00,0.0,0.0,51.49,51.51,37.9,63.181,90.0,0.0,0.0,12.281000000000002,0.0,496.23816487534594
2006-10-24 22:00:00,0.0,0.0,48.27,49.04,33.93,57.912000000000006,90.0,0.0,0.0,16.67200000000003,0.0,503.24200487534597
2006-10-24 23:00:00,0.0,0.0,46.14,46.08,30.29,53.477999999999994,70.0,0.0,0.0,0.9679999999999893,0.0,498.93896487534596
2006-10-25 00:00:00,0.0,0.0,46.19,42.58,29.46,48.021,90.0,0.0,0.0,19.791000000000015,0.0,508.188484875346
2006-10-25 01:00:00,0.0,0.0,46.02,40.44,28.27,42.93000000000001,90.0,0.0,0.0,18.2,0.0,516.292484875346
2006-10-25 02:00:00,0.0,0.0,46.8,39.24,27.33,39.453,90.0,0.0,0.0,16.08299999999999,0.0,522.8722448753459
2006-10-25 03:00:00,0.0,0.0,49.17,40.1,26.86,37.56,78.57,0.0,0.0,0.0,0.0,517.8722448753459
2006-10-25 04:00:00,0.0,0.0,54.21,43.09,27.08,35.52,90.0,0.0,0.0,1.139999999999997,0.0,513.6930448753459
2006-10-25 05:00:00,0.0,0.0,59.24,46.75,29.99,34.239,90.0,11.741000000000014,0.0,0.0,0.0,508.6930448753459
2006-10-25 06:00:00,0.0,0.0,62.76,49.61,35.19,34.964,90.0,22.59599999999999,0.0,0.0,0.0,503.6930448753459
2006-10-25 07:00:00,0.0,0.0,64.49,51.49,39.69,41.702,90.0,23.96799999999999,0.0,0.0,0.0,498.6930448753459
2006-10-25 08:00:00,0.0,0.0,65.99,52.53,41.96,52.260000000000005,90.0,18.22,0.0,0.0,0.0,493.6930448753459
2006-10-25 09:00:00,0.0,0.0,67.33,53.14,42.73,61.013999999999996,90.0,12.185999999999979,0.0,0.0,0.0,488.6930448753459
2006-10-25 10:00:00,0.0,0.0,67.25,53.8,43.09,68.609,90.0,5.530999999999992,0.0,0.0,0.0,483.6930448753459
2006-10-25 11:00:00,0.0,0.0,66.3,53.0,43.3,72.571,90.0,0.028999999999996362,0.0,0.0,0.0,478.6930448753459
2006-10-25 12:00:00,0.0,0.0,65.02,51.84,43.05,73.964,90.0,0.0,0.0,4.0539999999999985,0.0,476.6119248753459
2006-10-25 13:00:00,0.0,0.0,63.91,50.28,42.58,72.273,90.0,0.0,5.503,0.0,0.0,471.6119248753459
2006-10-25 14:00:00,0.0,0.0,62.97,48.95,42.42,69.155,85.18499999999999,0.0,0.0,0.0,0.0,466.6119248753459
2006-10-25 15:00:00,0.0,0.0,63.18,48.45,43.39,64.80600000000001,90.0,0.21399999999999864,0.0,0.0,0.0,461.6119248753459
2006-10-25 16:00:00,0.0,0.0,64.32,50.24,45.46,61.667,90.0,8.353000000000002,0.0,0.0,0.0,456.6119248753459
2006-10-25 17:00:00,0.0,0.0,64.46,52.75,46.82,60.19499999999999,90.0,13.83499999999998,0.0,0.0,0.0,451.6119248753459
2006-10-25 18:00:00,0.0,0.0,62.57,52.0,46.56,63.147,90.0,7.983000000000004,0.0,0.0,0.0,446.6119248753459
2006-10-25 19:00:00,0.0,0.0,59.54,49.85,45.04,66.998,90.0,0.0,0.0,2.5680000000000156,0.0,443.4608848753459
2006-10-25 20:00:00,0.0,0.0,56.32,49.48,42.46,69.85000000000001,90.0,0.0,0.0,11.59,0.0,446.80568487534595
2006-10-25 21:00:00,0.0,0.0,52.86,50.16,38.74,73.196,90.0,0.0,20.0,1.436000000000007,0.0,442.83960487534597
2006-10-25 22:00:00,0.0,0.0,49.64,47.69,34.77,73.867,90.0,0.0,1.766999999999996,30.0,0.0,459.439604875346
2006-10-25 23:00:00,0.0,0.0,47.51,44.73,31.13,75.51899999999999,90.0,0.0,12.149000000000001,30.0,0.0,476.039604875346
2006-10-26 00:00:00,0.0,0.0,44.52,40.21,28.62,77.18599999999999,70.0,0.0,3.83599999999997,30.0,0.0,492.63960487534604
2006-10-26 01:00:00,0.0,0.0,44.36,38.07,27.43,79.389,90.0,0.0,29.528999999999996,30.0,0.0,509.23960487534606
2006-10-26 02:00:00,0.0,0.0,45.13,36.86,26.48,80.291,90.0,0.0,40.0,21.82099999999997,0.0,519.950724875346
2006-10-26 03:00:00,0.0,0.0,47.51,37.73,26.01,79.295,40.0,0.0,8.045000000000002,0.0,0.0,514.950724875346
2006-10-26 04:00:00,0.0,0.0,52.55,40.72,26.24,79.417,70.0,0.0,0.0,29.907000000000025,0.0,531.4837648753461
2006-10-26 05:00:00,0.0,0.0,57.57,44.37,29.15,78.591,90.0,0.0,7.500999999999969,30.0,0.0,548.0837648753461
2006-10-26 06:00:00,0.0,0.0,61.1,47.24,34.35,77.807,90.0,0.0,0.0,25.11699999999999,0.0,561.1680048753461
2006-10-26 07:00:00,0.0,0.0,62.83,49.11,38.85,80.58,90.0,0.0,19.790000000000013,0.0,0.0,556.1680048753461
2006-10-26 08:00:00,0.0,0.0,64.32,50.16,41.12,89.135,90.0,0.0,0.0,23.535000000000007,0.0,568.1132048753461
2006-10-26 09:00:00,0.0,0.0,65.67,50.76,41.88,99.303,70.0,0.0,0.0,10.993000000000016,0.0,571.0281648753462
2006-10-26 10:00:00,0.0,0.0,65.59,51.43,42.25,109.99999999999999,90.0,0.0,10.72999999999999,30.0,0.0,587.6281648753462
2006-10-26 11:00:00,0.0,0.0,64.64,50.62,42.46,114.157,90.0,0.0,16.436999999999983,30.0,0.0,604.2281648753462
2006-10-26 12:00:00,0.0,0.0,63.35,49.47,42.21,113.32699999999998,90.0,0.0,18.296999999999983,30.0,0.0,620.8281648753463
2006-10-26 13:00:00,0.0,0.0,62.24,47.91,41.74,105.76499999999999,90.0,0.0,13.875,30.0,0.0,637.4281648753463
2006-10-26 14:00:00,0.0,0.0,61.3,46.58,41.58,87.85900000000001,90.0,0.0,0.0,28.398999999999983,0.0,652.8754448753463
2006-10-26 15:00:00,0.0,0.0,61.52,46.07,42.55,74.22800000000001,90.0,0.0,14.087999999999987,0.0,0.0,647.8754448753463
2006-10-26 16:00:00,0.0,0.0,62.66,47.86,44.62,61.729000000000006,90.0,3.4110000000000014,0.0,0.0,0.0,642.8754448753463
2006-10-26 17:00:00,0.0,0.0,62.8,50.37,45.98,61.776,90.0,7.373999999999988,0.0,0.0,0.0,637.8754448753463
2006-10-26 18:00:00,0.0,0.0,60.91,49.63,45.72,63.724,90.0,2.5359999999999765,0.0,0.0,0.0,632.8754448753463
2006-10-26 19:00:00,0.0,0.0,57.88,47.48,44.2,65.83200000000001,90.0,0.0,2.18254847645434,4.089451523545655,0.0,630.8198499722992
2006-10-26 20:00:00,0.0,0.0,54.66,47.11,41.62,67.97200000000001,90.0,0.0,0.0,14.582,0.0,636.3188899722992
2006-10-26 21:00:00,0.0,0.0,51.2,47.78,37.9,67.846,90.0,0.0,0.0,20.966,0.0,646.4144099722992
2006-10-26 22:00:00,0.0,0.0,47.98,45.31,33.93,63.823,63.397,0.0,0.0,0.0,0.0,641.4144099722992
2006-10-26 23:00:00,0.0,0.0,45.85,42.35,30.29,56.486,90.0,0.0,0.0,27.996000000000024,0.0,656.5715299722991
2006-10-27 00:00:00,0.0,0.0,43.4,39.48,29.47,50.324,90.0,0.0,0.0,27.973999999999997,0.0,671.7128099722992
2006-10-27 01:00:00,0.0,0.0,43.24,37.34,28.28,45.894999999999996,62.965,0.0,0.0,0.0,0.0,666.7128099722992
2006-10-27 02:00:00,0.0,0.0,44.02,36.13,27.33,41.979,90.0,0.0,0.0,24.499000000000002,0.0,679.3520899722992
2006-10-27 03:00:00,0.0,0.0,46.39,37.0,26.86,38.972,71.27799999999999,0.0,0.0,0.0,0.0,674.3520899722992
2006-10-27 04:00:00,0.0,0.0,51.43,39.99,27.09,37.212,81.29800000000002,0.0,0.0,0.0,0.0,669.3520899722992
2006-10-27 05:00:00,0.0,0.0,56.46,43.64,30.0,36.503,90.0,3.5970000000000013,0.0,0.0,0.0,664.3520899722992
2006-10-27 06:00:00,0.0,0.0,59.98,46.51,35.2,36.951,90.0,14.739,0.0,0.0,0.0,659.3520899722992
2006-10-27 07:00:00,0.0,0.0,61.71,48.38,39.7,41.574,90.0,18.21600000000002,0.0,0.0,0.0,654.3520899722992
2006-10-27 08:00:00,0.0,0.0,63.2,49.42,41.97,51.945,90.0,12.64500000000001,0.0,0.0,0.0,649.3520899722992
2006-10-27 09:00:00,0.0,0.0,64.55,50.03,42.73,61.892,90.0,5.418000000000006,0.0,0.0,0.0,644.3520899722992
2006-10-27 10:00:00,0.0,0.0,64.47,50.7,43.1,71.998,86.272,0.0,0.0,0.0,0.0,639.3520899722992
2006-10-27 11:00:00,0.0,0.0,63.52,49.89,43.31,83.06700000000001,90.0,0.0,0.0,16.346999999999984,0.0,646.1219299722991
2006-10-27 12:00:00,0.0,0.0,62.24,48.74,43.06,89.798,90.0,0.0,0.0,25.757999999999996,0.0,659.6676899722991
2006-10-27 13:00:00,0.0,0.0,61.13,47.18,42.59,91.17200000000003,90.0,0.0,0.27199999999998425,30.0,0.0,676.2676899722991
2006-10-27 14:00:00,0.0,0.0,60.19,45.85,42.43,84.54900000000002,90.0,0.0,0.0,26.078999999999994,0.0,690.0445699722991
2006-10-27 15:00:00,0.0,0.0,60.4,45.34,43.4,69.177,90.0,0.0,0.0,10.036999999999978,0.0,692.2712099722991
2006-10-27 16:00:00,0.0,0.0,61.54,47.13,45.47,48.465,90.0,15.674999999999994,0.0,0.0,0.0,687.2712099722991
2006-10-27 17:00:00,0.0,0.0,61.68,49.64,46.83,38.05200000000001,90.0,30.097999999999992,0.0,0.0,0.0,682.2712099722991
2006-10-27 18:00:00,0.0,0.0,59.79,48.9,46.57,35.201,90.0,30.058999999999983,0.0,0.0,0.0,677.2712099722991
2006-10-27 19:00:00,0.0,0.0,56.76,46.75,45.05,33.863,90.0,24.697000000000017,0.0,0.0,0.0,672.2712099722991
2006-10-27 20:00:00,0.0,0.0,53.54,46.37,42.47,34.167,90.0,18.212999999999987,0.0,0.0,0.0,667.2712099722991
2006-10-27 21:00:00,0.0,0.0,50.08,47.05,38.75,34.412,90.0,11.467999999999996,0.0,0.0,0.0,662.2712099722991
2006-10-27 22:00:00,0.0,0.0,46.86,44.58,34.78,34.016,90.0,2.2039999999999935,0.0,0.0,0.0,657.2712099722991
2006-10-27 23:00:00,0.0,0.0,44.73,41.62,31.14,33.769,90.0,0.0,0.0,6.279000000000011,0.0,656.7920899722991
2006-10-28 00:00:00,0.0,0.0,35.93,34.64,24.7,34.406000000000006,90.0,0.0,0.0,29.13599999999999,0.0,672.7700099722991
2006-10-28 01:00:00,0.0,0.0,35.77,32.5,23.51,33.012,90.0,0.0,1.2319999999999993,30.0,0.0,689.3700099722992
2006-10-28 02:00:00,0.0,0.0,36.54,31.3,22.56,30.543,90.0,0.0,30.143000000000008,0.0,0.0,684.3700099722992
2006-10-28 03:00:00,0.0,0.0,38.92,32.16,22.09,30.385,90.0,0.0,0.0,27.214999999999996,0.0,698.9648099722991
2006-10-28 04:00:00,0.0,0.0,43.96,35.15,22.32,30.503,90.0,0.0,0.0,19.073,0.0,707.6973699722992
2006-10-28 05:00:00,0.0,0.0,48.98,38.8,25.23,32.281000000000006,90.0,0.0,0.0,9.271,0.0,709.3724899722991
2006-10-28 06:00:00,0.0,0.0,52.51,41.67,30.43,35.685,90.0,0.0,1.0749999999999744,0.0,0.0,704.3724899722991
2006-10-28 07:00:00,0.0,0.0,54.24,43.55,34.93,41.657,90.0,1.0630000000000024,0.0,0.0,0.0,699.3724899722991
2006-10-28 08:00:00,0.0,0.0,55.73,44.59,37.2,52.112,90.0,0.0,0.0,4.591999999999995,0.0,697.6787299722992
2006-10-28 09:00:00,0.0,0.0,57.08,45.19,37.96,61.855,78.375,0.0,0.0,0.0,0.0,692.6787299722992
2006-10-28 10:00:00,0.0,0.0,57.0,45.86,38.33,69.293,90.0,0.0,0.0,18.10300000000001,0.0,700.7128899722992
2006-10-28 11:00:00,0.0,0.0,56.05,45.05,38.54,74.888,90.0,0.0,0.0,25.248000000000022,0.0,713.8914499722993
2006-10-28 12:00:00,0.0,0.0,54.76,43.9,38.29,76.894,90.0,0.0,0.0,29.944000000000017,0.0,730.4511299722992
2006-10-28 13:00:00,0.0,0.0,53.65,42.34,37.82,76.54700000000001,90.0,0.0,2.737000000000023,30.0,0.0,747.0511299722992
2006-10-28 14:00:00,0.0,0.0,52.71,41.01,37.66,71.31299999999999,70.0,0.0,0.0,9.933000000000021,0.0,749.2028899722992
2006-10-28 15:00:00,0.0,0.0,52.93,40.51,38.63,62.59100000000001,69.47899999999998,0.0,0.0,0.0,0.0,744.2028899722992
2006-10-28 16:00:00,0.0,0.0,54.07,42.3,40.7,56.479000000000006,90.0,0.0,0.0,9.408999999999988,0.0,745.9773699722992
2006-10-28 17:00:00,0.0,0.0,54.21,44.8,42.06,55.551,85.51899999999999,0.0,0.0,0.0,0.0,740.9773699722992
2006-10-28 18:00:00,0.0,0.0,52.32,44.06,41.8,59.17400000000001,90.0,0.0,0.0,10.994000000000007,0.0,743.8930499722992
2006-10-28 19:00:00,0.0,0.0,49.29,41.91,40.28,62.248,90.0,0.0,0.0,20.767999999999994,0.0,753.8460099722992
2006-10-28 20:00:00,0.0,0.0,46.07,41.54,37.7,65.588,90.0,0.0,0.2779999999999916,30.0,0.0,770.4460099722992
2006-10-28 21:00:00,0.0,0.0,42.61,42.21,33.98,68.386,90.0,0.0,9.585999999999984,30.0,0.0,787.0460099722992
2006-10-28 22:00:00,0.0,0.0,39.39,39.75,30.01,69.722,40.0,0.0,0.0,0.5719999999999956,0.0,782.4578499722992
2006-10-28 23:00:00,0.0,0.0,37.26,36.79,26.37,71.458,90.0,0.0,31.03800000000001,30.0,0.0,799.0578499722992
2006-10-29 00:00:00,0.0,0.0,32.04,33.8,25.38,72.334,90.0,0.0,41.114000000000004,30.0,0.0,815.6578499722992
2006-10-29 01:00:00,0.0,0.0,31.87,31.66,24.18,71.192,90.0,0.0,43.482,30.0,0.0,832.2578499722993
2006-10-29 02:00:00,0.0,0.0,32.65,30.45,23.24,70.26599999999999,90.0,0.0,43.926,30.0,0.0,848.8578499722993
2006-10-29 03:00:00,0.0,0.0,35.02,31.31,22.77,68.808,90.0,0.0,39.708,30.0,0.0,865.4578499722993
2006-10-29 04:00:00,0.0,0.0,40.06,34.3,23.0,67.40500000000002,90.0,0.0,30.044999999999995,30.0,0.0,882.0578499722993
2006-10-29 05:00:00,0.0,0.0,45.09,37.96,25.91,64.607,90.0,0.0,15.646999999999991,30.0,0.0,898.6578499722993
2006-10-29 06:00:00,0.0,0.0,48.61,40.83,31.11,59.371,90.0,0.0,0.0,28.820999999999977,0.0,914.4089699722994
2006-10-29 07:00:00,0.0,0.0,50.34,42.7,35.6,58.699000000000005,90.0,0.0,17.94701385041552,2.1119861495844994,0.0,910.9296000000002
2006-10-29 08:00:00,0.0,0.0,51.84,43.74,37.88,65.863,90.0,0.0,0.0,22.402999999999977,0.0,922.0597600000001
2006-10-29 09:00:00,0.0,0.0,53.18,44.35,38.64,75.707,90.0,0.0,0.0,29.53699999999999,0.0,938.3264
2006-10-29 10:00:00,0.0,0.0,53.1,45.02,39.0,82.725,70.0,0.0,0.0,15.604999999999983,0.0,944.562
2006-10-29 11:00:00,0.0,0.0,52.15,44.21,39.22,84.92500000000001,70.0,0.0,0.0,19.34499999999999,0.0,953.4904
2006-10-29 12:00:00,0.0,0.0,50.87,43.06,38.96,79.808,90.0,0.0,6.918000000000006,30.0,0.0,970.0904
2006-10-29 13:00:00,0.0,0.0,49.76,41.49,38.5,72.388,87.36199999999998,0.0,0.0,30.0,0.0,986.6904000000001
2006-10-29 14:00:00,0.0,0.0,48.82,40.17,38.34,62.75999999999999,90.0,0.0,0.0,25.42999999999998,0.0,1000.0
2006-10-29 15:00:00,0.0,0.0,49.03,39.66,39.3,50.033,84.90144444444444,0.0,0.0,6.944444444444445,0.0,1000.0
2006-10-29 16:00:00,0.0,0.0,50.17,41.45,41.37,32.766,90.0,10.224000000000007,0.0,0.0,0.0,995.0
2006-10-29 17:00:00,0.0,0.0,50.31,43.96,42.74,23.453,90.0,23.557000000000002,0.0,0.0,0.0,990.0
2006-10-29 18:00:00,0.0,0.0,48.42,43.22,42.48,17.809,90.0,26.311000000000007,0.0,0.0,0.0,985.0
2006-10-29 19:00:00,0.0,0.0,45.39,41.06,40.96,13.845,90.0,23.56500000000001,0.0,0.0,0.0,980.0
2006-10-29 20:00:00,0.0,0.0,42.17,40.69,38.38,12.465,90.0,18.775,0.0,0.0,0.0,975.0
2006-10-29 21:00:00,0.0,0.0,38.71,41.37,34.65,14.268,90.0,10.462000000000018,0.0,0.0,0.0,970.0
2006-10-29 22:00:00,0.0,0.0,35.49,38.9,30.68,16.058,90.0,0.0,0.987999999999996,0.0,0.0,965.0
2006-10-29 23:00:00,0.0,0.0,33.36,35.94,27.04,18.895000000000003,90.0,0.0,0.0,12.555000000000007,0.0,969.0396
2006-10-30 00:00:00,0.0,0.0,44.94,44.72,26.08,22.361,90.0,3.379000000000005,0.0,0.0,0.0,964.0396
2006-10-30 01:00:00,0.0,0.0,44.78,42.58,24.89,26.064999999999998,90.0,0.0,3.8149999999999977,0.0,0.0,959.0396
2006-10-30 02:00:00,0.0,0.0,45.55,41.37,23.94,28.15,90.0,0.0,7.289999999999992,0.0,0.0,954.0396
2006-10-30 03:00:00,0.0,0.0,47.92,42.23,23.48,30.515,90.0,0.0,6.884999999999977,0.0,0.0,949.0396
2006-10-30 04:00:00,0.0,0.0,52.96,45.22,23.7,31.994,90.0,0.0,0.0,0.11400000000001143,0.0,944.12168
2006-10-30 05:00:00,0.0,0.0,57.99,48.88,26.61,32.855,90.0,10.625,0.0,0.0,0.0,939.12168
2006-10-30 06:00:00,0.0,0.0,61.51,51.75,31.81,33.22,90.0,21.850000000000005,0.0,0.0,0.0,934.12168
2006-10-30 07:00:00,0.0,0.0,63.24,53.62,36.31,35.58,90.0,27.59000000000001,0.0,0.0,0.0,929.12168
2006-10-30 08:00:00,0.0,0.0,64.74,54.66,38.58,44.182,90.0,23.797999999999995,0.0,0.0,0.0,924.12168
2006-10-30 09:00:00,0.0,0.0,66.08,55.27,39.34,54.577999999999996,90.0,16.112000000000016,0.0,0.0,0.0,919.12168
2006-10-30 10:00:00,0.0,0.0,66.0,55.94,39.71,64.01499999999999,90.0,7.635000000000012,0.0,0.0,0.0,914.12168
2006-10-30 11:00:00,0.0,0.0,65.05,55.13,39.92,70.717,90.0,0.0,0.0,0.6169999999999973,0.0,909.56592
2006-10-30 12:00:00,0.0,0.0,63.77,53.98,39.67,72.452,90.0,0.0,0.0,5.032000000000032,0.0,908.1889600000001
2006-10-30 13:00:00,0.0,0.0,62.66,52.41,39.2,70.20800000000001,90.0,0.0,5.938000000000006,0.0,0.0,903.1889600000001
2006-10-30 14:00:00,0.0,0.0,61.72,51.09,39.04,64.381,90.0,0.0,0.0,2.5309999999999917,0.0,900.01128
2006-10-30 15:00:00,0.0,0.0,61.93,50.58,40.01,54.42700000000001,90.0,8.093000000000004,0.0,0.0,0.0,895.01128
2006-10-30 16:00:00,0.0,0.0,63.07,52.37,42.08,46.464000000000006,90.0,21.055999999999997,0.0,0.0,0.0,890.01128
2006-10-30 17:00:00,0.0,0.0,63.21,54.88,43.44,46.552,90.0,24.97799999999999,0.0,0.0,0.0,885.01128
2006-10-30 18:00:00,0.0,0.0,61.32,54.14,43.18,51.061,90.0,17.579,0.0,0.0,0.0,880.01128
2006-10-30 19:00:00,0.0,0.0,58.29,51.98,41.66,54.623000000000005,90.0,7.306999999999988,0.0,0.0,0.0,875.01128
2006-10-30 20:00:00,0.0,0.0,55.07,51.61,39.08,57.202,90.0,0.0,1.4420000000000073,0.0,0.0,870.01128
2006-10-30 21:00:00,0.0,0.0,51.61,52.29,35.36,59.485,90.0,0.0,0.0,10.224999999999994,0.0,872.37328
2006-10-30 22:00:00,0.0,0.0,48.39,49.82,31.39,61.501,90.0,0.0,0.0,21.900999999999982,0.0,883.142
2006-10-30 23:00:00,0.0,0.0,46.27,46.86,27.75,62.900999999999996,90.0,0.0,32.021,0.0,0.0,878.142
2006-10-31 00:00:00,0.0,0.0,46.19,46.52,29.1,64.274,90.0,0.0,20.0,12.464000000000013,0.0,882.11608
2006-10-31 01:00:00,0.0,0.0,46.03,44.38,27.91,65.74000000000001,90.0,0.0,7.4199999999999875,30.0,0.0,898.71608
2006-10-31 02:00:00,0.0,0.0,46.8,43.17,26.97,67.821,90.0,0.0,40.881,0.0,0.0,893.71608
2006-10-31 03:00:00,0.0,0.0,49.17,44.04,26.5,66.161,90.0,0.0,8.526520775623387,27.924479224376597,0.0,908.8217050415512
2006-10-31 04:00:00,0.0,0.0,54.21,47.03,26.72,67.494,90.0,0.0,0.0,29.534000000000027,0.0,925.0861850415513
2006-10-31 05:00:00,0.0,0.0,59.24,50.68,29.63,68.943,90.0,0.0,19.392999999999997,0.0,0.0,920.0861850415513
2006-10-31 06:00:00,0.0,0.0,62.77,53.55,34.83,71.38499999999999,90.0,0.0,10.235,0.0,0.0,915.0861850415513
2006-10-31 07:00:00,0.0,0.0,64.5,55.42,39.33,75.094,90.0,0.0,0.0,5.844000000000001,0.0,914.2938650415513
2006-10-31 08:00:00,0.0,0.0,65.99,56.46,41.6,82.92899999999999,90.0,0.0,8.878999999999994,0.0,0.0,909.2938650415513
2006-10-31 09:00:00,0.0,0.0,67.33,57.07,42.37,90.214,90.0,0.0,13.443999999999988,0.0,0.0,904.2938650415513
2006-10-31 10:00:00,0.0,0.0,67.25,57.74,42.73,97.781,90.0,0.0,20.0,0.06099999999999994,0.0,899.3377850415512
2006-10-31 11:00:00,0.0,0.0,66.3,56.93,42.94,101.57900000000001,90.0,0.0,25.409000000000013,0.0,0.0,894.3377850415512
2006-10-31 12:00:00,0.0,0.0,65.02,55.78,42.69,102.19699999999997,90.0,0.0,28.707,0.0,0.0,889.3377850415512
2006-10-31 13:00:00,0.0,0.0,63.91,54.22,42.23,100.38199999999999,90.0,0.0,30.022000000000016,0.0,0.0,884.3377850415512
2006-10-31 14:00:00,0.0,0.0,62.97,52.89,42.06,96.287,90.0,0.0,0.0,28.36700000000002,0.0,899.7620250415513
2006-10-31 15:00:00,0.0,0.0,63.18,52.38,43.03,89.54599999999999,90.0,0.0,0.0,20.95600000000001,0.0,909.8503450415512
2006-10-31 16:00:00,0.0,0.0,64.32,54.17,45.1,82.03,90.0,0.0,0.0,8.439999999999998,0.0,910.9271450415513
2006-10-31 17:00:00,0.0,0.0,64.46,56.68,46.46,77.44199999999998,90.0,0.15800000000001546,0.0,0.0,0.0,905.9271450415513
2006-10-31 18:00:00,0.0,0.0,62.57,55.94,46.2,76.97,90.0,0.0,2.260000000000005,0.0,0.0,900.9271450415513
2006-10-31 19:00:00,0.0,0.0,59.54,53.79,44.68,75.655,90.0,0.0,7.64500000000001,0.0,0.0,895.9271450415513
2006-10-31 20:00:00,0.0,0.0,56.32,53.41,42.11,73.31800000000001,90.0,0.0,0.0,11.478000000000023,0.0,899.1913050415513
2006-10-31 21:00:00,0.0,0.0,52.87,54.09,38.38,71.37,90.0,0.0,0.0,16.03,0.0,905.7329050415514
2006-10-31 22:00:00,0.0,0.0,49.64,51.62,34.41,70.027,90.0,0.0,0.0,24.35700000000002,0.0,918.2699450415514
2006-10-31 23:00:00,0.0,0.0,47.52,48.66,30.77,67.717,90.0,0.0,0.7669999999999959,30.0,0.0,934.8699450415514
2006-11-01 00:00:00,0.0,0.0,48.51,54.2,32.99,66.47399999999999,90.0,0.0,0.0,20.774,0.0,944.8272250415514
2006-11-01 01:00:00,0.0,0.0,48.35,52.06,31.79,64.223,90.0,0.0,22.02299999999999,0.0,0.0,939.8272250415514
2006-11-01 02:00:00,0.0,0.0,49.12,50.85,30.85,62.017,90.0,0.0,6.06238504155125,15.134614958448765,0.0,945.7241478116346
2006-11-01 03:00:00,0.0,0.0,51.5,51.72,30.38,59.914,90.0,0.0,0.0,16.314000000000007,0.0,952.4702278116346
2006-11-01 04:00:00,0.0,0.0,56.54,54.71,30.61,57.601,90.0,0.0,5.74100000000001,0.0,0.0,947.4702278116346
2006-11-01 05:00:00,0.0,0.0,61.56,58.36,33.52,56.7,90.0,1.7400000000000073,0.0,0.0,0.0,942.4702278116346
2006-11-01 06:00:00,0.0,0.0,65.09,61.23,38.72,59.404,98.78929500000007,1.8467049999999183,0.0,0.0,0.0,937.4702278116346
2006-11-01 07:00:00,0.0,0.0,66.82,63.1,43.21,61.89999999999999,90.0,16.230000000000004,0.0,0.0,0.0,932.4702278116346
2006-11-01 08:00:00,0.0,0.0,68.31,64.15,45.49,70.748,90.0,12.202000000000021,0.0,0.0,0.0,927.4702278116346
2006-11-01 09:00:00,0.0,0.0,69.66,64.75,46.25,79.447,90.0,6.212999999999998,0.0,0.0,0.0,922.4702278116346
2006-11-01 10:00:00,0.0,0.0,69.58,65.42,46.61,87.14,90.0,0.0,0.5300000000000011,0.0,0.0,917.4702278116346
2006-11-01 11:00:00,0.0,0.0,68.63,64.61,46.83,93.89,90.0,0.0,8.820000000000007,0.0,0.0,912.4702278116346
2006-11-01 12:00:00,0.0,0.0,67.34,63.46,46.57,94.503,90.0,0.0,12.132999999999985,0.0,0.0,907.4702278116346
2006-11-01 13:00:00,0.0,0.0,66.23,61.9,46.11,91.73499999999999,90.0,0.0,12.494999999999976,0.0,0.0,902.4702278116346
2006-11-01 14:00:00,0.0,0.0,65.29,60.57,45.95,85.194,90.0,0.0,8.383999999999972,0.0,0.0,897.4702278116346
2006-11-01 15:00:00,0.0,0.0,65.5,60.06,46.91,75.636,91.83400000000003,0.0,0.0,0.0,0.0,892.4702278116346
2006-11-01 16:00:00,0.0,0.0,66.65,61.85,48.98,62.13,110.0,0.3500000000000165,0.0,0.0,0.0,887.4702278116346
2006-11-01 17:00:00,0.0,0.0,66.78,64.36,50.35,54.985,121.505,0.0,0.0,0.0,0.0,882.4702278116346
2006-11-01 18:00:00,0.0,0.0,64.9,63.62,50.09,54.425,119.185,0.0,0.0,0.0,0.0,877.4702278116346
2006-11-01 19:00:00,0.0,0.0,61.86,61.47,48.57,53.859,110.0,3.041000000000011,0.0,0.0,0.0,872.4702278116346
2006-11-01 20:00:00,0.0,0.0,58.64,61.1,45.99,50.739,109.99100000000003,0.0,0.0,0.0,0.0,867.4702278116346
2006-11-01 21:00:00,0.0,0.0,55.19,61.77,42.26,45.297999999999995,108.92200000000001,0.0,0.0,0.0,0.0,862.4702278116346
2006-11-01 22:00:00,0.0,0.0,51.97,59.3,38.29,41.50900000000001,103.05099999999999,0.0,0.0,0.0,0.0,857.4702278116346
2006-11-01 23:00:00,0.0,0.0,49.84,56.34,34.65,38.089,97.74100000000003,0.0,0.0,0.0,0.0,852.4702278116346
2006-11-02 00:00:00,0.0,0.0,49.49,61.49,33.31,35.809999999999995,103.48000000000002,0.0,0.0,0.0,0.0,847.4702278116346
2006-11-02 01:00:00,0.0,0.0,49.32,59.36,32.11,34.202,101.588,0.0,0.0,0.0,0.0,842.4702278116346
2006-11-02 02:00:00,0.0,0.0,50.08,58.13,31.15,32.458,101.90200000000002,0.0,0.0,0.0,0.0,837.4702278116346
2006-11-02 03:00:00,0.0,0.0,52.43,58.97,30.67,32.174,104.89599999999999,0.0,0.0,0.0,0.0,832.4702278116346
2006-11-02 04:00:00,0.0,0.0,57.42,61.94,30.88,32.213,113.02700000000002,0.0,0.0,0.0,0.0,827.4702278116346
2006-11-02 05:00:00,0.0,0.0,62.45,65.6,33.76,31.658,125.15200000000002,0.0,0.0,0.0,0.0,822.4702278116346
2006-11-02 06:00:00,0.0,0.0,66.0,68.5,38.95,30.986000000000004,137.464,0.0,0.0,0.0,0.0,817.4702278116346
2006-11-02 07:00:00,0.0,0.0,67.74,70.37,43.46,31.505999999999997,130.0,15.064000000000007,0.0,0.0,0.0,812.4702278116346
2006-11-02 08:00:00,0.0,0.0,69.23,71.42,45.74,39.256,142.13400000000001,0.0,0.0,0.0,0.0,807.4702278116346
2006-11-02 09:00:00,0.0,0.0,70.58,72.02,46.53,49.37499999999999,134.755,0.0,0.0,0.0,0.0,802.4702278116346
2006-11-02 10:00:00,0.0,0.0,70.52,72.68,46.9,55.043,130.05700000000002,0.0,0.0,0.0,0.0,797.4702278116346
2006-11-02 11:00:00,0.0,0.0,69.57,71.88,47.12,57.340999999999994,126.22899999999998,0.0,0.0,0.0,0.0,792.4702278116346
2006-11-02 12:00:00,0.0,0.0,68.29,70.72,46.87,57.523,123.35700000000001,0.0,0.0,0.0,0.0,787.4702278116346
2006-11-02 13:00:00,0.0,0.0,67.18,69.15,46.41,54.391,123.34900000000002,0.0,0.0,0.0,0.0,782.4702278116346
2006-11-02 14:00:00,0.0,0.0,66.25,67.81,46.25,46.63399999999999,128.67600000000002,0.0,0.0,0.0,0.0,777.4702278116346
2006-11-02 15:00:00,0.0,0.0,66.46,67.3,47.2,32.428,115.0,28.532000000000004,0.0,0.0,0.0,772.4702278116346
2006-11-02 16:00:00,0.0,0.0,67.62,69.1,49.28,21.627999999999997,155.0,0.0,0.0,0.0,4.3719999999999875,759.5211369025437
2006-11-02 17:00:00,0.0,0.0,67.77,71.64,50.66,20.352,135.0,14.717999999999996,0.0,0.0,15.0,727.2484096298165
2006-11-02 18:00:00,0.0,0.0,65.89,70.92,50.4,23.005,155.0,4.205000000000007,0.0,0.0,0.0,722.2484096298165
2006-11-02 19:00:00,0.0,0.0,62.85,68.75,48.87,24.281000000000002,130.0,6.189,0.0,0.0,15.0,689.9756823570892
2006-11-02 20:00:00,0.0,0.0,59.64,68.33,46.3,23.708,130.0,15.561999999999998,0.0,0.0,0.0,684.9756823570892
2006-11-02 21:00:00,0.0,0.0,56.21,69.0,42.57,22.868000000000002,115.0,24.912000000000006,0.0,0.0,0.0,679.9756823570892
2006-11-02 22:00:00,0.0,0.0,52.98,66.59,38.6,20.782,132.388,0.0,0.0,0.0,0.0,674.9756823570892
2006-11-02 23:00:00,0.0,0.0,50.83,63.64,34.97,19.614,124.82600000000001,0.0,0.0,0.0,0.0,669.9756823570892
2006-11-03 00:00:00,0.0,0.0,47.87,61.84,32.32,18.643,118.38700000000003,0.0,0.0,0.0,0.0,664.9756823570892
2006-11-03 01:00:00,0.0,0.0,47.68,59.72,31.11,17.965,115.54500000000002,0.0,0.0,0.0,0.0,659.9756823570892
2006-11-03 02:00:00,0.0,0.0,48.43,58.47,30.14,17.867,114.173,0.0,0.0,0.0,0.0,654.9756823570892
2006-11-03 03:00:00,0.0,0.0,50.76,59.27,29.65,17.649,117.03099999999999,0.0,0.0,0.0,0.0,649.9756823570892
2006-11-03 04:00:00,0.0,0.0,55.7,62.23,29.84,17.54,125.23000000000002,0.0,0.0,0.0,0.0,644.9756823570892
2006-11-03 05:00:00,0.0,0.0,60.72,65.9,32.68,16.480999999999998,137.819,0.0,0.0,0.0,0.0,639.9756823570892
2006-11-03 06:00:00,0.0,0.0,64.3,68.82,37.86,15.427000000000001,136.1,14.453000000000001,0.0,0.0,0.0,634.9756823570892
2006-11-03 07:00:00,0.0,0.0,66.06,70.69,42.38,16.319000000000003,135.0,22.810999999999993,0.0,0.0,0.0,629.9756823570892
2006-11-03 08:00:00,0.0,0.0,67.55,71.74,44.69,24.461999999999996,135.0,4.517999999999994,0.0,0.0,15.0,597.702955084362
2006-11-03 09:00:00,0.0,0.0,68.9,72.33,45.49,33.456999999999994,148.263,0.0,0.0,0.0,0.0,592.702955084362
2006-11-03 10:00:00,0.0,0.0,68.85,72.99,45.87,41.464,141.24599999999998,0.0,0.0,0.0,0.0,587.702955084362
2006-11-03 11:00:00,0.0,0.0,67.92,72.2,46.09,44.947,135.0,1.2630000000000052,0.0,0.0,0.0,582.702955084362
2006-11-03 12:00:00,0.0,0.0,66.64,71.03,45.85,45.01800000000001,130.0,3.5019999999999953,0.0,0.0,0.0,577.702955084362
2006-11-03 13:00:00,0.0,0.0,65.52,69.46,45.39,42.087,133.283,0.0,0.0,0.0,0.0,572.702955084362
2006-11-03 14:00:00,0.0,0.0,64.59,68.11,45.23,36.302,130.0,6.627999999999986,0.0,0.0,0.0,567.702955084362
2006-11-03 15:00:00,0.0,0.0,64.81,67.6,46.17,24.919999999999998,90.0,58.66,0.0,0.0,0.0,562.702955084362
2006-11-03 16:00:00,0.0,0.0,66.0,69.41,48.26,15.568999999999999,155.0,0.0,0.0,0.0,8.10099999999998,542.973864175271
2006-11-03 17:00:00,0.0,0.0,66.16,71.97,49.66,13.125,135.0,34.66499999999998,0.0,0.0,0.0,537.973864175271
2006-11-03 18:00:00,0.0,0.0,64.28,71.28,49.4,14.347999999999999,155.0,10.611999999999995,0.0,0.0,0.0,532.973864175271
2006-11-03 19:00:00,0.0,0.0,61.23,69.09,47.87,16.185,155.0,0.0,0.0,0.0,2.0049999999999804,524.3284096298165
2006-11-03 20:00:00,0.0,0.0,58.02,68.63,45.28,18.082,137.60908028808828,0.0,0.0,0.0,11.238919711911743,498.89401015361335
2006-11-03 21:00:00,0.0,0.0,54.62,69.29,41.56,20.155,110.0,15.315000000000003,0.0,0.0,15.0,466.6212828808861
2006-11-03 22:00:00,0.0,0.0,51.38,66.94,37.6,22.038,128.882,0.0,0.0,0.0,0.0,461.6212828808861
2006-11-03 23:00:00,0.0,0.0,49.22,63.99,33.96,23.221999999999998,118.94800000000002,0.0,0.0,0.0,0.0,456.6212828808861
2006-11-04 00:00:00,0.0,0.0,38.69,55.72,28.75,24.602999999999998,93.557,0.0,0.0,0.0,0.0,451.6212828808861
2006-11-04 01:00:00,0.0,0.0,38.49,53.61,27.53,28.113,90.0,0.0,3.483000000000003,0.0,0.0,446.6212828808861
2006-11-04 02:00:00,0.0,0.0,39.23,52.33,26.55,30.774,90.0,0.0,7.664000000000016,0.0,0.0,441.6212828808861
2006-11-04 03:00:00,0.0,0.0,41.53,53.11,26.05,34.381,90.0,0.0,8.690999999999988,0.0,0.0,436.6212828808861
2006-11-04 04:00:00,0.0,0.0,46.42,56.04,26.22,36.122,90.0,0.0,2.441999999999992,0.0,0.0,431.6212828808861
2006-11-04 05:00:00,0.0,0.0,51.44,59.73,29.03,38.94,90.0,6.26,0.0,0.0,0.0,426.6212828808861
2006-11-04 06:00:00,0.0,0.0,55.05,62.67,34.19,40.221000000000004,106.68900000000001,0.0,0.0,0.0,0.0,421.6212828808861
2006-11-04 07:00:00,0.0,0.0,56.83,64.55,38.74,45.367,103.64030000000001,6.112699999999994,0.0,0.0,0.0,416.6212828808861
2006-11-04 08:00:00,0.0,0.0,58.32,65.6,41.05,53.141,106.829,0.0,0.0,0.0,0.0,411.6212828808861
2006-11-04 09:00:00,0.0,0.0,59.66,66.19,41.88,64.995,90.0,7.7350000000000065,0.0,0.0,0.0,406.6212828808861
2006-11-04 10:00:00,0.0,0.0,59.63,66.83,42.26,78.14899999999999,90.0,0.0,0.0,0.0,0.0,401.6212828808861
2006-11-04 11:00:00,0.0,0.0,58.7,66.06,42.49,89.568,90.0,0.0,12.317999999999984,0.0,0.0,396.6212828808861
2006-11-04 12:00:00,0.0,0.0,57.43,64.88,42.26,95.89000000000001,90.0,0.0,21.32000000000002,0.0,0.0,391.6212828808861
2006-11-04 13:00:00,0.0,0.0,56.31,63.29,41.8,94.005,90.0,0.0,14.360891966758956,8.244108033241023,0.0,392.5570406648196
2006-11-04 14:00:00,0.0,0.0,55.39,61.93,41.63,86.354,90.0,0.0,0.0,17.404000000000007,0.0,400.08792066481965
2006-11-04 15:00:00,0.0,0.0,55.61,61.42,42.56,75.41300000000001,90.0,0.0,0.0,5.823000000000018,0.0,399.28048066481966
2006-11-04 16:00:00,0.0,0.0,56.81,63.24,44.66,65.521,90.0,9.18900000000001,0.0,0.0,0.0,394.28048066481966
2006-11-04 17:00:00,0.0,0.0,56.98,65.84,46.08,61.47,90.0,17.429999999999993,0.0,0.0,0.0,389.28048066481966
2006-11-04 18:00:00,0.0,0.0,55.12,65.17,45.82,63.150000000000006,90.0,12.95999999999998,0.0,0.0,0.0,384.28048066481966
2006-11-04 19:00:00,0.0,0.0,52.06,62.97,44.28,65.57000000000001,90.0,3.7399999999999807,0.0,0.0,0.0,379.28048066481966
2006-11-04 20:00:00,0.0,0.0,48.85,62.45,41.7,67.71,90.0,0.0,4.7099999999999795,0.0,0.0,374.28048066481966
2006-11-04 21:00:00,0.0,0.0,45.47,63.11,37.98,69.27900000000001,90.0,0.0,12.719000000000015,0.0,0.0,369.28048066481966
2006-11-04 22:00:00,0.0,0.0,42.23,60.82,34.01,69.832,90.0,0.0,0.0,22.772000000000023,0.0,380.6763206648197
2006-11-04 23:00:00,0.0,0.0,40.05,57.87,30.38,69.476,90.0,0.0,31.176000000000016,0.0,0.0,375.6763206648197
2006-11-05 00:00:00,0.0,0.0,33.95,51.95,26.79,69.72099999999999,90.0,0.0,17.03100000000001,30.0,0.0,392.2763206648197
2006-11-05 01:00:00,0.0,0.0,33.74,49.85,25.56,70.03699999999999,90.0,0.0,36.50650969529093,14.380490304709056,0.0,397.63027368421024
2006-11-05 02:00:00,0.0,0.0,34.47,48.54,24.56,69.591,90.0,0.0,22.02100000000001,30.0,0.0,414.23027368421026
2006-11-05 03:00:00,0.0,0.0,36.74,49.29,24.06,68.258,90.0,0.0,18.167999999999978,30.0,0.0,430.8302736842103
2006-11-05 04:00:00,0.0,0.0,41.58,52.21,24.21,69.616,90.0,0.0,11.616000000000014,30.0,0.0,447.4302736842103
2006-11-05 05:00:00,0.0,0.0,46.61,55.9,26.98,70.98400000000001,90.0,0.0,1.4939999999999856,30.0,0.0,464.03027368421033
2006-11-05 06:00:00,0.0,0.0,50.24,58.87,32.14,71.146,90.0,0.0,0.0,19.896000000000015,0.0,473.35539368421036
2006-11-05 07:00:00,0.0,0.0,52.04,60.75,36.7,73.185,90.0,0.0,0.0,13.695000000000004,0.0,478.2157936842104
2006-11-05 08:00:00,0.0,0.0,53.52,61.8,39.03,79.079,90.0,0.0,14.72900000000001,0.0,0.0,473.2157936842104
2006-11-05 09:00:00,0.0,0.0,54.86,62.38,39.87,88.843,90.0,0.0,0.0,21.733000000000022,0.0,483.8635536842104
2006-11-05 10:00:00,0.0,0.0,54.85,63.02,40.27,98.32499999999999,90.0,0.0,0.18499999999997385,30.0,0.0,500.4635536842104
2006-11-05 11:00:00,0.0,0.0,53.93,62.26,40.49,103.374,90.0,0.0,20.0,16.69399999999997,0.0,507.4832336842104
2006-11-05 12:00:00,0.0,0.0,52.66,61.07,40.27,103.43,90.0,0.0,9.429999999999993,30.0,0.0,524.0832336842104
2006-11-05 13:00:00,0.0,0.0,51.54,59.48,39.82,99.14999999999999,90.0,0.0,38.31,0.0,0.0,519.0832336842104
2006-11-05 14:00:00,0.0,0.0,50.62,58.11,39.65,92.39200000000001,90.0,0.0,4.011999999999986,30.0,0.0,535.6832336842104
2006-11-05 15:00:00,0.0,0.0,50.85,57.6,40.57,82.424,90.0,0.0,0.0,23.40400000000003,0.0,547.5341136842105
2006-11-05 16:00:00,0.0,0.0,52.07,59.42,42.68,72.43100000000001,90.0,0.0,8.26100000000001,0.0,0.0,542.5341136842105
2006-11-05 17:00:00,0.0,0.0,52.25,62.05,44.11,67.029,90.0,1.3810000000000109,0.0,0.0,0.0,537.5341136842105
2006-11-05 18:00:00,0.0,0.0,50.4,61.41,43.86,66.263,90.0,0.0,0.0,0.5930000000000106,0.0,532.9610736842105
2006-11-05 19:00:00,0.0,0.0,47.33,59.18,42.31,65.839,90.0,0.0,7.01899999999997,0.0,0.0,527.9610736842105
2006-11-05 20:00:00,0.0,0.0,44.12,58.62,39.72,65.27,90.0,0.0,0.0,12.81000000000001,0.0,532.1842736842106
2006-11-05 21:00:00,0.0,0.0,40.77,59.28,36.01,64.136,90.0,0.0,18.076000000000022,0.0,0.0,527.1842736842106
2006-11-05 22:00:00,0.0,0.0,37.52,57.04,32.04,63.405,90.0,0.0,4.595157894736851,22.20984210526317,0.0,538.1753600000001
2006-11-05 23:00:00,0.0,0.0,35.32,54.1,28.41,62.265,90.0,0.0,4.435000000000006,30.0,0.0,554.7753600000001
2006-11-06 00:00:00,0.0,0.0,45.29,57.26,29.15,60.957,90.0,0.0,0.0,19.257000000000012,0.0,563.6404000000001
2006-11-06 01:00:00,0.0,0.0,45.07,55.17,27.92,60.095000000000006,90.0,0.0,21.93499999999999,0.0,0.0,558.6404000000001
2006-11-06 02:00:00,0.0,0.0,45.78,53.84,26.91,59.375,90.0,0.0,0.0,22.845000000000006,0.0,570.0888000000001
2006-11-06 03:00:00,0.0,0.0,48.03,54.55,26.4,58.563,90.0,0.0,0.0,19.582999999999984,0.0,579.18856
2006-11-06 04:00:00,0.0,0.0,52.82,57.45,26.53,57.691,90.0,0.0,10.891000000000005,0.0,0.0,574.18856
2006-11-06 05:00:00,0.0,0.0,57.85,61.16,29.27,56.744,90.0,0.0,0.0,0.0,0.0,569.18856
2006-11-06 06:00:00,0.0,0.0,61.51,64.15,34.41,56.062999999999995,99.007,0.0,0.0,0.0,0.0,564.18856
2006-11-06 07:00:00,0.0,0.0,63.32,66.04,38.98,55.886,107.45400000000001,0.0,0.0,0.0,0.0,559.18856
2006-11-06 08:00:00,0.0,0.0,64.8,67.09,41.33,60.143,108.077,0.0,0.0,0.0,0.0,554.18856
2006-11-06 09:00:00,0.0,0.0,66.14,67.66,42.2,68.515,90.0,12.484999999999985,0.0,0.0,0.0,549.18856
2006-11-06 10:00:00,0.0,0.0,66.15,68.28,42.6,75.47200000000001,96.55800000000002,0.0,0.0,0.0,0.0,544.18856
2006-11-06 11:00:00,0.0,0.0,65.24,67.55,42.83,81.169,90.0,0.0,0.5489999999999924,0.0,0.0,539.18856
2006-11-06 12:00:00,0.0,0.0,63.96,66.35,42.62,81.992,90.0,0.0,4.061999999999983,0.0,0.0,534.18856
2006-11-06 13:00:00,0.0,0.0,62.84,64.74,42.16,79.41799999999999,90.0,0.0,4.678000000000026,0.0,0.0,529.18856
2006-11-06 14:00:00,0.0,0.0,61.93,63.36,41.99,72.705,90.0,0.0,0.42499999999998295,0.0,0.0,524.18856
2006-11-06 15:00:00,0.0,0.0,62.16,62.85,42.9,61.22,101.69000000000003,0.0,0.0,0.0,0.0,519.18856
2006-11-06 16:00:00,0.0,0.0,63.41,64.69,45.02,47.592999999999996,120.52700000000002,0.0,0.0,0.0,0.0,514.18856
2006-11-06 17:00:00,0.0,0.0,63.6,67.34,46.46,42.431999999999995,129.96800000000002,0.0,0.0,0.0,0.0,509.18856
2006-11-06 18:00:00,0.0,0.0,61.75,66.73,46.21,41.20399999999999,110.0,18.48600000000001,0.0,0.0,0.0,504.18856
2006-11-06 19:00:00,0.0,0.0,58.67,64.48,44.66,40.108,122.70200000000001,0.0,0.0,0.0,0.0,499.18856
2006-11-06 20:00:00,0.0,0.0,55.47,63.87,42.07,38.373,118.03699999999999,0.0,0.0,0.0,0.0,494.18856
2006-11-06 21:00:00,0.0,0.0,52.15,64.53,38.36,37.457,112.583,0.0,0.0,0.0,0.0,489.18856
2006-11-06 22:00:00,0.0,0.0,48.88,62.34,34.39,36.303,104.30699999999999,0.0,0.0,0.0,0.0,484.18856
2006-11-06 23:00:00,0.0,0.0,46.67,59.41,30.77,35.705999999999996,96.14399999999999,0.0,0.0,0.0,0.0,479.18856
2006-11-07 00:00:00,0.0,0.0,47.64,55.97,29.72,35.442,90.0,2.8880000000000052,0.0,0.0,0.0,474.18856
2006-11-07 01:00:00,0.0,0.0,47.4,53.89,28.48,35.506,90.0,0.0,0.73599999999999,0.0,0.0,469.18856
2006-11-07 02:00:00,0.0,0.0,48.11,52.53,27.45,35.717,90.0,0.0,2.626999999999981,0.0,0.0,464.18856
2006-11-07 03:00:00,0.0,0.0,50.33,53.22,26.94,34.608,90.88199999999999,0.0,0.0,0.0,0.0,459.18856
2006-11-07 04:00:00,0.0,0.0,55.07,56.1,27.05,33.979,99.241,0.0,0.0,0.0,0.0,454.18856
2006-11-07 05:00:00,0.0,0.0,60.1,59.81,29.75,32.571999999999996,112.08800000000002,0.0,0.0,0.0,0.0,449.18856
2006-11-07 06:00:00,0.0,0.0,63.78,62.83,34.89,31.330000000000005,125.17,0.0,0.0,0.0,0.0,444.18856
2006-11-07 07:00:00,0.0,0.0,65.61,64.72,39.47,31.558999999999997,130.0,3.2409999999999908,0.0,0.0,0.0,439.18856
2006-11-07 08:00:00,0.0,0.0,67.09,65.77,41.83,37.226,110.0,22.463999999999984,0.0,0.0,0.0,434.18856
2006-11-07 09:00:00,0.0,0.0,68.43,66.34,42.72,45.699999999999996,110.0,16.790000000000017,0.0,0.0,0.0,429.18856
2006-11-07 10:00:00,0.0,0.0,68.46,66.95,43.13,54.675999999999995,118.86400000000002,0.0,0.0,0.0,0.0,424.18856
2006-11-07 11:00:00,0.0,0.0,67.55,66.23,43.36,58.78999999999999,113.35000000000001,0.0,0.0,0.0,0.0,419.18856
2006-11-07 12:00:00,0.0,0.0,66.28,65.02,43.16,60.356,109.10399999999998,0.0,0.0,0.0,0.0,414.18856
2006-11-07 13:00:00,0.0,0.0,65.16,63.41,42.71,56.135000000000005,110.14500000000001,0.0,0.0,0.0,0.0,409.18856
2006-11-07 14:00:00,0.0,0.0,64.25,62.02,42.54,47.97899999999999,110.0,5.831000000000017,0.0,0.0,0.0,404.18856
2006-11-07 15:00:00,0.0,0.0,64.48,61.51,43.43,32.386,101.56000750000007,30.47399249999994,0.0,0.0,0.0,399.18856
2006-11-07 16:00:00,0.0,0.0,65.75,63.35,45.56,23.333000000000002,90.0,56.32700000000001,0.0,0.0,0.0,394.18856
2006-11-07 17:00:00,0.0,0.0,65.95,66.03,47.02,21.266000000000002,135.0,17.734000000000016,0.0,0.0,0.0,389.18856
2006-11-07 18:00:00,0.0,0.0,64.11,65.45,46.78,22.451,110.0,38.888999999999996,0.0,0.0,0.0,384.18856
2006-11-07 19:00:00,0.0,0.0,61.02,63.18,45.22,22.823,135.0,6.596999999999994,0.0,0.0,0.0,379.18856
2006-11-07 20:00:00,0.0,0.0,57.83,62.52,42.62,22.654,110.0,25.316000000000003,0.0,0.0,0.0,374.18856
2006-11-07 21:00:00,0.0,0.0,54.53,63.17,38.91,22.330000000000002,90.0,39.27999999999999,0.0,0.0,0.0,369.18856
2006-11-07 22:00:00,0.0,0.0,51.26,61.05,34.95,21.209,121.051,0.0,0.0,0.0,0.0,364.18856
2006-11-07 23:00:00,0.0,0.0,49.03,58.12,31.32,20.18,113.29000000000002,0.0,0.0,0.0,0.0,359.18856
2006-11-08 00:00:00,0.0,0.0,47.98,50.41,30.27,20.416,103.24399999999997,0.0,0.0,0.0,0.0,354.18856
2006-11-08 01:00:00,0.0,0.0,47.73,48.35,29.02,20.949,99.15100000000001,0.0,0.0,0.0,0.0,349.18856
2006-11-08 02:00:00,0.0,0.0,48.42,46.96,27.98,22.668,95.69200000000002,0.0,0.0,0.0,0.0,344.18856
2006-11-08 03:00:00,0.0,0.0,50.62,47.62,27.46,25.039,95.661,0.0,0.0,0.0,0.0,339.18856
2006-11-08 04:00:00,0.0,0.0,55.31,50.48,27.55,29.446000000000005,98.894,0.0,0.0,0.0,0.0,334.18856
2006-11-08 05:00:00,0.0,0.0,60.34,54.21,30.22,34.108,105.662,0.0,0.0,0.0,0.0,329.18856
2006-11-08 06:00:00,0.0,0.0,64.05,57.25,35.34,38.293000000000006,113.347,0.0,0.0,0.0,0.0,324.18856
2006-11-08 07:00:00,0.0,0.0,65.89,59.14,39.94,45.281000000000006,114.689,0.0,0.0,0.0,0.0,319.18856
2006-11-08 08:00:00,0.0,0.0,67.37,60.2,42.32,57.177,107.713,0.0,0.0,0.0,0.0,314.18856
2006-11-08 09:00:00,0.0,0.0,68.71,60.76,43.23,70.28800000000001,97.412,0.0,0.0,0.0,0.0,309.18856
2006-11-08 10:00:00,0.0,0.0,68.75,61.36,43.64,81.719,90.0,0.0,1.3023333333333393,0.0,0.0,304.18856
2006-11-08 11:00:00,0.0,0.0,67.86,60.65,43.88,90.81500000000001,90.0,0.0,11.75833333333334,0.0,0.0,299.18856
2006-11-08 12:00:00,0.0,0.0,66.58,59.44,43.68,94.54899999999999,90.0,0.0,18.182333333333332,0.0,0.0,294.18856
2006-11-08 13:00:00,0.0,0.0,65.46,57.82,43.24,93.50099999999998,90.0,0.0,21.980999999999995,0.0,0.0,289.18856
2006-11-08 14:00:00,0.0,0.0,64.56,56.41,43.06,87.67699999999999,90.0,0.0,15.313666666666649,0.0,0.0,284.18856
2006-11-08 15:00:00,0.0,0.0,64.8,55.9,43.94,78.887,90.0,0.0,7.5803333333333285,0.0,0.0,279.18856
2006-11-08 16:00:00,0.0,0.0,66.09,57.75,46.08,68.185,90.0,6.734999999999999,0.0,0.0,0.0,274.18856
2006-11-08 17:00:00,0.0,0.0,66.3,60.46,47.56,66.493,90.0,12.827000000000012,0.0,0.0,0.0,269.18856
2006-11-08 18:00:00,0.0,0.0,64.46,59.9,47.32,67.896,90.0,8.783999999999978,0.0,0.0,0.0,264.18856
2006-11-08 19:00:00,0.0,0.0,61.37,57.62,45.75,68.78299999999999,90.0,0.9569999999999936,0.0,0.0,0.0,259.18856
2006-11-08 20:00:00,0.0,0.0,58.18,56.92,43.15,70.275,90.0,0.0,5.35833333333332,0.0,0.0,254.18856
2006-11-08 21:00:00,0.0,0.0,54.91,57.56,39.45,70.061,90.0,0.0,11.474333333333329,0.0,0.0,249.18856
2006-11-08 22:00:00,0.0,0.0,51.62,55.49,35.49,70.88300000000001,90.0,0.0,23.282999999999994,0.0,0.0,244.18856
2006-11-08 23:00:00,0.0,0.0,49.38,52.57,31.86,71.358,90.0,0.0,30.881333333333323,0.0,0.0,239.18856
2006-11-09 00:00:00,0.0,0.0,47.12,50.53,32.25,72.33099999999999,90.0,0.0,37.430999999999976,0.0,0.0,234.18856
2006-11-09 01:00:00,0.0,0.0,46.86,48.47,30.99,73.016,90.0,0.0,41.696000000000005,0.0,0.0,229.18856
2006-11-09 02:00:00,0.0,0.0,47.54,47.06,29.94,72.73100000000001,90.0,0.0,41.52433333333334,0.0,0.0,224.18856
2006-11-09 03:00:00,0.0,0.0,49.72,47.69,29.41,71.465,90.0,0.0,37.97833333333335,0.0,0.0,219.18856
2006-11-09 04:00:00,0.0,0.0,54.36,50.54,29.48,69.011,90.0,0.0,29.630999999999993,0.0,0.0,214.18856
2006-11-09 05:00:00,0.0,0.0,59.38,54.27,32.11,66.401,90.0,0.0,12.5025050784857,0.0,0.0,209.18856
2006-11-09 06:00:00,0.0,0.0,63.12,57.34,37.23,63.07000000000001,90.0,0.0,0.38000000000000966,0.0,0.0,204.18856
2006-11-09 07:00:00,0.0,0.0,64.98,59.23,41.84,59.97600000000001,90.0,11.074000000000012,0.0,0.0,0.0,199.18856
2006-11-09 08:00:00,0.0,0.0,66.46,60.29,44.23,64.182,90.0,11.797999999999995,0.0,0.0,0.0,194.18856
2006-11-09 09:00:00,0.0,0.0,67.8,60.85,45.16,74.03,90.0,4.780000000000006,0.0,0.0,0.0,189.18856
2006-11-09 10:00:00,0.0,0.0,67.85,61.44,45.59,81.46,90.0,0.0,1.579999999999984,0.0,0.0,184.18856
2006-11-09 11:00:00,0.0,0.0,66.96,60.74,45.83,86.805,90.0,0.0,8.275000000000006,0.0,0.0,179.18856
2006-11-09 12:00:00,0.0,0.0,65.69,59.52,45.64,87.49600000000001,90.0,0.0,11.64599999999998,0.0,0.0,174.18856
2006-11-09 13:00:00,0.0,0.0,64.57,57.89,45.19,81.40599999999999,90.0,0.0,7.812335180055446,0.0,0.0,169.18856
2006-11-09 14:00:00,0.0,0.0,63.67,56.48,45.02,71.496,90.0,0.0,1.3259999999999958,0.0,0.0,164.18856
2006-11-09 15:00:00,0.0,0.0,63.92,55.96,45.89,56.82600000000001,103.94400000000002,0.0,0.0,0.0,0.0,159.18856
2006-11-09 16:00:00,0.0,0.0,65.23,57.82,48.04,42.912000000000006,110.0,13.177999999999997,0.0,0.0,0.0,154.18856
2006-11-09 17:00:00,0.0,0.0,65.45,60.56,49.53,37.943000000000005,90.0,42.59700000000002,0.0,0.0,0.0,149.18856
2006-11-09 18:00:00,0.0,0.0,63.62,60.03,49.29,36.888,110.0,21.051999999999992,0.0,0.0,0.0,144.18856
2006-11-09 19:00:00,0.0,0.0,60.51,57.73,47.72,36.269999999999996,115.0,9.689999999999998,0.0,0.0,0.0,139.18856
2006-11-09 20:00:00,0.0,0.0,57.33,56.98,45.11,36.06999999999999,110.0,8.350000000000009,0.0,0.0,0.0,134.18856
2006-11-09 21:00:00,0.0,0.0,54.08,57.61,41.41,35.528000000000006,110.0,2.5719999999999974,0.0,0.0,0.0,129.18856
2006-11-09 22:00:00,0.0,0.0,50.79,55.61,37.46,35.932,90.0,12.927999999999997,0.0,0.0,0.0,124.18856
2006-11-09 23:00:00,0.0,0.0,48.54,52.68,33.83,36.035,94.01500000000001,0.0,0.0,0.0,0.0,119.18856
2006-11-10 00:00:00,0.0,0.0,47.15,55.86,30.85,36.602999999999994,90.0,2.2570000000000032,0.0,0.0,0.0,114.18856
2006-11-10 01:00:00,0.0,0.0,46.87,53.82,29.58,36.205,90.0,0.0,0.9349999999999881,0.0,0.0,109.18856
2006-11-10 02:00:00,0.0,0.0,47.54,52.38,28.52,37.963,90.0,0.0,4.522999999999996,0.0,0.0,104.18856
2006-11-10 03:00:00,0.0,0.0,49.69,52.98,27.98,38.431999999999995,90.0,0.0,2.7819999999999947,0.0,0.0,99.18856
2006-11-10 04:00:00,0.0,0.0,54.28,55.81,28.03,37.635000000000005,95.485,0.0,0.0,0.0,0.0,94.18856
2006-11-10 05:00:00,0.0,0.0,59.3,59.55,30.63,38.052,90.0,16.427999999999983,0.0,0.0,0.0,89.18856
2006-11-10 06:00:00,0.0,0.0,63.07,62.65,35.73,37.402,119.04799999999999,0.0,0.0,0.0,0.0,84.18856
2006-11-10 07:00:00,0.0,0.0,64.95,64.54,40.36,38.45100000000001,110.0,16.398999999999994,0.0,0.0,0.0,79.18856
2006-11-10 08:00:00,0.0,0.0,66.42,65.6,42.76,45.514,90.0,34.26599999999999,0.0,0.0,0.0,74.18856
2006-11-10 09:00:00,0.0,0.0,67.76,66.15,43.72,57.748999999999995,90.0,24.88100000000003,0.0,0.0,0.0,69.18856
2006-11-10 10:00:00,0.0,0.0,67.83,66.74,44.15,67.46000000000001,90.0,16.259999999999984,0.0,0.0,0.0,64.18856
2006-11-10 11:00:00,0.0,0.0,66.95,66.05,44.39,74.248,90.0,8.14200000000001,0.0,0.0,0.0,59.188559999999995
2006-11-10 12:00:00,0.0,0.0,65.68,64.82,44.21,75.842,93.86800000000001,0.0,0.0,0.0,0.0,54.188559999999995
2006-11-10 13:00:00,0.0,0.0,64.56,63.18,43.77,72.049,94.46100000000001,0.0,0.0,0.0,0.0,49.188559999999995
2006-11-10 14:00:00,0.0,0.0,63.67,61.76,43.59,64.66,99.36000000000001,0.0,0.0,0.0,0.0,44.188559999999995
2006-11-10 15:00:00,0.0,0.0,63.91,61.24,44.45,54.665,109.93500000000002,0.0,0.0,0.0,0.0,39.188559999999995
2006-11-10 16:00:00,0.0,0.0,65.24,63.11,46.61,49.731,115.0,5.228999999999985,0.0,0.0,0.0,34.188559999999995
2006-11-10 17:00:00,0.0,0.0,65.48,65.88,48.12,47.84199999999999,115.0,11.63800000000003,0.0,0.0,0.0,29.18856
2006-11-10 18:00:00,0.0,0.0,63.66,65.38,47.88,47.818,108.17540000000005,15.926599999999949,0.0,0.0,0.0,24.18856
2006-11-10 19:00:00,0.0,0.0,60.54,63.06,46.3,46.7,110.0,8.199999999999987,0.0,0.0,0.0,19.18856
2006-11-10 20:00:00,0.0,0.0,57.36,62.25,43.69,45.857,90.0,22.443000000000012,0.0,0.0,0.0,14.188559999999999
2006-11-10 21:00:00,0.0,0.0,54.14,62.89,40.0,44.986999999999995,107.04299999999998,0.0,0.0,0.0,0.0,9.188559999999999
2006-11-10 22:00:00,0.0,0.0,50.84,60.94,36.04,46.711999999999996,96.10800000000002,0.0,0.0,0.0,0.0,4.188559999999998
2006-11-10 23:00:00,0.0,0.0,48.57,58.02,32.42,50.137,90.0,0.0,0.0,1.1270000000000024,0.0,0.0
2006-11-11 00:00:00,0.0,0.0,38.73,47.83,28.48,53.293,90.0,0.0,0.0,28.253000000000007,0.0,15.342160000000003
2006-11-11 01:00:00,0.0,0.0,38.44,45.79,27.2,56.54199999999999,90.0,0.0,5.111999999999981,30.0,0.0,31.94216
2006-11-11 02:00:00,0.0,0.0,39.1,44.33,26.13,60.917,90.0,0.0,11.357000000000017,30.0,0.0,48.542159999999996
2006-11-11 03:00:00,0.0,0.0,41.23,44.9,25.59,64.524,90.0,0.0,12.803999999999984,30.0,0.0,65.14215999999999
2006-11-11 04:00:00,0.0,0.0,45.77,47.71,25.61,66.699,90.0,0.0,7.608999999999995,30.0,0.0,81.74215999999998
2006-11-11 05:00:00,0.0,0.0,50.79,51.46,28.18,69.402,90.0,0.0,0.0,28.97199999999998,0.0,97.60199999999998
2006-11-11 06:00:00,0.0,0.0,54.58,54.59,33.27,71.57,90.0,0.0,0.0,19.129999999999995,0.0,106.37559999999998
2006-11-11 07:00:00,0.0,0.0,56.48,56.48,37.92,75.10799999999999,90.0,0.0,0.0,14.228000000000016,0.0,111.61975999999999
2006-11-11 08:00:00,0.0,0.0,57.95,57.54,40.33,82.38300000000001,90.0,0.0,0.0,16.563000000000002,0.0,118.54511999999998
2006-11-11 09:00:00,0.0,0.0,59.29,58.09,41.31,89.763,90.0,0.0,0.0,21.072999999999993,0.0,128.71767999999997
2006-11-11 10:00:00,0.0,0.0,59.38,58.66,41.75,94.682,90.0,5.108000000000018,0.0,30.0,0.0,145.31767999999997
2006-11-11 11:00:00,0.0,0.0,58.5,57.99,42.0,98.26399999999998,90.0,0.0,0.0,29.77399999999997,0.0,161.75495999999995
2006-11-11 12:00:00,0.0,0.0,57.24,56.75,41.82,99.10600000000002,90.0,0.0,3.2959999999999923,30.0,0.0,178.35495999999995
2006-11-11 13:00:00,0.0,0.0,56.11,55.1,41.38,97.114,90.0,0.0,4.524000000000015,30.0,0.0,194.95495999999994
2006-11-11 14:00:00,0.0,0.0,55.22,53.67,41.2,93.087,90.0,0.0,2.9969999999999857,30.0,0.0,211.55495999999994
2006-11-11 15:00:00,0.0,0.0,55.47,53.15,42.05,87.662,90.0,0.0,0.0,26.99200000000001,0.0,225.98919999999995
2006-11-11 16:00:00,0.0,0.0,56.82,55.03,44.22,82.64,90.0,6.865942500000031,0.0,23.43594250000003,0.0,237.86307859999997
2006-11-11 17:00:00,0.0,0.0,57.07,57.83,45.75,80.313,90.0,0.0,0.0,9.663000000000011,0.0,239.82043859999996
2006-11-11 18:00:00,0.0,0.0,55.26,57.35,45.51,80.49000000000001,90.0,0.0,0.0,12.370000000000026,0.0,243.72683859999998
2006-11-11 19:00:00,0.0,0.0,52.13,55.01,43.92,80.637,90.0,0.0,0.0,19.576999999999998,0.0,252.82227859999998
2006-11-11 20:00:00,0.0,0.0,48.95,54.16,41.31,80.859,90.0,0.0,0.0,26.439000000000007,0.0,266.8583586
2006-11-11 21:00:00,0.0,0.0,45.76,54.79,37.62,80.908,90.0,0.0,2.7380000000000244,30.0,0.0,283.4583586
2006-11-11 22:00:00,0.0,0.0,42.45,52.9,33.66,81.328,90.0,0.0,12.317999999999998,30.0,0.0,300.0583586
2006-11-11 23:00:00,0.0,0.0,40.17,49.99,30.04,81.59700000000001,90.0,0.0,21.397000000000006,30.0,0.0,316.65835860000004
2006-11-12 00:00:00,0.0,0.0,34.74,45.04,27.49,81.45100000000001,90.0,0.0,34.18100000000001,30.0,0.0,333.25835860000007
2006-11-12 01:00:00,0.0,0.0,34.44,43.01,26.2,80.723,90.0,0.0,37.07300000000001,30.0,0.0,349.8583586000001
2006-11-12 02:00:00,0.0,0.0,35.08,41.53,25.12,79.779,90.0,0.0,38.04900000000001,30.0,0.0,366.4583586000001
2006-11-12 03:00:00,0.0,0.0,37.18,42.07,24.57,77.843,90.0,0.0,34.022999999999996,30.0,0.0,383.05835860000013
2006-11-12 04:00:00,0.0,0.0,41.68,44.86,24.57,73.807,90.0,0.0,22.697000000000003,30.0,0.0,399.65835860000016
2006-11-12 05:00:00,0.0,0.0,46.7,48.62,27.11,70.01799999999999,90.0,0.0,7.588000000000008,30.0,0.0,416.2583586000002
2006-11-12 06:00:00,0.0,0.0,50.52,51.77,32.19,65.993,90.0,0.0,0.0,21.512999999999998,0.0,426.74771860000016
2006-11-12 07:00:00,0.0,0.0,52.43,53.67,36.85,63.666000000000004,90.0,0.0,0.0,10.715999999999987,0.0,429.4632386000001
2006-11-12 08:00:00,0.0,0.0,53.9,54.73,39.28,66.572,90.0,0.0,0.0,8.662000000000024,0.0,430.69987860000015
2006-11-12 09:00:00,0.0,0.0,55.24,55.27,40.28,73.722,90.0,0.0,0.0,12.931999999999999,0.0,435.01091860000014
2006-11-12 10:00:00,0.0,0.0,55.34,55.83,40.72,80.56500000000001,90.0,0.0,0.0,18.675000000000015,0.0,443.45691860000017
2006-11-12 11:00:00,0.0,0.0,54.48,55.18,40.97,89.25500000000001,90.0,0.0,0.0,28.625000000000004,0.0,459.0669186000002
2006-11-12 12:00:00,0.0,0.0,53.21,53.93,40.81,95.509,90.0,0.0,7.5589999999999975,30.0,0.0,475.6669186000002
2006-11-12 13:00:00,0.0,0.0,52.08,52.27,40.37,96.893,90.0,0.0,12.172999999999988,30.0,0.0,492.2669186000002
2006-11-12 14:00:00,0.0,0.0,51.2,50.83,40.19,92.016,90.0,0.0,9.796000000000006,30.0,0.0,508.86691860000025
2006-11-12 15:00:00,0.0,0.0,51.46,50.31,41.02,82.77400000000002,90.0,0.0,0.0,29.98399999999999,0.0,525.4553986000002
2006-11-12 16:00:00,0.0,0.0,52.83,52.2,43.2,74.745,90.0,0.0,0.0,16.514999999999986,0.0,532.3461986000002
2006-11-12 17:00:00,0.0,0.0,53.08,55.02,44.75,70.262,90.0,14.875907500000055,0.0,22.28790750000004,0.0,543.3934920000003
2006-11-12 18:00:00,0.0,0.0,51.28,54.57,44.51,71.9,90.0,0.0,0.0,11.540000000000013,0.0,546.7022920000003
2006-11-12 19:00:00,0.0,0.0,48.14,52.22,42.92,71.924,90.0,0.0,0.0,18.64400000000002,0.0,555.1259720000003
2006-11-12 20:00:00,0.0,0.0,44.97,51.32,40.3,72.423,90.0,0.0,0.0,25.83299999999999,0.0,568.7257320000002
2006-11-12 21:00:00,0.0,0.0,41.8,51.94,36.61,71.965,90.0,0.0,1.615000000000009,30.0,0.0,585.3257320000002
2006-11-12 22:00:00,0.0,0.0,38.49,50.11,32.66,72.354,90.0,0.0,11.094000000000008,30.0,0.0,601.9257320000003
2006-11-12 23:00:00,0.0,0.0,36.18,47.2,29.04,70.84499999999998,90.0,0.0,18.425000000000026,30.0,0.0,618.5257320000003
2006-11-13 00:00:00,0.0,0.0,46.03,50.75,28.2,69.46000000000001,90.0,0.0,4.480000000000004,30.0,0.0,635.1257320000003
2006-11-13 01:00:00,0.0,0.0,45.72,48.73,26.9,68.405,90.0,0.0,7.055000000000021,30.0,0.0,651.7257320000003
2006-11-13 02:00:00,0.0,0.0,46.35,47.22,25.8,67.45700000000001,90.0,0.0,8.087000000000018,30.0,0.0,668.3257320000004
2006-11-13 03:00:00,0.0,0.0,48.42,47.73,25.24,67.542,90.0,0.0,6.152000000000015,30.0,0.0,684.9257320000004
2006-11-13 04:00:00,0.0,0.0,52.87,50.5,25.23,69.941,90.0,0.0,1.3410000000000082,30.0,0.0,701.5257320000004
2006-11-13 05:00:00,0.0,0.0,57.89,54.28,27.73,71.004,90.0,0.0,0.0,21.103999999999978,0.0,711.7206120000004
2006-11-13 06:00:00,0.0,0.0,61.73,57.45,32.8,72.448,90.0,5.275472500000041,0.0,15.743472500000045,0.0,718.0559122000004
2006-11-13 07:00:00,0.0,0.0,63.66,59.35,37.48,73.842,90.0,2.5133075000000105,0.0,5.8653075000000285,0.0,717.2789336000004
2006-11-13 08:00:00,0.0,0.0,65.13,60.41,39.92,81.52599999999998,90.0,0.0,0.0,6.066000000000006,0.0,716.6464536000004
2006-11-13 09:00:00,0.0,0.0,66.47,60.95,40.94,91.1,90.0,0.0,0.0,12.740000000000009,0.0,720.8192536000005
2006-11-13 10:00:00,0.0,0.0,66.59,61.5,41.39,97.11700000000002,90.0,0.0,0.0,17.637000000000015,0.0,728.5178936000004
2006-11-13 11:00:00,0.0,0.0,65.73,60.86,41.65,100.11300000000001,90.0,0.0,0.0,21.87299999999996,0.0,739.2664536000004
2006-11-13 12:00:00,0.0,0.0,64.47,59.6,41.49,100.8,90.0,0.0,0.0,25.23999999999999,0.0,752.4392536000004
2006-11-13 13:00:00,0.0,0.0,63.34,57.94,41.05,98.962,90.0,0.0,0.0,26.631999999999977,0.0,766.6142936000003
2006-11-13 14:00:00,0.0,0.0,62.46,56.48,40.87,93.88899999999998,90.0,0.0,0.0,24.07899999999999,0.0,778.9511736000003
2006-11-13 15:00:00,0.0,0.0,62.72,55.96,41.69,87.25800000000001,90.0,0.0,0.0,16.888000000000005,0.0,786.1105336000003
2006-11-13 16:00:00,0.0,0.0,64.11,57.86,43.88,80.115,90.0,0.0,0.0,4.2650000000000325,0.0,784.1813336000004
2006-11-13 17:00:00,0.0,0.0,64.38,60.71,45.44,76.64600000000002,90.0,3.8839999999999897,0.0,0.0,0.0,779.1813336000004
2006-11-13 18:00:00,0.0,0.0,62.58,60.29,45.21,76.042,90.0,2.038000000000011,0.0,0.0,0.0,774.1813336000004
2006-11-13 19:00:00,0.0,0.0,59.43,57.91,43.61,75.16199999999999,90.0,0.0,0.0,4.211999999999989,0.0,772.2139736000004
2006-11-13 20:00:00,0.0,0.0,56.27,56.97,40.99,73.524,90.0,0.0,0.0,9.293999999999997,0.0,773.9056536000004
2006-11-13 21:00:00,0.0,0.0,53.13,57.59,37.31,72.30799999999999,90.0,0.0,0.0,14.278000000000013,0.0,779.1858136000004
2006-11-13 22:00:00,0.0,0.0,49.8,55.81,33.36,71.55,90.0,0.0,0.0,22.57999999999999,0.0,790.4434136000004
2006-11-13 23:00:00,0.0,0.0,47.48,52.91,29.74,70.604,90.0,0.0,0.47400000000000375,30.0,0.0,807.0434136000005
2006-11-14 00:00:00,0.0,0.0,46.62,48.94,29.72,69.07900000000001,90.0,0.0,3.7990000000000186,30.0,0.0,823.6434136000005
2006-11-14 01:00:00,0.0,0.0,46.3,46.94,28.41,67.04299999999999,90.0,0.0,5.393000000000015,30.0,0.0,840.2434136000005
2006-11-14 02:00:00,0.0,0.0,46.92,45.41,27.3,64.19900000000001,90.0,0.0,4.569000000000017,30.0,0.0,856.8434136000005
2006-11-14 03:00:00,0.0,0.0,48.97,45.88,26.74,62.547,90.0,0.0,0.9570000000000078,30.0,0.0,873.4434136000006
2006-11-14 04:00:00,0.0,0.0,53.36,48.64,26.7,61.916,90.0,0.0,0.0,23.21599999999998,0.0,885.1589336000005
2006-11-14 05:00:00,0.0,0.0,58.38,52.42,29.17,62.092999999999996,90.0,0.0,0.0,12.12299999999999,0.0,888.8874936000005
2006-11-14 06:00:00,0.0,0.0,62.26,55.62,34.23,61.481,90.0,0.6290000000000013,0.0,0.0,0.0,883.8874936000005
2006-11-14 07:00:00,0.0,0.0,64.2,57.53,38.92,62.40800000000001,90.0,8.242000000000004,0.0,0.0,0.0,878.8874936000005
2006-11-14 08:00:00,0.0,0.0,65.67,58.59,41.38,69.048,90.0,6.591999999999999,0.0,0.0,0.0,873.8874936000005
2006-11-14 09:00:00,0.0,0.0,67.0,59.12,42.42,77.895,90.0,0.6449999999999818,0.0,0.0,0.0,868.8874936000005
2006-11-14 10:00:00,0.0,0.0,67.14,59.66,42.88,81.843,90.0,0.0,0.0,2.1629999999999896,0.0,865.4448536000006
2006-11-14 11:00:00,0.0,0.0,66.29,59.04,43.13,87.216,90.0,0.0,0.0,8.756000000000022,0.0,866.7491736000005
2006-11-14 12:00:00,0.0,0.0,65.03,57.76,42.99,89.611,90.0,0.0,3.333199445983379,10.49780055401662,0.0,869.3075899988925
2006-11-14 13:00:00,0.0,0.0,63.9,56.09,42.55,87.05499999999999,90.0,0.0,14.515,0.0,0.0,864.3075899988925
2006-11-14 14:00:00,0.0,0.0,63.03,54.63,42.37,78.41399999999999,90.0,0.0,0.0,8.384000000000004,0.0,865.3440699988925
2006-11-14 15:00:00,0.0,0.0,63.29,54.11,43.18,63.111000000000004,90.0,7.4690000000000225,0.0,0.0,0.0,860.3440699988925
2006-11-14 16:00:00,0.0,0.0,64.7,56.02,45.38,49.568000000000005,90.0,26.53200000000001,0.0,0.0,0.0,855.3440699988925
2006-11-14 17:00:00,0.0,0.0,64.98,58.89,46.96,47.266999999999996,90.0,33.56300000000002,0.0,0.0,0.0,850.3440699988925
2006-11-14 18:00:00,0.0,0.0,63.19,58.5,46.72,47.616,90.0,30.794000000000004,0.0,0.0,0.0,845.3440699988925
2006-11-14 19:00:00,0.0,0.0,60.03,56.11,45.12,46.523999999999994,90.0,24.736000000000008,0.0,0.0,0.0,840.3440699988925
2006-11-14 20:00:00,0.0,0.0,56.87,55.11,42.5,48.105000000000004,90.0,16.375,0.0,0.0,0.0,835.3440699988925
2006-11-14 21:00:00,0.0,0.0,53.76,55.73,38.81,49.215999999999994,90.0,9.083999999999985,0.0,0.0,0.0,830.3440699988925
2006-11-14 22:00:00,0.0,0.0,50.43,54.01,34.87,49.796,90.0,0.0,0.48599999999999,0.0,0.0,825.3440699988925
2006-11-14 23:00:00,0.0,0.0,48.09,51.11,31.25,52.489000000000004,90.0,0.0,12.039000000000001,0.0,0.0,820.3440699988925
2006-11-15 00:00:00,0.0,0.0,46.88,48.92,30.5,53.521,90.0,0.0,17.22099999999999,0.0,0.0,815.3440699988925
2006-11-15 01:00:00,0.0,0.0,46.54,46.92,29.19,54.772000000000006,90.0,0.0,20.0,2.122000000000014,0.0,811.8719099988924
2006-11-15 02:00:00,0.0,0.0,47.15,45.37,28.06,54.483000000000004,90.0,0.0,0.0,23.903,0.0,824.0820699988924
2006-11-15 03:00:00,0.0,0.0,49.18,45.81,27.49,55.298,90.0,0.0,20.0,2.8179999999999907,0.0,821.1110299988924
2006-11-15 04:00:00,0.0,0.0,53.52,48.55,27.44,54.32599999999999,90.0,0.0,14.816000000000003,0.0,0.0,816.1110299988924
2006-11-15 05:00:00,0.0,0.0,58.54,52.34,29.87,53.225,90.0,0.0,2.4749999999999943,0.0,0.0,811.1110299988924
2006-11-15 06:00:00,0.0,0.0,62.44,55.57,34.92,52.724,90.0,10.206000000000017,0.0,0.0,0.0,806.1110299988924
2006-11-15 07:00:00,0.0,0.0,64.4,57.47,39.63,51.984,90.0,19.51599999999999,0.0,0.0,0.0,801.1110299988924
2006-11-15 08:00:00,0.0,0.0,65.86,58.54,42.1,58.205999999999996,90.0,18.293999999999986,0.0,0.0,0.0,796.1110299988924
2006-11-15 09:00:00,0.0,0.0,67.2,59.06,43.16,69.413,90.0,10.007000000000005,0.0,0.0,0.0,791.1110299988924
2006-11-15 10:00:00,0.0,0.0,67.36,59.6,43.62,80.822,90.0,0.0,0.0,0.24199999999999733,0.0,786.2852699988924
2006-11-15 11:00:00,0.0,0.0,66.51,58.98,43.88,89.667,90.0,0.0,10.296999999999997,0.0,0.0,781.2852699988924
2006-11-15 12:00:00,0.0,0.0,65.26,57.7,43.75,90.863,90.0,0.0,14.152999999999995,0.0,0.0,776.2852699988924
2006-11-15 13:00:00,0.0,0.0,64.12,56.02,43.31,85.80499999999999,90.0,0.0,12.35499999999999,0.0,0.0,771.2852699988924
2006-11-15 14:00:00,0.0,0.0,63.25,54.55,43.13,74.051,90.0,0.0,3.120999999999995,0.0,0.0,766.2852699988924
2006-11-15 15:00:00,0.0,0.0,63.52,54.03,43.93,61.219,90.0,10.260999999999996,0.0,0.0,0.0,761.2852699988924
2006-11-15 16:00:00,0.0,0.0,64.96,55.94,46.13,56.051,90.0,20.978999999999985,0.0,0.0,0.0,756.2852699988924
2006-11-15 17:00:00,0.0,0.0,65.24,58.85,47.73,54.695,90.0,27.125000000000007,0.0,0.0,0.0,751.2852699988924
2006-11-15 18:00:00,0.0,0.0,63.46,58.48,47.49,58.108000000000004,90.0,21.322000000000003,0.0,0.0,0.0,746.2852699988924
2006-11-15 19:00:00,0.0,0.0,60.3,56.07,45.89,62.439,90.0,9.820999999999984,0.0,0.0,0.0,741.2852699988924
2006-11-15 20:00:00,0.0,0.0,57.14,55.03,43.26,65.553,90.0,0.0,0.12300000000000466,0.0,0.0,736.2852699988924
2006-11-15 21:00:00,0.0,0.0,54.05,55.64,39.58,67.16199999999999,90.0,0.0,0.0,7.8919999999999995,0.0,736.9675099988924
2006-11-15 22:00:00,0.0,0.0,50.71,53.98,35.64,67.882,90.0,0.0,4.088914127423886,13.463085872576109,0.0,741.6609318271472
2006-11-15 23:00:00,0.0,0.0,48.36,51.08,32.02,68.72500000000001,90.0,0.0,0.0,27.265000000000004,0.0,756.2917318271473
2006-11-16 00:00:00,0.0,0.0,46.48,46.24,31.52,70.047,90.0,0.0,5.807000000000002,30.0,0.0,772.8917318271473
2006-11-16 01:00:00,0.0,0.0,46.13,44.26,30.2,70.856,90.0,0.0,10.265999999999991,30.0,0.0,789.4917318271473
2006-11-16 02:00:00,0.0,0.0,46.72,42.68,29.06,72.044,90.0,0.0,13.583999999999989,30.0,0.0,806.0917318271473
2006-11-16 03:00:00,0.0,0.0,48.73,43.1,28.48,74.018,90.0,0.0,43.708,0.0,0.0,801.0917318271473
2006-11-16 04:00:00,0.0,0.0,53.02,45.82,28.41,76.61399999999999,90.0,0.0,9.364000000000008,30.0,0.0,817.6917318271474
2006-11-16 05:00:00,0.0,0.0,58.04,49.62,30.8,78.28899999999999,90.0,0.0,29.828999999999994,0.0,0.0,812.6917318271474
2006-11-16 06:00:00,0.0,0.0,61.96,52.87,35.84,78.12100000000001,90.0,0.0,0.0,17.45099999999999,0.0,820.2564518271473
2006-11-16 07:00:00,0.0,0.0,63.94,54.78,40.56,78.3,90.0,0.0,9.02000000000001,0.0,0.0,815.2564518271473
2006-11-16 08:00:00,0.0,0.0,65.4,55.84,43.05,84.95199999999998,90.0,0.0,10.662000000000006,0.0,0.0,810.2564518271473
2006-11-16 09:00:00,0.0,0.0,66.74,56.36,44.13,91.54599999999999,90.0,0.0,14.316000000000003,0.0,0.0,805.2564518271473
2006-11-16 10:00:00,0.0,0.0,66.91,56.88,44.6,92.19399999999999,90.0,0.0,13.804000000000002,0.0,0.0,800.2564518271473
2006-11-16 11:00:00,0.0,0.0,66.08,56.29,44.87,100.00300000000001,90.0,0.0,22.763000000000005,0.0,0.0,795.2564518271473
2006-11-16 12:00:00,0.0,0.0,64.82,55.0,44.74,102.875,90.0,0.0,0.0,28.31500000000001,0.0,810.6432518271473
2006-11-16 13:00:00,0.0,0.0,63.68,53.31,44.31,96.10499999999999,90.0,0.0,0.0,24.804999999999982,0.0,823.5028518271473
2006-11-16 14:00:00,0.0,0.0,62.82,51.82,44.12,82.533,90.0,0.0,13.77300000000001,0.0,0.0,818.5028518271473
2006-11-16 15:00:00,0.0,0.0,63.09,51.3,44.91,65.05799999999999,90.0,4.241999999999976,0.0,0.0,0.0,813.5028518271473
2006-11-16 16:00:00,0.0,0.0,64.55,53.23,47.12,55.857000000000006,90.0,19.042999999999978,0.0,0.0,0.0,808.5028518271473
2006-11-16 17:00:00,0.0,0.0,64.85,56.16,48.74,58.194,90.0,21.555999999999997,0.0,0.0,0.0,803.5028518271473
2006-11-16 18:00:00,0.0,0.0,63.07,55.82,48.5,61.037,90.0,16.353,0.0,0.0,0.0,798.5028518271473
2006-11-16 19:00:00,0.0,0.0,59.9,53.39,46.89,63.286,90.0,6.8940000000000055,0.0,0.0,0.0,793.5028518271473
2006-11-16 20:00:00,0.0,0.0,56.74,52.3,44.26,62.111000000000004,90.0,1.1890000000000072,0.0,0.0,0.0,788.5028518271473
2006-11-16 21:00:00,0.0,0.0,53.68,52.91,40.59,59.324999999999996,90.0,0.0,2.144999999999989,0.0,0.0,783.5028518271473
2006-11-16 22:00:00,0.0,0.0,50.33,51.3,36.64,58.080999999999996,90.0,0.0,0.0,9.811000000000021,0.0,785.5667718271474
2006-11-16 23:00:00,0.0,0.0,47.96,48.41,33.03,54.81999999999999,90.0,0.0,15.420000000000005,0.0,0.0,780.5667718271474
2006-11-17 00:00:00,0.0,0.0,45.41,50.35,32.13,52.395999999999994,90.0,0.0,14.506000000000022,0.0,0.0,775.5667718271474
2006-11-17 01:00:00,0.0,0.0,45.04,48.37,30.79,50.255,90.0,0.0,16.055000000000003,0.0,0.0,770.5667718271474
2006-11-17 02:00:00,0.0,0.0,45.63,46.77,29.64,47.79900000000001,90.0,0.0,15.759,0.0,0.0,765.5667718271474
2006-11-17 03:00:00,0.0,0.0,47.61,47.16,29.05,46.667,90.0,0.0,0.0,12.847000000000023,0.0,769.8166118271474
2006-11-17 04:00:00,0.0,0.0,51.85,49.86,28.96,48.602000000000004,90.0,0.0,7.931999999999999,0.0,0.0,764.8166118271474
2006-11-17 05:00:00,0.0,0.0,56.87,53.67,31.32,50.82000000000001,90.0,1.039999999999992,0.0,0.0,0.0,759.8166118271474
2006-11-17 06:00:00,0.0,0.0,60.82,56.95,36.35,53.278000000000006,90.0,10.841999999999992,0.0,0.0,0.0,754.8166118271474
2006-11-17 07:00:00,0.0,0.0,62.81,58.85,41.09,54.935,90.0,17.814999999999998,0.0,0.0,0.0,749.8166118271474
2006-11-17 08:00:00,0.0,0.0,64.28,59.92,43.59,60.965,90.0,16.825000000000003,0.0,0.0,0.0,744.8166118271474
2006-11-17 09:00:00,0.0,0.0,65.61,60.43,44.69,66.581,90.0,14.149000000000008,0.0,0.0,0.0,739.8166118271474
2006-11-17 10:00:00,0.0,0.0,65.8,60.95,45.17,75.054,90.0,6.866000000000014,0.0,0.0,0.0,734.8166118271474
2006-11-17 11:00:00,0.0,0.0,64.97,60.37,45.44,83.289,90.0,0.0,2.5090000000000146,0.0,0.0,729.8166118271474
2006-11-17 12:00:00,0.0,0.0,63.72,59.07,45.32,86.856,90.0,0.0,8.746000000000016,0.0,0.0,724.8166118271474
2006-11-17 13:00:00,0.0,0.0,62.58,57.37,44.89,85.65700000000001,90.0,0.0,10.817000000000021,0.0,0.0,719.8166118271474
2006-11-17 14:00:00,0.0,0.0,61.72,55.87,44.7,79.347,90.0,0.0,0.0,7.057000000000013,0.0,719.8976518271475
2006-11-17 15:00:00,0.0,0.0,62.0,55.35,45.48,69.153,90.0,3.6769999999999783,0.0,0.0,0.0,714.8976518271475
2006-11-17 16:00:00,0.0,0.0,63.48,57.29,47.7,61.399,90.0,17.070999999999998,0.0,0.0,0.0,709.8976518271475
2006-11-17 17:00:00,0.0,0.0,63.78,60.25,49.33,53.086999999999996,90.0,30.27300000000001,0.0,0.0,0.0,704.8976518271475
2006-11-17 18:00:00,0.0,0.0,62.01,59.93,49.1,53.343,90.0,27.697,0.0,0.0,0.0,699.8976518271475
2006-11-17 19:00:00,0.0,0.0,58.83,57.48,47.48,53.767999999999994,90.0,20.02199999999999,0.0,0.0,0.0,694.8976518271475
2006-11-17 20:00:00,0.0,0.0,55.68,56.35,44.85,54.967,90.0,11.912999999999982,0.0,0.0,0.0,689.8976518271475
2006-11-17 21:00:00,0.0,0.0,52.65,56.95,41.18,57.358999999999995,90.0,3.4209999999999923,0.0,0.0,0.0,684.8976518271475
2006-11-17 22:00:00,0.0,0.0,49.29,55.4,37.23,58.348,90.0,0.0,6.427999999999997,0.0,0.0,679.8976518271475
2006-11-17 23:00:00,0.0,0.0,46.91,52.51,33.62,59.98799999999999,90.0,0.0,0.0,16.947999999999993,0.0,687.1002118271474
2006-11-18 00:00:00,0.0,0.0,37.84,48.62,31.03,59.699,90.0,0.0,20.0,12.208999999999989,0.0,690.8906918271474
2006-11-18 01:00:00,0.0,0.0,37.47,46.65,29.69,59.934,90.0,0.0,36.123999999999995,0.0,0.0,685.8906918271474
2006-11-18 02:00:00,0.0,0.0,38.04,45.02,28.53,59.961,90.0,0.0,34.43699722991674,3.934002770083289,0.0,683.7231738216074
2006-11-18 03:00:00,0.0,0.0,39.99,45.38,27.93,59.992999999999995,90.0,0.0,20.0,16.69299999999999,0.0,690.7421338216074
2006-11-18 04:00:00,0.0,0.0,44.19,48.06,27.82,59.854,90.0,0.0,29.783999999999985,0.0,0.0,685.7421338216074
2006-11-18 05:00:00,0.0,0.0,49.2,51.89,30.14,57.629,90.0,0.0,16.399,0.0,0.0,680.7421338216074
2006-11-18 06:00:00,0.0,0.0,53.18,55.19,35.16,55.555,90.0,0.0,2.0249999999999915,0.0,0.0,675.7421338216074
2006-11-18 07:00:00,0.0,0.0,55.19,57.1,39.92,55.882999999999996,90.0,6.326999999999998,0.0,0.0,0.0,670.7421338216074
2006-11-18 08:00:00,0.0,0.0,56.65,58.17,42.43,61.069,90.0,6.181000000000019,0.0,0.0,0.0,665.7421338216074
2006-11-18 09:00:00,0.0,0.0,57.98,58.67,43.55,68.802,90.0,1.3979999999999961,0.0,0.0,0.0,660.7421338216074
2006-11-18 10:00:00,0.0,0.0,58.2,59.18,44.04,75.232,90.0,0.0,0.0,3.8119999999999905,0.0,658.4867738216074
2006-11-18 11:00:00,0.0,0.0,57.37,58.61,44.31,80.14699999999999,90.0,0.0,7.805556786703601,2.051443213296391,0.0,654.9638129351807
2006-11-18 12:00:00,0.0,0.0,56.12,57.3,44.2,81.611,90.0,0.0,13.991000000000007,0.0,0.0,649.9638129351807
2006-11-18 13:00:00,0.0,0.0,54.98,55.6,43.77,76.114,90.0,0.0,11.76400000000001,0.0,0.0,644.9638129351807
2006-11-18 14:00:00,0.0,0.0,54.13,54.09,43.58,62.554,90.0,0.0,0.7539999999999907,0.0,0.0,639.9638129351807
2006-11-18 15:00:00,0.0,0.0,54.41,53.57,44.35,46.577,90.0,10.752999999999986,0.0,0.0,0.0,634.9638129351807
2006-11-18 16:00:00,0.0,0.0,55.91,55.51,46.58,36.997,90.0,26.003,0.0,0.0,0.0,629.9638129351807
2006-11-18 17:00:00,0.0,0.0,56.22,58.5,48.23,31.202,90.0,36.74799999999999,0.0,0.0,0.0,624.9638129351807
2006-11-18 18:00:00,0.0,0.0,54.46,58.21,48.0,29.78,90.0,35.89,0.0,0.0,0.0,619.9638129351807
2006-11-18 19:00:00,0.0,0.0,51.27,55.75,46.37,29.145000000000003,90.0,29.245000000000005,0.0,0.0,0.0,614.9638129351807
2006-11-18 20:00:00,0.0,0.0,48.13,54.56,43.74,27.334,90.0,24.09600000000003,0.0,0.0,0.0,609.9638129351807
2006-11-18 21:00:00,0.0,0.0,45.12,55.16,40.07,25.841,90.0,19.509000000000004,0.0,0.0,0.0,604.9638129351807
2006-11-18 22:00:00,0.0,0.0,41.75,53.67,36.13,24.625999999999998,90.0,11.924000000000003,0.0,0.0,0.0,599.9638129351807
2006-11-18 23:00:00,0.0,0.0,39.35,50.78,32.52,24.589000000000002,90.0,3.0610000000000355,0.0,0.0,0.0,594.9638129351807
2006-11-19 00:00:00,0.0,0.0,34.65,48.1,29.55,24.488,90.0,0.0,3.854666666666674,0.0,0.0,589.9638129351807
2006-11-19 01:00:00,0.0,0.0,34.26,46.15,28.2,24.493000000000002,90.0,0.0,7.245640812557808,0.0,0.0,584.9638129351807
2006-11-19 02:00:00,0.0,0.0,34.82,44.49,27.02,23.701,90.0,0.0,10.70433333333333,0.0,0.0,579.9638129351807
2006-11-19 03:00:00,0.0,0.0,36.75,44.82,26.42,23.567999999999998,90.0,0.0,7.24466666666666,0.0,0.0,574.9638129351807
2006-11-19 04:00:00,0.0,0.0,40.89,47.48,26.29,21.521,90.0,0.0,0.0,0.0,0.0,569.9638129351807
2006-11-19 05:00:00,0.0,0.0,45.91,51.31,28.58,21.337,90.0,9.46300000000001,0.0,0.0,0.0,564.9638129351807
2006-11-19 06:00:00,0.0,0.0,49.92,54.64,33.59,21.687999999999995,90.0,21.462000000000003,0.0,0.0,0.0,559.9638129351807
2006-11-19 07:00:00,0.0,0.0,51.94,56.56,38.36,23.403000000000002,90.0,28.457000000000004,0.0,0.0,0.0,554.9638129351807
2006-11-19 08:00:00,0.0,0.0,53.4,57.63,40.88,30.014999999999997,90.0,26.89500000000001,0.0,0.0,0.0,549.9638129351807
2006-11-19 09:00:00,0.0,0.0,54.73,58.13,42.03,40.379,90.0,19.511000000000024,0.0,0.0,0.0,544.9638129351807
2006-11-19 10:00:00,0.0,0.0,54.96,58.62,42.53,52.91,90.0,8.200000000000017,0.0,0.0,0.0,539.9638129351807
2006-11-19 11:00:00,0.0,0.0,54.14,58.07,42.8,63.79500000000001,90.0,0.0,0.0,0.0,0.0,534.9638129351807
2006-11-19 12:00:00,0.0,0.0,52.89,56.75,42.7,71.24199999999999,90.0,0.0,9.449463527239157,0.0,0.0,529.9638129351807
2006-11-19 13:00:00,0.0,0.0,51.75,55.04,42.27,72.049,90.0,0.0,14.655666666666662,0.0,0.0,524.9638129351807
2006-11-19 14:00:00,0.0,0.0,50.91,53.52,42.08,66.82900000000001,90.0,0.0,10.318999999999996,0.0,0.0,519.9638129351807
2006-11-19 15:00:00,0.0,0.0,51.19,52.99,42.83,60.259,90.0,0.0,3.2489999999999952,0.0,0.0,514.9638129351807
2006-11-19 16:00:00,0.0,0.0,52.71,54.95,45.07,54.720000000000006,90.0,3.010000000000007,0.0,0.0,0.0,509.9638129351807
2006-11-19 17:00:00,0.0,0.0,53.04,57.97,46.74,53.744,90.0,9.006000000000018,0.0,0.0,0.0,504.9638129351807
2006-11-19 18:00:00,0.0,0.0,51.28,57.7,46.51,46.412,90.0,14.07799999999998,0.0,0.0,0.0,499.9638129351807
2006-11-19 19:00:00,0.0,0.0,48.08,55.22,44.88,45.274,90.0,7.905999999999988,0.0,0.0,0.0,494.9638129351807
2006-11-19 20:00:00,0.0,0.0,44.94,53.99,42.24,50.794,90.0,0.0,0.0,0.0,0.0,489.9638129351807
2006-11-19 21:00:00,0.0,0.0,41.96,54.58,38.57,55.711999999999996,90.0,0.0,0.0,10.601999999999997,0.0,492.59725293518073
2006-11-19 22:00:00,0.0,0.0,38.58,53.15,34.63,58.827,90.0,0.0,22.467000000000013,0.0,0.0,487.59725293518073
2006-11-19 23:00:00,0.0,0.0,36.17,50.27,31.03,60.015,90.0,0.0,2.5449999999999733,30.0,0.0,504.19725293518076
2006-11-20 00:00:00,0.0,0.0,46.86,55.13,30.25,60.41,90.0,0.0,18.169999999999998,0.0,0.0,499.19725293518076
2006-11-20 01:00:00,0.0,0.0,46.46,53.19,28.89,61.382,90.0,0.0,22.842000000000006,0.0,0.0,494.19725293518076
2006-11-20 02:00:00,0.0,0.0,47.01,51.51,27.7,60.293,90.0,0.0,0.0,24.072999999999993,0.0,506.52981293518076
2006-11-20 03:00:00,0.0,0.0,48.91,51.81,27.09,61.694,90.0,0.0,23.884000000000004,0.0,0.0,501.52981293518076
2006-11-20 04:00:00,0.0,0.0,53.0,54.46,26.94,61.576,90.0,0.0,17.175999999999988,0.0,0.0,496.52981293518076
2006-11-20 05:00:00,0.0,0.0,58.02,58.3,29.2,61.531000000000006,90.0,0.0,0.0,6.011000000000003,0.0,495.85773293518076
2006-11-20 06:00:00,0.0,0.0,62.05,61.65,34.19,61.744,90.0,6.146000000000004,0.0,0.0,0.0,490.85773293518076
2006-11-20 07:00:00,0.0,0.0,64.09,63.57,38.98,63.513000000000005,90.0,13.126999999999999,0.0,0.0,0.0,485.85773293518076
2006-11-20 08:00:00,0.0,0.0,65.55,64.64,41.52,69.71300000000001,90.0,11.99700000000001,0.0,0.0,0.0,480.85773293518076
2006-11-20 09:00:00,0.0,0.0,66.88,65.13,42.68,80.27399999999999,90.0,4.416000000000004,0.0,0.0,0.0,475.85773293518076
2006-11-20 10:00:00,0.0,0.0,67.13,65.62,43.19,92.28099999999999,90.0,0.0,0.0,6.341000000000001,0.0,475.42325293518076
2006-11-20 11:00:00,0.0,0.0,66.32,65.08,43.47,100.396,90.0,0.0,15.525999999999996,0.0,0.0,470.42325293518076
2006-11-20 12:00:00,0.0,0.0,65.07,63.75,43.37,104.11,90.0,0.0,0.0,21.919999999999973,0.0,481.20565293518075
2006-11-20 13:00:00,0.0,0.0,63.92,62.03,42.94,101.75200000000001,90.0,0.0,22.861999999999995,0.0,0.0,476.20565293518075
2006-11-20 14:00:00,0.0,0.0,63.09,60.5,42.75,94.216,90.0,0.0,0.0,17.87600000000001,0.0,484.07637293518076
2006-11-20 15:00:00,0.0,0.0,63.37,59.98,43.49,82.78999999999999,90.0,0.0,5.949999999999989,0.0,0.0,479.07637293518076
2006-11-20 16:00:00,0.0,0.0,64.91,61.94,45.75,73.224,90.0,9.375999999999998,0.0,0.0,0.0,474.07637293518076
2006-11-20 17:00:00,0.0,0.0,65.25,64.99,47.42,65.23100000000001,90.0,22.428999999999988,0.0,0.0,0.0,469.07637293518076
2006-11-20 18:00:00,0.0,0.0,63.5,64.75,47.2,67.20599999999999,90.0,18.244,0.0,0.0,0.0,464.07637293518076
2006-11-20 19:00:00,0.0,0.0,60.29,62.25,45.56,69.94800000000001,90.0,8.151999999999987,0.0,0.0,0.0,459.07637293518076
2006-11-20 20:00:00,0.0,0.0,57.16,60.97,42.92,71.679,90.0,0.0,0.6290000000000191,0.0,0.0,454.07637293518076
2006-11-20 21:00:00,0.0,0.0,54.21,61.55,39.26,74.765,90.0,0.0,0.0,9.745000000000005,0.0,456.09277293518073
2006-11-20 22:00:00,0.0,0.0,50.82,60.18,35.32,77.663,90.0,0.0,21.343000000000018,0.0,0.0,451.09277293518073
2006-11-20 23:00:00,0.0,0.0,48.39,57.3,31.71,80.80799999999999,90.0,0.0,33.408,0.0,0.0,446.09277293518073
2006-11-21 00:00:00,0.0,0.0,48.28,54.33,31.73,82.807,90.0,0.0,8.467000000000013,30.0,0.0,462.69277293518076
2006-11-21 01:00:00,0.0,0.0,47.87,52.4,30.36,84.45499999999998,90.0,0.0,40.0,3.8249999999999957,0.0,460.4467729351808
2006-11-21 02:00:00,0.0,0.0,48.4,50.69,29.16,82.965,90.0,0.0,14.71499999999999,30.0,0.0,477.0467729351808
2006-11-21 03:00:00,0.0,0.0,50.28,50.96,28.54,82.928,90.0,0.0,13.147999999999989,30.0,0.0,493.6467729351808
2006-11-21 04:00:00,0.0,0.0,54.33,53.59,28.37,83.596,90.0,0.0,20.0,17.305999999999983,0.0,501.1070929351808
2006-11-21 05:00:00,0.0,0.0,59.34,57.44,30.59,83.31700000000001,90.0,0.0,18.60839058171745,7.338609418282552,0.0,501.39089171634424
2006-11-21 06:00:00,0.0,0.0,63.4,60.82,35.58,83.431,90.0,0.0,0.0,13.63099999999999,0.0,506.20521171634425
2006-11-21 07:00:00,0.0,0.0,65.46,62.74,40.38,83.951,90.0,0.0,5.370999999999995,0.0,0.0,501.20521171634425
2006-11-21 08:00:00,0.0,0.0,66.91,63.81,42.93,88.84400000000002,90.0,0.0,5.193999999999988,0.0,0.0,496.20521171634425
2006-11-21 09:00:00,0.0,0.0,68.24,64.3,44.12,96.089,90.0,0.0,9.429000000000016,0.0,0.0,491.20521171634425
2006-11-21 10:00:00,0.0,0.0,68.51,64.78,44.63,103.31,90.0,0.0,15.39,0.0,0.0,486.20521171634425
2006-11-21 11:00:00,0.0,0.0,67.71,64.25,44.91,107.44,90.0,0.0,0.0,20.570000000000007,0.0,496.01561171634427
2006-11-21 12:00:00,0.0,0.0,66.46,62.91,44.82,108.46600000000001,90.0,0.0,24.276000000000003,0.0,0.0,491.01561171634427
2006-11-21 13:00:00,0.0,0.0,65.31,61.18,44.4,104.70399999999998,90.0,0.0,23.813999999999993,0.0,0.0,486.01561171634427
2006-11-21 14:00:00,0.0,0.0,64.48,59.64,44.21,92.935,90.0,0.0,14.60499999999999,0.0,0.0,481.01561171634427
2006-11-21 15:00:00,0.0,0.0,64.77,59.12,44.94,78.625,90.0,0.0,0.0,0.0,0.0,476.01561171634427
2006-11-21 16:00:00,0.0,0.0,66.33,61.09,47.2,72.018,90.0,9.268666666666691,0.0,0.0,0.0,471.01561171634427
2006-11-21 17:00:00,0.0,0.0,66.68,64.17,48.9,69.30799999999999,90.0,17.108666666666686,0.0,0.0,0.0,466.01561171634427
2006-11-21 18:00:00,0.0,0.0,64.94,63.96,48.67,68.91199999999999,90.0,15.01683249999989,0.0,0.0,0.0,461.01561171634427
2006-11-21 19:00:00,0.0,0.0,61.72,61.43,47.03,68.666,90.0,9.847333333333353,0.0,0.0,0.0,456.01561171634427
2006-11-21 20:00:00,0.0,0.0,58.59,60.1,44.38,68.086,90.0,3.3173333333333233,0.0,0.0,0.0,451.01561171634427
2006-11-21 21:00:00,0.0,0.0,55.66,60.69,40.72,66.614,90.0,0.0,0.0,0.0,0.0,446.01561171634427
2006-11-21 22:00:00,0.0,0.0,52.27,59.37,36.79,64.182,90.0,0.0,5.752000000000017,0.0,0.0,441.01561171634427
2006-11-21 23:00:00,0.0,0.0,49.82,56.5,33.18,61.497,90.0,0.0,11.996999999999986,0.0,0.0,436.01561171634427
2006-11-22 00:00:00,0.0,0.0,49.48,57.88,32.85,59.71,90.0,0.0,9.5,0.0,0.0,431.01561171634427
2006-11-22 01:00:00,0.0,0.0,49.05,55.96,31.48,58.545,90.0,0.0,12.054999999999964,0.0,0.0,426.01561171634427
2006-11-22 02:00:00,0.0,0.0,49.58,54.23,30.26,56.409,90.0,0.0,12.33899999999997,0.0,0.0,421.01561171634427
2006-11-22 03:00:00,0.0,0.0,51.44,54.47,29.64,54.36,90.0,0.0,8.810000000000016,0.0,0.0,416.01561171634427
2006-11-22 04:00:00,0.0,0.0,55.43,57.08,29.45,50.631,90.0,0.0,0.0,0.0,0.0,411.01561171634427
2006-11-22 05:00:00,0.0,0.0,60.44,60.94,31.64,48.650999999999996,90.0,9.369000000000014,0.0,0.0,0.0,406.01561171634427
2006-11-22 06:00:00,0.0,0.0,64.53,64.35,36.61,48.15,90.0,22.340000000000007,0.0,0.0,0.0,401.01561171634427
2006-11-22 07:00:00,0.0,0.0,66.6,66.27,41.42,48.556,90.0,15.733999999999995,0.0,0.0,15.0,368.742884443617
2006-11-22 08:00:00,0.0,0.0,68.06,67.34,43.99,51.790000000000006,104.5711179060104,18.0288820939896,0.0,0.0,0.0,363.742884443617
2006-11-22 09:00:00,0.0,0.0,69.39,67.82,45.2,58.494,90.0,28.916000000000025,0.0,0.0,0.0,358.742884443617
2006-11-22 10:00:00,0.0,0.0,69.67,68.29,45.72,66.697,90.0,6.983000000000018,0.0,0.0,15.0,326.47015717088976
2006-11-22 11:00:00,0.0,0.0,68.88,67.78,46.01,73.083,104.58699999999999,0.0,0.0,0.0,0.0,321.47015717088976
2006-11-22 12:00:00,0.0,0.0,67.63,66.43,45.93,76.435,90.0,8.555000000000028,0.0,0.0,0.0,316.47015717088976
2006-11-22 13:00:00,0.0,0.0,66.48,64.69,45.5,74.499,97.17100000000002,0.0,0.0,0.0,0.0,311.47015717088976
2006-11-22 14:00:00,0.0,0.0,65.65,63.14,45.31,64.22299999999998,90.0,14.877000000000017,0.0,0.0,0.0,306.47015717088976
2006-11-22 15:00:00,0.0,0.0,65.95,62.62,46.03,53.914,90.0,10.686,0.0,0.0,15.0,274.1974298981625
2006-11-22 16:00:00,0.0,0.0,67.53,64.6,48.3,47.44200000000001,90.0,37.69411790601028,0.0,0.0,0.29388209398972265,268.6630988181812
2006-11-22 17:00:00,0.0,0.0,67.89,67.7,50.01,39.772,90.0,35.828,0.0,0.0,15.0,236.39037154545392
2006-11-22 18:00:00,0.0,0.0,66.16,67.52,49.79,38.035000000000004,115.0,10.434999999999995,0.0,0.0,15.0,204.11764427272664
2006-11-22 19:00:00,0.0,0.0,62.93,64.98,48.14,38.218,90.0,42.83200000000001,0.0,0.0,0.0,199.11764427272664
2006-11-22 20:00:00,0.0,0.0,59.8,63.6,45.49,40.701,90.0,18.189000000000007,0.0,0.0,15.0,166.84491699999936
2006-11-22 21:00:00,0.0,0.0,56.9,64.18,41.83,43.376999999999995,110.0,4.533000000000012,0.0,0.0,0.0,161.84491699999936
2006-11-22 22:00:00,0.0,0.0,53.5,62.92,37.9,46.697,102.62299999999999,0.0,0.0,0.0,0.0,156.84491699999936
2006-11-22 23:00:00,0.0,0.0,51.03,60.06,34.3,51.181,90.0,0.0,0.0,0.0,0.0,151.84491699999936
2006-11-23 00:00:00,0.0,0.0,48.4,49.9,31.52,58.635999999999996,90.0,0.0,0.0,18.816000000000006,0.0,160.39243699999935
2006-11-23 01:00:00,0.0,0.0,47.96,47.99,30.13,67.956,90.0,0.0,1.8759999999999906,30.0,0.0,176.99243699999934
2006-11-23 02:00:00,0.0,0.0,48.47,46.23,28.91,76.226,90.0,0.0,12.616000000000014,30.0,0.0,193.59243699999934
2006-11-23 03:00:00,0.0,0.0,50.3,46.44,28.27,81.49,90.0,0.0,16.480000000000018,30.0,0.0,210.19243699999933
2006-11-23 04:00:00,0.0,0.0,54.25,49.03,28.06,84.912,90.0,0.0,13.572000000000003,30.0,0.0,226.79243699999932
2006-11-23 05:00:00,0.0,0.0,59.26,52.9,30.22,88.68799999999999,90.0,0.0,6.307999999999993,30.0,0.0,243.39243699999932
2006-11-23 06:00:00,0.0,0.0,63.38,56.34,35.18,92.03099999999999,90.0,2.869000000000007,0.0,30.0,0.0,259.9924369999993
2006-11-23 07:00:00,0.0,0.0,65.47,58.25,40.01,93.51700000000001,90.0,0.0,0.0,19.78700000000001,0.0,269.2390769999993
2006-11-23 08:00:00,0.0,0.0,66.92,59.34,42.59,97.965,90.0,0.0,0.0,19.114999999999988,0.0,278.0018769999993
2006-11-23 09:00:00,0.0,0.0,68.24,59.81,43.82,103.90400000000001,90.0,0.0,0.0,22.034000000000006,0.0,288.8663569999993
2006-11-23 10:00:00,0.0,0.0,68.54,60.27,44.35,110.255,90.0,0.0,0.0,27.094999999999988,0.0,303.3747569999993
2006-11-23 11:00:00,0.0,0.0,67.76,59.77,44.64,113.55099999999999,90.0,0.0,1.380999999999986,30.0,0.0,319.97475699999933
2006-11-23 12:00:00,0.0,0.0,66.51,58.41,44.57,113.95099999999998,90.0,0.0,4.460999999999984,30.0,0.0,336.57475699999935
2006-11-23 13:00:00,0.0,0.0,65.36,56.67,44.15,112.29199999999999,90.0,0.0,6.111999999999981,30.0,0.0,353.1747569999994
2006-11-23 14:00:00,0.0,0.0,64.54,55.1,43.95,108.32300000000001,90.0,0.0,4.732999999999997,30.0,0.0,369.7747569999994
2006-11-23 15:00:00,0.0,0.0,64.84,54.58,44.66,101.36099999999999,90.0,0.0,0.0,27.281000000000002,0.0,384.4170769999994
2006-11-23 16:00:00,0.0,0.0,66.44,56.57,46.94,91.021,90.0,18.772,0.0,29.843000000000032,0.0,400.9040369999994
2006-11-23 17:00:00,0.0,0.0,66.81,59.7,48.67,81.50000000000001,90.0,3.680000000000007,0.0,0.0,0.0,395.9040369999994
2006-11-23 18:00:00,0.0,0.0,65.09,59.54,48.45,75.843,90.0,7.237000000000023,0.0,0.0,0.0,390.9040369999994
2006-11-23 19:00:00,0.0,0.0,61.85,56.98,46.79,73.455,90.0,2.164999999999985,0.0,0.0,0.0,385.9040369999994
2006-11-23 20:00:00,0.0,0.0,58.73,55.56,44.14,77.575,90.0,0.0,0.0,9.145000000000017,0.0,387.4884369999994
2006-11-23 21:00:00,0.0,0.0,55.85,56.13,40.48,78.72399999999999,90.0,0.0,0.0,16.26400000000002,0.0,394.1985169999994
2006-11-23 22:00:00,0.0,0.0,52.44,54.93,36.55,80.99399999999999,90.0,0.0,0.0,27.074000000000026,0.0,408.69179699999944
2006-11-23 23:00:00,0.0,0.0,49.96,52.07,32.95,81.163,90.0,0.0,6.1829999999999785,30.0,0.0,425.29179699999946
2006-11-24 00:00:00,0.0,0.0,45.91,48.28,30.97,79.895,90.0,0.0,14.735,30.0,0.0,441.8917969999995
2006-11-24 01:00:00,0.0,0.0,45.46,46.39,29.57,79.483,90.0,0.0,18.063000000000017,30.0,0.0,458.4917969999995
2006-11-24 02:00:00,0.0,0.0,45.96,44.6,28.33,77.793,90.0,0.0,18.90299999999999,30.0,0.0,475.09179699999953
2006-11-24 03:00:00,0.0,0.0,47.77,44.78,27.69,76.418,90.0,0.0,16.177999999999997,30.0,0.0,491.69179699999955
2006-11-24 04:00:00,0.0,0.0,51.66,47.36,27.46,74.32400000000001,90.0,0.0,7.843999999999994,30.0,0.0,508.2917969999996
2006-11-24 05:00:00,0.0,0.0,56.67,51.24,29.58,72.25099999999999,90.0,0.0,0.0,24.760999999999992,0.0,521.1197169999996
2006-11-24 06:00:00,0.0,0.0,60.81,54.7,34.53,70.584,90.0,0.0,0.0,10.54399999999998,0.0,523.7113969999996
2006-11-24 07:00:00,0.0,0.0,62.92,56.62,39.38,70.958,90.0,0.0,0.0,2.0380000000000074,0.0,520.1787569999996
2006-11-24 08:00:00,0.0,0.0,64.37,57.7,41.98,74.49499999999999,90.0,0.0,0.0,0.4450000000000003,0.0,515.4991569999995
2006-11-24 09:00:00,0.0,0.0,65.7,58.17,43.23,80.315,90.0,8.40869749999992,0.0,11.623697499999942,0.0,518.8682191999994
2006-11-24 10:00:00,0.0,0.0,66.01,58.62,43.76,83.505,90.0,0.0,0.0,5.1150000000000055,0.0,517.5510191999995
2006-11-24 11:00:00,0.0,0.0,65.23,58.13,44.05,86.038,90.0,0.0,0.0,8.628000000000004,0.0,518.7631791999995
2006-11-24 12:00:00,0.0,0.0,63.99,56.77,43.99,83.478,90.0,0.0,0.0,8.727999999999977,0.0,520.0473391999994
2006-11-24 13:00:00,0.0,0.0,62.84,55.01,43.57,79.643,90.0,0.0,0.0,8.22300000000001,0.0,520.9678991999995
2006-11-24 14:00:00,0.0,0.0,62.02,53.44,43.37,74.05,90.0,0.0,0.0,5.220000000000006,0.0,519.7262991999995
2006-11-24 15:00:00,0.0,0.0,62.32,52.91,44.07,72.899,90.0,4.18114000000002,0.0,7.780140000000042,0.0,520.3279999999995
2006-11-24 16:00:00,0.0,0.0,63.95,54.91,46.36,75.48299999999999,90.0,0.0,0.0,0.26299999999998036,0.0,515.5173599999995
2006-11-24 17:00:00,0.0,0.0,64.33,58.07,48.1,77.52699999999999,90.0,20.0,0.0,17.027000000000015,0.0,522.7767999999995
2006-11-24 18:00:00,0.0,0.0,62.61,57.94,47.89,79.97399999999999,90.0,20.0,0.0,21.534,0.0,533.2812799999995
2006-11-24 19:00:00,0.0,0.0,59.36,55.36,46.23,79.941,90.0,0.0,0.0,8.991000000000021,0.0,534.7547999999995
2006-11-24 20:00:00,0.0,0.0,56.25,53.89,43.57,77.428,90.0,0.0,0.0,13.718,0.0,539.6317599999995
2006-11-24 21:00:00,0.0,0.0,53.4,54.46,39.92,73.274,90.0,0.0,0.0,15.494000000000007,0.0,545.7874399999995
2006-11-24 22:00:00,0.0,0.0,49.98,53.32,35.99,70.22800000000001,90.0,0.0,0.0,20.93800000000001,0.0,555.8627999999995
2006-11-24 23:00:00,0.0,0.0,47.48,50.46,32.39,68.63,90.0,0.0,0.0,28.300000000000022,0.0,571.2387999999995
2006-11-25 00:00:00,0.0,0.0,37.35,40.25,28.57,67.548,90.0,0.0,21.377999999999993,30.0,0.0,587.8387999999995
2006-11-25 01:00:00,0.0,0.0,36.88,38.36,27.17,67.142,90.0,0.0,24.732000000000006,30.0,0.0,604.4387999999996
2006-11-25 02:00:00,0.0,0.0,37.37,36.56,25.92,66.356,90.0,0.0,26.506000000000014,30.0,0.0,621.0387999999996
2006-11-25 03:00:00,0.0,0.0,39.15,36.7,25.27,66.703,90.0,0.0,25.583,30.0,0.0,637.6387999999996
2006-11-25 04:00:00,0.0,0.0,42.99,39.26,25.02,67.16,90.0,0.0,19.890000000000022,30.0,0.0,654.2387999999996
2006-11-25 05:00:00,0.0,0.0,48.0,43.15,27.1,68.07,90.0,0.0,9.819999999999993,30.0,0.0,670.8387999999997
2006-11-25 06:00:00,0.0,0.0,52.18,46.64,32.05,71.119,90.0,0.0,0.24900000000000233,30.0,0.0,687.4387999999997
2006-11-25 07:00:00,0.0,0.0,54.3,48.56,36.91,71.59,90.0,0.0,0.0,21.82,0.0,698.1491999999997
2006-11-25 08:00:00,0.0,0.0,55.74,49.64,39.52,73.65500000000002,90.0,0.0,0.0,18.754999999999963,0.0,706.6527999999997
2006-11-25 09:00:00,0.0,0.0,57.07,50.1,40.79,80.06899999999999,90.0,0.0,0.0,22.109000000000034,0.0,717.5712799999998
2006-11-25 10:00:00,0.0,0.0,57.4,50.54,41.33,90.12199999999999,90.0,0.0,0.8519999999999754,30.0,0.0,734.1712799999998
2006-11-25 11:00:00,0.0,0.0,56.63,50.07,41.63,97.904,90.0,0.0,9.574000000000012,30.0,0.0,750.7712799999998
2006-11-25 12:00:00,0.0,0.0,55.39,48.7,41.57,101.937,90.0,0.0,16.277,30.0,0.0,767.3712799999998
2006-11-25 13:00:00,0.0,0.0,54.24,46.94,41.16,100.68299999999999,90.0,0.0,18.34299999999999,30.0,0.0,783.9712799999999
2006-11-25 14:00:00,0.0,0.0,53.43,45.35,40.96,95.9,90.0,0.0,16.159999999999997,30.0,0.0,800.5712799999999
2006-11-25 15:00:00,0.0,0.0,53.73,44.83,41.64,89.69200000000001,90.0,0.0,9.49199999999999,30.0,0.0,817.1712799999999
2006-11-25 16:00:00,0.0,0.0,55.38,46.83,43.94,81.53899999999999,90.0,0.0,0.0,25.388999999999992,0.0,830.4513599999999
2006-11-25 17:00:00,0.0,0.0,55.77,50.02,45.7,74.59599999999999,90.0,0.0,0.0,13.106000000000009,0.0,834.8876799999999
2006-11-25 18:00:00,0.0,0.0,54.06,49.92,45.48,73.539,90.0,0.0,0.0,14.078999999999994,0.0,840.02456
2006-11-25 19:00:00,0.0,0.0,50.8,47.32,43.82,72.55499999999999,90.0,0.0,0.0,20.61500000000001,0.0,849.86736
2006-11-25 20:00:00,0.0,0.0,47.69,45.8,41.16,70.223,90.0,0.0,0.0,25.573000000000015,0.0,863.27992
2006-11-25 21:00:00,0.0,0.0,44.87,46.37,37.51,67.912,90.0,0.0,0.0,29.162,0.0,879.2765599999999
2006-11-25 22:00:00,0.0,0.0,41.44,45.28,33.58,65.495,90.0,0.0,5.195000000000022,30.0,0.0,895.8765599999999
2006-11-25 23:00:00,0.0,0.0,38.93,42.43,29.98,62.733999999999995,90.0,0.0,11.394000000000005,30.0,0.0,912.47656
2006-11-26 00:00:00,0.0,0.0,34.02,42.28,27.94,57.806000000000004,90.0,0.0,13.566000000000003,30.0,0.0,929.07656
2006-11-26 01:00:00,0.0,0.0,33.54,40.4,26.53,53.748,90.0,0.0,13.277999999999992,30.0,0.0,945.67656
2006-11-26 02:00:00,0.0,0.0,34.02,38.57,25.26,50.56399999999999,90.0,0.0,12.713999999999984,30.0,0.0,962.27656
2006-11-26 03:00:00,0.0,0.0,35.78,38.68,24.61,47.157,90.0,0.0,8.087000000000018,30.0,0.0,978.87656
2006-11-26 04:00:00,0.0,0.0,39.57,41.22,24.34,44.027,90.0,0.0,0.0,28.897000000000006,0.0,994.6824
2006-11-26 05:00:00,0.0,0.0,44.58,45.13,26.39,40.42999999999999,90.0,0.0,0.0,14.329999999999991,0.0,1000.0
2006-11-26 06:00:00,0.0,0.0,48.78,48.63,31.32,36.952,90.0,1.7780000000000058,0.0,0.0,0.0,995.0
2006-11-26 07:00:00,0.0,0.0,50.92,50.56,36.2,35.409,90.0,12.271,0.0,0.0,0.0,990.0
2006-11-26 08:00:00,0.0,0.0,52.36,51.65,38.82,37.099,90.0,15.730999999999995,0.0,0.0,0.0,985.0
2006-11-26 09:00:00,0.0,0.0,53.69,52.1,40.11,43.284,90.0,12.615999999999985,0.0,0.0,0.0,980.0
2006-11-26 10:00:00,0.0,0.0,54.04,52.53,40.67,47.894999999999996,90.0,9.345000000000017,0.0,0.0,0.0,975.0
2006-11-26 11:00:00,0.0,0.0,53.27,52.07,40.96,50.843,90.0,5.457000000000008,0.0,0.0,0.0,970.0
2006-11-26 12:00:00,0.0,0.0,52.03,50.69,40.92,53.81299999999999,90.0,0.0,0.1729999999999876,0.0,0.0,965.0
2006-11-26 13:00:00,0.0,0.0,50.88,48.92,40.5,53.75399999999999,90.0,0.0,3.4540000000000077,0.0,0.0,960.0
2006-11-26 14:00:00,0.0,0.0,50.07,47.33,40.3,47.834,90.0,0.0,0.13400000000001455,0.0,0.0,955.0
2006-11-26 15:00:00,0.0,0.0,50.38,46.8,40.97,38.022,90.0,10.128,0.0,0.0,0.0,950.0
2006-11-26 16:00:00,0.0,0.0,52.05,48.81,43.28,32.329,90.0,21.811000000000007,0.0,0.0,0.0,945.0
2006-11-26 17:00:00,0.0,0.0,52.45,52.03,45.06,33.03,90.0,26.51000000000002,0.0,0.0,0.0,940.0
2006-11-26 18:00:00,0.0,0.0,50.75,51.96,44.85,38.77,90.0,18.789999999999992,0.0,0.0,0.0,935.0
2006-11-26 19:00:00,0.0,0.0,47.48,49.34,43.18,43.524,90.0,6.475999999999999,0.0,0.0,0.0,930.0
2006-11-26 20:00:00,0.0,0.0,44.37,47.77,40.51,47.77799999999999,90.0,0.0,5.128000000000014,0.0,0.0,925.0
2006-11-26 21:00:00,0.0,0.0,41.58,48.33,36.86,50.785000000000004,90.0,0.0,14.015000000000015,0.0,0.0,920.0
2006-11-26 22:00:00,0.0,0.0,38.14,47.3,32.94,52.17399999999999,90.0,0.0,23.79400000000001,0.0,0.0,915.0
2006-11-26 23:00:00,0.0,0.0,35.61,44.45,29.34,53.106,90.0,0.0,3.705999999999989,30.0,0.0,931.6
2006-11-27 00:00:00,0.0,0.0,46.17,49.59,28.61,53.157,90.0,0.0,18.786999999999995,0.0,0.0,926.6
2006-11-27 01:00:00,0.0,0.0,45.68,47.72,27.19,53.252,90.0,0.0,22.662,0.0,0.0,921.6
2006-11-27 02:00:00,0.0,0.0,46.15,45.86,25.91,53.516999999999996,90.0,0.0,25.597,0.0,0.0,916.6
2006-11-27 03:00:00,0.0,0.0,47.88,45.95,25.24,54.019999999999996,90.0,0.0,20.0,4.949999999999996,0.0,915.164
2006-11-27 04:00:00,0.0,0.0,51.62,48.47,24.96,53.693,90.0,0.0,10.33328808864269,8.309711911357297,0.0,916.1469925761772
2006-11-27 05:00:00,0.0,0.0,56.63,52.38,26.97,54.333,90.0,0.0,8.352999999999994,0.0,0.0,911.1469925761772
2006-11-27 06:00:00,0.0,0.0,60.86,55.92,31.89,54.713,90.0,2.2903333333333364,0.0,0.0,0.0,906.1469925761772
2006-11-27 07:00:00,0.0,0.0,63.01,57.84,36.78,55.515,90.0,10.448333333333355,0.0,0.0,0.0,901.1469925761772
2006-11-27 08:00:00,0.0,0.0,64.45,58.93,39.42,60.57,90.0,8.896666666666661,0.0,0.0,0.0,896.1469925761772
2006-11-27 09:00:00,0.0,0.0,65.78,59.38,40.74,69.48199999999999,90.0,4.751333333333349,0.0,0.0,0.0,891.1469925761772
2006-11-27 10:00:00,0.0,0.0,66.15,59.8,41.3,75.99699999999999,90.0,1.2530000000000001,0.0,0.0,0.0,886.1469925761772
2006-11-27 11:00:00,0.0,0.0,65.39,59.36,41.6,80.295,90.0,0.0,3.944999999999979,0.0,0.0,881.1469925761772
2006-11-27 12:00:00,0.0,0.0,64.15,57.96,41.56,80.924,90.0,0.0,7.253999999999981,0.0,0.0,876.1469925761772
2006-11-27 13:00:00,0.0,0.0,63.0,56.19,41.15,76.18299999999999,90.0,0.0,5.8430000000000035,0.0,0.0,871.1469925761772
2006-11-27 14:00:00,0.0,0.0,62.2,54.58,40.94,66.129,90.0,0.0,0.0,0.0,0.0,866.1469925761772
2006-11-27 15:00:00,0.0,0.0,62.51,54.05,41.6,59.449,90.0,5.3776666666666415,0.0,0.0,0.0,861.1469925761772
2006-11-27 16:00:00,0.0,0.0,64.2,56.08,43.92,56.51,90.0,12.690000000000019,0.0,0.0,0.0,856.1469925761772
2006-11-27 17:00:00,0.0,0.0,64.61,59.32,45.72,54.538999999999994,90.0,25.110999999999986,0.0,0.0,0.0,851.1469925761772
2006-11-27 18:00:00,0.0,0.0,62.91,59.28,45.5,55.956,90.0,19.058158333333246,0.0,0.0,0.0,846.1469925761772
2006-11-27 19:00:00,0.0,0.0,59.64,56.64,43.83,57.196000000000005,90.0,9.580666666666673,0.0,0.0,0.0,841.1469925761772
2006-11-27 20:00:00,0.0,0.0,56.54,55.03,41.16,56.75399999999999,90.0,2.6426666666666705,0.0,0.0,0.0,836.1469925761772
2006-11-27 21:00:00,0.0,0.0,53.76,55.58,37.52,56.043,90.0,0.0,0.0,0.0,0.0,831.1469925761772
2006-11-27 22:00:00,0.0,0.0,50.32,54.61,33.59,55.394999999999996,90.0,0.0,6.874999999999993,0.0,0.0,826.1469925761772
2006-11-27 23:00:00,0.0,0.0,47.77,51.77,30.0,54.485,90.0,0.0,14.944999999999993,0.0,0.0,821.1469925761772
2006-11-28 00:00:00,0.0,0.0,48.31,52.02,30.01,53.42399999999999,90.0,0.0,13.083999999999989,0.0,0.0,816.1469925761772
2006-11-28 01:00:00,0.0,0.0,47.8,50.16,28.58,52.509,90.0,0.0,15.969000000000001,0.0,0.0,811.1469925761772
2006-11-28 02:00:00,0.0,0.0,48.26,48.28,27.29,51.79,90.0,0.0,17.959999999999994,0.0,0.0,806.1469925761772
2006-11-28 03:00:00,0.0,0.0,49.97,48.34,26.62,51.569,90.0,0.0,16.63899999999998,0.0,0.0,801.1469925761772
2006-11-28 04:00:00,0.0,0.0,53.66,50.84,26.31,51.315000000000005,90.0,0.0,10.505000000000003,0.0,0.0,796.1469925761772
2006-11-28 05:00:00,0.0,0.0,58.67,54.76,28.29,51.830999999999996,90.0,0.0,0.11100000000001486,0.0,0.0,791.1469925761772
2006-11-28 06:00:00,0.0,0.0,62.92,58.32,33.21,51.528999999999996,97.921,0.0,0.0,0.0,0.0,786.1469925761772
2006-11-28 07:00:00,0.0,0.0,65.09,60.25,38.11,51.31,90.0,17.140000000000008,0.0,0.0,0.0,781.1469925761772
2006-11-28 08:00:00,0.0,0.0,66.53,61.34,40.76,53.24399999999999,110.38600000000002,0.0,0.0,0.0,0.0,776.1469925761772
2006-11-28 09:00:00,0.0,0.0,67.86,61.79,42.1,57.318,109.43199999999999,0.0,0.0,0.0,0.0,771.1469925761772
2006-11-28 10:00:00,0.0,0.0,68.24,62.2,42.66,63.38399999999999,104.71600000000001,0.0,0.0,0.0,0.0,766.1469925761772
2006-11-28 11:00:00,0.0,0.0,67.5,61.77,42.97,68.57,90.0,0.0,0.0,0.0,8.669999999999991,745.3833562125409
2006-11-28 12:00:00,0.0,0.0,66.26,60.37,42.94,69.317,90.0,0.0,0.0,0.0,5.252999999999982,730.8324471216318
2006-11-28 13:00:00,0.0,0.0,65.1,58.58,42.53,65.86,90.0,0.0,0.0,0.0,5.349999999999994,716.1051743943591
2006-11-28 14:00:00,0.0,0.0,64.3,56.96,42.32,56.767,90.0,11.813000000000002,0.0,0.0,0.0,711.1051743943591
2006-11-28 15:00:00,0.0,0.0,64.62,56.43,42.97,46.892,112.128,0.0,0.0,0.0,0.0,706.1051743943591
2006-11-28 16:00:00,0.0,0.0,66.33,58.47,45.3,42.762,110.0,0.0,0.0,0.0,12.338000000000008,678.6724471216318
2006-11-28 17:00:00,0.0,0.0,66.75,61.74,47.11,44.043000000000006,126.55700000000002,0.0,0.0,0.0,0.0,673.6724471216318
2006-11-28 18:00:00,0.0,0.0,65.06,61.72,46.9,44.055,110.0,14.624999999999988,0.0,0.0,0.0,668.6724471216318
2006-11-28 19:00:00,0.0,0.0,61.78,59.07,45.22,43.66,110.0,7.409999999999997,0.0,0.0,0.0,663.6724471216318
2006-11-28 20:00:00,0.0,0.0,58.68,57.4,42.55,42.095,90.0,6.5350000000000055,0.0,0.0,15.0,631.3997198489045
2006-11-28 21:00:00,0.0,0.0,55.94,57.96,38.91,39.569,108.24099999999999,0.0,0.0,0.0,0.0,626.3997198489045
2006-11-28 22:00:00,0.0,0.0,52.48,57.04,34.98,38.266999999999996,90.0,0.0,0.0,0.0,11.23299999999998,600.9760834852682
2006-11-28 23:00:00,0.0,0.0,49.92,54.2,31.39,35.882000000000005,90.0,0.0,0.0,0.0,4.6280000000000285,587.5615380307227
2006-11-29 00:00:00,0.0,0.0,48.72,56.88,31.31,34.934999999999995,90.0,0.0,0.0,0.0,6.975000000000019,569.8797198489044
2006-11-29 01:00:00,0.0,0.0,48.2,55.03,29.87,36.019,92.08100000000003,0.0,0.0,0.0,0.0,564.8797198489044
2006-11-29 02:00:00,0.0,0.0,48.64,53.12,28.57,37.37,90.0,0.0,2.0400000000000063,0.0,0.0,559.8797198489044
2006-11-29 03:00:00,0.0,0.0,50.32,53.15,27.89,39.339,90.0,0.0,2.978999999999999,0.0,0.0,554.8797198489044
2006-11-29 04:00:00,0.0,0.0,53.97,55.64,27.56,40.528999999999996,90.0,1.6409999999999911,0.0,0.0,0.0,549.8797198489044
2006-11-29 05:00:00,0.0,0.0,58.98,59.57,29.51,41.55999999999999,101.5,0.0,0.0,0.0,0.0,544.8797198489044
2006-11-29 06:00:00,0.0,0.0,63.26,63.15,34.41,41.910999999999994,90.0,8.908999999999992,0.0,0.0,15.0,512.6069925761772
2006-11-29 07:00:00,0.0,0.0,65.44,65.09,39.33,43.417,110.0,11.442999999999998,0.0,0.0,0.0,507.60699257617716
2006-11-29 08:00:00,0.0,0.0,66.88,66.18,41.99,48.391999999999996,110.0,0.0,0.0,0.0,11.65800000000003,481.4106289398135
2006-11-29 09:00:00,0.0,0.0,68.2,66.61,43.35,58.193000000000005,110.0,0.0,0.0,0.0,4.9669999999999845,467.3797198489044
2006-11-29 10:00:00,0.0,0.0,68.61,67.02,43.92,64.446,110.10400000000003,0.0,0.0,0.0,0.0,462.3797198489044
2006-11-29 11:00:00,0.0,0.0,67.87,66.6,44.23,68.082,105.618,0.0,0.0,0.0,0.0,457.3797198489044
2006-11-29 12:00:00,0.0,0.0,66.63,65.19,44.21,70.042,100.988,0.0,0.0,0.0,0.0,452.3797198489044
2006-11-29 13:00:00,0.0,0.0,65.47,63.39,43.8,67.46300000000001,100.197,0.0,0.0,0.0,0.0,447.3797198489044
2006-11-29 14:00:00,0.0,0.0,64.68,61.77,43.6,58.74900000000001,106.301,0.0,0.0,0.0,0.0,442.3797198489044
2006-11-29 15:00:00,0.0,0.0,65.0,61.24,44.23,50.071,110.0,0.0,0.0,0.0,5.399000000000012,427.5633562125408
2006-11-29 16:00:00,0.0,0.0,66.73,63.28,46.57,44.851000000000006,90.0,21.729000000000013,0.0,0.0,15.0,395.29062893981353
2006-11-29 17:00:00,0.0,0.0,67.17,66.58,48.4,42.671,110.0,19.22204208310254,0.0,0.0,5.2569579168974485,380.7325236363636
2006-11-29 18:00:00,0.0,0.0,65.48,66.59,48.19,43.364999999999995,115.0,1.8950000000000102,0.0,0.0,15.0,348.45979636363637
2006-11-29 19:00:00,0.0,0.0,62.19,63.92,46.5,44.157000000000004,118.92007208310253,4.532927916897457,0.0,0.0,0.0,343.45979636363637
2006-11-29 20:00:00,0.0,0.0,59.1,62.2,43.83,45.556,114.57400000000001,0.0,0.0,0.0,0.0,338.45979636363637
2006-11-29 21:00:00,0.0,0.0,56.38,62.75,40.19,46.025999999999996,108.29400000000001,0.0,0.0,0.0,0.0,333.45979636363637
2006-11-29 22:00:00,0.0,0.0,52.92,61.89,36.27,46.946999999999996,90.0,9.133000000000017,0.0,0.0,0.0,328.45979636363637
2006-11-29 23:00:00,0.0,0.0,50.34,59.06,32.68,47.626000000000005,90.0,0.0,0.5459999999999923,0.0,0.0,323.45979636363637
2006-11-30 00:00:00,0.0,0.0,48.75,60.25,30.69,47.449,90.0,0.0,2.7590000000000057,0.0,0.0,318.45979636363637
2006-11-30 01:00:00,0.0,0.0,48.22,58.41,29.24,47.727000000000004,90.0,0.0,6.8570000000000135,0.0,0.0,313.45979636363637
2006-11-30 02:00:00,0.0,0.0,48.65,56.48,27.92,48.269000000000005,90.0,0.0,10.219000000000003,0.0,0.0,308.45979636363637
2006-11-30 03:00:00,0.0,0.0,50.31,56.48,27.24,49.657,90.0,0.0,10.626999999999995,0.0,0.0,303.45979636363637
2006-11-30 04:00:00,0.0,0.0,53.9,58.95,26.89,49.421,90.0,0.0,4.681000000000013,0.0,0.0,298.45979636363637
2006-11-30 05:00:00,0.0,0.0,58.91,62.89,28.8,50.516,95.08399999999997,0.0,0.0,0.0,0.0,293.45979636363637
2006-11-30 06:00:00,0.0,0.0,63.21,66.5,33.69,49.072,109.328,0.0,0.0,0.0,0.0,288.45979636363637
2006-11-30 07:00:00,0.0,0.0,65.42,68.43,38.63,47.486000000000004,115.0,0.0,0.0,0.0,4.993999999999991,274.3797963636364
2006-11-30 08:00:00,0.0,0.0,66.85,69.53,41.31,50.333999999999996,122.35600000000001,0.0,0.0,0.0,0.0,269.3797963636364
2006-11-30 09:00:00,0.0,0.0,68.18,69.96,42.69,57.884,115.0,2.945999999999999,0.0,0.0,0.0,264.3797963636364
2006-11-30 10:00:00,0.0,0.0,68.6,70.35,43.27,60.922000000000004,110.0,6.298000000000002,0.0,0.0,0.0,259.3797963636364
2006-11-30 11:00:00,0.0,0.0,67.86,69.95,43.58,65.414,110.97599999999998,0.0,0.0,0.0,0.0,254.3797963636364
2006-11-30 12:00:00,0.0,0.0,66.63,68.53,43.56,64.80100000000002,108.91900000000001,0.0,0.0,0.0,0.0,249.3797963636364
2006-11-30 13:00:00,0.0,0.0,65.47,66.72,43.16,59.60999999999999,110.74,0.0,0.0,0.0,0.0,244.3797963636364
2006-11-30 14:00:00,0.0,0.0,64.68,65.09,42.95,51.80999999999999,90.0,25.910000000000004,0.0,0.0,0.0,239.3797963636364
2006-11-30 15:00:00,0.0,0.0,65.01,64.55,43.58,45.164,110.0,12.976000000000024,0.0,0.0,0.0,234.3797963636364
2006-11-30 16:00:00,0.0,0.0,66.76,66.61,45.93,40.999,90.0,28.30099999999999,0.0,0.0,15.0,202.1070690909091
2006-11-30 17:00:00,0.0,0.0,67.2,69.94,47.77,43.54,90.0,46.37000000000002,0.0,0.0,0.0,197.1070690909091
2006-11-30 18:00:00,0.0,0.0,65.53,69.97,47.56,46.644000000000005,90.0,26.415999999999997,0.0,0.0,15.0,164.83434181818183
2006-11-30 19:00:00,0.0,0.0,62.23,67.28,45.87,48.182,90.0,20.0,0.0,0.0,12.197999999999997,137.65616
2006-11-30 20:00:00,0.0,0.0,59.14,65.52,43.19,49.340999999999994,110.0,0.0,0.0,0.0,3.509000000000004,126.27616
2006-11-30 21:00:00,0.0,0.0,56.45,66.06,39.55,50.566,90.0,16.494,0.0,0.0,0.0,121.27616
2006-11-30 22:00:00,0.0,0.0,52.97,65.26,35.64,51.825,97.045,0.0,0.0,0.0,0.0,116.27616
2006-11-30 23:00:00,0.0,0.0,50.38,62.43,32.05,54.964000000000006,90.0,0.0,3.4373333333333447,0.0,0.0,111.27616
2006-12-01 00:00:00,0.0,0.0,47.51,56.16,30.41,57.508,90.0,0.0,16.76133333333334,0.0,0.0,106.27616
2006-12-01 01:00:00,0.0,0.0,46.96,54.34,28.94,60.823,90.0,0.0,25.582999999999984,0.0,0.0,101.27616
2006-12-01 02:00:00,0.0,0.0,47.37,52.36,27.6,62.106,90.0,0.0,27.661597414589142,0.0,0.0,96.27616
2006-12-01 03:00:00,0.0,0.0,48.97,52.3,26.9,62.745999999999995,90.0,0.0,29.576,0.0,0.0,91.27616
2006-12-01 04:00:00,0.0,0.0,52.47,54.73,26.51,62.376000000000005,90.0,0.0,23.665999999999997,0.0,0.0,86.27616
2006-12-01 05:00:00,0.0,0.0,57.47,58.69,28.36,61.992999999999995,90.0,0.0,9.13966666666667,0.0,0.0,81.27616
2006-12-01 06:00:00,0.0,0.0,61.83,62.36,33.22,61.769000000000005,90.0,0.6409999999999911,0.0,0.0,0.0,76.27616
2006-12-01 07:00:00,0.0,0.0,64.07,64.29,38.19,61.227000000000004,90.0,10.322999999999993,0.0,0.0,0.0,71.27616
2006-12-01 08:00:00,0.0,0.0,65.5,65.39,40.9,63.842,90.0,12.948000000000022,0.0,0.0,0.0,66.27616
2006-12-01 09:00:00,0.0,0.0,66.82,65.81,42.32,67.83000000000001,90.0,12.119999999999994,0.0,0.0,0.0,61.276160000000004
2006-12-01 10:00:00,0.0,0.0,67.28,66.18,42.92,72.454,90.0,8.92600000000003,0.0,0.0,0.0,56.276160000000004
2006-12-01 11:00:00,0.0,0.0,66.56,65.81,43.23,77.01299999999999,90.0,3.5870000000000077,0.0,0.0,0.0,51.276160000000004
2006-12-01 12:00:00,0.0,0.0,65.33,64.37,43.23,78.84299999999999,90.0,0.0,0.0,0.0,0.0,46.276160000000004
2006-12-01 13:00:00,0.0,0.0,64.16,62.55,42.83,77.293,90.0,0.0,0.0,0.0,0.0,41.276160000000004
2006-12-01 14:00:00,0.0,0.0,63.39,60.89,42.62,70.846,90.0,1.0539999999999878,0.0,0.0,0.0,36.276160000000004
2006-12-01 15:00:00,0.0,0.0,63.72,60.36,43.23,66.027,90.0,6.282999999999987,0.0,0.0,0.0,31.276160000000008
2006-12-01 16:00:00,0.0,0.0,65.51,62.43,45.59,62.135000000000005,90.0,16.395000000000007,0.0,0.0,0.0,26.276160000000008
2006-12-01 17:00:00,0.0,0.0,65.98,65.82,47.47,62.451,90.0,21.819000000000017,0.0,0.0,0.0,21.276160000000008
2006-12-01 18:00:00,0.0,0.0,64.32,65.9,47.26,64.153,90.0,18.32699999999999,0.0,0.0,0.0,16.276160000000008
2006-12-01 19:00:00,0.0,0.0,61.0,63.17,45.56,65.43900000000001,90.0,9.290999999999997,0.0,0.0,0.0,11.276160000000008
2006-12-01 20:00:00,0.0,0.0,57.92,61.32,42.87,66.24199999999999,90.0,0.8680000000000181,0.0,0.0,0.0,6.276160000000008
2006-12-01 21:00:00,0.0,0.0,55.28,61.85,39.25,65.394,90.0,0.0,0.0,0.0,0.0,1.2761600000000075
2006-12-01 22:00:00,0.0,0.0,51.79,61.17,35.33,63.461999999999996,90.0,0.0,0.0,5.17199999999999,0.0,0.0
2006-12-01 23:00:00,0.0,0.0,49.17,58.35,31.75,62.863,90.0,0.0,0.0,13.592999999999996,0.0,4.786959999999997
2006-12-02 00:00:00,0.0,0.0,39.4,49.43,29.33,62.417,90.0,0.0,4.257000000000019,30.0,0.0,21.386959999999995
2006-12-02 01:00:00,0.0,0.0,38.83,47.63,27.85,62.011,90.0,0.0,7.701000000000008,30.0,0.0,37.986959999999996
2006-12-02 02:00:00,0.0,0.0,39.23,45.62,26.5,61.37,90.0,0.0,10.02000000000001,30.0,0.0,54.58695999999999
2006-12-02 03:00:00,0.0,0.0,40.81,45.53,25.79,61.037,90.0,0.0,8.906999999999996,30.0,0.0,71.18695999999998
2006-12-02 04:00:00,0.0,0.0,44.25,47.94,25.38,62.372,90.0,0.0,4.8019999999999925,30.0,0.0,87.78695999999998
2006-12-02 05:00:00,0.0,0.0,49.26,51.92,27.19,63.6,64.77,0.0,0.0,0.0,0.0,82.78695999999998
2006-12-02 06:00:00,0.0,0.0,53.65,55.6,32.05,63.965,90.0,0.0,0.0,12.664999999999981,0.0,86.90575999999996
2006-12-02 07:00:00,0.0,0.0,55.9,57.55,37.03,64.991,90.0,0.0,0.0,4.511000000000013,0.0,85.15367999999997
2006-12-02 08:00:00,0.0,0.0,57.33,58.64,39.75,67.923,87.797,0.0,0.0,0.0,0.0,80.15367999999997
2006-12-02 09:00:00,0.0,0.0,58.65,59.05,41.19,74.55499999999999,90.0,0.0,5.6650000000000205,0.0,0.0,75.15367999999997
2006-12-02 10:00:00,0.0,0.0,59.12,59.42,41.8,80.16300000000001,90.0,0.0,0.0,9.822999999999993,0.0,77.22623999999996
2006-12-02 11:00:00,0.0,0.0,58.41,59.06,42.12,83.985,75.60500000000002,0.0,0.0,0.0,0.0,72.22623999999996
2006-12-02 12:00:00,0.0,0.0,57.18,57.61,42.13,85.73299999999999,90.0,0.0,0.0,18.813000000000002,0.0,80.77159999999996
2006-12-02 13:00:00,0.0,0.0,56.01,55.78,41.73,84.44500000000001,90.0,0.0,0.0,20.925000000000015,0.0,90.83759999999998
2006-12-02 14:00:00,0.0,0.0,55.25,54.11,41.52,75.91899999999998,90.0,0.0,0.0,15.039000000000005,0.0,96.66567999999998
2006-12-02 15:00:00,0.0,0.0,55.58,53.58,42.11,67.029,90.0,0.0,0.0,5.758999999999983,0.0,95.81215999999996
2006-12-02 16:00:00,0.0,0.0,57.39,55.66,44.48,65.895,90.0,1.634999999999991,0.0,0.0,0.0,90.81215999999996
2006-12-02 17:00:00,0.0,0.0,57.87,59.08,46.38,65.97699999999999,90.0,7.352999999999987,0.0,0.0,0.0,85.81215999999996
2006-12-02 18:00:00,0.0,0.0,56.22,59.19,46.17,68.34599999999999,90.0,3.2339999999999876,0.0,0.0,0.0,80.81215999999996
2006-12-02 19:00:00,0.0,0.0,52.89,56.44,44.46,69.782,84.00800000000001,0.0,0.0,0.0,0.0,75.81215999999996
2006-12-02 20:00:00,0.0,0.0,49.81,54.54,41.77,69.18100000000001,76.93900000000001,0.0,0.0,0.0,0.0,70.81215999999996
2006-12-02 21:00:00,0.0,0.0,47.2,55.07,38.15,67.156,90.0,0.0,0.0,16.73600000000001,0.0,77.86207999999996
2006-12-02 22:00:00,0.0,0.0,43.7,54.44,34.23,62.498,90.0,0.0,0.0,20.128,0.0,87.35423999999996
2006-12-02 23:00:00,0.0,0.0,41.06,51.62,30.65,52.88399999999999,90.0,0.0,0.0,19.554000000000002,0.0,96.43311999999996
2006-12-03 00:00:00,0.0,0.0,34.96,46.01,28.24,50.204,90.0,0.0,0.9939999999999856,30.0,0.0,113.03311999999995
2006-12-03 01:00:00,0.0,0.0,34.37,44.21,26.75,46.411,90.0,0.0,1.0809999999999853,30.0,0.0,129.63311999999996
2006-12-03 02:00:00,0.0,0.0,34.76,42.18,25.39,45.26199999999999,90.0,0.0,2.9320000000000164,30.0,0.0,146.23311999999996
2006-12-03 03:00:00,0.0,0.0,36.32,42.06,24.67,43.565,90.0,0.0,0.5149999999999864,30.0,0.0,162.83311999999995
2006-12-03 04:00:00,0.0,0.0,39.71,44.46,24.24,44.572,70.0,0.0,0.0,6.1620000000000275,0.0,162.26975999999996
2006-12-03 05:00:00,0.0,0.0,44.72,48.44,26.02,53.349,90.0,0.0,0.0,24.169000000000004,0.0,174.67143999999996
2006-12-03 06:00:00,0.0,0.0,49.13,52.15,30.86,61.754000000000005,70.38600000000001,0.0,0.0,0.0,0.0,169.67143999999996
2006-12-03 07:00:00,0.0,0.0,51.4,54.1,35.86,63.169999999999995,90.0,0.0,0.0,11.809999999999992,0.0,173.17463999999995
2006-12-03 08:00:00,0.0,0.0,52.83,55.19,38.6,72.926,90.0,0.0,0.0,16.305999999999997,0.0,179.91495999999995
2006-12-03 09:00:00,0.0,0.0,54.15,55.6,40.06,83.898,70.0,0.0,0.0,4.088000000000008,0.0,177.85831999999996
2006-12-03 10:00:00,0.0,0.0,54.64,55.95,40.67,97.808,70.0,0.0,0.0,16.547999999999995,0.0,184.77287999999996
2006-12-03 11:00:00,0.0,0.0,53.94,55.61,41.0,105.34799999999998,90.0,0.0,14.79800000000003,30.0,0.0,201.37287999999995
2006-12-03 12:00:00,0.0,0.0,52.71,54.15,41.01,102.53600000000002,90.0,0.0,14.666000000000025,30.0,0.0,217.97287999999995
2006-12-03 13:00:00,0.0,0.0,51.54,52.31,40.62,94.16299999999998,90.0,0.0,9.692999999999998,30.0,0.0,234.57287999999994
2006-12-03 14:00:00,0.0,0.0,50.77,50.64,40.4,87.66399999999999,90.0,0.0,20.0,15.853999999999989,0.0,240.98775999999992
2006-12-03 15:00:00,0.0,0.0,51.12,50.1,40.98,83.84,90.0,0.0,1.6400000000000077,30.0,0.0,257.58775999999995
2006-12-03 16:00:00,0.0,0.0,52.95,52.19,43.37,78.798,90.0,0.0,0.0,20.287999999999972,0.0,267.1951199999999
2006-12-03 17:00:00,0.0,0.0,53.44,55.63,45.28,75.057,90.0,0.0,0.0,10.707000000000019,0.0,269.90415999999993
2006-12-03 18:00:00,0.0,0.0,51.79,55.77,45.08,76.539,90.0,0.0,0.0,13.899000000000019,0.0,274.91143999999997
2006-12-03 19:00:00,0.0,0.0,48.45,53.01,43.36,78.07000000000001,70.0,0.0,0.0,3.249999999999986,0.0,272.25143999999995
2006-12-03 20:00:00,0.0,0.0,45.38,51.06,40.67,82.299,90.0,0.0,5.188999999999979,30.0,0.0,288.85143999999997
2006-12-03 21:00:00,0.0,0.0,42.79,51.58,37.05,84.15700000000001,47.26299999999999,0.0,0.0,0.0,0.0,283.85143999999997
2006-12-03 22:00:00,0.0,0.0,39.29,51.01,33.13,85.251,90.0,0.0,21.820999999999998,30.0,0.0,300.45144
2006-12-03 23:00:00,0.0,0.0,36.63,48.2,29.55,83.883,70.0,0.0,9.503,30.0,0.0,317.05144
2006-12-04 00:00:00,0.0,0.0,46.36,49.55,30.09,82.04500000000002,73.95499999999998,0.0,0.0,30.0,0.0,333.65144000000004
2006-12-04 01:00:00,0.0,0.0,45.76,47.77,28.6,80.47,71.66,0.0,0.0,30.0,0.0,350.25144000000006
2006-12-04 02:00:00,0.0,0.0,46.14,45.71,27.22,79.05600000000001,90.0,0.0,19.98599999999999,30.0,0.0,366.8514400000001
2006-12-04 03:00:00,0.0,0.0,47.67,45.56,26.5,77.972,90.0,0.0,18.242000000000004,30.0,0.0,383.4514400000001
2006-12-04 04:00:00,0.0,0.0,51.02,47.94,26.05,76.785,90.0,0.0,11.775000000000006,30.0,0.0,400.0514400000001
2006-12-04 05:00:00,0.0,0.0,56.02,51.93,27.79,76.408,70.0,0.0,0.0,10.668000000000035,0.0,402.73240000000015
2006-12-04 06:00:00,0.0,0.0,60.46,55.67,32.63,76.285,72.475,0.0,0.0,0.0,0.0,397.73240000000015
2006-12-04 07:00:00,0.0,0.0,62.75,57.61,37.64,76.075,90.0,0.0,0.0,8.075,0.0,398.5464000000002
2006-12-04 08:00:00,0.0,0.0,64.17,58.71,40.39,79.92,90.0,0.0,0.0,6.650000000000006,0.0,398.3344000000002
2006-12-04 09:00:00,0.0,0.0,65.49,59.11,41.87,87.583,90.0,0.0,0.0,11.113000000000003,0.0,401.33576000000016
2006-12-04 10:00:00,0.0,0.0,66.0,59.46,42.49,97.43199999999999,90.0,0.0,0.0,19.48199999999999,0.0,410.36280000000016
2006-12-04 11:00:00,0.0,0.0,65.3,59.13,42.82,104.652,90.0,0.0,0.0,27.40200000000001,0.0,425.0922400000002
2006-12-04 12:00:00,0.0,0.0,64.08,57.66,42.85,104.88700000000001,70.0,0.0,0.0,10.297000000000018,0.0,427.50608000000017
2006-12-04 13:00:00,0.0,0.0,62.9,55.82,42.45,100.259,90.0,0.0,0.0,29.088999999999995,0.0,443.45016000000015
2006-12-04 14:00:00,0.0,0.0,62.15,54.13,42.24,94.17999999999999,90.0,0.0,0.0,25.659999999999982,0.0,456.9253600000001
2006-12-04 15:00:00,0.0,0.0,62.49,53.59,42.8,87.67699999999999,90.0,0.0,0.0,18.796999999999993,0.0,465.4592000000001
2006-12-04 16:00:00,0.0,0.0,64.35,55.69,45.2,78.878,90.0,0.0,0.0,3.6380000000000017,0.0,463.07856000000015
2006-12-04 17:00:00,0.0,0.0,64.85,59.16,47.13,71.608,90.0,9.531999999999982,0.0,0.0,0.0,458.07856000000015
2006-12-04 18:00:00,0.0,0.0,63.21,59.32,46.93,69.383,90.0,10.076999999999998,0.0,0.0,0.0,453.07856000000015
2006-12-04 19:00:00,0.0,0.0,59.86,56.54,45.2,70.129,90.0,1.4709999999999894,0.0,0.0,0.0,448.07856000000015
2006-12-04 20:00:00,0.0,0.0,56.79,54.54,42.51,71.03699999999999,82.80299999999998,0.0,0.0,0.0,0.0,443.07856000000015
2006-12-04 21:00:00,0.0,0.0,54.23,55.06,38.89,73.678,74.502,0.0,0.0,0.0,0.0,438.07856000000015
2006-12-04 22:00:00,0.0,0.0,50.72,54.55,34.98,76.101,70.0,0.0,0.0,5.850999999999999,0.0,437.29128000000014
2006-12-04 23:00:00,0.0,0.0,48.04,51.74,31.4,78.195,82.98500000000001,0.0,0.0,30.0,0.0,453.89128000000017
2006-12-05 00:00:00,0.0,0.0,46.88,48.47,30.3,81.88899999999998,90.0,0.0,16.23899999999999,30.0,0.0,470.4912800000002
2006-12-05 01:00:00,0.0,0.0,46.28,46.7,28.79,83.599,90.0,0.0,21.82900000000001,30.0,0.0,487.0912800000002
2006-12-05 02:00:00,0.0,0.0,46.64,44.62,27.4,85.358,90.0,0.0,26.697999999999986,30.0,0.0,503.69128000000023
2006-12-05 03:00:00,0.0,0.0,48.15,44.44,26.67,86.831,90.0,0.0,27.570999999999998,30.0,0.0,520.2912800000003
2006-12-05 04:00:00,0.0,0.0,51.44,46.79,26.2,87.198,90.0,0.0,22.767999999999986,30.0,0.0,536.8912800000003
2006-12-05 05:00:00,0.0,0.0,56.44,50.79,27.91,87.39899999999999,90.0,0.0,12.259000000000036,30.0,0.0,553.4912800000003
2006-12-05 06:00:00,0.0,0.0,60.91,54.56,32.73,88.517,90.0,0.0,0.3170000000000073,30.0,0.0,570.0912800000003
2006-12-05 07:00:00,0.0,0.0,63.21,56.51,37.76,89.84400000000002,90.0,0.0,0.0,22.364000000000036,0.0,581.1933600000003
2006-12-05 08:00:00,0.0,0.0,64.64,57.61,40.53,91.47300000000001,90.0,0.0,0.0,18.693000000000016,0.0,589.6523200000004
2006-12-05 09:00:00,0.0,0.0,65.96,58.0,42.03,98.195,90.0,0.0,0.0,22.205000000000013,0.0,600.6399200000004
2006-12-05 10:00:00,0.0,0.0,66.48,58.34,42.66,105.15799999999999,90.0,0.0,0.0,27.677999999999997,0.0,615.5680800000005
2006-12-05 11:00:00,0.0,0.0,65.79,58.02,42.99,109.935,70.0,0.0,0.0,13.134999999999991,0.0,620.0252800000004
2006-12-05 12:00:00,0.0,0.0,64.57,56.54,43.02,111.231,90.0,0.0,7.100999999999999,30.0,0.0,636.6252800000004
2006-12-05 13:00:00,0.0,0.0,63.39,54.69,42.63,106.88499999999999,90.0,0.0,6.174999999999997,30.0,0.0,653.2252800000005
2006-12-05 14:00:00,0.0,0.0,62.64,52.99,42.41,99.298,90.0,0.0,7.329196675900167,23.928803324099835,0.0,665.4540183933524
2006-12-05 15:00:00,0.0,0.0,62.99,52.45,42.97,91.345,90.0,0.0,0.0,22.934999999999988,0.0,676.9672183933524
2006-12-05 16:00:00,0.0,0.0,64.87,54.56,45.37,87.661,90.0,0.0,0.0,12.860999999999997,0.0,681.2271383933523
2006-12-05 17:00:00,0.0,0.0,65.38,58.06,47.32,84.906,90.0,0.0,0.0,4.146000000000036,0.0,679.2122583933524
2006-12-05 18:00:00,0.0,0.0,63.75,58.25,47.12,83.986,90.0,0.0,0.0,4.865999999999989,0.0,677.7157783933524
2006-12-05 19:00:00,0.0,0.0,60.39,55.45,45.39,83.221,78.00900000000001,0.0,0.0,0.0,0.0,672.7157783933524
2006-12-05 20:00:00,0.0,0.0,57.32,53.41,42.69,83.556,90.0,0.0,0.0,20.13600000000002,0.0,682.2136983933524
2006-12-05 21:00:00,0.0,0.0,54.79,53.92,39.07,84.12500000000001,90.0,0.0,0.0,26.34500000000002,0.0,696.1820983933524
2006-12-05 22:00:00,0.0,0.0,51.27,53.47,35.17,83.582,90.0,0.0,3.67199999999999,30.0,0.0,712.7820983933524
2006-12-05 23:00:00,0.0,0.0,48.58,50.66,31.59,84.08500000000001,76.745,0.0,0.0,30.0,0.0,729.3820983933524
2006-12-06 00:00:00,0.0,0.0,48.26,56.74,33.07,84.614,90.0,0.0,6.544000000000011,30.0,0.0,745.9820983933524
2006-12-06 01:00:00,0.0,0.0,47.64,54.98,31.56,85.17699999999999,70.0,0.0,0.0,20.996999999999986,0.0,756.0999383933524
2006-12-06 02:00:00,0.0,0.0,47.99,52.87,30.15,86.458,44.55200000000001,0.0,0.0,0.0,0.0,751.0999383933524
2006-12-06 03:00:00,0.0,0.0,49.48,52.67,29.41,86.825,74.735,0.0,0.0,30.0,0.0,767.6999383933525
2006-12-06 04:00:00,0.0,0.0,52.72,55.0,28.93,85.36699999999999,70.0,0.0,0.0,18.717000000000013,0.0,776.1761783933524
2006-12-06 05:00:00,0.0,0.0,57.72,59.02,30.6,84.489,90.0,0.0,0.0,27.14900000000001,0.0,790.7234583933524
2006-12-06 06:00:00,0.0,0.0,62.22,62.81,35.41,81.423,79.017,0.0,0.0,0.0,0.0,785.7234583933524
2006-12-06 07:00:00,0.0,0.0,64.54,64.76,40.46,78.226,90.0,1.5340000000000202,0.0,0.0,0.0,780.7234583933524
2006-12-06 08:00:00,0.0,0.0,65.96,65.86,43.23,77.37299999999999,90.0,7.6769999999999925,0.0,0.0,0.0,775.7234583933524
2006-12-06 09:00:00,0.0,0.0,67.28,66.25,44.76,82.75099999999999,90.0,5.5390000000000015,0.0,0.0,0.0,770.7234583933524
2006-12-06 10:00:00,0.0,0.0,67.82,66.57,45.39,90.249,90.0,0.0,0.4690000000000225,0.0,0.0,765.7234583933524
2006-12-06 11:00:00,0.0,0.0,67.14,66.27,45.73,95.942,90.0,0.0,0.0,6.801999999999989,0.0,765.6208983933524
2006-12-06 12:00:00,0.0,0.0,65.91,64.78,45.77,98.74199999999999,77.71799999999999,0.0,0.0,0.0,0.0,760.6208983933524
2006-12-06 13:00:00,0.0,0.0,64.74,62.92,45.38,96.36099999999999,90.0,0.0,0.0,13.321000000000016,0.0,765.2120183933524
2006-12-06 14:00:00,0.0,0.0,63.99,61.21,45.16,90.24900000000001,90.0,0.0,0.0,9.88900000000001,0.0,767.3320983933525
2006-12-06 15:00:00,0.0,0.0,64.34,60.67,45.71,80.66,90.0,0.060000000000030695,0.0,0.0,0.0,762.3320983933525
2006-12-06 16:00:00,0.0,0.0,66.24,62.79,48.12,73.295,90.0,13.854999999999976,0.0,0.0,0.0,757.3320983933525
2006-12-06 17:00:00,0.0,0.0,66.76,66.32,50.08,66.906,90.0,26.254000000000005,0.0,0.0,0.0,752.3320983933525
2006-12-06 18:00:00,0.0,0.0,65.14,66.54,49.88,68.516,90.0,23.04400000000001,0.0,0.0,0.0,747.3320983933525
2006-12-06 19:00:00,0.0,0.0,61.77,63.72,48.15,70.9,90.0,12.740000000000002,0.0,0.0,0.0,742.3320983933525
2006-12-06 20:00:00,0.0,0.0,58.71,61.62,45.45,73.317,90.0,2.463000000000008,0.0,0.0,0.0,737.3320983933525
2006-12-06 21:00:00,0.0,0.0,56.21,62.14,41.83,73.765,90.0,0.0,0.0,3.5850000000000115,0.0,734.9132983933524
2006-12-06 22:00:00,0.0,0.0,52.67,61.74,37.93,74.37100000000001,90.0,0.0,0.0,12.030999999999985,0.0,738.5756183933524
2006-12-06 23:00:00,0.0,0.0,49.97,58.94,34.35,74.51899999999999,68.74099999999999,0.0,0.0,0.0,0.0,733.5756183933524
2006-12-07 00:00:00,0.0,0.0,48.71,58.06,32.43,76.42,90.0,0.0,0.0,27.220000000000002,0.0,748.1740183933524
2006-12-07 01:00:00,0.0,0.0,48.08,56.31,30.91,77.795,70.0,0.0,0.0,12.494999999999976,0.0,752.1704183933524
2006-12-07 02:00:00,0.0,0.0,48.42,54.18,29.49,77.473,90.0,0.0,5.382999999999996,30.0,0.0,768.7704183933524
2006-12-07 03:00:00,0.0,0.0,49.88,53.94,28.75,79.298,90.0,0.0,6.727999999999994,30.0,0.0,785.3704183933525
2006-12-07 04:00:00,0.0,0.0,53.07,56.26,28.24,79.763,90.0,0.0,2.192999999999998,30.0,0.0,801.9704183933525
2006-12-07 05:00:00,0.0,0.0,58.07,60.28,29.88,79.84400000000001,90.0,0.0,0.0,21.614000000000004,0.0,812.5324983933525
2006-12-07 06:00:00,0.0,0.0,62.6,64.1,34.68,83.018,90.0,0.0,0.0,11.637999999999995,0.0,815.9118583933525
2006-12-07 07:00:00,0.0,0.0,64.93,66.05,39.74,86.02200000000002,90.0,0.0,0.0,5.30200000000001,0.0,814.7292983933526
2006-12-07 08:00:00,0.0,0.0,66.35,67.16,42.53,89.99699999999999,90.0,0.0,0.0,3.956999999999997,0.0,812.5783383933525
2006-12-07 09:00:00,0.0,0.0,67.67,67.54,44.08,94.98200000000001,90.0,0.0,0.0,5.691999999999975,0.0,811.6765783933525
2006-12-07 10:00:00,0.0,0.0,68.23,67.85,44.72,98.738,90.0,0.0,0.0,7.938000000000002,0.0,812.3919383933526
2006-12-07 11:00:00,0.0,0.0,67.55,67.56,45.06,98.99600000000001,81.17399999999999,0.0,0.0,0.0,0.0,807.3919383933526
2006-12-07 12:00:00,0.0,0.0,66.33,66.07,45.11,97.396,80.114,0.0,0.0,0.0,0.0,802.3919383933526
2006-12-07 13:00:00,0.0,0.0,65.15,64.2,44.72,93.981,90.0,0.0,0.0,9.910999999999994,0.0,804.5278583933525
2006-12-07 14:00:00,0.0,0.0,64.41,62.48,44.5,91.86699999999999,90.0,0.0,0.0,10.477000000000004,0.0,807.0712983933525
2006-12-07 15:00:00,0.0,0.0,64.77,61.94,45.04,87.25700000000002,84.49299999999997,0.0,0.0,0.0,0.0,802.0712983933525
2006-12-07 16:00:00,0.0,0.0,66.69,64.06,47.46,86.63900000000001,90.0,1.570999999999993,0.0,0.0,0.0,797.0712983933525
2006-12-07 17:00:00,0.0,0.0,67.22,67.62,49.43,87.235,90.0,7.035000000000025,0.0,0.0,0.0,792.0712983933525
2006-12-07 18:00:00,0.0,0.0,65.6,67.87,49.24,90.50900000000001,90.0,2.201000000000022,0.0,0.0,0.0,787.0712983933525
2006-12-07 19:00:00,0.0,0.0,62.22,65.03,47.5,90.125,90.0,0.0,0.0,5.3750000000000036,0.0,785.9412983933526
2006-12-07 20:00:00,0.0,0.0,59.17,62.89,44.79,90.17599999999999,90.0,0.0,0.0,13.326000000000022,0.0,790.5360183933526
2006-12-07 21:00:00,0.0,0.0,56.69,63.39,41.18,90.386,90.0,0.0,0.0,19.126,0.0,799.3067383933526
2006-12-07 22:00:00,0.0,0.0,53.15,63.05,37.28,90.41300000000001,90.0,0.0,0.0,26.933000000000003,0.0,813.6984983933526
2006-12-07 23:00:00,0.0,0.0,50.43,60.26,33.7,92.17800000000001,90.0,0.0,14.676204986149614,23.1117950138504,0.0,825.3389908033248
2006-12-08 00:00:00,0.0,0.0,46.81,56.12,33.09,93.387,90.0,0.0,17.366999999999976,30.0,0.0,841.9389908033248
2006-12-08 01:00:00,0.0,0.0,46.16,54.38,31.56,94.59100000000001,90.0,0.0,22.491000000000007,30.0,0.0,858.5389908033249
2006-12-08 02:00:00,0.0,0.0,46.49,52.22,30.13,93.256,70.0,0.0,4.416000000000004,30.0,0.0,875.1389908033249
2006-12-08 03:00:00,0.0,0.0,47.93,51.96,29.38,90.39,90.0,0.0,21.12,30.0,0.0,891.7389908033249
2006-12-08 04:00:00,0.0,0.0,51.07,54.26,28.85,87.05499999999999,90.0,0.0,12.875000000000028,30.0,0.0,908.3389908033249
2006-12-08 05:00:00,0.0,0.0,56.07,58.29,30.45,83.401,73.40458510310717,0.0,0.0,11.995585103107153,0.0,911.9758120775621
2006-12-08 06:00:00,0.0,0.0,60.62,62.13,35.25,82.298,90.0,0.0,0.0,14.298000000000027,0.0,917.2703720775621
2006-12-08 07:00:00,0.0,0.0,62.97,64.09,40.32,79.766,87.61399999999999,0.0,0.0,0.0,0.0,912.2703720775621
2006-12-08 08:00:00,0.0,0.0,64.39,65.19,43.12,78.64399999999999,90.0,4.055999999999997,0.0,0.0,0.0,907.2703720775621
2006-12-08 09:00:00,0.0,0.0,65.71,65.57,44.69,80.961,90.0,5.008999999999986,0.0,0.0,0.0,902.2703720775621
2006-12-08 10:00:00,0.0,0.0,66.28,65.88,45.34,83.023,90.0,4.476999999999997,0.0,0.0,0.0,897.2703720775621
2006-12-08 11:00:00,0.0,0.0,65.62,65.6,45.68,88.279,90.0,0.0,1.379000000000012,0.0,0.0,892.2703720775621
2006-12-08 12:00:00,0.0,0.0,64.4,64.1,45.74,94.709,90.0,0.0,0.0,10.469000000000005,0.0,894.8080520775621
2006-12-08 13:00:00,0.0,0.0,63.22,62.22,45.36,95.36500000000002,90.0,0.0,0.0,14.565000000000001,0.0,900.2948520775622
2006-12-08 14:00:00,0.0,0.0,62.48,60.49,45.13,92.09200000000001,90.0,0.0,0.0,13.991999999999983,0.0,905.3690920775622
2006-12-08 15:00:00,0.0,0.0,62.84,59.95,45.66,85.233,90.0,0.0,0.0,6.782999999999987,0.0,905.2528520775621
2006-12-08 16:00:00,0.0,0.0,64.78,62.08,48.09,80.6,90.0,4.3500000000000085,0.0,0.0,0.0,900.2528520775621
2006-12-08 17:00:00,0.0,0.0,65.32,65.67,50.08,81.373,90.0,9.696999999999989,0.0,0.0,0.0,895.2528520775621
2006-12-08 18:00:00,0.0,0.0,63.71,65.94,49.89,81.81,90.0,7.730000000000004,0.0,0.0,0.0,890.2528520775621
2006-12-08 19:00:00,0.0,0.0,60.33,63.08,48.14,82.94900000000001,90.0,0.0,0.0,1.3990000000000151,0.0,886.2601320775622
2006-12-08 20:00:00,0.0,0.0,57.28,60.89,45.43,84.088,90.0,0.0,0.0,10.487999999999985,0.0,888.8114920775622
2006-12-08 21:00:00,0.0,0.0,54.82,61.39,41.83,82.676,90.0,0.0,0.0,14.636000000000003,0.0,894.3494120775622
2006-12-08 22:00:00,0.0,0.0,51.27,61.11,37.92,83.014,90.0,0.0,0.0,22.713999999999974,0.0,905.7034920775621
2006-12-08 23:00:00,0.0,0.0,48.54,58.32,34.35,82.451,90.0,0.0,1.2410000000000139,30.0,0.0,922.3034920775622
2006-12-09 00:00:00,0.0,0.0,39.43,56.89,31.77,81.035,90.0,0.0,12.944999999999993,30.0,0.0,938.9034920775622
2006-12-09 01:00:00,0.0,0.0,38.77,55.16,30.23,76.725,90.0,0.0,15.153961218836521,27.411038781163466,0.0,953.6394399999999
2006-12-09 02:00:00,0.0,0.0,39.09,52.97,28.79,71.919,90.0,0.0,11.069000000000017,30.0,0.0,970.23944
2006-12-09 03:00:00,0.0,0.0,40.5,52.68,28.03,66.044,90.0,0.0,4.834000000000003,30.0,0.0,986.83944
2006-12-09 04:00:00,0.0,0.0,43.59,54.96,27.49,61.263,90.0,0.0,0.0,25.223000000000003,0.0,1000.0
2006-12-09 05:00:00,0.0,0.0,48.59,59.0,29.05,56.260999999999996,87.32344444444442,0.0,0.0,6.944444444444445,0.0,1000.0
2006-12-09 06:00:00,0.0,0.0,53.17,62.87,33.83,52.763,92.107,0.0,0.0,0.0,0.0,995.0
2006-12-09 07:00:00,0.0,0.0,55.53,64.83,38.92,51.524,102.75600000000001,0.0,0.0,0.0,0.0,990.0
2006-12-09 08:00:00,0.0,0.0,56.95,65.94,41.74,52.856,106.77400000000003,0.0,0.0,0.0,0.0,985.0
2006-12-09 09:00:00,0.0,0.0,58.26,66.3,43.33,60.976,101.91400000000002,0.0,0.0,0.0,0.0,980.0
2006-12-09 10:00:00,0.0,0.0,58.86,66.6,43.99,68.465,95.98500000000003,0.0,0.0,0.0,0.0,975.0
2006-12-09 11:00:00,0.0,0.0,58.2,66.34,44.33,72.529,91.341,0.0,0.0,0.0,0.0,970.0
2006-12-09 12:00:00,0.0,0.0,56.98,64.83,44.4,73.28399999999999,90.0,0.0,0.0,2.073999999999998,0.0,966.49328
2006-12-09 13:00:00,0.0,0.0,55.8,62.94,44.02,69.43200000000002,90.0,0.0,0.0,1.671999999999997,0.0,962.69712
2006-12-09 14:00:00,0.0,0.0,55.07,61.2,43.79,60.716,94.34399999999998,0.0,0.0,0.0,0.0,957.69712
2006-12-09 15:00:00,0.0,0.0,55.44,60.66,44.3,49.198,106.20199999999998,0.0,0.0,0.0,0.0,952.69712
2006-12-09 16:00:00,0.0,0.0,57.39,62.8,46.75,38.304,123.636,0.0,0.0,0.0,0.0,947.69712
2006-12-09 17:00:00,0.0,0.0,57.95,66.42,48.75,31.248999999999995,135.0,1.8709999999999951,0.0,0.0,0.0,942.69712
2006-12-09 18:00:00,0.0,0.0,56.35,66.71,48.56,30.264,116.17102944444429,20.184970555555704,0.0,0.0,0.0,937.69712
2006-12-09 19:00:00,0.0,0.0,52.95,63.84,46.81,28.392,90.0,40.208000000000006,0.0,0.0,0.0,932.69712
2006-12-09 20:00:00,0.0,0.0,49.91,61.6,44.1,26.641,123.96900000000002,0.0,0.0,0.0,0.0,927.69712
2006-12-09 21:00:00,0.0,0.0,47.48,62.1,40.49,25.713,115.0,4.356999999999999,0.0,0.0,0.0,922.69712
2006-12-09 22:00:00,0.0,0.0,43.92,61.87,36.59,26.325000000000003,111.05499999999999,0.0,0.0,0.0,0.0,917.69712
2006-12-09 23:00:00,0.0,0.0,41.17,59.09,33.02,29.967000000000002,98.31300000000002,0.0,0.0,0.0,0.0,912.69712
2006-12-10 00:00:00,0.0,0.0,36.47,56.89,29.21,34.04900000000001,90.0,0.0,0.0,6.47900000000001,0.0,912.3620000000001
2006-12-10 01:00:00,0.0,0.0,35.8,55.17,27.66,36.479,90.0,0.0,0.0,12.848999999999993,0.0,916.61328
2006-12-10 02:00:00,0.0,0.0,36.1,52.96,26.21,37.582,90.0,0.0,0.0,17.312,0.0,924.0779200000001
2006-12-10 03:00:00,0.0,0.0,37.49,52.64,25.44,39.434,90.0,0.0,0.0,18.864,0.0,932.6600000000001
2006-12-10 04:00:00,0.0,0.0,40.53,54.9,24.87,40.028999999999996,90.0,0.0,0.0,14.728999999999989,0.0,938.2648800000001
2006-12-10 05:00:00,0.0,0.0,45.53,58.95,26.41,40.975,90.0,0.0,0.0,5.085000000000001,0.0,936.9260800000001
2006-12-10 06:00:00,0.0,0.0,50.14,62.85,31.18,42.114,97.05600000000001,0.0,0.0,0.0,0.0,931.9260800000001
2006-12-10 07:00:00,0.0,0.0,52.52,64.81,36.28,44.67,103.94000000000003,0.0,0.0,0.0,0.0,926.9260800000001
2006-12-10 08:00:00,0.0,0.0,53.93,65.92,39.12,50.28399999999999,103.686,0.0,0.0,0.0,0.0,921.9260800000001
2006-12-10 09:00:00,0.0,0.0,55.25,66.28,40.73,60.932,96.328,0.0,0.0,0.0,0.0,916.9260800000001
2006-12-10 10:00:00,0.0,0.0,55.86,66.57,41.39,73.3,90.0,0.0,0.0,4.4800000000000075,0.0,915.15168
2006-12-10 11:00:00,0.0,0.0,55.21,66.32,41.74,80.905,90.0,0.0,0.0,12.634999999999987,0.0,919.2488800000001
2006-12-10 12:00:00,0.0,0.0,53.99,64.8,41.81,83.13600000000001,90.0,0.0,0.0,17.53600000000001,0.0,926.8748
2006-12-10 13:00:00,0.0,0.0,52.81,62.9,41.43,78.24000000000001,90.0,0.0,0.0,16.09999999999999,0.0,933.4668
2006-12-10 14:00:00,0.0,0.0,52.08,61.15,41.21,69.426,90.0,0.0,0.0,9.986,0.0,935.6567200000001
2006-12-10 15:00:00,0.0,0.0,52.45,60.61,41.71,62.839,90.0,0.0,0.0,3.0689999999999777,0.0,932.8664
2006-12-10 16:00:00,0.0,0.0,54.43,62.76,44.16,59.54800000000001,96.80199999999999,0.0,0.0,0.0,0.0,927.8664
2006-12-10 17:00:00,0.0,0.0,55.0,66.4,46.18,58.048,104.53200000000001,0.0,0.0,0.0,0.0,922.8664
2006-12-10 18:00:00,0.0,0.0,53.4,66.73,45.99,58.038,103.08200000000002,0.0,0.0,0.0,0.0,917.8664
2006-12-10 19:00:00,0.0,0.0,50.0,63.83,44.23,59.91100000000001,93.149,0.0,0.0,0.0,0.0,912.8664
2006-12-10 20:00:00,0.0,0.0,46.96,61.55,41.52,61.972,90.0,0.0,0.0,6.9419999999999895,0.0,912.86464
2006-12-10 21:00:00,0.0,0.0,44.56,62.04,37.92,63.718,90.0,0.0,0.0,14.19799999999999,0.0,918.0872
2006-12-10 22:00:00,0.0,0.0,40.99,61.87,34.02,64.779,90.0,0.0,22.899000000000008,0.0,0.0,913.0872
2006-12-10 23:00:00,0.0,0.0,38.22,59.09,30.45,66.406,90.0,0.0,20.0,13.645999999999987,0.0,917.91232
2006-12-11 00:00:00,0.0,0.0,48.45,63.55,31.14,67.617,90.0,0.0,0.0,19.477000000000004,0.0,926.9357600000001
2006-12-11 01:00:00,0.0,0.0,47.77,61.84,29.58,68.393,90.0,0.0,0.0,24.20299999999998,0.0,939.36192
2006-12-11 02:00:00,0.0,0.0,48.06,59.6,28.11,69.943,90.0,0.0,0.0,29.17299999999996,0.0,955.36648
2006-12-11 03:00:00,0.0,0.0,49.42,59.25,27.34,71.64099999999999,90.0,0.0,0.630999999999986,30.0,0.0,971.96648
2006-12-11 04:00:00,0.0,0.0,52.41,61.49,26.75,72.111,90.0,0.0,0.0,26.461000000000013,0.0,986.0184
2006-12-11 05:00:00,0.0,0.0,57.42,65.56,28.25,74.01,90.0,0.0,17.779999999999987,0.0,0.0,981.0184
2006-12-11 06:00:00,0.0,0.0,62.04,69.48,33.01,77.01899999999999,90.0,0.0,0.0,7.488999999999997,0.0,981.41048
2006-12-11 07:00:00,0.0,0.0,64.44,71.44,38.13,76.90599999999999,92.10400000000001,0.0,0.0,0.0,0.0,976.41048
2006-12-11 08:00:00,0.0,0.0,65.86,72.55,40.98,81.96100000000001,92.42899999999997,0.0,0.0,0.0,0.0,971.41048
2006-12-11 09:00:00,0.0,0.0,67.17,72.9,42.61,89.634,90.0,0.0,0.0,1.9540000000000006,0.0,967.81736
2006-12-11 10:00:00,0.0,0.0,67.8,73.18,43.28,94.59600000000002,90.0,0.0,0.0,5.3359999999999985,0.0,966.65928
2006-12-11 11:00:00,0.0,0.0,67.15,72.95,43.63,97.638,90.0,0.0,0.0,8.907999999999983,0.0,968.07304
2006-12-11 12:00:00,0.0,0.0,65.94,71.42,43.72,97.45999999999998,90.0,0.0,0.0,11.379999999999999,0.0,971.2666399999999
2006-12-11 13:00:00,0.0,0.0,64.76,69.51,43.34,94.20100000000001,90.0,0.0,11.59099999999998,0.0,0.0,966.2666399999999
2006-12-11 14:00:00,0.0,0.0,64.04,67.75,43.11,88.458,90.0,0.0,0.0,8.557999999999993,0.0,967.4283999999999
2006-12-11 15:00:00,0.0,0.0,64.41,67.21,43.6,80.849,90.0,0.0,0.0,0.629000000000012,0.0,962.88128
2006-12-11 16:00:00,0.0,0.0,66.41,69.37,46.06,74.51500000000001,102.325,0.0,0.0,0.0,0.0,957.88128
2006-12-11 17:00:00,0.0,0.0,66.98,73.04,48.1,73.22,109.9,0.0,0.0,0.0,0.0,952.88128
2006-12-11 18:00:00,0.0,0.0,65.4,73.39,47.91,73.366,108.334,0.0,0.0,0.0,0.0,947.88128
2006-12-11 19:00:00,0.0,0.0,61.98,70.48,46.15,73.07799999999999,100.53200000000001,0.0,0.0,0.0,0.0,942.88128
2006-12-11 20:00:00,0.0,0.0,58.95,68.15,43.43,72.183,93.34700000000002,0.0,0.0,0.0,0.0,937.88128
2006-12-11 21:00:00,0.0,0.0,56.57,68.63,39.83,70.741,90.0,0.0,0.0,0.7110000000000163,0.0,933.3932
2006-12-11 22:00:00,0.0,0.0,52.99,68.52,35.93,69.694,90.0,0.0,0.0,7.254000000000019,0.0,933.61608
2006-12-11 23:00:00,0.0,0.0,50.21,65.75,32.37,67.849,90.0,0.0,0.0,14.518999999999966,0.0,939.06976
2006-12-12 00:00:00,0.0,0.0,49.68,62.77,31.94,64.90899999999999,90.0,0.0,0.0,15.518999999999984,0.0,945.24344
2006-12-12 01:00:00,0.0,0.0,48.99,61.07,30.37,61.782999999999994,90.0,0.0,0.0,16.35299999999998,0.0,952.0175999999999
2006-12-12 02:00:00,0.0,0.0,49.27,58.81,28.89,59.748,90.0,0.0,0.0,17.778000000000006,0.0,959.8177599999999
2006-12-12 03:00:00,0.0,0.0,50.6,58.42,28.11,58.78,90.0,0.0,0.0,16.650000000000013,0.0,966.80576
2006-12-12 04:00:00,0.0,0.0,53.55,60.65,27.5,60.255,90.0,0.0,0.0,13.554999999999993,0.0,971.5653599999999
2006-12-12 05:00:00,0.0,0.0,58.55,64.72,28.97,60.3,90.0,0.0,0.0,3.0600000000000094,0.0,968.76856
2006-12-12 06:00:00,0.0,0.0,63.21,68.67,33.72,61.33,99.27000000000001,0.0,0.0,0.0,0.0,963.76856
2006-12-12 07:00:00,0.0,0.0,65.62,70.63,38.85,61.172,108.92800000000003,0.0,0.0,0.0,0.0,958.76856
2006-12-12 08:00:00,0.0,0.0,67.03,71.75,41.71,64.883,110.60700000000003,0.0,0.0,0.0,0.0,953.76856
2006-12-12 09:00:00,0.0,0.0,68.34,72.1,43.37,67.03699999999999,111.77300000000002,0.0,0.0,0.0,0.0,948.76856
2006-12-12 10:00:00,0.0,0.0,68.99,72.37,44.05,77.07200000000002,103.338,0.0,0.0,0.0,0.0,943.76856
2006-12-12 11:00:00,0.0,0.0,68.35,72.15,44.4,82.96799999999998,96.93200000000002,0.0,0.0,0.0,0.0,938.76856
2006-12-12 12:00:00,0.0,0.0,67.14,70.61,44.49,85.69500000000002,91.54500000000002,0.0,0.0,0.0,0.0,933.76856
2006-12-12 13:00:00,0.0,0.0,65.95,68.7,44.11,82.31400000000002,91.44600000000001,0.0,0.0,0.0,0.0,928.76856
2006-12-12 14:00:00,0.0,0.0,65.24,66.92,43.89,72.97399999999999,98.076,0.0,0.0,0.0,0.0,923.76856
2006-12-12 15:00:00,0.0,0.0,65.62,66.38,44.36,65.206,106.154,0.0,0.0,0.0,0.0,918.76856
2006-12-12 16:00:00,0.0,0.0,67.64,68.55,46.83,63.226,114.79400000000001,0.0,0.0,0.0,0.0,913.76856
2006-12-12 17:00:00,0.0,0.0,68.22,72.25,48.89,65.041,110.0,9.318999999999987,0.0,0.0,0.0,908.76856
2006-12-12 18:00:00,0.0,0.0,66.64,72.63,48.7,67.23100000000001,110.0,5.739000000000012,0.0,0.0,0.0,903.76856
2006-12-12 19:00:00,0.0,0.0,63.22,69.69,46.93,69.709,105.13100000000003,0.0,0.0,0.0,0.0,898.76856
2006-12-12 20:00:00,0.0,0.0,60.19,67.31,44.21,71.78500000000001,94.92500000000001,0.0,0.0,0.0,0.0,893.76856
2006-12-12 21:00:00,0.0,0.0,57.84,67.8,40.62,72.082,90.0,0.0,0.0,0.8220000000000027,0.0,889.3604
2006-12-12 22:00:00,0.0,0.0,54.25,67.74,36.72,73.96600000000001,90.0,0.0,0.0,10.25600000000001,0.0,891.74472
2006-12-12 23:00:00,0.0,0.0,51.45,64.97,33.16,75.132,90.0,0.0,0.0,20.552000000000007,0.0,901.5421600000001
2006-12-13 00:00:00,0.0,0.0,49.74,64.1,31.42,75.709,90.0,0.0,0.0,25.449000000000034,0.0,914.8654400000001
2006-12-13 01:00:00,0.0,0.0,49.03,62.41,29.85,75.478,90.0,0.0,0.0,29.18800000000001,0.0,930.8808000000001
2006-12-13 02:00:00,0.0,0.0,49.3,60.13,28.35,75.175,90.0,0.0,2.394999999999996,30.0,0.0,947.4808000000002
2006-12-13 03:00:00,0.0,0.0,50.61,59.71,27.56,75.29599999999999,90.0,0.0,2.4159999999999826,30.0,0.0,964.0808000000002
2006-12-13 04:00:00,0.0,0.0,53.51,61.93,26.94,72.886,90.0,0.0,0.0,25.506000000000007,0.0,977.4451200000002
2006-12-13 05:00:00,0.0,0.0,58.51,66.01,28.37,72.882,90.0,0.0,0.0,14.992,0.0,983.2393600000001
2006-12-13 06:00:00,0.0,0.0,63.19,69.98,33.11,73.662,90.0,0.0,0.0,2.382000000000012,0.0,979.9544000000002
2006-12-13 07:00:00,0.0,0.0,65.62,71.94,38.26,75.20100000000001,95.619,0.0,0.0,0.0,0.0,974.9544000000002
2006-12-13 08:00:00,0.0,0.0,67.03,73.06,41.13,79.53000000000002,96.69000000000001,0.0,0.0,0.0,0.0,969.9544000000002
2006-12-13 09:00:00,0.0,0.0,68.34,73.4,42.81,87.243,92.30700000000003,0.0,0.0,0.0,0.0,964.9544000000002
2006-12-13 10:00:00,0.0,0.0,69.01,73.66,43.49,91.41699999999999,90.0,0.0,0.0,0.25699999999997303,0.0,960.1394400000001
2006-12-13 11:00:00,0.0,0.0,68.38,73.46,43.85,93.34400000000001,90.0,0.0,2.6539999999999964,0.0,0.0,955.1394400000001
2006-12-13 12:00:00,0.0,0.0,67.17,71.91,43.95,87.95799999999998,90.072,0.0,0.0,0.0,0.0,950.1394400000001
2006-12-13 13:00:00,0.0,0.0,65.98,69.99,43.58,81.45599999999999,93.094,0.0,0.0,0.0,0.0,945.1394400000001
2006-12-13 14:00:00,0.0,0.0,65.27,68.2,43.35,75.60800000000002,96.21199999999999,0.0,0.0,0.0,0.0,940.1394400000001
2006-12-13 15:00:00,0.0,0.0,65.65,67.66,43.81,70.336,90.0,11.784000000000018,0.0,0.0,0.0,935.1394400000001
2006-12-13 16:00:00,0.0,0.0,67.69,69.83,46.29,66.05999999999999,112.74999999999997,0.0,0.0,0.0,0.0,930.1394400000001
2006-12-13 17:00:00,0.0,0.0,68.29,73.57,48.36,65.64600000000002,115.0,4.573999999999984,0.0,0.0,0.0,925.1394400000001
2006-12-13 18:00:00,0.0,0.0,66.71,73.97,48.18,68.833,115.02700000000002,0.0,0.0,0.0,0.0,920.1394400000001
2006-12-13 19:00:00,0.0,0.0,63.28,71.02,46.4,69.822,105.87799999999999,0.0,0.0,0.0,0.0,915.1394400000001
2006-12-13 20:00:00,0.0,0.0,60.26,68.59,43.68,70.85100000000001,96.67900000000003,0.0,0.0,0.0,0.0,910.1394400000001
2006-12-13 21:00:00,0.0,0.0,57.93,69.07,40.09,72.158,90.0,0.0,0.0,0.06799999999998718,0.0,905.1884000000001
2006-12-13 22:00:00,0.0,0.0,54.34,69.07,36.19,75.454,90.0,0.0,0.0,10.853999999999996,0.0,908.0032800000001
2006-12-13 23:00:00,0.0,0.0,51.52,66.31,32.63,76.33699999999999,90.0,0.0,0.0,20.876999999999967,0.0,918.0347200000001
2006-12-14 00:00:00,0.0,0.0,49.07,64.64,31.14,77.131,90.0,0.0,0.0,27.28099999999999,0.0,932.6770400000001
2006-12-14 01:00:00,0.0,0.0,48.35,62.97,29.56,77.521,90.0,0.0,1.6409999999999982,30.0,0.0,949.2770400000002
2006-12-14 02:00:00,0.0,0.0,48.61,60.66,28.05,77.836,90.0,0.0,5.515999999999991,30.0,0.0,965.8770400000002
2006-12-14 03:00:00,0.0,0.0,49.89,60.21,27.25,78.07300000000001,90.0,0.0,19.531222222222475,16.19177777777752,0.0,972.53512
2006-12-14 04:00:00,0.0,0.0,52.74,62.4,26.61,78.324,90.0,0.0,1.573999999999998,30.0,0.0,989.13512
2006-12-14 05:00:00,0.0,0.0,57.74,66.5,28.0,78.42500000000001,90.0,0.0,0.0,21.185000000000002,0.0,999.38832
2006-12-14 06:00:00,0.0,0.0,62.45,70.49,32.73,78.464,90.0,0.0,0.0,7.794000000000018,0.0,1000.0
2006-12-14 07:00:00,0.0,0.0,64.9,72.46,37.9,78.59200000000001,91.66799999999998,0.0,0.0,0.0,0.0,995.0
2006-12-14 08:00:00,0.0,0.0,66.3,73.58,40.79,80.90100000000001,94.769,0.0,0.0,0.0,0.0,990.0
2006-12-14 09:00:00,0.0,0.0,67.61,73.91,42.48,86.33,92.67,0.0,0.0,0.0,0.0,985.0
2006-12-14 10:00:00,0.0,0.0,68.29,74.16,43.18,89.78999999999999,90.84000000000002,0.0,0.0,0.0,0.0,980.0
2006-12-14 11:00:00,0.0,0.0,67.67,73.97,43.54,92.455,90.0,0.0,0.0,2.2750000000000092,0.0,976.638
2006-12-14 12:00:00,0.0,0.0,66.46,72.41,43.64,92.04200000000002,90.0,0.0,0.0,4.532000000000007,0.0,974.9010400000001
2006-12-14 13:00:00,0.0,0.0,65.27,70.49,43.27,88.729,90.0,0.0,0.0,4.698999999999987,0.0,973.2843200000001
2006-12-14 14:00:00,0.0,0.0,64.57,68.69,43.04,82.383,90.0,0.0,0.0,1.0830000000000126,0.0,969.0640800000001
2006-12-14 15:00:00,0.0,0.0,64.95,68.15,43.49,75.51899999999999,96.07100000000004,0.0,0.0,0.0,0.0,964.0640800000001
2006-12-14 16:00:00,0.0,0.0,67.02,70.33,45.98,71.409,106.92099999999998,0.0,0.0,0.0,0.0,959.0640800000001
2006-12-14 17:00:00,0.0,0.0,67.62,74.09,48.07,71.004,113.77600000000001,0.0,0.0,0.0,0.0,954.0640800000001
2006-12-14 18:00:00,0.0,0.0,66.06,74.52,47.89,71.79100000000001,111.67899999999999,0.0,0.0,0.0,0.0,949.0640800000001
2006-12-14 19:00:00,0.0,0.0,62.62,71.55,46.11,72.04499999999999,110.0,0.0,0.0,6.764999999999976,0.0,948.9348800000001
2006-12-14 20:00:00,0.0,0.0,59.59,69.08,43.38,71.678,95.37199999999999,0.0,0.0,0.0,0.0,943.9348800000001
2006-12-14 21:00:00,0.0,0.0,57.3,69.55,39.79,70.535,91.105,0.0,0.0,0.0,0.0,938.9348800000001
2006-12-14 22:00:00,0.0,0.0,53.7,69.61,35.9,70.097,90.0,0.0,0.0,5.8870000000000005,0.0,938.1735200000002
2006-12-14 23:00:00,0.0,0.0,50.86,66.85,32.34,67.878,90.0,0.0,0.0,12.82800000000001,0.0,942.4096800000002
2006-12-15 00:00:00,0.0,0.0,48.41,62.28,32.23,66.796,90.0,0.0,0.0,18.875999999999983,0.0,951.0004000000002
2006-12-15 01:00:00,0.0,0.0,47.67,60.61,30.64,65.537,90.0,0.0,0.0,21.616999999999976,0.0,961.5646400000002
2006-12-15 02:00:00,0.0,0.0,47.92,58.28,29.11,64.788,90.0,0.0,0.0,24.47800000000003,0.0,974.1888000000002
2006-12-15 03:00:00,0.0,0.0,49.18,57.8,28.31,62.665,90.0,0.0,0.0,22.374999999999986,0.0,985.2988000000003
2006-12-15 04:00:00,0.0,0.0,51.97,59.98,27.65,61.438,90.0,0.0,0.0,16.838000000000008,0.0,992.4221600000003
2006-12-15 05:00:00,0.0,0.0,56.97,64.08,29.01,59.696999999999996,90.0,0.0,0.0,4.636999999999976,0.0,990.7608000000002
2006-12-15 06:00:00,0.0,0.0,61.71,68.1,33.72,57.02900000000001,101.50099999999999,0.0,0.0,0.0,0.0,985.7608000000002
2006-12-15 07:00:00,0.0,0.0,64.17,70.07,38.9,55.72700000000001,112.41300000000001,0.0,0.0,0.0,0.0,980.7608000000002
2006-12-15 08:00:00,0.0,0.0,65.58,71.19,41.81,56.69899999999999,116.881,0.0,0.0,0.0,0.0,975.7608000000002
2006-12-15 09:00:00,0.0,0.0,66.89,71.52,43.52,61.86600000000001,115.064,0.0,0.0,0.0,0.0,970.7608000000002
2006-12-15 10:00:00,0.0,0.0,67.58,71.76,44.23,63.757999999999996,114.81199999999998,0.0,0.0,0.0,0.0,965.7608000000002
2006-12-15 11:00:00,0.0,0.0,66.97,71.58,44.59,65.967,112.17300000000002,0.0,0.0,0.0,0.0,960.7608000000002
2006-12-15 12:00:00,0.0,0.0,65.76,70.01,44.71,65.031,110.44900000000001,0.0,0.0,0.0,0.0,955.7608000000002
2006-12-15 13:00:00,0.0,0.0,64.57,68.08,44.34,59.045,115.0,0.0,0.0,2.054999999999991,0.0,952.2404000000002
2006-12-15 14:00:00,0.0,0.0,63.87,66.27,44.1,51.274,117.96599999999998,0.0,0.0,0.0,0.0,947.2404000000002
2006-12-15 15:00:00,0.0,0.0,64.26,65.73,44.54,43.69600000000001,125.834,0.0,0.0,0.0,0.0,942.2404000000002
2006-12-15 16:00:00,0.0,0.0,66.35,67.92,47.04,44.108999999999995,132.201,0.0,0.0,0.0,0.0,937.2404000000002
2006-12-15 17:00:00,0.0,0.0,66.96,71.71,49.15,44.545,138.27499999999998,0.0,0.0,0.0,0.0,932.2404000000002
2006-12-15 18:00:00,0.0,0.0,65.41,72.17,48.97,43.730000000000004,137.82,0.0,0.0,0.0,0.0,927.2404000000002
2006-12-15 19:00:00,0.0,0.0,61.95,69.18,47.18,43.72,129.59,0.0,0.0,0.0,0.0,922.2404000000002
2006-12-15 20:00:00,0.0,0.0,58.94,66.65,44.45,43.899,121.14100000000002,0.0,0.0,0.0,0.0,917.2404000000002
2006-12-15 21:00:00,0.0,0.0,56.67,67.12,40.86,44.08,115.57000000000002,0.0,0.0,0.0,0.0,912.2404000000002
2006-12-15 22:00:00,0.0,0.0,53.06,67.24,36.97,43.43300000000001,110.0,0.0,0.0,1.1630000000000145,0.0,908.0777600000002
2006-12-15 23:00:00,0.0,0.0,50.21,64.48,33.41,43.84,99.26,0.0,0.0,0.0,0.0,903.0777600000002
2006-12-16 00:00:00,0.0,0.0,39.98,54.2,31.74,45.486000000000004,105.434,0.0,0.0,30.0,0.0,919.6777600000003
2006-12-16 01:00:00,0.0,0.0,39.24,52.55,30.14,46.672999999999995,90.0,0.0,0.0,19.742999999999967,0.0,928.8927200000003
2006-12-16 02:00:00,0.0,0.0,39.47,50.19,28.6,48.411,94.849,0.0,0.0,30.0,0.0,945.4927200000003
2006-12-16 03:00:00,0.0,0.0,40.71,49.68,27.79,50.314,90.0,0.0,0.0,27.133999999999972,0.0,960.0292000000003
2006-12-16 04:00:00,0.0,0.0,43.45,51.84,27.11,51.605000000000004,90.0,0.0,0.0,24.204999999999984,0.0,972.4568000000003
2006-12-16 05:00:00,0.0,0.0,48.45,55.95,28.44,53.104,90.0,0.0,0.0,15.263999999999982,0.0,978.4468800000003
2006-12-16 06:00:00,0.0,0.0,53.21,60.0,33.14,53.715999999999994,90.0,0.0,0.0,2.366000000000003,0.0,975.1504000000003
2006-12-16 07:00:00,0.0,0.0,55.69,61.97,38.34,54.599,96.40100000000001,0.0,0.0,0.0,0.0,970.1504000000003
2006-12-16 08:00:00,0.0,0.0,57.1,63.09,41.25,56.559,99.881,0.0,0.0,0.0,0.0,965.1504000000003
2006-12-16 09:00:00,0.0,0.0,58.4,63.42,42.99,62.391,100.06355555555544,0.0,0.0,2.644555555555428,0.0,962.0544800000002
2006-12-16 10:00:00,0.0,0.0,59.12,63.65,43.7,67.861,93.60900000000001,0.0,0.0,0.0,0.0,957.0544800000002
2006-12-16 11:00:00,0.0,0.0,58.51,63.49,44.07,71.42399999999999,115.0,0.0,0.0,25.354000000000003,0.0,970.3093600000002
2006-12-16 12:00:00,0.0,0.0,57.31,61.91,44.19,72.97600000000001,90.0,0.0,0.0,4.566000000000006,0.0,968.5968800000002
2006-12-16 13:00:00,0.0,0.0,56.11,59.96,43.82,69.408,90.0,0.0,0.0,4.51799999999999,0.0,966.8498400000002
2006-12-16 14:00:00,0.0,0.0,55.42,58.14,43.59,61.08,91.07000000000002,0.0,0.0,0.0,0.0,961.8498400000002
2006-12-16 15:00:00,0.0,0.0,55.81,57.6,44.02,51.264,110.0,0.0,0.0,8.833999999999957,0.0,963.2103200000001
2006-12-16 16:00:00,0.0,0.0,57.92,59.8,46.53,46.373000000000005,112.87700000000001,0.0,0.0,0.0,0.0,958.2103200000001
2006-12-16 17:00:00,0.0,0.0,58.55,63.62,48.65,45.263,120.55699999999999,0.0,0.0,0.0,0.0,953.2103200000001
2006-12-16 18:00:00,0.0,0.0,57.0,64.1,48.47,43.947,120.623,0.0,0.0,0.0,0.0,948.2103200000001
2006-12-16 19:00:00,0.0,0.0,53.53,61.1,46.68,42.387,113.92300000000003,0.0,0.0,0.0,0.0,943.2103200000001
2006-12-16 20:00:00,0.0,0.0,50.52,58.53,43.94,41.916,106.07400000000001,0.0,0.0,0.0,0.0,938.2103200000001
2006-12-16 21:00:00,0.0,0.0,48.28,58.99,40.36,41.996,100.634,0.0,0.0,0.0,0.0,933.2103200000001
2006-12-16 22:00:00,0.0,0.0,44.66,59.17,36.47,42.795,92.505,0.0,0.0,0.0,0.0,928.2103200000001
2006-12-16 23:00:00,0.0,0.0,41.79,56.41,32.91,43.98800000000001,110.0,0.0,0.0,27.877999999999997,0.0,943.2824800000001
2006-12-17 00:00:00,0.0,0.0,36.65,55.84,31.05,44.065000000000005,90.0,0.0,0.0,15.525000000000013,0.0,949.4604800000001
2006-12-17 01:00:00,0.0,0.0,35.89,54.19,29.44,45.312,90.0,0.0,0.0,20.792,0.0,959.4307200000001
2006-12-17 02:00:00,0.0,0.0,36.11,51.81,27.89,45.26800000000001,90.0,0.0,0.0,24.457999999999984,0.0,972.04048
2006-12-17 03:00:00,0.0,0.0,37.32,51.27,27.07,46.772000000000006,90.0,0.0,0.0,26.112000000000002,0.0,985.84112
2006-12-17 04:00:00,0.0,0.0,40.02,53.41,26.37,46.553,90.0,0.0,0.0,21.752999999999993,0.0,996.50328
2006-12-17 05:00:00,0.0,0.0,45.02,57.53,27.66,47.011,90.0,0.0,0.0,11.801000000000002,0.0,1000.0
2006-12-17 06:00:00,0.0,0.0,49.81,61.61,32.35,44.946,97.89055555555552,0.0,0.0,4.066555555555516,0.0,997.92792
2006-12-17 07:00:00,0.0,0.0,52.3,63.58,37.57,42.985,110.0,0.0,0.0,4.5350000000000215,0.0,996.19312
2006-12-17 08:00:00,0.0,0.0,53.71,64.71,40.5,44.501999999999995,110.0,0.0,0.0,0.5819999999999972,0.0,991.61216
2006-12-17 09:00:00,0.0,0.0,55.01,65.02,42.25,48.658,108.622,0.0,0.0,0.0,0.0,986.61216
2006-12-17 10:00:00,0.0,0.0,55.74,65.25,42.97,53.42,110.0,0.0,0.0,4.460000000000004,0.0,984.82336
2006-12-17 11:00:00,0.0,0.0,55.15,65.1,43.34,56.06400000000001,102.52600000000001,0.0,0.0,0.0,0.0,979.82336
2006-12-17 12:00:00,0.0,0.0,53.94,63.51,43.48,57.509,128.421,0.0,0.0,30.0,0.0,996.42336
2006-12-17 13:00:00,0.0,0.0,52.75,61.56,43.11,54.33200000000001,110.0,0.0,0.0,11.911999999999988,0.0,1000.0
2006-12-17 14:00:00,0.0,0.0,52.06,59.73,42.87,44.249,110.0,0.0,0.0,4.589000000000002,0.0,998.30408
2006-12-17 15:00:00,0.0,0.0,52.45,59.18,43.29,33.241,116.67900000000002,0.0,0.0,0.0,0.0,993.30408
2006-12-17 16:00:00,0.0,0.0,54.58,61.39,45.81,28.345,128.435,0.0,0.0,0.0,0.0,988.30408
2006-12-17 17:00:00,0.0,0.0,55.22,65.24,47.95,27.021,136.389,0.0,0.0,0.0,0.0,983.30408
2006-12-17 18:00:00,0.0,0.0,53.68,65.75,47.77,25.429000000000002,136.77100000000002,0.0,0.0,0.0,0.0,978.30408
2006-12-17 19:00:00,0.0,0.0,50.21,62.72,45.97,23.505000000000003,130.395,0.0,0.0,0.0,0.0,973.30408
2006-12-17 20:00:00,0.0,0.0,47.2,60.11,43.23,21.985000000000003,123.555,0.0,0.0,0.0,0.0,968.30408
2006-12-17 21:00:00,0.0,0.0,44.98,60.57,39.65,18.566,135.0,0.0,0.0,13.365999999999985,0.0,972.9276
2006-12-17 22:00:00,0.0,0.0,41.35,60.8,35.77,17.794,145.12600000000003,0.0,0.0,30.0,0.0,989.5276
2006-12-17 23:00:00,0.0,0.0,38.47,58.05,32.21,16.704,127.03488888888884,0.0,0.0,20.008888888888837,0.0,998.934
2006-12-18 00:00:00,0.0,0.0,48.79,64.92,33.37,15.504999999999999,135.0,0.0,0.0,8.424999999999988,0.0,1000.0
2006-12-18 01:00:00,0.0,0.0,48.02,63.28,31.76,14.52,123.54,0.0,0.0,0.0,0.0,995.0
2006-12-18 02:00:00,0.0,0.0,48.23,60.88,30.19,13.458,130.0,0.0,0.0,9.158000000000012,0.0,996.59376
2006-12-18 03:00:00,0.0,0.0,49.42,60.31,29.37,12.771999999999998,121.328,0.0,0.0,0.0,0.0,991.59376
2006-12-18 04:00:00,0.0,0.0,52.06,62.43,28.65,11.902000000000001,134.29622222222218,0.0,0.0,8.058222222222216,0.0,992.39568
2006-12-18 05:00:00,0.0,0.0,57.06,66.56,29.9,11.026,155.0,0.0,0.0,17.50600000000001,0.0,1000.0
2006-12-18 06:00:00,0.0,0.0,61.88,70.66,34.59,10.103,155.0,0.0,0.0,2.972999999999991,0.0,997.14056
2006-12-18 07:00:00,0.0,0.0,64.39,72.63,39.81,9.62,155.0,7.209999999999994,0.0,0.0,0.0,992.14056
2006-12-18 08:00:00,0.0,0.0,65.79,73.76,42.76,11.711,155.0,10.59900000000001,0.0,0.0,0.0,987.14056
2006-12-18 09:00:00,0.0,0.0,67.1,74.07,44.54,17.762999999999998,155.0,7.9469999999999885,0.0,0.0,0.0,982.14056
2006-12-18 10:00:00,0.0,0.0,67.85,74.29,45.26,22.955,155.0,4.444999999999988,0.0,0.0,0.0,977.14056
2006-12-18 11:00:00,0.0,0.0,67.26,74.15,45.64,27.183,155.0,0.0,0.13300000000000267,0.0,0.0,972.14056
2006-12-18 12:00:00,0.0,0.0,66.05,72.55,45.78,28.991999999999997,155.0,0.0,0.0,4.612000000000009,0.0,970.4612000000001
2006-12-18 13:00:00,0.0,0.0,64.85,70.59,45.41,28.325,155.0,0.0,0.0,7.4750000000000085,0.0,970.8432000000001
2006-12-18 14:00:00,0.0,0.0,64.17,68.75,45.18,24.975,155.0,0.0,0.0,6.875,0.0,970.7932000000002
2006-12-18 15:00:00,0.0,0.0,64.57,68.21,45.58,20.369000000000003,155.0,0.0,0.0,2.0090000000000217,0.0,967.2396800000002
2006-12-18 16:00:00,0.0,0.0,66.72,70.43,48.11,12.091999999999999,155.0,13.168000000000001,0.0,0.0,0.0,962.2396800000002
2006-12-18 17:00:00,0.0,0.0,67.37,74.3,50.27,7.339,155.0,24.601,0.0,0.0,0.0,957.2396800000002
2006-12-18 18:00:00,0.0,0.0,65.83,74.84,50.09,8.002,155.0,22.75799999999999,0.0,0.0,0.0,952.2396800000002
2006-12-18 19:00:00,0.0,0.0,62.35,71.79,48.29,8.152000000000001,155.0,14.277999999999999,0.0,0.0,0.0,947.2396800000002
2006-12-18 20:00:00,0.0,0.0,59.35,69.13,45.54,7.691,155.0,6.328999999999985,0.0,0.0,0.0,942.2396800000002
2006-12-18 21:00:00,0.0,0.0,57.16,69.58,41.97,7.2,155.0,1.5099999999999927,0.0,0.0,0.0,937.2396800000002
2006-12-18 22:00:00,0.0,0.0,53.52,69.87,38.08,7.760999999999999,155.0,0.0,0.0,6.291000000000001,0.0,936.7692000000003
2006-12-18 23:00:00,0.0,0.0,50.63,67.13,34.53,8.407,155.0,0.0,16.11700000000001,0.0,0.0,931.7692000000003
2006-12-19 00:00:00,0.0,0.0,50.89,69.8,33.95,8.907,155.0,0.0,0.0,14.267,0.0,937.0414400000003
2006-12-19 01:00:00,0.0,0.0,50.11,68.18,32.33,9.764,155.0,0.0,19.144,0.0,0.0,932.0414400000003
2006-12-19 02:00:00,0.0,0.0,50.3,65.74,30.76,10.886,155.0,0.0,0.0,24.086000000000006,0.0,944.3833600000003
2006-12-19 03:00:00,0.0,0.0,51.47,65.15,29.92,11.866999999999999,155.0,0.0,0.0,25.326999999999998,0.0,957.6188000000003
2006-12-19 04:00:00,0.0,0.0,54.06,67.25,29.18,12.3,155.0,0.0,0.0,21.809999999999995,0.0,968.3220000000003
2006-12-19 05:00:00,0.0,0.0,59.06,71.39,30.4,12.803999999999998,155.0,0.0,11.953999999999994,0.0,0.0,963.3220000000003
2006-12-19 06:00:00,0.0,0.0,63.9,75.52,35.08,12.208,155.0,2.2920000000000016,0.0,0.0,0.0,958.3220000000003
2006-12-19 07:00:00,0.0,0.0,66.43,77.49,40.32,12.005,155.0,12.234999999999985,0.0,0.0,0.0,953.3220000000003
2006-12-19 08:00:00,0.0,0.0,67.83,78.62,43.28,15.427,155.0,14.302999999999997,0.0,0.0,0.0,948.3220000000003
2006-12-19 09:00:00,0.0,0.0,69.14,78.93,45.08,24.689,155.0,8.461000000000006,0.0,0.0,0.0,943.3220000000003
2006-12-19 10:00:00,0.0,0.0,69.9,79.13,45.81,31.893,155.0,2.9470000000000027,0.0,0.0,0.0,938.3220000000003
2006-12-19 11:00:00,0.0,0.0,69.32,79.01,46.19,37.33,155.0,0.0,2.8100000000000094,0.0,0.0,933.3220000000003
2006-12-19 12:00:00,0.0,0.0,68.12,77.4,46.34,39.046,155.0,0.0,7.185999999999999,0.0,0.0,928.3220000000003
2006-12-19 13:00:00,0.0,0.0,66.92,75.43,45.97,36.840999999999994,155.0,0.0,0.0,8.521000000000008,0.0,929.4571200000004
2006-12-19 14:00:00,0.0,0.0,66.24,73.59,45.73,30.016,155.0,0.0,0.0,4.456000000000018,0.0,927.6654400000003
2006-12-19 15:00:00,0.0,0.0,66.65,73.04,46.13,23.198,155.0,2.622,0.0,0.0,0.0,922.6654400000003
2006-12-19 16:00:00,0.0,0.0,68.81,75.27,48.67,18.239,155.0,14.510999999999981,0.0,0.0,0.0,917.6654400000003
2006-12-19 17:00:00,0.0,0.0,69.47,79.17,50.84,13.887999999999998,155.0,25.59199999999999,0.0,0.0,0.0,912.6654400000003
2006-12-19 18:00:00,0.0,0.0,67.95,79.73,50.67,14.98,155.0,23.370000000000005,0.0,0.0,0.0,907.6654400000003
2006-12-19 19:00:00,0.0,0.0,64.46,76.67,48.85,15.471,155.0,14.508999999999988,0.0,0.0,0.0,902.6654400000003
2006-12-19 20:00:00,0.0,0.0,61.46,73.96,46.11,16.024,155.0,5.505999999999981,0.0,0.0,0.0,897.6654400000003
2006-12-19 21:00:00,0.0,0.0,59.29,74.41,42.53,16.226,155.0,0.003999999999992454,0.0,0.0,0.0,892.6654400000003
2006-12-19 22:00:00,0.0,0.0,55.65,74.76,38.65,17.485,155.0,0.0,8.42500000000001,0.0,0.0,887.6654400000003
2006-12-19 23:00:00,0.0,0.0,52.73,72.02,35.1,18.75,155.0,0.0,0.0,18.900000000000023,0.0,896.2734400000004
2006-12-20 00:00:00,0.0,0.0,51.06,72.54,35.61,20.562,155.0,0.0,21.351999999999997,0.0,0.0,891.2734400000004
2006-12-20 01:00:00,0.0,0.0,50.26,70.92,33.97,23.052,155.0,0.0,27.902000000000015,0.0,0.0,886.2734400000004
2006-12-20 02:00:00,0.0,0.0,50.45,68.47,32.39,25.386,155.0,0.0,4.076000000000006,30.0,0.0,902.8734400000004
2006-12-20 03:00:00,0.0,0.0,51.59,67.84,31.54,26.096,155.0,0.0,35.126000000000005,0.0,0.0,897.8734400000004
2006-12-20 04:00:00,0.0,0.0,54.13,69.92,30.78,25.225000000000005,155.0,0.0,30.394999999999996,0.0,0.0,892.8734400000004
2006-12-20 05:00:00,0.0,0.0,59.13,74.07,31.97,24.761000000000003,155.0,0.0,0.0,19.591000000000015,0.0,901.9789600000004
2006-12-20 06:00:00,0.0,0.0,64.0,78.22,36.63,24.112000000000002,155.0,0.0,0.0,5.262000000000015,0.0,900.7676000000004
2006-12-20 07:00:00,0.0,0.0,66.55,80.2,41.89,24.385000000000005,155.0,4.254999999999983,0.0,0.0,0.0,895.7676000000004
2006-12-20 08:00:00,0.0,0.0,67.94,81.33,44.86,27.180000000000003,155.0,6.949999999999983,0.0,0.0,0.0,890.7676000000004
2006-12-20 09:00:00,0.0,0.0,69.25,81.63,46.69,34.233999999999995,155.0,3.335999999999993,0.0,0.0,0.0,885.7676000000004
2006-12-20 10:00:00,0.0,0.0,70.03,81.83,47.43,40.586000000000006,155.0,0.0,1.2960000000000065,0.0,0.0,880.7676000000004
2006-12-20 11:00:00,0.0,0.0,69.45,81.72,47.81,46.123,155.0,0.0,0.0,7.143000000000008,0.0,880.9105600000004
2006-12-20 12:00:00,0.0,0.0,68.25,80.1,47.96,46.294000000000004,155.0,0.0,0.0,9.98400000000003,0.0,883.0990400000004
2006-12-20 13:00:00,0.0,0.0,67.05,78.13,47.6,41.278999999999996,155.0,0.0,8.49900000000001,0.0,0.0,878.0990400000004
2006-12-20 14:00:00,0.0,0.0,66.38,76.27,47.36,31.765,155.0,0.0,1.7550000000000168,0.0,0.0,873.0990400000004
2006-12-20 15:00:00,0.0,0.0,66.79,75.72,47.74,23.67,155.0,6.580000000000005,0.0,0.0,0.0,868.0990400000004
2006-12-20 16:00:00,0.0,0.0,68.98,77.96,50.29,18.238999999999997,155.0,18.990999999999993,0.0,0.0,0.0,863.0990400000004
2006-12-20 17:00:00,0.0,0.0,69.65,81.89,52.48,15.241,155.0,28.778999999999996,0.0,0.0,0.0,858.0990400000004
2006-12-20 18:00:00,0.0,0.0,68.13,82.48,52.31,14.036,155.0,28.883999999999993,0.0,0.0,0.0,853.0990400000004
2006-12-20 19:00:00,0.0,0.0,64.63,79.4,50.49,12.895999999999999,155.0,21.623999999999988,0.0,0.0,0.0,848.0990400000004
2006-12-20 20:00:00,0.0,0.0,61.63,76.63,47.74,11.93,155.0,14.07,0.0,0.0,0.0,843.0990400000004
2006-12-20 21:00:00,0.0,0.0,59.5,77.08,44.17,11.536,155.0,9.213999999999999,0.0,0.0,0.0,838.0990400000004
2006-12-20 22:00:00,0.0,0.0,55.84,77.49,40.29,10.495999999999999,155.0,3.1239999999999952,0.0,0.0,0.0,833.0990400000004
2006-12-20 23:00:00,0.0,0.0,52.91,74.75,36.74,10.11,155.0,0.0,5.709999999999994,0.0,0.0,828.0990400000004
2006-12-21 00:00:00,0.0,0.0,50.17,70.88,35.28,10.182,155.0,0.0,0.0,13.851999999999999,0.0,833.0724800000004
2006-12-21 01:00:00,0.0,0.0,49.35,69.27,33.64,10.818,155.0,0.0,0.0,18.558000000000007,0.0,841.4342400000004
2006-12-21 02:00:00,0.0,0.0,49.53,66.79,32.04,11.531,155.0,0.0,23.171000000000006,0.0,0.0,836.4342400000004
2006-12-21 03:00:00,0.0,0.0,50.64,66.14,31.19,12.29,155.0,0.0,24.320000000000007,0.0,0.0,831.4342400000004
2006-12-21 04:00:00,0.0,0.0,53.14,68.2,30.41,13.123999999999999,155.0,0.0,0.0,21.374,0.0,841.8235200000004
2006-12-21 05:00:00,0.0,0.0,58.13,72.36,31.56,14.117,155.0,0.0,0.0,12.067000000000007,0.0,845.5117600000003
2006-12-21 06:00:00,0.0,0.0,63.03,76.54,36.21,15.469000000000001,155.0,0.3109999999999946,0.0,0.0,0.0,840.5117600000003
2006-12-21 07:00:00,0.0,0.0,65.59,78.52,41.49,16.831,155.0,8.768999999999991,0.0,0.0,0.0,835.5117600000003
2006-12-21 08:00:00,0.0,0.0,66.99,79.65,44.47,20.811999999999998,155.0,10.297999999999988,0.0,0.0,0.0,830.5117600000003
2006-12-21 09:00:00,0.0,0.0,68.29,79.95,46.32,28.186999999999998,155.0,6.373000000000019,0.0,0.0,0.0,825.5117600000003
2006-12-21 10:00:00,0.0,0.0,69.09,80.13,47.06,35.805,155.0,0.4750000000000014,0.0,0.0,0.0,820.5117600000003
2006-12-21 11:00:00,0.0,0.0,68.53,80.04,47.45,40.597,155.0,0.0,4.576999999999991,0.0,0.0,815.5117600000003
2006-12-21 12:00:00,0.0,0.0,67.33,78.41,47.61,42.106,155.0,0.0,0.0,8.756000000000014,0.0,816.8160800000003
2006-12-21 13:00:00,0.0,0.0,66.12,76.43,47.25,41.07000000000001,155.0,0.0,11.269999999999996,0.0,0.0,811.8160800000003
2006-12-21 14:00:00,0.0,0.0,65.46,74.56,47.01,36.911,155.0,0.0,0.0,9.881000000000016,0.0,813.9304000000003
2006-12-21 15:00:00,0.0,0.0,65.87,74.01,47.38,31.328000000000003,155.0,0.0,0.0,4.068000000000005,0.0,811.8593600000003
2006-12-21 16:00:00,0.0,0.0,68.08,76.25,49.94,21.225,155.0,13.044999999999987,0.0,0.0,0.0,806.8593600000003
2006-12-21 17:00:00,0.0,0.0,68.76,80.21,52.15,18.975,155.0,22.144999999999982,0.0,0.0,0.0,801.8593600000003
2006-12-21 18:00:00,0.0,0.0,67.25,80.83,51.98,19.391,155.0,20.668999999999983,0.0,0.0,0.0,796.8593600000003
2006-12-21 19:00:00,0.0,0.0,63.74,77.73,50.15,19.746,155.0,11.874000000000011,0.0,0.0,0.0,791.8593600000003
2006-12-21 20:00:00,0.0,0.0,60.75,74.92,47.4,18.988999999999997,155.0,4.081000000000012,0.0,0.0,0.0,786.8593600000003
2006-12-21 21:00:00,0.0,0.0,58.64,75.36,43.83,18.925,155.0,0.0,1.0949999999999989,0.0,0.0,781.8593600000003
2006-12-21 22:00:00,0.0,0.0,54.97,75.83,39.95,18.465000000000003,155.0,0.0,7.715000000000018,0.0,0.0,776.8593600000003
2006-12-21 23:00:00,0.0,0.0,52.03,73.1,36.4,16.791000000000004,155.0,0.0,15.261000000000008,0.0,0.0,771.8593600000003
2006-12-22 00:00:00,0.0,0.0,49.06,69.99,33.97,16.75,155.0,0.0,0.0,23.730000000000008,0.0,783.9449600000003
2006-12-22 01:00:00,0.0,0.0,48.23,68.4,32.32,15.776,155.0,0.0,26.826000000000008,0.0,0.0,778.9449600000003
2006-12-22 02:00:00,0.0,0.0,48.4,65.89,30.71,16.176000000000002,155.0,0.0,20.0,11.176000000000005,0.0,781.9916800000003
2006-12-22 03:00:00,0.0,0.0,49.49,65.21,29.85,15.003,155.0,0.0,30.45300000000001,0.0,0.0,776.9916800000003
2006-12-22 04:00:00,0.0,0.0,51.93,67.26,29.05,14.434999999999999,155.0,0.0,26.195000000000007,0.0,0.0,771.9916800000003
2006-12-22 05:00:00,0.0,0.0,56.93,71.43,30.17,13.811,155.0,0.0,0.0,15.281000000000008,0.0,777.9940000000004
2006-12-22 06:00:00,0.0,0.0,61.85,75.63,34.81,13.347000000000001,155.0,0.0,1.0570000000000022,0.0,0.0,772.9940000000004
2006-12-22 07:00:00,0.0,0.0,64.43,77.61,40.1,13.067000000000002,155.0,9.072999999999995,0.0,0.0,0.0,767.9940000000004
2006-12-22 08:00:00,0.0,0.0,65.82,78.74,43.1,15.187,155.0,12.472999999999985,0.0,0.0,0.0,762.9940000000004
2006-12-22 09:00:00,0.0,0.0,67.12,79.03,44.96,22.26,155.0,8.849999999999994,0.0,0.0,0.0,757.9940000000004
2006-12-22 10:00:00,0.0,0.0,67.94,79.21,45.72,29.174,155.0,3.6959999999999837,0.0,0.0,0.0,752.9940000000004
2006-12-22 11:00:00,0.0,0.0,67.38,79.13,46.11,32.929,155.0,0.0,0.0,0.3090000000000259,0.0,748.2164800000004
2006-12-22 12:00:00,0.0,0.0,66.19,77.49,46.28,32.866,155.0,0.0,0.0,2.9060000000000272,0.0,745.3088000000004
2006-12-22 13:00:00,0.0,0.0,64.98,75.5,45.92,29.028,155.0,0.0,2.628,0.0,0.0,740.3088000000004
2006-12-22 14:00:00,0.0,0.0,64.32,73.62,45.68,21.938000000000002,155.0,1.681999999999988,0.0,0.0,0.0,735.3088000000004
2006-12-22 15:00:00,0.0,0.0,64.74,73.07,46.04,15.277,155.0,8.572999999999979,0.0,0.0,0.0,730.3088000000004
2006-12-22 16:00:00,0.0,0.0,66.97,75.33,48.61,9.731,155.0,21.17899999999998,0.0,0.0,0.0,725.3088000000004
2006-12-22 17:00:00,0.0,0.0,67.66,79.31,50.83,8.317,155.0,29.482999999999997,0.0,0.0,0.0,720.3088000000004
2006-12-22 18:00:00,0.0,0.0,66.15,79.96,50.66,8.8,155.0,27.969999999999978,0.0,0.0,0.0,715.3088000000004
2006-12-22 19:00:00,0.0,0.0,62.64,76.84,48.83,8.831,155.0,19.479,0.0,0.0,0.0,710.3088000000004
2006-12-22 20:00:00,0.0,0.0,59.65,73.98,46.07,8.721,155.0,10.979000000000006,0.0,0.0,0.0,705.3088000000004
2006-12-22 21:00:00,0.0,0.0,57.57,74.42,42.51,9.014999999999999,155.0,5.484999999999999,0.0,0.0,0.0,700.3088000000004
2006-12-22 22:00:00,0.0,0.0,53.89,74.94,38.63,9.18,155.0,0.0,1.720000000000013,0.0,0.0,695.3088000000004
2006-12-22 23:00:00,0.0,0.0,50.93,72.21,35.08,9.504999999999999,155.0,0.0,11.285000000000018,0.0,0.0,690.3088000000004
2006-12-23 00:00:00,0.0,0.0,41.11,66.61,32.36,10.023,155.0,0.0,0.0,29.943000000000012,0.0,706.8677600000003
2006-12-23 01:00:00,0.0,0.0,40.28,65.03,30.7,10.949,155.0,0.0,4.938999999999998,30.0,0.0,723.4677600000003
2006-12-23 02:00:00,0.0,0.0,40.43,62.49,29.07,11.61,155.0,0.0,9.620000000000019,30.0,0.0,740.0677600000004
2006-12-23 03:00:00,0.0,0.0,41.49,61.78,28.21,11.764,155.0,0.0,40.0,0.28399999999999537,0.0,735.2722400000004
2006-12-23 04:00:00,0.0,0.0,43.89,63.81,27.39,10.751999999999999,155.0,0.0,5.662000000000006,30.0,0.0,751.8722400000004
2006-12-23 05:00:00,0.0,0.0,48.88,67.99,28.47,10.084,155.0,0.0,24.744000000000014,0.0,0.0,746.8722400000004
2006-12-23 06:00:00,0.0,0.0,53.83,72.22,33.11,9.564,155.0,0.0,0.0,10.404000000000005,0.0,749.3631200000003
2006-12-23 07:00:00,0.0,0.0,56.43,74.2,38.41,9.360000000000001,155.0,0.0,0.0,0.31999999999999673,0.0,744.5935200000004
2006-12-23 08:00:00,0.0,0.0,57.82,75.34,41.42,11.684,155.0,2.896000000000001,0.0,0.0,0.0,739.5935200000004
2006-12-23 09:00:00,0.0,0.0,59.12,75.62,43.31,18.520000000000003,155.0,0.0,0.4699999999999971,0.0,0.0,734.5935200000004
2006-12-23 10:00:00,0.0,0.0,59.96,75.78,44.07,24.491999999999997,155.0,0.0,3.5438614958441783,1.1381385041558403,0.0,730.4129797229925
2006-12-23 11:00:00,0.0,0.0,59.4,75.72,44.46,28.389999999999997,155.0,0.0,8.810000000000016,0.0,0.0,725.4129797229925
2006-12-23 12:00:00,0.0,0.0,58.21,74.07,44.64,28.125999999999998,155.0,0.0,0.0,11.20600000000001,0.0,728.4812997229925
2006-12-23 13:00:00,0.0,0.0,57.0,72.07,44.29,24.776000000000003,155.0,0.0,11.416000000000025,0.0,0.0,723.4812997229925
2006-12-23 14:00:00,0.0,0.0,56.35,70.18,44.04,18.939,155.0,0.0,8.369,0.0,0.0,718.4812997229925
2006-12-23 15:00:00,0.0,0.0,56.77,69.63,44.39,12.486,155.0,0.0,0.0,1.6960000000000104,0.0,714.7024197229925
2006-12-23 16:00:00,0.0,0.0,59.02,71.9,46.97,7.702999999999999,155.0,10.187000000000012,0.0,0.0,0.0,709.7024197229925
2006-12-23 17:00:00,0.0,0.0,59.72,75.91,49.21,7.904000000000002,155.0,16.935999999999986,0.0,0.0,0.0,704.7024197229925
2006-12-23 18:00:00,0.0,0.0,58.22,76.58,49.04,9.22,155.0,14.619999999999997,0.0,0.0,0.0,699.7024197229925
2006-12-23 19:00:00,0.0,0.0,54.7,73.45,47.2,9.714,155.0,5.6359999999999975,0.0,0.0,0.0,694.7024197229925
2006-12-23 20:00:00,0.0,0.0,51.71,70.54,44.44,9.146,155.0,0.0,2.456000000000006,0.0,0.0,689.7024197229925
2006-12-23 21:00:00,0.0,0.0,49.66,70.97,40.88,8.475,155.0,0.0,0.0,6.964999999999994,0.0,689.7172197229926
2006-12-23 22:00:00,0.0,0.0,45.98,71.55,37.01,7.683,155.0,0.0,13.143,0.0,0.0,684.7172197229926
2006-12-23 23:00:00,0.0,0.0,43.0,68.83,33.46,7.327,155.0,0.0,20.0,2.0369999999999955,0.0,681.1838597229926
2006-12-24 00:00:00,0.0,0.0,37.52,64.96,32.17,7.5280000000000005,155.0,0.0,32.878000000000014,0.0,0.0,676.1838597229926
2006-12-24 01:00:00,0.0,0.0,36.68,63.39,30.5,7.766,155.0,0.0,7.195999999999998,30.0,0.0,692.7838597229926
2006-12-24 02:00:00,0.0,0.0,36.81,60.83,28.86,8.39,155.0,0.0,41.890000000000015,0.0,0.0,687.7838597229926
2006-12-24 03:00:00,0.0,0.0,37.85,60.08,27.99,8.923,155.0,0.0,43.00300000000003,0.0,0.0,682.7838597229926
2006-12-24 04:00:00,0.0,0.0,40.2,62.1,27.15,8.946,155.0,0.0,9.495999999999988,30.0,0.0,699.3838597229926
2006-12-24 05:00:00,0.0,0.0,45.19,66.29,28.2,8.774,155.0,0.0,20.0,9.093999999999998,0.0,700.9315397229926
2006-12-24 06:00:00,0.0,0.0,50.17,70.54,32.82,8.398,155.0,0.0,14.867999999999997,0.0,0.0,695.9315397229926
2006-12-24 07:00:00,0.0,0.0,52.78,72.53,38.14,8.312,155.0,0.0,4.861999999999995,0.0,0.0,690.9315397229926
2006-12-24 08:00:00,0.0,0.0,54.17,73.66,41.17,11.011,155.0,0.0,0.0,2.011000000000009,0.0,687.3794597229926
2006-12-24 09:00:00,0.0,0.0,55.47,73.94,43.08,18.029,155.0,0.0,0.0,5.539000000000007,0.0,686.3675397229925
2006-12-24 10:00:00,0.0,0.0,56.33,74.1,43.85,23.537999999999997,155.0,0.0,9.258000000000017,0.0,0.0,681.3675397229925
2006-12-24 11:00:00,0.0,0.0,55.78,74.05,44.24,27.662,155.0,0.0,0.0,13.591999999999999,0.0,686.1537797229926
2006-12-24 12:00:00,0.0,0.0,54.59,72.39,44.43,28.092000000000002,155.0,0.0,0.0,16.682000000000002,0.0,693.1648197229925
2006-12-24 13:00:00,0.0,0.0,53.38,70.38,44.08,24.881999999999998,155.0,0.0,0.0,17.042000000000012,0.0,700.4350597229926
2006-12-24 14:00:00,0.0,0.0,52.73,68.48,43.83,19.194,155.0,0.0,0.0,14.15400000000001,0.0,705.6259397229926
2006-12-24 15:00:00,0.0,0.0,53.15,67.93,44.17,12.433,155.0,0.0,0.0,7.182999999999996,0.0,705.7976997229925
2006-12-24 16:00:00,0.0,0.0,55.43,70.2,46.75,8.631,155.0,3.7490000000000094,0.0,0.0,0.0,700.7976997229925
2006-12-24 17:00:00,0.0,0.0,56.14,74.24,49.01,9.08,155.0,10.309999999999981,0.0,0.0,0.0,695.7976997229925
2006-12-24 18:00:00,0.0,0.0,54.65,74.94,48.84,9.49,155.0,8.939999999999985,0.0,0.0,0.0,690.7976997229925
2006-12-24 19:00:00,0.0,0.0,51.11,71.79,47.0,9.232000000000001,155.0,0.6679999999999922,0.0,0.0,0.0,685.7976997229925
2006-12-24 20:00:00,0.0,0.0,48.13,68.83,44.24,8.606,155.0,0.0,7.406000000000004,0.0,0.0,680.7976997229925
2006-12-24 21:00:00,0.0,0.0,46.1,69.26,40.68,8.195,155.0,0.0,12.155000000000008,0.0,0.0,675.7976997229925
2006-12-24 22:00:00,0.0,0.0,42.41,69.9,36.81,8.343,155.0,0.0,0.0,19.223000000000013,0.0,684.6382597229925
2006-12-24 23:00:00,0.0,0.0,39.42,67.18,33.26,8.453,155.0,0.0,0.0,28.592999999999986,0.0,700.2252197229925
2006-12-25 00:00:00,0.0,0.0,48.99,72.29,33.94,8.418,155.0,0.0,0.0,13.197999999999999,0.0,704.7277797229925
2006-12-25 01:00:00,0.0,0.0,48.13,70.72,32.26,8.373999999999999,155.0,0.0,0.0,17.264000000000017,0.0,712.1578597229925
2006-12-25 02:00:00,0.0,0.0,48.26,68.14,30.61,8.459,155.0,0.0,0.0,21.449000000000012,0.0,722.6011397229925
2006-12-25 03:00:00,0.0,0.0,49.27,67.36,29.73,8.713000000000001,155.0,0.0,0.0,22.352999999999998,0.0,733.6952997229924
2006-12-25 04:00:00,0.0,0.0,51.57,69.36,28.87,8.743,155.0,0.0,18.942999999999998,0.0,0.0,728.6952997229924
2006-12-25 05:00:00,0.0,0.0,56.56,73.56,29.89,8.679,155.0,0.0,8.668999999999997,0.0,0.0,723.6952997229924
2006-12-25 06:00:00,0.0,0.0,61.57,77.84,34.5,8.499,155.0,5.411000000000003,0.0,0.0,0.0,718.6952997229924
2006-12-25 07:00:00,0.0,0.0,64.19,79.83,39.83,8.675,155.0,0.17499999999998295,0.0,0.0,15.0,686.4225724502652
2006-12-25 08:00:00,18.02199999999999,0.0,65.58,80.97,42.87,11.398,155.0,0.0,0.0,0.0,0.0,681.4225724502652
2006-12-25 09:00:00,0.0,0.0,66.88,81.24,44.8,17.323999999999998,155.0,0.5959999999999894,0.0,0.0,15.0,649.1498451775379
2006-12-25 10:00:00,0.0,0.0,67.75,81.38,45.58,22.477,155.0,0.0,0.0,0.0,12.23299999999999,621.9080269957198
2006-12-25 11:00:00,0.0,0.0,67.21,81.35,45.98,24.723,155.0,9.816999999999965,0.0,0.0,0.0,616.9080269957198
2006-12-25 12:00:00,0.0,0.0,66.02,79.68,46.18,23.917,155.0,0.0,0.0,0.0,7.962999999999987,597.4298451775379
2006-12-25 13:00:00,7.633999999999986,0.0,64.81,77.66,45.82,20.656000000000002,155.0,0.0,0.0,0.0,0.0,592.4298451775379
2006-12-25 14:00:00,0.0,0.0,64.17,75.75,45.58,15.26,155.0,0.0,0.0,0.0,10.239999999999991,568.8116633593561
2006-12-25 15:00:00,0.0,0.0,64.59,75.2,45.9,9.335999999999999,155.0,16.354,0.0,0.0,0.0,563.8116633593561
2006-12-25 16:00:00,27.102000000000004,0.0,66.89,77.48,48.5,5.768000000000001,155.0,0.0,0.0,0.0,0.0,558.8116633593561
2006-12-25 17:00:00,0.0,0.0,67.61,81.55,50.77,5.435,155.0,19.494999999999997,0.0,0.0,15.0,526.5389360866288
2006-12-25 18:00:00,0.0,0.0,66.13,82.28,50.6,5.939,155.0,33.07099999999999,0.0,0.0,0.0,521.5389360866288
2006-12-25 19:00:00,0.0,0.0,62.58,79.1,48.76,6.329,155.0,9.11099999999999,0.0,0.0,15.0,489.2662088139016
2006-12-25 20:00:00,0.0,0.0,59.61,76.1,45.99,6.8229999999999995,155.0,14.876999999999988,0.0,0.0,0.0,484.2662088139016
2006-12-25 21:00:00,0.0,0.0,57.6,76.53,42.44,7.3629999999999995,155.0,9.206999999999994,0.0,0.0,0.0,479.2662088139016
2006-12-25 22:00:00,0.0,0.0,53.91,77.22,38.56,6.927,155.0,0.0,0.0,0.0,2.762999999999985,469.24257245026524
2006-12-25 23:00:00,0.0,0.0,50.9,74.51,35.02,6.428000000000001,155.0,0.0,5.998000000000005,0.0,0.0,464.24257245026524
2006-12-26 00:00:00,0.0,0.0,51.37,72.45,34.48,5.911999999999999,155.0,0.0,7.612000000000007,0.0,0.0,459.24257245026524
2006-12-26 01:00:00,0.0,0.0,50.5,70.9,32.79,5.474,155.0,0.0,11.28399999999999,0.0,0.0,454.24257245026524
2006-12-26 02:00:00,0.0,0.0,50.62,68.29,31.13,5.218,155.0,0.0,15.178000000000011,0.0,0.0,449.24257245026524
2006-12-26 03:00:00,0.0,0.0,51.61,67.48,30.24,5.187,155.0,0.0,15.857000000000012,0.0,0.0,444.24257245026524
2006-12-26 04:00:00,0.0,0.0,53.85,69.46,29.36,5.535,155.0,0.0,12.865000000000009,0.0,0.0,439.24257245026524
2006-12-26 05:00:00,0.0,0.0,58.84,73.67,30.34,6.047000000000001,155.0,0.0,3.1970000000000027,0.0,0.0,434.24257245026524
2006-12-26 06:00:00,0.0,0.0,63.88,77.97,34.94,6.726000000000001,155.0,0.0,0.0,0.0,10.063999999999995,410.9443906320834
2006-12-26 07:00:00,0.0,0.0,66.52,79.97,40.29,7.4479999999999995,155.0,19.331999999999987,0.0,0.0,0.0,405.9443906320834
2006-12-26 08:00:00,0.0,0.0,67.9,81.11,43.35,10.98,155.0,6.379999999999992,0.0,0.0,15.0,373.67166335935616
2006-12-26 09:00:00,0.0,0.0,69.2,81.37,45.3,17.789,155.0,18.08099999999999,0.0,0.0,0.0,368.67166335935616
2006-12-26 10:00:00,6.1465471523536905,0.0,70.09,81.51,46.08,24.263,155.0,0.0,0.0,0.0,7.270452847646311,350.4526581818174
2006-12-26 11:00:00,0.0,0.0,69.56,81.48,46.48,27.323999999999998,155.0,10.195999999999998,0.0,0.0,0.0,345.4526581818174
2006-12-26 12:00:00,0.0,0.0,68.37,79.81,46.69,27.027,155.0,7.842999999999996,0.0,0.0,0.0,340.4526581818174
2006-12-26 13:00:00,0.0,0.0,67.16,77.78,46.34,22.652,155.0,0.0,0.0,0.0,8.628,319.7653854545447
2006-12-26 14:00:00,0.0,0.0,66.52,75.86,46.09,16.095,155.0,12.374999999999986,0.0,0.0,0.0,314.7653854545447
2006-12-26 15:00:00,0.0,0.0,66.95,75.31,46.4,9.697,155.0,18.963,0.0,0.0,0.0,309.7653854545447
2006-12-26 16:00:00,29.861999999999988,0.0,69.27,77.6,49.01,6.018,155.0,0.0,0.0,0.0,0.0,304.7653854545447
2006-12-26 17:00:00,0.0,0.0,70.0,81.7,51.3,5.596,155.0,37.40399999999998,0.0,0.0,0.0,299.7653854545447
2006-12-26 18:00:00,0.0,0.0,68.52,82.45,51.14,5.878,155.0,29.401292500000373,0.0,0.0,6.8307074999996304,282.3459172727272
2006-12-26 19:00:00,0.0,0.0,64.97,79.26,49.28,6.29,155.0,27.22,0.0,0.0,0.0,277.3459172727272
2006-12-26 20:00:00,0.0,0.0,62.0,76.21,46.51,6.693,155.0,3.0269999999999886,0.0,0.0,15.0,245.07318999999995
2006-12-26 21:00:00,12.50200000000001,0.0,60.02,76.63,42.96,7.108,155.0,0.0,0.0,0.0,0.0,240.07318999999995
2006-12-26 22:00:00,5.26700000000001,0.0,56.32,77.38,39.09,7.523,155.0,0.0,0.0,0.0,0.0,235.07318999999995
2006-12-26 23:00:00,0.0,0.0,53.29,74.67,35.55,7.844,155.0,0.0,4.334000000000016,0.0,0.0,230.07318999999995
2006-12-27 00:00:00,0.0,0.0,52.39,71.47,35.68,8.077,155.0,0.0,8.537000000000019,0.0,0.0,225.07318999999995
2006-12-27 01:00:00,0.0,0.0,51.5,69.93,33.98,8.199,155.0,0.0,12.789000000000009,0.0,0.0,220.07318999999995
2006-12-27 02:00:00,0.0,0.0,51.6,67.3,32.3,8.282,155.0,0.0,17.082000000000008,0.0,0.0,215.07318999999995
2006-12-27 03:00:00,0.0,0.0,52.57,66.46,31.41,8.508000000000001,155.0,0.0,18.068000000000026,0.0,0.0,210.07318999999995
2006-12-27 04:00:00,0.0,0.0,54.77,68.42,30.51,7.984,155.0,0.0,14.283999999999992,0.0,0.0,205.07318999999995
2006-12-27 05:00:00,0.0,0.0,59.76,72.64,31.46,7.843,155.0,0.0,3.9830000000000183,0.0,0.0,200.07318999999995
2006-12-27 06:00:00,0.0,0.0,64.82,76.97,36.04,8.03,155.0,9.799999999999983,0.0,0.0,0.0,195.07318999999995
2006-12-27 07:00:00,0.0,0.0,67.48,78.97,41.41,8.797999999999998,155.0,19.061999999999998,0.0,0.0,0.0,190.07318999999995
2006-12-27 08:00:00,0.0,0.0,68.86,80.11,44.48,12.72,155.0,5.730000000000004,0.0,0.0,15.0,157.80046272727267
2006-12-27 09:00:00,0.0,0.0,70.16,80.37,46.45,20.465,155.0,16.515,0.0,0.0,0.0,152.80046272727267
2006-12-27 10:00:00,0.0,0.0,71.06,80.49,47.24,26.440999999999995,155.0,0.0,0.0,0.0,12.349000000000004,125.34773545454539
2006-12-27 11:00:00,0.0,0.0,70.54,80.48,47.65,30.979000000000006,155.0,0.0,0.0,0.0,7.690999999999995,106.36409909090902
2006-12-27 12:00:00,3.7979999999999876,0.0,69.35,78.8,47.86,32.211999999999996,155.0,0.0,0.0,0.0,0.0,101.36409909090902
2006-12-27 13:00:00,0.0,0.0,68.14,76.77,47.51,29.985,155.0,2.166577500000009,0.0,0.0,0.26842249999997825,95.87605818181815
2006-12-27 14:00:00,0.0,0.0,67.5,74.83,47.26,24.847,155.0,4.742999999999988,0.0,0.0,0.0,90.87605818181815
2006-12-27 15:00:00,0.0,0.0,67.94,74.28,47.56,18.36,155.0,0.0,0.0,0.0,11.419999999999996,65.1124218181818
2006-12-27 16:00:00,21.45899999999999,0.0,70.28,76.58,50.18,15.581,155.0,0.0,0.0,0.0,0.0,60.1124218181818
2006-12-27 17:00:00,0.0,0.0,71.02,80.71,52.48,16.275000000000002,155.0,27.93499999999997,0.0,0.0,0.0,55.1124218181818
2006-12-27 18:00:00,0.0,0.0,69.55,81.49,52.32,17.282,155.0,11.077999999999975,0.0,0.0,15.0,22.839694545454527
2006-12-27 19:00:00,0.0,0.0,65.99,78.28,50.46,18.756999999999998,155.0,15.973000000000008,0.0,0.0,0.0,17.839694545454527
2006-12-27 20:00:00,0.0,0.0,63.02,75.18,47.69,20.585,155.0,0.0,0.0,0.0,5.304999999999995,3.1942399999999935
2006-12-27 21:00:00,0.0,0.0,61.07,75.59,44.14,23.308,155.0,0.0,0.0,2.508000000000009,0.0,0.0
2006-12-27 22:00:00,0.0,0.0,57.35,76.4,40.27,25.01,150.95444444444445,0.0,0.0,6.944444444444445,0.0,0.0
2006-12-27 23:00:00,0.0,0.0,54.31,73.7,36.73,26.129999999999995,140.55444444444444,0.0,0.0,6.944444444444445,0.0,0.0
2006-12-28 00:00:00,0.0,0.0,51.69,70.56,33.98,26.938,135.0,0.0,0.0,10.70800000000002,0.0,2.7097600000000135
2006-12-28 01:00:00,0.0,0.0,50.79,69.03,32.27,26.67,130.0,0.0,0.0,9.580000000000005,0.0,4.607360000000017
2006-12-28 02:00:00,0.0,0.0,50.88,66.37,30.58,26.505000000000003,116.8703333333333,0.0,0.0,0.54533333333331,0.0,0.0
2006-12-28 03:00:00,0.0,0.0,51.82,65.5,29.68,26.684,135.0,0.0,0.0,19.68400000000001,0.0,9.172480000000007
2006-12-28 04:00:00,0.0,0.0,53.96,67.44,28.76,26.589999999999996,155.0,0.0,6.429999999999998,30.0,0.0,25.772480000000005
2006-12-28 05:00:00,0.0,0.0,58.95,71.67,29.67,27.454,155.0,0.0,7.475135734072004,19.688864265928,0.0,34.948462271468166
2006-12-28 06:00:00,0.0,0.0,64.04,76.03,34.25,29.034000000000002,140.286,0.0,0.0,0.0,0.0,29.948462271468166
2006-12-28 07:00:00,0.0,0.0,66.72,78.03,39.63,30.717999999999996,155.0,0.0,0.896315789473683,5.44168421052632,0.0,28.866474903047116
2006-12-28 08:00:00,0.0,0.0,68.1,79.17,42.71,34.605000000000004,155.0,0.0,0.0,4.6250000000000036,0.0,27.19647490304712
2006-12-28 09:00:00,0.0,0.0,69.4,79.42,44.71,42.748,145.782,0.0,0.0,0.0,0.0,22.19647490304712
2006-12-28 10:00:00,0.0,0.0,70.32,79.54,45.51,50.224999999999994,140.145,0.0,0.0,0.0,0.0,17.19647490304712
2006-12-28 11:00:00,0.0,0.0,69.8,79.54,45.91,55.148,155.0,0.0,0.0,19.89800000000001,0.0,26.523034903047126
2006-12-28 12:00:00,0.0,0.0,68.62,77.85,46.14,56.174,131.43599999999998,0.0,0.0,0.0,0.0,21.523034903047126
2006-12-28 13:00:00,0.0,0.0,67.4,75.81,45.79,53.419000000000004,134.51800707910118,0.0,0.0,3.937007079101197,0.0,19.357679999999988
2006-12-28 14:00:00,0.0,0.0,66.77,73.87,45.54,46.376000000000005,135.0,0.0,0.0,0.1960000000000104,0.0,14.498799999999994
2006-12-28 15:00:00,0.0,0.0,67.21,73.31,45.83,38.777,155.0,0.0,0.0,12.427000000000014,0.0,18.446240000000003
2006-12-28 16:00:00,0.0,0.0,69.57,75.62,48.45,34.156,155.0,0.0,0.5160000000000053,0.0,0.0,13.446240000000003
2006-12-28 17:00:00,0.0,0.0,70.32,79.78,50.77,33.658,155.0,7.211999999999989,0.0,0.0,0.0,8.446240000000003
2006-12-28 18:00:00,0.0,0.0,68.86,80.58,50.62,33.448,155.0,6.6119999999999965,0.0,0.0,0.0,3.446240000000002
2006-12-28 19:00:00,0.0,0.0,65.29,77.35,48.75,33.548,155.0,0.0,0.0,2.157999999999997,0.0,0.0
2006-12-28 20:00:00,0.0,0.0,62.33,74.21,45.97,35.276,151.83577777777776,0.0,0.0,9.60177777777778,0.0,1.913280000000002
2006-12-28 21:00:00,0.0,0.0,60.4,74.62,42.43,35.626000000000005,155.0,0.0,0.0,18.176,0.0,10.0
2006-12-28 22:00:00,0.0,0.0,56.68,75.48,38.56,37.494,128.226,0.0,0.0,0.0,0.0,5.0
2006-12-28 23:00:00,0.0,0.0,53.62,72.78,35.02,38.791000000000004,117.629,0.0,0.0,0.0,0.0,0.0
2006-12-29 00:00:00,0.0,0.0,49.77,67.32,32.15,40.519000000000005,131.49877777777778,0.0,0.0,27.77777777777778,0.0,15.0
2006-12-29 01:00:00,0.0,0.0,48.86,65.8,30.44,42.57,97.52999999999999,0.0,0.0,0.0,0.0,10.0
2006-12-29 02:00:00,0.0,0.0,48.94,63.12,28.74,43.735,92.06499999999998,0.0,0.0,0.0,0.0,5.0
2006-12-29 03:00:00,0.0,0.0,49.86,62.22,27.83,44.785,90.12500000000001,0.0,0.0,0.0,0.0,0.0
2006-12-29 04:00:00,0.0,0.0,51.95,64.14,26.89,45.498,115.0,0.0,0.0,22.51799999999998,0.0,11.212959999999985
2006-12-29 05:00:00,0.0,0.0,56.94,68.38,27.77,45.945,110.0,0.0,0.0,7.855000000000018,0.0,11.868559999999999
2006-12-29 06:00:00,0.0,0.0,62.06,72.76,32.33,46.281,135.0,0.0,0.0,19.131000000000018,0.0,20.642880000000012
2006-12-29 07:00:00,0.0,0.0,64.75,74.76,37.73,46.625,125.615,0.0,0.0,0.0,0.0,15.642880000000012
2006-12-29 08:00:00,0.0,0.0,66.13,75.91,40.83,46.513999999999996,131.356,0.0,0.0,0.0,0.0,10.642880000000012
2006-12-29 09:00:00,0.0,0.0,67.42,76.15,42.84,55.037,155.0,0.0,0.0,28.62699999999998,0.0,26.254319999999996
2006-12-29 10:00:00,0.0,0.0,68.36,76.26,43.65,58.361999999999995,124.908,0.0,0.0,0.0,0.0,21.254319999999996
2006-12-29 11:00:00,0.0,0.0,67.86,76.28,44.06,62.04899999999999,121.15100000000001,0.0,0.0,0.0,0.0,16.254319999999996
2006-12-29 12:00:00,0.0,0.0,66.67,74.58,44.29,67.51400000000001,113.02599999999998,0.0,0.0,0.0,0.0,11.254319999999996
2006-12-29 13:00:00,0.0,0.0,65.46,72.53,43.95,68.44399999999999,135.0,0.0,0.0,26.504000000000012,0.0,25.337200000000003
2006-12-29 14:00:00,0.0,0.0,64.83,70.57,43.69,67.443,110.0,0.0,0.0,3.3530000000000104,0.0,22.75136000000001
2006-12-29 15:00:00,0.0,0.0,65.27,70.02,43.97,63.266000000000005,110.99400000000001,0.0,0.0,0.0,0.0,17.75136000000001
2006-12-29 16:00:00,0.0,0.0,67.65,72.34,46.6,62.425000000000004,119.16500000000002,0.0,0.0,0.0,0.0,12.751360000000009
2006-12-29 17:00:00,0.0,0.0,68.42,76.52,48.94,64.696,124.18399999999998,0.0,0.0,0.0,0.0,7.751360000000009
2006-12-29 18:00:00,0.0,0.0,66.96,77.35,48.79,67.044,135.0,0.0,0.0,13.944000000000031,0.0,12.79104000000003
2006-12-29 19:00:00,0.0,0.0,63.38,74.11,46.91,69.36,135.0,0.0,0.0,24.96000000000001,0.0,25.762240000000038
2006-12-29 20:00:00,0.0,0.0,60.43,70.91,44.13,71.55000000000001,98.92000000000002,0.0,0.0,0.0,0.0,20.762240000000038
2006-12-29 21:00:00,0.0,0.0,58.53,71.32,40.59,72.399,115.0,0.0,0.0,21.959,0.0,31.572720000000036
2006-12-29 22:00:00,0.0,0.0,54.79,72.24,36.73,72.041,115.0,0.0,0.0,28.28100000000003,0.0,46.93504000000006
2006-12-29 23:00:00,0.0,0.0,51.72,69.55,33.19,65.732,110.0,0.0,0.0,26.272000000000016,0.0,60.85088000000007
2006-12-30 00:00:00,0.0,0.0,41.17,55.44,30.03,66.047,90.0,0.0,4.406999999999982,30.0,0.0,77.45088000000007
2006-12-30 01:00:00,0.0,0.0,40.24,53.93,28.31,63.095,90.0,0.0,5.614999999999995,30.0,0.0,94.05088000000006
2006-12-30 02:00:00,0.0,0.0,40.31,51.22,26.6,67.451,90.0,0.0,14.32099999999997,30.0,0.0,110.65088000000006
2006-12-30 03:00:00,0.0,0.0,41.2,50.3,25.68,70.664,90.0,0.0,18.48399999999998,30.0,0.0,127.25088000000005
2006-12-30 04:00:00,0.0,0.0,43.25,52.2,24.72,76.95600000000002,90.0,0.0,21.786,30.0,0.0,143.85088000000005
2006-12-30 05:00:00,0.0,0.0,48.23,56.45,25.56,80.56099999999999,90.0,0.0,15.320999999999998,30.0,0.0,160.45088000000004
2006-12-30 06:00:00,0.0,0.0,53.38,60.86,30.12,81.876,90.0,0.0,2.515999999999991,30.0,0.0,177.05088000000003
2006-12-30 07:00:00,0.0,0.0,56.09,62.86,35.53,82.406,97.074,0.0,0.0,30.0,0.0,193.65088000000003
2006-12-30 08:00:00,0.0,0.0,57.46,64.0,38.64,86.835,110.0,0.0,11.735,30.0,0.0,210.25088000000002
2006-12-30 09:00:00,0.0,0.0,58.76,64.24,40.68,94.372,94.30799999999999,0.0,0.0,30.0,0.0,226.85088000000002
2006-12-30 10:00:00,0.0,0.0,59.71,64.34,41.49,98.62599999999999,110.0,0.0,18.08599999999998,30.0,0.0,243.45088
2006-12-30 11:00:00,0.0,0.0,59.22,64.38,41.91,102.75099999999999,90.0,0.0,2.241000000000014,30.0,0.0,260.05088
2006-12-30 12:00:00,0.0,0.0,58.03,62.66,42.15,103.297,90.0,0.0,5.456999999999979,30.0,0.0,276.65088000000003
2006-12-30 13:00:00,0.0,0.0,56.81,60.61,41.81,99.743,90.0,0.0,5.512999999999994,30.0,0.0,293.25088000000005
2006-12-30 14:00:00,0.0,0.0,56.19,58.64,41.55,92.07000000000001,90.0,0.0,0.6899999999999835,30.0,0.0,309.8508800000001
2006-12-30 15:00:00,0.0,0.0,56.64,58.08,41.82,79.486,102.05399999999997,0.0,0.0,30.0,0.0,326.4508800000001
2006-12-30 16:00:00,0.0,0.0,59.04,60.41,44.46,64.91499999999999,110.0,0.0,0.0,16.00499999999997,0.0,332.9744800000001
2006-12-30 17:00:00,0.0,0.0,59.82,64.62,46.81,61.467,104.78300000000002,0.0,0.0,0.0,0.0,327.9744800000001
2006-12-30 18:00:00,0.0,0.0,58.37,65.48,46.66,63.843,131.667,0.0,0.0,30.0,0.0,344.5744800000001
2006-12-30 19:00:00,0.0,0.0,54.78,62.22,44.78,63.51800000000001,110.0,0.0,0.0,16.738000000000014,0.0,351.6258400000001
2006-12-30 20:00:00,0.0,0.0,51.83,58.98,41.99,65.672,112.128,0.0,0.0,30.0,0.0,368.2258400000001
2006-12-30 21:00:00,0.0,0.0,49.95,59.38,38.46,68.96700000000001,103.82300000000001,0.0,0.0,30.0,0.0,384.82584000000014
2006-12-30 22:00:00,0.0,0.0,46.21,60.36,34.59,72.611,93.549,0.0,0.0,30.0,0.0,401.42584000000016
2006-12-30 23:00:00,0.0,0.0,43.12,57.67,31.06,74.855,90.60847368421067,0.0,8.613473684210684,30.0,0.0,418.0258400000002
2006-12-31 00:00:00,0.0,0.0,35.94,49.34,29.63,73.62700000000001,90.0,0.0,23.71700000000002,30.0,0.0,434.6258400000002
2006-12-31 01:00:00,0.0,0.0,35.01,47.84,27.9,72.718,90.0,0.0,26.968000000000004,30.0,0.0,451.22584000000023
2006-12-31 02:00:00,0.0,0.0,35.06,45.11,26.17,70.354,90.0,0.0,29.014,30.0,0.0,467.82584000000026
2006-12-31 03:00:00,0.0,0.0,35.93,44.16,25.24,69.138,90.0,0.0,28.80800000000001,30.0,0.0,484.4258400000003
2006-12-31 04:00:00,0.0,0.0,37.93,46.04,24.27,67.586,90.0,0.0,24.34599999999999,30.0,0.0,501.0258400000003
2006-12-31 05:00:00,0.0,0.0,42.91,50.3,25.08,67.952,90.0,0.0,14.662000000000006,30.0,0.0,517.6258400000003
2006-12-31 06:00:00,0.0,0.0,48.08,54.73,29.62,68.456,90.0,0.0,1.025999999999982,30.0,0.0,534.2258400000003
2006-12-31 07:00:00,0.0,0.0,50.81,56.74,35.05,72.831,94.76900000000002,0.0,0.0,30.0,0.0,550.8258400000003
2006-12-31 08:00:00,0.0,0.0,52.18,57.89,38.17,79.765,93.47500000000002,0.0,0.0,30.0,0.0,567.4258400000003
2006-12-31 09:00:00,0.0,0.0,53.48,58.12,40.23,86.77900000000001,90.05099999999999,0.0,0.0,30.0,0.0,584.0258400000004
2006-12-31 10:00:00,0.0,0.0,54.45,58.21,41.05,91.78999999999999,90.0,0.0,3.079999999999984,30.0,0.0,600.6258400000004
2006-12-31 11:00:00,0.0,0.0,53.96,58.26,41.47,92.88799999999999,90.0,0.0,4.1980000000000075,30.0,0.0,617.2258400000004
2006-12-31 12:00:00,0.0,0.0,52.78,56.54,41.72,84.94900000000001,90.0,0.0,0.0,28.908999999999978,0.0,633.0403200000004
2006-12-31 13:00:00,0.0,0.0,51.56,54.47,41.38,81.01700000000001,91.39299999999999,0.0,0.0,30.0,0.0,649.6403200000004
2006-12-31 14:00:00,0.0,0.0,50.94,52.49,41.12,73.96599999999998,95.58400000000003,0.0,0.0,30.0,0.0,666.2403200000005
2006-12-31 15:00:00,0.0,0.0,51.39,51.93,41.38,66.659,90.0,0.0,0.0,16.958999999999985,0.0,673.4508000000004
2006-12-31 16:00:00,0.0,0.0,53.81,54.27,44.03,62.171,114.939,0.0,0.0,30.0,0.0,690.0508000000004
2006-12-31 17:00:00,0.0,0.0,54.6,58.51,46.4,61.27499999999999,123.23500000000001,0.0,0.0,30.0,0.0,706.6508000000005
2006-12-31 18:00:00,0.0,0.0,53.16,59.4,46.25,64.28999999999999,119.51999999999998,0.0,0.0,30.0,0.0,723.2508000000005
2006-12-31 19:00:00,0.0,0.0,49.56,56.11,44.36,64.723,110.307,0.0,0.0,30.0,0.0,739.8508000000005
2006-12-31 20:00:00,0.0,0.0,46.61,52.82,41.57,66.965,99.03500000000001,0.0,0.0,30.0,0.0,756.4508000000005
2006-12-31 21:00:00,0.0,0.0,44.77,53.22,38.04,69.669,91.36099999999999,0.0,0.0,30.0,0.0,773.0508000000005
2006-12-31 22:00:00,0.0,0.0,41.02,54.26,34.18,71.43400000000001,90.0,0.0,6.974000000000004,30.0,0.0,789.6508000000006
2006-12-31 23:00:00,0.0,0.0,37.91,51.57,30.64,72.16600000000001,90.0,0.0,17.045999999999996,30.0,0.0,806.2508000000006
